timestamp,battVolt,batt%,battAlert,hall,AHTemp(on board),AH Humidity(on board),Sensor16,Sensor17,Sensor18,Sensor19,Sensor20,Sensor21,Sensor22,Sensor23,Sensor24,Sensor25
1700048160,4.13,93.39,0,99.67,-6.85,84.4,-5.625,13.438,50.25,49.56,60.563,62.125,62.25,62.375,62.625,62.625;
1700049960,4.13,93.55,0,92.33,-3.12,58.02,-1.875,23.437,56.813,54.94,61.375,62.25,62.375,62.375,62.563,62.625;
1700051651,4.13,93.86,0,93.67,-3.11,58.96,0,14.5,57.187,55.19,61.562,62.25,62.438,62.438,62.563,62.625;
1700051667,4.13,93.86,0,98.33,-3.06,58.9,0,15.25,57.187,55.13,61.562,62.313,62.438,62.375,62.563,62.625;
1700051674,4.13,93.7,0,95.33,-3.06,58.94,0,15.563,57.187,55.13,61.562,62.25,62.438,62.375,62.563,62.625;
1700054220,4.12,92.6,0,93.67,-1.67,55.24,1.687,18.812,57.938,55.81,61.625,62.25,62.438,62.438,62.563,62.625;
1700056020,4.12,93.07,0,94.33,-1.73,56.93,1.937,16.875,57.812,55.75,61.625,62.313,62.438,62.375,62.625,62.625;
1700057820,4.12,93.23,0,94.33,-0.74,55.39,1.875,16.75,58.188,55.38,61.625,62.313,62.438,62.438,62.625,62.625;
1700059620,4.12,93.23,0,95.33,0.47,52.3,1.812,25.562,58.25,55.56,61.625,62.313,62.438,62.438,62.625,62.625;
1700061420,4.12,92.91,0,92.33,1.25,50.68,1.812,17.562,58.188,55.06,61.688,62.313,62.438,62.438,62.625,62.688;
1700063220,4.12,93.07,0,87.67,2.1,52.87,2.25,12.813,58.125,54.81,61.625,62.313,62.438,62.375,62.625,62.688;
1700065020,4.12,92.91,0,90.67,2.34,54.62,2.25,12.688,58.188,54.69,61.625,62.313,62.438,62.375,62.625,62.625;
1700066820,4.12,93.23,0,90,3.3,55.75,2.438,14.563,58.375,54.69,61.625,62.313,62.438,62.375,62.625,62.625;
1700068620,4.12,93.07,0,90,3.49,54.58,2.938,13.438,58.25,54.13,61.625,62.313,62.438,62.375,62.625,62.625;
1700070420,4.12,92.91,0,93.67,3.76,55.27,3.438,16.375,58.25,54,61.625,62.313,62.438,62.438,62.625,62.625;
1700072220,4.12,93.07,0,91.67,2.43,54.37,2.688,23.25,58.188,53.81,61.625,62.313,62.438,62.375,62.625,62.625;
1700074020,4.12,93.07,0,92.33,1.72,57.85,2.188,20.312,58.437,53.81,61.625,62.313,62.438,62.375,62.625,62.625;
1700075820,4.12,92.91,0,93.33,1.46,53.21,1.25,15.5,58.188,53.63,61.625,62.313,62.438,62.375,62.625,62.625;
1700077620,4.12,92.91,0,91.67,2.8,56.25,2.5,16.937,58.437,53.75,61.625,62.313,62.438,62.438,62.625,62.625;
1700079420,4.12,92.91,0,91.33,-1.79,63.15,0.812,21.625,58.25,53.44,61.688,62.313,62.438,62.438,62.625,62.625;
1700081220,4.12,92.91,0,95,-2.23,63.01,0.312,15.25,58.25,53.56,61.625,62.313,62.438,62.375,62.625,62.625;
1700083020,4.12,93.07,0,96.67,-3.24,62.35,-0.937,26.75,58.375,53.56,61.688,62.313,62.438,62.438,62.625,62.625;
1700084820,4.12,93.23,0,95,-2.79,56.43,-1,13.5,58.188,53.31,61.688,62.313,62.438,62.438,62.625,62.625;
1700086620,4.12,93.07,0,98,-4.22,58.3,-2.125,27.812,58.437,53.56,61.688,62.313,62.438,62.438,62.625,62.625;
1700088420,4.12,93.07,0,98.67,-4.48,52.35,-3.063,16.687,58.25,53.56,61.688,62.313,62.438,62.438,62.625,62.625;
1700090220,4.12,93.07,0,100,-6.28,54.48,-4.25,28.5,58.5,53.63,61.688,62.313,62.438,62.375,62.625,62.688;
1700092020,4.12,92.75,0,102,-5.72,48.55,-7.125,23.25,58.75,53.38,61.688,62.313,62.438,62.438,62.625,62.625;
1700093820,4.12,92.91,0,100.33,-7.44,52.5,-8.563,25.25,58.813,53.31,61.688,62.313,62.438,62.438,62.625,62.625;
1700095620,4.12,92.6,0,102.67,-7.83,49.41,-8.938,24.75,58.875,53.38,61.813,62.313,62.438,62.438,62.625,62.625;
1700097420,4.12,92.91,0,100.33,-8.28,48.67,-9.625,20.438,58.688,53.06,61.75,62.313,62.438,62.375,62.625,62.625;
1700099220,4.12,92.75,0,98.67,-9.41,50.77,-10.438,21.312,58.813,53.06,61.688,62.313,62.438,62.375,62.625,62.625;
1700101020,4.12,92.6,0,99,-9.45,48.22,-10.75,21,58.813,53.06,61.688,62.313,62.438,62.375,62.625,62.625;
1700102820,4.12,92.75,0,99.67,-9.59,47.88,-10.875,23.187,58.875,53.31,61.688,62.313,62.438,62.375,62.625,62.625;
1700104620,4.12,92.75,0,98,-8.24,48.06,-9.75,25.75,58.875,53.5,61.688,62.313,62.438,62.375,62.625,62.625;
1700106420,4.12,92.6,0,101.67,-7.5,45.6,-9.375,26.437,58.938,53.25,61.688,62.313,62.438,62.438,62.625,62.625;
1700108220,4.12,92.91,0,97.33,-8.53,44.01,-10.563,22.625,58.875,53,61.688,62.313,62.438,62.438,62.625,62.625;
1700110020,4.12,92.75,0,101,-8.96,46.59,-10.5,27,58.938,53.56,61.688,62.313,62.438,62.375,62.625,62.625;
1700111820,4.12,92.75,0,99.67,-6.85,46.96,-8.875,25.875,59.062,53.69,61.688,62.313,62.438,62.438,62.625,62.625;
1700113620,4.12,92.91,0,103,-7.95,43.79,-9.938,21.187,58.875,52.81,61.688,62.313,62.438,62.375,62.625,62.625;
1700115420,4.12,92.6,0,102.33,-8.95,45.52,-10.563,23,58.938,53.25,61.688,62.313,62.438,62.375,62.625,62.625;
1700117220,4.12,92.75,0,98,-9.33,47.88,-10.938,19.812,58.938,53,61.688,62.313,62.438,62.438,62.625,62.625;
1700119020,4.12,92.6,0,98,-8.67,52.87,-9.75,18.187,58.688,52.38,61.688,62.313,62.438,62.438,62.625,62.625;
1700120820,4.12,92.6,0,96.67,-9.33,54.33,-9.938,16.812,58.75,52.5,61.688,62.313,62.438,62.438,62.625,62.625;
1700122620,4.12,92.75,0,101,-6.73,60.52,-7.437,24.437,58.813,53.19,61.625,62.313,62.438,62.438,62.625,62.625;
1700124420,4.12,92.75,0,97.33,-4.46,54.67,-5.75,24.937,58.875,53.31,61.625,62.313,62.438,62.438,62.625,62.625;
1700126220,4.12,92.91,0,93.33,-2.45,55.35,-3.688,30.687,58.688,53.19,61.625,62.25,62.438,62.438,62.625,62.625;
1700128020,4.12,92.91,0,92.33,-2.23,53.7,-3.25,31.75,58.75,53.69,61.625,62.25,62.438,62.438,62.625,62.625;
1700129820,4.12,93.07,0,91,-0.27,53.4,-1.312,32.563,58.813,53.75,61.625,62.313,62.438,62.375,62.625,62.625;
1700131620,4.12,92.75,0,93,0.15,54.94,-0.375,31.25,58.875,54.19,61.625,62.313,62.5,62.438,62.625,62.625;
1700133420,4.12,93.07,0,90,0.94,56.04,0.25,24.75,58.813,53.38,61.625,62.25,62.438,62.375,62.625,62.625;
1700135220,4.12,93.07,0,91.33,1.24,60.92,1.437,31.187,59.062,54.38,61.625,62.313,62.438,62.375,62.625,62.625;
1700137020,4.12,93.07,0,90,1.74,62.38,2.125,30.125,58.875,54.19,61.625,62.313,62.5,62.375,62.625,62.688;
1700138820,4.12,93.07,0,87.67,3.03,62.32,3.563,30.062,58.875,54.19,61.625,62.313,62.5,62.438,62.625,62.625;
1700140620,4.12,92.91,0,92.33,2.75,61.43,3.5,26.437,58.75,53.75,61.625,62.25,62.438,62.375,62.625,62.625;
1700142420,4.12,93.07,0,89,3.87,57.4,3.563,27.75,59,54.19,61.625,62.25,62.438,62.375,62.625,62.625;
1700144220,4.12,92.75,0,90.33,3.99,57.49,2.875,25.812,58.5,53.31,61.562,62.25,62.438,62.375,62.625,62.625;
1700146020,4.12,93.07,0,89,3.88,58.98,2.375,26.625,58.875,53.75,61.625,62.25,62.438,62.375,62.625,62.625;
1700147820,4.12,93.07,0,93.67,3.21,60.47,1.5,28.812,58.938,53.44,61.625,62.25,62.438,62.375,62.625,62.625;
1700149620,4.12,92.91,0,94.67,4.02,61.06,1.5,29.437,59,53.75,61.625,62.25,62.5,62.375,62.625,62.625;
1700151420,4.12,92.91,0,88,6.68,55.75,2.75,31.75,59,54.19,61.625,62.25,62.438,62.375,62.625,62.625;
1700153220,4.12,93.07,0,85.67,6.15,54.06,2.438,18.625,58.313,52.88,61.562,62.25,62.375,62.438,62.625,62.625;
1700155020,4.12,92.91,0,87,4.68,57.95,1.625,22.25,58.688,53.06,61.562,62.25,62.438,62.375,62.625,62.625;
1700156820,4.12,92.75,0,90,5.41,55.88,1.812,23.25,58.75,53.25,61.562,62.25,62.438,62.375,62.625,62.625;
1700158620,4.12,93.07,0,84.67,8.27,50.98,3.25,27.25,59.062,54.31,61.625,62.313,62.438,62.375,62.625,62.625;
1700160420,4.12,93.07,0,85.33,8.37,52.38,4.25,31.75,59,53.94,61.625,62.313,62.438,62.375,62.625,62.625;
1700162220,4.12,92.91,0,88,10.34,49.06,5.5,27.812,59.062,54.63,61.625,62.25,62.438,62.438,62.625,62.625;
1700164020,4.12,93.07,0,84.33,8.67,50.02,5.312,21.875,58.75,54.06,61.625,62.25,62.375,62.375,62.625,62.688;
1700165820,4.12,93.07,0,86.67,8.7,50.35,4.812,23.437,58.875,54.06,61.625,62.25,62.438,62.375,62.625,62.625;
1700167620,4.12,92.91,0,85,5.63,52.59,4.312,20.5,58.688,53.56,61.625,62.313,62.438,62.375,62.625,62.625;
1700169420,4.12,93.23,0,87.67,5.05,51.73,4.125,17.187,58.625,53.56,61.625,62.25,62.438,62.438,62.625,62.625;
1700171220,4.12,93.07,0,88.33,5.02,50.17,5.125,37.063,59.125,54.25,61.625,62.25,62.438,62.438,62.625,62.688;
1700173020,4.12,93.07,0,82.33,6.52,51.81,5.25,16,58.688,52.94,61.625,62.25,62.375,62.375,62.625,62.625;
1700174820,4.12,92.91,0,93,0.48,55.09,2.563,30,58.563,53.19,61.625,62.25,62.5,62.375,62.625,62.625;
1700176620,4.12,93.07,0,88.67,2.36,49.33,1.812,29.125,58.875,54,61.625,62.25,62.438,62.375,62.625,62.625;
1700178420,4.12,93.39,0,92.67,-0.14,52.78,1.187,18.062,58.688,53,61.625,62.25,62.375,62.375,62.625,62.625;
1700180220,4.12,93.39,0,93,0.06,50.07,0.812,34.313,59,53.63,61.625,62.25,62.438,62.375,62.625,62.625;
1700182020,4.12,93.07,0,87.67,1.84,45.77,0.75,36.563,59,53.94,61.625,62.25,62.438,62.438,62.625,62.688;
1700183820,4.12,92.91,0,90,3.43,44.94,2,34.5,59.125,53.5,61.625,62.25,62.438,62.375,62.625,62.625;
1700185620,4.12,93.07,0,94.67,-0.31,40.57,-1.625,35.563,59.125,53.31,61.625,62.25,62.375,62.375,62.625,62.625;
1700187420,4.12,93.07,0,97.33,-3.76,40.07,-5.25,31.812,59.062,53.31,61.625,62.25,62.438,62.375,62.625,62.625;
1700189220,4.12,92.91,0,95.67,-5.14,39.83,-6.875,30.937,59,53.44,61.625,62.25,62.438,62.375,62.625,62.625;
1700191020,4.12,93.07,0,99.67,-6.38,40.36,-7.25,24.125,58.813,52.25,61.625,62.25,62.438,62.375,62.625,62.625;
1700192820,4.12,92.75,0,100.33,-7.23,43.18,-7.937,25.5,58.813,51.5,61.625,62.25,62.438,62.375,62.625,62.625;
1700194620,4.12,92.75,0,99.33,-6.13,43.45,-6.812,27.437,58.875,52.5,61.625,62.25,62.375,62.375,62.625,62.625;
1700196420,4.12,92.6,0,98.33,-5.35,42.1,-6.312,24.312,58.813,51.75,61.688,62.25,62.438,62.438,62.625,62.625;
1700198220,4.12,93.07,0,100.67,-7.09,43.55,-7.437,23.687,58.75,52.06,61.625,62.25,62.438,62.375,62.625,62.625;
1700200020,4.12,92.6,0,102,-7.48,43.53,-7.937,23.062,58.625,51.5,61.625,62.25,62.375,62.375,62.625,62.625;
1700201820,4.12,92.75,0,100.33,-8.21,43.36,-8.688,23.875,58.813,52.69,61.688,62.25,62.438,62.375,62.625,62.625;
1700203620,4.12,92.75,0,100.67,-8.08,44.24,-9.75,19.625,58.813,52.75,61.625,62.25,62.438,62.375,62.625,62.625;
1700205420,4.12,92.91,0,99,-7.12,46.31,-9.125,25.812,58.875,53.13,61.625,62.25,62.375,62.375,62.625,62.625;
1700207220,4.12,92.75,0,94,-4.21,47.33,-6.125,28.437,58.938,53,61.625,62.25,62.438,62.375,62.625,62.625;
1700209020,4.12,92.91,0,91.33,-2.42,47.24,-4.375,30.75,58.938,53.31,61.625,62.25,62.5,62.375,62.625,62.625;
1700210820,4.12,93.07,0,92,-1.44,46.59,-3.688,32.563,58.938,53.56,61.625,62.25,62.438,62.438,62.625,62.625;
1700212620,4.12,93.07,0,91.67,-0.03,46.59,-1.687,36.688,58.938,54.19,61.625,62.25,62.438,62.375,62.625,62.625;
1700214420,4.12,92.91,0,90,0.84,42.5,-1.187,39.438,59.25,54.5,61.625,62.25,62.438,62.375,62.625,62.625;
1700216220,4.12,92.91,0,89,0.91,41.65,-1.187,40.5,59.25,54.75,61.625,62.25,62.438,62.375,62.625,62.625;
1700218020,4.12,93.07,0,90,3.01,42.27,1.125,42.313,59.375,55.56,61.625,62.313,62.375,62.375,62.625,62.625;
1700219820,4.12,93.07,0,89.33,5.27,43.56,3.75,43.563,59.438,56,61.625,62.25,62.438,62.375,62.625,62.625;
1700221620,4.12,92.91,0,91.67,3.81,49.05,4.812,41,59.125,55.5,61.625,62.25,62.438,62.438,62.625,62.625;
1700223420,4.12,93.07,0,88.67,2.66,50.86,4.625,19.062,58.625,54.75,61.625,62.25,62.375,62.375,62.625,62.625;
1700225220,4.12,93.07,0,91.67,0.01,56.06,4.187,18,58.563,54.81,61.625,62.25,62.438,62.375,62.625,62.625;
1700227020,4.12,93.23,0,90,0.29,53.93,3.688,33,58.875,55.19,61.625,62.25,62.438,62.438,62.625,62.688;
1700228820,4.12,93.07,0,93.67,-1.11,47.36,2.5,12,58.313,54.25,61.625,62.25,62.438,62.375,62.625,62.625;
1700230620,4.12,92.91,0,93.67,-2.28,57.84,1.937,11.813,58.625,55,61.625,62.25,62.375,62.375,62.625,62.625;
1700232420,4.12,92.75,0,91,-2.12,53.92,0.625,11.75,58.375,54.25,61.625,62.25,62.438,62.438,62.625,62.625;
1700234220,4.12,92.91,0,97.67,-3.62,59,-1.25,8.313,58.063,52.94,61.562,62.25,62.438,62.438,62.625,62.625;
1700236020,4.12,92.91,0,94.67,-2.76,61.02,-1.562,31.312,58.75,54.38,61.625,62.313,62.438,62.438,62.625,62.688;
1700237820,4.12,92.6,0,93.33,-0.11,50.39,0,9.875,58.188,53.19,61.625,62.25,62.438,62.375,62.625,62.625;
1700239620,4.12,92.91,0,90.33,1.28,50.39,0.687,16.375,58.5,53.88,61.625,62.25,62.438,62.375,62.625,62.625;
1700241420,4.12,92.91,0,95.67,-2.33,58.42,-0.875,10.938,58.188,53.06,61.688,62.313,62.438,62.438,62.625,62.625;
1700243220,4.12,92.91,0,91,-1.56,73.58,-1.5,11.312,57.875,51.69,61.562,62.25,62.375,62.375,62.625,62.625;
1700245020,4.12,92.75,0,89.33,6.07,50.84,1,35.938,59.313,53.81,61.625,62.25,62.375,62.438,62.625,62.625;
1700246820,4.12,92.91,0,89,7.11,47.7,3.625,24.813,58.5,54,61.625,62.313,62.438,62.375,62.625,62.625;
1700248620,4.12,92.91,0,89.33,7.1,51.41,4.062,27.812,58.625,53.56,61.625,62.25,62.438,62.375,62.625,62.688;
1700250420,4.12,93.07,0,87,5.27,52.75,3.375,13.438,58.063,52.63,61.625,62.25,62.438,62.375,62.625,62.625;
1700252220,4.12,93.07,0,88.67,4.43,58.81,2.375,12.938,58.188,52.5,61.625,62.25,62.375,62.375,62.625,62.688;
1700254020,4.12,92.91,0,87,4.34,57.91,2.813,12.625,58.25,52.81,61.625,62.25,62.438,62.375,62.625,62.625;
1700255820,4.12,92.75,0,88.67,4.36,53.7,3.188,15.188,58.25,52.94,61.625,62.25,62.438,62.375,62.625,62.625;
1700257620,4.12,92.91,0,89,4.75,52.93,3,11.813,58.25,52.75,61.625,62.25,62.438,62.375,62.625,62.625;
1700259420,4.12,93.07,0,92.67,0.28,55.03,1.312,31.937,58.75,52.81,61.625,62.25,62.438,62.375,62.625,62.625;
1700261220,4.12,93.07,0,91,4.41,50.22,2.063,30.812,58.813,52.56,61.625,62.25,62.5,62.375,62.625,62.625;
1700263020,4.12,92.91,0,89.67,6.05,44.19,2.25,35.875,59.125,53.19,61.625,62.313,62.438,62.438,62.625,62.688;
1700264820,4.12,93.07,0,91,2.53,52.79,3.063,19.437,58.313,52.13,61.625,62.25,62.438,62.375,62.625,62.625;
1700266620,4.12,92.91,0,92.67,1.43,51.88,1.875,23.062,58.688,53.38,61.625,62.25,62.438,62.375,62.625,62.625;
1700268420,4.12,92.75,0,89.67,2.44,50.76,2.875,17.75,58.375,53,61.625,62.25,62.438,62.375,62.625,62.625;
1700270220,4.12,93.07,0,90.67,1,48.67,1.812,30.625,59,53.25,61.625,62.25,62.5,62.375,62.625,62.625;
1700272020,4.12,93.23,0,92,-0.19,40.31,-1.812,29.312,58.938,53.19,61.625,62.25,62.5,62.375,62.625,62.625;
1700273820,4.12,92.75,0,97.33,-4.32,41.05,-5.312,23.187,58.688,52.06,61.625,62.313,62.438,62.438,62.625,62.625;
1700275620,4.12,93.07,0,101,-5.95,39.93,-7.25,23.875,58.813,52.13,61.625,62.25,62.438,62.375,62.625,62.625;
1700277420,4.12,92.91,0,96.33,-7.48,41.4,-8,21.25,58.5,51.06,61.625,62.25,62.438,62.438,62.625,62.625;
1700279220,4.12,92.6,0,98.67,-9.27,40.38,-10.313,19.312,58.688,52.31,61.625,62.25,62.438,62.375,62.625,62.688;
1700281020,4.12,92.6,0,102.67,-9.08,39.74,-10.75,22.687,58.813,52.63,61.625,62.313,62.375,62.375,62.625,62.688;
1700282820,4.12,92.6,0,100.33,-9.02,38.85,-11,21.562,58.813,52.5,61.625,62.313,62.438,62.438,62.625,62.625;
1700284620,4.12,92.75,0,102,-9.05,39.11,-10.563,21,58.313,50.5,61.625,62.25,62.438,62.438,62.625,62.625;
1700286420,4.12,92.6,0,96.67,-8.46,39.51,-9.75,18.562,58.5,50.69,61.625,62.25,62.438,62.375,62.625,62.625;
1700288220,4.12,93.07,0,99.33,-9.72,40.45,-10.625,20.562,58.688,52.06,61.625,62.313,62.438,62.438,62.625,62.688;
1700290020,4.12,92.75,0,97,-8.75,44.46,-10.563,21.75,58.75,52.56,61.625,62.25,62.438,62.438,62.625,62.688;
1700291820,4.12,92.6,0,101.67,-7.07,45.87,-9.125,26.812,58.75,52.56,61.625,62.313,62.438,62.438,62.625,62.625;
1700293620,4.12,92.75,0,98,-4.77,44.63,-7.125,26.437,58.875,52.81,61.625,62.313,62.438,62.375,62.625,62.625;
1700295420,4.12,92.75,0,95,-2.67,46.95,-4.875,31.063,58.813,52.94,61.625,62.313,62.5,62.375,62.625,62.625;
1700297220,4.12,92.75,0,91.67,-0.78,48.28,-2.688,31.812,58.813,52.94,61.625,62.25,62.438,62.438,62.625,62.625;
1700299020,4.12,92.75,0,92.67,0.3,49.32,-1.375,31.063,58.813,53.5,61.625,62.25,62.438,62.375,62.625,62.625;
1700300820,4.12,92.75,0,92,1.19,50.63,-0.187,29,58.563,54,61.625,62.313,62.438,62.375,62.625,62.625;
1700302620,4.12,92.91,0,92.67,-1.23,56.18,-0.125,22.625,58.375,52.94,61.625,62.25,62.438,62.375,62.625,62.688;
1700304420,4.12,93.07,0,93.33,-1.62,59.69,-0.437,27.938,58.375,52.63,61.562,62.25,62.438,62.375,62.625,62.688;
1700306220,4.12,93.07,0,94.33,-2.27,63.91,-0.125,22.062,58.25,52.88,61.562,62.25,62.438,62.438,62.625,62.625;
1700308020,4.12,93.07,0,91.33,-2.19,70.19,0.062,25.25,58.313,52.81,61.562,62.25,62.375,62.438,62.625,62.688;
1700309820,4.12,92.91,0,91,-2.16,69.63,0.5,23.75,58.25,53.06,61.562,62.25,62.438,62.375,62.625,62.625;
1700311620,4.12,93.07,0,94.67,-2.58,66.88,0.687,21.625,58.25,53.06,61.562,62.25,62.375,62.438,62.625,62.625;
1700313420,4.12,93.23,0,91,-3,65.32,0.562,21.937,58.25,53,61.562,62.25,62.438,62.438,62.625,62.688;
1700315220,4.12,92.75,0,91.33,-2.42,66.03,-0.125,21.437,58.125,52.63,61.562,62.25,62.438,62.438,62.625,62.688;
1700317020,4.12,92.75,0,94.33,-1.4,66.04,0,19.875,58.188,52.69,61.562,62.25,62.438,62.438,62.625,62.625;
1700318820,4.12,93.07,0,92.67,-1.24,67.39,-0.812,21.312,58.25,52.63,61.562,62.313,62.438,62.375,62.625,62.625;
1700320620,4.12,93.07,0,94.67,0.1,65.54,-0.937,20.5,58.188,52.19,61.562,62.25,62.375,62.438,62.625,62.625;
1700322420,4.12,92.75,0,94.33,0.56,65.55,-0.562,20.438,58.375,52.63,61.562,62.25,62.438,62.438,62.625,62.625;
1700324220,4.12,93.07,0,92,0.94,64.95,-0.812,19.312,58.25,52.19,61.562,62.25,62.438,62.438,62.625,62.688;
1700326020,4.12,92.75,0,92.33,1.75,62.98,-0.75,20.625,58.313,52.06,61.562,62.25,62.438,62.438,62.625,62.688;
1700327820,4.12,92.75,0,89,3.17,60.56,0.125,23.312,58.688,52.88,61.562,62.25,62.438,62.438,62.625,62.625;
1700329620,4.12,92.91,0,89.67,5.34,52.47,0.75,20.687,58.313,51.56,61.562,62.25,62.438,62.438,62.625,62.625;
1700331420,4.12,92.91,0,89,5.59,51.27,0.875,21.688,58.25,51.25,61.562,62.25,62.438,62.438,62.625,62.625;
1700333220,4.12,92.75,0,91.67,4.74,51.72,0.375,22.25,58.125,51,61.562,62.25,62.438,62.438,62.625,62.688;
1700335020,4.12,92.6,0,89,4.5,50.57,0.125,23.25,58.063,50.63,61.5,62.25,62.438,62.438,62.625,62.688;
1700336820,4.12,92.75,0,90,6.65,46.6,0.875,21.875,58.563,51,61.562,62.25,62.438,62.375,62.625,62.625;
1700338620,4.12,93.07,0,87.33,7.07,45.76,1.125,25.562,58.5,50.94,61.562,62.313,62.438,62.438,62.625,62.688;
1700340420,4.12,92.75,0,85.67,6.2,46.72,1.062,23.5,58.688,50.5,61.562,62.313,62.438,62.438,62.625,62.688;
1700342220,4.12,92.6,0,87.33,6.95,43.25,1,24.437,58.75,50.69,61.562,62.313,62.438,62.438,62.625,62.688;
1700344020,4.12,93.07,0,88.33,5.45,41.71,-0.187,25.375,58.813,50.88,61.625,62.313,62.438,62.375,62.625,62.688;
1700345820,4.12,92.75,0,87.33,5.37,41.29,-0.062,25.312,58.813,51.19,61.562,62.25,62.438,62.375,62.625,62.688;
1700347620,4.12,92.91,0,88.33,5.4,41.22,0.125,26.75,58.813,51.25,61.625,62.313,62.438,62.375,62.625,62.688;
1700349420,4.12,92.75,0,87.33,4.57,40.46,-0.187,24,58.75,51.31,61.625,62.313,62.438,62.375,62.625,62.625;
1700351220,4.12,92.91,0,90.33,4.03,41.1,0.062,24.25,58.75,51.56,61.625,62.313,62.438,62.438,62.625,62.688;
1700353020,4.12,93.07,0,89.67,2.32,41.59,-0.437,23.5,58.625,51.06,61.625,62.313,62.438,62.438,62.625,62.625;
1700354820,4.12,93.07,0,93.67,0.85,44.19,0,24.75,58.5,50.94,61.625,62.313,62.438,62.438,62.625,62.625;
1700356620,4.12,92.91,0,95,-1.18,44.93,-0.437,22.562,58.313,50.5,61.562,62.313,62.438,62.438,62.625,62.688;
1700358420,4.12,93.07,0,94.33,-4.34,43.79,-3.375,21.812,58.313,50.44,61.625,62.313,62.438,62.375,62.625,62.688;
1700360220,4.12,92.91,0,98.33,-7.91,44.43,-7.75,20.562,58.25,50.31,61.562,62.313,62.438,62.375,62.625,62.688;
1700362020,4.12,93.07,0,97.67,-8.65,44.26,-8.875,18.937,58.25,50,61.562,62.313,62.438,62.438,62.625,62.688;
1700363820,4.12,92.75,0,101,-8.93,44.89,-9.125,23.125,58.375,50.81,61.625,62.313,62.438,62.375,62.625,62.625;
1700365620,4.12,92.75,0,99.67,-8.5,43.45,-9.25,20.875,58.313,50.5,61.562,62.313,62.438,62.438,62.625,62.688;
1700367420,4.12,92.75,0,100.67,-8.62,43.55,-9.313,22.437,58.437,50.63,61.625,62.313,62.438,62.438,62.625,62.688;
1700369220,4.12,92.75,0,100.33,-8.32,43.05,-9.125,23.625,58.437,50.94,61.625,62.313,62.438,62.438,62.625,62.688;
1700371020,4.12,92.75,0,99,-8.27,44.33,-8.875,22.125,58.313,50.56,61.625,62.313,62.438,62.438,62.625,62.688;
1700372820,4.12,92.91,0,103.67,-8.52,43.54,-9.063,19.312,58.25,50.63,61.625,62.313,62.438,62.438,62.625,62.625;
1700374620,4.12,92.6,0,96.33,-8.31,44.12,-9.188,20.5,58.188,50.69,61.625,62.313,62.375,62.438,62.625,62.688;
1700376420,4.12,92.6,0,100,-7.81,48.04,-9.188,19.5,58.313,50.69,61.625,62.313,62.438,62.438,62.625,62.688;
1700378220,4.12,92.75,0,98.67,-6.11,51.47,-7.187,21.937,58.125,50.38,61.562,62.313,62.438,62.438,62.625,62.688;
1700380020,4.12,92.6,0,95,-4.45,54.86,-5.562,20.75,58.063,50.06,61.562,62.313,62.438,62.438,62.625,62.688;
1700381820,4.12,92.44,0,96.67,-3.78,56.98,-4.437,21.437,58.063,49.81,61.562,62.313,62.438,62.375,62.625,62.688;
1700383620,4.12,92.75,0,95.33,-4.12,57.94,-4.125,19.25,58.063,50,61.625,62.313,62.438,62.375,62.625,62.688;
1700385420,4.12,92.75,0,90.33,-3.75,55.63,-4.125,20.5,57.938,50.13,61.562,62.313,62.438,62.375,62.625,62.688;
1700387220,4.12,92.44,0,95.67,-3.18,54.07,-4.062,23.437,58.125,50.88,61.562,62.25,62.438,62.438,62.625,62.688;
1700389020,4.12,92.75,0,93.33,-2.97,57.56,-3.75,24.312,58.25,51.56,61.562,62.313,62.438,62.438,62.625,62.625;
1700390820,4.12,92.91,0,95.33,-0.85,58.54,-2,27.437,58.375,52.38,61.562,62.25,62.438,62.438,62.625,62.688;
1700392620,4.12,92.91,0,99.67,-1.66,60.46,-2.313,25,57.875,51.31,61.562,62.25,62.438,62.438,62.625,62.625;
1700394420,4.12,92.91,0,94,-1.37,67.43,-1.125,25.625,58.375,53.13,61.562,62.313,62.438,62.438,62.625,62.625;
1700396220,4.12,93.07,0,94,0,68.46,0.375,27.375,58.375,53.19,61.562,62.313,62.438,62.375,62.625,62.688;
1700398020,4.12,93.07,0,90.67,-0.02,65.82,0.875,22.562,58,52.69,61.562,62.313,62.438,62.438,62.625,62.688;
1700399820,4.12,92.75,0,91,0.78,64.21,2.188,26.375,58.688,53.88,61.562,62.313,62.438,62.438,62.625,62.688;
1700401620,4.12,93.07,0,93.67,-1.13,64.7,1.375,23.75,58.188,52.75,61.5,62.25,62.438,62.375,62.625,62.688;
1700403420,4.12,93.07,0,97,-0.18,64.6,0.75,23.312,58.313,52.56,61.562,62.25,62.438,62.438,62.625,62.688;
1700405220,4.12,92.91,0,92,0.53,61.21,0.687,14.625,57.812,52.5,61.5,62.25,62.438,62.438,62.625,62.688;
1700407020,4.12,92.91,0,96.33,-2.29,70.65,-1.562,13.625,57.5,51.63,61.5,62.25,62.438,62.438,62.625,62.625;
1700408820,4.12,92.91,0,90.67,-1.35,67.24,-1.562,12.938,57.75,51.75,61.5,62.313,62.438,62.438,62.625,62.688;
1700410620,4.12,92.91,0,94.33,-0.73,68.08,-2.125,14.938,57.75,51.5,61.5,62.313,62.438,62.5,62.625,62.688;
1700412420,4.12,92.75,0,97.67,-0.79,64.63,-2.5,12.875,57.25,50.31,61.438,62.25,62.438,62.438,62.625,62.688;
1700414220,4.12,92.75,0,94,-0.04,63.07,-2.5,15.625,57.5,50.81,61.438,62.25,62.438,62.438,62.625,62.688;
1700416020,4.12,92.75,0,92.33,0.16,55.61,-3.375,12.313,56.813,49.31,61.375,62.25,62.375,62.438,62.625,62.688;
1700417820,4.12,92.44,0,97.33,0.89,56.05,-3,22,58.063,50.94,61.5,62.313,62.438,62.375,62.625,62.688;
1700419620,4.12,92.91,0,88.67,3.53,50.33,-1.562,22.437,58.063,50.69,61.5,62.25,62.438,62.438,62.625,62.688;
1700421420,4.12,92.75,0,91,3.74,48.07,-1.687,20.312,57.688,49.5,61.5,62.313,62.438,62.438,62.625,62.688;
1700423220,4.12,92.75,0,91.33,4.37,45.94,-1.375,23.563,58.25,50.31,61.562,62.313,62.438,62.438,62.625,62.688;
1700425020,4.12,92.75,0,87.67,4.76,47.61,-0.437,25.625,58.437,50.56,61.562,62.313,62.438,62.438,62.625,62.688;
1700426820,4.12,92.75,0,88.33,4.21,42.17,-1.875,24.062,58.875,51.63,61.625,62.313,62.438,62.438,62.625,62.688;
1700428620,4.12,92.6,0,88,2.73,46.24,-2,20.312,58.313,50,61.562,62.313,62.438,62.438,62.625,62.688;
1700430420,4.12,92.91,0,89.67,4.1,43.49,-1.187,26.5,58.938,52,61.625,62.313,62.438,62.438,62.625,62.688;
1700432220,4.12,92.75,0,91.33,3.68,44.23,-1.312,26.312,58.688,51,61.625,62.313,62.438,62.438,62.625,62.688;
1700434020,4.12,92.75,0,90,2.58,46.99,-1,24.687,58.313,51.13,61.562,62.313,62.438,62.438,62.625,62.688;
1700435820,4.12,92.75,0,94.67,-2.4,61.94,-1.625,9.813,57.187,49.13,61.5,62.313,62.438,62.438,62.625,62.688;
1700437620,4.12,92.75,0,97.33,-4.79,63.44,-3.313,21.937,57.875,49.63,61.562,62.313,62.438,62.438,62.625,62.688;
1700439420,4.12,92.75,0,94.33,-2.87,56.53,-2.438,23.25,58.25,50.31,61.562,62.313,62.438,62.438,62.625,62.688;
1700441220,4.12,92.75,0,95,-1.33,53.41,-1.125,20.062,58.125,50.25,61.562,62.313,62.438,62.438,62.625,62.688;
1700443020,4.12,92.91,0,96.33,-3.28,51.06,-3.125,16.25,58,49.69,61.562,62.313,62.438,62.438,62.625,62.688;
1700444820,4.12,92.6,0,99,-5.97,53.22,-4.437,15,58,49.19,61.562,62.313,62.438,62.438,62.625,62.688;
1700446620,4.12,92.6,0,98,-11.19,52.16,-10.125,12.438,57.812,48.94,61.562,62.313,62.438,62.438,62.625,62.688;
1700448420,4.12,92.28,0,101.67,-12.9,50.15,-12.25,11.813,57.812,49.19,61.625,62.313,62.438,62.438,62.625,62.688;
1700450220,4.12,92.12,0,104,-13.63,48.91,-13.187,11.375,58.188,50.5,61.625,62.313,62.438,62.438,62.625,62.688;
1700452020,4.12,92.44,0,100.67,-13.85,49.19,-13.438,12.625,57.875,49.44,61.625,62.313,62.438,62.438,62.625,62.688;
1700453820,4.12,92.12,0,105.67,-13.31,48.35,-13.125,12,57.938,49.31,61.562,62.313,62.438,62.5,62.625,62.688;
1700455620,4.12,92.12,0,102,-14.22,49.63,-13.438,12.125,57.75,48.75,61.562,62.313,62.438,62.438,62.625,62.688;
1700457420,4.11,92.28,0,101,-13.55,48.97,-13.125,14.375,57.75,49.31,61.562,62.313,62.438,62.438,62.625,62.688;
1700459220,4.12,92.28,0,95.33,-13.39,47.52,-13.25,13.063,58,49.5,61.562,62.313,62.438,62.438,62.625,62.688;
1700461020,4.11,92.28,0,104,-13.61,48.32,-13.25,15.75,57.75,49.69,61.562,62.313,62.438,62.438,62.625,62.688;
1700462820,4.12,92.28,0,100.67,-11.98,60.99,-11.25,17.875,57.688,48.63,61.5,62.313,62.438,62.438,62.625,62.688;
1700464620,4.12,92.44,0,100.33,-9.57,65.47,-9.125,21.25,57.563,49.19,61.562,62.313,62.438,62.438,62.625,62.688;
1700466420,4.12,92.6,0,100.67,-9.66,72.3,-7.937,21,57.438,49.13,61.5,62.313,62.438,62.438,62.688,62.688;
1700468220,4.12,92.6,0,99.67,-7.86,69.67,-6.437,22.125,57.75,49.5,61.562,62.313,62.438,62.438,62.625,62.688;
1700470020,4.12,92.6,0,99,-6.78,66.31,-5.625,19.25,57.563,49.69,61.5,62.313,62.438,62.438,62.625,62.688;
1700471820,4.12,92.91,0,102.33,-7.15,68.42,-5.312,23.375,57.875,50.81,61.5,62.313,62.438,62.438,62.625,62.688;
1700473620,4.12,92.91,0,101.33,-5.58,61.28,-5,24.75,58.125,51.06,61.562,62.313,62.438,62.438,62.688,62.688;
1700475420,4.12,92.75,0,94,-3.84,66.66,-3.375,22.812,57.75,51.31,61.562,62.313,62.438,62.438,62.625,62.688;
1700477220,4.12,92.75,0,98,-3.57,73.7,-2.625,25.937,58.063,51.69,61.5,62.313,62.438,62.438,62.625,62.688;
1700479020,4.12,92.91,0,93.67,-2.02,74.48,-0.937,21.562,58,52.5,61.562,62.313,62.438,62.438,62.625,62.688;
1700480820,4.12,92.91,0,98.67,-2.39,77.12,0.187,19.5,58,53,61.562,62.313,62.438,62.438,62.625,62.688;
1700482620,4.12,92.91,0,95,-1.73,73.5,1.312,18.125,58.25,54.19,61.562,62.313,62.438,62.438,62.625,62.688;
1700484420,4.12,92.91,0,94.67,-0.95,61.01,2.375,16.437,58.188,54.31,61.625,62.313,62.438,62.438,62.625,62.688;
1700486220,4.12,93.23,0,95,-1.76,55.72,1.875,18.125,57.938,53.63,61.625,62.313,62.438,62.375,62.625,62.688;
1700488020,4.12,92.75,0,93,-0.75,53.68,1.875,15.5,58.125,54.25,61.625,62.313,62.438,62.438,62.625,62.688;
1700489820,4.12,93.07,0,96.33,-2.82,58.28,0.562,8.25,57.812,53,61.562,62.313,62.438,62.438,62.625,62.688;
1700491620,4.12,92.91,0,99,-3.36,67.25,-0.312,13.625,58.25,54.19,61.562,62.313,62.438,62.438,62.625,62.688;
1700493420,4.12,92.6,0,99,-2.15,58.54,-0.75,7.375,57.75,52.5,61.562,62.313,62.438,62.438,62.625,62.688;
1700495220,4.12,92.91,0,97.67,-3.78,66.37,-1.937,6.812,57.812,52.69,61.625,62.313,62.438,62.438,62.625,62.688;
1700497020,4.12,92.91,0,96.67,-3.57,67.07,-2.313,6.625,57.625,52.31,61.625,62.313,62.438,62.438,62.625,62.688;
1700498820,4.12,92.75,0,100.33,-4.3,66.12,-2.938,7.125,57.438,51.56,61.625,62.313,62.438,62.438,62.625,62.688;
1700500620,4.12,92.91,0,101.67,-5.5,69.04,-4.312,3.875,57.125,50.63,61.562,62.313,62.438,62.438,62.625,62.688;
1700502420,4.12,92.75,0,102,-5.34,72.85,-4.437,4.75,57.313,50.94,61.562,62.313,62.438,62.438,62.625,62.688;
1700504220,4.12,92.75,0,100.33,-4.79,76.11,-3.5,10.563,57.563,51.75,61.625,62.313,62.438,62.438,62.625,62.688;
1700506020,4.12,92.75,0,97,-4.02,62.25,-2.875,15.313,57.75,51.94,61.625,62.313,62.438,62.438,62.625,62.688;
1700507820,4.12,92.91,0,98,-3.39,55.93,-2.375,18.312,58.625,53.31,61.625,62.313,62.438,62.438,62.688,62.688;
1700509620,4.12,92.6,0,101.33,-5.81,59.91,-3.938,15.938,57.812,51.94,61.625,62.313,62.438,62.438,62.625,62.688;
1700511420,4.12,92.6,0,103,-6.29,59.15,-4.312,16.437,57.688,51.25,61.625,62.313,62.438,62.438,62.625,62.688;
1700513220,4.12,92.75,0,101.33,-6.73,58.21,-4.375,22.812,58.063,51.5,61.688,62.313,62.438,62.438,62.625,62.688;
1700515020,4.12,92.75,0,95.33,-4.32,54.42,-3.563,34.25,58.875,52.44,61.625,62.313,62.438,62.438,62.625,62.688;
1700516820,4.12,92.6,0,93.67,-1.88,49.23,-3,34.563,59.25,52.63,61.625,62.313,62.438,62.438,62.625,62.688;
1700518620,4.12,92.75,0,99.33,-5.13,50.79,-3.75,25.438,58.125,51.81,61.688,62.313,62.438,62.438,62.625,62.688;
1700520420,4.12,92.75,0,97.33,-4.99,52.11,-3.375,29,58.188,51.81,61.688,62.313,62.5,62.438,62.625,62.688;
1700522220,4.12,92.75,0,103,-7.01,54.96,-4.062,21.312,58.063,51.81,61.688,62.375,62.438,62.438,62.688,62.688;
1700524020,4.12,93.07,0,101.33,-6.25,54.08,-4.937,31.875,58.813,52.44,61.625,62.313,62.438,62.438,62.625,62.688;
1700525820,4.12,92.6,0,101.33,-6.87,51.71,-4.625,30.5,58.875,52.13,61.688,62.313,62.5,62.438,62.688,62.750;
1700527620,4.12,92.91,0,101,-5.78,49.19,-4.937,29.25,58.813,52.38,61.688,62.313,62.5,62.438,62.625,62.688;
1700529420,4.12,92.6,0,101.67,-7.2,48.48,-4.375,26.187,58.375,52.06,61.688,62.375,62.438,62.438,62.625,62.688;
1700531220,4.12,92.91,0,104,-8.52,48.93,-4.75,29.937,58.563,51.94,61.688,62.313,62.5,62.438,62.625,62.688;
1700533020,4.12,92.75,0,98.67,-11.14,42.69,-10.062,30.312,58.75,52.06,61.75,62.313,62.5,62.438,62.625,62.688;
1700534820,4.12,92.6,0,101,-14.16,44.4,-12.125,26.937,58.25,50.94,61.688,62.375,62.438,62.438,62.625,62.688;
1700536620,4.12,92.75,0,102,-14.55,43.84,-13.125,26.812,58.688,51.88,61.75,62.375,62.5,62.438,62.688,62.688;
1700538420,4.12,92.6,0,106.33,-19.11,47.53,-14.75,6.187,57.063,49.69,61.688,62.375,62.5,62.438,62.625,62.688;
1700540220,4.12,92.12,0,107,-19.98,51.52,-15.375,25,58.125,50.63,61.688,62.375,62.438,62.438,62.688,62.688;
1700542020,4.12,92.28,0,109.33,-16.8,45.84,-15.125,27.562,58.437,51.13,61.688,62.375,62.5,62.438,62.688,62.688;
1700543820,4.12,92.44,0,102.33,-16.18,43.85,-13.875,26.688,58.125,50.5,61.688,62.313,62.438,62.438,62.688,62.688;
1700545620,4.12,92.28,0,104.67,-17.54,45.52,-14.313,11.875,57.688,50.5,61.75,62.375,62.438,62.438,62.688,62.688;
1700547420,4.11,92.28,0,106.33,-20.58,53.54,-15.375,13.187,57.5,49.94,61.625,62.313,62.438,62.438,62.688,62.688;
1700549220,4.12,92.28,0,102.67,-17.37,54.48,-13.688,15.938,58.063,50.88,61.688,62.375,62.438,62.438,62.625,62.688;
1700551020,4.12,92.6,0,102,-15,52.55,-12.25,27.187,58.375,51.13,61.625,62.313,62.438,62.438,62.625,62.688;
1700552820,4.12,92.75,0,101.67,-12.04,51.52,-10.188,27.687,58.5,51.81,61.625,62.313,62.5,62.438,62.625,62.688;
1700554620,4.12,92.91,0,102,-11.08,49.53,-8.938,22.437,58.063,50.88,61.625,62.313,62.438,62.438,62.625,62.688;
1700556420,4.12,92.75,0,101.67,-10.3,49.08,-8.188,28.687,58.625,52.5,61.688,62.313,62.5,62.438,62.688,62.688;
1700558220,4.12,92.75,0,102.67,-9.78,47.98,-7.5,16,57.812,51.88,61.688,62.313,62.438,62.438,62.625,62.688;
1700560020,4.12,92.75,0,100.67,-13.05,53.4,-8.5,7,57.187,51,61.688,62.313,62.438,62.438,62.625,62.688;
1700561820,4.12,92.75,0,101,-12.8,59.42,-8.625,8.25,57.5,52.13,61.688,62.313,62.438,62.438,62.625,62.688;
1700563620,4.12,92.44,0,105.67,-14.72,69.41,-9.625,-2,55.75,48.56,61.438,62.25,62.438,62.438,62.625,62.688;
1700565420,4.12,92.6,0,106.33,-15.36,74.3,-10.375,-3.75,56,48.94,61.313,62.25,62.438,62.438,62.625,62.688;
1700567220,4.12,92.44,0,105,-15.89,74.48,-10.875,-3.563,55.312,47.63,61.188,62.25,62.438,62.438,62.688,62.688;
1700569020,4.12,92.44,0,99.67,-12.12,91.67,-8.188,12.125,57.438,52.44,61.438,62.313,62.438,62.438,62.688,62.688;
1700570820,4.12,92.44,0,102.67,-11.9,72,-7.562,5.937,56.625,50.13,61.438,62.313,62.438,62.438,62.688,62.688;
1700572620,4.12,92.75,0,103.67,-11.83,68.94,-7.375,2.5,55.5,48.56,60.937,62.25,62.438,62.438,62.625,62.688;
1700574420,4.12,92.44,0,103,-13.6,69.68,-9.188,-1.062,55.937,49.13,61.25,62.313,62.438,62.438,62.688,62.688;
1700576220,4.12,92.44,0,103,-14.08,66.53,-10.188,-3.688,55.5,48.63,61.188,62.25,62.438,62.438,62.625,62.688;
1700578020,4.12,92.75,0,105,-11.55,80.41,-8.938,11.063,57.812,53.69,61.5,62.313,62.438,62.438,62.688,62.688;
1700579820,4.12,92.44,0,99.67,-7.58,53.88,-6.75,7.187,57.563,52.5,61.625,62.313,62.438,62.438,62.625,62.688;
1700581620,4.12,92.75,0,98.67,-10.03,56.17,-7.812,0.875,57.375,51.38,61.562,62.313,62.5,62.438,62.688,62.688;
1700583420,4.12,92.6,0,100,-11.81,61.36,-8.375,24.5,59.188,53.69,61.938,62.375,62.5,62.5,62.688,62.750;
1700585220,4.12,92.6,0,102.67,-8.7,48.97,-8.063,33.375,59.938,54.63,61.938,62.375,62.5,62.5,62.688,62.688;
1700587020,4.12,92.75,0,100.67,-9.06,43.88,-10.062,34.188,59.875,54.13,61.938,62.438,62.5,62.438,62.688,62.688;
1700588820,4.12,92.6,0,106.33,-11.59,43.48,-14,25.312,59.625,52.19,62,62.438,62.563,62.5,62.688,62.688;
1700590620,4.12,92.12,0,101.33,-13.78,48.62,-15.188,28.75,59.75,52.88,62.063,62.5,62.625,62.5,62.688,62.750;
1700592420,4.11,92.44,0,104.67,-14.38,49.36,-15.25,29.375,59.687,53.25,62.125,62.5,62.563,62.5,62.688,62.750;
1700594220,4.12,92.44,0,100,-15.21,48.56,-15.813,30.125,59.938,54.13,62.125,62.5,62.625,62.5,62.688,62.750;
1700596020,4.12,91.96,0,103,-15.99,50.03,-15.875,31.25,60.063,54.13,62.125,62.5,62.625,62.5,62.688,62.750;
1700597820,4.11,91.96,0,103,-16.52,51.08,-15.563,31.25,60.125,54.25,62.187,62.563,62.563,62.5,62.688,62.750;
1700599620,4.12,92.12,0,105,-16.6,54.04,-14.875,32.25,60.063,53.81,62.187,62.563,62.625,62.5,62.688,62.750;
1700601420,4.12,92.44,0,104.33,-16.73,52.15,-14.875,29.312,60.125,53.75,62.187,62.563,62.625,62.5,62.688,62.750;
1700603220,4.12,92.12,0,106.33,-17.35,53.69,-15.062,27.125,60,52.88,62.125,62.5,62.688,62.5,62.688,62.750;
1700605020,4.12,92.44,0,103.33,-17.98,54.88,-15.563,25.812,59.875,53,62.125,62.563,62.625,62.5,62.688,62.750;
1700606820,4.12,92.6,0,103.67,-18.47,56.35,-15.25,26.875,59.75,53.25,62.125,62.5,62.625,62.5,62.688,62.750;
1700608620,4.12,92.44,0,104.33,-17.87,56.1,-14.625,27.75,59.687,53.06,62.125,62.563,62.625,62.5,62.688,62.750;
1700610420,4.12,92.28,0,102.33,-17.2,53.26,-14.063,30.875,59.625,52.75,62.125,62.563,62.563,62.5,62.688,62.750;
1700612220,4.12,92.44,0,103,-17.37,54.44,-13.625,28.812,59.438,52.44,62.125,62.5,62.625,62.5,62.688,62.750;
1700614020,4.12,92.44,0,104,-17.97,54.01,-13.563,28.625,59.5,52.75,62.125,62.5,62.625,62.563,62.75,62.750;
1700615820,4.12,92.6,0,101.33,-18.11,54.83,-13.688,29,59.5,53.19,62.125,62.5,62.625,62.5,62.75,62.750;
1700617620,4.12,91.8,0,103.33,255,255,-16.375,32.313,59.5,53.19,62.125,62.5,62.563,62.5,62.688,62.750;
1700619420,4.12,92.44,0,106.33,-19.13,46.16,-16.937,32,59.5,53.44,62.125,62.5,62.625,62.563,62.688,62.750;
1700621220,4.12,92.28,0,104,-19.27,46.4,-17,32.5,59.563,53.25,62.125,62.5,62.563,62.563,62.688,62.750;
1700623020,4.12,92.44,0,106.67,-18.97,45.49,-16.937,32.563,59.687,53.94,62.125,62.5,62.625,62.563,62.688,62.750;
1700624820,4.11,92.12,0,104.33,-19.24,46.43,-15.813,30.375,59.625,53.81,62.187,62.563,62.625,62.563,62.688,62.750;
1700626620,4.12,92.28,0,104.67,-19.8,47.84,-16.562,30.562,59.625,54.19,62.125,62.563,62.625,62.563,62.688,62.750;
1700628420,4.12,92.44,0,104.67,-19.94,48.1,-17.25,28.125,59.687,54.25,62.187,62.5,62.625,62.5,62.75,62.750;
1700630220,4.11,92.28,0,104.67,-20.27,49.08,-17.437,25.625,59.625,54.13,62.187,62.563,62.625,62.5,62.688,62.750;
1700632020,4.12,92.28,0,101.33,-20.37,50.13,-17.562,27.625,59.5,53.38,62.125,62.5,62.625,62.5,62.75,62.750;
1700633820,4.12,92.6,0,108,-18.6,49.77,-16.75,30.375,59.5,53.31,62.125,62.5,62.625,62.563,62.688,62.812;
1700635620,4.12,92.28,0,104.33,-17.07,49.24,-15.375,29.937,59.375,52.75,62.125,62.5,62.563,62.5,62.688,62.750;
1700637420,4.12,92.28,0,102.33,-16.42,48.48,-14.313,28.937,59.5,53.56,62.125,62.5,62.625,62.5,62.688,62.750;
1700639220,4.12,92.28,0,102,-15.97,48.31,-13.5,29.437,59.563,53.38,62.125,62.5,62.625,62.563,62.688,62.750;
1700641020,4.12,92.75,0,101.67,-15.05,47.4,-12.813,30.312,59.438,53.31,62.125,62.5,62.625,62.5,62.688,62.750;
1700642820,4.12,92.6,0,100,-14.89,47.34,-12.375,31.063,59.375,53.38,62.125,62.5,62.563,62.5,62.75,62.812;
1700644620,4.12,92.75,0,99.67,-14.43,46.37,-12.25,32.125,59.5,53.56,62.125,62.5,62.563,62.5,62.75,62.750;
1700646420,4.12,92.6,0,98.33,-14.68,45.13,-12.5,30.125,58.938,53.44,62.125,62.5,62.563,62.5,62.688,62.750;
1700648220,4.12,92.6,0,101.33,-14.48,44.34,-11.937,31.063,59.25,53.94,62.125,62.563,62.625,62.563,62.688,62.750;
1700650020,4.12,92.91,0,101.33,-13.55,46.33,-10.125,31.75,59.188,53.81,62.125,62.5,62.625,62.563,62.75,62.750;
1700651820,4.12,92.91,0,100.33,-12.02,46.97,-9.188,28.625,59.188,53.75,62.063,62.5,62.688,62.5,62.688,62.812;
1700653620,4.12,92.44,0,102.33,-11.15,47.31,-7.937,30.75,59.125,54.13,62.063,62.5,62.625,62.5,62.688,62.750;
1700655420,4.12,92.75,0,97.67,-9.96,45.58,-7.187,32.125,59.375,54.75,62.125,62.5,62.563,62.5,62.688,62.750;
1700657220,4.12,92.75,0,99,-9.91,46.42,-6.375,31.937,59.25,55,62,62.5,62.563,62.5,62.688,62.750;
1700659020,4.12,92.91,0,101.33,-8.47,46.6,-5.437,31.625,59.25,55.63,62,62.5,62.563,62.5,62.75,62.750;
1700660820,4.12,92.75,0,102,-6.91,44.6,-4.812,33.688,59.313,55.75,62,62.438,62.563,62.5,62.75,62.750;
1700662620,4.12,92.91,0,99,-4.54,42.21,-4.812,38,59.875,56.69,61.938,62.5,62.563,62.5,62.688,62.750;
1700664420,4.12,92.91,0,95,-2.06,40.98,-3.5,38,59.813,56.31,61.938,62.438,62.563,62.5,62.688,62.750;
1700666220,4.12,92.6,0,93,-0.92,50.09,-1.812,14.563,58.188,54.63,61.875,62.438,62.563,62.5,62.688,62.750;
1700668020,4.12,93.07,0,93.67,-1.23,54.44,-1.062,11.875,58.375,54.69,61.875,62.438,62.5,62.5,62.688,62.750;
1700669820,4.12,92.75,0,96.33,-3.31,53.49,-2.625,9.438,58.125,53.75,61.875,62.438,62.563,62.5,62.688,62.750;
1700671620,4.12,92.44,0,98,-3.09,55.27,-2.75,10.188,58.5,54.5,61.875,62.438,62.563,62.5,62.688,62.750;
1700673420,4.12,92.75,0,94.33,-2.27,70,-2.563,7.187,58,53.69,61.75,62.438,62.5,62.5,62.75,62.750;
1700675220,4.12,92.75,0,94.67,-0.8,62.13,-1.437,9.875,58.437,54.25,61.813,62.375,62.5,62.563,62.688,62.750;
1700677020,4.12,92.75,0,91.33,2.31,56.12,0.125,14,58.437,54.06,61.75,62.438,62.5,62.5,62.688,62.750;
1700678820,4.12,92.6,0,94.67,2.57,57.83,0.187,11.5,58.125,53.44,61.688,62.438,62.563,62.5,62.688,62.750;
1700680620,4.12,92.6,0,88.67,3.57,61.12,0.812,11.688,58,53.31,61.75,62.375,62.5,62.5,62.688,62.750;
1700682420,4.12,92.6,0,91.67,3.1,61.48,0.812,13.438,58.313,53.63,61.75,62.438,62.563,62.5,62.688,62.750;
1700684220,4.12,92.75,0,90.67,1.13,59.31,0.562,8.813,58,52.75,61.688,62.375,62.5,62.5,62.688,62.750;
1700686020,4.12,92.75,0,91.67,-2.5,62.69,-0.625,7,57.75,53,61.688,62.438,62.5,62.5,62.688,62.750;
1700687820,4.12,92.75,0,99,-3.7,68.62,-1.437,19.687,58.437,53.25,61.75,62.375,62.5,62.5,62.688,62.750;
1700689620,4.12,92.91,0,94,-0.34,57.37,0.125,22.812,58.625,53.44,61.688,62.375,62.5,62.5,62.688,62.750;
1700691420,4.12,92.75,0,90.67,3.33,53.46,2.938,32.188,58.813,53.75,61.688,62.375,62.5,62.5,62.688,62.750;
1700693220,4.12,92.91,0,90.33,5.38,53.38,4.812,31.375,59.062,54.19,61.75,62.375,62.5,62.5,62.688,62.750;
1700695020,4.12,93.07,0,91,0.15,57.42,3.125,29.625,58.875,53.81,61.688,62.375,62.5,62.5,62.688,62.750;
1700696820,4.12,92.6,0,93.67,-1.1,50.4,-2.688,26,58.813,53.75,61.75,62.438,62.563,62.5,62.688,62.750;
1700698620,4.12,92.91,0,91.67,-2.31,47.41,-3.688,29.188,58.813,53.75,61.813,62.438,62.5,62.5,62.688,62.750;
1700700420,4.12,92.91,0,96.67,-2.33,45.57,-3.563,30.25,59,53.94,61.75,62.375,62.5,62.5,62.688,62.750;
1700702220,4.12,92.91,0,89.67,-1.98,42.23,-4,24.125,58.938,53.5,61.75,62.438,62.5,62.5,62.688,62.750;
1700704020,4.12,92.75,0,97.67,-6.05,46.57,-6.937,18.437,58.563,52.63,61.75,62.375,62.5,62.5,62.688,62.750;
1700705820,4.12,92.75,0,99.67,-9.67,47.2,-10.313,17.25,58.313,52.38,61.75,62.375,62.5,62.5,62.688,62.750;
1700707620,4.12,92.44,0,100,-11.09,46.79,-12.188,16.375,58.25,52.38,61.75,62.438,62.5,62.5,62.688,62.750;
1700709420,4.12,92.12,0,98.67,-11.67,45.46,-12.625,16.562,58.25,52,61.688,62.438,62.5,62.5,62.688,62.750;
1700711220,4.12,92.44,0,98.67,-11.65,44.37,-12.625,16.625,58.563,52.44,61.75,62.438,62.5,62.5,62.688,62.750;
1700713020,4.12,92.6,0,101.33,-11.59,49.61,-12.813,15.75,58.688,52.5,61.75,62.375,62.5,62.5,62.688,62.750;
1700714820,4.12,92.28,0,100.67,-11.85,51.02,-12.875,15.125,58.625,52,61.688,62.375,62.5,62.5,62.688,62.750;
1700716620,4.12,92.12,0,101.33,-12.2,47.81,-12.562,14.313,58.437,51.63,61.688,62.438,62.5,62.5,62.688,62.750;
1700718420,4.12,92.44,0,101.67,-10.68,51.61,-11.5,21.688,58.563,52.63,61.688,62.375,62.5,62.563,62.688,62.750;
1700720220,4.12,92.6,0,98,-7.95,53.24,-8.688,23.75,58.375,52.13,61.688,62.375,62.563,62.5,62.688,62.750;
1700722020,4.12,92.75,0,101.33,-6,49.97,-7.125,24.312,58.313,51.88,61.688,62.375,62.563,62.5,62.688,62.750;
1700723820,4.12,92.6,0,97.33,-5.13,51.28,-6.062,26.25,58.563,52.81,61.688,62.375,62.5,62.5,62.688,62.750;
1700725620,4.12,92.75,0,94.67,-3.43,51.66,-3.813,29.312,58.5,53,61.688,62.375,62.5,62.5,62.688,62.750;
1700727420,4.12,92.75,0,96,-1.37,53.88,-3,29.813,58.5,52.69,61.688,62.375,62.5,62.5,62.688,62.750;
1700729220,4.12,92.75,0,95,-1.17,57.77,-2.125,28.437,58.313,52.63,61.688,62.375,62.5,62.5,62.688,62.750;
1700731020,4.12,92.75,0,97.33,-4.08,70.34,-2.375,22.437,58.313,53.44,61.688,62.375,62.5,62.5,62.688,62.750;
1700732820,4.12,92.6,0,101.67,-5.42,69.72,-3.063,23.125,58,52.69,61.688,62.375,62.5,62.5,62.688,62.750;
1700734620,4.12,92.6,0,98,-4.31,73.29,-3,24.562,58.313,53.5,61.688,62.375,62.563,62.5,62.688,62.750;
1700736420,4.12,93.07,0,97,-3.26,67.85,-1.875,23.5,58.188,53.44,61.688,62.375,62.5,62.438,62.688,62.750;
1700738220,4.12,92.6,0,95,-1.04,67.55,0.125,23,58.375,54.25,61.688,62.375,62.5,62.5,62.688,62.688;
1700740020,4.12,92.91,0,97,-3.22,75.51,0.187,21.437,57.938,54.13,61.688,62.375,62.5,62.5,62.688,62.750;
1700741820,4.12,93.07,0,94.67,-2.15,78.35,0.875,15.375,58.188,54.63,61.625,62.375,62.5,62.5,62.688,62.750;
1700743620,4.12,93.23,0,94.67,-2.51,69.54,1.25,11.312,58,54.31,61.625,62.375,62.5,62.5,62.688,62.688;
1700745420,4.12,92.91,0,96.67,-3.06,67.4,1.125,11.438,58.188,54.5,61.625,62.375,62.5,62.5,62.688,62.750;
1700747220,4.12,92.91,0,96.33,-3.95,63.11,0.312,10.375,58.125,54.38,61.625,62.375,62.5,62.5,62.688,62.750;
1700749020,4.12,92.91,0,97.67,-4.33,62.33,-0.437,7.875,58.063,53.94,61.625,62.375,62.5,62.438,62.688,62.750;
1700750820,4.12,92.6,0,97,-3.13,70.55,-0.437,8.188,58.25,54.38,61.625,62.375,62.5,62.5,62.688,62.750;
1700752620,4.12,92.91,0,95.33,-1.95,66.83,-0.375,11.688,58.313,54.25,61.688,62.375,62.5,62.5,62.688,62.750;
1700754420,4.12,92.75,0,93.33,-0.07,62.02,0.375,11.688,58.5,54.56,61.688,62.375,62.5,62.5,62.688,62.750;
1700756220,4.12,92.6,0,90.33,1.63,64.36,1.25,9.375,58.375,54.38,61.625,62.375,62.5,62.438,62.688,62.750;
1700758020,4.12,92.91,0,90.33,1.89,65.66,1.125,8.875,58.188,53.81,61.625,62.375,62.5,62.5,62.688,62.750;
1700759820,4.12,92.75,0,92.33,2.93,73.86,1.625,9.063,58.25,53.81,61.688,62.375,62.5,62.438,62.688,62.750;
1700761620,4.12,92.91,0,89.33,3.84,79.27,2.375,11.438,58.375,53.69,61.688,62.375,62.5,62.438,62.688,62.750;
1700763420,4.12,92.75,0,89.33,3.01,71.54,1.937,10.625,58.25,53.31,61.688,62.375,62.5,62.5,62.688,62.750;
1700765220,4.12,92.91,0,87.33,4.47,60.6,2.688,29.188,58.813,54.5,61.688,62.375,62.5,62.5,62.688,62.750;
1700767020,4.12,92.91,0,88.67,4.12,62.29,2.688,12.875,58.313,52.88,61.688,62.375,62.5,62.438,62.688,62.750;
1700768820,4.12,92.6,0,91,5.48,57.87,3.313,12.813,58.313,53.31,61.688,62.375,62.5,62.438,62.688,62.750;
1700770620,4.12,92.91,0,92.67,3.46,61.11,2.313,10.25,58.125,52.75,61.688,62.375,62.5,62.5,62.688,62.750;
1700772420,4.12,93.07,0,89.67,2.63,61.46,1.875,10.125,58.188,52.88,61.688,62.375,62.5,62.5,62.688,62.688;
1700774220,4.12,92.75,0,91.67,2.42,62.02,1.562,10.625,58.313,53.19,61.688,62.375,62.5,62.5,62.688,62.750;
1700776020,4.12,92.6,0,93.33,3.73,58.05,1.75,28.437,59.125,54,61.688,62.375,62.5,62.5,62.688,62.750;
1700777820,4.12,92.75,0,89.33,2.88,58.87,1.687,35,59.062,53.5,61.688,62.375,62.438,62.5,62.688,62.750;
1700779620,4.12,92.75,0,89.33,6.25,56.84,3.5,27.437,58.938,53.06,61.688,62.375,62.5,62.5,62.688,62.750;
1700781420,4.12,92.91,0,90,2.91,58.56,3.313,36.875,59.125,53.75,61.688,62.375,62.5,62.5,62.688,62.750;
1700783220,4.12,92.75,0,87.33,5.18,54.32,4.062,35.813,59.125,53.88,61.688,62.375,62.5,62.5,62.688,62.750;
1700785020,4.12,92.91,0,89.33,3.84,55.04,4.812,33.813,58.813,53.69,61.688,62.375,62.5,62.5,62.688,62.750;
1700786820,4.12,92.75,0,90.67,4.55,51.06,4.625,34.438,59.125,53.5,61.688,62.375,62.5,62.438,62.688,62.688;
1700788620,4.12,93.07,0,84.67,5.58,48.8,5.5,36,59.188,53.69,61.688,62.375,62.5,62.5,62.688,62.688;
1700790420,4.12,92.91,0,93.33,3.02,49.17,5,32,59.125,53.25,61.688,62.375,62.5,62.438,62.688,62.688;
1700792220,4.12,92.91,0,88.67,0.24,51.78,2.063,27,58.75,52.31,61.688,62.375,62.5,62.5,62.688,62.750;
1700794020,4.12,92.91,0,98,-4.89,50.3,-3.75,24.188,58.75,52.31,61.688,62.375,62.5,62.5,62.688,62.688;
1700795820,4.12,92.6,0,100.67,-6.98,47.39,-7.375,26.5,58.813,52.31,61.688,62.375,62.5,62.438,62.688,62.750;
1700797620,4.12,92.75,0,102.33,-6.97,43.44,-8.625,22.125,58.875,52.44,61.688,62.375,62.5,62.5,62.688,62.750;
1700799420,4.12,92.75,0,100.33,-7.71,42.26,-9.75,21.312,58.813,52.44,61.688,62.375,62.5,62.5,62.688,62.750;
1700801220,4.12,92.6,0,99,-7.95,42.28,-9.875,22.75,58.5,50.75,61.688,62.375,62.5,62.5,62.688,62.688;
1700803020,4.12,92.6,0,101.33,-8.61,43.37,-10.25,18.562,58.813,52.5,61.688,62.375,62.5,62.438,62.688,62.750;
1700804820,4.12,92.6,0,99,-8.74,42.05,-11,20,58.875,52.88,61.75,62.375,62.5,62.438,62.688,62.688;
1700806620,4.12,92.6,0,101.67,-7.03,47.5,-8.875,23.187,58.625,51.56,61.625,62.375,62.5,62.5,62.688,62.688;
1700808420,4.12,92.28,0,96.33,-6.11,51.26,-7.25,22.437,58.625,51.38,61.688,62.375,62.438,62.438,62.688,62.688;
1700810220,4.12,92.75,0,98,-4.42,52.52,-5.5,26.5,58.688,52.63,61.688,62.375,62.5,62.438,62.688,62.750;
1700812020,4.12,92.91,0,92.67,-3.01,49.82,-4.562,29.625,58.875,52.94,61.75,62.375,62.5,62.438,62.688,62.750;
1700813820,4.12,92.44,0,94,-1.53,47.11,-3.813,28.75,59,53.13,61.75,62.375,62.438,62.438,62.688,62.750;
1700815620,4.12,92.75,0,94,-0.37,51.39,-2.563,29.625,58.688,52.94,61.688,62.375,62.5,62.5,62.688,62.688;
1700817420,4.12,92.91,0,91.67,-1.37,57.85,-1,28.687,58.188,53.25,61.688,62.375,62.5,62.5,62.688,62.750;
1700819220,4.12,92.91,0,97,-2.2,59.63,-2.188,25.562,58.375,52.69,61.688,62.375,62.5,62.5,62.688,62.750;
1700821020,4.12,92.75,0,100,-4.89,68.26,-3,19.875,58.313,53.56,61.688,62.375,62.5,62.5,62.688,62.750;
1700822820,4.12,92.75,0,93.67,-0.76,56.39,-0.562,31.75,58.563,54.81,61.688,62.375,62.5,62.5,62.688,62.688;
1700824620,4.12,92.91,0,92,-0.77,59.76,0.687,33.375,59,55.06,61.688,62.375,62.438,62.438,62.688,62.688;
1700826420,4.12,92.75,0,91.33,0.94,66.69,2.375,25.125,58.688,54.63,61.688,62.375,62.5,62.5,62.688,62.688;
1700828220,4.12,92.75,0,95.33,-1.39,71.46,1.937,21.437,58.437,54.13,61.688,62.375,62.438,62.5,62.688,62.750;
1700830020,4.12,92.75,0,95.67,-1.68,73.78,2.125,23.563,58.625,54.44,61.688,62.375,62.5,62.5,62.688,62.750;
1700831820,4.12,92.75,0,95.33,-1.71,70.96,1.687,23.75,58.563,54.06,61.625,62.313,62.5,62.438,62.688,62.750;
1700833620,4.12,92.75,0,91.67,-1.94,69.03,0.687,21.312,58.25,53.13,61.688,62.313,62.438,62.438,62.688,62.750;
1700835420,4.12,92.91,0,95.33,-1.17,66.83,1.062,16.875,58.437,54.5,61.688,62.375,62.438,62.5,62.688,62.688;
1700837220,4.12,92.91,0,93.67,-1.03,62.26,0.625,11.063,58.375,54.63,61.75,62.375,62.5,62.5,62.688,62.750;
1700839020,4.12,93.07,0,93,-0.51,61.73,0.25,11.563,58.5,54.56,61.688,62.375,62.5,62.438,62.688,62.750;
1700840820,4.12,92.91,0,93,0.06,61.72,0.312,9.313,58.375,54.19,61.688,62.375,62.5,62.5,62.688,62.750;
1700842620,4.12,92.75,0,88,2.31,61.59,1.375,15.875,58.75,54.94,61.688,62.375,62.5,62.5,62.688,62.688;
1700844420,4.12,92.6,0,86.33,2.74,67.14,1.75,20.25,58.75,55,61.688,62.313,62.5,62.5,62.688,62.688;
1700846220,4.12,92.75,0,91.67,2.63,65.02,1.125,8.438,58.188,53.63,61.688,62.375,62.5,62.438,62.688,62.750;
1700848020,4.12,92.75,0,93,1.22,70.27,0.875,12.875,58.313,53.69,61.688,62.375,62.5,62.5,62.688,62.750;
1700849820,4.12,92.75,0,91.67,1.23,63.93,0.812,10.188,58.125,53.25,61.688,62.375,62.5,62.438,62.688,62.750;
1700851620,4.12,92.75,0,87.67,2.17,62.85,1.187,13.75,58.25,53.25,61.688,62.375,62.5,62.438,62.688,62.688;
1700853420,4.12,92.75,0,90,2.92,63.45,1.75,13.875,58.375,53.38,61.688,62.375,62.5,62.5,62.688,62.688;
1700855220,4.12,92.75,0,84.67,4.57,58.19,2.688,29.75,58.625,53.69,61.688,62.375,62.5,62.5,62.688,62.688;
1700857020,4.12,92.91,0,86.67,7.26,52.72,4.062,17.812,58.5,53.38,61.688,62.375,62.5,62.5,62.688,62.750;
1700858820,4.12,92.75,0,90,5.28,56.17,3.75,15.125,58.313,52.69,61.688,62.375,62.5,62.5,62.688,62.750;
1700860620,4.12,93.07,0,89.33,3.11,53.27,2.438,17.25,58.125,52.69,61.75,62.375,62.5,62.5,62.688,62.688;
1700862420,4.12,92.91,0,89.33,1.26,54.53,1.312,19.875,58.063,52.38,61.75,62.375,62.5,62.5,62.688,62.750;
1700864220,4.12,93.07,0,94,-0.02,62.35,1.062,34.313,59,53.06,61.75,62.375,62.5,62.5,62.688,62.750;
1700866020,4.12,92.6,0,90.33,1.46,55.55,1.687,20.562,58.5,53.5,61.75,62.375,62.5,62.5,62.688,62.750;
1700867820,4.12,92.91,0,90.33,1.16,59.47,2.25,37.688,59.188,53.5,61.813,62.375,62.5,62.5,62.688,62.750;
1700869620,4.12,92.91,0,88.67,1.13,58.44,2.875,37.063,59.188,53.44,61.813,62.375,62.5,62.5,62.688,62.688;
1700871420,4.12,92.75,0,93.67,-0.3,57.26,2.938,30.5,58.625,53.31,61.813,62.375,62.5,62.5,62.688,62.688;
1700873220,4.12,92.75,0,92.67,-1.75,55.49,1.875,18.812,58.125,53,61.813,62.375,62.5,62.5,62.688,62.688;
1700875020,4.12,92.75,0,93.33,-1.72,56.41,2.313,36.75,59,53.38,61.875,62.375,62.5,62.438,62.688,62.688;
1700876820,4.12,93.07,0,89.67,-0.08,54.19,2.938,38.063,59.188,53.63,61.813,62.375,62.5,62.5,62.688,62.688;
1700878620,4.12,92.91,0,90,1.03,49.23,2.375,39,59.188,53.44,61.813,62.375,62.5,62.5,62.688,62.688;
1700880420,4.12,92.75,0,96,-1.97,41.17,-2.75,37.938,59.188,53.13,61.813,62.375,62.5,62.438,62.688,62.750;
1700882220,4.12,93.07,0,95.67,-4.24,41.08,-5.25,37.313,59,53.06,61.813,62.375,62.5,62.438,62.688,62.688;
1700884020,4.12,92.6,0,100.33,-6.24,39.76,-7.875,35.25,59.125,53.06,61.875,62.375,62.5,62.5,62.688,62.750;
1700885820,4.12,92.6,0,98,-7.2,40.12,-8.625,34.313,59.188,53.25,61.875,62.375,62.5,62.5,62.688,62.750;
1700887620,4.12,92.44,0,97.33,-7.84,40.06,-9.438,33.375,59,53,61.813,62.375,62.5,62.5,62.688,62.750;
1700889420,4.12,92.6,0,97.33,-8.11,39.12,-10.125,29.375,59,52.81,61.813,62.375,62.5,62.5,62.688,62.750;
1700891220,4.12,92.44,0,98.67,-9.09,39.65,-10.938,29.625,59.062,52.75,61.875,62.375,62.5,62.438,62.688,62.688;
1700893020,4.12,92.6,0,97,-7.91,43.4,-9.75,30.312,59,52.75,61.813,62.375,62.5,62.5,62.688,62.750;
1700894820,4.12,92.6,0,100.67,-6.54,44.45,-8.25,32.625,59.062,53.13,61.813,62.375,62.5,62.5,62.688,62.750;
1700896620,4.12,92.6,0,98,-5.13,44.24,-7,33,59.062,53.38,61.875,62.375,62.5,62.5,62.688,62.688;
1700898420,4.12,92.6,0,97.33,-4.11,43.85,-6.5,34.25,59.125,53.38,61.813,62.375,62.5,62.5,62.688,62.750;
1700900220,4.12,92.6,0,93.67,-2.61,45.2,-4.375,38,59.25,53.5,61.813,62.375,62.5,62.5,62.688,62.750;
1700902020,4.12,92.44,0,91.33,-1.07,44.87,-2.813,39.563,59.25,54,61.813,62.375,62.5,62.5,62.688,62.750;
1700903820,4.12,92.75,0,89.67,-0.34,43.97,-2.25,40.312,59.375,54.5,61.813,62.375,62.5,62.438,62.688,62.688;
1700905620,4.12,92.75,0,91,0.38,41.43,-1.562,42.375,59.563,55.13,61.875,62.375,62.5,62.5,62.688,62.750;
1700907420,4.12,92.91,0,91.67,-0.17,44.58,-0.375,41.625,59.438,55.31,61.875,62.375,62.5,62.5,62.688,62.750;
1700909220,4.12,92.75,0,92.33,0.62,47.39,0.625,38,59.125,55.38,61.875,62.375,62.5,62.5,62.688,62.688;
1700911020,4.12,92.75,0,90.67,0.69,49.45,1.437,20.062,58.313,55.13,61.875,62.375,62.5,62.5,62.688,62.750;
1700912820,4.12,92.75,0,98,-4.92,74.64,-0.812,13.438,57.875,53.94,61.813,62.375,62.5,62.438,62.688,62.750;
1700914620,4.12,92.75,0,98.67,-3.78,77.49,-0.187,13.375,58.125,54.56,61.75,62.375,62.5,62.5,62.688,62.750;
1700916420,4.12,92.75,0,99.33,-5.47,74.7,-1.187,9.938,58,54.13,61.813,62.375,62.5,62.5,62.688,62.750;
1700918220,4.12,92.75,0,100,-6.04,73.66,-1.75,9.313,57.938,54.19,61.75,62.375,62.5,62.5,62.688,62.688;
1700920020,4.12,92.75,0,96.67,-5.01,59.59,-1.375,8.875,57.875,53.88,61.75,62.375,62.5,62.5,62.688,62.750;
1700921820,4.12,92.91,0,97.33,-5.32,60.36,-2,9.25,58,54,61.75,62.375,62.5,62.5,62.688,62.750;
1700923620,4.12,92.91,0,104.33,-5.58,64.77,-2.75,11.312,57.938,53.88,61.75,62.438,62.5,62.5,62.688,62.750;
1700925420,4.12,92.75,0,98.33,-6.05,66.29,-3.75,6.812,57.875,53.5,61.75,62.375,62.5,62.5,62.688,62.750;
1700927220,4.12,92.44,0,103.33,-6.16,69.33,-4.25,9.5,57.938,53.69,61.875,62.375,62.5,62.5,62.688,62.750;
1700929020,4.12,92.75,0,105.67,-5.2,69.51,-3.938,9.25,58.063,53.63,61.875,62.375,62.5,62.5,62.688,62.750;
1700930820,4.12,92.6,0,100,-5.64,68.78,-4.5,6.75,57.875,53.19,61.875,62.375,62.5,62.5,62.688,62.750;
1700932620,4.12,92.75,0,100,-4.35,75.42,-3.188,27.75,58.75,54.13,61.813,62.375,62.5,62.5,62.688,62.750;
1700934420,4.12,92.75,0,93.33,-0.59,70.29,-0.625,11.688,58.063,53.38,61.813,62.375,62.5,62.5,62.688,62.750;
1700936220,4.12,92.91,0,95,-2.22,70.89,-1.125,18.75,58.063,53.25,61.813,62.375,62.5,62.5,62.688,62.750;
1700938020,4.12,92.6,0,96.33,-1.38,73.44,-0.687,15.625,58,53.19,61.875,62.375,62.5,62.5,62.688,62.750;
1700939820,4.12,92.75,0,93,1.38,63.07,0.437,25.562,58.813,54.75,61.875,62.438,62.5,62.5,62.688,62.750;
1700941620,4.12,92.75,0,87.33,2.73,59.68,1.75,40.25,59.625,55.13,61.875,62.375,62.5,62.5,62.688,62.750;
1700943420,4.12,93.07,0,92.33,2.52,54.92,1.937,28.812,58.938,54.75,61.875,62.375,62.5,62.5,62.688,62.750;
1700945220,4.12,92.75,0,95,-1.72,58.55,0.125,18.875,58.437,53.69,61.875,62.438,62.5,62.563,62.688,62.750;
1700947020,4.12,92.75,0,98.33,-4.55,62.23,-1.125,19.062,58.437,53.5,61.938,62.438,62.5,62.5,62.688,62.750;
1700948820,4.12,92.6,0,97.33,-7.04,63.56,-2.625,25.5,58.563,53.13,61.875,62.375,62.5,62.5,62.688,62.750;
1700950620,4.12,92.75,0,97.33,-3.77,59.72,-1.25,31.312,59.062,54.38,61.938,62.438,62.5,62.5,62.688,62.750;
1700952420,4.12,93.07,0,94.33,-4.78,55.47,-1.437,24.437,58.688,54.13,61.938,62.438,62.5,62.5,62.688,62.750;
1700954220,4.12,92.75,0,99.33,-5.65,58.32,-1.562,33.188,59.062,54.13,61.938,62.438,62.5,62.5,62.688,62.750;
1700956020,4.12,92.75,0,96.67,-4.79,56.69,-1.125,37.438,59.625,54.81,61.938,62.438,62.5,62.5,62.688,62.750;
1700957820,4.12,92.6,0,94.67,-4.84,55.63,-0.875,35.875,59.188,54.25,62,62.438,62.5,62.5,62.688,62.750;
1700959620,4.12,92.75,0,95.33,-5.26,54.73,-1.062,37.125,59.375,54.06,61.938,62.438,62.5,62.5,62.688,62.750;
1700961420,4.12,92.91,0,95,-5.62,53.14,-1.375,36.875,59.438,54.31,61.938,62.438,62.5,62.5,62.688,62.750;
1700963220,4.12,92.6,0,96.67,-6.03,52.73,-1.75,35.938,59.438,53.94,61.938,62.438,62.5,62.5,62.688,62.750;
1700965020,4.12,92.75,0,97.67,-6.39,51.36,-1.812,33.875,59.188,53.69,61.938,62.375,62.5,62.5,62.688,62.750;
1700966820,4.12,92.6,0,99.67,-8.89,48.27,-5.75,32.5,59.062,53.5,61.938,62.438,62.5,62.5,62.688,62.750;
1700968620,4.12,92.6,0,99,-10.17,48.56,-7.75,34.25,59.25,53.81,62,62.438,62.5,62.5,62.688,62.688;
1700970420,4.12,92.6,0,100,-10.76,48.13,-8.063,32.375,59.125,53.31,61.938,62.438,62.5,62.5,62.688,62.750;
1700972220,4.12,92.6,0,102.33,-10.81,46.69,-8.75,32.813,59.188,53.63,61.938,62.438,62.5,62.5,62.688,62.750;
1700974020,4.12,92.75,0,99,-10.78,45.59,-8.813,31.5,59.062,53.31,61.938,62.438,62.5,62.5,62.688,62.750;
1700975820,4.12,92.44,0,98.67,-10.4,44.88,-8.625,31.562,59,53.69,61.938,62.438,62.5,62.5,62.688,62.750;
1700977620,4.12,92.6,0,95,-10.13,43.68,-8.563,31.25,58.938,53.56,61.938,62.375,62.5,62.5,62.688,62.750;
1700979420,4.12,92.75,0,101,-8.29,47.69,-7.25,33.563,59.125,53.56,61.938,62.438,62.5,62.5,62.688,62.750;
1700981220,4.12,92.44,0,102.67,-7.55,46.56,-6.75,35.688,59.375,54,61.938,62.375,62.5,62.5,62.688,62.750;
1700983020,4.12,92.6,0,96.33,-7.13,46.3,-6.562,35.938,59.313,54,61.938,62.375,62.5,62.5,62.688,62.750;
1700984820,4.12,92.6,0,99.33,-7.11,47.02,-6.187,36.813,59.438,54.44,61.938,62.438,62.5,62.5,62.688,62.750;
1700986620,4.12,92.91,0,97,-6.49,48.18,-5.5,37.5,59.438,54.38,61.938,62.375,62.5,62.5,62.688,62.750;
1700988420,4.12,92.6,0,96,-5.19,47.52,-4.875,38.188,59.438,55,61.938,62.375,62.5,62.5,62.688,62.750;
1700990220,4.12,92.75,0,97.67,-3.94,49.21,-3.563,39.125,59.375,55.06,61.938,62.438,62.5,62.5,62.688,62.750;
1700992020,4.12,92.75,0,94.67,-5.07,46.65,-3.938,36.563,58.938,54.5,61.938,62.438,62.5,62.5,62.688,62.750;
1700993820,4.12,92.75,0,94.33,-3.9,52.56,-2.938,35.625,58.688,55,61.938,62.438,62.5,62.5,62.688,62.750;
1700995620,4.12,92.75,0,97,-2.61,56.06,-1.437,35.438,58.625,55.44,61.938,62.438,62.5,62.5,62.688,62.750;
1700997420,4.12,92.75,0,94,-1.7,59.8,-0.062,38.625,58.938,55.56,61.938,62.438,62.5,62.5,62.688,62.750;
1700999220,4.12,92.75,0,94.67,-1.7,71.75,0.562,27.125,58.188,54.94,61.875,62.438,62.5,62.5,62.688,62.750;
1701001020,4.12,92.91,0,94,-1.13,73.12,1.312,17.062,58.063,54.75,61.875,62.375,62.5,62.5,62.688,62.750;
1701002820,4.12,92.75,0,97,-2.62,68.65,1,21.562,58.5,55.31,61.875,62.375,62.563,62.5,62.688,62.750;
1701004620,4.12,92.75,0,97.33,-2.64,64.45,1.062,14.375,58.313,54.94,61.875,62.375,62.5,62.5,62.688,62.750;
1701006420,4.12,92.91,0,95.67,-2.82,60.29,0.75,25.438,58.563,55.63,61.875,62.438,62.563,62.5,62.688,62.750;
1701008220,4.12,93.07,0,96.67,-2.93,60.56,0.312,17.062,58.375,54.81,61.875,62.438,62.5,62.5,62.688,62.750;
1701010020,4.12,92.75,0,97,-2.71,67.17,-0.187,15.25,58.375,54.69,61.875,62.438,62.5,62.5,62.688,62.750;
1701011820,4.12,92.75,0,94.67,-2.68,72.01,-0.75,10.5,58.375,54.31,61.875,62.438,62.5,62.5,62.688,62.750;
1701013620,4.12,92.75,0,94.67,-2.53,70.25,-1,9,58.188,54,61.875,62.438,62.5,62.5,62.688,62.750;
1701015420,4.12,92.91,0,91,-1.32,68.24,-0.375,12.5,58.313,54,61.875,62.438,62.5,62.5,62.688,62.750;
1701017220,4.12,92.6,0,95.67,-0.44,80.94,0.125,12.938,58.437,54.31,61.875,62.438,62.5,62.5,62.688,62.750;
1701019020,4.12,93.07,0,94.33,-0.16,75.77,0.375,10.188,58.125,53.56,61.875,62.375,62.5,62.5,62.688,62.750;
1701020820,4.12,92.75,0,91,0.39,80.01,0.875,20.75,58.125,53.38,61.875,62.438,62.563,62.5,62.688,62.750;
1701022620,4.12,92.6,0,95.33,0.95,91.42,1.437,10.75,58.313,53.75,61.875,62.438,62.5,62.5,62.688,62.750;
1701024420,4.12,92.6,0,90,0.84,91.2,0.75,10.938,58.188,53.19,61.875,62.375,62.5,62.5,62.688,62.750;
1701026220,4.12,92.91,0,92,0.81,83.46,0.625,9.875,58.125,52.94,61.875,62.375,62.5,62.5,62.688,62.750;
1701028020,4.12,92.6,0,92.33,0.83,76.87,0.437,14.063,58.25,53,61.875,62.375,62.5,62.5,62.688,62.750;
1701029820,4.12,92.44,0,95.33,0.46,70.46,0.187,12.75,58.125,52.81,61.813,62.375,62.5,62.5,62.688,62.750;
1701031620,4.12,92.75,0,89.67,1.5,68.73,1.062,18.75,58.188,53,61.813,62.375,62.5,62.5,62.688,62.750;
1701033420,4.12,92.6,0,96.33,0.57,67.91,0.625,14.75,58.188,52.56,61.875,62.375,62.5,62.5,62.688,62.750;
1701035220,4.12,92.6,0,90.67,2.44,63.41,1.5,26.812,58.563,53.69,61.875,62.375,62.5,62.5,62.688,62.750;
1701037020,4.12,93.07,0,91.33,1.51,65.46,1.125,27.75,58.313,52.81,61.875,62.375,62.5,62.5,62.688,62.750;
1701038820,4.12,92.6,0,92.33,2.12,60.13,1.937,16.687,58.25,53.19,61.875,62.375,62.5,62.5,62.688,62.750;
1701040620,4.12,92.91,0,89.67,1.06,61.19,1.625,18.125,58.563,54,61.875,62.375,62.5,62.5,62.688,62.750;
1701042420,4.12,92.44,0,95.67,-2.15,57.6,-0.437,19,58.437,53.38,61.875,62.438,62.5,62.5,62.688,62.750;
1701044220,4.12,92.91,0,96.67,-4.96,69.78,0.125,19.25,58.5,52.88,61.875,62.438,62.5,62.5,62.688,62.750;
1701046020,4.12,92.75,0,97.67,-2.23,67.96,0.75,30.125,58.938,53.44,61.875,62.438,62.5,62.5,62.688,62.750;
1701047820,4.12,92.6,0,93.67,-1.02,50.92,0.812,34.063,59.375,53.63,61.875,62.438,62.5,62.5,62.688,62.750;
1701049620,4.12,92.44,0,90,-1.09,50.6,-0.125,29.375,59.25,53.63,61.875,62.438,62.5,62.5,62.688,62.750;
1701051420,4.12,92.75,0,93.67,-1.29,55.29,-0.375,29.75,58.938,53,61.875,62.375,62.5,62.5,62.688,62.750;
1701053220,4.12,92.44,0,98.33,-4.95,50.52,-2.938,29.437,59,53.13,61.875,62.438,62.5,62.5,62.688,62.750;
1701055020,4.12,92.44,0,97.67,-6.64,45.99,-7.75,25.375,58.875,52.25,61.875,62.438,62.5,62.5,62.688,62.750;
1701056820,4.12,92.91,0,96.67,-8.33,45.39,-9.438,20.937,58.813,52.13,61.875,62.375,62.563,62.5,62.688,62.750;
1701058620,4.12,92.6,0,97.67,-8.95,44.15,-10.188,24.875,58.875,52.63,61.875,62.438,62.5,62.5,62.688,62.750;
1701060420,4.12,92.28,0,99,-9.23,44.16,-10.687,23.375,58.75,52.31,61.875,62.438,62.5,62.5,62.688,62.750;
1701062220,4.12,92.44,0,101.67,-10.74,41.35,-11.875,22.313,58.813,52.13,61.938,62.438,62.563,62.5,62.688,62.750;
1701064020,4.12,92.44,0,100,-10.72,46.32,-11.813,26.25,58.75,52.63,61.875,62.438,62.563,62.5,62.688,62.750;
1701065820,4.12,92.44,0,103.33,-7.91,51.11,-9.563,26.875,58.75,52.75,61.875,62.375,62.5,62.5,62.688,62.750;
1701067620,4.12,92.6,0,96,-5.56,55.9,-6.437,27.75,58.563,52.44,61.875,62.438,62.5,62.5,62.688,62.750;
1701069420,4.12,92.75,0,99.67,-5.08,56.64,-4.75,23.937,58.313,52.31,61.875,62.375,62.563,62.5,62.688,62.750;
1701071220,4.12,92.6,0,100,-5.63,60.62,-4.5,28,58.563,52.31,61.875,62.438,62.5,62.5,62.688,62.750;
1701073020,4.12,92.75,0,96.33,-3.81,59.13,-3.313,31.812,58.875,53.25,61.875,62.438,62.563,62.5,62.688,62.750;
1701074820,4.12,92.75,0,97,-2.34,55.36,-2.563,25.375,58.25,52.69,61.875,62.438,62.5,62.5,62.688,62.750;
1701076620,4.12,92.75,0,97,-6.6,61.14,-3.25,19,57.875,52.63,61.875,62.438,62.5,62.5,62.688,62.750;
1701078420,4.12,92.6,0,101.67,-6.75,56.66,-4.062,16.812,58.188,53.69,61.875,62.438,62.5,62.5,62.688,62.750;
1701080220,4.12,93.07,0,98.67,-6.14,61.86,-4.125,15.687,57.875,52.44,61.875,62.375,62.5,62.5,62.688,62.750;
1701082020,4.12,92.75,0,98.67,-8.25,76.8,-4.25,8,57.875,53.38,61.875,62.438,62.5,62.5,62.688,62.750;
1701083820,4.12,92.6,0,99.33,-7.4,80.71,-3.938,19.375,58.188,53.44,61.875,62.438,62.563,62.5,62.688,62.750;
1701085620,4.12,92.6,0,99.33,-7.33,86.16,-3.375,14.063,57.875,53.88,61.875,62.438,62.5,62.5,62.688,62.750;
1701087420,4.12,92.75,0,96.67,-5.2,79.01,-1.875,12.063,58.188,54.56,61.875,62.438,62.563,62.5,62.688,62.750;
1701089220,4.12,92.75,0,96,-3.74,68.59,-0.687,9.625,57.938,54.25,61.875,62.375,62.5,62.5,62.688,62.750;
1701091020,4.12,92.91,0,100.33,-4.49,71.39,-0.562,7.437,58.063,53.88,61.875,62.438,62.5,62.5,62.688,62.750;
1701092820,4.12,92.75,0,96,-5.71,66.54,-1.562,6.312,57.812,53.88,61.875,62.438,62.5,62.5,62.688,62.750;
1701094620,4.12,92.75,0,96,-5.28,66.05,-1.937,8.5,58,54.06,61.875,62.438,62.5,62.5,62.688,62.750;
1701096420,4.12,92.6,0,97.67,-2.84,68.98,-1,10.813,58.437,54.63,61.875,62.375,62.5,62.5,62.688,62.750;
1701098220,4.12,92.75,0,95.33,-4.28,66.6,-2.125,6.062,57.938,53.5,61.875,62.438,62.563,62.5,62.688,62.750;
1701100020,4.12,92.91,0,96,-4.86,74.18,-3.25,6.437,57.875,53.19,61.813,62.375,62.5,62.5,62.688,62.750;
1701101820,4.12,92.44,0,99.67,-4.12,82.45,-3.188,7.75,58,53.25,61.813,62.375,62.5,62.5,62.688,62.750;
1701103620,4.12,92.6,0,95,-2.13,76.12,-2.25,21.063,58.5,54.38,61.875,62.438,62.563,62.5,62.688,62.750;
1701105420,4.12,92.6,0,93.67,-0.11,83.88,-1.625,14.875,58.125,52.31,61.813,62.375,62.5,62.563,62.688,62.750;
1701107220,4.12,92.28,0,92.67,-0.13,78.98,-1.75,20.562,58.875,54.06,61.875,62.438,62.625,62.5,62.688,62.750;
1701109020,4.12,92.6,0,89,2.65,61.63,-0.75,29.687,59.438,54.19,61.938,62.438,62.563,62.5,62.688,62.750;
1701110820,4.12,92.6,0,91.67,1.97,47.1,-2.938,35.063,59.75,54.63,61.938,62.438,62.563,62.5,62.688,62.750;
1701112620,4.12,92.44,0,96,0.14,44.36,-4.187,33.375,59.687,54.44,62,62.5,62.563,62.5,62.688,62.750;
1701114420,4.12,92.6,0,89.33,2.14,44.63,-3.563,33.438,59.5,54.13,61.938,62.438,62.5,62.5,62.688,62.750;
1701116220,4.12,92.6,0,91,3.11,45.97,-2.313,26.375,59,52.81,61.875,62.438,62.5,62.5,62.688,62.750;
1701118020,4.12,92.91,0,93.67,0,62.84,-2,17.25,58.437,52.44,61.875,62.438,62.563,62.5,62.688,62.750;
1701119820,4.12,92.28,0,92.67,-1.24,51.71,-3.688,32.313,59.375,53.38,61.938,62.438,62.563,62.5,62.75,62.750;
1701121620,4.12,92.75,0,89.33,2.51,56.89,-1.562,21.437,58.75,52.69,61.875,62.438,62.563,62.5,62.688,62.750;
1701123420,4.12,92.75,0,94.33,-1.25,44.46,-3.5,31.312,59.5,53.81,61.938,62.438,62.563,62.5,62.75,62.750;
1701125220,4.12,92.6,0,98.33,-4.87,48.26,-6.312,27.5,59.125,53,62,62.438,62.563,62.5,62.688,62.750;
1701127020,4.12,92.28,0,99.33,-7.53,49.22,-7.437,24.25,59,52.19,62,62.438,62.563,62.5,62.688,62.750;
1701128820,4.12,92.75,0,102,-8.1,50.11,-8.125,24.562,59,52.56,62,62.5,62.563,62.5,62.688,62.750;
1701130620,4.12,92.44,0,101.67,-9.28,52.31,-8.375,24.062,59,52.44,62,62.5,62.563,62.5,62.688,62.750;
1701132420,4.12,92.28,0,99.67,-9.38,54.27,-8.5,23.375,58.688,52,62,62.438,62.563,62.5,62.75,62.750;
1701134220,4.12,92.44,0,98,-10.36,53.23,-9,22.437,58.813,51.81,62,62.438,62.563,62.5,62.688,62.750;
1701136020,4.12,92.75,0,103,-9.73,55.57,-8.25,23.875,58.625,52.06,62,62.438,62.563,62.5,62.688,62.750;
1701137820,4.12,92.28,0,101.67,-9.77,51.57,-8.5,23.625,58.938,52.5,62,62.5,62.563,62.5,62.688,62.750;
1701139620,4.12,92.6,0,100,-12.18,47.25,-11.75,20,58.437,51.63,62,62.438,62.563,62.5,62.75,62.750;
1701141420,4.11,92.28,0,103.33,-13.58,48.39,-14.25,23.25,58.688,52.06,61.938,62.438,62.563,62.5,62.688,62.750;
1701143220,4.11,92.44,0,100.33,-14.16,45.43,-15.062,20,58.563,51.75,62,62.438,62.625,62.5,62.75,62.750;
1701145020,4.12,92.12,0,103.33,-15.41,46.38,-16.125,16.25,58.625,51.94,62,62.438,62.563,62.5,62.75,62.750;
1701146820,4.11,92.44,0,103,-15.2,53.07,-14.688,16.25,58.188,50.88,61.875,62.438,62.563,62.5,62.688,62.750;
1701148620,4.11,92.12,0,104,-13.81,47.81,-14.375,15.625,58.563,52,61.938,62.438,62.625,62.5,62.688,62.750;
1701150420,4.11,91.96,0,104.33,-16.2,45.24,-16.625,16.25,58.625,52.19,62,62.5,62.563,62.5,62.75,62.750;
1701152220,4.11,91.96,0,101,-16.92,52.75,-16.75,17.812,58.625,51.81,62,62.5,62.563,62.5,62.75,62.750;
1701154020,4.11,92.28,0,102.33,-15.45,55.52,-15.438,18.437,58.688,52,62,62.5,62.563,62.5,62.75,62.750;
1701155820,4.11,91.8,0,102,-14.65,55.51,-14.437,21.812,58.75,52.19,62,62.5,62.625,62.5,62.75,62.750;
1701157620,4.12,92.12,0,101.33,-14.83,55.64,-14.563,18,58.813,52.25,62.063,62.5,62.563,62.5,62.75,62.750;
1701159420,4.11,92.28,0,105.33,-14.99,57.87,-14.437,20.75,58.875,52.38,62.063,62.5,62.625,62.563,62.75,62.750;
1701161220,4.11,91.96,0,101.67,-14.45,58.6,-14.063,14.313,58.625,52.19,62,62.5,62.625,62.5,62.75,62.750;
1701163020,4.12,92.12,0,98.67,-15.1,57.57,-14.437,22.875,59.375,54,62.187,62.563,62.625,62.563,62.75,62.750;
1701164820,4.11,92.28,0,102.33,-15.1,54.59,-14.75,22.313,59.125,53.5,62.125,62.5,62.625,62.563,62.75,62.812;
1701166620,4.12,91.8,0,100,-14.85,57.77,-15.188,19.312,59.25,53.88,62.125,62.563,62.688,62.563,62.75,62.812;
1701168420,4.11,92.12,0,99.67,-14.28,62.2,-14.313,18.812,58.875,54.25,62.125,62.5,62.625,62.563,62.75,62.812;
1701170220,4.11,92.28,0,98.33,-13.46,62.36,-13.313,20.687,59.313,54.63,62.125,62.563,62.688,62.563,62.75,62.812;
1701172020,4.12,92.28,0,100.67,-12.38,66.11,-12.063,19.937,59.062,54.69,62.125,62.563,62.688,62.563,62.75,62.812;
1701173820,4.12,92.6,0,102,-10.7,67.08,-10.188,20.187,59.125,55.13,62.125,62.563,62.688,62.563,62.75,62.812;
1701175620,4.12,92.44,0,99,-10.04,61.26,-9.438,23.812,59.438,55.38,62.125,62.5,62.625,62.563,62.75,62.812;
1701177420,4.12,92.6,0,101.67,-9.31,56.02,-8.875,24.375,59.5,55.44,62.125,62.563,62.625,62.563,62.75,62.812;
1701179220,4.12,92.28,0,101.33,-8.89,52.43,-9,26.625,59.625,55.69,62.125,62.563,62.625,62.563,62.75,62.812;
1701181020,4.12,92.44,0,99,-9.42,50.04,-10.188,26.063,59.813,56,62.187,62.563,62.625,62.563,62.812,62.812;
1701182820,4.12,92.44,0,99.67,-10.4,50.94,-11.563,24.813,59.813,56.06,62.25,62.563,62.688,62.563,62.75,62.812;
1701184620,4.12,92.12,0,99.33,-10.07,53.96,-11.688,26.5,59.938,56.44,62.25,62.563,62.688,62.563,62.812,62.812;
1701186420,4.12,92.28,0,98.67,-9.34,54.72,-11.5,25.5,59.813,55.94,62.25,62.563,62.688,62.625,62.75,62.812;
1701188220,4.12,92.12,0,102.33,-7.96,55.98,-10.687,24.375,59.75,55.31,62.187,62.563,62.688,62.563,62.75,62.812;
1701190020,4.11,92.28,0,100.67,-8.04,56.85,-10.313,26,59.875,55.69,62.25,62.625,62.688,62.625,62.812,62.812;
1701191820,4.12,92.44,0,102.33,-7.61,55.26,-10.188,27.375,59.687,55.13,62.187,62.563,62.688,62.625,62.812,62.812;
1701193620,4.12,92.44,0,99,-6.95,56.58,-9.25,28.75,59.625,54.63,62.187,62.563,62.625,62.625,62.812,62.812;
1701195420,4.12,92.28,0,97.67,-8.49,53.43,-9.625,29,59.75,55.13,62.25,62.563,62.688,62.563,62.812,62.812;
1701197220,4.12,92.28,0,99.67,-10.24,58.86,-10.625,26.312,59.563,54.19,62.187,62.563,62.688,62.625,62.812,62.875;
1701199020,4.12,92.44,0,100,-10.43,58.19,-11.375,19.5,59.25,53.38,62.25,62.563,62.688,62.625,62.812,62.812;
1701200820,4.12,92.12,0,98.33,-11.46,54.74,-11.875,17.875,59.313,53.63,62.25,62.625,62.688,62.625,62.812,62.812;
1701202620,4.12,92.12,0,99,-14.13,56.98,-13.875,15.938,59.25,53.38,62.25,62.625,62.688,62.625,62.812,62.812;
1701204420,4.11,91.96,0,101,-14.16,61.25,-13.688,15.125,59,53.06,62.25,62.625,62.688,62.625,62.812,62.812;
1701206220,4.12,92.12,0,97.67,-13.55,58.84,-13.313,15.625,58.813,52.44,62.25,62.625,62.688,62.625,62.812,62.812;
1701208020,4.12,91.96,0,104,-14.88,56.88,-14.375,14.625,58.688,52.06,62.25,62.625,62.75,62.625,62.812,62.875;
1701209820,4.11,92.12,0,102.33,-15.76,56.9,-15.062,18.437,58.875,52.88,62.313,62.625,62.688,62.625,62.812,62.875;
1701211620,4.12,91.96,0,99.33,-16.07,58.2,-15.188,21.5,59,53,62.25,62.625,62.688,62.625,62.812,62.875;
1701213420,4.11,92.12,0,107,-15.79,58.21,-15.25,18.312,58.75,52.94,62.25,62.625,62.688,62.625,62.812,62.875;
1701215220,4.11,91.96,0,98.67,-15.82,58.36,-15,20.687,58.875,53.56,62.25,62.625,62.75,62.625,62.812,62.875;
1701217020,4.11,92.12,0,102.33,-16.14,57.01,-15.313,20.812,59.25,54.19,62.313,62.625,62.75,62.625,62.812,62.875;
1701218820,4.11,92.12,0,102,-16.49,57.23,-15.5,21.187,59.125,53.13,62.313,62.625,62.75,62.625,62.812,62.875;
1701220620,4.12,92.12,0,104,-16.61,57.74,-15.438,25.438,59.188,53.19,62.25,62.625,62.688,62.625,62.812,62.875;
1701222420,4.11,92.28,0,104,-16.74,55.72,-15.687,26.562,59.625,54.25,62.375,62.625,62.75,62.625,62.875,62.875;
1701224220,4.12,92.12,0,102.33,-16.96,55.17,-15.813,29,59.625,54.19,62.375,62.688,62.75,62.625,62.812,62.875;
1701226020,4.11,92.12,0,105,-16.83,54.16,-15.875,29.75,59.563,54,62.375,62.688,62.75,62.625,62.875,62.875;
1701227820,4.11,92.28,0,101.67,-16.53,52.76,-16,29.312,59.375,53.75,62.375,62.688,62.75,62.625,62.875,62.875;
1701229620,4.11,92.12,0,104,-16.24,50.62,-16.25,29.25,59.438,53.94,62.375,62.688,62.75,62.625,62.875,62.875;
1701231420,4.12,92.12,0,104.67,-16.33,50.45,-15.813,31,59.625,54.25,62.375,62.688,62.75,62.625,62.875,62.875;
1701233220,4.12,92.28,0,101.33,-16.53,50.68,-14.063,29,59.5,54.38,62.375,62.688,62.75,62.688,62.875,62.875;
1701235020,4.12,92.28,0,102,-16.71,51.08,-13.938,29.937,60,55.56,62.375,62.688,62.75,62.625,62.875,62.875;
1701236820,4.12,92.12,0,100,-16.33,51.11,-13.938,32.688,60.063,55.56,62.438,62.688,62.75,62.625,62.875,62.875;
1701238620,4.12,92.28,0,101.33,-14.34,48.44,-14,33.063,60,55.44,62.375,62.688,62.75,62.625,62.875,62.875;
1701240420,4.12,92.28,0,98.33,-11.86,49.84,-12.938,30.812,59.875,55.38,62.375,62.688,62.75,62.75,62.875,62.875;
1701242220,4.12,92.12,0,101,-9.81,44.95,-12.188,29.375,59.625,55.13,62.313,62.688,62.75,62.688,62.875,62.875;
1701244020,4.12,92.6,0,98.67,-9.45,42.27,-12.125,29.188,59.938,55.75,62.313,62.688,62.75,62.688,62.875,62.875;
1701245820,4.12,92.28,0,96.33,-9.45,42.35,-12.063,30.562,60.063,55.88,62.375,62.625,62.75,62.625,62.875,62.875;
1701247620,4.12,92.12,0,98.33,-9.44,44.78,-11.813,30.187,60.063,55.88,62.313,62.625,62.75,62.688,62.875,62.875;
1701249420,4.12,92.44,0,99.33,-8.45,50.68,-9.438,29.5,59.625,55.56,62.25,62.625,62.688,62.688,62.875,62.875;
1701251220,4.12,92.28,0,99.67,-7.52,49.55,-8.188,29.813,60,56.31,62.25,62.625,62.75,62.625,62.875,62.875;
1701253020,4.12,92.6,0,98.33,-7.14,49.4,-8,27.5,59.875,55.75,62.25,62.625,62.688,62.625,62.875,62.875;
1701254820,4.12,92.28,0,97,-7.5,47.43,-8.875,26,60.188,56.5,62.313,62.625,62.75,62.688,62.875,62.875;
1701256620,4.12,92.44,0,101,-7.99,48.17,-9.438,24,60.25,56.63,62.313,62.625,62.75,62.625,62.875,62.875;
1701258420,4.12,92.6,0,100,-7.78,48.25,-9.375,18.875,60.25,56.5,62.375,62.688,62.75,62.625,62.875,62.875;
1701260220,4.12,92.44,0,100.67,-9.07,48.24,-10.313,15.438,60.25,56.44,62.375,62.688,62.75,62.625,62.875,62.875;
1701262020,4.12,92.6,0,98.33,-9.84,49.1,-10.25,13.75,60.125,56.44,62.375,62.688,62.75,62.625,62.875,62.875;
1701263820,4.12,92.6,0,99.33,-9.88,50.68,-9.75,14.938,60.125,56.69,62.313,62.625,62.75,62.625,62.875,62.875;
1701265620,4.12,92.28,0,98.67,-9.43,48.96,-9.5,14.375,60.188,56.69,62.375,62.688,62.75,62.688,62.875,62.875;
1701267420,4.12,92.44,0,98.33,-9.51,48.7,-9.563,15.188,60.312,56.94,62.375,62.625,62.75,62.625,62.875,62.875;
1701269220,4.12,92.44,0,100.33,-8.62,49.77,-9.313,16.125,60.25,56.88,62.375,62.688,62.75,62.625,62.875,62.875;
1701271020,4.12,92.28,0,101.67,-7.43,48.64,-9.125,20,60.25,57.06,62.375,62.625,62.812,62.625,62.875,62.875;
1701272820,4.12,92.44,0,102.33,-6.39,47.66,-8.625,22.687,60.25,57,62.375,62.688,62.75,62.625,62.875,62.875;
1701274620,4.12,92.44,0,101.67,-5.93,46.76,-8.688,23.75,60.312,57,62.375,62.688,62.75,62.625,62.875,62.875;
1701276420,4.12,92.44,0,97.67,-5.72,47.03,-8.75,22.5,60.312,57.19,62.375,62.688,62.75,62.625,62.875,62.875;
1701278220,4.12,92.28,0,98.67,-5.39,46.24,-8.813,22.875,60.312,57.06,62.375,62.688,62.75,62.625,62.875,62.875;
1701280020,4.12,92.28,0,99,-5.28,45.36,-8.75,21.25,60.375,57.19,62.375,62.688,62.75,62.625,62.875,62.875;
1701281820,4.12,92.6,0,96.33,-5.25,43.77,-8.75,24.312,60.5,57.69,62.375,62.688,62.75,62.625,62.875,62.875;
1701283620,4.12,92.28,0,97.33,-5.87,46.16,-8.875,23.937,60.5,57.75,62.375,62.688,62.75,62.625,62.875,62.875;
1701285420,4.12,92.28,0,99.33,-6.4,45.36,-9.188,22.437,60.563,57.81,62.375,62.688,62.75,62.625,62.875,62.938;
1701287220,4.12,92.28,0,102.67,-6.99,47.99,-9.313,21.937,60.438,57.5,62.375,62.688,62.75,62.688,62.875,62.875;
1701289020,4.12,92.44,0,97.67,-6.96,49.43,-8.813,20.875,60.5,57.75,62.375,62.688,62.812,62.625,62.875,62.875;
1701290820,4.12,92.44,0,97.67,-7.3,50,-8.875,19.062,60.5,57.63,62.375,62.688,62.812,62.688,62.875,62.875;
1701292620,4.12,92.44,0,100.67,-8.32,51.09,-9.25,19.625,60.5,57.75,62.375,62.688,62.875,62.625,62.875,62.875;
1701294420,4.12,92.44,0,100,-7.55,50.82,-9.063,18,60.438,57.56,62.375,62.688,62.75,62.688,62.875,62.875;
1701296220,4.12,92.44,0,99,-7.15,50.19,-8.875,17.187,60.312,57.25,62.375,62.688,62.75,62.688,62.875,62.875;
1701298020,4.12,92.44,0,99.33,-6.84,52.97,-8.313,18.937,60.188,57.13,62.313,62.688,62.75,62.625,62.875,62.938;
1701299820,4.12,92.44,0,99.33,-6.76,54.47,-7.937,19.812,60.125,57,62.375,62.688,62.812,62.625,62.875,62.875;
1701301620,4.12,92.28,0,101.67,-6.78,55.74,-7.5,18.187,59.938,56.63,62.313,62.625,62.75,62.688,62.875,62.875;
1701303420,4.12,92.44,0,101.67,-6.72,55.87,-7.062,17.875,59.75,56.13,62.25,62.625,62.75,62.688,62.875,62.875;
1701305220,4.12,92.6,0,99.33,-6.4,53.94,-6.687,18.875,59.75,56,62.25,62.625,62.75,62.625,62.875,62.875;
1701307020,4.12,92.28,0,96,-5.6,53.79,-6.062,22,60.063,56.75,62.25,62.625,62.75,62.625,62.875,62.875;
1701308820,4.12,92.28,0,94.67,-5.39,53.81,-5.875,23.875,60,56.63,62.25,62.625,62.688,62.625,62.875,62.875;
1701310620,4.12,92.75,0,97.67,-5.52,52.07,-5.937,22,59.938,56.38,62.187,62.625,62.688,62.625,62.875,62.875;
1701312420,4.12,92.6,0,95.67,-6.62,47.46,-7.187,19.562,59.813,56.13,62.25,62.625,62.75,62.625,62.875,62.875;
1701314220,4.12,92.44,0,95.67,-9.7,43.32,-11.188,19.375,59.75,55.88,62.25,62.625,62.75,62.625,62.875,62.875;
1701316020,4.12,92.44,0,99.33,-10.68,43.51,-12.375,19.125,59.625,55.75,62.187,62.625,62.75,62.688,62.875,62.875;
1701317820,4.12,92.12,0,100.33,-11.69,44.11,-13.125,18.562,59.75,55.94,62.187,62.625,62.75,62.625,62.875,62.875;
1701319620,4.11,91.8,0,98.33,-12.31,45.01,-13.5,17.875,59.687,56,62.187,62.625,62.688,62.625,62.812,62.875;
1701321420,4.12,92.28,0,101.67,-12.74,45.64,-13.75,17.5,59.75,56.13,62.25,62.625,62.688,62.625,62.812,62.875;
1701323220,4.11,91.96,0,102.67,-13.17,46.28,-14.125,17.812,59.438,55.75,62.187,62.625,62.75,62.625,62.875,62.875;
1701325020,4.11,92.12,0,99.67,-11.79,51.56,-12.938,18.812,59.5,55.75,62.187,62.625,62.812,62.688,62.812,62.875;
1701326820,4.11,92.28,0,94.67,-11.24,52.86,-12.438,18,59.313,55.63,62.187,62.625,62.688,62.625,62.875,62.875;
1701328620,4.12,92.28,0,102,-10.38,52.25,-11.813,18,59.5,55.75,62.187,62.625,62.75,62.688,62.812,62.875;
1701330420,4.12,92.28,0,97,-9.92,51.4,-11.5,18.5,59.687,56.19,62.25,62.625,62.75,62.625,62.875,62.875;
1701332220,4.11,92.12,0,97.67,-10.08,51.15,-11.188,20.125,59.625,56.06,62.25,62.625,62.75,62.625,62.812,62.875;
1701334020,4.12,92.44,0,101.33,-10.1,54.11,-10.938,19.437,59.687,56.13,62.25,62.625,62.75,62.625,62.812,62.875;
1701335820,4.12,92.28,0,99,-10.79,49.28,-12,19.937,59.687,56,62.25,62.625,62.75,62.625,62.812,62.875;
1701337620,4.12,92.44,0,99.33,-10.96,51.16,-11.875,20.875,59.625,56.13,62.25,62.625,62.688,62.625,62.812,62.875;
1701339420,4.12,92.28,0,99,-10.77,51.87,-11.813,22.5,59.687,56.44,62.25,62.625,62.688,62.625,62.875,62.875;
1701341220,4.12,92.44,0,101,-10.73,55.2,-11.563,22.25,59.5,56.13,62.25,62.625,62.688,62.625,62.875,62.875;
1701343020,4.12,92.12,0,96.33,-9.89,58.62,-10.687,23,59.687,56.38,62.313,62.625,62.688,62.688,62.812,62.875;
1701344820,4.12,92.44,0,96.67,-9.12,56.92,-9.875,22.625,59.75,56.5,62.25,62.625,62.75,62.625,62.875,62.875;
1701346620,4.12,92.44,0,98,-8,62.67,-8.375,24.062,59.75,56.69,62.25,62.625,62.75,62.625,62.812,62.875;
1701347767,4.12,92.44,0,99.33,-7.47,58.81,-7.312,23.812,57.938,52.75,61.688,62.438,62.688,62.625,62.812,62.875;
1701347775,4.12,92.6,0,99,-7.48,58.61,-7.375,23.25,57.875,52.56,61.625,62.5,62.688,62.625,62.812,62.875;
1701347780,4.12,92.44,0,98,-7.46,58.57,-7.375,22.812,57.812,52.44,61.562,62.5,62.688,62.625,62.812,62.875;
1701349680,4.12,92.12,0,100,-12.08,75.01,-11.875,-12.5,-13.875,-12.75,8.375,60.312,62.375,62.375,62.812,62.812;
1701351480,4.11,91.96,0,102,-14.65,78.85,-12.813,16.187,39.125,49.25,61.688,62,62.688,62.688,62.812,62.812;
1701353280,4.12,92.28,0,97.33,-9.16,64.92,-8.938,27.25,46.063,53.56,62,62,62.688,62.563,62.812,62.875;
1701355080,4.12,92.28,0,97.67,-5.33,57.26,-6.25,29.188,46.562,54.44,62.125,62.063,62.75,62.625,62.812,62.812;
1701356880,4.12,92.28,0,95.67,-3.76,54.16,-5.312,29.5,46.562,54.56,62.125,62.063,62.75,62.625,62.812,62.812;
1701358680,4.12,92.44,0,93.67,-2.78,49.95,-5.187,28.75,46.813,54.88,62.125,62.063,62.75,62.625,62.812,62.812;
1701360480,4.12,92.28,0,95,-1.61,49.05,-4.625,30.375,47.5,55.38,62.125,62.063,62.688,62.625,62.812,62.812;
1701362280,4.12,92.12,0,93,-0.45,47.5,-4.187,31.562,47.875,55.31,62.063,62.063,62.75,62.625,62.812,62.812;
1701364080,4.12,92.44,0,89,0.19,46.67,-3.75,31,47.563,55.44,62.125,62.063,62.75,62.625,62.812,62.875;
1701365880,4.12,92.44,0,92,0.66,44.89,-3.375,31.562,47.125,55.25,62.063,62.063,62.75,62.563,62.812,62.812;
1701367680,4.12,92.6,0,93.67,0.37,43.29,-3.938,30.625,46.25,54.69,62.063,62.063,62.688,62.563,62.812,62.875;
1701369480,4.12,92.28,0,91,-0.03,43.06,-4.562,31.125,46.313,54.56,62.125,62.063,62.688,62.563,62.812,62.812;
1701371280,4.12,92.44,0,92.33,-0.64,42.82,-5.25,28.812,45.375,54.31,62.125,62.063,62.75,62.563,62.812,62.875;
1701373080,4.12,92.44,0,94,-2.05,44.42,-6.25,27.938,44.5,53.81,62.125,62.063,62.75,62.625,62.812,62.812;
1701374880,4.12,92.12,0,98.33,-3.18,48.41,-6.687,28.563,44.75,54.13,62.125,62.063,62.75,62.625,62.812,62.812;
1701376680,4.12,92.12,0,96,-2.26,45.43,-6.25,29.062,44.75,54.13,62.125,62.125,62.75,62.625,62.812,62.812;
1701378480,4.12,92.28,0,97.33,-2.54,46.01,-6.562,28.5,44.125,53.5,62.063,62.063,62.688,62.563,62.812,62.812;
1701380280,4.12,92.44,0,91.67,-2.32,46.16,-6.25,27.812,44.25,53.5,62.063,62.063,62.688,62.625,62.812,62.812;
1701382080,4.11,92.12,0,93.67,-2.86,48.78,-6.312,28.625,44.687,53.69,62.125,62.063,62.75,62.563,62.812,62.812;
1701383880,4.12,92.28,0,92,-2.52,52.45,-5.812,29.813,44.687,53.25,62,62,62.688,62.563,62.812,62.812;
1701385680,4.12,92.28,0,94.67,-0.88,56.94,-4.125,32.063,45.25,53.25,62,61.938,62.688,62.563,62.812,62.812;
1701387480,4.12,92.12,0,92.67,-0.17,57.83,-3.25,32.688,45.188,53.38,62,61.938,62.688,62.563,62.812,62.875;
1701389280,4.12,92.44,0,89.33,-0.77,59.8,-3,32.75,44.938,53.19,62,61.938,62.688,62.563,62.812,62.812;
1701391080,4.12,92.75,0,92.67,-2.25,56.9,-3.563,29.875,44.25,52.94,62,62,62.688,62.563,62.812,62.812;
1701392880,4.12,92.28,0,94.67,-4.06,59.05,-4.312,28.75,44.062,52.88,62,62,62.688,62.563,62.812,62.812;
1701394680,4.12,92.44,0,95,-4.52,59.67,-4.625,29.062,44.188,52.81,62,61.938,62.688,62.563,62.812,62.812;
1701396480,4.12,92.12,0,91.67,-4.86,58.07,-4.875,28.75,44.062,52.94,62,62,62.688,62.563,62.812,62.812;
1701398280,4.12,92.44,0,93.67,-5.6,58,-5.375,29.062,44.25,53.06,62,62,62.688,62.563,62.812,62.812;
1701400080,4.12,92.12,0,97.33,-7.97,49.28,-8.688,30.125,43.813,52.81,62,62,62.688,62.563,62.75,62.812;
1701401880,4.12,92.28,0,97,-9.48,49.92,-10.313,29.813,43.625,52.75,62.063,62,62.688,62.563,62.812,62.812;
1701403680,4.11,92.12,0,97,-10.05,50.16,-10.75,30.562,43.563,52.38,62,62,62.688,62.625,62.812,62.812;
1701405480,4.12,91.96,0,97.67,-10.14,49.88,-10.938,32.688,43.688,52.38,62,61.938,62.688,62.625,62.812,62.812;
1701407280,4.12,92.12,0,95.33,-9.85,48.34,-10.75,31.75,43,52.25,62,62,62.688,62.625,62.812,62.812;
1701409080,4.12,92.28,0,99,-9.92,47.95,-10.938,33.375,43.188,52.13,61.938,61.938,62.688,62.625,62.812,62.812;
1701410880,4.11,92.28,0,95,-9.75,47.09,-10.875,34,42.938,51.81,61.938,61.938,62.688,62.563,62.812,62.812;
1701412680,4.12,92.12,0,96.67,-8.74,49.34,-10.062,34.313,43.063,51.88,61.938,61.875,62.688,62.563,62.812,62.812;
1701414480,4.12,92.28,0,98.33,-7.6,50.86,-8.625,34.688,43.313,51.81,61.938,61.875,62.688,62.563,62.812,62.812;
1701416280,4.12,92.28,0,99.33,-7.17,50.15,-8.188,34.438,43.125,51.94,62,61.938,62.688,62.563,62.812,62.812;
1701418080,4.12,92.44,0,100,-7.08,51.92,-7.312,36,42.812,52.13,61.938,61.938,62.688,62.563,62.812,62.812;
1701419880,4.12,92.28,0,96,-7.06,52.99,-6.812,36.125,43.063,52.13,61.938,61.938,62.688,62.563,62.812,62.812;
1701421680,4.12,92.6,0,101.67,-7.38,53.94,-7,35.625,44.687,52.13,61.938,61.938,62.688,62.563,62.812,62.812;
1701423480,4.12,92.12,0,99.67,-7.4,51.26,-7.187,35.75,45.563,52.38,61.938,61.875,62.688,62.563,62.75,62.812;
1701425280,4.12,92.6,0,98.33,-7.53,50.29,-7.125,36.688,45.25,52.5,62,61.938,62.688,62.563,62.812,62.812;
1701427080,4.12,92.44,0,99.67,-7.58,54.51,-7.125,36.75,45.188,52.5,61.938,61.938,62.688,62.563,62.75,62.812;
1701428880,4.12,92.28,0,97.67,-6.81,56.93,-5.875,36.813,45.875,52.69,61.938,61.875,62.688,62.563,62.75,62.812;
1701430680,4.12,92.44,0,95,-5.1,60.06,-3.813,37.75,46.875,53.44,61.938,61.875,62.688,62.563,62.75,62.812;
1701432480,4.12,92.28,0,91.67,-3.87,57.92,-2.375,37.5,47.313,53.75,61.938,61.875,62.688,62.563,62.75,62.812;
1701434280,4.12,92.44,0,92.33,-4.03,57.74,-1.937,35.813,47,53.88,61.938,61.875,62.688,62.563,62.75,62.750;
1701436080,4.12,92.6,0,92,-3.47,55.3,-1.937,37.313,46.75,54.13,61.938,61.875,62.625,62.563,62.812,62.812;
1701437880,4.12,92.6,0,92,-2.91,52.95,-1.5,37.313,47.625,54.38,61.938,61.875,62.625,62.563,62.75,62.812;
1701439680,4.12,92.6,0,93.33,-2.65,52.74,-1.5,36.375,47.375,54.31,61.938,61.875,62.688,62.563,62.75,62.812;
1701441480,4.12,92.28,0,92.67,-1.95,53.49,-1.437,36.813,46.562,54.56,62,61.875,62.688,62.563,62.75,62.812;
1701443280,4.12,92.6,0,89,-1.13,54.81,-1.5,37.875,46.813,54.88,62,61.875,62.625,62.563,62.75,62.750;
1701445080,4.12,92.6,0,92,-0.48,51.79,-1.562,37.375,47.063,54.81,62,61.875,62.625,62.563,62.75,62.812;
1701446880,4.12,92.6,0,87,-0.94,54.08,-1.812,37.313,46.938,54.81,62,61.875,62.688,62.563,62.75,62.750;
1701448680,4.12,92.44,0,93,-0.04,56.39,-1.437,37.063,47.187,54.81,62,61.875,62.625,62.563,62.75,62.750;
1701450480,4.12,92.44,0,90.33,-0.38,53.19,-1.687,35.938,46.125,54.38,62,61.875,62.625,62.563,62.75,62.750;
1701452280,4.12,92.44,0,92.67,-1.2,55.76,-2,36.063,45.937,54.5,62,61.875,62.625,62.563,62.75,62.812;
1701454080,4.12,92.28,0,92.67,-1.36,56,-2.25,35.813,45.563,54.56,62,61.875,62.625,62.563,62.75,62.812;
1701455880,4.12,92.6,0,91,-1.3,56.84,-2.438,35.313,45.563,54.5,62,61.875,62.625,62.563,62.75,62.750;
1701457680,4.12,92.44,0,93,-0.64,58.87,-2.5,34.938,46,54.31,62,61.875,62.625,62.563,62.75,62.750;
1701459480,4.12,92.28,0,90,-0.5,56.35,-2.75,36.375,45.875,54.06,61.938,61.875,62.625,62.563,62.75,62.750;
1701461280,4.12,92.44,0,92,0.4,53.09,-2.313,38.313,45.063,53.94,62,61.813,62.625,62.563,62.75,62.750;
1701463080,4.12,92.28,0,92.67,0.62,52.36,-1.812,39.063,46.562,54.19,61.938,61.813,62.625,62.563,62.75,62.812;
1701464880,4.12,92.44,0,89,0.91,49.27,-1.5,37.938,45.125,54,62,61.875,62.625,62.563,62.75,62.812;
1701466680,4.12,92.28,0,93,-1.65,52,-2.563,36.875,44.188,53.44,61.938,61.875,62.625,62.5,62.75,62.812;
1701468480,4.12,92.44,0,93.67,-2.16,51.4,-3.063,35.563,44.25,53.19,61.938,61.875,62.625,62.563,62.75,62.750;
1701470280,4.12,92.6,0,94.33,-3.75,55.1,-3.813,35.438,43.563,53.06,61.938,61.875,62.625,62.563,62.75,62.750;
1701472080,4.12,92.28,0,98,-4.25,56.97,-4.062,34.938,43.938,52.81,61.938,61.875,62.625,62.563,62.75,62.812;
1701473880,4.12,92.44,0,94.67,-4.07,60.14,-3.875,32.063,44.062,52.5,61.938,61.875,62.625,62.563,62.75,62.750;
1701475680,4.12,92.44,0,95,-3.3,60.26,-3.25,33.5,44.313,52.63,61.938,61.813,62.625,62.563,62.75,62.750;
1701477480,4.12,92.12,0,96.67,-5.04,57,-3.813,34.688,42.75,52.69,61.938,61.875,62.625,62.563,62.75,62.750;
1701479280,4.12,92.44,0,98.67,-6.86,58.34,-4.562,34.688,42,52.31,61.938,61.875,62.625,62.5,62.75,62.750;
1701481080,4.12,92.28,0,97.33,-7.29,59.1,-4.937,34.875,42.5,52.69,61.938,61.875,62.625,62.563,62.75,62.750;
1701482880,4.12,92.44,0,100,-6.97,59.83,-4.875,34.563,43.188,52.44,61.938,61.875,62.625,62.563,62.75,62.812;
1701484680,4.12,92.28,0,100,-6.72,59.32,-5.062,33.563,43.875,52.38,61.938,61.875,62.625,62.563,62.75,62.750;
1701486480,4.12,92.44,0,96.33,-9.58,51.81,-9.25,31.375,43.188,52.31,61.938,61.875,62.625,62.563,62.75,62.750;
1701488280,4.12,92.44,0,100,-11.91,51.45,-12.313,31.75,43.125,52.19,61.938,61.875,62.688,62.563,62.75,62.750;
1701490080,4.11,91.96,0,98,-11.74,50.13,-12.813,33.125,43.688,52.38,61.938,61.875,62.688,62.625,62.75,62.812;
1701491880,4.12,92.12,0,101.67,-11.95,50.72,-13.375,31,44.062,52.31,61.938,61.813,62.625,62.5,62.75,62.812;
1701493680,4.12,92.12,0,99.33,-11.69,49.67,-13.313,32.813,44.375,52.31,61.938,61.813,62.625,62.563,62.75,62.750;
1701495480,4.12,91.96,0,100,-11.95,49.8,-13.375,32,44.188,52.5,61.938,61.875,62.625,62.563,62.75,62.812;
1701497280,4.11,92.12,0,99,-12.22,54.56,-13.375,29.125,43.625,52.38,62,61.938,62.688,62.563,62.75,62.812;
1701499080,4.11,92.12,0,96.33,-12.98,56.58,-13.938,26.875,43.375,52.31,62.063,62,62.688,62.563,62.75,62.812;
1701500880,4.11,91.96,0,101.67,-13.33,57.62,-14.125,26.187,43.25,52.44,62.063,62,62.688,62.563,62.75,62.812;
1701502680,4.11,91.96,0,97.67,-12.78,59,-13.812,26.063,43.5,52.38,62.063,62,62.688,62.563,62.75,62.812;
1701504480,4.11,91.96,0,101.67,-12.85,59.52,-13.75,25.25,43.375,52.31,62.063,62.063,62.688,62.563,62.75,62.812;
1701506280,4.11,91.8,0,100.67,-12.91,61.3,-13.75,26.625,44.313,52.13,62,61.938,62.688,62.563,62.75,62.812;
1701508080,4.11,92.12,0,98.33,-12.15,61.36,-13.063,26.812,45.188,52.31,62,61.938,62.688,62.563,62.75,62.812;
1701509880,4.11,91.96,0,99,-10.68,59.77,-11.937,29.188,46.688,52.81,61.938,61.938,62.688,62.563,62.812,62.812;
1701511680,4.11,92.12,0,95,-8.32,58.52,-10.062,33.5,48.375,53.06,61.938,61.875,62.625,62.563,62.812,62.812;
1701513480,4.12,92.12,0,99,-6.39,63.58,-8.5,37.125,49.938,53.88,61.875,61.813,62.625,62.563,62.75,62.812;
1701515280,4.12,92.28,0,94,-4.26,84.03,-3.875,35.438,47.875,53.13,61.813,61.75,62.625,62.563,62.75,62.812;
1701517080,4.12,92.44,0,90.67,-2.19,83.2,-2,32,45.375,52.94,61.688,61.688,62.625,62.563,62.75,62.812;
1701518880,4.12,92.44,0,95.67,-3.11,87.44,-1.187,30.5,45.688,52.88,61.688,61.75,62.625,62.563,62.75,62.812;
1701520680,4.12,92.6,0,94,-2.73,81.26,-0.437,23.563,45.438,52.31,61.75,61.688,62.625,62.563,62.75,62.812;
1701522480,4.12,92.44,0,96.33,-3.75,83.5,-0.437,17.875,45.188,52.44,61.688,61.688,62.625,62.563,62.75,62.812;
1701524280,4.12,92.28,0,98.33,-4.57,79.26,-0.812,26.063,46.75,53.06,61.75,61.75,62.625,62.563,62.75,62.812;
1701526080,4.12,92.75,0,93.33,-1.09,56.63,-1.437,39.688,49.75,55.31,61.875,61.75,62.625,62.563,62.75,62.812;
1701527880,4.12,92.75,0,86.33,2.31,54.55,-0.375,41.25,50.813,55.63,61.875,61.75,62.625,62.5,62.75,62.750;
1701529680,4.12,92.6,0,89.67,2.26,59.71,0.687,29,45.125,53.38,61.75,61.688,62.625,62.5,62.75,62.812;
1701531480,4.12,92.44,0,90.33,0.59,58.06,-0.25,37.375,48.375,55,61.875,61.813,62.625,62.563,62.75,62.812;
1701533280,4.12,92.6,0,92.67,0.71,46.43,-2.188,37.688,48.063,54.94,61.938,61.813,62.625,62.563,62.75,62.812;
1701535080,4.12,92.44,0,91.67,0.86,47.4,-4.375,30.062,46.313,54.25,62,61.938,62.688,62.563,62.75,62.812;
1701536880,4.12,92.28,0,97,-4.98,51.71,-8.5,26,43.875,53.25,62.063,62,62.688,62.563,62.75,62.812;
1701538680,4.11,92.6,0,99,-7.66,56.14,-10,27.313,43.75,53.06,62.063,62,62.688,62.563,62.75,62.812;
1701540480,4.11,92.28,0,99.33,-8.72,55.2,-10.563,27.812,43.938,53.5,62.125,62.063,62.688,62.563,62.75,62.812;
1701542280,4.11,92.12,0,100.33,-11.5,52.68,-12.688,24.625,41.188,52.63,62.187,62.125,62.688,62.625,62.812,62.812;
1701544080,4.11,91.96,0,99,-12.81,59.62,-13.438,24.875,41.75,52.56,62.125,62.125,62.688,62.563,62.75,62.812;
1701545880,4.11,91.8,0,98,-14.34,54.04,-14.875,20.875,33.938,50.44,62.125,62.25,62.812,62.563,62.812,62.812;
1701547680,4.11,91.65,0,100.67,-15.74,55.38,-16.312,21.375,35.813,50.13,62.063,62.25,62.75,62.625,62.812,62.812;
1701549480,4.11,91.65,0,102.33,-15.96,54.08,-16.562,26,38.438,51.44,62.187,62.25,62.75,62.625,62.812,62.875;
1701551280,4.11,91.8,0,100.67,-16.51,51.99,-17.375,24.687,35.375,50.56,62.125,62.313,62.812,62.688,62.812,62.875;
1701553080,4.11,91.49,0,100.67,-16.97,52.49,-17.937,26.375,36,50.56,62.187,62.313,62.812,62.688,62.812,62.875;
1701554880,4.11,91.65,0,100.33,-16.23,49.14,-18,28.563,39.063,51.25,62.187,62.313,62.812,62.688,62.875,62.875;
1701556680,4.11,91.49,0,102,-15.68,46.18,-17.937,30.25,40.25,52.06,62.187,62.375,62.812,62.688,62.875,62.875;
1701558480,4.11,91.49,0,99.33,-15.31,45.56,-17.625,29.875,39.75,51.69,62.187,62.375,62.812,62.688,62.875,62.875;
1701560280,4.11,91.65,0,102.67,-15.6,46.24,-17.562,27.187,41.813,51.75,62.125,62.375,62.812,62.688,62.875,62.938;
1701562080,4.11,91.49,0,99.67,-15.71,45.52,-17.75,27.313,44.75,52.44,62.063,62.375,62.812,62.688,62.875,62.875;
1701563880,4.11,91.65,0,102.67,-15.31,43.92,-17.75,25.5,45.75,53.75,62.375,62.375,62.875,62.688,62.875,62.875;
1701565680,4.11,91.49,0,98.67,-15.36,43.86,-17.75,23.312,47.187,55.25,62.313,62.375,62.812,62.688,62.875,62.938;
1701567480,4.11,91.49,0,103,-15.14,43.47,-17.75,23.875,47.625,55.25,62.375,62.313,62.812,62.688,62.875,62.938;
1701569280,4.11,91.65,0,96,-14.42,41.82,-17.5,24.625,48.313,55.5,62.313,62.375,62.812,62.75,62.875,62.938;
1701571080,4.11,91.65,0,98.33,-14.38,41.56,-17.437,27.812,47.75,55.38,62.313,62.313,62.812,62.75,62.938,62.938;
1701572880,4.11,91.65,0,98.33,-14.35,41.74,-17.25,28.5,47.063,54.94,62.313,62.313,62.812,62.75,62.938,62.938;
1701574680,4.11,91.65,0,100,-14.07,41.15,-17.125,28.812,46.75,54.69,62.25,62.25,62.812,62.75,62.938,62.938;
1701576480,4.11,91.49,0,98.33,-13.8,40.04,-16.937,29,44.687,54.81,62.313,62.313,62.812,62.688,62.938,62.938;
1701578280,4.11,91.65,0,100.67,-14.56,40.53,-17.437,29.25,42.5,54.56,62.313,62.313,62.875,62.75,62.938,62.938;
1701580080,4.11,91.8,0,100.67,-14.92,42.28,-17.562,29.937,41.688,53.94,62.375,62.313,62.875,62.75,62.938,62.938;
1701581880,4.11,91.65,0,98.67,-14.97,42.37,-17.437,31.562,44.25,53.81,62.313,62.313,62.875,62.75,62.938,62.938;
1701583680,4.11,91.49,0,100.33,-14.77,42.63,-17.25,33.625,44.438,54.5,62.313,62.313,62.875,62.75,62.938,62.938;
1701585480,4.11,91.65,0,102,-14.59,42.77,-17.062,30.25,44.375,54.56,62.25,62.25,62.812,62.75,62.938,62.938;
1701587280,4.11,91.65,0,97.67,-14.53,43.47,-16.937,25.312,46.188,55.25,62.313,62.313,62.875,62.75,62.938,62.938;
1701589080,4.11,91.8,0,101.67,-14.93,45.37,-17,23.375,46.313,55.06,62.25,62.313,62.812,62.75,62.875,62.938;
1701590880,4.11,91.65,0,101,-14.82,46.7,-16.812,25.75,46.562,55.06,62.25,62.313,62.812,62.75,62.875,62.938;
1701592680,4.11,91.49,0,102,-14.09,49.86,-16.062,31.187,48.313,55,62.187,62.25,62.812,62.688,62.875,62.938;
1701594480,4.11,92.12,0,100,-13.84,47.11,-15.813,27.437,46.5,54.81,62.25,62.25,62.812,62.688,62.875,62.938;
1701596280,4.11,91.96,0,102,-14.36,45.75,-16.25,29,46.5,54.56,62.25,62.25,62.812,62.688,62.875,62.938;
1701598080,4.11,91.65,0,102,-14.01,47.97,-16.062,31.063,47.187,55,62.25,62.313,62.812,62.688,62.875,62.938;
1701599880,4.11,91.8,0,98.33,-14.61,45.15,-16.687,31.063,45.688,54.31,62.25,62.25,62.812,62.688,62.875,62.938;
1701601680,4.11,91.8,0,103,-14.54,49.47,-16.25,29.312,45.438,54.31,62.187,62.25,62.812,62.688,62.875,62.938;
1701603480,4.11,91.65,0,96.67,-13.94,51.96,-15.5,29.437,44.687,53,62.187,62.125,62.812,62.688,62.875,62.875;
1701605280,4.11,91.65,0,100.33,-13.56,49.22,-15.438,30.375,45.312,53.5,62.25,62.125,62.812,62.688,62.875,62.875;
1701607080,4.11,91.8,0,98.67,-14.04,50.08,-15.625,27.875,43.688,52.25,62.125,62.125,62.75,62.688,62.875,62.875;
1701608880,4.11,91.8,0,99.33,-12.29,54.17,-14.188,26.75,45.438,53.88,62.187,62.125,62.812,62.688,62.875,62.938;
1701610680,4.11,91.96,0,100,-12.44,52.7,-14,21.312,43.875,52.88,62.125,62.063,62.812,62.688,62.875,62.875;
1701612480,4.11,92.12,0,95,-11.3,55.06,-12.938,27.875,44.625,52.88,62.063,62,62.75,62.688,62.875,62.875;
1701614280,4.11,91.96,0,102.67,-9.58,54.03,-11.688,30,46.188,54,62.063,62.063,62.75,62.688,62.875,62.938;
1701616080,4.11,91.8,0,100,-7.1,48.93,-10.313,29.875,47.063,54.44,62.125,62.063,62.75,62.688,62.875,62.875;
1701617880,4.12,92.28,0,102.67,-6.81,47.72,-10.25,32.625,47.25,54.5,62.063,62.063,62.75,62.688,62.875,62.875;
1701619680,4.11,92.28,0,97,-7.41,48.16,-10.438,31.688,46.063,54.56,62.187,62.187,62.75,62.625,62.875,62.875;
1701621480,4.12,91.8,0,98.67,-9.48,52.42,-11.625,31.625,46.125,54.63,62.187,62.187,62.812,62.688,62.875,62.875;
1701623280,4.11,92.12,0,98.33,-9.58,52.52,-11.875,30.812,46.063,54.63,62.187,62.187,62.812,62.688,62.875,62.875;
1701625080,4.11,91.8,0,99,-11.4,51.62,-13,28.312,45.312,54.06,62.187,62.187,62.812,62.625,62.875,62.875;
1701626880,4.11,91.96,0,99,-13.3,52.34,-14.375,24.562,44.563,53.69,62.313,62.25,62.812,62.625,62.875,62.875;
1701628680,4.11,91.8,0,98,-14.49,55.07,-15.188,22.875,43,52.44,62.187,62.187,62.812,62.688,62.875,62.875;
1701630480,4.11,91.8,0,101,-14.77,53.11,-15.625,20.438,44.375,53.63,62.25,62.187,62.812,62.688,62.875,62.875;
1701632280,4.11,91.65,0,97.67,-15.5,53.96,-16.187,17.812,43.563,52.5,62.125,62.187,62.812,62.688,62.875,62.938;
1701634080,4.11,91.8,0,102.67,-15.77,53.51,-16.625,22.25,43.063,53.5,62.187,62.187,62.812,62.688,62.875,62.875;
1701635880,4.11,91.65,0,100.67,-16.39,51.99,-17.062,14.938,42.125,51.81,62.125,62.063,62.75,62.688,62.875,62.875;
1701637680,4.11,91.49,0,102,-16.2,51.57,-17.125,15.625,43.5,52.5,62.187,62.125,62.812,62.688,62.875,62.938;
1701639480,4.11,91.49,0,100,-16.99,52.68,-17.625,10.375,42.875,52.69,62.187,62.187,62.812,62.75,62.875,62.875;
1701641280,4.11,91.65,0,100.33,-17.75,54.93,-17.812,7.562,43.563,52.56,62.125,62.125,62.812,62.75,62.875,62.875;
1701643080,4.11,91.49,0,104.67,-17.27,53.16,-17.937,14.25,44.875,52.63,62.063,62.063,62.75,62.625,62.875,62.875;
1701644880,4.11,91.49,0,101.33,-17.28,51.03,-18.062,8.563,44.313,52.94,62.125,62.125,62.812,62.625,62.875,62.875;
1701646680,4.11,91.49,0,104.67,-17.36,52.1,-17.937,7.25,43.75,52.56,62.125,62.125,62.75,62.688,62.875,62.875;
1701648480,4.11,91.65,0,104.67,-17.72,51.69,-18.187,11.875,42.75,52.31,62.125,62.125,62.75,62.625,62.875,62.875;
1701650280,4.11,91.33,0,100,-17.01,52.51,-17.75,16.437,44.125,52.81,62.063,62.125,62.75,62.625,62.875,62.875;
1701652080,4.11,91.8,0,101,-16.23,51.48,-17.187,14.313,43.813,52.94,62.063,62.125,62.75,62.688,62.875,62.875;
1701653880,4.11,91.65,0,103.67,-16.43,49.3,-17.562,12.438,43,52.56,62.063,62.125,62.75,62.688,62.875,62.875;
1701655680,4.11,91.65,0,99.67,-16.82,50.79,-17.562,11.625,43.25,52.13,62,62,62.75,62.688,62.875,62.875;
1701657480,4.11,91.65,0,105,-17.05,51.46,-17.562,12.562,44.438,53.13,62.063,62.125,62.75,62.688,62.875,62.875;
1701659280,4.11,91.65,0,99.67,-17.12,51.05,-17.687,11.375,43.5,53.56,62.125,62.187,62.75,62.688,62.875,62.875;
1701661080,4.11,91.49,0,104,-17.31,50.02,-17.937,10.5,42.812,53.88,62.25,62.25,62.75,62.688,62.875,62.875;
1701662880,4.11,91.49,0,101,-17.06,49.38,-17.875,12.875,45.625,54.44,62.187,62.25,62.812,62.625,62.875,62.875;
1701664680,4.11,91.65,0,100.67,-15.42,47.51,-17.25,19.75,46.938,54.31,62.063,62.125,62.75,62.688,62.875,62.875;
1701666480,4.11,91.65,0,99,-14.33,45.77,-16.562,25.062,48.063,54.5,62,62.063,62.75,62.625,62.875,62.875;
1701668280,4.11,91.8,0,99.33,-11.91,43,-15.313,36.313,50.063,55.5,62.125,62.125,62.75,62.688,62.875,62.875;
1701670080,4.11,91.96,0,99.67,-10.75,39.42,-14.75,37.438,50.875,55.81,62.187,62.25,62.75,62.625,62.875,62.875;
1701671880,4.11,91.8,0,100,-10.27,38.3,-14.625,39.438,52.313,56.25,62.313,62.375,62.812,62.688,62.875,62.875;
1701673680,4.11,92.12,0,99.67,-10.96,39.72,-14.875,42,53.625,57,62.438,62.438,62.812,62.688,62.875,62.875;
1701675480,4.11,92.12,0,96,-11.21,39.23,-15.25,42.625,54,57.75,62.5,62.5,62.812,62.688,62.875,62.875;
1701677280,4.11,91.8,0,97.67,-12.1,41.03,-15.687,42.875,53.063,57.25,62.5,62.5,62.812,62.688,62.875,62.875;
1701679080,4.11,91.96,0,98.33,-11.57,41.52,-15.313,41.562,52.375,57.06,62.438,62.438,62.812,62.688,62.875,62.875;
1701680880,4.11,91.8,0,97.67,-11.33,42.07,-14.813,39.375,51,56.31,62.375,62.375,62.75,62.625,62.875,62.875;
1701682680,4.11,91.96,0,98.67,-10.36,41.6,-14.375,41.313,53,57.13,62.375,62.438,62.875,62.625,62.875,62.875;
1701684480,4.11,92.12,0,99.67,-9.03,40.48,-13.375,41.125,52.75,57.25,62.375,62.375,62.812,62.625,62.875,62.875;
1701686280,4.11,91.96,0,97.67,-8.82,41.21,-12.938,41.125,52.563,57.19,62.375,62.375,62.75,62.688,62.875,62.875;
1701688080,4.12,92.12,0,100,-8.43,41.47,-12.625,36.875,49.125,55.38,62.313,62.313,62.75,62.688,62.812,62.875;
1701689880,4.11,91.96,0,98.67,-8.04,38.95,-12.813,30.312,49.313,55.88,62.313,62.313,62.75,62.688,62.875,62.812;
1701691680,4.11,92.12,0,98.33,-8.09,40.28,-12.938,30.438,49.438,55.88,62.313,62.313,62.75,62.625,62.812,62.875;
1701693480,4.11,91.96,0,100,-7.16,41.78,-11.937,27.812,48.5,55.56,62.25,62.313,62.75,62.625,62.812,62.812;
1701695280,4.11,91.96,0,97.67,-6,47.49,-10.125,24.813,48.938,55.75,62.187,62.25,62.75,62.625,62.812,62.812;
1701697080,4.11,92.28,0,100,-5.77,49.71,-9.438,27.062,48.688,55.44,62.125,62.187,62.75,62.625,62.812,62.875;
1701698880,4.12,91.96,0,95.67,-5.22,48.24,-8.938,27.062,48.125,54.88,62.063,62.125,62.688,62.625,62.812,62.875;
1701700680,4.11,92.12,0,96.33,-3.42,50.89,-7.375,24.625,48.625,55.44,62.125,62.125,62.75,62.625,62.812,62.812;
1701702480,4.12,92.28,0,99,-5.5,47.3,-8.938,19.125,47.5,55.31,62.187,62.125,62.75,62.625,62.812,62.875;
1701704280,4.12,92.28,0,100.67,-7.5,49.22,-10.5,18.562,45.563,54.75,62.125,62.187,62.812,62.625,62.812,62.812;
1701706080,4.11,92.12,0,97,-7.91,51.59,-10.75,20,45.688,54.63,62.063,62.125,62.75,62.625,62.812,62.812;
1701707880,4.11,91.96,0,100.33,-8.05,50.68,-11,21.625,45.125,54.5,62,62.125,62.688,62.625,62.812,62.812;
1701709680,4.11,92.12,0,99.33,-8.29,49.62,-11.25,20.75,44.813,54.44,62.125,62.125,62.688,62.625,62.812,62.812;
1701711480,4.11,91.96,0,100.33,-9.8,45.97,-12.438,19.437,43.75,54.06,62,62.125,62.688,62.625,62.812,62.812;
1701713280,4.11,91.8,0,99.33,-12.13,45.85,-14.25,20.375,43.75,53.81,61.938,62.063,62.688,62.625,62.812,62.812;
1701715080,4.11,91.8,0,99,-11.9,46.8,-14.375,23.625,45,54.06,62.063,62.063,62.688,62.625,62.812,62.812;
1701716880,4.11,91.8,0,97.67,-11.38,45.87,-14.125,22.812,45.125,54.13,62.063,62.063,62.688,62.563,62.812,62.812;
1701718680,4.11,91.49,0,98.67,-11.17,45.3,-14.063,22,44.125,54,62.125,62.125,62.688,62.563,62.75,62.812;
1701720480,4.11,91.65,0,98.33,-11.17,45.25,-14.125,23.687,44.813,53.81,62,62.063,62.688,62.563,62.75,62.812;
1701722280,4.11,91.8,0,97.67,-10.35,46.49,-13.5,24.75,45.25,54,62,62.063,62.688,62.563,62.812,62.812;
1701724080,4.11,91.8,0,95,-8.45,48.82,-12.125,23.687,45.25,54.13,62,62,62.688,62.563,62.812,62.812;
1701725880,4.11,91.65,0,101.33,-6.89,49.76,-11.063,24.062,45.125,54.38,62.063,62.063,62.688,62.563,62.75,62.812;
1701727680,4.11,91.96,0,96.33,-6.75,48.04,-11,23.312,45.563,54.56,62.125,62.063,62.688,62.563,62.75,62.812;
1701729480,4.11,91.8,0,98,-7.45,45.42,-11.563,24.25,45.563,54.56,62.125,62.125,62.688,62.563,62.812,62.812;
1701731280,4.11,91.8,0,96.67,-7.59,44.42,-11.75,26.063,45.875,54.56,62.063,62.063,62.688,62.563,62.75,62.812;
1701733080,4.11,92.12,0,100.33,-7.8,42.3,-12.063,23.25,45.125,54.56,62.125,62.125,62.688,62.563,62.75,62.812;
1701734880,4.11,91.8,0,101,-8.96,43.27,-12.813,22.313,44.875,54.31,62.125,62.063,62.688,62.625,62.75,62.812;
1701736680,4.11,91.49,0,97.67,-9.39,41.3,-13.438,21.812,45,54.69,62.187,62.125,62.688,62.563,62.75,62.812;
1701738480,4.11,91.65,0,96.67,-9.45,42.66,-13.375,22.437,44.813,54.31,62.063,62.063,62.688,62.563,62.75,62.812;
1701740280,4.11,91.65,0,99,-9,41.77,-13.125,22.562,44.875,54.31,62.063,62.063,62.688,62.563,62.75,62.812;
1701742080,4.11,91.65,0,96.33,-8.87,41.41,-13.125,22.625,44.813,54.25,62.063,62.063,62.688,62.563,62.812,62.812;
1701743880,4.11,91.8,0,98,-8.73,40.13,-13.125,23.375,44.75,54.56,62.125,62.063,62.688,62.563,62.75,62.812;
1701745680,4.11,91.96,0,97,-9.53,39.03,-13.75,26,45.312,54.75,62.125,62.125,62.688,62.563,62.75,62.812;
1701747480,4.11,91.65,0,99,-9.98,39.68,-14.125,22.875,45.25,54.38,62.063,62.063,62.625,62.563,62.75,62.812;
1701749280,4.11,91.8,0,97.67,-9.87,38.67,-14.25,22.313,44.813,54.44,62.125,62.125,62.688,62.563,62.75,62.750;
1701751080,4.11,91.65,0,98.67,-10.18,39.13,-14.5,21.688,44.75,54.25,62.063,62.063,62.688,62.563,62.75,62.812;
1701752880,4.11,91.65,0,99.33,-10.69,38.47,-15,22.313,44.813,54.31,62.187,62.125,62.688,62.563,62.75,62.812;
1701754680,4.11,91.65,0,100.33,-10.6,41.17,-14.563,23.437,45.375,54.25,62.063,62.063,62.625,62.563,62.75,62.812;
1701756480,4.11,91.49,0,96.67,-10.03,40.1,-14.25,21.75,44.75,54.06,62.063,62.063,62.625,62.563,62.75,62.812;
1701758280,4.11,91.8,0,96.33,-9.93,40.13,-14.063,23.5,45.5,54.13,62.063,62.063,62.625,62.563,62.75,62.812;
1701760080,4.11,91.49,0,96,-9.69,40.12,-13.875,23.625,45.875,53.94,62.063,62.125,62.625,62.563,62.75,62.750;
1701761880,4.11,91.8,0,99.33,-9.8,42.03,-13.563,23.687,46.688,54.19,62.063,62.125,62.688,62.563,62.75,62.812;
1701763680,4.11,91.8,0,96,-9.68,42.46,-13.313,24.75,47.375,54.25,62,62,62.625,62.563,62.75,62.812;
1701765480,4.11,91.49,0,97.33,-8.07,44.1,-12,27.125,48,54.31,61.938,61.938,62.625,62.563,62.75,62.812;
1701767280,4.12,91.96,0,96.33,-5.11,46.85,-9.25,31.375,48.875,54.88,61.938,61.938,62.625,62.5,62.75,62.812;
1701769080,4.11,92.12,0,92.67,-2.92,41.69,-7.75,33.438,48.5,55.13,62,62,62.625,62.563,62.75,62.750;
1701770880,4.11,92.28,0,96.33,-5.33,40.87,-9.063,28,47.125,54.75,62,62,62.625,62.563,62.75,62.750;
1701772680,4.11,91.8,0,97.33,-7.5,41.65,-10.687,29.375,46.813,54.5,62,62,62.625,62.5,62.75,62.750;
1701774480,4.11,92.12,0,97,-8.23,44.85,-11.438,29.188,46.375,54.56,62,62,62.625,62.563,62.75,62.750;
1701776280,4.11,91.96,0,101.67,-7.86,46,-11.063,33.313,45.937,54.31,62,62.063,62.625,62.563,62.75,62.750;
1701778080,4.11,92.12,0,99.33,-8.67,45.94,-11.625,30.625,45.563,54.19,62,62.063,62.625,62.563,62.75,62.750;
1701779880,4.11,91.8,0,94.33,-10.41,44.76,-12.938,23.563,46,54.31,62,62,62.625,62.563,62.75,62.750;
1701781680,4.11,91.8,0,96.67,-11.4,46.53,-13.875,22.875,46.313,54.31,62,62,62.625,62.563,62.75,62.750;
1701783480,4.11,91.65,0,101.33,-10.78,49.17,-13.25,25,46.75,54.44,62,62,62.625,62.5,62.75,62.750;
1701785280,4.11,91.96,0,100,-9.37,44.6,-12.313,24.25,47,54.56,62,62,62.625,62.563,62.75,62.750;
1701787080,4.11,91.65,0,99.67,-10.11,43.97,-12.938,23.625,47.125,54.56,62,62,62.625,62.5,62.75,62.750;
1701788880,4.11,91.65,0,97,-10.49,43.21,-13.313,23.125,46.75,54.56,62,62,62.625,62.563,62.75,62.750;
1701790680,4.11,91.96,0,98.67,-10.2,46.66,-12.938,23.75,47,54.56,62,62,62.625,62.5,62.75,62.750;
1701792480,4.11,91.8,0,98.33,-7.66,48.4,-10.875,24.125,47.812,54.69,62,62,62.625,62.563,62.688,62.750;
1701794280,4.11,91.96,0,95,-5.2,50,-8.813,23.25,48.25,55.19,62,62,62.625,62.5,62.75,62.750;
1701796080,4.12,92.12,0,97.33,-4.35,47.61,-8.063,22.313,48.25,55.31,62,62,62.625,62.563,62.75,62.750;
1701797880,4.11,92.12,0,96.67,-4.32,48.46,-7.875,23.187,47.875,55.13,62.063,62,62.625,62.5,62.75,62.750;
1701799680,4.12,92.12,0,97.33,-4.49,49.6,-7.812,24.5,47.812,55,62,62.063,62.625,62.5,62.75,62.750;
1701801480,4.12,92.28,0,93.33,-5.13,50.24,-8.188,24.375,47.875,55,62.063,62,62.625,62.563,62.75,62.750;
1701803280,4.11,91.96,0,95,-5.17,50.01,-8.313,22.187,47.438,54.81,62.063,62.063,62.625,62.5,62.75,62.750;
1701805080,4.11,91.96,0,96.67,-4.61,50.64,-7.875,22.875,48.063,54.94,62,62,62.625,62.5,62.688,62.750;
1701806880,4.12,92.12,0,98.67,-4.41,49.39,-7.625,22.562,47.938,54.94,62,62,62.625,62.5,62.75,62.750;
1701808680,4.11,92.12,0,94.33,-3.79,50.43,-6.937,23.625,48.375,55.19,62,62,62.625,62.5,62.75,62.750;
1701810480,4.12,91.96,0,98,-3.75,49.59,-6.875,22.375,48.437,55.19,62,62,62.625,62.5,62.75,62.750;
1701812280,4.11,92.12,0,96.67,-3.62,49.78,-6.812,23,48.563,55.13,62,61.938,62.625,62.5,62.75,62.750;
1701814080,4.11,91.96,0,94.67,-3.46,43.25,-6.937,23.625,48.688,55.25,61.938,61.938,62.625,62.5,62.688,62.750;
1701815880,4.11,92.28,0,91.67,-2.86,51.56,-6.75,25.438,49,55.25,61.938,61.875,62.563,62.5,62.75,62.750;
1701817680,4.11,92.44,0,88,2.95,67.45,-1.75,40.875,51.063,55.75,61.875,61.813,62.563,62.5,62.688,62.750;
1701819480,4.12,92.12,0,85,8.57,54.52,2.813,43.688,51.688,55.75,61.813,61.813,62.563,62.5,62.688,62.750;
1701821280,4.12,92.6,0,85,6.52,48.64,0.937,41.813,50.75,55.06,61.813,61.813,62.563,62.5,62.688,62.750;
1701823080,4.12,92.12,0,89,2.97,54.72,-1.125,35.375,49.313,54.69,61.875,61.813,62.563,62.5,62.688,62.750;
1701824880,4.12,92.44,0,88.33,3.37,63.77,-0.75,40.312,50.375,54.81,61.875,61.813,62.563,62.5,62.688,62.750;
1701826680,4.12,92.44,0,87,6.95,58.03,2.438,41.813,50.75,56,61.875,61.813,62.563,62.5,62.688,62.750;
1701828480,4.12,92.44,0,86.67,7.25,56.34,3,41.375,51.188,55.44,61.875,61.75,62.563,62.5,62.688,62.750;
1701830280,4.12,92.12,0,83.67,5.5,51.04,1.437,40.125,50.937,56.06,61.875,61.813,62.563,62.5,62.688,62.750;
1701832080,4.12,92.44,0,87,0.93,53.68,-2.125,38,50.125,55.81,61.875,61.813,62.563,62.5,62.688,62.750;
1701833880,4.11,92.28,0,90.33,-2.63,46.74,-6.062,35.438,50.375,55.63,61.875,61.813,62.563,62.5,62.688,62.750;
1701835680,4.12,92.12,0,92,-3.53,42.7,-8.688,37.563,50.688,55.63,61.875,61.75,62.563,62.5,62.688,62.750;
1701837480,4.12,92.28,0,98,-3.97,40.61,-9.563,34.125,49.563,55.06,61.875,61.75,62.563,62.5,62.688,62.750;
1701839280,4.12,91.96,0,91.67,-2.78,47.32,-7.875,40.063,48.813,54.38,61.75,61.688,62.563,62.5,62.688,62.750;
1701841080,4.11,92.44,0,90.33,0.68,46.69,-4.75,40.312,48.313,54.63,61.688,61.688,62.563,62.438,62.688,62.750;
1701842880,4.12,92.12,0,90.33,1.65,45.65,-3.625,41,48.5,54.75,61.75,61.688,62.5,62.438,62.688,62.750;
1701844680,4.12,92.28,0,92,-1.47,41.43,-6.5,34.938,49.75,55.19,61.875,61.75,62.5,62.438,62.688,62.688;
1701846480,4.12,92.28,0,93,-3.28,46.58,-7.562,33.5,49.625,55.19,61.813,61.75,62.5,62.438,62.688,62.688;
1701848280,4.12,92.44,0,89,0.35,58.31,-4.062,39.313,49.5,54.75,61.688,61.688,62.5,62.438,62.688,62.750;
1701850080,4.12,92.12,0,88.67,3.84,55.52,-1.562,41.5,48.125,55.06,61.688,61.688,62.5,62.438,62.688,62.750;
1701851880,4.12,92.12,0,88.33,5.05,53.72,-0.312,41.75,48.813,55.19,61.688,61.625,62.5,62.5,62.688,62.750;
1701853680,4.12,92.44,0,86,5.64,54,0.812,42,49.062,54.94,61.688,61.625,62.5,62.438,62.688,62.750;
1701855480,4.12,92.6,0,85.33,6.08,53.47,1.25,42.313,48.5,54.88,61.688,61.625,62.5,62.438,62.688,62.688;
1701857280,4.12,92.28,0,85,5.72,49.41,0.812,43.188,51.25,55.38,61.688,61.625,62.5,62.438,62.688,62.688;
1701859080,4.12,92.28,0,86.33,5.93,48.43,0.375,43.688,49.375,55.63,61.688,61.625,62.5,62.438,62.688,62.688;
1701860880,4.12,92.28,0,83,6.62,48.98,1.125,44.062,51.25,55.63,61.688,61.625,62.5,62.438,62.688,62.750;
1701862680,4.12,92.6,0,89.67,5.83,48.26,0.5,19.437,36.063,52,60.312,60.937,62.563,62.438,62.688,62.750;
1701864480,4.12,92.44,0,90,3.13,55.08,-0.75,18.062,55.563,57.56,61.625,61.688,62.563,62.438,62.688,62.750;
1701866280,4.12,92.44,0,88.67,2.92,54.02,-1.25,16.687,55.375,57.69,61.562,61.625,62.563,62.438,62.688,62.688;
1701868080,4.12,92.44,0,88.33,2.79,54.88,-1.375,14.188,54.687,57.75,61.562,61.688,62.563,62.438,62.688,62.688;
1701869880,4.12,92.44,0,91,3.49,60.84,-0.75,14.688,54.5,57.88,61.562,61.625,62.563,62.438,62.688,62.688;
1701871680,4.12,92.44,0,89.67,4.63,62.9,0.375,14.5,54.313,57.69,61.5,61.625,62.5,62.438,62.688,62.688;
1701873480,4.12,92.28,0,89.33,4.37,72.79,0.437,14.313,54.375,57.69,61.562,61.625,62.563,62.438,62.688,62.688;
1701875280,4.12,92.12,0,85.33,5.28,78.3,1.562,14.313,54.938,57.88,61.562,61.625,62.563,62.438,62.688,62.750;
1701877080,4.12,92.44,0,85.67,5.85,78.11,2.125,16.375,54.75,57.69,61.562,61.625,62.563,62.438,62.688,62.688;
1701878880,4.12,92.28,0,87.33,5.72,83.73,1.937,16.75,54.375,57.63,61.562,61.625,62.563,62.438,62.625,62.688;
1701880680,4.12,92.44,0,84.67,5.7,86.97,2.188,18.562,54.438,57.63,61.562,61.625,62.5,62.438,62.688,62.688;
1701882480,4.12,92.28,0,87,6.24,87.89,2.625,16.875,54.313,57.56,61.562,61.625,62.563,62.438,62.688,62.688;
1701884280,4.12,92.44,0,83.67,6.83,89.79,2.625,14.813,53.375,57.69,61.5,61.562,62.563,62.438,62.688,62.688;
1701886080,4.12,92.28,0,91,6.9,87.81,2.625,17.5,54,57.56,61.562,61.625,62.563,62.438,62.688,62.688;
1701887880,4.12,92.28,0,92.67,7.51,87.37,2.875,17.625,53.625,57.44,61.562,61.625,62.563,62.438,62.688,62.688;
1701889680,4.12,92.44,0,93.67,7.47,95.86,2.938,15.5,53.563,57.5,61.438,61.562,62.5,62.438,62.688,62.688;
1701890406,4.12,92.28,0,88.67,7.1,98.71,2.813,15.438,53.5,57.19,61.5,61.562,62.5,62.438,62.625,62.750;
1701890411,4.12,92.44,0,91,7.09,98.27,2.813,15.5,53.5,57.19,61.438,61.562,62.5,62.438,62.688,62.688;
1701892200,4.12,92.28,0,91.33,7.19,97.13,3.188,15.938,53.875,57.25,61.5,61.562,62.5,62.438,62.688,62.688;
1701894000,4.12,92.6,0,91.33,5.31,100,2.125,12.938,52.812,57.06,61.438,61.562,62.5,62.438,62.625,62.688;
1701894307,4.12,92.28,0,93.33,4.81,100,2,13.563,52.688,56.94,61.438,61.562,62.5,62.438,62.688,62.688;
1701894567,4.12,92.28,0,100.67,4.84,100,1.875,13.812,52.625,57.19,61.438,61.562,62.5,62.438,62.688,62.688;
1701894839,4.12,92.12,0,99,4.36,100,1.625,12.75,52.75,56.94,61.438,61.562,62.5,62.375,62.688,62.688;
1701896640,4.12,92.12,0,94.67,5.25,100,1.875,12.25,53,56.88,61.25,61.438,62.5,62.438,62.625,62.688;
1701896994,4.12,92.12,0,94.33,5.17,99.82,1.375,11.375,53.125,56.69,61.375,61.5,62.5,62.438,62.688,62.688;
1701897479,4.12,91.96,0,99,5.1,99.18,1.125,13.25,53.75,56.88,61.438,61.562,62.5,62.438,62.688,62.688;
1701897488,4.11,91.96,0,99.33,5.11,99.33,1.125,13.313,53.813,56.94,61.438,61.562,62.5,62.438,62.688,62.688;
1701897493,4.11,91.96,0,98,5.09,99,1.125,13.313,53.813,57,61.438,61.562,62.5,62.375,62.625,62.688;
1701897503,4.11,92.12,0,99.33,5.1,99,1.125,13.438,53.938,57,61.438,61.562,62.5,62.438,62.688,62.688;
1701897513,4.11,91.8,0,99,5.13,98.67,1.125,13.5,54,57.06,61.438,61.562,62.5,62.438,62.688,62.688;
1701897752,4.11,92.28,0,99,4.53,91.95,0.687,12.625,53.563,56.63,60.813,61.125,62.5,62.438,62.625,62.688;
1701897781,4.11,91.96,0,97.33,4.49,91.61,0.562,12.75,53.437,56.56,60.937,61.188,62.5,62.438,62.688,62.688;
1701897796,4.12,92.12,0,97,4.48,91.14,0.562,12.813,53.375,56.5,60.937,61.188,62.5,62.438,62.625,62.688;
1701897800,4.11,92.12,0,97.67,4.49,90.96,0.562,12.813,53.375,56.56,60.937,61.25,62.5,62.438,62.625,62.688;
1701897803,4.12,91.8,0,103,4.5,90.95,0.5,12.813,53.375,56.56,61,61.25,62.5,62.438,62.625,62.688;
1701897815,4.12,91.96,0,100.33,4.56,90.71,0.5,12.875,53.5,56.63,61,61.25,62.5,62.438,62.688,62.688;
1701897818,4.11,92.12,0,98,4.59,90.72,0.5,12.875,53.5,56.69,61,61.25,62.5,62.438,62.688,62.688;
1701897831,4.11,91.96,0,99.33,4.65,90.2,0.437,12.938,53.688,56.75,61,61.25,62.5,62.438,62.625,62.688;
1701897891,4.11,91.65,0,98,5.18,87.9,0.312,13.063,54.313,57.19,60.563,61.25,62.563,62.438,62.688,62.688;
1701897893,4.11,91.65,0,95,5.22,87.74,0.312,13.063,54.313,57.19,60.563,61.25,62.563,62.438,62.688,62.688;
1701897957,4.11,91.96,0,100,5.07,85.4,0.187,12.938,54.188,57.06,60.563,61.188,62.563,62.438,62.688,62.688;
1701898002,4.11,91.65,0,99,4.93,84.71,0.125,13.187,54.25,57.25,60.375,61.25,62.563,62.438,62.688,62.688;
1701898007,4.11,91.8,0,99.33,4.92,84.72,0.125,13.438,54.25,57.38,60.312,61.25,62.563,62.438,62.625,62.688;
1701898015,4.11,91.8,0,99.67,4.9,84.67,0.125,13.563,54.313,57.44,60.188,61.25,62.563,62.438,62.688,62.688;
1701899760,4.11,91.96,0,95,-0.46,84.33,-3.313,9.625,52.25,55.63,57.688,60.625,62.563,62.438,62.688,62.688;
1701901560,4.11,91.8,0,95.33,-3.91,88.41,-7.125,8.188,51.938,55.13,57.688,60.5,62.563,62.438,62.688,62.688;
1701903360,4.11,91.96,0,94.33,-5.51,89.44,-8.313,7.625,52.063,55.19,57.125,60.5,62.563,62.438,62.688,62.688;
1701905160,4.11,91.49,0,98.67,-6.71,92.65,-9.688,6.562,51.688,54.75,56,60.063,62.563,62.438,62.688,62.688;
1701906960,4.11,91.8,0,100.33,-8.58,88.13,-10.687,5.312,51.063,54.5,57,60.25,62.5,62.438,62.688,62.688;
1701908760,4.11,91.65,0,100.67,-7.73,96.04,-10,5.937,51.313,54.69,57.187,60.375,62.563,62.438,62.688,62.688;
1701910560,4.11,91.49,0,100.33,-7.5,80.19,-8.75,6.062,51.5,54.81,57.812,60.375,62.5,62.438,62.688,62.688;
1701912360,4.11,91.49,0,100.33,-6.76,83.74,-7.375,9.125,52.563,55.38,60.563,60.875,62.5,62.438,62.688,62.688;
1701914160,4.11,91.8,0,93,-0.7,100,-1.187,14.5,53.875,56.31,61.25,61.313,62.5,62.438,62.688,62.688;
1701915960,4.11,91.96,0,94.33,-0.72,89.27,-2.25,15.563,54.125,56.56,61.313,61.375,62.5,62.438,62.688,62.688;
1701917760,4.11,91.96,0,91.33,-1.23,80.2,-2.688,12.813,53.813,56.19,60.937,61.188,62.5,62.438,62.688,62.688;
1701919560,4.11,91.8,0,94,-3.48,80.23,-4.875,12.125,53.125,55.94,60.875,61.188,62.5,62.438,62.688,62.688;
1701921360,4.11,91.96,0,93.33,-5.1,78.46,-7,12.375,53.688,56.19,61,61.188,62.5,62.438,62.688,62.750;
1701923160,4.11,91.96,0,99,-6.07,85.52,-8.625,11.5,52.625,56.13,61.25,61.313,62.5,62.438,62.688,62.688;
1701924960,4.11,91.8,0,100.67,-5.77,79.76,-8.188,11.688,53.938,56.5,60.625,61.125,62.5,62.438,62.688,62.750;
1701926760,4.11,91.65,0,98.33,-5.76,87.79,-8,11.312,52.5,56.19,61.313,61.438,62.5,62.438,62.625,62.688;
1701928560,4.11,91.8,0,98.33,-5.13,85.01,-7.125,11.875,53.188,56.25,61.313,61.5,62.5,62.438,62.688,62.688;
1701930360,4.11,91.8,0,101,-5.54,88.81,-7.5,11.125,51.875,55.94,61.375,61.5,62.5,62.438,62.688,62.688;
1701932160,4.11,91.96,0,93,-4.01,89.82,-5.937,12.5,53.437,56.38,61.313,61.438,62.5,62.375,62.688,62.688;
1701933960,4.11,91.96,0,96.33,-2.57,93.98,-4.937,11.75,52.625,56.25,61.313,61.438,62.5,62.438,62.688,62.688;
1701935760,4.11,92.12,0,92.67,-3.94,82.91,-6.125,11.063,53.063,56.13,60.563,61.063,62.5,62.438,62.688,62.688;
1701937560,4.11,91.96,0,95.33,-3.25,90.03,-4.937,13.438,52.812,56.38,61.25,61.375,62.5,62.438,62.625,62.688;
1701939360,4.11,91.8,0,94.67,-3.27,81.68,-5.312,10.875,52.938,55.88,58.625,60.75,62.563,62.438,62.688,62.688;
1701941160,4.11,91.8,0,93,-3.59,87.34,-4.875,12.75,53.437,56.38,61.188,61.313,62.5,62.438,62.625,62.688;
1701942960,4.11,91.96,0,96.33,-3.26,69.23,-5.5,13.063,52.875,55.81,58.75,60.688,62.5,62.438,62.688,62.688;
1701944760,4.11,91.96,0,96.67,-4.84,77.01,-6.937,16.5,53.938,56.44,60.25,60.937,62.5,62.438,62.688,62.688;
1701946560,4.11,91.96,0,93.33,-1.39,88.04,-3.125,14.625,53.125,56.5,61.25,61.313,62.5,62.438,62.688,62.688;
1701948360,4.11,91.96,0,90,0.83,84.24,-1.375,17.687,54.062,56.88,61.25,61.375,62.563,62.438,62.688,62.688;
1701950160,4.12,91.96,0,87.67,1.9,71.82,-0.25,20.438,54.875,57.13,60.75,61.188,62.5,62.438,62.625,62.688;
1701951960,4.12,92.12,0,87.33,0.52,69.22,-1.562,18.125,53.688,56.38,59.313,60.75,62.563,62.438,62.688,62.688;
1701953760,4.11,91.96,0,90,-0.86,68.62,-2.75,15.75,53,55.94,58.625,60.625,62.5,62.438,62.688,62.688;
1701955560,4.11,91.96,0,93.33,-1.96,67.82,-4,14,53.063,56.06,58.875,60.625,62.563,62.438,62.688,62.688;
1701957360,4.12,92.12,0,95,-2.92,67.94,-5.25,11.125,52.75,55.44,56.875,60.375,62.563,62.438,62.688,62.688;
1701959160,4.11,91.96,0,97.33,-4.94,68.36,-7.187,9.438,52.688,55.25,56.813,60.312,62.563,62.438,62.688,62.688;
1701960960,4.11,91.8,0,98,-5.41,70.27,-7.625,10.313,53.188,55.69,57.812,60.5,62.563,62.438,62.688,62.750;
1701962760,4.11,91.96,0,97.33,-4.57,67.39,-7.562,9.313,52.563,55,56.625,60.25,62.563,62.438,62.688,62.688;
1701964560,4.11,91.96,0,95.67,-4.87,66.47,-7.937,7.25,51.625,54.44,56.562,60.25,62.563,62.438,62.688,62.688;
1701966360,4.11,91.96,0,101.33,-5.1,69.05,-8.25,6.625,51.688,54.25,55.875,60,62.563,62.5,62.688,62.688;
1701968160,4.11,91.8,0,100,-5.32,69.73,-8.875,5.812,50.875,53.88,55.625,59.938,62.563,62.438,62.688,62.750;
1701969960,4.11,91.96,0,98.67,-5.05,71.47,-8.75,6.5,51,54.06,56.875,60.188,62.5,62.438,62.688,62.688;
1701971760,4.11,91.8,0,100.33,-5.08,74.22,-8.688,7.812,51.063,54.19,56.562,60.188,62.5,62.438,62.688,62.688;
1701973560,4.11,91.65,0,99,-4.46,75.81,-8.125,9.688,51.813,54.88,57.625,60.375,62.563,62.438,62.688,62.688;
1701975360,4.11,91.65,0,92.67,-3.57,73.68,-7.5,7.75,51.438,54.69,56.75,60.375,62.563,62.438,62.688,62.688;
1701977160,4.11,91.8,0,94.33,-3.18,73.18,-7.312,7.062,51.188,54.69,57.75,60.438,62.563,62.5,62.688,62.688;
1701978960,4.11,91.96,0,92.67,-2.15,73.99,-6.562,10,52.938,55.44,60.563,60.937,62.5,62.438,62.688,62.688;
1701980760,4.11,91.65,0,94,-0.84,70.09,-5.562,8.813,52,54.94,58.063,60.438,62.563,62.438,62.688,62.688;
1701982560,4.11,91.8,0,95,-1.43,72.1,-5.812,9,52.125,54.94,57.438,60.5,62.563,62.438,62.688,62.750;
1701984360,4.11,91.8,0,94.33,-0.14,73.29,-4.875,12.188,53.625,55.94,60.875,61.125,62.5,62.438,62.688,62.688;
1701986160,4.11,91.65,0,90,-0.12,74.56,-3.875,14.313,54.25,57.13,59.813,60.875,62.5,62.438,62.688,62.688;
1701987960,4.11,92.28,0,91.67,0.48,93.63,-2.313,13.25,52.875,56.5,61.188,61.313,62.563,62.438,62.688,62.688;
1701989760,4.11,92.28,0,90.33,3.61,90.43,-0.125,13.313,53.25,56.75,61.25,61.438,62.563,62.438,62.688,62.688;
1701991560,4.11,92.28,0,92.67,1.62,83.15,-1.312,13.187,53.75,56.63,61.063,61.25,62.563,62.438,62.688,62.750;
1701993360,4.11,92.28,0,93,-1.08,75.81,-1.062,13.187,53.75,57.5,60.188,61.188,62.625,62.438,62.688,62.688;
1701995160,4.11,92.12,0,93.33,-1.19,92.26,-3.188,9,52.187,55.44,59.188,60.75,62.5,62.438,62.688,62.688;
1701996960,4.11,91.8,0,94.67,-4.18,76.41,-4.437,8.25,52.187,55.31,60.063,60.75,62.5,62.438,62.688,62.688;
1701998760,4.11,91.96,0,95.67,-0.63,100,-1.062,11.813,53.188,56.31,61.188,61.375,62.5,62.438,62.688,62.688;
1702000560,4.11,92.12,0,91.67,1.81,97.01,0.687,10.563,52.313,56,61.125,61.438,62.5,62.438,62.688,62.688;
1702002360,4.11,92.12,0,94,-4.35,70.97,-3.313,5.562,50.5,53.88,56.625,60.375,62.563,62.5,62.688,62.688;
1702004160,4.11,91.8,0,100,-8.2,77.24,-6.375,3.813,49.875,53.63,57.125,60.375,62.563,62.438,62.688,62.688;
1702005960,4.11,91.8,0,98.33,-6.82,84.63,-6.375,6.562,51.375,55.13,60.625,61.188,62.5,62.438,62.688,62.688;
1702007760,4.11,91.96,0,99.67,-9.65,72.17,-10.313,5.187,51.625,55.38,59.563,61,62.5,62.438,62.688,62.750;
1702009560,4.11,91.8,0,101.33,-9.63,76.62,-10.687,6.062,51.875,55.81,60.813,61.25,62.5,62.438,62.688,62.688;
1702011360,4.11,91.49,0,97,-12.72,67.58,-13.875,0.125,48.313,53.06,57.438,60.312,62.563,62.438,62.688,62.750;
1702013160,4.11,91.33,0,100,-15.33,70.71,-15.813,-1.937,48.375,52.81,55.875,60.063,62.563,62.5,62.688,62.750;
1702014960,4.11,91.17,0,101.33,-13.69,87.11,-14.25,2.688,51.188,54.94,60.875,61.25,62.5,62.438,62.688,62.750;
1702016760,4.11,91.33,0,99.67,-8.24,92.66,-9.625,7.375,52.5,56,61.188,61.5,62.5,62.438,62.688,62.750;
1702018560,4.11,91.65,0,98.33,-5.22,87.51,-6.812,10.563,52.812,56.19,61.188,61.5,62.5,62.438,62.688,62.688;
1702020360,4.11,91.96,0,94.67,-2.5,86.06,-4.437,10.438,52.5,56.5,61.188,61.5,62.5,62.438,62.688,62.688;
1702022160,4.12,91.8,0,91.33,-1.73,81.8,-2.813,9.938,52.563,55.94,61.125,61.438,62.5,62.438,62.688,62.688;
1702023960,4.11,91.96,0,93,-2,84.55,-2.188,10.875,53.313,56.38,61.313,61.5,62.5,62.438,62.688,62.750;
1702025760,4.11,92.28,0,94.33,-1.83,81.8,-2.438,11.813,54.813,56.81,61.125,61.5,62.5,62.438,62.688,62.750;
1702027560,4.11,91.96,0,89.67,-2.64,78.17,-3.688,12.562,54.938,56.81,61.125,61.5,62.563,62.438,62.688,62.750;
1702029360,4.11,91.8,0,93,-2.37,78.53,-3.688,13.625,54.125,57.13,61.125,61.375,62.5,62.438,62.688,62.750;
1702031160,4.11,92.12,0,90.33,-1.04,77.09,-1.812,16.875,55.75,57.31,61.375,61.562,62.5,62.438,62.688,62.688;
1702032960,4.11,92.12,0,93.33,-1.41,65.17,-3.688,15.313,53.625,56.25,59.062,60.813,62.563,62.438,62.688,62.750;
1702034760,4.11,91.8,0,92.67,-1.86,76.11,-3.75,14.688,53.75,56.44,61,61.188,62.5,62.438,62.688,62.688;
1702036560,4.11,91.96,0,88.67,1.64,73.17,1.437,20.375,55.875,58.06,61.313,61.562,62.5,62.438,62.688,62.688;
1702038360,4.12,92.12,0,88.33,4.14,68.21,4.25,22.687,56.125,58.38,61.375,61.562,62.5,62.5,62.688,62.688;
1702040160,4.11,92.44,0,85.33,6.21,67.15,5.875,25.438,56.938,58.63,61.438,61.562,62.5,62.5,62.688,62.750;
1702041960,4.12,91.96,0,87,7.16,69.3,6.562,23.187,56.188,58.63,61.438,61.562,62.5,62.438,62.688,62.688;
1702043760,4.12,92.12,0,89,6.69,69.2,5.375,17.562,56.125,57.88,60.625,61.25,62.563,62.438,62.688,62.688;
1702045560,4.12,92.28,0,86.33,1.6,70.1,-0.875,9.125,52.688,55.44,58,60.625,62.5,62.438,62.688,62.688;
1702047360,4.11,91.96,0,95,-2.81,73.66,-4.5,5.312,51.25,54.31,57,60.25,62.563,62.438,62.688,62.688;
1702049160,4.11,91.96,0,101.33,-4.58,79.45,-6.75,4.875,51.063,54,56.938,60.188,62.563,62.438,62.688,62.750;
1702050960,4.11,91.96,0,100.33,-5.24,79.18,-8,4,50.375,53.63,56.938,60.25,62.563,62.438,62.688,62.688;
1702052760,4.11,91.65,0,100.33,-5.44,79.77,-8.5,4,50.188,53.69,56.5,60.188,62.5,62.438,62.688,62.688;
1702054560,4.11,91.65,0,100,-5.32,79.85,-8.563,4.375,50.375,53.75,57.875,60.312,62.563,62.438,62.688,62.750;
1702056360,4.11,91.8,0,102.67,-5.05,81.43,-8.438,5.625,51.188,54.19,58.875,60.563,62.5,62.438,62.688,62.750;
1702058160,4.11,91.96,0,99.67,-3.2,80.17,-7.062,8.125,51.188,54.38,59.5,60.688,62.5,62.438,62.688,62.688;
1702059960,4.11,91.8,0,94.67,-0.98,83.16,-3.688,13.5,53.375,56.19,61.188,61.438,62.563,62.438,62.688,62.688;
1702061760,4.11,92.12,0,91.33,1.82,79.21,-1,14.875,53.5,56.38,61.313,61.5,62.5,62.438,62.688,62.688;
1702063560,4.11,92.12,0,92.33,3,85.07,0.125,16.437,53.625,56.56,61.375,61.562,62.5,62.438,62.688,62.750;
1702065360,4.11,91.8,0,88,1.63,76.98,-0.875,12.938,53.375,56.69,60.375,61.188,62.625,62.438,62.688,62.688;
1702067160,4.11,92.12,0,98.33,-1.31,82.26,-3.313,11.063,53.75,56.38,60.375,61.188,62.563,62.438,62.688,62.688;
1702068960,4.11,91.96,0,92.33,0.28,79.58,-3.25,10.813,53.313,56.38,60.563,61.125,62.5,62.438,62.688,62.688;
1702070628,4.11,91.96,0,94,-1.71,79.47,-4.687,8.313,52,55.25,57.812,60.625,62.563,62.438,62.688,62.688;
1702890030,2.99,0,0,84.67,1.57,51.98,-127,-127,-127,-127,-127,-127,-127,-127,-127,-127.000;
1702891800,3,0,0,81,1.23,49.58,-127,-127,-127,-127,-127,-127,-127,-127,-127,-127.000;
1702893600,3.01,0,0,78.33,1.28,49.77,-127,-127,-127,-127,-127,-127,-127,-127,-127,-127.000;
1702895400,3,0,0,82,0.21,57.29,85,85,85,85,85,85,85,85,85,85.000;
1702897200,3,0,0,80,0.24,57.72,0.312,-127,48.063,53.5,-127,61.813,-127,-127,-127,-127.000;
1702899000,3,0,0,81,1.61,55.61,1.437,41.063,49.125,54.38,61.813,61.813,62.563,62.438,62.688,62.750;
1702900800,3,0,0,77.67,1.64,57.65,-127,-127,-127,-127,-127,-127,-127,-127,-127,-127.000;
1702902600,3.01,0,0,84.33,1.16,69.61,2.625,40.688,49,54.44,61.875,61.938,62.688,62.625,62.938,63.000;
1702904400,3.01,0,0,82.33,2.76,62.19,3.813,-127,-127,-127,-127,-127,-127,-127,-127,-127.000;
1702906200,3.02,0,0,84,1.41,56.46,-127,-127,-127,-127,-127,-127,-127,-127,-127,-127.000;
1702908000,3.02,0,0,79.67,3,53.09,-127,-127,-127,-127,-127,-127,-127,-127,-127,-127.000;
1702909800,3.01,0,0,79.33,3.87,52.21,-127,-127,-127,-127,-127,-127,-127,-127,-127,-127.000;
1702911600,3.02,0,0,91.33,0.93,61.39,-127,-127,-127,-127,-127,-127,-127,-127,-127,-127.000;
1702913400,3.03,0,0,82,-0.52,71.91,-127,-127,-127,-127,-127,-127,-127,-127,-127,-127.000;
1702915200,3.03,0,0,80.33,-1.18,67.36,-127,-127,-127,-127,-127,-127,-127,-127,-127,-127.000;
1702917000,3.02,0,0,86,1.24,59.12,85,85,-127,-127,-127,-127,-127,-127,-127,-127.000;
1702918800,3.02,0,0,85.33,1.24,56.76,85,85,85,85,85,85,85,85,85,85.000;
1702920600,3.02,0,0,86,-2.69,69.69,-1.937,9.125,38.938,50.81,61.75,61.875,62.563,62.5,62.688,62.750;
1702922400,3.02,0,0,85,-2.6,78.61,-1.75,27.875,42.563,52.25,61.813,61.875,62.563,62.5,62.75,62.750;
1702924200,3.02,0,0,81,-0.01,73.61,-1.312,35.813,44.313,53.19,61.813,61.875,62.563,62.5,62.75,62.750;
1702926000,3.02,0,0,82.33,1.78,77.2,-0.187,34.75,44.687,52.81,61.813,61.813,62.563,62.5,62.75,62.812;
1702927800,3.02,0,0,87,3.93,66.88,1.062,39.313,45.875,53.5,61.75,61.813,62.563,62.5,62.688,62.750;
1702929600,3.02,0,0,85.67,4.16,58.53,85,85,85,85,85,85,85,85,85,85.000;
1702931400,3.02,0,0,84,1.69,62.86,0,38.313,44,52.81,61.813,61.875,62.563,62.5,62.688,62.750;
1702933200,3.03,0,0,83.67,2.71,59.72,-127,-127,-127,-127,-127,-127,-127,-127,-127,-127.000;
1702935000,3.03,0,0,79.33,0.17,63.14,-127,-127,-127,-127,-127,-127,-127,-127,-127,-127.000;
1702936800,3.03,0,0,79,-0.13,59.32,-127,-127,-127,-127,-127,-127,-127,-127,-127,-127.000;
1702938600,3.03,0,0,77.33,-0.51,62.35,85,85,85,85,85,85,85,85,85,85.000;
1702940400,3.03,0,0,81.67,-0.25,52.61,-1.437,38.563,45.25,53.5,61.813,61.813,62.563,62.438,62.688,62.750;
1702942200,3.03,0,0,84.67,-1.43,61.15,-2.375,38.063,45.25,53.69,61.813,61.813,62.563,62.5,62.688,62.750;
1702944000,3.03,0,0,86.67,-0.25,60.57,85,85,85,85,85,85,85,85,85,85.000;
1702945800,3.03,0,0,82.33,0.23,62.34,-0.062,39.438,45.75,53.56,61.813,61.813,62.563,62.5,62.688,62.750;
1702947600,3.04,0,0,82.33,1.53,60.55,85,85,85,85,85,85,85,85,85,85.000;
1702949400,3.03,0,0,82.67,0.66,58.36,0.625,37.938,85,85,61.813,85,62.625,62.5,62.75,62.812;
1702951200,3.03,0,0,78,0.57,56.39,0.937,39.688,45.937,53.56,61.813,61.813,-127,62.5,62.688,62.750;
1702953000,3.04,0,0,79.33,0.76,55.33,-127,-127,-127,-127,-127,-127,-127,-127,-127,-127.000;
1702954800,3.03,0,0,81.33,1.49,54.74,1.875,40.5,46.25,53.56,61.813,61.813,62.563,62.5,62.688,62.812;
1702956600,3.04,0,0,83.67,0.72,52.36,-127,-127,-127,-127,-127,-127,-127,-127,-127,-127.000;
1702958400,3.03,0,0,86.33,-1.86,43.87,85,85,85,85,85,85,85,85,85,85.000;
1702960200,3.05,0,0,87.33,-4.28,44.48,85,-127,-127,-127,-127,-127,-127,-127,-127,-127.000;
1702962000,3.03,0,0,89,-4.98,44.43,-7.062,38.313,45.75,-127,85,61.875,85,-127,-127,-127.000;
1702963800,3.03,0,0,86.67,-4.52,46.18,-6.687,38.25,45.063,53.25,61.75,61.813,62.563,62.5,62.75,62.750;
1702965600,3.03,0,0,87.67,-3.62,49.05,-5.25,38,45.625,53.06,61.688,61.813,62.563,62.5,62.75,62.750;
1702967400,3.03,0,0,81.33,-1.87,47.74,-4.125,38.625,45.5,53.06,61.688,61.813,62.563,62.438,62.688,62.750;
1702969200,3.03,0,0,82.67,-1.79,47.13,-3.688,38.063,45,52.94,61.813,61.875,62.563,62.5,62.75,62.812;
1702971000,3.04,0,0,80.67,-1.4,48.69,-3.125,39.063,45.688,53.19,61.688,61.813,62.5,62.5,62.688,62.750;
1702972800,3.04,0,0,84.67,-1.35,49.26,-3.063,39.313,46.125,53.38,61.75,61.875,62.563,62.5,62.75,62.812;
1702974600,3.03,0,0,85,-0.8,50.24,-2.563,39.25,46.375,53.38,61.813,61.875,62.563,62.5,62.75,62.750;
1702976400,3.05,0,0,80.67,0.22,50.03,85,85,-127,-127,85,85,85,85,85,85.000;
1702978200,3.03,0,0,83,0.57,51.85,-0.625,40.625,48.625,53.63,61.688,61.875,62.563,62.5,62.75,62.812;
1702980000,3.05,0,0,82.33,0.6,49.13,-127,-127,-127,-127,-127,-127,-127,-127,-127,-127.000;
1702981800,3.04,0,0,87.33,-2.43,58.15,85,85,85,85,85,85,85,85,85,85.000;
1702983600,3.05,0,0,86,-0.89,67.15,-127,-127,-127,-127,-127,85,-127,-127,-127,-127.000;
1702985400,3.04,0,0,84.33,-1,69.77,-127,-127,-127,-127,-127,-127,-127,-127,-127,-127.000;
1702987200,3.04,0,0,82,-0.35,83.06,85,85,85,85,85,85,85,85,85,85.000;
1702989000,3.04,0,0,83.67,0.57,71.55,2.25,24.25,46,52.75,61.688,61.813,62.563,62.438,62.75,62.812;
1702990800,3.04,0,0,79.33,0.65,66.77,2.938,20.125,45.312,52.44,61.688,61.875,62.563,62.5,62.75,62.875;
1702992600,3.04,0,0,87.33,-3.84,75.07,-0.062,11.312,42.313,51.38,61.688,61.813,62.563,62.5,62.688,62.750;
1702994400,3.04,0,0,87.33,-2.3,72.51,0.312,30.25,47.125,53.5,61.688,61.813,62.563,62.5,62.688,62.750;
1702996200,3.04,0,0,88.33,-0.52,60.01,0.5,10.813,41.875,51.38,61.688,61.813,62.563,62.5,62.75,62.750;
1702998000,3.04,0,0,95.33,-4.89,68.49,-2.063,2.438,36.938,49.5,61.625,61.75,62.5,62.5,62.75,62.812;
1702999800,3.04,0,0,91.67,-7.32,80.87,-4.875,1.375,37.375,49.75,61.625,61.813,62.563,62.5,62.75,62.750;
1703001600,3.04,0,0,91.67,-7.8,83.31,-6.187,1.5,36.375,49.75,61.688,61.813,62.563,62.5,62.75,62.812;
1703003400,3.04,0,0,91.67,-7.17,85.66,-6.187,0.812,36.25,49.38,61.688,61.813,62.563,62.563,62.75,62.812;
1703005200,3.04,0,0,98,-5.7,83.41,-5.25,20.812,41.688,51.88,61.813,61.875,62.625,62.563,62.812,62.875;
1703007000,3.04,0,0,92.33,-2.15,74.71,-3.063,20,42.25,52.19,61.688,61.813,62.563,62.5,62.75,62.812;
1703008800,3.04,0,0,84.33,0.51,69.02,-1.562,27.437,43.375,52.69,61.688,61.875,62.563,62.5,62.75,62.812;
1703010600,3.04,0,0,90,-0.8,82.85,-1.375,25.812,42.313,52.06,61.688,61.875,62.563,62.5,62.812,62.812;
1703012400,3.04,0,0,86.67,1.21,67,-1.5,38.313,44.062,53,61.813,61.875,62.625,62.5,62.75,62.812;
1703014200,3.04,0,0,81.33,2.07,67.87,-0.875,36.063,43.313,52.69,61.813,61.938,62.625,62.5,62.812,62.812;
1703016000,3.04,0,0,86,-0.01,77.83,-1.125,26.5,41.25,51.81,61.813,61.938,62.625,62.563,62.812,62.875;
1703017800,3.04,0,0,89,1.04,65.1,-0.562,33.375,43.25,52.13,61.688,61.813,62.563,62.5,62.75,62.812;
1703019600,3.04,0,0,82.33,1.58,59.47,0.187,29.937,42.375,51.88,61.688,61.875,62.625,62.563,62.812,62.812;
1703021400,3.04,0,0,84.33,1.25,60.05,-0.75,36.375,42.875,52.5,61.813,61.938,62.625,62.563,62.75,62.812;
1703023200,3.04,0,0,83.67,0.48,61.03,-1.375,37.625,43.375,52.88,61.813,61.875,62.563,62.5,62.75,62.812;
1703025000,3.04,0,0,87.33,0.75,59.86,-1.312,-127,-127,-127,61.875,-127,-127,-127,-127,-127.000;
1703026800,3.04,0,0,83.67,0.36,59.07,-127,-127,-127,53.25,-127,-127,62.625,-127,62.75,-127.000;
1703028600,3.04,0,0,82.33,0.59,59.84,-127,-127,-127,85,85,-127,-127,-127,-127,-127.000;
1703030400,3.04,0,0,85.67,0.31,58.5,-0.5,85,-127,-127,-127,-127,-127,-127,-127,-127.000;
1703032200,3.04,0,0,82.67,-0.56,58.41,-0.75,37.875,43,52.88,61.875,61.938,62.563,62.563,62.75,62.812;
1703034000,3.05,0,0,83,-1.2,59.69,-0.312,37.688,42.812,52.63,61.875,61.875,62.563,62.5,62.75,62.812;
1703035800,3.04,0,0,85.67,-1.51,58.42,-0.125,38.25,44.5,53.13,61.75,61.813,62.563,62.5,62.75,62.812;
1703037600,3.04,0,0,85,-1.27,56.07,0.187,38.5,44.313,53.31,61.813,61.875,62.563,62.5,62.75,62.812;
1703039400,3.04,0,0,87,-1.73,56.32,0,38.438,44.125,53.25,61.875,61.875,62.563,62.5,62.75,62.875;
1703041200,3.05,0,0,90.33,-2.36,55.67,-0.625,37.688,45,53.13,61.813,61.875,62.563,62.5,62.812,62.812;
1703043000,3.05,0,0,88,-2.45,54.53,-0.875,38.688,44.438,53.25,61.813,61.875,62.563,62.5,62.75,62.812;
1703044800,3.05,0,0,92.67,-4.82,45.68,-4.437,37.938,44.313,52.94,61.813,61.813,62.563,62.5,62.75,62.750;
1703046600,3.05,0,0,94,-6.38,43.88,-7.187,37.125,44.813,53,61.813,61.875,62.563,62.5,62.75,62.750;
1703048400,3.05,0,0,93,-6.67,45.27,-7.812,38.188,45.063,53.19,61.75,61.813,62.563,62.5,62.75,62.750;
1703050200,3.05,0,0,90,-5.14,47.01,-6.812,36.75,44.938,52.88,61.75,61.813,62.563,62.5,62.75,62.750;
1703052000,3.05,0,0,89.67,-3.28,48.48,-5,38.438,44.5,53.13,61.75,61.813,62.563,62.5,62.75,62.750;
1703053800,3.05,0,0,90.33,-2.46,47.52,-4.062,38.438,45.25,53,61.75,61.813,62.5,62.5,62.75,62.750;
1703055600,3.05,0,0,90.67,-2.16,48.11,-3,38.313,44.125,52.94,61.813,61.813,62.563,62.5,62.75,62.750;
1703057400,3.05,0,0,90,-2.1,49.86,-2.5,38.625,45.438,53.06,61.75,61.813,62.563,62.5,62.75,62.750;
1703059200,3.05,0,0,91.33,-1.66,50.65,-2,39.125,45.25,53.13,61.688,61.813,62.563,62.5,62.75,62.750;
1703061000,3.05,0,0,88.33,-0.93,51.38,-1.375,39.375,45.25,53.31,61.75,61.813,62.563,62.5,62.688,62.750;
1703062800,3.05,0,0,89.33,-0.93,56.93,-0.687,38.688,46.25,52.69,61.688,61.813,62.563,62.5,62.75,62.750;
1703064600,3.05,0,0,82.33,-0.14,57.77,-0.187,39.625,47.938,53.13,61.688,61.813,62.563,62.5,62.688,62.750;
1703066400,3.05,0,0,88,-0.62,54.54,0,35.125,46.625,52.44,61.688,61.813,62.5,62.5,62.75,62.750;
1703068200,3.05,0,0,89.33,-2.63,66.19,-1.25,29.188,46.063,52.25,61.688,61.813,62.563,62.5,62.75,62.750;
1703070000,3.05,0,0,84.33,0.93,60.83,0.625,39.563,49.563,54.25,61.688,61.813,62.563,62.5,62.75,62.750;
1703071800,3.05,0,0,81.33,3.41,56.88,2.75,42.812,50.375,54.81,61.688,61.813,62.563,62.5,62.75,62.750;
1703073600,3.05,0,0,82.33,2.12,68.64,3.375,40.063,48.813,54.13,61.688,61.813,62.563,62.5,62.75,62.750;
1703075400,3.05,0,0,83,2.71,62.26,3.875,25.125,45.063,52.75,61.688,61.813,62.563,62.5,62.688,62.750;
1703077200,3.05,0,0,88.67,-4.35,78.95,-0.25,14.25,41.375,51,61.625,61.813,62.563,62.5,62.75,62.750;
1703079000,3.05,0,0,89.33,-4.39,76.48,-0.687,15.125,42.625,51.44,61.688,61.813,62.563,62.5,62.75,62.812;
1703080800,3.05,0,0,87.33,-5.26,74.35,-1.437,7,39.5,50.44,61.625,61.813,62.563,62.5,62.75,62.750;
1703082600,3.05,0,0,90,-3.15,74.29,-1.062,29,47.063,53.81,61.688,61.813,62.563,62.5,62.75,62.750;
1703084400,3.05,0,0,92.33,-1.16,73.79,-0.125,33.313,46.688,53.88,61.688,61.813,62.563,62.5,62.688,62.750;
1703086200,3.05,0,0,90,0.4,76.54,0.5,35.25,46.938,53.69,61.688,61.813,62.563,62.5,62.75,62.812;
1703088000,3.05,0,0,83.67,3.39,58.91,2,36.438,47.187,54.44,61.75,61.813,62.563,62.5,62.75,62.812;
1703089800,3.05,0,0,82.33,2.9,63.48,2,17.812,43,52,61.625,61.75,62.563,62.5,62.75,62.750;
1703091600,3.05,0,0,81,2.98,69.6,1.687,28.5,45.375,52.75,61.688,61.75,62.563,62.5,62.812,62.812;
1703093400,3.05,0,0,85.33,3.87,79.06,2.688,34.625,46.375,53.38,61.688,61.75,62.563,62.5,62.75,62.812;
1703095200,3.05,0,0,81,6.64,72.24,4.187,28.937,45.875,53.38,61.625,61.75,62.5,62.5,62.75,62.812;
1703097000,3.05,0,0,81.33,6.39,75.13,4.375,19.375,43,52.25,61.625,61.813,62.563,62.5,62.75,62.812;
1703098800,3.05,0,0,87.33,1.88,82.62,1.5,15.062,40.25,51.19,61.625,61.813,62.563,62.5,62.75,62.812;
1703100600,3.05,0,0,88.67,0.21,89.76,-0.062,8.938,38.25,50.19,61.625,61.813,62.5,62.438,62.75,62.812;
1703102400,3.05,0,0,89.67,-0.3,87.65,-0.5,15.938,41.313,51.5,61.688,61.813,62.563,62.5,62.75,62.812;
1703104200,3.05,0,0,89.33,0.59,83.52,0,15.188,41.313,51.25,61.625,61.813,62.563,62.5,62.812,62.812;
1703106000,3.05,0,0,91.67,1.59,80.04,0.937,15.625,41.063,51.31,61.688,61.75,62.563,62.5,62.75,62.812;
1703107800,3.06,0,0,89.67,1.56,82.61,0.875,34.313,44.75,52.44,61.625,61.75,62.5,62.5,62.688,62.750;
1703109600,3.05,0,0,83.67,4.84,70.41,2.938,27.375,43.875,52.38,61.625,61.75,62.5,62.5,62.75,62.750;
1703111400,3.05,0,0,82.33,5.87,71.32,3.75,40.063,46.375,53.5,61.688,61.75,62.563,62.5,62.688,62.750;
1703113200,3.05,0,0,78.67,8.13,74.19,5.625,34.563,45.813,53.19,61.625,61.75,62.5,62.5,62.75,62.750;
1703115000,3.05,0,0,76.33,8.76,76.95,6.875,40.813,46.688,53.69,61.625,61.75,62.563,62.5,62.75,62.750;
1703116800,3.05,0,0,80,7.96,77.99,7,40.813,46.375,53.44,61.688,61.75,62.5,62.5,62.75,62.750;
1703118600,3.05,0,0,79.67,6.6,71.19,7.187,38.25,44.813,52.81,61.688,61.75,62.5,62.5,62.688,62.750;
1703120400,3.05,0,0,85.33,3.32,78.94,5.562,32.938,43.75,51.88,61.625,61.75,62.5,62.5,62.688,62.750;
1703122200,3.06,0,0,81.33,3.4,74.78,4.875,37.25,45.125,52.81,61.688,61.75,62.5,62.5,62.688,62.750;
1703124000,3.05,0,0,86,1.44,74.21,4.687,34.125,44.125,52.13,61.625,61.75,62.5,62.438,62.75,62.750;
1703125800,3.06,0,0,84.33,3.7,64.11,4.75,40.875,46.938,53.63,61.688,61.75,62.5,62.438,62.688,62.750;
1703127600,3.06,0,0,79.33,5.51,59.12,5.375,41.313,47.563,54,61.688,61.813,62.5,62.5,62.688,62.750;
1703129400,3.06,0,0,84.67,5.85,55.32,4.75,42.5,48.063,54.31,61.688,61.75,62.563,62.5,62.688,62.750;
1703131200,3.06,0,0,83,4.42,49.84,2.438,42,47.5,54.13,61.688,61.75,62.563,62.5,62.688,62.750;
1703133000,3.06,0,0,82.67,2.94,48.31,0.562,41.938,47.812,54.19,61.688,61.75,62.5,62.438,62.688,62.750;
1703134800,3.06,0,0,83,3.01,50.25,0.562,41.813,47.625,54.19,61.688,61.75,62.5,62.438,62.688,62.750;
1703136600,3.06,0,0,82,3.35,47.78,-0.25,40.937,47.25,53.88,61.688,61.75,62.5,62.438,62.688,62.750;
1703138400,3.06,0,0,92,1.62,53.74,0.437,35.938,44.438,52.81,61.625,61.75,62.5,62.438,62.688,62.750;
1703140200,3.06,0,0,89.33,-0.01,73.05,1.375,29.687,41.313,52.44,61.688,61.75,62.563,62.438,62.688,62.750;
1703142000,3.06,0,0,90,0.8,68.63,-0.062,31.437,42.625,52.94,61.625,61.75,62.563,62.5,62.688,62.750;
1703143800,3.06,0,0,91.33,2.1,71.17,0.875,29.437,42,52.44,61.625,61.75,62.5,62.5,62.688,62.750;
1703145600,3.06,0,0,93.33,1.15,76.23,1.812,28.125,41.5,52.56,61.625,61.75,62.5,62.438,62.688,62.750;
1703147400,3.06,0,0,88.33,1.3,82.24,2.25,36.813,46.125,53.13,61.688,61.75,62.5,62.5,62.688,62.750;
1703149200,3.06,0,0,86.33,2.64,73.7,2.813,30.125,44.062,53.06,61.625,61.75,62.5,62.5,62.688,62.750;
1703151000,3.06,0,0,89,0.73,85.32,1.75,30,45.312,52.75,61.625,61.688,62.563,62.5,62.688,62.750;
1703152800,3.06,0,0,89.33,-2.09,76.6,-0.25,26.562,43.5,51.94,61.562,61.688,62.5,62.438,62.688,62.750;
1703154600,3.06,0,0,91,-2.31,89.59,-0.562,31.187,45.688,53.31,61.625,61.75,62.563,62.438,62.688,62.750;
1703156400,3.06,0,0,87.67,2.99,81.28,2,32.563,46,53.38,61.625,61.688,62.5,62.438,62.688,62.750;
1703158200,3.06,0,0,88.33,1.14,90.85,3,26.75,44.687,52.63,61.625,61.688,62.5,62.5,62.688,62.750;
1703160000,3.06,0,0,90,0.74,94.89,2.813,31.312,45.875,53.06,61.625,61.75,62.563,62.5,62.75,62.750;
1703161800,3.06,0,0,91.33,1,100,4,33.75,47.812,53.31,61.625,61.75,62.5,62.5,62.75,62.750;
1703163600,3.06,0,0,91,1.21,97.74,4.187,33.625,47.25,53.31,61.688,61.75,62.5,62.438,62.688,62.750;
1703165400,3.06,0,0,89.33,1.22,100,4.437,34.125,48.25,53.75,61.625,61.75,62.563,62.5,62.688,62.750;
1703167200,3.06,0,0,90,1.51,93.2,4.125,23.125,46.188,53,61.625,61.75,62.5,62.5,62.688,62.750;
1703169000,3.06,0,0,91,1.19,93.66,3.75,24,46,53.06,61.625,61.688,62.5,62.5,62.688,62.750;
1703170800,3.06,0,0,90,1.18,99.52,3,17.937,45.625,53.06,61.625,61.688,62.563,62.5,62.688,62.750;
1703172600,3.06,0,0,94.33,1.4,100,2.688,25.375,46,53.06,61.625,61.688,62.5,62.5,62.688,62.750;
1703174400,3.06,0,0,90,0.92,87.37,2.375,11.438,42.625,52,61.562,61.688,62.5,62.5,62.688,62.750;
1703176200,3.06,0,0,87.33,-0.62,92.55,1.125,10.438,41.688,51.5,61.625,61.75,62.5,62.438,62.688,62.750;
1703178000,3.06,0,0,88.67,0.09,99.26,1.562,21.75,43.75,52.06,61.625,61.75,62.563,62.5,62.688,62.750;
1703179800,3.06,0,0,87,0.6,94.31,2.063,22.625,43.5,51.94,61.625,61.75,62.563,62.5,62.688,62.750;
1703181600,3.06,0,0,91.67,2.04,100,3.063,18.437,43.625,52.19,61.625,61.688,62.5,62.438,62.688,62.750;
1703183400,3.06,0,0,91.67,3.65,100,3.688,18.187,43.437,52.19,61.625,61.75,62.5,62.5,62.688,62.750;
1703185200,3.06,0,0,91.33,2.83,96.34,3.75,24.25,43.938,52.25,61.625,61.75,62.563,62.5,62.688,62.750;
1703187000,3.06,0,0,86,3.76,99.32,4.375,12.938,42.5,51.81,61.625,61.75,62.5,62.5,62.75,62.750;
1703188800,3.06,0,0,88.33,-0.54,90.61,2.063,18.125,41.813,51.5,61.625,61.75,62.563,62.5,62.75,62.750;
1703190600,3.06,0,0,90,-2.6,98.56,0.625,28.625,43.063,51.69,61.625,61.75,62.563,62.5,62.75,62.750;
1703192400,3.06,0,0,89,-2.63,97.96,0.437,32.813,43.75,51.94,61.562,61.75,62.563,62.5,62.75,62.750;
1703194200,3.06,0,0,91.67,-3,85.64,0,25.062,42.25,51.44,61.625,61.75,62.563,62.5,62.688,62.750;
1703196000,3.07,0,0,90.33,-3.57,83.4,-0.687,31.125,43.188,51.69,61.625,61.75,62.563,62.5,62.688,62.750;
1703197800,3.06,0,0,85.67,-1.24,92.34,1.062,35.25,45.063,52.5,61.625,61.75,62.563,62.5,62.75,62.750;
1703199600,3.06,0,0,91,1.28,77.27,2.063,31.625,43.625,52.06,61.625,61.75,62.563,62.5,62.688,62.750;
1703201400,3.06,0,0,84,3.05,76.74,3.25,40.5,46.75,53.5,61.688,61.75,62.563,62.5,62.688,62.750;
1703203200,3.06,0,0,91,1.77,75.59,2,38.25,45.312,52.56,61.625,61.75,62.5,62.5,62.75,62.750;
1703205000,3.06,0,0,90.33,2.07,65.83,2.125,21.187,41.688,51.44,61.625,61.75,62.5,62.5,62.75,62.750;
1703206800,3.06,0,0,88.67,0,81.71,1.5,39.188,45.75,52.81,61.688,61.75,62.563,62.5,62.688,62.750;
1703208600,3.06,0,0,90.67,2.53,80.77,3.813,37.688,45.188,52.44,61.625,61.75,62.563,62.5,62.688,62.750;
1703210400,3.06,0,0,89.67,0.59,77.21,2.938,37.625,45.438,53,61.688,61.75,62.5,62.5,62.75,62.750;
1703212200,3.06,0,0,92.33,1.13,74.24,2.5,37.563,45.188,52.63,61.625,61.75,62.5,62.5,62.75,62.750;
1703214000,3.06,0,0,87,0.24,70.79,2.375,34.5,44.062,52.31,61.688,61.75,62.563,62.5,62.75,62.750;
1703215800,3.06,0,0,92.33,2.02,79.94,2.688,39.438,46.063,52.94,61.625,61.75,62.563,62.438,62.688,62.750;
1703217600,3.06,0,0,87.33,1.15,69.79,1.75,26.5,42.75,52.19,61.625,61.75,62.563,62.5,62.75,62.812;
1703219400,3.07,0,0,86.33,-5.06,81.92,-1.625,18.437,40.563,51.13,61.625,61.75,62.563,62.5,62.75,62.750;
1703221200,3.07,0,0,86.33,-5.11,85.98,-3.563,30.5,42.875,52.25,61.688,61.813,62.563,62.5,62.75,62.750;
1703223000,3.07,0,0,89,-6.83,85.11,-3.438,15.25,39.938,50.81,61.688,61.813,62.625,62.563,62.812,62.812;
1703224800,3.07,0,0,97,-7.74,85.86,-3.688,26.437,41.375,50.94,61.688,61.813,62.625,62.5,62.812,62.875;
1703226600,3.06,0,0,89.67,-6.75,83.81,-3.313,16.187,40.688,50.94,61.688,61.875,62.688,62.563,62.875,62.875;
1703228400,3.06,0,0,99,-7.48,89.61,-3.563,14.5,40.563,50.88,61.75,61.938,62.688,62.688,62.938,63.063;
1703230200,3.06,0,0,88,-1.79,90.83,-0.937,36.438,44.062,52.19,61.813,61.875,62.75,62.625,62.875,62.938;
1703232000,3.06,0,0,88.67,-1.09,84.62,0.25,30.438,-127,51.88,61.688,61.875,62.688,-127,-127,-127.000;
1703233800,3.07,0,0,89.33,-0.22,84.43,85,85,85,-127,85,85,85,85,85,85.000;
1703235600,3.07,0,0,88.33,-1.18,78.04,85,85,85,85,85,85,85,85,85,85.000;
1703237400,3.07,0,0,84.67,-2.65,86.67,0.25,25.25,42.812,51.44,61.688,61.75,62.563,62.5,62.688,62.750;
1703239200,3.07,0,0,88.33,-3.02,86.03,0.125,31,43,51.38,61.625,61.75,62.563,62.5,62.75,62.750;
1703241000,3.07,0,0,88,-2.53,88.92,0.125,21.187,42.625,51.5,61.625,61.75,62.563,62.5,62.688,62.750;
1703242800,3.07,0,0,87.67,-3.02,96.69,0.312,34.25,44.687,52.06,61.688,61.813,62.563,62.5,62.812,62.812;
1703244600,3.07,0,0,90.33,-1.55,91.25,1.187,21,42.5,51.75,61.625,61.75,62.563,62.563,62.75,62.812;
1703246400,3.07,0,0,83.67,-2.85,94.89,0.375,14.437,41.688,51.25,61.688,61.813,62.563,62.5,62.75,62.812;
1703248200,3.07,0,0,89.33,-4.1,91.97,-0.75,8.125,39.563,50.63,61.625,61.813,62.563,62.5,62.812,62.812;
1703250000,3.07,0,0,89.33,-3.16,100,0.062,19.25,43.25,51.94,61.688,61.813,62.625,62.563,62.812,62.875;
1703251800,3.07,0,0,88.33,-1.95,100,1,32.438,45.312,52.38,61.688,61.813,62.625,62.563,62.812,62.938;
1703253600,3.06,0,0,91,0.07,100,2.25,22.812,43.75,51.94,61.688,61.813,62.688,62.563,62.875,62.938;
1703255400,3.07,0,0,86.67,2.49,100,3.938,29.188,46.125,53.25,61.625,61.75,62.625,62.563,62.75,62.875;
1703257200,3.06,0,0,82,7.77,98,5.375,22.062,43.437,53,61.688,61.75,62.563,62.563,62.812,62.938;
1703259000,3.06,0,0,91.67,2.83,100,2.313,21.562,41.063,51.63,61.625,61.75,62.563,62.5,62.812,62.812;
1703260800,3.07,0,0,88.67,-1.15,100,0.375,15.875,40.375,51.31,61.562,61.688,62.625,62.563,62.812,62.938;
1703262600,3.07,0,0,89,-1.92,100,-0.062,8.563,39.563,50.44,61.688,61.813,62.625,62.563,62.75,62.875;
1703264400,3.07,0,0,89.67,-4.93,100,-0.312,3.375,36.5,49.44,61.625,61.813,62.625,62.625,62.875,63.063;
1703266200,3.07,0,0,99.33,-7.51,100,-4.25,5.312,37.5,49.31,61.562,61.75,62.563,62.5,62.688,62.750;
1703268000,3.07,0,0,100.33,-6.97,100,-4.062,8.375,38.188,50.06,61.625,61.75,62.563,62.5,62.75,62.812;
1703269800,3.07,0,0,87.33,-5.52,100,-4.812,26.437,42.688,52.19,61.625,61.75,62.563,62.5,62.75,62.812;
1703271600,3.07,0,0,82,-0.99,100,-4.062,22.313,39.625,51.81,61.562,61.75,62.563,62.5,62.75,62.750;
1703273400,3.07,0,0,88,-0.39,100,-2.75,32.438,43.188,52.63,61.625,61.75,62.563,62.5,62.688,62.750;
1703275200,3.07,0,0,88.67,-1.14,100,-2.688,34.688,43.875,52.25,61.625,61.75,62.563,62.5,62.75,62.812;
1703277000,3.07,0,0,89,-2.34,93.66,-1.187,7.875,37.188,49.5,61.625,61.688,62.563,62.5,62.812,62.750;
1703278800,3.07,0,0,92.67,-6.13,100,-3.688,22.562,41.875,51.25,61.625,61.75,62.563,62.5,62.75,62.812;
1703280600,3.07,0,0,89,-5.82,100,-3.563,24.312,41.063,51.19,61.625,61.688,62.563,62.5,62.75,62.812;
1703282400,3.07,0,0,87.67,-6.17,95.63,-6.812,22.687,39.25,51.19,61.625,61.75,62.563,62.5,62.75,62.750;
1703284200,3.07,0,0,90,-5.78,100,-6,32.313,42.938,51.5,61.625,61.688,62.563,62.5,62.75,62.750;
1703286000,3.07,0,0,94,-5.35,92.54,-6.562,19.937,38.188,50.75,61.625,61.688,62.563,62.5,62.688,62.750;
1703287800,3.07,0,0,91,-5.39,96.35,-6.375,30,42.187,51.63,61.625,61.688,62.563,62.5,62.688,62.750;
1703289600,3.07,0,0,90.67,-6.01,93.1,-5.437,36.813,44.75,52.5,61.625,61.75,62.563,62.5,62.688,62.750;
1703291400,3.07,0,0,86,-2.75,79.41,-4.625,35.438,45.563,52.94,61.625,61.75,62.563,62.5,62.75,62.812;
1703293200,3.07,0,0,86.33,-2.37,74.66,-4.562,37.25,45.5,52.88,61.688,61.75,62.563,62.5,62.75,62.812;
1703295000,3.07,0,0,86.33,-2.15,70.01,-4.125,36.625,44.313,52.94,61.688,61.813,62.563,62.5,62.688,62.750;
1703296800,3.07,0,0,88.67,-3.63,67.69,-5.312,34.938,44,52.38,61.688,61.75,62.563,62.5,62.75,62.750;
1703298600,3.07,0,0,89.33,-4.25,68.29,-6,38.25,44.5,52.94,61.688,61.75,62.563,62.5,62.688,62.750;
1703300400,3.07,0,0,88.33,-3.81,66.47,-5.437,36.938,44.438,52.69,61.688,61.813,62.563,62.5,62.75,62.750;
1703302200,3.07,0,0,88.67,-3.46,68.47,-5.062,37.5,44.625,52.81,61.688,61.75,62.563,62.5,62.75,62.750;
1703304000,3.07,0,0,85.67,-2.47,66.7,-4.375,38.813,45.438,53,61.688,61.75,62.563,62.5,62.75,62.750;
1703305800,3.07,0,0,86.33,-0.94,68.12,-2.375,40,45.688,53.31,61.688,61.75,62.563,62.5,62.75,62.812;
1703307600,3.07,0,0,90.33,-0.81,56.86,-3,38.5,44.938,53.06,61.688,61.75,62.563,62.5,62.75,62.750;
1703309400,3.07,0,0,89.33,-2.12,59.58,-3.375,38.313,44.313,52.81,61.688,61.75,62.563,62.5,62.75,62.750;
1703311200,3.07,0,0,85,-2.89,62.71,-3.063,37.438,43.313,52.5,61.688,61.75,62.563,62.5,62.75,62.750;
1703313000,3.07,0,0,87.67,-3.8,64.88,-3,22.375,40.563,50.88,61.625,61.75,62.563,62.5,62.75,62.750;
1703314800,3.07,0,0,88.33,-3.7,81.71,-3.75,38.563,45.75,53,61.625,61.75,62.563,62.5,62.75,62.750;
1703316600,3.07,0,0,86.33,-1.12,67.73,-2.563,37.75,45.813,53.25,61.688,61.75,62.563,62.5,62.75,62.750;
1703318400,3.07,0,0,88.33,1.17,72.21,-1.375,37,45.125,53.25,61.625,61.688,62.563,62.5,62.688,62.750;
1703320200,3.07,0,0,89.33,0.86,75.88,-0.312,35.875,44.5,52.5,61.625,61.688,62.563,62.438,62.75,62.750;
1703322000,3.07,0,0,88.33,1.28,76.37,-0.125,36.688,44.75,52.25,61.625,61.688,62.563,62.5,62.75,62.750;
1703323800,3.07,0,0,91,0.31,78.8,1.687,36.313,44.75,52.06,61.562,61.688,62.563,62.5,62.75,62.750;
1703325600,3.07,0,0,86.33,0.45,81.35,1.5,38.313,45.312,52.31,61.562,61.75,62.563,62.5,62.75,62.750;
1703327400,3.07,0,0,87.33,1.09,81.47,2.313,34.563,45.25,52.31,61.5,61.688,62.563,62.5,62.688,62.750;
1703329200,3.07,0,0,88,-1.73,88.08,1.062,26.25,44,52.06,61.625,61.688,62.5,62.5,62.75,62.812;
1703331000,3.07,0,0,87.67,-4.77,93.45,-1.062,25.5,43.25,51.44,61.562,61.688,62.563,62.5,62.75,62.750;
1703332800,3.07,0,0,88.33,-1.6,88.3,0.625,32.625,45.25,52.56,61.562,61.688,62.563,62.5,62.75,62.750;
1703334600,3.07,0,0,90.33,-2.73,83.53,0.625,18.312,44.687,52.19,61.562,61.75,62.563,62.5,62.75,62.750;
1703336400,3.07,0,0,88.67,-4.17,91.06,-0.437,27.5,45.5,52.38,61.5,61.625,62.563,62.5,62.75,62.750;
1703338200,3.07,0,0,87.33,-3.55,87.88,-0.437,20.75,42.625,51.63,61.562,61.688,62.563,62.5,62.75,62.750;
1703340000,3.07,0,0,91.33,-4.4,87.83,-1.375,12.438,41.625,51.06,61.562,61.688,62.563,62.5,62.688,62.750;
1703341800,3.07,0,0,88.67,-2.91,92.59,-0.375,19.312,41.813,51.38,61.625,61.75,62.563,62.5,62.75,62.750;
1703343600,3.07,0,0,91.33,-4.59,87.91,-1.687,12.562,40.5,50.88,61.562,61.688,62.563,62.5,62.75,62.750;
1703345400,3.07,0,0,89.33,-4.15,95.58,-0.875,9.813,39.438,50.44,61.562,61.688,62.563,62.5,62.75,62.750;
1703347200,3.07,0,0,93,-3.91,100,-1.562,5.562,38.063,50,61.5,61.688,62.563,62.5,62.75,62.750;
1703349000,3.07,0,0,96.33,-5.51,100,-2.813,3.625,36,49,61.438,61.625,62.563,62.5,62.75,62.750;
1703350800,3.07,0,0,104,-7.38,100,-4.312,4.75,36.5,49.13,61.438,61.688,62.563,62.5,62.75,62.750;
1703352600,3.08,0,0,106,-7.96,100,-5.062,4.375,34.688,48,61.438,61.625,62.5,62.5,62.688,62.750;
1703354400,3.07,0,0,105.67,-7.65,100,-5.125,5.937,35.813,48.69,61.5,61.688,62.563,62.5,62.75,62.750;
1703356200,3.08,0,0,108.33,-7.54,100,-5.312,2.625,34.063,47.69,61.375,61.625,62.5,62.5,62.688,62.750;
1703358000,3.07,0,0,99.67,-6.55,100,-4.75,4.75,34.75,48.19,61.438,61.625,62.563,62.5,62.75,62.750;
1703359800,3.08,0,0,111,-6.79,100,-5.062,5.812,35.938,48.94,61.5,61.625,62.563,62.5,62.75,62.750;
1703361600,3.07,0,0,96.67,-5.18,100,-4.625,5.125,35.25,48.69,61.438,61.625,62.563,62.5,62.75,62.750;
1703363400,3.07,0,0,101,-5.06,100,-4.312,9.625,37.813,49.94,61.562,61.688,62.563,62.5,62.75,62.750;
1703365200,3.07,0,0,93.33,-3.02,100,-3.313,15.938,38.188,50,61.562,61.688,62.563,62.5,62.75,62.750;
1703367000,3.08,0,0,88.33,-3,100,-3.188,15.313,39.625,50.69,61.625,61.688,62.563,62.5,62.75,62.750;
1703368800,3.08,0,0,100.33,-3.34,100,-3.125,7.812,36.75,49.5,61.562,61.688,62.563,62.5,62.75,62.750;
1703370600,3.08,0,0,97.33,-3.99,100,-3.188,12,38.5,50.31,61.562,61.688,62.563,62.5,62.75,62.750;
1703372400,3.07,0,0,86.33,-2.44,100,-1.75,30.625,43.188,51.94,61.625,61.688,62.563,62.5,62.75,62.750;
1703374200,3.07,0,0,85,-0.66,100,-0.125,30.25,41.938,51.5,61.625,61.688,62.563,62.5,62.75,62.750;
1703376000,3.07,0,0,88,0.35,100,1.125,26.312,40.875,51.06,61.562,61.688,62.563,62.5,62.75,62.750;
1703377800,3.07,0,0,88,-0.56,100,1.937,30,41.688,51.31,61.562,61.688,62.563,62.5,62.75,62.750;
1703379600,3.07,0,0,89.67,-0.6,100,2.375,33.063,42.938,51.75,61.625,61.688,62.563,62.5,62.75,62.750;
1703381400,3.07,0,0,91.67,1.85,95.25,4,35.375,42.875,51.88,61.625,61.688,62.563,62.5,62.75,62.750;
1703383200,3.07,0,0,86.33,-0.99,95.54,2,33.625,42.75,51.81,61.625,61.688,62.563,62.5,62.75,62.812;
1703385000,3.07,0,0,89,1.38,95.82,4.187,34.813,43,51.94,61.625,61.688,62.563,62.5,62.75,62.750;
1703386800,3.07,0,0,86,1.83,93.34,4.625,34.063,42.688,51.94,61.625,61.688,62.563,62.5,62.688,62.750;
1703388600,3.07,0,0,86.33,1.32,93.31,4.125,35.375,42.625,51.88,61.625,61.688,62.563,62.5,62.75,62.750;
1703390400,3.07,0,0,90,-1.74,84.11,-0.25,31.5,41.5,51.88,61.625,61.688,62.563,62.5,62.75,62.750;
1703392200,3.08,0,0,87,-5.11,89.89,-3.625,29,40.25,51.75,61.625,61.688,62.563,62.5,62.75,62.812;
1703394000,3.08,0,0,95.67,-5.84,89.27,-6,29,40.875,51.63,61.625,61.688,62.563,62.5,62.75,62.750;
1703395800,3.08,0,0,107.67,-8.22,98.43,-6.437,22.562,38,50.31,61.562,61.625,62.563,62.5,62.75,62.750;
1703397600,3.08,0,0,113,-8.64,98.47,-7.125,24,38.438,50.88,61.625,61.688,62.563,62.5,62.75,62.750;
1703399400,3.08,0,0,88.33,-5.13,90.64,-4.687,29.937,41.125,51.88,61.625,61.75,62.563,62.5,62.75,62.750;
1703401200,3.08,0,0,88.67,-2.6,87.91,-3,32.438,42.563,52.38,61.688,61.75,62.563,62.5,62.75,62.750;
1703403000,3.07,0,0,85.67,-0.73,86.6,-2,31.25,42.875,52.31,61.688,61.75,62.563,62.5,62.75,62.750;
1703404800,3.08,0,0,84.67,-0.55,85.6,-1.75,31.812,42.5,52.63,61.688,61.75,62.563,62.5,62.75,62.750;
1703406600,3.08,0,0,88.33,-1.33,87.04,-1.687,30.562,42,52.25,61.625,61.75,62.563,62.5,62.75,62.750;
1703408400,3.08,0,0,88,-0.33,88.21,-0.812,29,42.563,52.19,61.625,61.688,62.563,62.5,62.75,62.750;
1703410200,3.08,0,0,90.67,-3.56,97.01,-1.375,23.125,41.938,51.38,61.625,61.688,62.563,62.5,62.75,62.750;
1703412000,3.08,0,0,96.33,-4.92,100,-2.938,28.5,44.25,52.19,61.625,61.688,62.563,62.5,62.75,62.750;
1703413800,3.08,0,0,87.67,-1.96,100,-2.938,33.25,46.562,53.31,61.688,61.75,62.563,62.5,62.75,62.750;
1703415600,3.07,0,0,85.67,-0.61,96.63,-1.812,29.375,44.375,53.13,61.688,61.75,62.563,62.5,62.75,62.750;
1703417400,3.07,0,0,88.33,0.83,97.63,-0.562,32.875,46.562,53.81,61.688,61.75,62.563,62.5,62.75,62.750;
1703419200,3.08,0,0,85.33,0.34,100,-0.062,27.875,44.625,52.94,61.625,61.75,62.563,62.5,62.75,62.750;
1703421000,3.08,0,0,87,1.55,100,1,31.125,45.563,54.19,61.688,61.75,62.563,62.5,62.75,62.750;
1703422800,3.07,0,0,86,2.57,99.47,2.875,31.5,46.625,54.19,61.625,61.75,62.563,62.5,62.75,62.750;
1703424600,3.07,0,0,89,1.58,100,2.875,30.875,46.562,54,61.625,61.75,62.563,62.5,62.688,62.750;
1703426400,3.08,0,0,89,2.35,100,3.188,31.187,47.25,54,61.625,61.75,62.563,62.5,62.75,62.750;
1703428200,3.07,0,0,87.67,2.97,100,2.875,26.312,46.063,53.75,61.625,61.688,62.563,62.5,62.75,62.750;
1703430000,3.07,0,0,89,4.08,94.7,3.313,32.688,47.313,54.31,61.625,61.688,62.563,62.563,62.75,62.750;
1703431800,3.08,0,0,87.33,2.78,94.5,2.125,22.313,43.063,52.94,61.625,61.688,62.563,62.5,62.75,62.750;
1703433600,3.08,0,0,90.33,4.1,97.56,2.563,23,44.438,53.31,61.625,61.688,62.563,62.5,62.75,62.750;
1703435400,3.07,0,0,86.33,4.66,100,2.188,30.562,45.438,54.31,61.688,61.75,62.563,62.5,62.75,62.750;
1703437200,3.07,0,0,86,8.47,89.35,3.938,36.313,48.25,54.88,61.688,61.75,62.563,62.563,62.75,62.750;
1703439000,3.07,0,0,87,9.12,91.39,4.687,30.5,44.5,53.56,61.625,61.75,62.563,62.5,62.75,62.750;
1703440800,3.07,0,0,89.33,7.59,100,4.562,33.125,46.25,54.06,61.688,61.75,62.563,62.5,62.75,62.750;
1703442600,3.07,0,0,86.67,8.52,94.46,4.875,24.562,43.063,52.56,61.625,61.688,62.563,62.5,62.75,62.750;
1703444400,3.08,0,0,88.33,5.71,100,3.438,34,45.813,53.63,61.688,61.75,62.563,62.563,62.75,62.750;
1703446200,3.08,0,0,91,6.81,100,3.813,33.625,44.813,53.75,61.688,61.75,62.563,62.563,62.75,62.750;
1703448000,3.08,0,0,88,5.94,90.45,1.937,28.75,42.812,53.38,61.688,61.75,62.563,62.5,62.75,62.812;
1703449800,3.08,0,0,88,5.36,88.15,1.25,30.812,43.25,53.5,61.75,61.75,62.563,62.5,62.75,62.750;
1703451600,3.08,0,0,87.67,4.26,86.51,0.312,26.063,41.25,52.75,61.688,61.75,62.625,62.5,62.75,62.750;
1703453400,3.08,0,0,82,2.51,89.51,-0.5,28.75,42.25,53.06,61.688,61.813,62.563,62.5,62.75,62.750;
1703455200,3.08,0,0,86.33,1.46,85.91,-1.812,32.063,44.25,53.19,61.75,61.813,62.563,62.563,62.75,62.750;
1703457000,3.08,0,0,81.33,2.62,86.53,-1.25,23.125,40.563,52.63,61.688,61.813,62.563,62.5,62.75,62.750;
1703458800,3.08,0,0,87.33,-0.11,93.64,-2.313,29.687,42.688,52.81,61.688,61.813,62.563,62.5,62.75,62.750;
1703460600,3.08,0,0,88.33,1.35,92.09,-1.937,33.563,44.687,53.44,61.75,61.813,62.563,62.563,62.75,62.750;
1703462400,3.08,0,0,90.67,5.95,89.88,1.875,30.312,42.75,52.94,61.813,61.813,62.563,62.563,62.75,62.750;
1703464200,3.08,0,0,87.67,6.47,97.41,3.938,29.312,42,52.69,61.75,61.813,62.563,62.5,62.75,62.750;
1703466000,3.08,0,0,86.67,5.4,91.63,4.437,29.75,41.625,52.88,61.75,61.813,62.563,62.5,62.75,62.750;
1703467800,3.08,0,0,90,5.05,91.68,4.812,31.5,42.187,52.81,61.75,61.813,62.563,62.5,62.75,62.750;
1703469600,3.08,0,0,88,5.03,91.9,5.375,33,42.75,52.88,61.688,61.813,62.563,62.563,62.75,62.750;
1703471400,3.08,0,0,89.67,5.27,88.84,6.25,35.5,43.25,53,61.75,61.75,62.563,62.563,62.75,62.750;
1703473200,3.08,0,0,89.33,4.08,92.6,5.125,31.937,42.063,52.69,61.75,61.813,62.563,62.5,62.75,62.750;
1703475000,3.08,0,0,85.67,3.34,90.46,4.687,30.312,41.813,52.63,61.75,61.813,62.563,62.5,62.75,62.750;
1703476800,3.08,0,0,88.33,-0.91,80.71,-0.625,33.375,43.313,52.5,61.688,61.813,62.563,62.563,62.75,62.750;
1703478600,3.08,0,0,88.67,-3.42,80.82,-5.125,31.688,43.688,52.75,61.813,61.813,62.563,62.563,62.75,62.750;
1703480400,3.08,0,0,90,-4.17,81.53,-6.375,28.312,41,52.56,61.75,61.813,62.563,62.5,62.75,62.750;
1703482200,3.08,0,0,98,-4.98,84.35,-5.937,23.5,39.375,52.19,61.75,61.813,62.563,62.5,62.75,62.750;
1703484000,3.08,0,0,105.33,-7.14,83.43,-7.437,19.25,38.375,51.56,61.688,61.813,62.563,62.5,62.75,62.750;
1703485800,3.08,0,0,103.33,-6.36,86.14,-6.062,25.75,39.75,52,61.688,61.75,62.563,62.5,62.75,62.750;
1703487600,3.08,0,0,89,-2.75,84.56,-2.688,34.188,43.125,52.75,61.688,61.75,62.563,62.5,62.75,62.750;
1703489400,3.08,0,0,88,-0.91,81.38,-1.5,32.688,43.25,52.75,61.75,61.813,62.563,62.563,62.75,62.750;
1703491200,3.08,0,0,85.67,-0.59,79.53,-0.75,31.437,43.313,52.63,61.813,61.813,62.563,62.563,62.75,62.750;
1703493000,3.08,0,0,85,0.53,86.22,-0.75,33.688,43.5,53.06,61.688,61.75,62.563,62.563,62.75,62.750;
1703494800,3.08,0,0,89.67,-0.42,87.6,-1.187,29,42.438,52.31,61.688,61.75,62.563,62.563,62.75,62.750;
1703496600,3.08,0,0,86,0.73,99.31,-0.25,37.75,46.125,53.56,61.688,61.75,62.563,62.5,62.75,62.812;
1703498400,3.08,0,0,88.67,2.67,98.44,2,32.75,45.312,53.5,61.688,61.75,62.563,62.5,62.75,62.750;
1703500200,3.08,0,0,86.33,0.96,100,2.313,33.25,44.813,53.25,61.688,61.813,62.563,62.563,62.75,62.750;
1703502000,3.08,0,0,87,1.1,100,2.688,31.937,44.5,52.94,61.688,61.75,62.563,62.5,62.75,62.750;
1703503800,3.08,0,0,87.33,0.63,100,2.688,31.5,45.563,53,61.688,61.75,62.563,62.5,62.75,62.750;
1703505600,3.08,0,0,84.67,0.42,100,2.688,30.062,44.313,52.38,61.688,61.75,62.563,62.563,62.75,62.750;
1703507400,3.08,0,0,85,0.43,100,2.375,30.812,44.375,52.88,61.688,61.75,62.563,62.563,62.75,62.750;
1703509200,3.08,0,0,88,-0.81,100,1.875,32.375,45,52.63,61.688,61.75,62.563,62.5,62.75,62.750;
1703511000,3.08,0,0,85.67,0.68,100,2.688,29.75,45,52.88,61.688,61.813,62.563,62.5,62.75,62.750;
1703512800,3.08,0,0,87,-0.07,100,2.125,31,45.063,52.63,61.688,61.75,62.563,62.563,62.75,62.750;
1703514600,3.08,0,0,88,1.75,100,2.938,27.562,44.625,52.69,61.688,61.813,62.563,62.563,62.75,62.750;
1703516400,3.08,0,0,82.33,2.11,100,3.375,24.25,44.25,52.63,61.688,61.75,62.563,62.5,62.75,62.750;
1703518200,3.08,0,0,85.33,0.59,100,2.5,15.75,43.125,52.44,61.688,61.75,62.563,62.563,62.75,62.750;
1703520000,3.08,0,0,89.33,-1.92,100,1.125,15.563,42.125,51.88,61.688,61.75,62.563,62.563,62.75,62.750;
1703521800,3.08,0,0,86,-1.5,100,0.937,19.75,42.75,52.25,61.688,61.75,62.563,62.563,62.75,62.750;
1703523600,3.08,0,0,87,0.32,100,1.437,17.625,44.125,52.94,61.625,61.75,62.563,62.563,62.75,62.750;
1703525400,3.08,0,0,86,4.48,100,1.75,19.625,44.563,53.19,61.625,61.75,62.563,62.5,62.75,62.750;
1703527200,3.08,0,0,87.33,5.85,100,3.063,38.625,48.875,54.94,61.75,61.75,62.563,62.5,62.75,62.750;
1703529000,3.08,0,0,85.67,9.08,93.65,4.312,38.313,48.188,54.81,61.688,61.75,62.563,62.5,62.75,62.750;
1703530800,3.08,0,0,84.67,6.18,100,4.562,24,43.5,52.44,61.625,61.75,62.563,62.5,62.75,62.750;
1703532600,3.08,0,0,86.67,3.25,100,3.188,26.125,44.062,52.88,61.688,61.75,62.563,62.563,62.75,62.750;
1703534400,3.08,0,0,84.33,2.51,100,3.125,26.875,43.5,52.5,61.625,61.75,62.563,62.5,62.75,62.750;
1703536200,3.08,0,0,82.33,3.59,100,2.813,26.937,43.75,52.56,61.688,61.75,62.563,62.563,62.75,62.812;
1703538000,3.08,0,0,83.67,3.76,100,2.813,27.437,43.375,52.5,61.625,61.75,62.563,62.563,62.75,62.812;
1703539800,3.08,0,0,85.67,5.96,100,3.563,24.625,43.688,52.63,61.625,61.75,62.563,62.5,62.75,62.750;
1703541600,3.08,0,0,84.33,4.49,100,2.625,35.438,45.438,53.25,61.688,61.75,62.563,62.5,62.75,62.750;
1703543400,3.08,0,0,84,1.37,100,1.375,31.562,43.313,52.56,61.688,61.75,62.563,62.563,62.75,62.750;
1703545200,3.08,0,0,87.33,-1.1,100,-0.812,33.313,43.188,52.38,61.688,61.75,62.563,62.563,62.75,62.750;
1703547000,3.08,0,0,91.67,-2.52,100,-1.437,28.937,42,52.25,61.688,61.75,62.563,62.563,62.75,62.750;
1703548800,3.08,0,0,88,-1.8,100,-1.812,30.75,42.688,52.69,61.688,61.75,62.563,62.563,62.75,62.750;
1703550600,3.08,0,0,85,-1.27,100,-0.75,34.875,44.25,52.63,61.688,61.75,62.563,62.563,62.75,62.750;
1703552400,3.08,0,0,87,-0.99,94.27,-1.312,34.688,43.875,52.56,61.688,61.75,62.563,62.5,62.75,62.750;
1703554200,3.08,0,0,84.67,-1.28,94.29,-1.812,36.125,44.625,53,61.688,61.75,62.563,62.563,62.75,62.750;
1703556000,3.08,0,0,90.33,-2.23,96.1,-2.313,34.75,43.75,52.81,61.75,61.75,62.563,62.563,62.75,62.812;
1703557800,3.08,0,0,91,-2.66,92.57,-3.063,27.875,40.875,52.19,61.688,61.75,62.563,62.563,62.75,62.750;
1703559600,3.08,0,0,96.67,-3.78,97.89,-4.375,30.75,42.187,52.56,61.75,61.813,62.563,62.563,62.75,62.750;
1703561400,3.08,0,0,99.33,-3.85,94.48,-5.187,27.687,40.688,51.94,61.75,61.813,62.563,62.563,62.75,62.750;
1703563200,3.08,0,0,99.33,-4.06,97.25,-5.437,26.875,40.688,52.19,61.688,61.813,62.563,62.5,62.75,62.812;
1703565000,3.08,0,0,98.33,-4.31,98.49,-3.688,35.938,44.687,52.63,61.688,61.813,62.563,62.563,62.75,62.750;
1703566800,3.08,0,0,91.67,-3.06,93.72,-2.063,31.937,43,52.25,61.75,61.813,62.563,62.563,62.75,62.750;
1703568600,3.08,0,0,108.67,-5.26,100,-3.563,29.437,42,52,61.688,61.75,62.563,62.563,62.75,62.750;
1703570400,3.08,0,0,98,-4.66,100,-4.562,26.75,40.813,51.56,61.688,61.75,62.563,62.5,62.75,62.812;
1703572200,3.08,0,0,95.33,-4.52,100,-4.187,29.312,41.313,52.44,61.688,61.813,62.563,62.563,62.75,62.750;
1703574000,3.08,0,0,98.67,-3.71,100,-3.563,26.812,40.563,52.25,61.688,61.75,62.563,62.5,62.75,62.812;
1703575800,3.08,0,0,87.33,-1.32,100,-2.5,31.125,42.438,52.44,61.688,61.75,62.563,62.563,62.75,62.812;
1703577600,3.08,0,0,89.67,-2.75,100,-2.063,26.125,41.063,51.75,61.625,61.75,62.563,62.563,62.75,62.812;
1703579400,3.08,0,0,89,-2.43,100,-1.75,29,42.063,52.13,61.688,61.75,62.563,62.563,62.75,62.750;
1703581200,3.08,0,0,91.67,-1.75,100,-2.125,26,41.188,52.19,61.688,61.75,62.563,62.5,62.75,62.812;
1703583000,3.08,0,0,89.33,-1.45,100,-1.75,27.062,41.125,52.13,61.625,61.75,62.563,62.563,62.75,62.750;
1703584800,3.08,0,0,89,-1.06,100,-0.25,31.937,44.062,52.69,61.688,61.75,62.563,62.563,62.75,62.750;
1703586600,3.08,0,0,95,-3.62,100,-0.187,24.937,42.375,51.69,61.688,61.75,62.563,62.563,62.75,62.750;
1703588400,3.08,0,0,93.67,-3.18,100,-0.875,23.125,42.375,51.69,61.688,61.813,62.563,62.563,62.75,62.750;
1703590200,3.08,0,0,94.67,-3.75,100,-0.875,31.625,44.25,52.38,61.688,61.813,62.563,62.563,62.75,62.812;
1703592000,3.08,0,0,90.33,-1.85,100,-0.25,30.438,44.313,52.56,61.688,61.813,62.563,62.563,62.75,62.750;
1703593800,3.08,0,0,86.67,-0.76,100,0.75,33.938,45.063,52.69,61.688,61.813,62.563,62.563,62.75,62.750;
1703595600,3.08,0,0,91.67,-0.25,100,1.375,18.562,43.063,52.19,61.688,61.813,62.563,62.563,62.75,62.812;
1703597400,3.08,0,0,92,-2.89,100,-0.125,14.25,41.313,51.56,61.688,61.813,62.563,62.563,62.75,62.750;
1703599200,3.08,0,0,103,-3.4,100,-0.562,15.438,41.813,51.69,61.688,61.813,62.563,62.563,62.75,62.812;
1703601000,3.08,0,0,103,-3.86,100,-1,11.75,40.25,51.13,61.688,61.813,62.563,62.5,62.75,62.750;
1703602800,3.08,0,0,94,-4.45,100,-1.25,9.375,39.75,51,61.688,61.75,62.563,62.5,62.75,62.750;
1703604600,3.08,0,0,98.33,-3.55,100,-1.062,14.063,40.75,51.38,61.625,61.75,62.563,62.5,62.75,62.750;
1703606400,3.08,0,0,96.67,-2.83,100,-0.75,16,41.188,51.44,61.688,61.75,62.563,62.563,62.75,62.812;
1703608200,3.08,0,0,95,-2.73,100,-0.625,18.75,42,51.81,61.688,61.813,62.563,62.563,62.75,62.812;
1703610000,3.08,0,0,99,-3.51,100,-1.25,10.875,40.125,51.31,61.688,61.813,62.563,62.5,62.75,62.750;
1703611800,3.08,0,0,92.67,-2.21,100,-1,19.562,41.063,51.5,61.625,61.813,62.563,62.563,62.75,62.812;
1703613600,3.08,0,0,94.67,-3.86,100,-1.312,18.062,41.688,51.56,61.688,61.813,62.563,62.563,62.75,62.812;
1703615400,3.08,0,0,109,-4.6,100,-1.75,24.75,42.25,51.75,61.688,61.813,62.625,62.563,62.75,62.750;
1703617200,3.08,0,0,86.67,-2.19,100,-0.875,25.5,42.5,51.81,61.625,61.75,62.563,62.563,62.75,62.812;
1703619000,3.08,0,0,87.33,-2.43,100,-0.5,33.125,43.188,51.94,61.688,61.813,62.563,62.563,62.75,62.812;
1703620800,3.08,0,0,86,-0.24,100,-0.125,28.062,42.875,52,61.688,61.813,62.563,62.563,62.75,62.812;
1703622600,3.08,0,0,86.67,1.77,100,0.625,17.062,42,52.06,61.688,61.813,62.563,62.563,62.75,62.750;
1703624400,3.08,0,0,85,3.29,100,2.125,31.063,44.563,52.75,61.688,61.813,62.563,62.563,62.75,62.750;
1703626200,3.08,0,0,90,3.4,100,2.375,41.75,47.5,54.44,61.75,61.813,62.625,62.5,62.75,62.812;
1703628000,3.08,0,0,87.67,4.55,100,3.75,37.063,46.5,53.63,61.75,61.813,62.563,62.5,62.75,62.750;
1703629800,3.08,0,0,85,3.38,100,3.125,41.438,47.187,54.38,61.813,61.813,62.563,62.5,62.75,62.812;
1703631600,3.08,0,0,87.33,2.77,100,2.5,35.813,44.687,53.13,61.813,61.813,62.625,62.5,62.75,62.812;
1703633400,3.08,0,0,87.33,2.05,95.69,2.563,32.688,43.063,52.25,61.813,61.875,62.625,62.563,62.75,62.812;
1703635200,3.08,0,0,92.33,-4.02,95.54,-1.062,21.125,40.25,51.25,61.688,61.813,62.625,62.563,62.75,62.750;
1703637000,3.08,0,0,106.33,-6.05,100,-1.875,29.937,41.063,51.13,61.688,61.813,62.625,62.563,62.75,62.812;
1703638800,3.08,0,0,108.33,-8.98,100,-4.312,13.313,38.25,50.44,61.688,61.813,62.563,62.5,62.75,62.812;
1703640600,3.08,0,0,105.67,-8.68,100,-4.625,10.875,37.063,50.19,61.688,61.813,62.563,62.5,62.75,62.812;
1703642400,3.09,0,0,107.67,-10.1,100,-5.812,3.125,35.375,49.25,61.688,61.75,62.563,62.5,62.75,62.750;
1703644200,3.09,0,0,112.33,-12.9,100,-8.5,2,35.5,49.06,61.625,61.75,62.563,62.5,62.75,62.812;
1703646000,3.09,0,0,110.67,-12.55,100,-8.563,1.875,35.875,49.25,61.625,61.75,62.563,62.5,62.75,62.750;
1703647800,3.09,0,0,104.67,-10.89,100,-7.062,17.375,38.938,50.56,61.688,61.75,62.625,62.563,62.75,62.812;
1703649600,3.08,0,0,114.33,-6.12,100,-4.562,38.125,45.125,52.75,61.688,61.813,62.563,62.563,62.75,62.750;
1703651400,3.08,0,0,96.33,-3.96,100,-4.187,38.813,45.063,53,61.75,61.813,62.563,62.563,62.75,62.812;
1703653200,3.09,0,0,94,-3.83,100,-3.313,31.125,43.063,52.06,61.688,61.813,62.625,62.563,62.75,62.812;
1703655000,3.08,0,0,109.33,-6.02,100,-3.813,31.937,42.313,51.94,61.688,61.813,62.625,62.563,62.75,62.812;
1703656800,3.08,0,0,107.67,-7.87,100,-4.75,22.812,40.375,51,61.688,61.813,62.563,62.5,62.75,62.812;
1703658600,3.09,0,0,108.33,-8.81,100,-5.375,22.25,40.188,51.13,61.688,61.813,62.625,62.5,62.75,62.812;
1703660400,3.08,0,0,102.67,-5.32,100,-3.875,37.625,44.5,52.56,61.688,61.813,62.625,62.563,62.75,62.812;
1703662200,3.08,0,0,93,-1.57,85.51,-1.937,39.688,45.438,53.25,61.813,61.875,62.625,62.563,62.75,62.812;
1703664000,3.08,0,0,90,-1.16,81.21,-1.875,39.375,45.188,53.13,61.813,61.875,62.625,62.563,62.75,62.812;
1703665800,3.08,0,0,86,-1.69,80.73,-1.812,39.563,45.625,53.31,61.875,61.875,62.625,62.563,62.75,62.812;
1703667600,3.08,0,0,89,-1.97,82.21,-1.875,38.75,46.375,53.69,61.875,61.875,62.625,62.5,62.75,62.812;
1703669400,3.08,0,0,85.33,-2.28,85.78,-1.5,39,47.812,53.75,61.875,61.875,62.625,62.5,62.75,62.812;
1703671200,3.09,0,0,91,-2.9,88.8,-1.875,38.563,46.125,52.94,61.813,61.875,62.625,62.5,62.75,62.812;
1703673000,3.08,0,0,85,-0.94,82.29,-1.5,42.25,49.625,54.31,61.75,61.813,62.625,62.5,62.75,62.812;
1703674800,3.08,0,0,85,2.24,81.89,-0.125,43.125,50.375,54.88,61.75,61.813,62.625,62.5,62.75,62.812;
1703676600,3.08,0,0,85.67,3.06,77.24,2.438,37.188,48.813,54.31,61.75,61.813,62.625,62.5,62.75,62.812;
1703678400,3.08,0,0,89,0.85,88.16,2.438,39.563,48.125,53.94,61.75,61.813,62.625,62.5,62.75,62.812;
1703680200,3.08,0,0,85,2.41,85.86,3.5,41,49.438,54.63,61.75,61.813,62.625,62.5,62.75,62.812;
1703682000,3.08,0,0,84.67,0.66,85.65,3.188,36.625,48.188,54,61.75,61.813,62.625,62.5,62.75,62.812;
1703683800,3.08,0,0,88,-2.22,100,1.5,26.875,46.063,52.81,61.688,61.813,62.625,62.5,62.75,62.812;
1703685600,3.08,0,0,86.33,-1.63,86.47,1.125,23.375,45.375,52.56,61.688,61.813,62.625,62.5,62.75,62.812;
1703687400,3.08,0,0,85.33,-0.79,96.2,1.25,29.813,47.063,53.5,61.75,61.813,62.625,62.5,62.75,62.812;
1703689200,3.08,0,0,87.67,1.94,97.57,2.125,25.625,46.5,53.94,61.688,61.813,62.625,62.5,62.75,62.812;
1703691000,3.08,0,0,89,0.37,100,0.875,30.687,46.875,53.75,61.688,61.813,62.563,62.5,62.75,62.812;
1703692800,3.08,0,0,91.67,1.78,82.53,1.187,18.437,43.813,52.75,61.688,61.813,62.625,62.563,62.75,62.812;
1703694600,3.08,0,0,88.33,-1.18,94.99,-0.875,12.125,42.125,52.13,61.688,61.813,62.625,62.563,62.75,62.812;
1703696400,3.09,0,0,86.33,0.23,94.26,-0.437,10.625,40.188,51.38,61.688,61.813,62.625,62.563,62.75,62.812;
1703698200,3.09,0,0,99,-1.69,100,-1.625,18.875,42.875,52.25,61.75,61.875,62.625,62.563,62.75,62.812;
1703700000,3.08,0,0,84,0.64,100,0.062,31.187,45.25,53.31,61.75,61.813,62.625,62.563,62.75,62.812;
1703701800,3.08,0,0,87.33,2.85,100,1.562,31.125,45.25,53.13,61.75,61.813,62.625,62.5,62.75,62.812;
1703703600,3.08,0,0,87.67,5.29,100,3.063,31.937,45.75,53.56,61.688,61.813,62.625,62.5,62.75,62.812;
1703705400,3.08,0,0,90,7.49,98.77,4.437,39.625,47.125,54.25,61.75,61.813,62.625,62.5,62.75,62.812;
1703707200,3.08,0,0,87.33,5.22,100,3.125,13.5,40.188,51.38,61.688,61.813,62.625,62.563,62.75,62.812;
1703709000,3.08,0,0,90,6.56,98.43,3.563,40.438,47.063,54.25,61.75,61.813,62.625,62.5,62.75,62.812;
1703710800,3.08,0,0,89.33,8.09,93.16,4.875,40.563,47.313,54.25,61.813,61.813,62.625,62.5,62.75,62.812;
1703712600,3.08,0,0,87.33,7.05,95.93,4.625,39.25,46.063,53.81,61.75,61.813,62.625,62.5,62.75,62.812;
1703714400,3.08,0,0,85.67,8.49,89.35,5.125,40.75,47.875,54.63,61.813,61.813,62.625,62.5,62.75,62.812;
1703716200,3.08,0,0,89.67,8.62,92.87,5.687,40.75,46.875,53.75,61.75,61.813,62.625,62.5,62.75,62.812;
1703718000,3.08,0,0,89.67,8.88,93.75,6.125,42.563,48.063,54.63,61.813,61.813,62.625,62.5,62.75,62.812;
1703719800,3.08,0,0,90.33,9.13,92.1,6.187,40.312,47.125,54.19,61.813,61.875,62.625,62.563,62.75,62.812;
1703721600,3.08,0,0,84.67,8.76,98.23,6.437,41.562,47.25,54.25,61.813,61.813,62.625,62.5,62.75,62.812;
1703723400,3.08,0,0,88,9.58,97.32,6.75,41.125,47.125,54,61.75,61.813,62.625,62.5,62.75,62.812;
1703725200,3.08,0,0,85.67,8.83,94.95,6.812,41.813,47.5,54.13,61.813,61.813,62.625,62.5,62.75,62.812;
1703727000,3.08,0,0,87.33,8.25,89.98,7.125,42.25,47.625,54.25,61.813,61.813,62.563,62.5,62.75,62.812;
1703728800,3.08,0,0,88.33,6.88,82.12,5.687,41.562,46.875,54.13,61.813,61.875,62.625,62.563,62.75,62.812;
1703730600,3.08,0,0,89,4.31,87.08,4.375,40.813,46.438,53.88,61.813,61.875,62.625,62.5,62.75,62.812;
1703732400,3.08,0,0,86.33,2.54,84.46,2.563,39.563,45.75,53.38,61.813,61.875,62.625,62.5,62.75,62.812;
1703734200,3.08,0,0,83.67,2.25,85,2.375,40.438,46.375,53.75,61.813,61.875,62.625,62.5,62.75,62.812;
1703736000,3.09,0,0,87.33,-1.01,69.49,-2.688,38.875,45,53.13,61.813,61.813,62.625,62.563,62.75,62.812;
1703737800,3.09,0,0,110.33,-4.46,72.1,-6.437,37.875,44.375,52.75,61.813,61.875,62.625,62.563,62.75,62.812;
1703739600,3.09,0,0,109.67,-5.59,75.51,-8,38.375,45.25,53.19,61.875,61.875,62.625,62.563,62.75,62.812;
1703741400,3.09,0,0,111,-5.47,73.66,-8.313,38.125,45.25,53.13,61.813,61.875,62.625,62.563,62.75,62.812;
1703743200,3.09,0,0,101.67,-3.5,81.57,-5.812,39.063,45.375,53.44,61.813,61.875,62.625,62.563,62.75,62.812;
1703745000,3.09,0,0,96.33,-2.33,75.51,-4.437,39.5,45.937,53.5,61.813,61.875,62.625,62.5,62.75,62.812;
1703746800,3.09,0,0,91.67,-1.88,74.39,-3.938,39.125,46.125,53.38,61.813,61.875,62.625,62.563,62.75,62.812;
1703748600,3.09,0,0,95.33,-2.76,72.59,-4,38.688,44.813,53.38,61.875,61.938,62.625,62.5,62.75,62.812;
1703750400,3.09,0,0,96.33,-4.26,76.45,-4.812,36.688,45.312,52.94,61.875,61.875,62.625,62.5,62.75,62.812;
1703752200,3.09,0,0,102.33,-3.81,76.55,-5.062,36.563,45.188,52.88,61.875,61.875,62.625,62.563,62.75,62.812;
1703754000,3.09,0,0,95.33,-2.42,80.96,-3.875,38.188,48.375,53.44,61.75,61.813,62.625,62.5,62.75,62.812;
1703755800,3.09,0,0,86.33,-0.13,78.9,-1.687,31.25,45.375,52.56,61.688,61.813,62.625,62.563,62.75,62.812;
1703757600,3.09,0,0,93.67,-0.5,86.6,-0.625,39.5,48.063,53.56,61.625,61.813,62.625,62.563,62.75,62.812;
1703759400,3.09,0,0,87.33,0.73,89.96,0,36,47.187,53.31,61.625,61.75,62.563,62.5,62.75,62.812;
1703761200,3.09,0,0,85,-0.16,87.75,0.562,19.687,44.5,52.19,61.625,61.75,62.625,62.5,62.75,62.812;
1703763000,3.09,0,0,107.67,-4.66,100,-0.875,30.625,46.188,52.88,61.688,61.813,62.625,62.5,62.75,62.812;
1703764800,3.09,0,0,88,-0.83,99.06,0.25,31.437,47.187,53.44,61.688,61.75,62.563,62.5,62.75,62.812;
1703766600,3.09,0,0,85.33,1.13,100,1.875,33.5,48.125,53.69,61.688,61.813,62.625,62.5,62.75,62.812;
1703768400,3.09,0,0,90.67,-1.47,100,1.625,37.75,49.062,54.13,61.688,61.813,62.625,62.5,62.75,62.812;
1703770200,3.09,0,0,92.33,-1.55,93.64,1.75,16.125,44.687,52.69,61.688,61.813,62.625,62.5,62.75,62.812;
1703772000,3.08,0,0,96.67,-2.38,96.72,0.125,30.625,47.063,53.31,61.688,61.813,62.625,62.563,62.75,62.812;
1703773800,3.09,0,0,87.67,0.06,100,0.937,35.063,47.75,54.69,61.688,61.75,62.625,62.563,62.75,62.812;
1703775600,3.09,0,0,84,2.13,94.05,1.75,15.5,43.875,52.81,61.688,61.813,62.625,62.563,62.75,62.812;
1703777400,3.09,0,0,96.33,-1.47,100,-0.187,21.437,44.5,52.75,61.688,61.813,62.625,62.563,62.812,62.812;
1703779200,3.09,0,0,96,-1.58,100,-0.5,18.5,42.563,52,61.688,61.813,62.625,62.563,62.75,62.812;
1703781000,3.09,0,0,91.67,-1.12,100,0.062,25.5,43.875,52.56,61.688,61.813,62.625,62.563,62.75,62.812;
1703782800,3.09,0,0,92,0.04,100,0.062,29.125,45,52.75,61.688,61.75,62.625,62.563,62.75,62.812;
1703784600,3.09,0,0,87.67,2.04,100,1.062,23.625,45.063,53.25,61.688,61.75,62.625,62.563,62.75,62.812;
1703786400,3.09,0,0,90.33,1.19,100,0,20.25,43.063,52.38,61.688,61.813,62.625,62.563,62.75,62.812;
1703788200,3.09,0,0,85.67,3.16,100,1.437,15.625,42.438,52.38,61.688,61.813,62.625,62.563,62.75,62.812;
1703790000,3.09,0,0,87.33,1.7,100,0.875,19.625,43.063,52.5,61.688,61.75,62.625,62.563,62.75,62.812;
1703791800,3.09,0,0,87,0.72,100,0.562,23.125,43.25,52.31,61.625,61.75,62.625,62.563,62.75,62.812;
1703793600,3.09,0,0,86.33,3.84,100,0.687,11.937,39.313,51.13,61.625,61.688,62.625,62.5,62.75,62.812;
1703795400,3.09,0,0,86.67,2.39,100,0.375,14.563,41.375,51.94,61.688,61.75,62.625,62.563,62.75,62.812;
1703797200,3.09,0,0,94.33,-0.38,100,-0.937,21,41.938,51.88,61.688,61.75,62.625,62.625,62.75,62.812;
1703799000,3.09,0,0,109,-6.22,100,-3.25,10.5,37.063,49.94,61.688,61.75,62.625,62.563,62.75,62.812;
1703800800,3.09,0,0,107,-4.88,100,-3.25,22.75,41.813,51.75,61.688,61.813,62.625,62.563,62.75,62.812;
1703802600,3.09,0,0,84.33,-0.57,100,-1.562,39,46.5,54.19,61.875,61.875,62.625,62.5,62.75,62.812;
1703804400,3.09,0,0,87.67,0.94,96.21,-0.812,38.063,45.625,54.31,61.875,61.938,62.625,62.563,62.75,62.812;
1703806200,3.09,0,0,91.67,-1.23,96.48,-2.25,37.375,44.813,53.69,61.875,61.875,62.625,62.563,62.75,62.812;
1703808000,3.09,0,0,85.67,-0.93,95.63,-2,36.5,44.687,54.06,61.938,62,62.625,62.563,62.75,62.812;
1703809800,3.09,0,0,99.67,-3.12,94.29,-2.563,36.875,44.062,53.56,61.938,61.938,62.625,62.563,62.75,62.812;
1703811600,3.09,0,0,105.33,-4.35,93.99,-3.75,36.063,43.688,53.25,61.875,61.938,62.625,62.563,62.75,62.812;
1703813400,3.09,0,0,104,-3.92,99.01,-4.25,35.125,43.563,52.56,61.875,61.875,62.625,62.563,62.75,62.812;
1703815200,3.09,0,0,97.33,-0.72,100,-2.125,37.813,43.75,52.5,61.75,61.813,62.625,62.563,62.812,62.812;
1703817000,3.09,0,0,83.33,2,100,1.312,35.938,43.5,52.56,61.688,61.813,62.563,62.563,62.75,62.812;
1703818800,3.09,0,0,87,0.87,100,3.063,36.125,43.563,52.25,61.688,61.75,62.625,62.563,62.75,62.812;
1703820600,3.09,0,0,82,0.57,100,2.125,34.625,42.313,51.94,61.688,61.813,62.625,62.563,62.75,62.812;
1703822400,3.09,0,0,95.33,-2.43,91.36,-1.187,34.875,43,52.06,61.688,61.813,62.625,62.563,62.812,62.812;
1703824200,3.09,0,0,107,-4.4,95.6,-4.875,38.875,45.438,53,61.75,61.813,62.625,62.563,62.812,62.812;
1703826000,3.09,0,0,109.33,-4.97,88.76,-6.75,31.812,41.313,52.44,61.75,61.813,62.625,62.563,62.75,62.812;
1703827800,3.09,0,0,107.33,-5.52,86.78,-7.75,32.875,40.625,52.31,61.75,61.813,62.625,62.563,62.812,62.812;
1703829600,3.09,0,0,107,-5.09,87.14,-7.312,32.5,41.313,52.5,61.75,61.75,62.625,62.563,62.75,62.812;
1703831400,3.09,0,0,108,-5.29,82.19,-8.688,36.188,41.875,52.25,61.688,61.813,62.625,62.563,62.812,62.812;
1703833200,3.09,0,0,109.67,-3.91,75.7,-7.937,38.625,45.25,53.13,61.75,61.813,62.625,62.563,62.75,62.812;
1703835000,3.09,0,0,108.33,-3.56,87.23,-5.812,36.25,42.5,52.13,61.688,61.75,62.625,62.563,62.75,62.812;
1703836800,3.09,0,0,100.33,-3.47,77.41,-7.375,32.313,41.25,52.19,61.75,61.75,62.625,62.563,62.812,62.812;
1703838600,3.09,0,0,93.67,-2.15,92.05,-3.563,38,45.188,53,61.688,61.813,62.625,62.563,62.812,62.812;
1703840400,3.09,0,0,110,-4.83,84.62,-6.312,35.25,44.375,52.38,61.875,61.875,62.625,62.563,62.75,62.812;
1703842200,3.09,0,0,109.33,-3.48,95.16,-5.875,36.563,45.188,53.13,61.688,61.75,62.625,62.563,62.75,62.812;
1703844000,3.09,0,0,107.33,-4.95,76.78,-7.687,36.438,46,53,61.875,61.875,62.625,62.563,62.75,62.812;
1703845800,3.09,0,0,110,-4.85,92.15,-7,39,47.563,53.81,61.813,61.875,62.625,62.563,62.75,62.812;
1703847600,3.09,0,0,110.33,-4.41,89.1,-6.75,38.875,47.375,53.75,61.875,61.875,62.625,62.563,62.75,62.812;
1703849400,3.09,0,0,102,-2.92,92.85,-4.875,41.188,49.375,54.69,61.875,61.813,62.625,62.563,62.75,62.812;
1703851200,3.09,0,0,83,0.03,90.56,-2.313,42.688,50.563,55.44,61.688,61.813,62.625,62.563,62.812,62.812;
1703853000,3.09,0,0,94.33,-1.16,100,-0.687,28.75,45.813,52.94,61.625,61.688,62.625,62.563,62.75,62.812;
1703854800,3.09,0,0,106,-4.07,100,-0.687,17.937,45.125,52.63,61.625,61.75,62.625,62.563,62.75,62.812;
1703856600,3.09,0,0,107.67,-4.82,100,-1,20.937,45.375,52.81,61.625,61.75,62.625,62.563,62.812,62.812;
1703858400,3.09,0,0,109.67,-5.35,100,-1.625,18.25,44.687,52.88,61.625,61.75,62.625,62.563,62.812,62.812;
1703860200,3.09,0,0,105.33,-5.43,100,-2.5,15,43.5,52,61.625,61.75,62.625,62.563,62.812,62.812;
1703862000,3.09,0,0,108.67,-5.3,100,-3.25,9.25,41.188,51.56,61.688,61.75,62.625,62.563,62.812,62.812;
1703863800,3.09,0,0,109.33,-4.9,100,-3.563,19.812,44.062,52.56,61.688,61.813,62.625,62.563,62.812,62.812;
1703865600,3.09,0,0,93,-0.61,100,-2.063,37.438,47.5,55.31,61.875,61.875,62.625,62.563,62.812,62.812;
1703867400,3.09,0,0,85.33,1.86,100,-0.187,38.75,47.938,55,61.75,61.813,62.625,62.563,62.812,62.812;
1703869200,3.09,0,0,90.33,2.87,85.78,0.437,35.375,47.812,55.5,61.875,61.875,62.625,62.563,62.75,62.812;
1703871000,3.09,0,0,87.33,2.95,80.99,0.5,35.688,47.063,54.88,61.875,61.875,62.625,62.563,62.75,62.812;
1703872800,3.09,0,0,85.67,3.97,83.01,1.312,38.125,47.5,54.75,61.813,61.813,62.625,62.563,62.75,62.812;
1703874600,3.09,0,0,80,5.14,83.19,2.375,35.438,46.688,54.13,61.75,61.875,62.625,62.563,62.812,62.812;
1703876400,3.09,0,0,86,2.05,100,1.125,35.75,45.75,53.94,61.813,61.875,62.625,62.563,62.812,62.812;
1703878200,3.09,0,0,83.67,2.26,91.49,-0.125,7.125,34.75,49.13,61.625,61.813,62.625,62.563,62.75,62.812;
1703880000,3.09,0,0,109.67,-3.19,100,-2.563,4.437,34.75,48.5,61.562,61.75,62.563,62.563,62.812,62.812;
1703881800,3.09,0,0,113,-2.46,100,-2.625,15,40.813,51.25,61.625,61.75,62.625,62.563,62.812,62.812;
1703883600,3.09,0,0,86,3.02,100,-0.437,41.813,48.125,54.5,61.688,61.813,62.625,62.563,62.812,62.812;
1703885400,3.09,0,0,84.33,5.96,93.75,2.75,29.375,43.75,52.5,61.625,61.75,62.625,62.563,62.75,62.812;
1703887200,3.09,0,0,88.67,3.4,100,2.313,27.812,43.75,52.19,61.625,61.813,62.625,62.563,62.812,62.812;
1703889000,3.09,0,0,88.33,4.19,100,3.813,32.813,44.5,52.44,61.625,61.813,62.625,62.563,62.812,62.812;
1703890800,3.09,0,0,87.67,6.39,100,5.187,40.75,46.375,53.63,61.625,61.75,62.625,62.563,62.812,62.812;
1703892600,3.09,0,0,89.33,8.8,100,6.25,42.625,48.313,54.63,61.688,61.75,62.625,62.563,62.812,62.812;
1703894400,3.08,0,0,85,9.09,100,6.875,39.25,45.75,53.31,61.625,61.75,62.625,62.563,62.812,62.812;
1703896200,3.08,0,0,94,8.19,100,7.625,39.688,45.312,52.94,61.625,61.75,62.625,62.5,62.75,62.812;
1703898000,3.09,0,0,84,8.75,100,8.125,40.937,46.063,53.38,61.688,61.75,62.625,62.563,62.75,62.812;
1703899800,3.08,0,0,88.67,8.36,98.31,7.187,41.688,46.313,53.63,61.688,61.813,62.625,62.563,62.812,62.812;
1703901600,3.08,0,0,89.67,7.94,100,7.437,41,45.875,53.44,61.688,61.813,62.625,62.563,62.75,62.812;
1703903400,3.09,0,0,92.33,7.8,100,7.25,41.313,46.313,53.5,61.688,61.75,62.625,62.563,62.75,62.812;
1703905200,3.09,0,0,86,7.78,98.86,7.562,41.813,46.313,53.63,61.688,61.75,62.625,62.563,62.75,62.812;
1703907000,3.09,0,0,84.33,2.1,95.84,2.563,35.063,43,52.06,61.625,61.75,62.625,62.563,62.75,62.812;
1703908800,3.09,0,0,99,-1.52,81.3,-3.938,37.938,43.063,52.13,61.688,61.75,62.625,62.563,62.812,62.812;
1703910600,3.09,0,0,108.67,-4.64,78.96,-7.625,37.375,43.625,52.38,61.688,61.75,62.625,62.5,62.812,62.812;
1703912400,3.09,0,0,109,-4.93,79.85,-8.563,36.938,43.625,52.25,61.688,61.75,62.625,62.563,62.75,62.812;
1703914200,3.09,0,0,108,-4.9,79.65,-9.125,34.438,41.875,51.81,61.688,61.75,62.625,62.563,62.75,62.812;
1703916000,3.09,0,0,102.67,-6.12,75.56,-10.313,36.125,42.313,51.44,61.688,61.75,62.625,62.625,62.75,62.812;
1703917800,3.09,0,0,109,-6.43,80.1,-10.375,32.75,41.063,51.94,61.688,61.75,62.625,62.563,62.75,62.812;
1703919600,3.09,0,0,110.67,-3.37,85.58,-7.25,36.75,42.812,51.75,61.625,61.75,62.625,62.563,62.812,62.812;
1703921400,3.09,0,0,99.33,-0.99,83.66,-4.812,38.563,44.5,52.56,61.688,61.75,62.625,62.563,62.75,62.812;
1703923200,3.09,0,0,91,0.08,84.2,-3.313,38.875,45.063,52.75,61.688,61.75,62.625,62.563,62.75,62.812;
1703925000,3.09,0,0,93.33,-0.29,82.07,-1.937,23.75,41.438,51.56,61.625,61.75,62.625,62.563,62.812,62.812;
1703926800,3.09,0,0,103,-2.58,100,-1.625,30.25,43,51.94,61.562,61.688,62.563,62.563,62.75,62.812;
1703928600,3.09,0,0,101.33,-3.33,100,-1.187,35.188,45.688,52.44,61.625,61.75,62.625,62.563,62.75,62.812;
1703930400,3.09,0,0,94.33,-1.45,100,-0.875,37.75,47.063,53,61.625,61.688,62.625,62.5,62.75,62.812;
1703932200,3.09,0,0,91.33,-0.02,100,-0.25,40.25,48.5,53.81,61.688,61.75,62.625,62.563,62.75,62.812;
1703934000,3.09,0,0,102,-2.89,100,-0.875,33.125,44.188,52,61.688,61.75,62.625,62.563,62.75,62.812;
1703935800,3.09,0,0,111.67,-4.47,100,-1.687,33.375,44.375,52.19,61.625,61.75,62.625,62.563,62.75,62.812;
1703937600,3.09,0,0,109.33,-4.84,100,-2.375,12.625,39.625,50.81,61.625,61.75,62.625,62.563,62.75,62.812;
1703939400,3.09,0,0,106.33,-5.65,100,-2.625,13.313,39.563,50.81,61.625,61.688,62.625,62.563,62.75,62.812;
1703941200,3.09,0,0,103,-6.89,100,-3.625,17.312,40.563,51.19,61.625,61.75,62.625,62.563,62.75,62.812;
1703943000,3.09,0,0,107.33,-7.25,100,-4.187,9.875,39.063,50.56,61.625,61.75,62.625,62.563,62.812,62.812;
1703944800,3.09,0,0,107,-6.04,100,-3.375,9.125,39.688,50.75,61.562,61.688,62.625,62.563,62.75,62.812;
1703946600,3.09,0,0,104.33,-7.36,100,-4.437,18.125,40.625,51,61.562,61.688,62.563,62.5,62.75,62.812;
1703948400,3.09,0,0,105.33,-2.96,100,-2.375,33.438,45.625,53.5,61.688,61.813,62.625,62.563,62.812,62.812;
1703950200,3.09,0,0,111,-2.81,100,-2,17.375,42.375,52.06,61.625,61.688,62.625,62.563,62.75,62.812;
1703952000,3.09,0,0,105,-1.17,100,-1.062,24,44.75,52.88,61.625,61.75,62.625,62.563,62.812,62.812;
1703953800,3.09,0,0,109,-2.64,100,-2.25,7,39.125,51,61.688,61.75,62.625,62.563,62.75,62.812;
1703955600,3.09,0,0,97.33,-0.39,100,-1.062,32.063,45.375,53.38,61.688,61.813,62.625,62.563,62.75,62.812;
1703957400,3.09,0,0,102,-2.73,100,-1.437,32.75,43,52.75,61.813,61.875,62.625,62.625,62.75,62.812;
1703959200,3.09,0,0,84.67,1.08,91.54,-1,36,43.688,53.38,61.813,61.875,62.625,62.563,62.75,62.812;
1703961000,3.09,0,0,87.33,2.02,84.83,-1.125,40.25,45.75,54.31,61.875,61.875,62.625,62.563,62.75,62.812;
1703962800,3.09,0,0,85,3.69,82.55,0.062,40.5,46,54.5,61.875,61.875,62.625,62.563,62.75,62.812;
1703964600,3.09,0,0,89,3.29,79.34,-0.062,39.688,44.687,53.88,61.875,61.875,62.625,62.563,62.75,62.812;
1703966400,3.09,0,0,88,0.85,83.86,-1.187,37.25,44.125,53.13,61.875,61.875,62.625,62.563,62.75,62.812;
1703968200,3.09,0,0,87,3.68,94.88,0,41.5,46.25,54.31,61.813,61.875,62.625,62.563,62.75,62.812;
1703970000,3.09,0,0,86.33,6.42,85.92,1.937,42.438,46.875,54.44,61.813,61.813,62.625,62.563,62.812,62.812;
1703971800,3.09,0,0,86.67,5.13,100,1.937,42.063,47.25,53.94,61.688,61.813,62.625,62.563,62.75,62.812;
1703973600,3.09,0,0,86,6.28,84.59,2.688,40.5,46.625,54.44,61.813,61.813,62.625,62.563,62.75,62.812;
1703975400,3.09,0,0,85,9.37,91.09,4.375,32.188,44.188,52.88,61.625,61.75,62.563,62.5,62.812,62.812;
1703977200,3.09,0,0,82.67,4.69,100,3.5,35.688,44.5,53.13,61.75,61.813,62.625,62.563,62.812,62.812;
1703979000,3.09,0,0,86.33,2.59,97.51,2.25,38.875,45.188,53.81,61.813,61.813,62.625,62.563,62.75,62.812;
1703980800,3.09,0,0,82.33,4.33,100,2.438,40.063,45.5,53.5,61.75,61.813,62.625,62.625,62.812,62.812;
1703982600,3.09,0,0,83.67,5.3,97.93,3.5,40.625,45.688,53.69,61.75,61.813,62.625,62.625,62.812,62.812;
1703984400,3.09,0,0,84,4.3,91.85,3,39.813,44,52.81,61.75,61.813,62.625,62.563,62.812,62.812;
1703986200,3.09,0,0,87.67,2.39,92.16,1.937,39.313,44.125,52.81,61.75,61.813,62.625,62.563,62.812,62.812;
1703988000,3.09,0,0,83.33,1.77,94.51,1.812,39.063,43.75,52.81,61.75,61.813,62.625,62.563,62.75,62.812;
1703989800,3.09,0,0,88.67,0.81,100,1.375,39.25,44.25,53,61.813,61.813,62.625,62.563,62.75,62.812;
1703991600,3.09,0,0,87,0.06,100,0.812,38.5,43.625,52.94,61.813,61.875,62.625,62.563,62.75,62.812;
1703993400,3.09,0,0,100.33,-2.2,100,-0.562,38.063,43.25,52.75,61.813,61.875,62.625,62.563,62.812,62.812;
1703995200,3.09,0,0,111.33,-3.99,80.09,-3.625,38.688,43.75,52.69,61.75,61.813,62.625,62.563,62.75,62.812;
1703997000,3.09,0,0,101.33,-5.72,75.91,-7.937,37,42.125,52,61.75,61.813,62.625,62.625,62.75,62.812;
1703998800,3.09,0,0,105,-7.54,75.72,-9.5,36.563,42.625,52,61.75,61.813,62.625,62.625,62.812,62.812;
1704000600,3.09,0,0,106.67,-7.6,76.63,-10.563,36,42.063,51.63,61.688,61.813,62.625,62.625,62.812,62.812;
1704002400,3.09,0,0,101,-7.58,75.94,-10.563,35.5,41.75,51.5,61.688,61.813,62.625,62.625,62.812,62.812;
1704004200,3.09,0,0,104,-7.28,76,-10.5,35.625,41.813,51.31,61.688,61.813,62.625,62.625,62.812,62.812;
1704006000,3.09,0,0,105.33,-6.69,78.81,-9.313,35.688,42.5,51.75,61.75,61.813,62.625,62.625,62.812,62.812;
1704007800,3.09,0,0,108.33,-6.79,76.89,-9.813,35.063,41.063,51,61.688,61.813,62.625,62.563,62.75,62.812;
1704009600,3.09,0,0,104.33,-6.15,78.82,-9.25,35.438,42.25,51.44,61.688,61.813,62.625,62.563,62.75,62.812;
1704011400,3.09,0,0,108.67,-4.37,86.06,-6.812,37.063,43.688,52.06,61.688,61.813,62.625,62.625,62.812,62.812;
1704013200,3.09,0,0,96.67,-0.95,81.83,-3.875,38.75,45.688,52.44,61.688,61.813,62.625,62.563,62.812,62.812;
1704015000,3.09,0,0,102.33,-1.42,79.04,-4.187,38.75,47.125,52.44,61.688,61.75,62.625,62.563,62.812,62.812;
1704016800,3.09,0,0,88.33,1.11,89.63,-1.25,35.063,46.25,52.81,61.625,61.688,62.625,62.563,62.75,62.812;
1704018600,3.09,0,0,95.33,-1.08,100,-1.437,38.563,48.125,53.25,61.625,61.75,62.625,62.563,62.75,62.812;
1704020400,3.09,0,0,88.67,0.28,100,-0.25,40.75,49.438,53.94,61.625,61.688,62.625,62.563,62.812,62.812;
1704022200,3.09,0,0,87.33,0.02,100,0.5,40.063,49.5,53.81,61.625,61.75,62.625,62.563,62.75,62.812;
1704024000,3.09,0,0,98.67,0.19,100,1.437,35,47.313,53.19,61.625,61.75,62.625,62.563,62.812,62.812;
1704025800,3.09,0,0,96,-0.08,100,2.063,21.875,45.688,52.94,61.625,61.75,62.625,62.563,62.812,62.812;
1704027600,3.09,0,0,97.67,-1.23,100,1.5,19.25,45.063,52.81,61.625,61.75,62.625,62.563,62.75,62.812;
1704029400,3.09,0,0,98,-1.92,100,1.062,25.562,46.125,53.13,61.625,61.75,62.625,62.563,62.75,62.812;
1704031200,3.09,0,0,103.67,-1.66,100,1,33.438,48.063,53.56,61.562,61.75,62.625,62.563,62.75,62.812;
1704033000,3.09,0,0,96,-0.31,100,1.437,18.5,45.312,53.13,61.625,61.75,62.625,62.563,62.812,62.812;
1704034800,3.09,0,0,95.33,-0.52,100,1.125,20.062,44.062,52.5,61.625,61.688,62.625,62.5,62.75,62.812;
1704036600,3.09,0,0,89.67,-0.5,100,0.437,23.625,44.5,52.94,61.625,61.75,62.625,62.563,62.75,62.812;
1704038400,3.09,0,0,88.33,1.21,100,0.25,26.063,42.625,52.56,61.562,61.688,62.625,62.563,62.75,62.812;
1704040200,3.09,0,0,84.67,2.57,100,0.75,35.438,46.75,54.06,61.625,61.688,62.625,62.563,62.75,62.812;
1704042000,3.09,0,0,83.67,2.06,100,1.187,19.75,43.563,52.63,61.625,61.688,62.625,62.563,62.75,62.812;
1704043800,3.09,0,0,88.67,3.12,100,1.687,23.937,44.563,52.94,61.625,61.688,62.625,62.563,62.812,62.812;
1704045600,3.09,0,0,88.33,3.7,100,2.188,24.312,44.813,53.19,61.625,61.688,62.625,62.563,62.75,62.812;
1704047400,3.09,0,0,86.33,4.27,100,1.812,21.562,43.75,52.94,61.625,61.688,62.625,62.563,62.812,62.812;
1704049200,3.09,0,0,83,3.52,100,1.937,20.438,43.437,52.5,61.625,61.688,62.625,62.563,62.75,62.812;
1704051000,3.09,0,0,84.67,4.49,100,3.25,29.813,45,53.13,61.688,61.75,62.625,62.563,62.812,62.812;
1704052800,3.09,0,0,89.67,5.1,100,4.125,35.75,45.625,53.19,61.688,61.75,62.625,62.563,62.812,62.812;
1704054600,3.09,0,0,88.67,1.89,100,2.688,29.813,43.875,52.5,61.625,61.75,62.625,62.563,62.812,62.812;
1704056400,3.09,0,0,90,2.72,100,3.188,30.625,43.875,52.63,61.625,61.75,62.625,62.563,62.75,62.812;
1704058200,3.09,0,0,87.67,3.69,100,0.812,29.312,42.25,53.06,61.625,61.688,62.625,62.563,62.75,62.812;
1704060000,3.09,0,0,91,2.49,100,-0.312,28.125,41.313,52.81,61.625,61.75,62.625,62.625,62.812,62.812;
1704061800,3.09,0,0,86,1.83,100,0.937,37.625,45,52.75,61.625,61.75,62.625,62.563,62.75,62.812;
1704063600,3.09,0,0,84,3.49,97.7,1.687,39.5,46.188,53.44,61.688,61.75,62.625,62.563,62.75,62.812;
1704065400,3.09,0,0,88.67,1.31,100,0.25,34.625,43.875,52.69,61.688,61.75,62.625,62.563,62.75,62.812;
1704067200,3.09,0,0,105,-2.11,100,-3.625,25.75,40.625,52.06,61.688,61.813,62.625,62.625,62.75,62.812;
1704069000,3.09,0,0,110,-4.59,100,-6.062,26.625,40.438,51.81,61.688,61.75,62.625,62.563,62.75,62.812;
1704070800,3.09,0,0,108.67,-4.54,100,-6.312,28.687,41.188,52.38,61.625,61.75,62.625,62.563,62.75,62.812;
1704072600,3.09,0,0,109.33,-5.37,100,-7.437,25.562,40.25,51.75,61.688,61.813,62.625,62.563,62.812,62.812;
1704074400,3.09,0,0,104.67,-6.56,100,-8.375,25,40.875,52.5,61.688,61.813,62.625,62.563,62.75,62.812;
1704076200,3.09,0,0,106.67,-5.73,99.06,-7.875,29.562,42.5,52.56,61.688,61.75,62.625,62.563,62.812,62.812;
1704078000,3.09,0,0,110,-3.39,87.24,-5.312,38.5,45.937,53.31,61.688,61.75,62.625,62.563,62.75,62.812;
1704079800,3.09,0,0,96.33,-1.58,92.6,-3.063,35.563,44.125,53,61.688,61.75,62.625,62.563,62.812,62.812;
1704081600,3.09,0,0,96.33,-0.98,87.07,-3.125,33.625,43.938,53.06,61.688,61.75,62.625,62.563,62.75,62.812;
1704083400,3.09,0,0,94,-0.35,79.06,-3.438,32.938,43.188,52.88,61.688,61.75,62.625,62.563,62.75,62.812;
1704085200,3.09,0,0,97.67,-1.15,82.84,-4.062,32,43.375,53,61.688,61.75,62.625,62.563,62.812,62.812;
1704087000,3.09,0,0,108.67,-3.84,84.54,-6.125,27.313,41.5,52.25,61.688,61.75,62.625,62.625,62.75,62.812;
1704088800,3.09,0,0,109,-5.46,84.51,-7.625,31.063,44.062,52.44,61.75,61.813,62.625,62.563,62.812,62.812;
1704090600,3.09,0,0,107.33,-4.56,90.1,-6.812,29.437,43.5,52.69,61.688,61.813,62.625,62.563,62.75,62.812;
1704092400,3.09,0,0,108,-3.74,89.17,-6.125,27.812,42,52.56,61.688,61.75,62.625,62.625,62.812,62.812;
1704094200,3.09,0,0,103.33,-1.46,88.73,-4.062,30.562,43.437,52.94,61.688,61.75,62.625,62.563,62.75,62.812;
1704096000,3.09,0,0,97.67,0.46,90.17,-2.188,28.75,41.75,52.81,61.688,61.75,62.625,62.563,62.812,62.812;
1704097800,3.09,0,0,95,-0.79,94.38,-2.625,26.937,41.313,52.31,61.688,61.75,62.625,62.563,62.812,62.812;
1704099600,3.09,0,0,95.33,0.05,97.59,-1.75,27.062,42,52.75,61.688,61.75,62.625,62.563,62.75,62.812;
1704101400,3.09,0,0,96,-0.66,100,-1.812,25.375,41.5,52.19,61.625,61.75,62.625,62.563,62.75,62.812;
1704103200,3.09,0,0,98.67,-1.4,100,-2.125,24.312,41.188,52,61.625,61.75,62.625,62.563,62.812,62.812;
1704105000,3.09,0,0,98.67,-0.99,100,-1.875,25.812,41.063,51.81,61.625,61.688,62.625,62.563,62.812,62.812;
1704106800,3.09,0,0,110.33,-2.44,100,-2,25.5,41.25,51.69,61.562,61.688,62.625,62.563,62.812,62.812;
1704108600,3.09,0,0,110.67,-2.55,100,-1.937,27.75,42.25,52.06,61.625,61.688,62.625,62.563,62.812,62.812;
1704110400,3.09,0,0,101,-1.28,100,-0.437,26.437,44.25,52.44,61.625,61.688,62.625,62.563,62.812,62.812;
1704112200,3.09,0,0,106.67,-2.55,100,0,18.187,42.75,52,61.625,61.688,62.625,62.563,62.75,62.812;
1704114000,3.09,0,0,107.67,-2.29,100,0.062,13.063,41.125,51.69,61.625,61.75,62.625,62.563,62.812,62.812;
1704115800,3.09,0,0,110,-3.64,100,-0.812,13.187,40.312,51.19,61.562,61.75,62.625,62.563,62.812,62.812;
1704117600,3.09,0,0,110.33,-4.82,100,-1.625,13.125,39.938,51,61.625,61.75,62.625,62.563,62.75,62.812;
1704119400,3.09,0,0,106.67,-4.8,100,-2.125,18.5,40.563,51.13,61.625,61.75,62.625,62.563,62.75,62.812;
1704121200,3.09,0,0,107.33,-4.7,100,-2,19.562,41.5,51.56,61.625,61.75,62.625,62.563,62.812,62.812;
1704123000,3.09,0,0,108,-3.94,100,-1.625,28.062,43.625,52,61.625,61.75,62.625,62.625,62.812,62.812;
1704124800,3.09,0,0,105,-1.58,100,-0.125,18.687,42,51.88,61.625,61.75,62.625,62.563,62.812,62.812;
1704126600,3.09,0,0,98,-0.69,100,0.5,28.062,43.5,52.19,61.625,61.75,62.625,62.563,62.812,62.812;
1704128400,3.09,0,0,95.67,-0.24,100,0.812,26.063,42.75,52.19,61.625,61.75,62.625,62.563,62.812,62.812;
1704130200,3.09,0,0,102.33,-0.88,100,0.625,15.25,40.875,51.38,61.625,61.688,62.625,62.563,62.75,62.812;
1704132000,3.09,0,0,109.67,-2.41,100,-0.187,13.438,40.312,51.25,61.625,61.75,62.625,62.563,62.75,62.812;
1704133800,3.09,0,0,104.67,-2.25,100,-0.312,19,41.375,51.5,61.625,61.75,62.625,62.563,62.75,62.812;
1704135600,3.09,0,0,95.67,-0.99,100,0.312,30.312,45,52.5,61.625,61.75,62.625,62.563,62.812,62.812;
1704137400,3.09,0,0,88.67,2.02,100,2.125,22.5,43.063,52.25,61.688,61.75,62.625,62.563,62.75,62.812;
1704139200,3.09,0,0,96.33,-0.21,100,1.187,20.125,41.875,51.75,61.625,61.75,62.625,62.563,62.75,62.812;
1704141000,3.09,0,0,87,3.03,100,2.188,41.562,47.75,54.63,61.688,61.813,62.625,62.563,62.75,62.812;
1704142800,3.09,0,0,87,5.91,80.86,2.938,41.438,47.75,54.31,61.688,61.75,62.625,62.5,62.75,62.812;
1704144600,3.09,0,0,84.67,6.7,100,4.312,38.313,45.937,53.44,61.625,61.75,62.625,62.563,62.812,62.812;
1704146400,3.09,0,0,88,7.28,92.77,4.625,42.563,47.688,54.5,61.688,61.813,62.625,62.563,62.75,62.812;
1704148200,3.09,0,0,85,8.86,98.85,5.375,43.063,48.875,54.94,61.688,61.75,62.625,62.563,62.812,62.812;
1704150000,3.09,0,0,78.33,6.53,99.16,2.875,37.063,45.813,53.63,61.688,61.75,62.625,62.563,62.75,62.812;
1704151800,3.09,0,0,87.33,5.95,100,4.625,30.438,43.313,52.5,61.688,61.813,62.625,62.563,62.75,62.812;
1704153600,3.09,0,0,85.33,1.69,100,2.375,39.875,46.125,53.31,61.688,61.75,62.625,62.563,62.812,62.812;
1704155400,3.09,0,0,80.33,0.48,100,0.812,28.625,41.375,52.31,61.625,61.75,62.625,62.563,62.812,62.812;
1704157200,3.09,0,0,85,0.53,100,0,30.937,42.625,52.19,61.688,61.75,62.625,62.563,62.812,62.812;
1704159000,3.09,0,0,84.67,-0.23,100,-0.625,26.688,40.75,52,61.625,61.75,62.625,62.563,62.75,62.812;
1704160800,3.09,0,0,86.67,-1.09,100,-2.938,29.5,43.813,52.25,61.688,61.813,62.625,62.563,62.75,62.812;
1704162600,3.09,0,0,93,-1.86,100,-4.187,30.812,43.875,52.81,61.688,61.813,62.625,62.563,62.75,62.812;
1704164400,3.09,0,0,88.67,-0.89,96.17,-2.375,39.875,45.937,53.5,61.688,61.813,62.625,62.563,62.75,62.812;
1704166200,3.09,0,0,88.33,0.09,91.02,-1.687,36,45,53.06,61.688,61.813,62.625,62.563,62.812,62.812;
1704168000,3.09,0,0,96,-2.12,86.74,-4.812,23.625,40.063,51.44,61.688,61.813,62.625,62.563,62.75,62.812;
1704169800,3.09,0,0,108.67,-6.28,94.56,-7.75,21.875,40,51.44,61.688,61.813,62.625,62.563,62.75,62.812;
1704171600,3.09,0,0,108,-7.63,96.84,-9.063,22.75,39.188,51,61.688,61.813,62.625,62.563,62.812,62.812;
1704173400,3.09,0,0,106.67,-7.55,96.07,-9.188,25.875,40.063,51.69,61.625,61.75,62.625,62.563,62.812,62.812;
1704175200,3.09,0,0,105.33,-6.38,96.55,-8.063,26.688,40.438,51.94,61.688,61.75,62.625,62.563,62.75,62.812;
1704177000,3.09,0,0,106.33,-5.13,99.84,-6.562,30,42.187,52,61.688,61.75,62.625,62.563,62.812,62.812;
1704178800,3.09,0,0,109.33,-4.06,97.74,-5.875,30.625,42.75,52.31,61.625,61.75,62.625,62.563,62.75,62.812;
1704180600,3.09,0,0,103,-1.76,95.24,-3.563,32.313,42.688,52.44,61.688,61.75,62.625,62.625,62.75,62.812;
1704182400,3.09,0,0,104.33,-1.59,87.07,-3.875,27.562,40.75,52.13,61.688,61.75,62.625,62.563,62.812,62.812;
1704184200,3.09,0,0,107.67,-3.04,98.02,-4.5,24.437,39,52.06,61.625,61.75,62.625,62.563,62.812,62.812;
1704186000,3.09,0,0,107.67,-4.52,96.42,-5.5,21.812,38.563,51.31,61.625,61.688,62.625,62.563,62.75,62.812;
1704187800,3.09,0,0,110.67,-3.72,100,-5.125,26.25,41.438,51.5,61.625,61.688,62.625,62.563,62.812,62.812;
1704189600,3.09,0,0,110.33,-2.16,100,-3.75,26.375,41.688,52.19,61.625,61.75,62.625,62.563,62.812,62.812;
1704191400,3.09,0,0,101.33,-0.1,100,-1.812,32.375,45.312,52.94,61.625,61.688,62.625,62.563,62.75,62.812;
1704193200,3.09,0,0,87,2.3,96.25,-0.375,34.313,46,53.19,61.625,61.688,62.625,62.563,62.812,62.812;
1704195000,3.09,0,0,84.67,2.63,93.69,0.5,28.937,43.563,52.75,61.625,61.75,62.563,62.563,62.75,62.812;
1704196800,3.09,0,0,95.67,0.65,91.72,-1.562,27.5,42.25,52.19,61.688,61.75,62.625,62.563,62.812,62.812;
1704198600,3.09,0,0,94.67,0.54,98.66,-0.937,25.5,42.313,52.25,61.625,61.75,62.625,62.563,62.75,62.812;
1704200400,3.09,0,0,92.67,0.87,100,-0.75,27.875,42.938,52.63,61.625,61.75,62.625,62.563,62.75,62.812;
1704202200,3.09,0,0,92.67,1.24,100,-0.312,28.937,44.25,53.06,61.625,61.688,62.625,62.563,62.75,62.812;
1704204000,3.09,0,0,86,3.14,95.63,0.562,29.687,44,53.56,61.625,61.688,62.625,62.563,62.75,62.812;
1704205800,3.09,0,0,87,3.1,92.61,0.375,23.937,41.188,52.56,61.562,61.688,62.625,62.563,62.812,62.812;
1704207600,3.09,0,0,86,3.33,91.85,0.312,23.5,41.188,52.88,61.625,61.688,62.625,62.563,62.75,62.812;
1704209400,3.09,0,0,85,2.35,100,0.125,20.75,39.75,52,61.625,61.688,62.625,62.563,62.75,62.812;
1704211200,3.09,0,0,88.33,1.85,100,-0.312,21.187,39.875,51.94,61.562,61.688,62.625,62.563,62.75,62.812;
1704213000,3.09,0,0,97.33,1.4,100,-0.875,23.812,40.875,51.94,61.562,61.688,62.625,62.563,62.75,62.812;
1704214800,3.09,0,0,88.33,2.45,92.88,-0.812,27.625,42,52.81,61.625,61.688,62.563,62.563,62.75,62.812;
1704216600,3.09,0,0,87.33,3.22,93.54,-0.25,23.437,40.813,52.63,61.562,61.688,62.625,62.563,62.75,62.812;
1704218400,3.09,0,0,86,4.09,100,0.875,29.875,43.375,53.25,61.625,61.688,62.563,62.563,62.75,62.812;
1704220200,3.09,0,0,84.67,5.12,100,2.375,27.687,41.438,52.19,61.562,61.625,62.563,62.563,62.75,62.812;
1704222000,3.09,0,0,86,4.56,100,2.25,29.25,42.688,52.81,61.625,61.688,62.563,62.563,62.75,62.812;
1704223800,3.09,0,0,82,6.84,89.29,2.063,33.5,44.625,53.63,61.625,61.688,62.625,62.563,62.75,62.812;
1704225600,3.09,0,0,72.33,8.29,91.16,4.125,40.5,47.438,54.19,61.625,61.688,62.563,62.563,62.812,62.812;
1704227400,3.09,0,0,75.33,5.36,100,3.563,31,43.375,53.13,61.625,61.688,62.563,62.563,62.812,62.812;
1704229200,3.09,0,0,75.33,7.9,100,4.062,29.312,42.875,52.69,61.562,61.625,62.563,62.563,62.75,62.812;
1704231000,3.09,0,0,84.67,2.31,100,2.313,23.875,40.688,51.88,61.5,61.625,62.563,62.563,62.75,62.812;
1704232800,3.09,0,0,90.33,-0.73,100,0.937,19.437,40.563,51.25,61.562,61.625,62.563,62.5,62.812,62.812;
1704234600,3.09,0,0,95.67,-4.57,100,-1.312,23,41.125,51.38,61.562,61.688,62.625,62.5,62.75,62.812;
1704236400,3.09,0,0,91,-4.76,100,-1.625,30.375,42.125,51.63,61.625,61.688,62.625,62.563,62.75,62.812;
1704238200,3.09,0,0,91,-0.48,100,0.25,37.188,44.875,52.81,61.625,61.688,62.563,62.563,62.812,62.812;
1704240000,3.09,0,0,75.67,2.4,100,1.062,41,46.75,53.88,61.625,61.688,62.563,62.5,62.75,62.812;
1704241800,3.09,0,0,75,3.74,89.72,0.375,40.312,46.562,53.56,61.625,61.688,62.625,62.563,62.812,62.812;
1704243600,3.09,0,0,78,2.84,88.67,-0.437,40.375,46.5,53.69,61.625,61.688,62.625,62.563,62.75,62.812;
1704245400,3.09,0,0,81.67,1.84,98.54,-0.375,31.625,41.875,52.88,61.625,61.688,62.563,62.563,62.75,62.812;
1704247200,3.09,0,0,84,-0.21,100,-1.125,38.688,45.688,53.31,61.625,61.688,62.563,62.563,62.75,62.812;
1704249000,3.09,0,0,82,-0.2,85.7,-3.063,37.063,44.25,52.63,61.625,61.75,62.625,62.563,62.75,62.812;
1704250800,3.09,0,0,84,0.12,87.37,-2.875,39.875,46.313,53.5,61.625,61.75,62.625,62.5,62.75,62.812;
1704252600,3.09,0,0,84.67,1.71,86.58,-2,38.875,46.125,53.31,61.625,61.688,62.563,62.5,62.75,62.812;
1704254400,3.09,0,0,86,1.97,86.96,-1.437,37.688,46.313,52.94,61.625,61.75,62.625,62.5,62.75,62.812;
1704256200,3.09,0,0,92.67,1.38,87.57,-1.562,39.875,46,53.31,61.625,61.688,62.563,62.5,62.75,62.812;
1704258000,3.09,0,0,81.67,2.36,82.84,-0.812,38.375,45.125,53.13,61.688,61.75,62.625,62.5,62.75,62.812;
1704259800,3.09,0,0,81,1.15,84.7,0,39.625,45.375,53.25,61.625,61.75,62.563,62.5,62.812,62.812;
1704261600,3.09,0,0,89.33,1.53,88.74,-0.437,38.563,45.5,53.56,61.625,61.688,62.625,62.5,62.75,62.812;
1704263400,3.09,0,0,86,2.59,87.71,0,35.063,44.125,53,61.625,61.688,62.563,62.563,62.75,62.812;
1704265200,3.09,0,0,87.67,1.44,99.15,0.875,39.625,46.438,53.56,61.625,61.75,62.563,62.563,62.75,62.812;
1704267000,3.09,0,0,90,1.48,92.19,0.75,35.625,44.375,52.88,61.625,61.688,62.563,62.563,62.812,62.812;
1704268800,3.09,0,0,90,1.37,97.9,0.437,38.5,45.875,53.44,61.625,61.688,62.563,62.5,62.812,62.812;
1704270600,3.09,0,0,82,1.54,92.55,-0.312,37.563,45.063,53.44,61.625,61.688,62.625,62.5,62.75,62.812;
1704272400,3.09,0,0,96,0.76,100,0.687,34.563,44.563,52.94,61.625,61.75,62.625,62.563,62.75,62.812;
1704274200,3.09,0,0,94.33,-0.87,100,1.437,18.062,42.812,51.75,61.562,61.688,62.625,62.563,62.75,62.812;
1704276000,3.09,0,0,100.67,-1.04,100,1.375,25.75,44,52.31,61.562,61.688,62.625,62.5,62.75,62.812;
1704277800,3.09,0,0,111.33,-1.69,100,1.437,26.5,44.062,51.94,61.625,61.688,62.625,62.563,62.812,62.812;
1704279600,3.09,0,0,86.67,0.58,97.19,0,37.438,46,53.25,61.75,61.813,62.625,62.563,62.812,62.812;
1704281400,3.09,0,0,94.33,-1.14,90.81,-1.5,36.813,45.625,53.13,61.75,61.813,62.625,62.563,62.75,62.812;
1704283200,3.09,0,0,94,-1.26,91.89,-1.437,37.75,46.813,53.94,61.875,61.875,62.625,62.563,62.75,62.812;
1704285000,3.09,0,0,105.67,-1.64,93.37,-2.313,35,46.188,53.13,61.75,61.813,62.625,62.563,62.812,62.812;
1704286800,3.09,0,0,105.33,-0.33,98.05,-1.437,39.438,48.688,54.19,61.688,61.75,62.625,62.5,62.75,62.812;
1704288600,3.09,0,0,94.67,1.39,85.88,1.312,21.312,43.813,52.38,61.625,61.688,62.563,62.563,62.75,62.812;
1704290400,3.09,0,0,100.67,-2.6,100,0.25,22.812,43.688,52.25,61.625,61.688,62.563,62.563,62.75,62.812;
1704292200,3.09,0,0,107.67,-1.58,100,0.437,35.375,48.063,53.94,61.688,61.75,62.625,62.563,62.75,62.812;
1704294000,3.09,0,0,87.33,1.19,82.73,-0.25,38.75,47.75,54.88,61.813,61.813,62.625,62.563,62.75,62.812;
1704295800,3.09,0,0,85,4.07,80.39,0.062,37.063,47.313,54.5,61.75,61.813,62.625,62.563,62.75,62.812;
1704297600,3.09,0,0,86.33,3.14,75.88,-0.875,34.313,44.438,53.31,61.875,61.875,62.625,62.563,62.812,62.812;
1704299400,3.09,0,0,95.67,-0.03,83.97,-3.063,31.625,43.813,52.63,61.75,61.875,62.625,62.563,62.75,62.812;
1704301200,3.09,0,0,95.33,1.05,97.93,-1.625,32.25,44.875,53.44,61.688,61.813,62.625,62.563,62.75,62.812;
1704303000,3.09,0,0,86,2.96,91.04,-0.875,32.25,44.313,52.56,61.688,61.75,62.625,62.563,62.75,62.812;
1704304800,3.09,0,0,91.33,1.79,100,0.562,29.625,44,53,61.688,61.75,62.625,62.563,62.812,62.812;
1704306600,3.09,0,0,82.33,3.71,100,1.437,27.625,44.188,52.63,61.625,61.688,62.625,62.563,62.812,62.812;
1704308400,3.09,0,0,83.33,2.85,94.03,2.25,17.375,42,51.94,61.625,61.688,62.625,62.563,62.75,62.812;
1704310200,3.09,0,0,110,-1.86,100,0.25,18.062,40.813,51.31,61.562,61.688,62.563,62.563,62.75,62.812;
1704312000,3.09,0,0,109,-2.72,100,-0.375,10.687,40,50.94,61.562,61.688,62.625,62.5,62.812,62.812;
1704313800,3.09,0,0,108.33,-2.95,100,-1.312,28.125,42.313,51.81,61.625,61.688,62.625,62.563,62.812,62.812;
1704315600,3.09,0,0,106.33,-0.88,90.15,-3,28.625,43,52.25,61.625,61.75,62.625,62.563,62.75,62.812;
1704317400,3.09,0,0,109.67,-1.71,72.81,-5.25,29.125,41.875,52.06,61.875,62,62.688,62.625,62.75,62.812;
1704319200,3.1,0,0,107,-7.33,79.75,-9.063,26.5,40.063,51.19,61.875,62,62.688,62.563,62.812,62.812;
1704321000,3.09,0,0,105.67,-5.54,88.58,-8.25,27.75,42.5,51.75,61.625,61.813,62.625,62.563,62.812,62.812;
1704322800,3.09,0,0,102.67,-5.49,81.14,-7.937,28.312,40.875,51.5,61.813,62,62.688,62.563,62.812,62.812;
1704324600,3.09,0,0,103.67,-7.58,94.75,-8.813,27.625,40.75,51.13,61.688,61.938,62.688,62.563,62.812,62.812;
1704326400,3.09,0,0,105.67,-7.57,95.84,-8.625,26.312,40.875,51,61.625,61.875,62.625,62.563,62.812,62.812;
1704328200,3.09,0,0,106.67,-9.63,85.3,-10.25,27.75,39.688,50.69,61.688,61.938,62.688,62.563,62.812,62.812;
1704330000,3.09,0,0,111.33,-11.09,88.38,-11.5,28,39.688,50.75,61.75,61.938,62.688,62.563,62.812,62.812;
1704331800,3.1,0,0,107.33,-12.1,87.95,-12.375,26.937,40,50.75,61.75,61.938,62.688,62.563,62.812,62.812;
1704333600,3.09,0,0,103.33,-12.6,87.2,-12.938,26.562,39.625,50.63,61.688,62,62.688,62.563,62.812,62.875;
1704335400,3.09,0,0,102.67,-13.4,87.12,-13.125,26.187,39.563,50.5,61.688,61.938,62.688,62.563,62.812,62.812;
1704337200,3.1,0,0,107.33,-13.65,87.7,-13.25,25.187,39.563,50.44,61.688,62,62.688,62.563,62.812,62.875;
1704339000,3.1,0,0,111,-13.17,87.66,-12.938,25.937,39.688,50.38,61.688,62,62.688,62.563,62.812,62.875;
1704340800,3.09,0,0,101.67,-13.89,86.66,-13.5,26.375,38.938,50.19,61.75,62,62.688,62.625,62.812,62.875;
1704342600,3.09,0,0,101.33,-13.28,87.18,-13.187,26.063,38.313,50.31,61.875,62,62.688,62.625,62.812,62.812;
1704344400,3.1,0,0,102,-13.41,85.7,-13.25,25.937,38.375,50.69,61.688,62,62.688,62.625,62.812,62.875;
1704346200,3.09,0,0,103,-13.56,83.36,-13.563,28,37.813,50.63,61.688,62,62.75,62.625,62.875,62.875;
1704348000,3.09,0,0,100.67,-13.19,84.12,-13.375,28.25,38.875,50.69,61.875,62,62.688,62.625,62.812,62.875;
1704349800,3.09,0,0,105.33,-12.28,82.65,-13,31.75,39.313,51.31,61.875,61.938,62.688,62.625,62.812,62.875;
1704351600,3.09,0,0,111.67,-11.76,81.34,-12.438,30.625,39.125,51.56,61.875,62,62.75,62.625,62.875,62.875;
1704353400,3.09,0,0,111,-10.87,81.5,-11.563,31.5,40.188,51.38,61.875,61.938,62.688,62.625,62.875,62.875;
1704355200,3.1,0,0,109.33,-9.65,85.68,-10.313,29.562,41.875,51.56,61.75,61.875,62.688,62.625,62.875,62.875;
1704357000,3.09,0,0,104.33,-7.55,92.93,-7.937,27.687,40.75,51.63,61.625,61.75,62.625,62.563,62.812,62.875;
1704358800,3.1,0,0,105,-5.24,97.16,-4.625,32.625,42.187,51.56,61.625,61.688,62.625,62.625,62.875,62.875;
1704360600,3.09,0,0,106.33,-5.33,96.65,-3.938,13.125,38.938,50.69,61.625,61.75,62.688,62.563,62.875,62.875;
1704362400,3.09,0,0,106.67,-4.15,93.7,-4.687,31,43.5,52.69,61.625,61.75,62.625,62.625,62.812,62.875;
1704364200,3.09,0,0,109,-2.66,91.91,-4.312,25.062,40.438,51.88,61.625,61.75,62.688,62.563,62.875,62.875;
1704366000,3.09,0,0,106.67,-3.24,94.19,-3,27.875,41.188,51.19,61.625,61.688,62.625,62.563,62.812,62.875;
1704367800,3.09,0,0,104,-5.5,100,-3.063,23.062,41.75,51.5,61.625,61.75,62.688,62.625,62.875,62.875;
1704369600,3.09,0,0,106,-5.66,100,-3.25,22.625,41.625,51.5,61.625,61.688,62.625,62.625,62.875,62.875;
1704371400,3.09,0,0,108.33,-5.41,100,-2.563,22.062,42.125,51.63,61.688,61.75,62.688,62.625,62.812,62.875;
1704373200,3.09,0,0,104,-4.52,100,-1.75,30.125,43.437,51.94,61.625,61.75,62.625,62.625,62.812,62.875;
1704375000,3.1,0,0,107.67,-4.18,100,-2.063,17,41.063,51.19,61.625,61.75,62.625,62.625,62.812,62.875;
1704376800,3.09,0,0,107,-4.16,100,-1.375,18.625,41.188,51.31,61.625,61.75,62.625,62.563,62.812,62.875;
1704378600,3.09,0,0,110.67,-1.98,100,-0.562,35.313,46.125,53.44,61.688,61.75,62.625,62.625,62.812,62.875;
1704380400,3.09,0,0,105.33,-1.41,100,-0.25,28.625,44.438,52.75,61.625,61.75,62.625,62.625,62.812,62.812;
1704382200,3.09,0,0,91,0.46,96.04,-0.187,35.375,45.937,53.63,61.75,61.875,62.688,62.625,62.812,62.875;
1704384000,3.09,0,0,92.67,0.39,91.79,-1.437,37.125,46.063,53.75,61.813,61.875,62.688,62.625,62.812,62.875;
1704385800,3.09,0,0,98.67,-1.24,81.77,-2.688,34.688,46.438,53.56,61.75,61.875,62.688,62.625,62.812,62.875;
1704387600,3.09,0,0,90,0.64,76.16,-3.063,36,47,53.94,61.813,61.813,62.688,62.563,62.812,62.875;
1704389400,3.09,0,0,93,1.12,78.68,-2.375,34.375,46.25,53.69,61.688,61.75,62.625,62.563,62.812,62.875;
1704391200,3.09,0,0,88,3.77,66.72,-0.625,37.75,47.438,54.25,61.688,61.813,62.625,62.563,62.812,62.875;
1704393000,3.09,0,0,85,5.17,65.53,-0.25,40.063,48.813,55.13,61.75,61.813,62.688,62.563,62.812,62.875;
1704394800,3.09,0,0,85.67,4.13,58.21,-0.062,37.813,46.063,53.63,61.688,61.813,62.625,62.563,62.812,62.812;
1704396600,3.09,0,0,92.67,0.87,63.4,-2.063,37.625,45.25,53.69,61.875,61.875,62.688,62.563,62.812,62.875;
1704398400,3.09,0,0,94.67,-0.26,65.05,-2.938,37.313,45.312,53.5,61.875,61.875,62.688,62.563,62.812,62.875;
1704400200,3.09,0,0,107.33,-3,59.93,-4.062,36.625,43.375,53.13,61.875,61.875,62.688,62.625,62.812,62.812;
1704402000,3.09,0,0,112,-2.56,65.68,-4.75,35.813,44.375,53.38,61.875,61.938,62.688,62.625,62.812,62.875;
1704403800,3.09,0,0,106,-5.05,65.19,-6.812,31.875,43.313,52.56,61.938,62,62.688,62.625,62.812,62.812;
1704405600,3.09,0,0,105.33,-5.96,75.59,-7.125,31.125,43.188,52.19,61.875,61.938,62.688,62.625,62.812,62.875;
1704407400,3.09,0,0,107.33,-5.82,75.92,-7.125,32.313,43.188,52.44,61.875,61.938,62.688,62.625,62.812,62.875;
1704409200,3.09,0,0,106.67,-7.18,68.49,-8.188,26.937,41.625,51.44,61.875,61.938,62.688,62.625,62.812,62.875;
1704411000,3.09,0,0,111,-9.5,82.37,-9.813,26.312,40.937,51.31,61.875,61.938,62.688,62.625,62.812,62.875;
1704412800,3.09,0,0,108,-9.22,83.78,-9.563,28.125,41.5,51.69,61.875,61.938,62.688,62.625,62.812,62.812;
1704414600,3.09,0,0,109,-10.02,77.96,-10.125,28.563,41.25,51.75,61.875,61.938,62.688,62.625,62.812,62.875;
1704416400,3.1,0,0,108,-10.94,78.27,-10.438,27.812,41.25,51.5,61.938,62,62.688,62.625,62.812,62.875;
1704418200,3.09,0,0,112.67,-10.98,83.38,-10.25,25.625,40.688,51.13,61.875,62,62.688,62.625,62.812,62.875;
1704420000,3.09,0,0,111,-11.12,83.22,-10.125,25.312,40.75,51.44,61.875,61.938,62.688,62.625,62.812,62.875;
1704421800,3.1,0,0,108,-10.01,93,-8.938,27.375,41.125,51.56,61.875,61.938,62.688,62.625,62.812,62.812;
1704423600,3.1,0,0,106.67,-9.54,96.15,-7.875,26.75,41.188,51.56,61.875,61.938,62.688,62.625,62.812,62.875;
1704425400,3.1,0,0,108.33,-8.96,95.52,-7.625,28.375,41.125,51.88,61.875,61.938,62.688,62.563,62.812,62.875;
1704427200,3.09,0,0,111.67,-10.69,81.08,-9.688,27.625,40.688,51.31,61.938,62,62.688,62.625,62.812,62.875;
1704429000,3.09,0,0,109.33,-11.62,80.49,-11,26.812,41.188,51.69,61.875,61.938,62.688,62.688,62.875,62.875;
1704430800,3.09,0,0,106,-11.52,80.55,-11.188,30.75,41.375,52.13,61.875,61.938,62.688,62.625,62.812,62.875;
1704432600,3.09,0,0,111.67,-10.62,80.28,-10.375,32.813,41.562,52.31,61.875,61.938,62.688,62.625,62.812,62.875;
1704434400,3.09,0,0,106.67,-8.48,79.93,-8.125,36.063,42.375,52.5,61.813,61.875,62.688,62.625,62.812,62.875;
1704436200,3.1,0,0,105,-7.17,79.25,-7.187,36.25,42.375,52.69,61.875,61.875,62.688,62.688,62.812,62.875;
1704438000,3.1,0,0,104.33,-6.8,77.73,-7.375,33.688,42.063,52.5,61.938,61.938,62.688,62.625,62.812,62.875;
1704439800,3.09,0,0,102.67,-5.8,89.5,-5.437,34.875,42.625,51.56,61.688,61.813,62.625,62.625,62.812,62.875;
1704441600,3.09,0,0,108,-5.85,74.13,-5.937,36.938,42.063,52.75,61.875,61.875,62.688,62.625,62.812,62.875;
1704443400,3.09,0,0,103.33,-6.79,76.81,-7.125,30.25,41.5,51.75,61.875,61.875,62.688,62.563,62.812,62.875;
1704445200,3.09,0,0,106.67,-8.51,86.75,-7.562,30,42.25,51.63,61.813,61.875,62.688,62.625,62.812,62.875;
1704447000,3.09,0,0,105.67,-8.52,84.12,-7.562,31.187,43.375,52.13,61.875,61.938,62.688,62.688,62.875,62.875;
1704448800,3.09,0,0,102,-8.61,82.26,-8.125,31.562,43.813,52.19,61.875,61.875,62.688,62.625,62.812,62.875;
1704450600,3.09,0,0,107.33,-7.99,81.1,-7.687,34.563,44.438,52.94,61.875,61.875,62.688,62.688,62.812,62.875;
1704452400,3.09,0,0,103,-7.33,86.75,-6.937,34.5,44.813,53.31,61.938,61.938,62.688,62.688,62.812,62.875;
1704454200,3.1,0,0,102,-6.67,86.45,-6.437,33.25,45.188,53.25,61.875,61.938,62.688,62.625,62.812,62.875;
1704456000,3.09,0,0,104,-6.49,85.33,-5.937,32.938,44.563,53.38,61.938,61.938,62.688,62.625,62.812,62.875;
1704457800,3.09,0,0,105.67,-5.66,87.4,-5.187,35.438,46.625,53.5,61.813,61.813,62.688,62.625,62.812,62.875;
1704459600,3.09,0,0,105.67,-5.32,83.5,-4.75,32.938,45.188,53.56,61.875,61.938,62.688,62.625,62.812,62.875;
1704461400,3.09,0,0,107,-6.13,85.34,-5.5,31.437,45.438,53.44,61.875,61.875,62.688,62.625,62.875,62.875;
1704463200,3.09,0,0,105,-4.37,84.83,-4.125,32.938,46.688,53.69,61.813,61.875,62.688,62.625,62.812,62.875;
1704465000,3.09,0,0,102.33,-1.48,81.2,-2.25,37.875,46,54.25,61.813,61.875,62.688,62.625,62.812,62.875;
1704466800,3.09,0,0,103.67,-1.54,80.93,-2.313,35.063,45.312,53.88,61.875,61.938,62.688,62.625,62.812,62.875;
1704468600,3.1,0,0,100.67,-2.13,81.22,-2.313,35.75,46,54.31,61.875,61.875,62.688,62.563,62.812,62.875;
1704470400,3.09,0,0,84.67,1.29,94.51,-0.312,30.625,47.313,54.13,61.625,61.75,62.625,62.563,62.812,62.875;
1704472200,3.09,0,0,86.33,3.43,84.97,0.375,39.563,49.25,55.44,61.813,61.813,62.625,62.563,62.812,62.875;
1704474000,3.09,0,0,88.67,4.36,95.5,2.563,25.562,44.875,53.31,61.625,61.75,62.625,62.625,62.812,62.875;
1704475800,3.09,0,0,85.67,4.41,100,3.063,38.25,49.062,55.19,61.688,61.75,62.625,62.563,62.812,62.875;
1704477600,3.09,0,0,86.33,8.39,83.27,4.187,20.937,44.25,53.19,61.625,61.75,62.625,62.563,62.812,62.812;
1704479400,3.09,0,0,84.67,4.41,100,3.25,25.562,44.625,52.94,61.625,61.75,62.625,62.563,62.812,62.875;
1704481200,3.09,0,0,82.67,4.02,89.62,1.375,41.125,47.75,54.63,61.75,61.813,62.688,62.625,62.812,62.812;
1704483000,3.09,0,0,88.67,6.56,84.4,3.563,41.125,47.938,54.75,61.75,61.813,62.688,62.563,62.812,62.875;
1704484800,3.09,0,0,84.67,4.45,93.62,3.25,25.812,43.125,52.38,61.688,61.75,62.625,62.625,62.812,62.875;
1704486600,3.09,0,0,88.33,1.45,96.09,2.188,27.25,43.375,52.38,61.625,61.75,62.625,62.563,62.875,62.875;
1704488400,3.09,0,0,96.67,-0.1,92.41,1.312,30.125,43.563,52.25,61.625,61.75,62.625,62.625,62.812,62.875;
1704490200,3.1,0,0,95,0.95,97.45,1.375,31.75,43.813,52.31,61.688,61.75,62.625,62.625,62.812,62.812;
1704492000,3.09,0,0,84,4.9,96.09,2.875,35.813,45.75,53.38,61.688,61.75,62.625,62.563,62.812,62.812;
1704493800,3.09,0,0,85.67,5.32,95.9,3.125,20,42.187,51.88,61.625,61.75,62.625,62.625,62.812,62.812;
1704495600,3.09,0,0,86.33,6.32,92.12,4.5,36.75,45.875,53.31,61.688,61.75,62.625,62.563,62.812,62.875;
1704497400,3.09,0,0,86,2.26,98.62,2.125,40.563,47.563,53.88,61.688,61.75,62.625,62.563,62.812,62.812;
1704499200,3.09,0,0,85.67,6.46,78.8,3.75,42.063,47.875,54.25,61.688,61.75,62.625,62.563,62.812,62.812;
1704501000,3.09,0,0,82.33,8.62,89.54,6,41.688,47.063,53.75,61.688,61.75,62.625,62.563,62.812,62.812;
1704502800,3.09,0,0,90.33,9.54,100,8.063,42,47.313,53.75,61.625,61.75,62.625,62.563,62.812,62.875;
1704504600,3.09,0,0,87,8.41,100,7.625,40.188,46.375,53.5,61.688,61.75,62.625,62.563,62.812,62.875;
1704506400,3.09,0,0,85,7.38,100,7.937,41.75,47.375,54,61.688,61.75,62.625,62.563,62.812,62.812;
1704508200,3.09,0,0,86,6.55,100,6.812,41.313,46.875,53.75,61.688,61.75,62.625,62.563,62.812,62.812;
1704510000,3.09,0,0,84,5.94,97.28,6.187,40.875,46.313,53.5,61.688,61.813,62.625,62.563,62.812,62.812;
1704511800,3.09,0,0,84,6.05,92.65,5.75,40.875,46.5,53.44,61.688,61.75,62.625,62.563,62.812,62.812;
1704513600,3.09,0,0,85.67,4.18,88.88,4.062,38.063,44.5,52.63,61.688,61.75,62.625,62.563,62.812,62.875;
1704515400,3.09,0,0,83,2.52,88.67,1.687,40.312,46.438,53.25,61.688,61.75,62.625,62.563,62.812,62.812;
1704517200,3.09,0,0,83,3.29,81.27,0.125,40.937,47,54,61.688,61.75,62.625,62.563,62.812,62.812;
1704519000,3.09,0,0,84.33,2.52,82.39,0,40.688,47.063,53.88,61.688,61.75,62.625,62.563,62.812,62.812;
1704520800,3.09,0,0,86,3.06,77.59,-0.25,40.688,47,53.56,61.688,61.75,62.625,62.563,62.812,62.812;
1704522600,3.09,0,0,86.33,3.72,78.77,1,38.625,45,52.88,61.688,61.75,62.625,62.563,62.812,62.812;
1704524400,3.09,0,0,81,1.74,84.03,1.062,38.625,45.063,52.5,61.688,61.75,62.625,62.563,62.812,62.812;
1704526200,3.09,0,0,84.67,4.99,87.29,3.063,40.937,46.625,53.25,61.688,61.75,62.625,62.563,62.812,62.812;
1704528000,3.09,0,0,85,4.02,91.34,3.75,40.25,47.125,53.56,61.688,61.75,62.625,62.563,62.812,62.812;
1704529800,3.09,0,0,83.67,4.77,89.87,4.562,40.5,45.438,53.31,61.688,61.813,62.625,62.563,62.812,62.812;
1704531600,3.09,0,0,84.67,3.6,92.49,4.437,36.5,44.438,52.25,61.688,61.75,62.625,62.563,62.812,62.812;
1704533400,3.09,0,0,100.67,-0.77,100,2.125,14.125,41.813,51.38,61.625,61.75,62.625,62.625,62.812,62.812;
1704535200,3.09,0,0,106.67,-1.98,100,0.562,30.375,43.25,52.19,61.625,61.75,62.625,62.563,62.812,62.812;
1704537000,3.09,0,0,95.67,0.26,100,1.75,32.563,44.5,52.44,61.688,61.75,62.625,62.563,62.812,62.812;
1704538800,3.09,0,0,98,-0.07,100,2.188,32,44.313,52.44,61.625,61.75,62.625,62.563,62.812,62.812;
1704540600,3.09,0,0,108.67,-2.28,100,0.687,22.875,41.562,51.63,61.625,61.75,62.625,62.625,62.812,62.812;
1704542400,3.09,0,0,108,-4.1,100,-0.625,14.188,42.063,51.81,61.625,61.75,62.625,62.563,62.812,62.812;
1704544200,3.1,0,0,111.67,-0.91,100,0.875,15.625,41.875,51.75,61.625,61.75,62.625,62.625,62.812,62.812;
1704546000,3.1,0,0,109,-1.31,100,0.875,20.438,42,51.69,61.625,61.688,62.625,62.625,62.812,62.812;
1704547800,3.09,0,0,111.33,-2.96,100,-0.125,17,41,51.5,61.625,61.688,62.625,62.625,62.812,62.812;
1704549600,3.09,0,0,105.67,-3.92,100,-1,25.5,42.688,51.88,61.625,61.75,62.625,62.625,62.812,62.812;
1704551400,3.1,0,0,106.33,-2.96,100,-0.437,25,42.5,51.81,61.625,61.75,62.625,62.625,62.812,62.812;
1704553200,3.09,0,0,107,-3.36,100,-0.75,14.063,40.312,51.19,61.625,61.688,62.625,62.563,62.812,62.812;
1704555000,3.1,0,0,108.33,-3.35,100,-0.625,24.937,42.125,51.75,61.625,61.75,62.625,62.625,62.812,62.812;
1704556800,3.09,0,0,108.67,-3.23,100,-0.75,13.75,40.063,51.25,61.625,61.75,62.625,62.563,62.812,62.812;
1704558600,3.09,0,0,106,-4.85,100,-1.812,15.75,40.188,51.31,61.625,61.688,62.625,62.563,62.812,62.812;
1704560400,3.1,0,0,106.67,-4.51,100,-1.125,22.625,42.25,51.88,61.625,61.688,62.625,62.563,62.812,62.812;
1704562200,3.09,0,0,109,-3.56,100,-1,13.375,40.438,51.25,61.625,61.688,62.625,62.563,62.812,62.812;
1704564000,3.1,0,0,107.33,-3.3,100,-1.062,19.5,41.5,51.63,61.625,61.75,62.625,62.625,62.812,62.812;
1704565800,3.09,0,0,109.33,-2.28,100,-0.562,11.063,39.625,51.13,61.625,61.688,62.625,62.563,62.812,62.812;
1704567600,3.1,0,0,106.67,-1.66,100,-0.125,23.937,42.875,52.06,61.625,61.688,62.625,62.625,62.812,62.812;
1704569400,3.09,0,0,97.33,1.03,100,-0.375,13.688,40.438,51.5,61.562,61.625,62.625,62.563,62.812,62.812;
1704571200,3.1,0,0,102.67,-0.62,100,-0.25,14.625,40.5,51.44,61.625,61.75,62.625,62.563,62.75,62.812;
1704573000,3.1,0,0,109.33,-3.76,100,-1.062,20.062,40.937,51.25,61.625,61.688,62.625,62.563,62.812,62.812;
1704574800,3.09,0,0,108.67,-5.42,100,-2.188,25.125,41.375,51.56,61.625,61.688,62.625,62.563,62.812,62.812;
1704576600,3.1,0,0,108.33,-3.69,100,-2.188,37.375,44.625,52.38,61.625,61.688,62.625,62.625,62.812,62.812;
1704578400,3.1,0,0,102.67,-1.23,100,-0.937,30.125,42.125,52.06,61.688,61.75,62.625,62.625,62.812,62.812;
1704580200,3.09,0,0,109.33,-4.75,100,-2.25,30.375,42.25,51.75,61.625,61.688,62.625,62.563,62.812,62.812;
1704582000,3.1,0,0,102.67,-6.53,100,-3.313,26.688,41.25,51.31,61.625,61.688,62.625,62.563,62.812,62.812;
1704583800,3.1,0,0,108.67,-2.65,100,-1.375,37.5,45.875,53,61.688,61.75,62.625,62.563,62.812,62.812;
1704585600,3.09,0,0,94.33,1.13,100,1.25,39,45.75,53.38,61.688,61.75,62.625,62.563,62.812,62.812;
1704587400,3.09,0,0,86,1.81,100,2.313,39.813,46.5,53.56,61.688,61.75,62.625,62.563,62.812,62.812;
1704589200,3.09,0,0,85.33,5.75,100,5.312,36.313,44.125,52.63,61.625,61.688,62.625,62.563,62.812,62.812;
1704591000,3.09,0,0,89,3.32,100,5,37.563,44.5,52.44,61.625,61.75,62.625,62.563,62.812,62.812;
1704592800,3.09,0,0,84.67,4.65,100,4.75,30.812,41.813,52.5,61.625,61.75,62.625,62.563,62.812,62.812;
1704594600,3.09,0,0,86,6.36,100,6.312,42,47.25,54.13,61.688,61.75,62.625,62.563,62.812,62.812;
1704596400,3.09,0,0,83,6.46,100,7.75,39.125,46,53.38,61.688,61.75,62.625,62.563,62.75,62.812;
1704598200,3.09,0,0,84.67,4.95,100,7.062,37.875,45.063,53.06,61.688,61.75,62.625,62.563,62.812,62.812;
1704600000,3.09,0,0,86.67,2.41,100,0.75,32.375,42.375,52.81,61.625,61.75,62.625,62.625,62.812,62.812;
1704601800,3.09,0,0,94.67,-0.98,100,0,31.312,42.187,52.06,61.625,61.688,62.625,62.625,62.75,62.812;
1704603600,3.09,0,0,101.33,-0.81,96.51,-0.937,40.125,46.75,53.69,61.688,61.75,62.625,62.563,62.812,62.812;
1704605400,3.09,0,0,84.67,1.79,84.96,-0.687,40.937,47.063,53.88,61.625,61.75,62.625,62.563,62.812,62.812;
1704607200,3.09,0,0,96,1.14,83.05,-1.625,39.313,47,53.63,61.688,61.75,62.625,62.563,62.812,62.812;
1704609000,3.1,0,0,85.67,1.04,77,-2.25,40.063,46.375,53.63,61.688,61.75,62.625,62.563,62.812,62.812;
1704610800,3.09,0,0,86,3.86,94.16,0.062,40.625,46.5,53.5,61.625,61.75,62.625,62.563,62.812,62.812;
1704612600,3.09,0,0,86,5.76,99.96,4.312,41.938,47.063,53.75,61.688,61.75,62.625,62.563,62.812,62.812;
1704614400,3.09,0,0,87.67,2.77,100,3.5,29.813,42.313,52.44,61.625,61.75,62.625,62.563,62.75,62.812;
1704616200,3.09,0,0,88.33,3.12,100,4.187,32.5,43.188,52.38,61.625,61.75,62.625,62.563,62.812,62.812;
1704618000,3.09,0,0,84,1.05,100,3.688,28.563,43.688,52.38,61.688,61.75,62.625,62.563,62.75,62.812;
1704619800,3.09,0,0,108.33,-1.89,100,1.687,24.5,41.688,51.56,61.688,61.75,62.625,62.563,62.75,62.812;
1704621600,3.09,0,0,107.67,-1.49,100,0.625,24.562,42.563,51.94,61.625,61.688,62.625,62.563,62.812,62.812;
1704623400,3.09,0,0,98,-1.26,100,0.125,32.813,44.813,52.63,61.625,61.75,62.625,62.563,62.75,62.812;
1704625200,3.09,0,0,91,0.18,100,1.75,32,44.813,52.63,61.688,61.75,62.625,62.563,62.75,62.812;
1704627000,3.09,0,0,100,-0.82,100,1.312,39.125,47.125,53.31,61.625,61.75,62.625,62.563,62.75,62.812;
1704628800,3.09,0,0,94,0.99,100,1.75,38.75,46.5,53.25,61.688,61.75,62.625,62.563,62.75,62.812;
1704630600,3.09,0,0,88.67,2.26,100,1.937,34.375,46.75,53.94,61.688,61.75,62.625,62.5,62.75,62.812;
1704632400,3.09,0,0,96,0.46,100,2.375,23.125,42.375,51.69,61.688,61.75,62.625,62.563,62.812,62.812;
1704634200,3.09,0,0,108.67,-2.48,100,0.875,22.375,42.938,52.13,61.625,61.75,62.625,62.563,62.812,62.812;
1704636000,3.1,0,0,108.67,-1.7,100,1.5,21.812,44.438,52.5,61.625,61.75,62.625,62.563,62.75,62.812;
1704637800,3.09,0,0,102.67,-0.83,100,1.812,14.938,43.625,52.38,61.625,61.688,62.625,62.563,62.812,62.812;
1704639600,3.09,0,0,106.33,-0.77,100,1.375,19.625,44.062,52.5,61.625,61.75,62.625,62.563,62.812,62.812;
1704641400,3.1,0,0,86.67,1.04,100,0.25,37.313,48.813,55.19,61.813,61.813,62.625,62.563,62.812,62.812;
1704643200,3.09,0,0,85,3.15,86.05,0,37.188,48.125,55.38,61.875,61.875,62.625,62.563,62.812,62.812;
1704645000,3.09,0,0,95.67,1.65,85.46,-0.562,37.25,46.75,55,61.875,61.875,62.625,62.563,62.812,62.812;
1704646800,3.1,0,0,92.67,1.61,88.5,-1.125,36.75,46.813,54.88,61.813,61.875,62.625,62.563,62.812,62.812;
1704648600,3.09,0,0,93.67,1.53,84.87,-1.437,35.875,45.688,54.69,61.875,61.938,62.625,62.563,62.75,62.812;
1704650400,3.09,0,0,98.33,-0.56,97.16,-2.5,36.125,45.75,54.75,61.875,61.938,62.625,62.563,62.812,62.812;
1704652200,3.09,0,0,97.33,-0.7,100,-3.125,34,45.625,54.19,61.875,61.938,62.625,62.563,62.812,62.812;
1704654000,3.09,0,0,111.33,-2.17,100,-4.187,32.813,44.5,53.81,61.875,61.938,62.688,62.563,62.812,62.812;
1704655800,3.1,0,0,108.67,-3.56,100,-5.125,32.938,44.438,54,61.938,62,62.688,62.625,62.812,62.812;
1704657600,3.1,0,0,105.33,-5.84,100,-6.437,31.437,43.125,53.44,61.938,62,62.688,62.563,62.812,62.812;
1704659400,3.1,0,0,108.67,-8.28,100,-7.812,29.125,42.375,52.63,61.938,62,62.688,62.625,62.812,62.812;
1704661200,3.1,0,0,107.33,-8.44,100,-8.813,26,39.938,50.69,61.875,62,62.688,62.563,62.812,62.875;
1704663000,3.1,0,0,112.33,-9.85,100,-10.563,23.125,36.375,49.5,61.688,62,62.688,62.563,62.812,62.812;
1704664800,3.09,0,0,112,-9.98,100,-10.813,23.25,34.813,49.56,61.875,62.063,62.688,62.625,62.812,62.875;
1704666600,3.1,0,0,109.67,-9.83,100,-10.75,21.937,33.063,49.44,61.562,62,62.688,62.563,62.812,62.875;
1704668400,3.1,0,0,114,-11.6,100,-11.5,21.25,33.188,49.44,61.5,62,62.688,62.563,62.812,62.875;
1704670200,3.09,0,0,107.67,-12.41,100,-12.375,20.5,33.313,49.63,61.313,62,62.688,62.625,62.812,62.875;
1704672000,3.1,0,0,102,-14.03,100,-13.75,19.5,34.688,49.81,61.25,62,62.688,62.625,62.812,62.875;
1704673800,3.09,0,0,105.67,-13.56,100,-13.375,19.125,36.688,50.06,61.313,62,62.75,62.625,62.812,62.875;
1704675600,3.1,0,0,104,255,255,-13.375,19.687,36.688,50.19,61.25,62,62.75,62.625,62.875,62.875;
1704677400,3.1,0,0,101.67,-13.98,100,-13.5,19.437,37.813,50.44,61.375,61.938,62.688,62.625,62.875,62.875;
1704679200,3.1,0,0,103.33,-13.72,100,-13.25,21.437,37.5,51,61.562,62.063,62.75,62.625,62.875,62.875;
1704681000,3.1,0,0,105,-13.3,100,-13.25,21.375,38.75,50.88,61.562,62.063,62.75,62.625,62.875,62.875;
1704682800,3.1,0,0,100.67,-14.2,100,-14.188,21.125,39.563,50.69,61.313,62.063,62.75,62.625,62.875,62.875;
1704684600,3.1,0,0,104.67,-14.01,100,-14.063,21.437,39.5,50.5,61.375,62.063,62.75,62.625,62.875,62.875;
1704686400,3.1,0,0,101.33,-13.96,100,-14.188,20.562,40.188,50.44,61.063,62,62.75,62.625,62.875,62.875;
1704688200,3.09,0,0,103.67,-13.93,100,-14.125,22.625,38.313,50.19,61.125,62,62.75,62.625,62.875,62.875;
1704690000,3.1,0,0,103.67,-13.56,100,-13.812,20.75,40,50.06,61.188,62,62.812,62.625,62.875,62.938;
1704691800,3.1,0,0,104.33,-12.27,100,-13.063,21,40.688,50.69,61.438,62,62.75,62.625,62.875,62.875;
1704693600,3.09,0,0,101,-12.56,100,-13.375,21.25,40.5,50.5,61.438,62,62.812,62.625,62.875,62.875;
1704695400,3.1,0,0,109,-12.69,100,-13.313,22.25,40.875,50.69,61.562,62,62.75,62.625,62.875,62.875;
1704697200,3.1,0,0,115.33,-11.05,100,-12.063,22.938,41.938,50.94,61.562,62,62.75,62.688,62.875,62.875;
1704699000,3.1,0,0,109.33,-10.23,100,-11.375,25.562,42.625,51.25,61.625,61.938,62.75,62.688,62.875,62.875;
1704700800,3.1,0,0,109.67,-8.9,100,-10.375,26.562,43.188,51.31,61.688,61.875,62.75,62.688,62.875,62.938;
1704702600,3.1,0,0,105,-7.4,100,-9.313,29.062,44,51.69,61.688,61.875,62.688,62.688,62.875,62.938;
1704704400,3.1,0,0,106,-6.09,100,-8.563,27.938,43.563,51.63,61.688,61.875,62.688,62.688,62.875,62.938;
1704706200,3.1,0,0,105.67,-5.16,99.44,-7.75,30.812,43.625,51.75,61.688,61.875,62.688,62.688,62.875,62.875;
1704708000,3.09,0,0,110.67,-4.08,95.88,-6.812,32.125,43.563,52,61.813,61.938,62.75,62.688,62.875,62.875;
1704709800,3.1,0,0,110,-3.8,94.6,-6.437,31.937,43.813,51.88,61.813,61.875,62.75,62.688,62.875,62.875;
1704711600,3.1,0,0,109,-3.54,95.71,-6.062,30.5,44.125,52.06,61.813,61.875,62.688,62.688,62.875,62.875;
1704713400,3.1,0,0,110.33,-2.21,99.04,-4.687,33.563,45.5,52.88,61.813,61.875,62.688,62.688,62.875,62.875;
1704715200,3.09,0,0,103,-1.52,98.31,-4.187,33.563,45.688,53.44,61.813,61.875,62.688,62.625,62.875,62.875;
1704717000,3.09,0,0,95.33,-0.08,100,-0.937,12.125,37.25,50.31,61.562,61.688,62.688,62.625,62.875,62.875;
1704718800,3.09,0,0,111.33,-3.25,100,-1.25,15,38,50.88,61.625,61.75,62.688,62.625,62.875,62.875;
1704720600,3.09,0,0,106.33,-4.66,100,-1.312,14.375,37.438,50.81,61.625,61.75,62.688,62.625,62.875,62.875;
1704722400,3.1,0,0,107.33,-3.52,100,-0.687,20.5,39.625,51.44,61.625,61.75,62.688,62.625,62.875,62.875;
1704724200,3.09,0,0,110.67,-2.23,100,-0.937,17.75,38.375,51.19,61.625,61.75,62.688,62.625,62.875,62.875;
1704726000,3.09,0,0,107,-3.28,100,-0.937,33.375,44.813,53,61.625,61.75,62.688,62.625,62.875,62.875;
1704727800,3.09,0,0,100,-0.6,100,0.5,21.812,41.875,52.31,61.625,61.75,62.688,62.625,62.875,62.875;
1704729600,3.09,0,0,98,-0.36,100,1.437,23.437,41.688,52.19,61.625,61.75,62.688,62.625,62.875,62.875;
1704731400,3.09,0,0,105.33,-1.11,100,-0.062,33.438,45.188,53.06,61.75,61.813,62.688,62.625,62.875,62.875;
1704733200,3.09,0,0,98.67,-1.35,100,-3.125,30.562,43.813,52.56,61.813,61.875,62.688,62.625,62.875,62.875;
1704735000,3.1,0,0,107,-4.54,100,-5.625,25.125,41.063,51.75,61.875,62,62.75,62.625,62.875,62.875;
1704736800,3.1,0,0,100.67,-6.15,100,-7.187,25.25,42.125,51.38,61.875,61.938,62.688,62.625,62.875,62.875;
1704738600,3.1,0,0,103.33,-6.92,100,-7.687,22.875,41.688,51.31,61.875,61.938,62.688,62.625,62.875,62.875;
1704740400,3.1,0,0,106,-6.9,100,-7.75,23,42,51.75,61.875,61.875,62.688,62.688,62.875,62.875;
1704742200,3.1,0,0,107.33,-5.1,100,-7,24.625,42.938,52.19,61.813,61.875,62.688,62.625,62.875,62.875;
1704744000,3.09,0,0,104.33,-4.32,100,-6.437,29.25,42.063,51.25,61.75,61.875,62.688,62.625,62.875,62.875;
1704745800,3.1,0,0,109.33,-3.84,100,-6.187,26.625,41.813,51.94,61.688,61.813,62.688,62.625,62.875,62.875;
1704747600,3.1,0,0,104.33,-6.03,100,-7.437,26.375,40.563,50.81,61.75,61.875,62.688,62.625,62.812,62.875;
1704749400,3.1,0,0,105.33,-7.06,100,-8.25,28.812,40.875,50.69,61.75,61.813,62.688,62.625,62.875,62.875;
1704751200,3.1,0,0,104,-7.82,100,-9,25.937,39.938,50.44,61.75,61.875,62.688,62.625,62.875,62.875;
1704753000,3.1,0,0,111.67,-8.4,100,-9.5,23.312,37.875,50.13,61.813,61.938,62.688,62.625,62.875,62.875;
1704754800,3.1,0,0,105,-10.15,100,-10.813,21.063,36.375,49.31,61.813,61.938,62.688,62.625,62.875,62.875;
1704756600,3.1,0,0,110,-12.03,100,-12.375,18.812,35.125,49.06,61.75,61.938,62.688,62.625,62.875,62.875;
1704758400,3.1,0,0,107.67,-12.66,100,-13.063,18.687,36.5,49.38,61.688,61.938,62.688,62.625,62.875,62.875;
1704760200,3.1,0,0,102.33,-12.6,100,-13.375,17.875,36.5,49.81,61.875,61.938,62.688,62.625,62.875,62.875;
1704762000,3.1,0,0,104.33,-12.36,100,-13.25,22.125,36,50,61.813,61.938,62.688,62.625,62.875,62.875;
1704763800,3.09,0,0,107,-12.62,100,-13.313,20.375,36.313,49.94,61.813,61.938,62.75,62.625,62.875,62.875;
1704765600,3.09,0,0,106,-12.42,100,-13.25,21.312,37.063,51,61.875,61.938,62.688,62.625,62.875,62.875;
1704767400,3.09,0,0,115.33,-12.52,100,-13.313,21.375,37.313,51.5,61.875,61.938,62.75,62.625,62.875,62.875;
1704769200,3.1,0,0,111,-12.15,100,-13.187,19,38,51.69,61.875,61.938,62.75,62.625,62.875,62.875;
1704771000,3.09,0,0,109.33,-12.02,100,-13.25,23.5,38,51.19,61.562,61.938,62.688,62.625,62.875,62.875;
1704772800,3.1,0,0,108,-11.85,100,-13.25,23.563,38.313,51.81,61.813,61.938,62.688,62.625,62.875,62.875;
1704774600,3.1,0,0,108.67,-11.41,100,-13.063,24.75,38.875,52,61.875,61.938,62.688,62.625,62.875,62.875;
1704776400,3.09,0,0,112,-10.85,99.71,-12.75,26.75,40.188,51.81,61.562,61.875,62.688,62.625,62.875,62.875;
1704778200,3.09,0,0,109.67,-10.34,98.96,-12.375,24.937,40.75,52.69,61.875,61.875,62.688,62.625,62.875,62.875;
1704780000,3.1,0,0,108.67,-9.75,97.25,-11.75,27.125,42,52.81,61.813,61.875,62.688,62.625,62.875,62.875;
1704781800,3.09,0,0,110.33,-9.91,92.75,-12,28,41.438,52.38,61.875,61.938,62.688,62.625,62.875,62.875;
1704783600,3.1,0,0,109.67,-9.3,95.03,-11.25,28.687,43,52.81,61.813,61.875,62.688,62.688,62.875,62.875;
1704785400,3.1,0,0,111,-9.09,97.24,-11.063,25.562,43.437,52.94,61.813,61.813,62.688,62.688,62.875,62.875;
1704787200,3.09,0,0,105,-7.01,97.63,-9.438,25.687,42.187,53.44,61.813,61.813,62.688,62.625,62.875,62.875;
1704789000,3.1,0,0,106.33,-5.51,89.78,-8.125,28.437,44.125,53.44,61.813,61.813,62.688,62.688,62.875,62.875;
1704790800,3.1,0,0,110.67,-3.74,88.12,-6.875,26.75,43.813,53.81,61.875,61.875,62.688,62.625,62.875,62.875;
1704792600,3.09,0,0,106.33,-4.21,98.76,-6.562,28.625,44.563,53.75,61.75,61.813,62.688,62.625,62.875,62.875;
1704794400,3.09,0,0,110.67,-2.78,100,-5.375,25.375,42.438,53.63,61.813,61.813,62.688,62.625,62.875,62.875;
1704796200,3.09,0,0,106.67,-0.83,100,-3.813,31.187,45.5,53.75,61.688,61.75,62.688,62.625,62.875,62.875;
1704798000,3.09,0,0,83,1.78,100,-1.75,35.438,46.875,54.13,61.688,61.75,62.688,62.625,62.875,62.875;
1704799800,3.09,0,0,88.33,3.21,100,0.437,35.813,44.875,53.75,61.688,61.75,62.625,62.625,62.875,62.875;
1704801600,3.09,0,0,81.67,4.79,100,1.937,38,47,53.88,61.688,61.75,62.688,62.625,62.875,62.875;
1704803400,3.09,0,0,83.33,5.39,90.33,3.938,36.375,46.438,53.69,61.688,61.75,62.688,62.625,62.875,62.875;
1704805200,3.09,0,0,84,4.65,85.93,3.25,41.188,48.063,53.88,61.688,61.75,62.688,62.625,62.812,62.875;
1704807000,3.09,0,0,86.33,5.67,82.23,3.625,41.625,48.063,54.69,61.813,61.813,62.688,62.625,62.875,62.875;
1704808800,3.09,0,0,88.67,4.43,85.83,3.063,41.063,48.313,54.31,61.688,61.75,62.688,62.625,62.875,62.875;
1704810600,3.09,0,0,85.67,5.3,79.44,2.75,40.563,47.625,54.56,61.813,61.813,62.688,62.563,62.812,62.875;
1704812400,3.09,0,0,86,4.44,85.2,2.438,40,48.75,54.88,61.813,61.813,62.688,62.563,62.875,62.875;
1704814200,3.09,0,0,85,2.61,78.2,1.312,36.438,47.875,54.13,61.813,61.813,62.688,62.563,62.875,62.875;
1704816000,3.09,0,0,88,4.26,92.94,1.25,34.5,47.938,54.63,61.625,61.688,62.625,62.563,62.812,62.875;
1704817800,3.09,0,0,84,4.71,95.71,3.188,21.063,44.375,52.81,61.562,61.688,62.625,62.625,62.812,62.875;
1704819600,3.09,0,0,85.33,4.69,89.94,3.5,32.188,44.75,52.81,61.625,61.688,62.625,62.625,62.875,62.875;
1704821400,3.09,0,0,85.67,2.82,100,2.375,10.625,41.438,51.56,61.562,61.625,62.625,62.625,62.812,62.875;
1704823200,3.09,0,0,94.67,1.18,100,1.562,16.312,41.375,51.19,61.5,61.625,62.625,62.625,62.812,62.875;
1704825000,3.09,0,0,104,-0.48,100,0.562,15.563,41.063,51.25,61.562,61.625,62.625,62.625,62.875,62.875;
1704826800,3.09,0,0,109.33,-0.61,98.38,-2.063,25.375,43.25,52.63,61.625,61.75,62.688,62.625,62.812,62.875;
1704828600,3.1,0,0,111.33,-0.43,75.27,-4.875,24.5,44.062,52.88,61.875,61.938,62.688,62.625,62.812,62.875;
1704830400,3.1,0,0,110.67,-2.28,75.79,-6.937,22.687,43.125,52.06,61.688,61.813,62.688,62.625,62.812,62.875;
1704832200,3.1,0,0,103.33,-0.27,78.17,-5.437,26.25,41.188,52,61.5,61.625,62.625,62.625,62.812,62.875;
1704834000,3.1,0,0,108.67,-0.91,65.56,-6,20.687,43.75,52.44,61.875,62,62.75,62.688,62.875,62.875;
1704835800,3.1,0,0,106,-4.47,74.92,-8.188,21.25,42.625,51.69,61.813,61.938,62.688,62.625,62.875,62.875;
1704837600,3.1,0,0,103.33,-5.44,77.81,-8.875,20.062,42.875,51.88,61.688,61.938,62.688,62.688,62.875,62.875;
1704839400,3.1,0,0,102.33,-5.32,83.19,-8.625,21.562,42.625,51.75,61.688,61.813,62.688,62.625,62.812,62.875;
1704841200,3.1,0,0,104.33,-7.36,77.84,-9.375,19.125,41.5,51.56,61.75,61.938,62.688,62.625,62.875,62.875;
1704843000,3.1,0,0,101,-12.39,91.16,-12.5,16.75,40.563,51.13,61.813,62,62.75,62.625,62.875,62.875;
1704844800,3.1,0,0,103,-13.98,99.68,-13.75,16.062,39.5,50.63,61.813,61.938,62.688,62.625,62.875,62.875;
1704846600,3.1,0,0,104,255,255,-14.125,15.188,39.375,50.5,61.813,61.938,62.688,62.625,62.875,62.875;
1704848400,3.09,0,0,102,-14.66,100,-14.563,16.25,39.938,50.75,61.875,61.938,62.688,62.625,62.875,62.875;
1704850200,3.1,0,0,102,-14.59,100,-14.563,17.625,40,50.94,61.813,61.938,62.75,62.625,62.875,62.875;
1704852000,3.1,0,0,106.33,-14.27,100,-14.313,17.562,40.625,51.38,61.813,61.938,62.75,62.625,62.875,62.875;
1704853800,3.09,0,0,102.33,-14.02,100,-14.063,16.687,39.5,51,61.875,61.938,62.75,62.625,62.875,62.875;
1704855600,3.09,0,0,100.67,-14.14,100,-14.063,17.125,39.625,51.31,61.938,62.063,62.75,62.625,62.875,62.875;
1704857400,3.09,0,0,104.67,-13.79,100,-12.938,16.562,39.25,51.56,61.938,62,62.75,62.625,62.875,62.875;
1704859200,3.1,0,0,102.33,-14.44,99.82,-14.25,17.125,39.5,51.56,61.875,61.938,62.75,62.625,62.875,62.875;
1704861000,3.09,0,0,104.33,-14.48,97.67,-14.375,17.437,39.813,51.81,61.875,61.938,62.75,62.625,62.875,62.938;
1704862800,3.09,0,0,101.33,-14.4,95.54,-14.437,18.875,40.625,51.63,61.813,61.875,62.688,62.625,62.875,62.938;
1704864600,3.09,0,0,102,-13.48,90.76,-14.063,20.937,41.438,51.88,61.813,61.875,62.75,62.625,62.875,62.875;
1704866400,3.09,0,0,104,-12.93,87.59,-13.938,21.375,41.188,52,61.875,61.875,62.75,62.625,62.875,62.875;
1704868200,3.1,0,0,109.67,-12.02,91.83,-12.562,21.5,41.688,52.5,61.875,61.938,62.688,62.625,62.875,62.938;
1704870000,3.09,0,0,111.67,-10.89,91.3,-11.25,22,39.75,51.06,61.625,61.75,62.625,62.625,62.875,62.875;
1704871800,3.09,0,0,103,-4.9,100,-5.687,35.688,44.313,52.38,61.438,61.625,62.625,62.625,62.875,62.875;
1704873600,3.1,0,0,107.33,-2.2,100,-2.625,34.438,42.563,51.75,61.5,61.625,62.625,62.625,62.875,62.875;
1704875400,3.09,0,0,92,0.77,96.24,-0.812,35.688,43.75,52.31,61.562,61.625,62.625,62.625,62.875,62.875;
1704877200,3.09,0,0,97,-0.34,92.85,-0.562,37.625,47.125,53.06,61.562,61.625,62.625,62.625,62.875,62.875;
1704879000,3.09,0,0,94,0.81,93.8,0.312,38.938,47.625,53.25,61.562,61.625,62.625,62.625,62.875,62.875;
1704880800,3.09,0,0,90,-0.06,77.8,-0.5,22.625,44.375,51.88,61.562,61.625,62.625,62.625,62.875,62.875;
1704882600,3.09,0,0,93.67,-0.74,89.24,-0.187,37.875,46.813,53.31,61.562,61.625,62.625,62.625,62.875,62.875;
1704884400,3.09,0,0,90.67,0.56,88.47,0,34.875,46.5,53,61.562,61.625,62.625,62.625,62.875,62.875;
1704886200,3.09,0,0,95.33,-1.69,77.05,-1.25,32.938,49.062,54.5,61.813,61.813,62.688,62.625,62.875,62.875;
1704888000,3.09,0,0,106.33,-3.21,87.37,-2.625,26.75,45.125,52.56,61.5,61.625,62.625,62.625,62.875,62.875;
1704889800,3.09,0,0,97.33,0.33,100,-0.062,31.063,46.875,53,61.562,61.625,62.625,62.563,62.875,62.875;
1704891600,3.09,0,0,89.33,2.37,93.63,2.625,36.25,48.75,53.69,61.5,61.625,62.625,62.563,62.812,62.875;
1704893400,3.09,0,0,86.33,4.1,85.12,4.5,33.563,48,53.5,61.562,61.625,62.625,62.563,62.875,62.875;
1704895200,3.09,0,0,86,6.22,78.17,5.875,34.063,48.813,54.31,61.562,61.625,62.625,62.563,62.875,62.875;
1704897000,3.09,0,0,82,5.18,87.94,5.562,39.5,50.312,55.13,61.562,61.625,62.625,62.625,62.875,62.875;
1704898800,3.09,0,0,84.33,6.87,85.96,6,40.25,51.188,55.56,61.562,61.625,62.625,62.563,62.812,62.875;
1704900600,3.09,0,0,88.67,8.1,92.72,6.25,31.688,47.75,53.88,61.562,61.625,62.625,62.563,62.812,62.875;
1704902400,3.09,0,0,89,9.5,99.03,6.437,32.25,48.375,54.69,61.562,61.625,62.625,62.563,62.812,62.875;
1704904200,3.09,0,0,84.33,7.68,100,5.875,27.625,47,54,61.562,61.625,62.625,62.563,62.875,62.875;
1704906000,3.09,0,0,83.33,7.51,100,5.562,34.375,47.812,54.31,61.562,61.625,62.625,62.563,62.812,62.875;
1704907800,3.09,0,0,78.33,6.86,100,5.375,37.938,49.188,54.81,61.625,61.625,62.625,62.563,62.812,62.875;
1704909600,3.09,0,0,84.67,10.41,100,6.687,31.875,46.938,54.25,61.625,61.625,62.625,62.563,62.812,62.875;
1704911400,3.09,0,0,81.33,11.35,100,7.25,30.375,46.813,54,61.625,61.625,62.625,62.563,62.812,62.875;
1704913200,3.09,0,0,80.67,9.92,100,7,34.688,46.625,53.75,61.562,61.625,62.625,62.563,62.812,62.875;
1704915000,3.09,0,0,86.67,8.09,100,6,34.438,46.5,53.69,61.625,61.625,62.625,62.563,62.812,62.875;
1704916800,3.09,0,0,85,8.45,100,6.187,41.313,49.313,54.81,61.625,61.688,62.625,62.563,62.812,62.875;
1704918600,3.09,0,0,91.33,9.28,100,6.25,32.375,45.75,53.31,61.625,61.625,62.625,62.563,62.812,62.875;
1704920400,3.09,0,0,81.67,9.46,100,6.437,43.875,50.688,55.81,61.625,61.688,62.625,62.563,62.812,62.875;
1704922200,3.09,0,0,80.33,13.05,99.77,7.062,35.813,46.25,53.5,61.625,61.625,62.625,62.563,62.875,62.875;
1704924000,3.09,0,0,81,11.15,100,5.75,30.625,43.75,53,61.625,61.688,62.625,62.563,62.812,62.875;
1704925800,3.09,0,0,85.67,11.62,99.71,5.312,33,44.625,53.5,61.625,61.688,62.625,62.563,62.812,62.812;
1704927600,3.09,0,0,81.67,12.05,97.34,5.562,34.688,45.188,53.69,61.625,61.688,62.625,62.563,62.812,62.875;
1704929400,3.09,0,0,86.67,8.74,100,3.563,32.125,44.062,53.25,61.625,61.688,62.625,62.563,62.812,62.875;
1704930064,3.09,0,0,81,9.03,100,4,34.5,45.375,53.44,61.625,61.688,62.625,62.563,62.812,62.875;
1704930066,3.09,0,0,82.67,9.04,100,4,34.5,45.375,53.44,61.625,61.688,62.625,62.563,62.812,62.875;
1704931860,3.09,0,0,82.33,9.44,100,5.125,31.937,43.5,53.25,61.625,61.688,62.625,62.563,62.812,62.875;
1704933660,3.09,0,0,82,8.41,100,4.812,30.125,42.063,52.75,61.625,61.688,62.625,62.625,62.812,62.875;
1704935460,3.09,0,0,90.67,4.1,100,2.188,26.312,40.625,52.25,61.625,61.75,62.625,62.625,62.812,62.875;
1704937260,3.1,0,0,95,1.54,100,1.062,26,41.25,51.94,61.625,61.75,62.625,62.625,62.812,62.875;
1704939060,3.09,0,0,99.67,-0.07,100,0,27.625,41.625,51.94,61.625,61.75,62.625,62.625,62.812,62.875;
1704940860,3.09,0,0,97,-0.38,100,0.437,27.062,41.313,51.94,61.625,61.75,62.625,62.625,62.812,62.875;
1704942660,3.09,0,0,99,0.22,100,0.437,30.25,41.75,52.13,61.625,61.688,62.625,62.625,62.812,62.812;
1704944460,3.09,0,0,95.67,-0.95,100,-2.625,29.625,41.875,52.19,61.688,61.688,62.625,62.625,62.812,62.875;
1704946260,3.1,0,0,104.33,-2.28,100,-3.75,29.062,41.25,52.44,61.625,61.688,62.625,62.625,62.812,62.875;
1704948060,3.1,0,0,108,-3.99,98.85,-6.125,24.25,39.688,51.63,61.625,61.75,62.625,62.563,62.812,62.875;
1704949860,3.1,0,0,106,-7.28,100,-9.063,19.75,38.188,51.38,61.625,61.75,62.625,62.563,62.812,62.875;
1704951660,3.1,0,0,109,-8.57,100,-10.188,22.375,39.125,51.25,61.625,61.688,62.625,62.563,62.812,62.812;
1704953460,3.1,0,0,107,-8.28,100,-9.938,23.563,40.438,51.75,61.625,61.688,62.625,62.563,62.812,62.875;
1704955260,3.09,0,0,107.33,-4.67,100,-6.812,28.062,42.75,52.25,61.625,61.688,62.625,62.625,62.812,62.875;
1704957060,3.1,0,0,110.33,-2.96,100,-5.062,31.562,44.125,52.63,61.625,61.688,62.625,62.563,62.812,62.875;
1704958860,3.09,0,0,103.67,-0.5,100,-2.875,33.188,44.563,52.81,61.625,61.688,62.625,62.563,62.812,62.875;
1704960660,3.09,0,0,88.33,1.14,100,-1.437,37.813,45.563,53.13,61.625,61.688,62.625,62.563,62.812,62.812;
1704962460,3.09,0,0,83.67,1.4,100,0.937,39,46.063,53,61.625,61.688,62.625,62.563,62.812,62.875;
1704964260,3.09,0,0,84.33,3.98,100,1.375,37.625,48.563,53.63,61.688,61.688,62.625,62.563,62.812,62.812;
1704966060,3.09,0,0,85,2.66,100,2.688,40.813,49.313,53.88,61.625,61.688,62.625,62.563,62.812,62.812;
1704967860,3.09,0,0,84.67,3.7,100,1.25,34.313,47.375,53.63,61.688,61.688,62.625,62.563,62.812,62.812;
1704969660,3.09,0,0,90.67,3.14,100,1.062,38.313,48.875,53.94,61.625,61.688,62.625,62.563,62.812,62.812;
1704971460,3.09,0,0,85.33,3.66,100,1.5,32,46.438,53.63,61.688,61.688,62.625,62.563,62.812,62.812;
1704973260,3.09,0,0,85.33,3.9,99.6,2.438,31.625,46.75,53.69,61.625,61.688,62.625,62.563,62.812,62.812;
1704975060,3.09,0,0,87.67,3.37,100,3.188,28.187,45.563,53.44,61.625,61.688,62.625,62.563,62.812,62.812;
1704976860,3.09,0,0,86.67,3.88,100,4.625,37.5,49.438,54.13,61.625,61.688,62.625,62.563,62.812,62.812;
1704978660,3.09,0,0,84.67,2.89,100,5.5,35,48,53.69,61.625,61.688,62.625,62.563,62.812,62.812;
1704980460,3.09,0,0,84,3.16,100,5.437,37.188,49.062,54.56,61.625,61.688,62.625,62.563,62.812,62.812;
1704982260,3.09,0,0,84.67,6.15,100,6.187,38.75,49.875,55,61.625,61.688,62.625,62.563,62.812,62.812;
1704984060,3.09,0,0,87.33,4.35,95.62,5.312,30.25,46.813,53.63,61.625,61.688,62.625,62.563,62.812,62.875;
1704985860,3.09,0,0,88.67,4.21,99.89,4.625,32.688,47.75,54.13,61.688,61.75,62.625,62.563,62.812,62.812;
1704987660,3.09,0,0,85.33,3.45,100,3.688,28.312,46.5,53.56,61.688,61.688,62.625,62.563,62.812,62.812;
1704989460,3.09,0,0,86.33,3.49,100,3.563,25,44.687,52.88,61.625,61.688,62.625,62.563,62.812,62.812;
1704991260,3.09,0,0,98,1.32,100,2.563,18.562,42.25,51.94,61.625,61.688,62.625,62.563,62.812,62.812;
1704993060,3.09,0,0,95,1.01,100,2.438,22.5,44.813,52.94,61.625,61.688,62.625,62.563,62.812,62.875;
1704994860,3.09,0,0,92.67,3.12,100,3.25,26.937,45.937,53.5,61.625,61.688,62.625,62.563,62.812,62.812;
1704996660,3.09,0,0,88.33,3.97,100,4,28.5,45,52.94,61.688,61.75,62.625,62.563,62.812,62.812;
1704998460,3.09,0,0,81.33,6.06,100,4.437,22.437,44.438,53.06,61.688,61.75,62.625,62.563,62.812,62.812;
1705000260,3.09,0,0,80.67,5.81,100,4.437,33.063,46.125,53.5,61.688,61.75,62.625,62.563,62.812,62.812;
1705002060,3.09,0,0,85.67,5.76,100,4.437,33.938,46.125,53.31,61.688,61.75,62.625,62.563,62.812,62.812;
1705003163,3.09,0,0,78.67,6.37,100,4.437,24.562,44.062,52.75,61.625,61.688,62.625,62.563,62.812,62.812;
1705003165,3.09,0,0,76.33,6.36,100,4.437,24.562,44.062,52.75,61.625,61.688,62.625,62.563,62.812,62.812;
1705003167,3.09,0,0,79.67,255,255,4.375,24.562,44.062,52.69,61.625,61.688,62.625,62.563,62.812,62.812;
1705003229,3.08,0,0,89,6.95,100,4.375,26,44.188,52.63,61.625,61.688,62.625,62.563,62.812,62.812;
1705003231,3.09,0,0,89.33,7,100,4.437,26.125,44.188,52.63,61.625,61.688,62.625,62.563,62.812,62.812;
1705003233,3.08,0,0,89.67,7,100,4.375,26.25,44.25,52.69,61.625,61.688,62.625,62.563,62.812,62.812;
1705003296,3.08,0,0,74,7.69,100,4.375,29.375,44.625,52.75,61.625,61.688,62.625,62.563,62.812,62.875;
1705003298,3.08,0,0,74.67,7.7,100,4.375,29.562,44.625,52.75,61.625,61.688,62.625,62.563,62.812,62.812;
1705003301,3.08,0,0,78.33,7.71,100,4.375,29.75,44.687,52.75,61.625,61.75,62.625,62.563,62.812,62.812;
1705003368,3.07,0,0,79,8.16,100,4.375,30.937,45,53,61.625,61.75,62.625,62.563,62.812,62.812;
1705003370,3.08,0,0,75.67,8.27,100,4.375,31,45,53,61.625,61.75,62.625,62.563,62.812,62.812;
1705003372,3.08,0,0,74,8.22,100,4.375,31,45,53,61.688,61.75,62.625,62.625,62.812,62.812;
1705003478,3.07,0,0,79,8.33,100,4.437,29.562,44.875,53,61.688,61.75,62.625,62.563,62.812,62.812;
1705003480,3.07,0,0,79.67,8.32,100,4.437,29.562,44.875,53,61.688,61.75,62.625,62.563,62.812,62.812;
1705003482,3.07,0,0,79.33,8.3,100,4.437,29.625,44.875,53,61.688,61.75,62.625,62.625,62.812,62.812;
1705003544,3.07,0,0,73.33,255,255,4.437,29,44.75,53,61.688,61.75,62.625,62.563,62.75,62.812;
1705003546,3.07,0,0,75.67,255,255,4.437,28.937,44.75,53,61.688,61.75,62.625,62.563,62.812,62.875;
1705003548,3.07,0,0,77.33,255,255,4.437,28.875,44.75,53,61.688,61.75,62.625,62.625,62.812,62.812;
1705004895,3.07,0,0,94,6.07,100,4.25,29.813,44.687,52.88,61.688,61.75,62.625,62.563,62.812,62.812;
1705004897,3.07,0,0,89.33,255,255,4.25,29.875,44.75,52.88,61.688,61.75,62.625,62.563,62.812,62.812;
1705004899,3.07,0,0,87,6.24,100,4.25,29.937,44.75,52.88,61.688,61.75,62.625,62.563,62.812,62.812;
1705004961,3.06,0,0,75.33,255,255,4.312,30.25,44.625,52.81,61.688,61.75,62.625,62.563,62.812,62.812;
1705004963,3.06,0,0,75.33,255,255,4.312,30.25,44.625,52.81,61.688,61.75,62.625,62.563,62.812,62.875;
1705004965,3.06,0,0,76,6.83,100,4.312,30.25,44.625,52.81,61.688,61.75,62.625,62.563,62.812,62.875;
1705005028,3.06,0,0,71.33,7.31,100,4.312,30.875,44.75,52.75,61.688,61.75,62.625,62.563,62.812,62.812;
1705005030,3.06,0,0,71.67,7.33,100,4.312,31,44.813,52.75,61.688,61.75,62.625,62.563,62.812,62.875;
1705005032,3.06,0,0,74.33,7.34,100,4.312,31,44.813,52.75,61.688,61.75,62.625,62.563,62.812,62.812;
1705005094,3.05,0,0,74.33,255,255,4.375,31.625,44.938,52.81,61.688,61.75,62.625,62.563,62.812,62.812;
1705005096,3.05,0,0,71,7.85,100,4.375,31.625,44.938,52.81,61.688,61.75,62.625,62.563,62.812,62.812;
1705005104,3.05,0,0,69,7.76,100,4.375,31.75,45,52.81,61.688,61.75,62.625,62.625,62.812,62.812;
1705005166,3.05,0,0,79,255,255,4.375,33.25,45.312,52.81,61.688,61.75,62.625,62.563,62.812,62.812;
1705005168,3.05,0,0,76.33,8.11,100,4.375,33.313,45.312,52.81,61.688,61.75,62.625,62.563,62.812,62.812;
1705005170,3.05,0,0,72,8.07,100,4.375,33.375,45.312,52.81,61.688,61.75,62.625,62.563,62.812,62.812;
1705005283,3.05,0,0,72.33,8.04,100,4.437,30.438,44.875,52.88,61.688,61.75,62.625,62.563,62.812,62.812;
1705005285,3.05,0,0,73,8.03,100,4.437,30.375,44.875,52.88,61.688,61.75,62.625,62.563,62.812,62.812;
1705005287,3.05,0,0,71,8.01,100,4.437,30.312,44.813,52.94,61.688,61.75,62.625,62.625,62.812,62.812;
1705005350,3.04,0,0,77.33,8.06,100,4.437,28.875,44.625,52.81,61.688,61.75,62.625,62.563,62.812,62.812;
1705005352,3.04,0,0,79,8.05,100,4.437,28.875,44.625,52.81,61.688,61.75,62.625,62.563,62.812,62.812;
1705005354,3.04,0,0,78.33,255,255,4.437,28.875,44.625,52.81,61.688,61.75,62.625,62.625,62.812,62.812;
1705005416,3.03,0,0,73.67,255,255,4.437,29.813,44.75,52.81,61.688,61.75,62.625,62.563,62.812,62.812;
1705005418,3.04,0,0,70.67,8.45,100,4.437,29.875,44.687,52.81,61.688,61.75,62.625,62.563,62.812,62.812;
1705005420,3.04,0,0,73,8.46,100,4.437,29.875,44.687,52.81,61.688,61.75,62.625,62.625,62.812,62.812;
1705005506,3.03,0,0,81,8.51,100,4.437,31.375,44.813,52.81,61.688,61.75,62.625,62.563,62.812,62.812;
1705005649,3.04,0,0,69.67,7.45,100,4.437,33.875,45.375,52.94,61.688,61.75,62.625,62.563,62.812,62.812;
1705005651,3.04,0,0,70.67,7.45,100,4.437,33.938,45.438,52.94,61.688,61.75,62.625,62.563,62.812,62.812;
1705005713,3.03,0,0,73,7.72,100,4.437,34.313,45.688,53.06,61.688,61.75,62.625,62.563,62.812,62.812;
1705005715,3.03,0,0,72.67,7.76,100,4.437,34.313,45.688,53.06,61.688,61.75,62.625,62.563,62.812,62.812;
1705005717,3.03,0,0,74,7.75,100,4.437,34.25,45.688,53.06,61.688,61.75,62.625,62.563,62.812,62.875;
1705005797,3.03,0,0,68.67,8.27,100,4.5,32.75,45.312,53,61.688,61.75,62.625,62.563,62.812,62.812;
1705005799,3.02,0,0,70.67,8.38,100,4.5,32.813,45.312,53,61.688,61.75,62.625,62.563,62.812,62.812;
1705005801,3.02,0,0,67.67,8.3,100,4.5,32.813,45.312,53,61.688,61.75,62.625,62.563,62.812,62.812;
1705005863,3.02,0,0,70.67,8.42,100,4.562,34.5,45.625,53.06,61.688,61.75,62.625,62.563,62.812,62.812;
1705005865,3.02,0,0,70.67,255,255,4.562,34.5,45.625,53.06,61.688,61.75,62.625,62.563,62.812,62.875;
1705005867,3.02,0,0,70,8.55,100,4.562,34.5,45.625,53.06,61.688,61.75,62.625,62.563,62.75,62.812;
1705005937,3.02,0,0,72,8.7,100,4.625,34.688,45.75,53.13,61.688,61.75,62.625,62.563,62.812,62.875;
1705005939,3.02,0,0,72,8.96,100,4.625,34.688,45.75,53.13,61.688,61.75,62.625,62.563,62.812,62.812;
1705005941,3.01,0,0,72.67,8.77,100,4.625,34.75,45.688,53.13,61.688,61.75,62.625,62.563,62.812,62.875;
1705006014,3.01,0,0,72,8.83,100,4.687,34.563,45.625,53.13,61.688,61.75,62.625,62.563,62.812,62.812;
1705006016,3.01,0,0,73.67,8.83,100,4.687,34.563,45.625,53.13,61.688,61.75,62.625,62.563,62.812,62.812;
1705006018,3.01,0,0,70.33,8.82,100,4.687,34.563,45.625,53.13,61.688,61.75,62.625,62.563,62.812,62.812;
1705006162,3.01,0,0,71,8.45,100,4.812,30.312,44.813,52.94,61.688,61.75,62.625,62.563,62.812,62.812;
1705006164,3.01,0,0,74,8.44,100,4.812,30.312,44.813,52.94,61.688,61.75,62.625,62.563,62.812,62.812;
1705006166,3.01,0,0,72.67,8.44,100,4.812,30.375,44.813,52.94,61.625,61.75,62.625,62.563,62.812,62.812;
1705006228,3,0,0,71.67,8.57,100,4.812,32.688,45,52.88,61.688,61.75,62.625,62.563,62.812,62.812;
1705006230,3,0,0,69,8.59,100,4.812,32.688,45,52.88,61.688,61.75,62.625,62.563,62.812,62.812;
1705006232,3,0,0,70.33,8.58,100,4.812,32.688,45,52.88,61.625,61.75,62.625,62.563,62.812,62.812;
1705006294,3,0,0,78.33,255,255,4.75,32.313,44.938,52.94,61.688,61.75,62.625,62.563,62.812,62.812;
1705006296,3,0,0,79.67,9.02,100,4.812,32.313,44.938,52.94,61.688,61.75,62.625,62.625,62.812,62.812;
1705006298,3,0,0,82,9,100,4.812,32.313,44.938,52.94,61.688,61.75,62.625,62.563,62.812,62.812;
1705006361,2.99,0,0,78.33,9.21,100,4.75,32.75,45.063,52.94,61.688,61.75,62.625,62.563,62.812,62.812;
1705006363,2.99,0,0,79,255,255,4.75,32.75,45.063,52.94,61.688,61.75,62.625,62.563,62.812,62.812;
1705006365,2.99,0,0,83,9.31,100,4.75,32.75,45.063,52.94,61.688,61.75,62.625,62.563,62.812,62.812;
1705006457,2.99,0,0,80,9.29,100,4.812,32.125,44.875,52.94,61.688,61.75,62.625,62.563,62.812,62.812;
1705006459,2.99,0,0,80.33,9.27,100,4.75,32.063,44.875,52.94,61.688,61.75,62.625,62.563,62.812,62.875;
1705006461,2.99,0,0,82.67,9.27,100,4.75,32,44.875,52.94,61.688,61.75,62.625,62.563,62.812,62.812;
1705006524,2.99,0,0,73,9.21,100,4.812,31.25,44.813,52.88,61.688,61.75,62.625,62.563,62.812,62.812;
1705006526,2.99,0,0,71.33,9.2,100,4.812,31.25,44.813,52.94,61.688,61.75,62.625,62.563,62.812,62.812;
1705006528,2.99,0,0,72,9.24,100,4.812,31.25,44.813,52.88,61.688,61.75,62.625,62.563,62.812,62.812;
1705006530,2.98,0,0,74,9.23,100,4.812,31.25,44.813,52.88,61.688,61.75,62.625,62.563,62.812,62.875;
1705006532,2.99,0,0,77.67,9.22,100,4.812,31.25,44.75,52.88,61.688,61.75,62.625,62.563,62.812,62.812;
1705006534,2.98,0,0,77,9.24,100,4.812,31.25,44.75,52.88,61.688,61.75,62.625,62.625,62.812,62.812;
1705006611,2.98,0,0,74.33,9.32,100,4.812,31.75,44.813,52.94,61.625,61.75,62.625,62.563,62.812,62.812;
1705006613,2.98,0,0,76,9.36,100,4.812,31.75,44.813,52.94,61.625,61.75,62.625,62.563,62.812,62.812;
1705006615,2.98,0,0,77,9.42,100,4.812,31.688,44.75,52.94,61.688,61.75,62.625,62.563,62.812,62.812;
1705006617,2.98,0,0,72.33,9.34,100,4.812,31.688,44.75,52.88,61.625,61.75,62.625,62.563,62.812,62.812;
1705006619,2.98,0,0,75.33,255,255,4.812,31.625,44.75,52.88,61.688,61.75,62.625,62.563,62.812,62.875;
1705006621,2.98,0,0,78,255,255,4.812,31.562,44.75,52.88,61.688,61.75,62.625,62.563,62.812,62.812;
1705006623,2.98,0,0,71.67,255,255,4.812,31.562,44.75,52.88,61.688,61.75,62.625,62.563,62.812,62.812;
1705006625,2.98,0,0,73.67,9.47,100,4.812,31.5,44.75,52.94,61.688,61.75,62.625,62.563,62.812,62.812;
1705006627,2.98,0,0,71.33,9.4,100,4.812,31.437,44.75,52.94,61.688,61.75,62.625,62.563,62.812,62.812;
1705006629,2.98,0,0,72.33,9.37,100,4.812,31.312,44.687,52.88,61.688,61.75,62.625,62.563,62.75,62.812;
1705006631,2.98,0,0,76.67,255,255,4.812,31.25,44.687,52.88,61.688,61.75,62.625,62.563,62.812,62.812;
1705006633,2.98,0,0,76,9.58,100,4.812,31.187,44.687,52.88,61.688,61.75,62.625,62.563,62.812,62.812;
1705006635,2.98,0,0,72.33,9.39,100,4.812,31.063,44.687,52.88,61.625,61.75,62.625,62.563,62.812,62.812;
1705006637,2.98,0,0,79.33,255,255,4.812,31,44.687,52.88,61.688,61.75,62.625,62.563,62.812,62.812;
1705006639,2.98,0,0,79,9.53,100,4.812,30.937,44.687,52.88,61.688,61.75,62.625,62.563,62.812,62.875;
1705006641,2.98,0,0,75,9.4,100,4.812,30.812,44.625,52.88,61.688,61.75,62.625,62.563,62.812,62.812;
1705006643,2.98,0,0,71,9.33,100,4.812,30.812,44.687,52.88,61.688,61.75,62.625,62.563,62.812,62.812;
1705006645,2.98,0,0,75,9.3,100,4.812,30.75,44.687,52.88,61.688,61.75,62.625,62.563,62.812,62.812;
1705006647,2.98,0,0,69.67,9.26,100,4.812,30.75,44.625,52.88,61.625,61.75,62.625,62.563,62.812,62.812;
1705006649,2.98,0,0,81,9.31,100,4.812,30.687,44.625,52.88,61.625,61.75,62.625,62.563,62.812,62.812;
1705006651,2.98,0,0,80.67,255,255,4.812,30.687,44.687,52.88,61.688,61.75,62.625,62.563,62.812,62.875;
1705006653,2.98,0,0,74.33,255,255,4.812,30.687,44.687,52.88,61.688,61.75,62.625,62.563,62.812,62.812;
1705006654,2.98,0,0,73,255,255,4.812,30.687,44.687,52.88,61.688,61.75,62.625,62.563,62.812,62.812;
1705006656,2.98,0,0,71,255,255,4.812,30.75,44.687,52.88,61.688,61.75,62.625,62.625,62.812,62.812;
1705006658,2.98,0,0,70,9.34,100,4.812,30.75,44.687,52.88,61.688,61.75,62.625,62.563,62.812,62.812;
1705006660,2.98,0,0,75.67,255,255,4.812,30.812,44.687,52.88,61.688,61.75,62.625,62.625,62.812,62.812;
1705006662,2.98,0,0,80.67,9.32,100,4.812,30.875,44.687,52.88,61.688,61.75,62.625,62.563,62.812,62.812;
1705006664,2.98,0,0,78.33,9.27,100,4.812,31,44.75,52.88,61.688,61.75,62.625,62.563,62.812,62.812;
1705006666,2.98,0,0,70.67,9.21,100,4.812,31.063,44.75,52.88,61.688,61.75,62.625,62.563,62.812,62.812;
1705006674,2.98,0,0,83,9.11,100,4.875,31.437,44.75,52.88,61.688,61.75,62.625,62.563,62.812,62.812;
1705006676,2.98,0,0,85,9.11,100,4.875,31.562,44.813,52.88,61.688,61.75,62.625,62.563,62.812,62.812;
1705006678,2.98,0,0,77.33,9.07,100,4.812,31.625,44.813,52.88,61.688,61.75,62.625,62.563,62.812,62.812;
1705006680,2.98,0,0,72,9.06,100,4.812,31.812,44.875,52.88,61.688,61.75,62.625,62.563,62.812,62.812;
1705006682,2.98,0,0,73.33,9.04,100,4.812,31.875,44.875,52.88,61.688,61.75,62.625,62.563,62.812,62.812;
1705006684,2.98,0,0,76.33,9.05,100,4.812,32,44.875,52.88,61.688,61.75,62.625,62.563,62.812,62.875;
1705006686,2.98,0,0,83,9.03,100,4.812,32.125,44.875,52.88,61.688,61.75,62.625,62.563,62.812,62.812;
1705006688,2.98,0,0,79.67,9.02,100,4.812,32.188,44.938,52.88,61.688,61.75,62.625,62.563,62.812,62.812;
1705006690,2.98,0,0,75.33,9,100,4.812,32.313,44.938,52.88,61.688,61.75,62.625,62.563,62.812,62.812;
1705006692,2.98,0,0,80.33,8.97,100,4.875,32.375,44.938,52.88,61.688,61.75,62.625,62.563,62.812,62.875;
1705006694,2.98,0,0,80,8.97,100,4.812,32.438,45,52.88,61.688,61.75,62.625,62.563,62.812,62.875;
1705006696,2.98,0,0,76.67,8.95,100,4.812,32.5,45,52.88,61.688,61.75,62.625,62.563,62.812,62.812;
1705006758,2.98,0,0,68.67,8.99,100,4.875,33.563,45.25,52.94,61.688,61.75,62.625,62.563,62.812,62.812;
1705006760,2.98,0,0,73.67,9.01,100,4.875,33.625,45.25,52.94,61.688,61.75,62.625,62.563,62.812,62.812;
1705006762,2.98,0,0,68,9.02,100,4.875,33.688,45.25,52.94,61.688,61.75,62.625,62.563,62.812,62.812;
1705006764,2.97,0,0,68.67,9,100,4.875,33.75,45.25,52.94,61.688,61.75,62.625,62.563,62.812,62.812;
1705006766,2.97,0,0,70.33,9.01,100,4.875,33.813,45.25,52.94,61.688,61.75,62.625,62.563,62.812,62.812;
1705006767,2.98,0,0,68.67,9.02,100,4.875,33.875,45.312,52.94,61.688,61.75,62.625,62.563,62.812,62.812;
1705006769,2.98,0,0,70.33,9.02,100,4.875,33.938,45.312,52.94,61.688,61.75,62.625,62.563,62.812,62.812;
1705006771,2.98,0,0,68.67,9.02,100,4.875,34,45.312,52.94,61.688,61.75,62.625,62.563,62.812,62.812;
1705006773,2.98,0,0,66.67,9.01,100,4.875,34.063,45.375,52.94,61.688,61.75,62.625,62.563,62.812,62.875;
1705006775,2.98,0,0,69.67,9.04,100,4.875,34.125,45.375,52.94,61.688,61.75,62.625,62.563,62.75,62.875;
1705006777,2.98,0,0,68.67,9.02,100,4.875,34.125,45.375,52.94,61.688,61.75,62.625,62.563,62.812,62.812;
1705006779,2.98,0,0,69.67,9.01,100,4.875,34.25,45.375,52.94,61.688,61.75,62.625,62.563,62.812,62.812;
1705006781,2.98,0,0,72.67,9.02,100,4.875,34.313,45.375,52.94,61.688,61.75,62.625,62.563,62.812,62.812;
1705006783,2.98,0,0,70.33,9.04,100,4.875,34.375,45.438,52.94,61.688,61.75,62.625,62.563,62.812,62.812;
1705006785,2.97,0,0,69.33,9.01,100,4.875,34.438,45.438,52.94,61.688,61.75,62.625,62.563,62.812,62.812;
1705006787,2.98,0,0,69.67,9,100,4.875,34.5,45.438,52.94,61.688,61.75,62.625,62.563,62.812,62.812;
1705006789,2.98,0,0,71.33,8.98,100,4.875,34.563,45.5,52.94,61.688,61.75,62.625,62.563,62.812,62.812;
1705006791,2.98,0,0,70.33,9.01,100,4.875,34.625,45.5,52.94,61.688,61.75,62.625,62.563,62.812,62.812;
1705006793,2.98,0,0,69.67,8.99,100,4.875,34.688,45.563,52.94,61.688,61.75,62.625,62.563,62.812,62.875;
1705006795,2.98,0,0,71.33,8.98,100,4.875,34.75,45.563,52.94,61.688,61.75,62.625,62.563,62.812,62.812;
1705006797,2.97,0,0,70,8.98,100,4.875,34.813,45.563,52.94,61.688,61.75,62.625,62.563,62.812,62.812;
1705006799,2.98,0,0,70.33,8.99,100,4.875,34.875,45.563,53,61.688,61.75,62.625,62.563,62.812,62.812;
1705006801,2.97,0,0,68.33,8.99,100,4.875,34.938,45.625,53,61.688,61.75,62.625,62.563,62.812,62.812;
1705006803,2.97,0,0,70.67,8.96,100,4.875,35,45.625,53,61.688,61.75,62.625,62.563,62.812,62.812;
1705006805,2.98,0,0,71.67,8.97,100,4.875,35.063,45.625,53,61.688,61.75,62.625,62.563,62.812,62.875;
1705006807,2.98,0,0,70.67,8.94,100,4.875,35.125,45.688,53,61.688,61.75,62.625,62.563,62.812,62.812;
1705006809,2.97,0,0,71.33,8.95,100,4.875,35.125,45.688,53,61.688,61.75,62.625,62.563,62.812,62.812;
1705006811,2.98,0,0,70.67,8.95,100,4.875,35.25,45.688,53,61.688,61.75,62.625,62.563,62.812,62.812;
1705006813,2.98,0,0,71,8.93,100,4.875,35.313,45.75,53,61.688,61.75,62.625,62.563,62.812,62.875;
1705006815,2.98,0,0,70.33,8.93,100,4.875,35.313,45.75,53,61.688,61.75,62.625,62.563,62.812,62.812;
1705006817,2.98,0,0,71.33,8.91,100,4.875,35.375,45.75,53,61.688,61.75,62.625,62.563,62.812,62.812;
1705006819,2.97,0,0,71.33,8.91,100,4.875,35.438,45.75,53,61.688,61.75,62.625,62.563,62.812,62.812;
1705006821,2.98,0,0,74.33,8.91,100,4.875,35.5,45.813,53,61.688,61.75,62.625,62.563,62.812,62.812;
1705006823,2.98,0,0,74,8.9,100,4.875,35.563,45.813,53,61.688,61.75,62.625,62.563,62.812,62.812;
1705006825,2.97,0,0,73.67,8.89,100,4.875,35.625,45.813,53,61.688,61.75,62.625,62.563,62.812,62.812;
1705006827,2.98,0,0,72.67,8.88,100,4.875,35.688,45.875,53,61.688,61.75,62.625,62.563,62.812,62.812;
1705006829,2.97,0,0,70.33,8.88,100,4.875,35.75,45.875,53,61.688,61.75,62.625,62.563,62.812,62.812;
1705006831,2.97,0,0,71.33,8.88,100,4.875,35.75,45.937,53,61.688,61.75,62.625,62.563,62.812,62.812;
1705006833,2.98,0,0,74,8.84,100,4.875,35.813,45.937,53,61.688,61.75,62.625,62.563,62.812,62.812;
1705006835,2.98,0,0,70.33,8.87,100,4.875,35.875,46,53.06,61.688,61.75,62.625,62.563,62.812,62.812;
1705006940,2.98,0,0,82.33,8.14,100,4.812,37.75,46.813,53.31,61.688,61.75,62.625,62.563,62.812,62.812;
1705006942,2.98,0,0,87.33,255,255,4.812,37.813,46.875,53.31,61.688,61.75,62.625,62.563,62.812,62.812;
1705006944,2.98,0,0,81.33,8.31,100,4.875,37.813,46.875,53.31,61.688,61.75,62.625,62.563,62.812,62.812;
1705006946,2.98,0,0,79.33,8.21,100,4.875,37.875,46.875,53.31,61.688,61.75,62.625,62.563,62.812,62.812;
1705006948,2.98,0,0,83.67,255,255,4.875,37.875,46.875,53.31,61.688,61.75,62.625,62.563,62.812,62.812;
1705006949,2.98,0,0,83.33,255,255,4.875,37.875,46.875,53.31,61.688,61.75,62.625,62.563,62.812,62.812;
1705006951,2.98,0,0,80,8.33,100,4.812,37.875,46.875,53.31,61.688,61.75,62.625,62.563,62.812,62.875;
1705006953,2.98,0,0,76.33,8.23,100,4.875,37.938,46.875,53.31,61.688,61.75,62.625,62.563,62.812,62.812;
1705006955,2.98,0,0,76.33,8.19,100,4.812,37.938,46.875,53.31,61.688,61.75,62.625,62.563,62.812,62.875;
1705006957,2.98,0,0,77.67,8.16,100,4.812,37.938,46.875,53.31,61.688,61.75,62.625,62.563,62.812,62.875;
1705006959,2.98,0,0,76.33,8.15,100,4.812,37.938,46.875,53.31,61.688,61.75,62.625,62.563,62.812,62.812;
1705006961,2.98,0,0,75.33,8.14,100,4.812,37.938,46.875,53.31,61.688,61.75,62.625,62.563,62.812,62.812;
1705006963,2.98,0,0,71.67,8.13,100,4.812,37.938,46.875,53.31,61.688,61.75,62.625,62.563,62.75,62.812;
1705006965,2.98,0,0,73.67,8.11,100,4.812,37.938,46.875,53.31,61.688,61.75,62.625,62.563,62.812,62.812;
1705006967,2.98,0,0,75,8.12,100,4.812,37.938,46.875,53.31,61.688,61.75,62.625,62.563,62.812,62.875;
1705006969,2.98,0,0,75,8.12,100,4.812,37.938,46.938,53.31,61.688,61.75,62.625,62.563,62.812,62.812;
1705006971,2.98,0,0,76,8.11,100,4.812,37.938,46.938,53.31,61.688,61.75,62.625,62.563,62.812,62.812;
1705006973,2.98,0,0,72,8.1,100,4.875,37.938,46.938,53.31,61.688,61.75,62.625,62.563,62.812,62.812;
1705006975,2.98,0,0,72,8.08,100,4.812,37.938,46.938,53.31,61.688,61.75,62.625,62.563,62.812,62.812;
1705006977,2.98,0,0,74.67,8.1,100,4.875,37.938,46.938,53.31,61.688,61.75,62.625,62.563,62.812,62.812;
1705006979,2.98,0,0,77,8.09,100,4.875,37.938,46.875,53.31,61.688,61.75,62.563,62.563,62.812,62.812;
1705006981,2.98,0,0,75,8.09,100,4.875,37.938,46.875,53.31,61.688,61.75,62.625,62.563,62.812,62.812;
1705006983,2.98,0,0,70.67,8.09,100,4.875,37.938,46.938,53.31,61.688,61.75,62.625,62.563,62.812,62.812;
1705006985,2.98,0,0,73.67,8.08,100,4.875,38,46.875,53.31,61.688,61.75,62.625,62.563,62.812,62.812;
1705006987,2.98,0,0,73.33,8.08,100,4.875,38,46.875,53.31,61.688,61.75,62.625,62.563,62.812,62.812;
1705006989,2.98,0,0,75,8.09,100,4.875,38,46.875,53.38,61.688,61.75,62.625,62.563,62.812,62.875;
1705006991,2.98,0,0,74,255,255,4.875,38.063,46.875,53.38,61.688,61.75,62.625,62.563,62.812,62.812;
1705006993,2.98,0,0,81.33,8.23,100,4.875,38.063,46.875,53.38,61.688,61.75,62.625,62.563,62.812,62.812;
1705006995,2.98,0,0,73.67,8.15,100,4.875,38.063,46.875,53.31,61.688,61.75,62.625,62.563,62.812,62.875;
1705006997,2.98,0,0,74.33,8.14,100,4.875,38.063,46.875,53.31,61.688,61.75,62.625,62.563,62.812,62.812;
1705006999,2.98,0,0,71,8.14,100,4.875,38.125,46.938,53.38,61.688,61.75,62.625,62.563,62.812,62.812;
1705007001,2.98,0,0,71.33,8.14,100,4.875,38.125,46.875,53.38,61.688,61.75,62.625,62.563,62.812,62.812;
1705007003,2.98,0,0,74.67,8.13,100,4.875,38.125,46.875,53.31,61.688,61.75,62.625,62.563,62.812,62.875;
1705007005,2.98,0,0,71.67,8.13,100,4.875,38.125,46.938,53.31,61.688,61.75,62.625,62.563,62.812,62.812;
1705007007,2.98,0,0,73.33,8.14,100,4.875,38.188,46.938,53.38,61.688,61.75,62.625,62.563,62.812,62.812;
1705007009,2.98,0,0,72.33,8.14,100,4.875,38.188,46.938,53.31,61.688,61.75,62.625,62.563,62.812,62.812;
1705007011,2.98,0,0,75.33,8.15,100,4.875,38.25,46.938,53.31,61.688,61.75,62.625,62.563,62.812,62.812;
1705007013,2.98,0,0,76,8.14,100,4.875,38.25,46.938,53.38,61.688,61.75,62.563,62.563,62.812,62.812;
1705007015,2.98,0,0,75.33,255,255,4.875,38.25,46.938,53.38,61.688,61.75,62.625,62.563,62.812,62.812;
1705007017,2.98,0,0,78.33,255,255,4.875,38.313,46.938,53.31,61.688,61.75,62.625,62.563,62.812,62.812;
1705007018,2.98,0,0,73.33,255,255,4.875,38.313,46.938,53.38,61.688,61.75,62.625,62.563,62.812,62.812;
1705007020,2.98,0,0,75,255,255,4.875,38.313,46.938,53.31,61.688,61.75,62.625,62.563,62.812,62.812;
1705007022,2.98,0,0,74.67,8.43,100,4.875,38.313,46.938,53.38,61.688,61.75,62.625,62.563,62.812,62.812;
1705007024,2.98,0,0,71.33,8.33,100,4.875,38.375,47,53.38,61.688,61.75,62.625,62.563,62.812,62.812;
1705007026,2.98,0,0,74,8.28,100,4.875,38.375,47,53.38,61.688,61.75,62.563,62.563,62.812,62.812;
1705007028,2.97,0,0,74.33,8.24,100,4.875,38.375,47,53.38,61.688,61.75,62.625,62.563,62.812,62.812;
1705007030,2.97,0,0,72.33,8.22,100,4.875,38.438,47,53.38,61.688,61.75,62.625,62.563,62.75,62.812;
1705007032,2.98,0,0,79.33,8.28,100,4.875,38.438,47,53.38,61.688,61.75,62.625,62.563,62.812,62.812;
1705007034,2.98,0,0,78,255,255,4.875,38.438,47,53.38,61.688,61.75,62.625,62.563,62.812,62.875;
1705007036,2.98,0,0,71,255,255,4.875,38.438,47,53.38,61.688,61.75,62.625,62.563,62.812,62.812;
1705007038,2.97,0,0,74.67,255,255,4.875,38.438,47,53.38,61.688,61.75,62.625,62.563,62.812,62.812;
1705007040,2.98,0,0,75.67,255,255,4.875,38.5,47,53.38,61.688,61.75,62.625,62.563,62.812,62.812;
1705007041,2.98,0,0,72.67,255,255,4.875,38.5,47,53.38,61.688,61.75,62.625,62.563,62.812,62.875;
1705007043,2.98,0,0,74.33,8.54,100,4.875,38.5,47,53.38,61.688,61.75,62.625,62.563,62.812,62.812;
1705007045,2.98,0,0,70,8.41,100,4.875,38.5,47,53.38,61.688,61.75,62.625,62.563,62.812,62.812;
1705007047,2.97,0,0,77.67,8.36,100,4.875,38.5,47,53.38,61.688,61.75,62.625,62.563,62.812,62.812;
1705007049,2.98,0,0,75.67,8.34,100,4.875,38.5,47,53.38,61.688,61.75,62.625,62.563,62.812,62.812;
1705007051,2.98,0,0,71.33,8.33,100,4.875,38.563,47,53.38,61.688,61.75,62.625,62.563,62.812,62.812;
1705007053,2.98,0,0,72.33,8.3,100,4.875,38.563,47.063,53.38,61.688,61.75,62.625,62.563,62.812,62.812;
1705007055,2.97,0,0,75,8.31,100,4.875,38.563,47.063,53.38,61.688,61.75,62.625,62.563,62.812,62.812;
1705007057,2.97,0,0,73.67,8.31,100,4.875,38.625,47,53.44,61.688,61.75,62.625,62.563,62.812,62.812;
1705007059,2.97,0,0,72.33,8.31,100,4.875,38.625,47.063,53.44,61.688,61.75,62.625,62.563,62.812,62.812;
1705007061,2.98,0,0,73.33,8.3,100,4.875,38.625,47.063,53.44,61.688,61.75,62.625,62.563,62.812,62.812;
1705007063,2.97,0,0,74,8.29,100,4.875,38.625,47.063,53.44,61.688,61.75,62.625,62.563,62.812,62.812;
1705007065,2.97,0,0,70.67,8.29,100,4.875,38.625,47.063,53.44,61.688,61.75,62.625,62.563,62.812,62.812;
1705007067,2.97,0,0,73,8.3,100,4.875,38.688,47.063,53.44,61.688,61.75,62.625,62.563,62.812,62.812;
1705007069,2.97,0,0,70.67,8.3,100,4.875,38.688,47.063,53.44,61.688,61.75,62.625,62.563,62.812,62.812;
1705007071,2.98,0,0,71.33,8.29,100,4.875,38.688,47.063,53.44,61.688,61.75,62.625,62.563,62.812,62.812;
1705007073,2.97,0,0,74.33,8.3,100,4.875,38.688,47.125,53.44,61.688,61.75,62.625,62.563,62.812,62.812;
1705007075,2.97,0,0,71,8.29,100,4.875,38.75,47.125,53.44,61.688,61.75,62.625,62.563,62.812,62.812;
1705007077,2.97,0,0,72.67,8.31,100,4.875,38.75,47.125,53.44,61.688,61.75,62.625,62.563,62.812,62.812;
1705007079,2.97,0,0,70.67,8.29,100,4.875,38.75,47.125,53.44,61.688,61.75,62.625,62.563,62.812,62.875;
1705007081,2.97,0,0,73,8.29,100,4.875,38.813,47.125,53.44,61.688,61.75,62.625,62.563,62.812,62.812;
1705007083,2.97,0,0,74,8.3,100,4.875,38.813,47.125,53.44,61.688,61.75,62.625,62.563,62.812,62.812;
1705007085,2.97,0,0,73.33,8.32,100,4.875,38.813,47.125,53.44,61.688,61.75,62.625,62.563,62.812,62.812;
1705007087,2.97,0,0,76.33,8.31,100,4.875,38.813,47.125,53.44,61.688,61.75,62.625,62.563,62.812,62.812;
1705007089,2.97,0,0,74,8.31,100,4.937,38.875,47.125,53.44,61.688,61.75,62.625,62.563,62.812,62.812;
1705007091,2.97,0,0,75,8.3,100,4.875,38.875,47.125,53.5,61.688,61.75,62.625,62.563,62.812,62.812;
1705007093,2.97,0,0,74.33,8.31,100,4.875,38.875,47.187,53.5,61.688,61.75,62.625,62.563,62.812,62.812;
1705007095,2.97,0,0,71.67,8.32,100,4.875,38.875,47.187,53.5,61.688,61.75,62.625,62.563,62.812,62.812;
1705007096,2.97,0,0,72,8.3,100,4.875,38.875,47.125,53.5,61.688,61.75,62.625,62.563,62.812,62.812;
1705007098,2.97,0,0,73,8.33,100,4.937,38.938,47.187,53.5,61.688,61.75,62.625,62.563,62.812,62.812;
1705007100,2.97,0,0,75.33,8.34,100,4.937,38.938,47.125,53.5,61.688,61.75,62.625,62.563,62.812,62.875;
1705007102,2.97,0,0,71.67,8.34,100,4.937,38.938,47.125,53.5,61.688,61.75,62.625,62.563,62.812,62.812;
1705007104,2.97,0,0,74.33,8.34,100,4.937,39,47.125,53.5,61.688,61.75,62.625,62.563,62.812,62.812;
1705007106,2.97,0,0,73.67,8.34,100,4.937,39,47.187,53.5,61.688,61.75,62.625,62.563,62.812,62.812;
1705007108,2.97,0,0,73.33,8.33,100,4.937,39,47.187,53.5,61.688,61.75,62.625,62.563,62.812,62.812;
1705007110,2.97,0,0,68.33,8.34,100,4.937,39,47.187,53.5,61.688,61.75,62.625,62.563,62.812,62.875;
1705007112,2.97,0,0,73,8.35,100,4.937,39,47.125,53.56,61.688,61.75,62.625,62.563,62.812,62.812;
1705007114,2.97,0,0,73.67,8.36,100,4.937,39.063,47.125,53.56,61.688,61.75,62.625,62.563,62.812,62.812;
1705007116,2.97,0,0,72.67,8.35,100,4.937,39.063,47.187,53.56,61.688,61.75,62.625,62.563,62.812,62.812;
1705007118,2.97,0,0,72.33,8.35,100,4.937,39.063,47.125,53.5,61.688,61.75,62.625,62.563,62.812,62.812;
1705007120,2.97,0,0,69.33,8.37,100,4.937,39.063,47.125,53.56,61.688,61.75,62.625,62.563,62.812,62.875;
1705007122,2.97,0,0,72,8.37,100,4.937,39,47.125,53.56,61.688,61.75,62.625,62.563,62.812,62.812;
1705007124,2.97,0,0,70,8.35,100,4.937,39,47.125,53.56,61.688,61.75,62.625,62.563,62.812,62.875;
1705007126,2.97,0,0,69.67,8.38,100,4.937,39,47.125,53.56,61.688,61.75,62.625,62.563,62.812,62.812;
1705007128,2.98,0,0,72.33,8.38,100,4.937,39,47.125,53.56,61.688,61.75,62.625,62.563,62.812,62.812;
1705007130,2.97,0,0,71.33,8.38,100,4.937,39,47.125,53.5,61.688,61.75,62.563,62.563,62.812,62.812;
1705007132,2.97,0,0,70.33,8.38,100,4.937,39,47.125,53.56,61.688,61.75,62.625,62.563,62.812,62.812;
1705007134,2.97,0,0,74.67,8.37,100,4.937,39,47.125,53.56,61.688,61.75,62.625,62.563,62.812,62.812;
1705007136,2.97,0,0,68,8.38,100,4.937,39.063,47.125,53.56,61.688,61.75,62.625,62.563,62.812,62.812;
1705007138,2.97,0,0,69.33,8.38,100,4.937,39.063,47.125,53.56,61.688,61.75,62.625,62.563,62.812,62.812;
1705007140,2.97,0,0,71.67,8.38,100,4.937,39.063,47.125,53.56,61.688,61.75,62.625,62.563,62.812,62.875;
1705007142,2.97,0,0,71,8.39,100,4.937,39.063,47.125,53.56,61.688,61.75,62.625,62.563,62.812,62.812;
1705007144,2.97,0,0,69.67,8.39,100,4.937,39.125,47.125,53.56,61.688,61.75,62.625,62.563,62.812,62.812;
1705007146,2.97,0,0,72.67,8.4,100,4.937,39.125,47.125,53.56,61.688,61.75,62.625,62.563,62.812,62.812;
1705007148,2.97,0,0,68,8.42,100,4.937,39.125,47.125,53.56,61.688,61.75,62.625,62.563,62.812,62.812;
1705007149,2.97,0,0,72.33,8.41,100,4.937,39.125,47.125,53.56,61.688,61.75,62.625,62.563,62.812,62.812;
1705007151,2.97,0,0,74,8.41,100,4.937,39.125,47.125,53.56,61.688,61.75,62.625,62.563,62.812,62.812;
1705007153,2.97,0,0,70.33,8.41,100,4.937,39.125,47.125,53.56,61.688,61.75,62.625,62.563,62.812,62.812;
1705007155,2.97,0,0,68,8.43,100,4.937,39.125,47.125,53.63,61.688,61.75,62.625,62.563,62.812,62.812;
1705007157,2.97,0,0,70.33,8.42,100,4.937,39.125,47.125,53.56,61.688,61.75,62.625,62.563,62.812,62.812;
1705007159,2.97,0,0,72,8.42,100,4.937,39.125,47.125,53.63,61.688,61.75,62.625,62.563,62.812,62.812;
1705007161,2.97,0,0,71,8.44,100,4.937,39.063,47.125,53.63,61.688,61.75,62.625,62.563,62.812,62.812;
1705007163,2.97,0,0,73,8.43,100,4.937,39.063,47.125,53.56,61.688,61.75,62.625,62.563,62.812,62.812;
1705007165,2.97,0,0,72,8.44,100,4.937,39.063,47.063,53.63,61.688,61.75,62.625,62.563,62.812,62.812;
1705007167,2.97,0,0,70.33,8.44,100,5,39,47.125,53.63,61.688,61.75,62.625,62.563,62.812,62.812;
1705007169,2.97,0,0,69,8.45,100,4.937,39,47.063,53.63,61.688,61.75,62.625,62.563,62.812,62.812;
1705007171,2.97,0,0,72.67,8.45,100,5,39,47.063,53.63,61.688,61.75,62.625,62.563,62.812,62.812;
1705007173,2.97,0,0,70,8.44,100,4.937,38.938,47.063,53.63,61.688,61.75,62.625,62.563,62.812,62.812;
1705007175,2.97,0,0,74,8.44,100,5,38.938,47.063,53.63,61.688,61.75,62.625,62.563,62.812,62.812;
1705007177,2.97,0,0,70.33,8.46,100,5,38.875,47.063,53.63,61.688,61.75,62.625,62.563,62.812,62.812;
1705007179,2.97,0,0,69,8.46,100,5,38.875,47.063,53.63,61.688,61.75,62.625,62.563,62.812,62.812;
1705007181,2.97,0,0,66,8.46,100,5,38.875,47.063,53.63,61.688,61.75,62.625,62.563,62.812,62.812;
1705007183,2.97,0,0,68.33,8.45,100,5,38.875,47.063,53.63,61.688,61.75,62.625,62.563,62.812,62.812;
1705007185,2.97,0,0,67.33,8.48,100,5,38.813,47.063,53.63,61.688,61.75,62.625,62.563,62.812,62.812;
1705007187,2.97,0,0,67.33,8.46,100,5,38.813,47.063,53.63,61.688,61.75,62.625,62.563,62.812,62.812;
1705007189,2.97,0,0,74,8.48,100,5,38.813,47.063,53.63,61.688,61.75,62.563,62.563,62.812,62.812;
1705007191,2.97,0,0,70.33,8.48,100,5,38.813,47.063,53.63,61.688,61.75,62.625,62.563,62.812,62.875;
1705007193,2.97,0,0,68.33,8.5,100,5,38.813,47,53.63,61.688,61.75,62.625,62.563,62.812,62.812;
1705007195,2.97,0,0,66.33,8.49,100,5,38.75,47,53.63,61.688,61.75,62.625,62.563,62.812,62.812;
1705007197,2.97,0,0,70,8.49,100,5,38.75,47,53.63,61.688,61.75,62.625,62.563,62.812,62.812;
1705007198,2.97,0,0,68.67,8.48,100,5,38.75,47,53.63,61.688,61.75,62.625,62.563,62.812,62.812;
1705007200,2.97,0,0,70.67,8.51,100,5,38.688,47,53.63,61.688,61.75,62.625,62.563,62.812,62.812;
1705007202,2.97,0,0,69.33,8.5,100,5,38.625,47,53.63,61.688,61.75,62.625,62.563,62.812,62.812;
1705007204,2.97,0,0,70.67,8.49,100,5,38.625,47,53.63,61.688,61.75,62.625,62.563,62.812,62.812;
1705007206,2.97,0,0,71.67,8.51,100,5,38.625,47,53.63,61.688,61.75,62.625,62.563,62.812,62.812;
1705007208,2.97,0,0,72,8.51,100,5,38.625,47,53.63,61.688,61.75,62.625,62.563,62.812,62.812;
1705007210,2.97,0,0,73,8.51,100,5,38.563,47,53.63,61.688,61.75,62.625,62.563,62.75,62.812;
1705007212,2.97,0,0,69,8.53,100,5,38.5,46.938,53.63,61.688,61.75,62.625,62.563,62.812,62.812;
1705007214,2.97,0,0,69.33,8.53,100,5,38.438,46.938,53.63,61.688,61.75,62.625,62.563,62.812,62.812;
1705007216,2.97,0,0,70.33,8.52,100,5,38.438,46.938,53.63,61.688,61.75,62.625,62.563,62.812,62.812;
1705007218,2.97,0,0,71,8.53,100,5,38.313,46.875,53.63,61.688,61.75,62.625,62.563,62.812,62.812;
1705007220,2.97,0,0,69.67,8.52,100,5,38.313,46.875,53.63,61.688,61.75,62.625,62.563,62.812,62.875;
1705007222,2.97,0,0,71.67,8.51,100,5,38.25,46.875,53.63,61.688,61.75,62.625,62.563,62.812,62.812;
1705007224,2.97,0,0,71,8.51,100,5,38.188,46.875,53.63,61.688,61.75,62.625,62.563,62.812,62.812;
1705007226,2.97,0,0,73.33,8.54,100,5,38.125,46.875,53.63,61.688,61.75,62.625,62.563,62.812,62.812;
1705007228,2.97,0,0,71.67,8.54,100,5,38.063,46.875,53.63,61.688,61.75,62.625,62.563,62.812,62.812;
1705007230,2.97,0,0,69.67,8.54,100,5,38.063,46.875,53.63,61.688,61.75,62.625,62.563,62.812,62.812;
1705007232,2.97,0,0,72,8.53,100,5,38,46.813,53.63,61.688,61.75,62.625,62.563,62.812,62.875;
1705007234,2.97,0,0,69,8.53,100,5.062,38,46.813,53.63,61.688,61.75,62.625,62.563,62.812,62.812;
1705007236,2.97,0,0,66.33,8.54,100,5.062,37.938,46.813,53.63,61.688,61.75,62.625,62.563,62.812,62.812;
1705007238,2.97,0,0,70.33,8.54,100,5.062,37.875,46.75,53.63,61.688,61.75,62.625,62.563,62.812,62.812;
1705007240,2.97,0,0,71,8.55,100,5.062,37.875,46.75,53.63,61.688,61.75,62.625,62.563,62.812,62.875;
1705007242,2.97,0,0,72,8.56,100,5.062,37.813,46.75,53.63,61.688,61.75,62.625,62.563,62.75,62.812;
1705007244,2.97,0,0,68.67,8.56,100,5.062,37.813,46.75,53.63,61.688,61.75,62.625,62.563,62.812,62.812;
1705007246,2.97,0,0,70,8.54,100,5.062,37.75,46.75,53.56,61.688,61.75,62.625,62.563,62.812,62.812;
1705007248,2.97,0,0,68,8.55,100,5.062,37.75,46.75,53.56,61.688,61.75,62.625,62.563,62.812,62.812;
1705007249,2.97,0,0,69.67,8.56,100,5.062,37.75,46.75,53.56,61.688,61.75,62.625,62.563,62.812,62.812;
1705007251,2.97,0,0,69.67,8.55,100,5.062,37.688,46.75,53.56,61.688,61.75,62.625,62.563,62.812,62.812;
1705007253,2.97,0,0,68.33,8.56,100,5.062,37.688,46.75,53.56,61.688,61.75,62.625,62.563,62.812,62.875;
1705007255,2.97,0,0,73.33,8.56,100,5.062,37.688,46.75,53.56,61.688,61.75,62.625,62.563,62.812,62.812;
1705007257,2.97,0,0,69.67,8.57,100,5.062,37.688,46.75,53.56,61.688,61.75,62.625,62.563,62.812,62.812;
1705007259,2.97,0,0,70,8.58,100,5.062,37.75,46.75,53.56,61.688,61.75,62.625,62.563,62.812,62.812;
1705007261,2.97,0,0,72.33,8.56,100,5.062,37.75,46.75,53.56,61.688,61.75,62.625,62.563,62.812,62.812;
1705007263,2.97,0,0,70.33,8.58,100,5.062,37.75,46.75,53.56,61.688,61.75,62.625,62.563,62.812,62.812;
1705007265,2.97,0,0,69.33,8.58,100,5.062,37.75,46.688,53.56,61.688,61.75,62.625,62.563,62.812,62.812;
1705007267,2.97,0,0,70,8.57,100,5.062,37.813,46.688,53.56,61.688,61.75,62.625,62.563,62.812,62.875;
1705007269,2.97,0,0,76,8.58,100,5.062,37.813,46.688,53.5,61.688,61.75,62.625,62.563,62.812,62.812;
1705007271,2.97,0,0,71.67,8.59,100,5.062,37.813,46.688,53.5,61.688,61.75,62.625,62.563,62.812,62.875;
1705007273,2.97,0,0,67.67,8.59,100,5.062,37.75,46.688,53.56,61.688,61.75,62.625,62.563,62.812,62.812;
1705007275,2.97,0,0,70.33,8.58,100,5.062,37.813,46.625,53.5,61.688,61.75,62.625,62.563,62.812,62.812;
1705007277,2.97,0,0,70,8.59,100,5.062,37.75,46.688,53.5,61.688,61.75,62.625,62.563,62.812,62.812;
1705007279,2.97,0,0,73.67,8.59,100,5.062,37.813,46.625,53.5,61.688,61.75,62.625,62.563,62.812,62.812;
1705007281,2.97,0,0,70.67,8.61,100,5.062,37.75,46.625,53.5,61.688,61.75,62.625,62.563,62.812,62.812;
1705007283,2.97,0,0,69,8.61,100,5.062,37.75,46.625,53.5,61.688,61.75,62.625,62.563,62.812,62.812;
1705007285,2.97,0,0,73,8.6,100,5.062,37.75,46.625,53.5,61.688,61.75,62.625,62.563,62.812,62.875;
1705007287,2.97,0,0,71.33,8.61,100,5.062,37.75,46.562,53.5,61.688,61.75,62.625,62.563,62.812,62.812;
1705007289,2.97,0,0,69.33,8.61,100,5.062,37.75,46.562,53.5,61.688,61.75,62.625,62.563,62.812,62.875;
1705007291,2.97,0,0,72.67,8.6,100,5.062,37.75,46.562,53.5,61.688,61.75,62.625,62.563,62.812,62.812;
1705007293,2.97,0,0,70.33,8.62,100,5.062,37.688,46.562,53.5,61.688,61.75,62.625,62.563,62.812,62.812;
1705007295,2.97,0,0,70.33,8.62,100,5.062,37.688,46.562,53.5,61.688,61.75,62.625,62.563,62.812,62.812;
1705007297,2.97,0,0,69,8.61,100,5.062,37.625,46.5,53.5,61.688,61.75,62.625,62.563,62.812,62.812;
1705007299,2.97,0,0,68,8.62,100,5.125,37.625,46.5,53.5,61.688,61.75,62.625,62.563,62.812,62.875;
1705007300,2.97,0,0,71.33,8.64,100,5.062,37.563,46.5,53.5,61.688,61.75,62.625,62.563,62.812,62.812;
1705007302,2.97,0,0,68.33,8.63,100,5.125,37.563,46.5,53.5,61.688,61.75,62.625,62.563,62.812,62.875;
1705007304,2.97,0,0,68.67,8.65,100,5.062,37.563,46.438,53.5,61.688,61.75,62.625,62.563,62.812,62.812;
1705007306,2.97,0,0,70.67,8.64,100,5.125,37.563,46.438,53.5,61.688,61.75,62.625,62.563,62.812,62.812;
1705007308,2.97,0,0,73,8.63,100,5.062,37.5,46.438,53.44,61.688,61.75,62.625,62.563,62.812,62.812;
1705007310,2.97,0,0,68.67,8.64,100,5.125,37.5,46.438,53.44,61.688,61.75,62.625,62.563,62.812,62.812;
1705007312,2.97,0,0,70.67,8.65,100,5.125,37.5,46.438,53.44,61.688,61.75,62.625,62.563,62.812,62.812;
1705007314,2.97,0,0,66.67,8.63,100,5.125,37.438,46.438,53.44,61.688,61.75,62.625,62.563,62.812,62.812;
1705007316,2.97,0,0,69.67,8.65,100,5.125,37.438,46.438,53.44,61.688,61.75,62.625,62.563,62.812,62.812;
1705007318,2.97,0,0,72,8.66,100,5.125,37.438,46.375,53.44,61.688,61.75,62.625,62.563,62.812,62.812;
1705007320,2.97,0,0,67.33,8.68,100,5.125,37.438,46.375,53.44,61.688,61.75,62.625,62.563,62.812,62.812;
1705007322,2.97,0,0,66,8.68,100,5.125,37.438,46.375,53.44,61.688,61.75,62.625,62.563,62.812,62.812;
1705007324,2.97,0,0,71,8.67,100,5.125,37.438,46.375,53.44,61.688,61.75,62.625,62.563,62.812,62.875;
1705007326,2.97,0,0,69,8.67,100,5.125,37.5,46.375,53.44,61.688,61.75,62.625,62.563,62.812,62.812;
1705007328,2.97,0,0,70,8.66,100,5.125,37.563,46.375,53.44,61.688,61.75,62.625,62.563,62.812,62.812;
1705007330,2.97,0,0,69.33,8.68,100,5.125,37.563,46.375,53.44,61.688,61.75,62.625,62.563,62.812,62.812;
1705007332,2.97,0,0,69.67,8.67,100,5.125,37.563,46.375,53.44,61.688,61.75,62.625,62.563,62.812,62.812;
1705007334,2.97,0,0,69.67,8.68,100,5.125,37.625,46.375,53.44,61.688,61.75,62.625,62.563,62.812,62.812;
1705007336,2.97,0,0,67.67,8.7,100,5.125,37.625,46.438,53.44,61.688,61.75,62.625,62.563,62.812,62.812;
1705007338,2.97,0,0,70.67,8.69,100,5.125,37.688,46.438,53.44,61.688,61.75,62.625,62.563,62.812,62.812;
1705007340,2.97,0,0,71.67,8.69,100,5.125,37.75,46.438,53.44,61.688,61.75,62.625,62.563,62.812,62.812;
1705007342,2.97,0,0,70,8.71,100,5.125,37.75,46.5,53.44,61.688,61.75,62.625,62.563,62.812,62.812;
1705007344,2.97,0,0,68.33,8.7,100,5.125,37.813,46.5,53.44,61.688,61.75,62.625,62.563,62.812,62.812;
1705007346,2.97,0,0,69,8.69,100,5.125,37.813,46.5,53.44,61.688,61.75,62.625,62.563,62.812,62.875;
1705007348,2.97,0,0,71,8.71,100,5.125,37.875,46.5,53.44,61.688,61.75,62.625,62.563,62.812,62.875;
1705007350,2.97,0,0,70.67,8.7,100,5.125,37.875,46.5,53.44,61.688,61.75,62.625,62.563,62.812,62.812;
1705007351,2.97,0,0,72.33,8.7,100,5.125,37.938,46.5,53.44,61.688,61.75,62.625,62.563,62.812,62.812;
1705007353,2.97,0,0,72.33,8.71,100,5.125,37.938,46.5,53.44,61.688,61.75,62.625,62.563,62.812,62.875;
1705007355,2.97,0,0,68.67,8.72,100,5.125,37.938,46.5,53.44,61.688,61.75,62.625,62.563,62.812,62.812;
1705007357,2.97,0,0,65,8.7,100,5.125,38,46.562,53.44,61.688,61.75,62.625,62.563,62.812,62.812;
1705007359,2.97,0,0,71.33,8.71,100,5.125,38,46.562,53.44,61.688,61.75,62.625,62.563,62.812,62.812;
1705007361,2.97,0,0,69.33,8.73,100,5.125,38,46.562,53.44,61.688,61.75,62.625,62.563,62.812,62.812;
1705007363,2.97,0,0,68,8.73,100,5.125,38.063,46.562,53.44,61.688,61.75,62.625,62.563,62.812,62.812;
1705007365,2.97,0,0,68.33,8.72,100,5.125,38.063,46.562,53.44,61.688,61.75,62.625,62.563,62.812,62.812;
1705007367,2.97,0,0,68,8.75,100,5.125,38.063,46.562,53.44,61.688,61.75,62.625,62.563,62.812,62.812;
1705007369,2.97,0,0,69.67,8.73,100,5.125,38.063,46.562,53.38,61.688,61.75,62.625,62.563,62.812,62.812;
1705007371,2.97,0,0,68.67,8.73,100,5.125,38.125,46.562,53.38,61.688,61.75,62.625,62.563,62.812,62.812;
1705007373,2.97,0,0,70,8.74,100,5.125,38.125,46.562,53.38,61.688,61.75,62.625,62.563,62.812,62.875;
1705007375,2.97,0,0,69.33,8.74,100,5.125,38.125,46.562,53.38,61.688,61.75,62.625,62.563,62.812,62.875;
1705007377,2.97,0,0,70,8.75,100,5.125,38.125,46.562,53.38,61.688,61.75,62.625,62.563,62.812,62.812;
1705007379,2.97,0,0,69,8.74,100,5.187,38.125,46.562,53.38,61.688,61.75,62.625,62.563,62.812,62.875;
1705007381,2.97,0,0,70,8.74,100,5.125,38.125,46.562,53.38,61.688,61.75,62.625,62.563,62.812,62.875;
1705007383,2.97,0,0,68.67,8.75,100,5.187,38.125,46.562,53.38,61.688,61.75,62.625,62.563,62.812,62.875;
1705007385,2.97,0,0,64.67,8.75,100,5.187,38.125,46.562,53.31,61.688,61.75,62.625,62.563,62.812,62.812;
1705007387,2.97,0,0,71,8.75,100,5.187,38.125,46.562,53.38,61.688,61.75,62.625,62.563,62.812,62.875;
1705007389,2.97,0,0,68.67,8.76,100,5.187,38.063,46.5,53.38,61.688,61.75,62.625,62.563,62.812,62.812;
1705007391,2.97,0,0,70.67,8.76,100,5.187,38.063,46.5,53.38,61.688,61.75,62.625,62.563,62.812,62.812;
1705007393,2.97,0,0,67.33,8.78,100,5.187,38,46.5,53.31,61.688,61.75,62.625,62.563,62.812,62.875;
1705007395,2.97,0,0,73,8.79,100,5.187,38,46.5,53.31,61.688,61.75,62.625,62.563,62.812,62.812;
1705007397,2.97,0,0,71.33,8.76,100,5.187,37.938,46.5,53.38,61.688,61.75,62.625,62.563,62.812,62.812;
1705007399,2.97,0,0,70.67,8.78,100,5.187,37.938,46.5,53.31,61.688,61.75,62.625,62.563,62.812,62.812;
1705007401,2.97,0,0,67,8.79,100,5.187,37.938,46.5,53.31,61.688,61.75,62.625,62.563,62.812,62.812;
1705007402,2.97,0,0,68,8.79,100,5.187,37.875,46.5,53.31,61.688,61.75,62.625,62.563,62.812,62.812;
1705007404,2.97,0,0,66.67,8.8,100,5.187,37.875,46.438,53.31,61.688,61.75,62.625,62.563,62.812,62.812;
1705007406,2.97,0,0,65.67,8.79,100,5.187,37.875,46.5,53.31,61.688,61.75,62.625,62.563,62.812,62.875;
1705007408,2.97,0,0,66.33,8.8,100,5.187,37.813,46.438,53.31,61.688,61.75,62.625,62.563,62.812,62.812;
1705007410,2.97,0,0,72.67,8.79,100,5.187,37.813,46.5,53.31,61.688,61.75,62.625,62.563,62.812,62.812;
1705007412,2.97,0,0,68,8.8,100,5.187,37.75,46.438,53.31,61.688,61.75,62.625,62.563,62.812,62.812;
1705007414,2.97,0,0,71.33,8.81,100,5.187,37.688,46.5,53.31,61.688,61.75,62.625,62.563,62.812,62.812;
1705007416,2.97,0,0,72.67,8.79,100,5.187,37.688,46.5,53.31,61.688,61.75,62.625,62.563,62.812,62.812;
1705007418,2.97,0,0,71,8.81,100,5.187,37.688,46.5,53.31,61.688,61.75,62.625,62.563,62.812,62.812;
1705007420,2.97,0,0,70.33,8.81,100,5.187,37.688,46.5,53.31,61.688,61.75,62.625,62.563,62.812,62.812;
1705007422,2.97,0,0,68.67,8.79,100,5.187,37.625,46.5,53.31,61.688,61.75,62.625,62.563,62.812,62.812;
1705007424,2.97,0,0,67.67,8.8,100,5.187,37.625,46.5,53.31,61.688,61.75,62.625,62.563,62.812,62.812;
1705007426,2.97,0,0,66,8.81,100,5.187,37.688,46.5,53.31,61.688,61.75,62.625,62.563,62.812,62.812;
1705007428,2.97,0,0,66.67,8.81,100,5.187,37.688,46.5,53.31,61.688,61.75,62.625,62.563,62.812,62.812;
1705007430,2.97,0,0,67,8.82,100,5.187,37.688,46.5,53.31,61.688,61.75,62.625,62.563,62.812,62.812;
1705007432,2.97,0,0,66.67,8.83,100,5.187,37.75,46.5,53.31,61.688,61.75,62.625,62.563,62.812,62.812;
1705007434,2.97,0,0,71.33,8.82,100,5.187,37.75,46.5,53.31,61.688,61.75,62.625,62.563,62.812,62.812;
1705007436,2.97,0,0,69.33,8.84,100,5.187,37.75,46.5,53.25,61.688,61.75,62.625,62.563,62.812,62.812;
1705007438,2.97,0,0,70,8.83,100,5.187,37.75,46.5,53.25,61.688,61.75,62.625,62.563,62.812,62.812;
1705007440,2.97,0,0,69.67,8.85,100,5.187,37.75,46.5,53.31,61.688,61.75,62.625,62.563,62.812,62.812;
1705007442,2.97,0,0,64.33,8.83,100,5.187,37.75,46.5,53.25,61.688,61.75,62.625,62.563,62.812,62.812;
1705007444,2.97,0,0,68,8.85,100,5.187,37.75,46.5,53.25,61.688,61.75,62.625,62.563,62.812,62.812;
1705007446,2.97,0,0,66.67,8.85,100,5.187,37.75,46.5,53.25,61.688,61.75,62.625,62.563,62.812,62.812;
1705007448,2.97,0,0,71.67,8.83,100,5.187,37.813,46.562,53.25,61.688,61.75,62.625,62.563,62.812,62.875;
1705007450,2.97,0,0,68,8.85,100,5.187,37.813,46.562,53.25,61.688,61.75,62.625,62.563,62.812,62.812;
1705007452,2.97,0,0,68.67,8.85,100,5.25,37.813,46.562,53.25,61.688,61.75,62.625,62.563,62.812,62.812;
1705007453,2.97,0,0,67,8.86,100,5.25,37.813,46.562,53.25,61.688,61.75,62.625,62.563,62.812,62.812;
1705007455,2.97,0,0,67.33,8.86,100,5.25,37.875,46.562,53.25,61.688,61.75,62.625,62.563,62.812,62.812;
1705007457,2.97,0,0,71,8.87,100,5.25,37.875,46.5,53.25,61.688,61.75,62.625,62.563,62.812,62.812;
1705007459,2.97,0,0,71.33,8.85,100,5.25,37.938,46.562,53.25,61.688,61.75,62.625,62.563,62.812,62.812;
1705007461,2.97,0,0,68.33,8.88,100,5.25,37.938,46.562,53.25,61.688,61.75,62.625,62.563,62.812,62.812;
1705007463,2.97,0,0,68.67,8.88,100,5.25,37.938,46.562,53.25,61.688,61.75,62.625,62.563,62.812,62.812;
1705007465,2.97,0,0,67.67,8.87,100,5.25,38,46.562,53.25,61.688,61.75,62.625,62.563,62.812,62.812;
1705007467,2.97,0,0,69,8.9,100,5.25,38,46.562,53.25,61.688,61.75,62.625,62.563,62.812,62.812;
1705007469,2.97,0,0,68.67,8.89,100,5.25,38.063,46.562,53.25,61.688,61.75,62.625,62.563,62.812,62.812;
1705007471,2.97,0,0,68,8.88,100,5.25,38.063,46.625,53.25,61.688,61.75,62.625,62.563,62.812,62.812;
1705007473,2.97,0,0,70,8.89,100,5.25,38.125,46.625,53.25,61.688,61.75,62.625,62.563,62.812,62.812;
1705007475,2.97,0,0,68.67,8.88,100,5.25,38.125,46.625,53.25,61.688,61.75,62.625,62.563,62.812,62.812;
1705007477,2.97,0,0,68.33,8.9,100,5.25,38.188,46.625,53.25,61.688,61.75,62.625,62.563,62.812,62.875;
1705007479,2.97,0,0,66.33,8.89,100,5.25,38.188,46.625,53.31,61.688,61.75,62.625,62.563,62.812,62.812;
1705007481,2.97,0,0,69,8.91,100,5.25,38.25,46.625,53.31,61.688,61.75,62.625,62.563,62.812,62.875;
1705007483,2.97,0,0,67.33,8.91,100,5.25,38.25,46.625,53.25,61.688,61.75,62.625,62.563,62.812,62.812;
1705007485,2.97,0,0,71.33,8.89,100,5.25,38.313,46.625,53.31,61.688,61.75,62.625,62.563,62.812,62.812;
1705007487,2.97,0,0,70.67,8.9,100,5.25,38.313,46.625,53.25,61.688,61.75,62.625,62.563,62.812,62.812;
1705007489,2.97,0,0,67.67,8.9,100,5.25,38.313,46.625,53.25,61.688,61.75,62.625,62.563,62.812,62.812;
1705007491,2.97,0,0,69.67,8.91,100,5.25,38.313,46.625,53.25,61.688,61.75,62.625,62.563,62.812,62.875;
1705007493,2.97,0,0,69.67,8.92,100,5.25,38.313,46.625,53.31,61.688,61.75,62.625,62.563,62.812,62.812;
1705007495,2.97,0,0,66,8.92,100,5.25,38.313,46.625,53.25,61.688,61.75,62.625,62.563,62.812,62.812;
1705007497,2.97,0,0,72,8.94,100,5.25,38.313,46.625,53.25,61.688,61.75,62.563,62.563,62.812,62.812;
1705007499,2.97,0,0,67.33,8.93,100,5.25,38.375,46.625,53.25,61.688,61.75,62.625,62.563,62.812,62.812;
1705007501,2.97,0,0,68.67,8.92,100,5.25,38.375,46.625,53.25,61.688,61.75,62.625,62.563,62.812,62.812;
1705007503,2.97,0,0,66.67,8.92,100,5.25,38.375,46.625,53.25,61.688,61.75,62.625,62.563,62.812,62.812;
1705007504,2.97,0,0,65.67,8.93,100,5.25,38.375,46.625,53.31,61.688,61.75,62.625,62.563,62.812,62.812;
1705007506,2.96,0,0,71.33,8.93,100,5.25,38.438,46.625,53.31,61.688,61.75,62.625,62.563,62.812,62.812;
1705007508,2.97,0,0,65.67,8.93,100,5.25,38.438,46.625,53.25,61.688,61.75,62.625,62.563,62.812,62.812;
1705007510,2.97,0,0,66.67,8.94,100,5.25,38.438,46.625,53.31,61.688,61.75,62.625,62.563,62.812,62.812;
1705007512,2.97,0,0,69,8.93,100,5.25,38.438,46.625,53.31,61.688,61.75,62.625,62.563,62.812,62.812;
1705007514,2.97,0,0,68.33,8.96,100,5.25,38.438,46.562,53.31,61.688,61.75,62.625,62.563,62.812,62.812;
1705007516,2.97,0,0,69,8.95,100,5.25,38.438,46.562,53.31,61.688,61.75,62.625,62.563,62.812,62.812;
1705007518,2.97,0,0,64,8.94,100,5.25,38.438,46.562,53.31,61.688,61.75,62.625,62.563,62.812,62.812;
1705007520,2.97,0,0,66.67,8.96,100,5.25,38.438,46.562,53.31,61.688,61.75,62.625,62.563,62.812,62.812;
1705007522,2.96,0,0,66.33,8.95,100,5.25,38.375,46.562,53.25,61.688,61.75,62.625,62.563,62.75,62.875;
1705007524,2.97,0,0,66.33,8.96,100,5.25,38.375,46.562,53.31,61.688,61.75,62.625,62.563,62.75,62.812;
1705007526,2.96,0,0,64,8.96,100,5.25,38.313,46.562,53.25,61.688,61.75,62.625,62.563,62.812,62.812;
1705007528,2.97,0,0,65,8.97,100,5.25,38.313,46.562,53.25,61.688,61.75,62.625,62.563,62.812,62.812;
1705007530,2.97,0,0,69.33,8.96,100,5.25,38.313,46.562,53.31,61.688,61.75,62.625,62.563,62.812,62.812;
1705007532,2.97,0,0,68.67,8.97,100,5.25,38.313,46.562,53.25,61.688,61.75,62.625,62.563,62.812,62.812;
1705007534,2.97,0,0,67.33,8.99,100,5.25,38.313,46.5,53.31,61.688,61.75,62.625,62.563,62.812,62.812;
1705007536,2.96,0,0,68.67,8.97,100,5.25,38.313,46.5,53.25,61.688,61.75,62.625,62.563,62.812,62.812;
1705007538,2.97,0,0,69.67,8.99,100,5.312,38.375,46.5,53.25,61.688,61.75,62.625,62.563,62.812,62.812;
1705007540,2.97,0,0,67,8.99,100,5.25,38.313,46.5,53.25,61.688,61.75,62.625,62.563,62.812,62.812;
1705007542,2.96,0,0,68.33,9,100,5.25,38.313,46.5,53.25,61.688,61.75,62.625,62.563,62.812,62.812;
1705007544,2.96,0,0,65.33,9,100,5.312,38.313,46.5,53.31,61.625,61.75,62.625,62.563,62.812,62.812;
1705007546,2.97,0,0,69.33,8.98,100,5.312,38.25,46.438,53.31,61.688,61.75,62.625,62.563,62.812,62.812;
1705007548,2.97,0,0,69,8.99,100,5.25,38.25,46.438,53.25,61.688,61.75,62.625,62.563,62.812,62.875;
1705007550,2.96,0,0,69.67,9,100,5.312,38.25,46.438,53.31,61.688,61.75,62.625,62.563,62.812,62.812;
1705007552,2.96,0,0,67.33,9.01,100,5.312,38.25,46.438,53.31,61.688,61.75,62.625,62.563,62.812,62.812;
1705007554,2.96,0,0,71.67,9.02,100,5.312,38.188,46.438,53.31,61.688,61.75,62.625,62.563,62.812,62.812;
1705007555,2.97,0,0,65.67,9.02,100,5.312,38.188,46.438,53.25,61.688,61.75,62.625,62.563,62.812,62.812;
1705007557,2.96,0,0,68,9.03,100,5.312,38.188,46.438,53.25,61.688,61.75,62.625,62.563,62.812,62.812;
1705007559,2.96,0,0,68.33,9.01,100,5.25,38.188,46.438,53.31,61.688,61.75,62.625,62.563,62.812,62.812;
1705007561,2.96,0,0,63.67,9.04,100,5.312,38.188,46.438,53.31,61.688,61.75,62.625,62.563,62.812,62.812;
1705007563,2.96,0,0,67.33,9.04,100,5.312,38.188,46.438,53.31,61.688,61.75,62.625,62.563,62.812,62.875;
1705007565,2.96,0,0,66.67,9.02,100,5.312,38.188,46.438,53.31,61.688,61.75,62.625,62.563,62.812,62.812;
1705007567,2.96,0,0,65.67,9.05,100,5.312,38.188,46.438,53.31,61.688,61.75,62.625,62.563,62.812,62.812;
1705007569,2.96,0,0,69.67,9.03,100,5.312,38.188,46.438,53.31,61.688,61.75,62.625,62.563,62.812,62.812;
1705007571,2.96,0,0,63.67,9.06,100,5.312,38.25,46.438,53.31,61.688,61.75,62.625,62.563,62.812,62.812;
1705007573,2.96,0,0,67.33,9.05,100,5.312,38.25,46.438,53.31,61.688,61.75,62.625,62.563,62.812,62.875;
1705007575,2.96,0,0,66,9.04,100,5.312,38.25,46.438,53.31,61.688,61.75,62.625,62.563,62.812,62.812;
1705007577,2.96,0,0,65.67,9.06,100,5.312,38.25,46.438,53.31,61.688,61.75,62.625,62.563,62.812,62.812;
1705007579,2.97,0,0,68,9.05,100,5.312,38.188,46.438,53.31,61.688,61.75,62.625,62.563,62.812,62.812;
1705007581,2.96,0,0,66.33,9.05,100,5.312,38.25,46.438,53.31,61.688,61.75,62.625,62.563,62.812,62.812;
1705007583,2.96,0,0,66,9.05,100,5.312,38.25,46.438,53.31,61.688,61.75,62.625,62.563,62.812,62.812;
1705007585,2.96,0,0,66,9.06,100,5.312,38.25,46.438,53.31,61.688,61.75,62.625,62.563,62.812,62.812;
1705007587,2.96,0,0,65.33,9.05,100,5.312,38.25,46.438,53.31,61.688,61.75,62.625,62.563,62.812,62.812;
1705007589,2.96,0,0,65,9.08,100,5.312,38.25,46.438,53.31,61.625,61.75,62.625,62.563,62.812,62.812;
1705007591,2.96,0,0,67.33,9.07,100,5.312,38.313,46.438,53.31,61.688,61.75,62.625,62.563,62.812,62.812;
1705007593,2.96,0,0,65.33,9.08,100,5.312,38.313,46.438,53.31,61.688,61.75,62.625,62.563,62.812,62.812;
1705007595,2.96,0,0,69,9.1,100,5.312,38.313,46.438,53.31,61.688,61.75,62.625,62.563,62.812,62.812;
1705007597,2.96,0,0,65.33,9.1,100,5.312,38.375,46.438,53.31,61.688,61.75,62.625,62.563,62.812,62.812;
1705007599,2.96,0,0,68.33,9.09,100,5.312,38.375,46.438,53.31,61.688,61.75,62.625,62.563,62.75,62.812;
1705007601,2.96,0,0,64,9.09,100,5.312,38.375,46.438,53.31,61.688,61.75,62.625,62.563,62.812,62.812;
1705007603,2.96,0,0,67,9.1,100,5.312,38.438,46.375,53.31,61.688,61.75,62.625,62.563,62.812,62.812;
1705007605,2.96,0,0,64,9.1,100,5.312,38.438,46.375,53.31,61.688,61.75,62.625,62.563,62.812,62.812;
1705007606,2.96,0,0,66.33,9.09,100,5.312,38.438,46.375,53.38,61.688,61.75,62.625,62.563,62.812,62.812;
1705007608,2.96,0,0,62.33,9.11,100,5.312,38.438,46.438,53.31,61.688,61.75,62.625,62.563,62.812,62.812;
1705007610,2.96,0,0,66.33,9.13,100,5.312,38.438,46.438,53.31,61.688,61.75,62.625,62.563,62.812,62.812;
1705007612,2.96,0,0,65.67,9.12,100,5.312,38.438,46.375,53.38,61.688,61.75,62.625,62.563,62.812,62.812;
1705007614,2.96,0,0,67,9.12,100,5.312,38.438,46.438,53.38,61.688,61.75,62.625,62.563,62.812,62.812;
1705007616,2.97,0,0,67.33,9.12,100,5.312,38.438,46.438,53.38,61.688,61.75,62.625,62.563,62.812,62.812;
1705007618,2.96,0,0,66.67,9.13,100,5.312,38.438,46.438,53.38,61.688,61.75,62.625,62.563,62.812,62.812;
1705007620,2.96,0,0,65.67,9.14,100,5.312,38.438,46.438,53.38,61.688,61.75,62.625,62.563,62.812,62.812;
1705007622,2.96,0,0,71.67,9.13,100,5.312,38.438,46.438,53.38,61.688,61.75,62.625,62.563,62.812,62.812;
1705007624,2.96,0,0,66.67,9.15,100,5.312,38.438,46.438,53.38,61.688,61.75,62.625,62.563,62.812,62.812;
1705007626,2.96,0,0,63.67,9.14,100,5.312,38.438,46.438,53.38,61.688,61.75,62.625,62.563,62.812,62.812;
1705007628,2.96,0,0,65.67,9.16,100,5.312,38.438,46.438,53.38,61.688,61.75,62.625,62.563,62.812,62.812;
1705007630,2.96,0,0,68,9.17,100,5.312,38.438,46.438,53.38,61.688,61.75,62.625,62.563,62.812,62.812;
1705007632,2.96,0,0,62,9.15,100,5.312,38.438,46.438,53.38,61.688,61.75,62.625,62.563,62.812,62.812;
1705007634,2.96,0,0,64.67,9.17,100,5.312,38.438,46.438,53.38,61.688,61.75,62.625,62.563,62.812,62.812;
1705007636,2.96,0,0,64.33,9.18,100,5.312,38.438,46.5,53.38,61.688,61.75,62.625,62.563,62.812,62.812;
1705007638,2.96,0,0,63,9.18,100,5.312,38.438,46.5,53.38,61.688,61.75,62.625,62.563,62.812,62.812;
1705007640,2.96,0,0,66,9.18,100,5.312,38.5,46.5,53.38,61.688,61.75,62.625,62.563,62.812,62.812;
1705007642,2.96,0,0,69,9.18,100,5.312,38.5,46.5,53.38,61.688,61.75,62.625,62.563,62.812,62.875;
1705007644,2.96,0,0,64.33,9.18,100,5.312,38.5,46.5,53.44,61.688,61.75,62.625,62.563,62.812,62.812;
1705007646,2.96,0,0,66.33,9.18,100,5.312,38.5,46.562,53.38,61.688,61.75,62.625,62.563,62.812,62.812;
1705007648,2.96,0,0,66.67,9.2,100,5.312,38.5,46.562,53.38,61.688,61.75,62.625,62.563,62.812,62.812;
1705007650,2.96,0,0,64.67,9.18,100,5.312,38.5,46.562,53.38,61.688,61.75,62.625,62.563,62.812,62.812;
1705007652,2.96,0,0,67.67,9.2,100,5.312,38.5,46.562,53.44,61.688,61.75,62.625,62.563,62.812,62.812;
1705007654,2.96,0,0,67.33,9.21,100,5.375,38.5,46.562,53.44,61.688,61.75,62.625,62.563,62.812,62.812;
1705007655,2.96,0,0,67.33,9.19,100,5.312,38.5,46.562,53.44,61.688,61.75,62.625,62.563,62.812,62.812;
1705007657,2.96,0,0,68.33,9.19,100,5.312,38.438,46.562,53.38,61.688,61.75,62.625,62.563,62.812,62.812;
1705007659,2.96,0,0,64.33,9.19,100,5.375,38.438,46.562,53.44,61.688,61.75,62.625,62.563,62.812,62.812;
1705007661,2.96,0,0,64.33,9.2,100,5.375,38.375,46.5,53.44,61.625,61.75,62.625,62.563,62.812,62.812;
1705007663,2.96,0,0,66,9.2,100,5.375,38.313,46.5,53.44,61.688,61.75,62.625,62.563,62.812,62.812;
1705007665,2.96,0,0,65.67,9.2,100,5.375,38.313,46.5,53.44,61.688,61.75,62.625,62.563,62.812,62.812;
1705007667,2.96,0,0,66.33,9.21,100,5.375,38.25,46.5,53.44,61.688,61.75,62.625,62.563,62.75,62.812;
1705007669,2.96,0,0,65.33,9.21,100,5.375,38.188,46.5,53.44,61.688,61.75,62.625,62.563,62.812,62.812;
1705007671,2.96,0,0,65,9.23,100,5.375,38.125,46.438,53.44,61.688,61.75,62.625,62.563,62.812,62.812;
1705007673,2.96,0,0,67.33,9.2,100,5.375,38.063,46.438,53.44,61.688,61.75,62.625,62.563,62.812,62.812;
1705007675,2.96,0,0,65.33,9.23,100,5.375,38.063,46.438,53.44,61.688,61.75,62.625,62.563,62.812,62.812;
1705007677,2.96,0,0,68.33,9.23,100,5.375,38,46.438,53.44,61.688,61.75,62.625,62.563,62.812,62.812;
1705007679,2.96,0,0,64,9.21,100,5.375,37.938,46.438,53.44,61.688,61.75,62.625,62.563,62.812,62.875;
1705007681,2.96,0,0,69.67,9.22,100,5.375,37.875,46.375,53.44,61.688,61.75,62.625,62.563,62.812,62.812;
1705007683,2.96,0,0,64.67,9.22,100,5.375,37.75,46.375,53.44,61.688,61.75,62.625,62.563,62.812,62.812;
1705007685,2.96,0,0,66,9.24,100,5.375,37.688,46.375,53.44,61.688,61.75,62.625,62.563,62.812,62.812;
1705007687,2.96,0,0,66.33,9.23,100,5.375,37.625,46.313,53.44,61.688,61.75,62.625,62.563,62.812,62.812;
1705007689,2.96,0,0,61,9.24,100,5.375,37.5,46.313,53.44,61.688,61.75,62.625,62.563,62.812,62.875;
1705007691,2.96,0,0,65.67,9.24,100,5.375,37.438,46.313,53.44,61.688,61.75,62.625,62.563,62.812,62.812;
1705007693,2.96,0,0,66.33,9.23,100,5.375,37.313,46.313,53.44,61.688,61.75,62.625,62.563,62.812,62.812;
1705007695,2.96,0,0,67.33,9.23,100,5.375,37.25,46.25,53.44,61.688,61.75,62.625,62.563,62.812,62.875;
1705007697,2.96,0,0,64.33,9.25,100,5.375,37.125,46.25,53.44,61.688,61.75,62.625,62.563,62.812,62.812;
1705007699,2.96,0,0,65.67,9.25,100,5.375,37.063,46.25,53.44,61.688,61.75,62.563,62.563,62.812,62.812;
1705007701,2.96,0,0,62.33,9.25,100,5.375,37,46.25,53.44,61.688,61.75,62.625,62.563,62.812,62.812;
1705007703,2.96,0,0,65.33,9.26,100,5.375,36.938,46.25,53.44,61.688,61.75,62.625,62.563,62.812,62.812;
1705007705,2.96,0,0,65.67,9.26,100,5.375,36.813,46.25,53.44,61.688,61.75,62.625,62.5,62.812,62.875;
1705007706,2.96,0,0,65.33,9.25,100,5.375,36.813,46.25,53.38,61.688,61.75,62.625,62.563,62.812,62.812;
1705007708,2.96,0,0,65.33,9.27,100,5.375,36.75,46.188,53.44,61.688,61.75,62.625,62.563,62.812,62.812;
1705007710,2.96,0,0,66,9.25,100,5.375,36.688,46.188,53.44,61.688,61.75,62.625,62.563,62.812,62.812;
1705007712,2.96,0,0,62.67,9.26,100,5.375,36.625,46.188,53.44,61.688,61.75,62.625,62.563,62.812,62.812;
1705007714,2.96,0,0,68.33,9.28,100,5.375,36.563,46.188,53.38,61.688,61.75,62.625,62.563,62.812,62.812;
1705007716,2.96,0,0,64,9.27,100,5.375,36.563,46.188,53.38,61.688,61.75,62.625,62.563,62.812,62.812;
1705007718,2.96,0,0,64,9.26,100,5.375,36.5,46.188,53.44,61.688,61.75,62.625,62.563,62.812,62.812;
1705007720,2.96,0,0,66,9.27,100,5.375,36.5,46.188,53.38,61.688,61.75,62.625,62.563,62.812,62.812;
1705007722,2.96,0,0,67.33,9.27,100,5.375,36.438,46.188,53.38,61.688,61.75,62.625,62.563,62.812,62.812;
1705007724,2.96,0,0,68.33,9.29,100,5.375,36.438,46.125,53.38,61.688,61.75,62.625,62.563,62.812,62.812;
1705007726,2.96,0,0,66.67,9.28,100,5.375,36.438,46.125,53.38,61.688,61.75,62.625,62.563,62.812,62.875;
1705007728,2.96,0,0,64,9.27,100,5.375,36.438,46.125,53.38,61.688,61.75,62.625,62.563,62.812,62.812;
1705007730,2.96,0,0,65,9.28,100,5.375,36.375,46.125,53.38,61.688,61.75,62.625,62.563,62.812,62.812;
1705007732,2.96,0,0,63.33,9.28,100,5.375,36.375,46.125,53.38,61.688,61.75,62.625,62.563,62.812,62.812;
1705007734,2.96,0,0,66,9.28,100,5.375,36.375,46.125,53.38,61.688,61.75,62.625,62.563,62.812,62.812;
1705007736,2.96,0,0,64,9.29,100,5.375,36.375,46.063,53.38,61.688,61.75,62.625,62.563,62.812,62.812;
1705007738,2.96,0,0,66,9.29,100,5.375,36.375,46.125,53.38,61.688,61.75,62.625,62.563,62.812,62.812;
1705007740,2.96,0,0,63.67,9.29,100,5.437,36.375,46.125,53.31,61.688,61.75,62.625,62.563,62.812,62.812;
1705007742,2.96,0,0,66.67,9.3,100,5.375,36.375,46.125,53.31,61.688,61.75,62.625,62.563,62.812,62.812;
1705007744,2.96,0,0,66.33,9.3,100,5.437,36.438,46.125,53.38,61.688,61.75,62.625,62.563,62.812,62.812;
1705007746,2.96,0,0,64.33,9.31,100,5.375,36.438,46.063,53.31,61.688,61.75,62.625,62.563,62.812,62.875;
1705007748,2.96,0,0,67.33,9.31,100,5.375,36.438,46.063,53.31,61.688,61.75,62.625,62.563,62.812,62.812;
1705007750,2.96,0,0,66,9.32,100,5.375,36.438,46.063,53.31,61.688,61.75,62.625,62.563,62.812,62.812;
1705007752,2.96,0,0,68.33,9.32,100,5.375,36.438,46.063,53.38,61.688,61.75,62.625,62.563,62.812,62.812;
1705007754,2.96,0,0,61,9.31,100,5.437,36.438,46.063,53.31,61.688,61.75,62.625,62.563,62.812,62.812;
1705007755,2.96,0,0,66.67,9.33,100,5.437,36.438,46.063,53.31,61.688,61.75,62.625,62.563,62.812,62.812;
1705007757,2.96,0,0,67,9.32,100,5.437,36.438,46.063,53.31,61.688,61.75,62.625,62.563,62.812,62.812;
1705007759,2.96,0,0,63,9.32,100,5.437,36.438,46,53.31,61.688,61.75,62.625,62.563,62.812,62.812;
1705007761,2.96,0,0,66,9.31,100,5.437,36.438,46.063,53.38,61.688,61.75,62.625,62.563,62.812,62.812;
1705007763,2.96,0,0,67.67,9.32,100,5.437,36.375,46,53.31,61.688,61.75,62.625,62.563,62.812,62.875;
1705007765,2.96,0,0,66.33,9.33,100,5.375,36.375,46,53.31,61.688,61.75,62.625,62.563,62.812,62.812;
1705007767,2.96,0,0,65.67,9.34,100,5.437,36.313,46,53.31,61.688,61.75,62.625,62.563,62.812,62.812;
1705007769,2.96,0,0,66.67,9.33,100,5.437,36.313,45.937,53.31,61.688,61.75,62.625,62.563,62.812,62.812;
1705007771,2.96,0,0,64.67,9.33,100,5.437,36.25,45.937,53.31,61.688,61.75,62.625,62.563,62.812,62.812;
1705007773,2.96,0,0,64.33,9.32,100,5.437,36.188,45.937,53.31,61.688,61.75,62.625,62.563,62.812,62.812;
1705007775,2.96,0,0,65.33,9.33,100,5.437,36.125,45.937,53.31,61.688,61.75,62.625,62.563,62.812,62.812;
1705007777,2.96,0,0,66.67,9.35,100,5.437,36.063,45.875,53.31,61.688,61.75,62.625,62.563,62.812,62.812;
1705007779,2.96,0,0,62.33,9.35,100,5.437,36,45.875,53.31,61.688,61.75,62.625,62.563,62.812,62.875;
1705007781,2.96,0,0,67,9.32,100,5.437,35.938,45.875,53.38,61.688,61.75,62.625,62.563,62.812,62.812;
1705007783,2.96,0,0,68,9.34,100,5.437,35.875,45.875,53.31,61.688,61.75,62.625,62.563,62.812,62.812;
1705007785,2.96,0,0,66,9.36,100,5.437,35.75,45.813,53.31,61.688,61.75,62.625,62.563,62.812,62.812;
1705007787,2.96,0,0,64,9.34,100,5.437,35.625,45.813,53.31,61.688,61.75,62.625,62.563,62.812,62.812;
1705007789,2.96,0,0,66.33,9.33,100,5.437,35.563,45.813,53.31,61.688,61.75,62.625,62.563,62.812,62.812;
1705007791,2.96,0,0,65,9.35,100,5.437,35.5,45.813,53.31,61.688,61.75,62.563,62.563,62.812,62.812;
1705007793,2.96,0,0,66.67,9.35,100,5.437,35.438,45.75,53.31,61.688,61.75,62.625,62.563,62.812,62.812;
1705007795,2.96,0,0,64,9.35,100,5.437,35.313,45.75,53.31,61.688,61.75,62.625,62.563,62.812,62.812;
1705007797,2.96,0,0,65,9.37,100,5.437,35.25,45.75,53.31,61.688,61.75,62.625,62.563,62.812,62.812;
1705007799,2.96,0,0,66.33,9.36,100,5.437,35.125,45.75,53.31,61.688,61.75,62.625,62.563,62.812,62.812;
1705007801,2.96,0,0,62.33,9.37,100,5.437,35.063,45.75,53.31,61.688,61.75,62.625,62.563,62.812,62.812;
1705007803,2.96,0,0,65,9.37,100,5.437,35,45.688,53.25,61.688,61.75,62.625,62.563,62.812,62.812;
1705007804,2.96,0,0,64.67,9.35,100,5.437,34.938,45.688,53.31,61.688,61.75,62.625,62.563,62.812,62.812;
1705007806,2.96,0,0,66,9.36,100,5.437,34.875,45.688,53.31,61.688,61.75,62.625,62.563,62.812,62.812;
1705007808,2.96,0,0,67,9.38,100,5.437,34.813,45.688,53.31,61.688,61.75,62.625,62.563,62.812,62.812;
1705007810,2.96,0,0,64.67,9.37,100,5.437,34.75,45.688,53.31,61.688,61.75,62.625,62.563,62.812,62.812;
1705007812,2.96,0,0,65,9.38,100,5.437,34.75,45.688,53.31,61.688,61.75,62.625,62.563,62.812,62.812;
1705007814,2.96,0,0,66.33,9.37,100,5.437,34.688,45.688,53.31,61.688,61.75,62.625,62.563,62.812,62.812;
1705007816,2.96,0,0,65,9.37,100,5.437,34.688,45.688,53.25,61.688,61.75,62.625,62.563,62.812,62.812;
1705007818,2.96,0,0,67,9.37,100,5.437,34.625,45.625,53.25,61.688,61.75,62.625,62.563,62.812,62.812;
1705007820,2.96,0,0,66.67,9.37,100,5.437,34.625,45.625,53.25,61.688,61.75,62.625,62.563,62.812,62.812;
1705007822,2.96,0,0,66.67,9.39,100,5.437,34.563,45.625,53.25,61.688,61.75,62.625,62.563,62.812,62.812;
1705007824,2.96,0,0,64.67,9.4,100,5.437,34.563,45.625,53.25,61.688,61.75,62.625,62.563,62.812,62.875;
1705007826,2.96,0,0,66.33,9.4,100,5.437,34.5,45.625,53.25,61.688,61.75,62.625,62.563,62.812,62.812;
1705007828,2.96,0,0,65.33,9.38,100,5.437,34.5,45.625,53.25,61.688,61.75,62.563,62.563,62.812,62.875;
1705007830,2.96,0,0,65.33,9.38,100,5.437,34.438,45.625,53.25,61.688,61.75,62.625,62.563,62.812,62.812;
1705007832,2.96,0,0,64,9.39,100,5.437,34.375,45.563,53.25,61.688,61.75,62.625,62.563,62.812,62.812;
1705007834,2.96,0,0,68.67,9.39,100,5.437,34.375,45.563,53.25,61.688,61.75,62.625,62.563,62.812,62.812;
1705007836,2.96,0,0,68,9.38,100,5.437,34.313,45.563,53.25,61.688,61.75,62.625,62.563,62.812,62.812;
1705007838,2.96,0,0,67,9.39,100,5.437,34.25,45.563,53.25,61.688,61.75,62.625,62.563,62.812,62.812;
1705007840,2.96,0,0,64,9.39,100,5.437,34.25,45.563,53.25,61.625,61.75,62.625,62.563,62.812,62.812;
1705007842,2.96,0,0,64,9.39,100,5.437,34.188,45.563,53.19,61.688,61.75,62.625,62.563,62.812,62.875;
1705007844,2.96,0,0,63.67,9.41,100,5.437,34.188,45.563,53.25,61.688,61.75,62.625,62.563,62.812,62.812;
1705007846,2.96,0,0,66.67,9.39,100,5.437,34.125,45.5,53.25,61.688,61.75,62.625,62.563,62.812,62.812;
1705007848,2.96,0,0,67,9.4,100,5.437,34.125,45.5,53.19,61.688,61.75,62.625,62.563,62.812,62.812;
1705007850,2.96,0,0,65.33,9.38,100,5.437,34.125,45.5,53.19,61.688,61.75,62.625,62.563,62.812,62.812;
1705007852,2.96,0,0,64.33,9.39,100,5.437,34.125,45.5,53.19,61.688,61.75,62.625,62.563,62.812,62.812;
1705007853,2.96,0,0,66.67,9.38,100,5.437,34.125,45.5,53.19,61.688,61.75,62.625,62.563,62.812,62.812;
1705007855,2.96,0,0,68,9.38,100,5.437,34.125,45.5,53.19,61.688,61.75,62.625,62.563,62.812,62.812;
1705007857,2.96,0,0,64,9.39,100,5.437,34.125,45.5,53.19,61.625,61.75,62.625,62.563,62.812,62.812;
1705007859,2.96,0,0,65.67,9.39,100,5.437,34.125,45.5,53.19,61.625,61.75,62.625,62.563,62.812,62.812;
1705007861,2.96,0,0,68.67,9.41,100,5.437,34.125,45.5,53.19,61.625,61.75,62.625,62.563,62.75,62.812;
1705007863,2.96,0,0,67.67,9.4,100,5.437,34.188,45.5,53.19,61.625,61.75,62.625,62.563,62.812,62.812;
1705007865,2.96,0,0,65.33,9.4,100,5.437,34.188,45.5,53.19,61.625,61.75,62.625,62.563,62.812,62.812;
1705007867,2.96,0,0,66,9.4,100,5.437,34.25,45.5,53.19,61.625,61.75,62.625,62.563,62.812,62.812;
1705007869,2.96,0,0,66.33,9.42,100,5.437,34.25,45.5,53.19,61.688,61.75,62.625,62.563,62.812,62.812;
1705007871,2.96,0,0,65.67,9.39,100,5.437,34.313,45.5,53.13,61.625,61.75,62.625,62.563,62.812,62.812;
1705007873,2.96,0,0,68.67,9.39,100,5.437,34.375,45.5,53.19,61.688,61.75,62.625,62.563,62.812,62.812;
1705007875,2.96,0,0,67,9.4,100,5.437,34.375,45.5,53.19,61.625,61.75,62.625,62.563,62.812,62.812;
1705007877,2.96,0,0,67,9.41,100,5.437,34.438,45.5,53.19,61.688,61.75,62.563,62.563,62.812,62.812;
1705007879,2.96,0,0,68,9.41,100,5.437,34.5,45.5,53.19,61.688,61.75,62.563,62.563,62.812,62.812;
1705007881,2.96,0,0,67,9.42,100,5.437,34.5,45.5,53.13,61.688,61.75,62.625,62.563,62.812,62.812;
1705007883,2.96,0,0,64.33,9.43,100,5.375,34.563,45.5,53.13,61.688,61.75,62.625,62.563,62.812,62.812;
1705007885,2.96,0,0,67,9.41,100,5.437,34.563,45.5,53.13,61.688,61.75,62.625,62.563,62.812,62.812;
1705007887,2.96,0,0,65,9.41,100,5.375,34.563,45.5,53.13,61.688,61.75,62.625,62.563,62.812,62.812;
1705007889,2.96,0,0,68.67,9.42,100,5.375,34.625,45.5,53.13,61.688,61.75,62.625,62.563,62.812,62.812;
1705007891,2.96,0,0,68.67,9.42,100,5.375,34.563,45.5,53.13,61.688,61.75,62.625,62.563,62.812,62.812;
1705007893,2.96,0,0,64.33,9.42,100,5.375,34.563,45.5,53.13,61.688,61.75,62.625,62.563,62.812,62.812;
1705007895,2.96,0,0,65.33,9.44,100,5.375,34.563,45.438,53.13,61.688,61.75,62.563,62.563,62.812,62.812;
1705007897,2.96,0,0,66.67,9.43,100,5.375,34.5,45.5,53.13,61.688,61.75,62.625,62.563,62.812,62.812;
1705007899,2.96,0,0,66.67,9.42,100,5.375,34.5,45.5,53.13,61.688,61.75,62.625,62.563,62.812,62.812;
1705007901,2.96,0,0,69.33,9.41,100,5.375,34.5,45.5,53.13,61.688,61.75,62.625,62.563,62.812,62.812;
1705007902,2.96,0,0,64,9.42,100,5.375,34.5,45.5,53.13,61.688,61.75,62.625,62.563,62.812,62.812;
1705007904,2.96,0,0,68.33,9.42,100,5.375,34.438,45.5,53.13,61.688,61.75,62.625,62.563,62.812,62.812;
1705007906,2.96,0,0,68.67,9.41,100,5.375,34.438,45.5,53.13,61.688,61.75,62.625,62.563,62.812,62.812;
1705007908,2.96,0,0,68.33,9.42,100,5.375,34.5,45.5,53.13,61.688,61.75,62.625,62.563,62.812,62.812;
1705007910,2.96,0,0,67.33,9.43,100,5.375,34.5,45.5,53.13,61.688,61.75,62.625,62.563,62.812,62.875;
1705007912,2.96,0,0,70.67,9.44,100,5.375,34.5,45.5,53.13,61.688,61.75,62.625,62.563,62.812,62.812;
1705007914,2.96,0,0,67,9.43,100,5.375,34.5,45.5,53.13,61.688,61.75,62.625,62.563,62.812,62.812;
1705007916,2.96,0,0,68,9.42,100,5.375,34.563,45.5,53.13,61.688,61.75,62.625,62.563,62.812,62.812;
1705007918,2.96,0,0,65.33,9.41,100,5.375,34.563,45.5,53.13,61.688,61.75,62.625,62.563,62.812,62.812;
1705007920,2.96,0,0,67.67,9.43,100,5.375,34.563,45.5,53.13,61.688,61.75,62.625,62.563,62.812,62.812;
1705007922,2.96,0,0,67.67,9.44,100,5.375,34.563,45.5,53.13,61.688,61.75,62.625,62.563,62.812,62.812;
1705007924,2.96,0,0,67.33,9.44,100,5.375,34.563,45.5,53.13,61.688,61.75,62.625,62.563,62.812,62.812;
1705007926,2.96,0,0,66.67,9.42,100,5.375,34.563,45.5,53.13,61.688,61.75,62.625,62.563,62.812,62.812;
1705007928,2.96,0,0,65,9.42,100,5.375,34.563,45.5,53.13,61.688,61.75,62.625,62.563,62.812,62.875;
1705007930,2.96,0,0,67.67,9.43,100,5.375,34.563,45.5,53.13,61.688,61.75,62.625,62.563,62.812,62.812;
1705007932,2.96,0,0,66.33,9.43,100,5.375,34.563,45.5,53.13,61.688,61.75,62.563,62.563,62.75,62.875;
1705007934,2.96,0,0,67,9.43,100,5.375,34.563,45.5,53.13,61.688,61.75,62.625,62.563,62.812,62.812;
1705007936,2.96,0,0,64.33,9.43,100,5.375,34.625,45.5,53.13,61.688,61.75,62.625,62.563,62.812,62.875;
1705007938,2.96,0,0,66.67,9.44,100,5.375,34.625,45.5,53.13,61.688,61.75,62.625,62.563,62.812,62.812;
1705007940,2.96,0,0,69.33,9.43,100,5.375,34.688,45.563,53.13,61.688,61.75,62.625,62.563,62.812,62.812;
1705007942,2.96,0,0,64.67,9.44,100,5.375,34.688,45.5,53.13,61.688,61.75,62.625,62.563,62.812,62.812;
1705007944,2.96,0,0,69.33,9.43,100,5.375,34.75,45.5,53.13,61.688,61.75,62.625,62.563,62.812,62.812;
1705007946,2.96,0,0,66.33,9.43,100,5.375,34.75,45.5,53.13,61.688,61.75,62.625,62.563,62.812,62.812;
1705007948,2.96,0,0,67.67,9.43,100,5.375,34.75,45.5,53.13,61.688,61.75,62.625,62.563,62.812,62.812;
1705007950,2.96,0,0,68,9.41,100,5.375,34.75,45.563,53.13,61.688,61.75,62.625,62.563,62.812,62.875;
1705007951,2.96,0,0,67,9.42,100,5.375,34.75,45.563,53.13,61.688,61.75,62.625,62.563,62.812,62.812;
1705007953,2.96,0,0,66.33,9.43,100,5.375,34.75,45.563,53.13,61.688,61.75,62.625,62.563,62.812,62.812;
1705007955,2.96,0,0,70.33,9.43,100,5.375,34.75,45.563,53.13,61.688,61.75,62.625,62.563,62.812,62.875;
1705007957,2.96,0,0,71,9.42,100,5.375,34.75,45.563,53.13,61.688,61.75,62.625,62.563,62.812,62.812;
1705007959,2.96,0,0,65.33,9.43,100,5.375,34.75,45.563,53.13,61.688,61.75,62.625,62.563,62.812,62.812;
1705007961,2.96,0,0,66.67,9.41,100,5.375,34.688,45.563,53.13,61.688,61.75,62.625,62.563,62.812,62.812;
1705007963,2.96,0,0,66.33,9.42,100,5.312,34.688,45.563,53.13,61.688,61.75,62.625,62.563,62.812,62.812;
1705007965,2.96,0,0,68,9.4,100,5.312,34.75,45.625,53.13,61.688,61.75,62.625,62.563,62.812,62.812;
1705007967,2.96,0,0,65,9.43,100,5.375,34.75,45.625,53.13,61.688,61.75,62.625,62.563,62.812,62.812;
1705007969,2.96,0,0,65.33,9.42,100,5.375,34.75,45.625,53.13,61.688,61.75,62.625,62.563,62.812,62.812;
1705007971,2.96,0,0,70,9.41,100,5.375,34.75,45.625,53.13,61.688,61.75,62.625,62.563,62.812,62.812;
1705007973,2.96,0,0,65,9.42,100,5.312,34.813,45.625,53.13,61.688,61.75,62.625,62.563,62.812,62.812;
1705007975,2.96,0,0,71,9.43,100,5.312,34.813,45.625,53.13,61.688,61.75,62.625,62.563,62.812,62.812;
1705007977,2.95,0,0,67.67,9.42,100,5.312,34.875,45.688,53.13,61.688,61.75,62.625,62.563,62.812,62.812;
1705007979,2.96,0,0,68.67,9.43,100,5.375,34.938,45.688,53.13,61.688,61.75,62.625,62.563,62.812,62.812;
1705007981,2.96,0,0,70.67,9.43,100,5.375,34.938,45.688,53.13,61.688,61.75,62.625,62.563,62.812,62.812;
1705007983,2.96,0,0,68,9.43,100,5.375,35,45.688,53.13,61.688,61.75,62.625,62.563,62.812,62.875;
1705007985,2.96,0,0,69,9.41,100,5.375,35,45.688,53.13,61.688,61.75,62.625,62.563,62.812,62.812;
1705007987,2.96,0,0,69.67,9.41,100,5.312,35.063,45.688,53.13,61.688,61.75,62.625,62.563,62.812,62.812;
1705007989,2.96,0,0,68.67,9.43,100,5.312,35.125,45.688,53.13,61.688,61.75,62.625,62.563,62.812,62.812;
1705007991,2.96,0,0,68.67,9.43,100,5.375,35.125,45.688,53.13,61.688,61.75,62.625,62.563,62.812,62.812;
1705007993,2.96,0,0,67.67,9.43,100,5.312,35.125,45.688,53.13,61.688,61.75,62.625,62.563,62.812,62.812;
1705007995,2.96,0,0,68.67,9.41,100,5.375,35.125,45.688,53.13,61.688,61.75,62.625,62.563,62.812,62.812;
1705007997,2.96,0,0,65.33,9.41,100,5.375,35.125,45.688,53.13,61.688,61.75,62.625,62.563,62.812,62.812;
1705007999,2.96,0,0,68,9.41,100,5.312,35.063,45.625,53.13,61.688,61.75,62.625,62.563,62.812,62.812;
1705008000,2.96,0,0,69.33,9.4,100,5.312,35.063,45.625,53.13,61.688,61.75,62.625,62.563,62.812,62.812;
1705008002,2.96,0,0,64,9.41,100,5.312,35,45.625,53.13,61.688,61.75,62.625,62.563,62.812,62.812;
1705008004,2.96,0,0,67.67,9.41,100,5.375,34.938,45.625,53.13,61.688,61.75,62.625,62.563,62.812,62.812;
1705008006,2.96,0,0,67.67,9.4,100,5.312,34.938,45.625,53.13,61.688,61.75,62.625,62.563,62.812,62.812;
1705008008,2.96,0,0,66.33,9.42,100,5.375,34.813,45.563,53.13,61.688,61.75,62.625,62.563,62.812,62.812;
1705008010,2.96,0,0,69,9.41,100,5.375,34.813,45.563,53.13,61.688,61.75,62.625,62.563,62.812,62.812;
1705008012,2.96,0,0,70.33,9.39,100,5.312,34.75,45.563,53.13,61.688,61.75,62.625,62.563,62.812,62.812;
1705008014,2.96,0,0,68.67,9.4,100,5.312,34.625,45.563,53.13,61.688,61.75,62.625,62.563,62.812,62.875;
1705008016,2.96,0,0,67.33,9.4,100,5.312,34.563,45.563,53.13,61.688,61.75,62.625,62.563,62.812,62.875;
1705008018,2.96,0,0,67.67,9.41,100,5.312,34.563,45.563,53.13,61.688,61.75,62.625,62.563,62.812,62.812;
1705008020,2.96,0,0,67.67,9.4,100,5.375,34.5,45.5,53.13,61.688,61.75,62.625,62.563,62.812,62.812;
1705008022,2.96,0,0,66,9.41,100,5.312,34.438,45.5,53.13,61.688,61.75,62.625,62.563,62.812,62.812;
1705008024,2.95,0,0,71.33,9.41,100,5.375,34.375,45.5,53.06,61.688,61.75,62.625,62.563,62.812,62.812;
1705008026,2.96,0,0,66.67,9.4,100,5.375,34.375,45.5,53.06,61.688,61.75,62.625,62.563,62.812,62.812;
1705008028,2.96,0,0,66.67,9.4,100,5.312,34.313,45.5,53.06,61.688,61.75,62.625,62.563,62.812,62.812;
1705008030,2.96,0,0,70.67,9.41,100,5.375,34.313,45.5,53.06,61.688,61.75,62.625,62.563,62.812,62.812;
1705008032,2.96,0,0,68.67,9.41,100,5.312,34.313,45.438,53.06,61.688,61.75,62.625,62.563,62.812,62.812;
1705008034,2.96,0,0,73,9.4,100,5.375,34.313,45.438,53.06,61.688,61.75,62.625,62.563,62.812,62.812;
1705008036,2.96,0,0,69.67,9.38,100,5.312,34.313,45.5,53.06,61.688,61.75,62.625,62.563,62.812,62.812;
1705008038,2.96,0,0,67,9.39,100,5.312,34.313,45.438,53.06,61.688,61.75,62.625,62.563,62.812,62.812;
1705008040,2.96,0,0,67.33,9.39,100,5.375,34.313,45.5,53.06,61.688,61.75,62.625,62.563,62.812,62.812;
1705008042,2.96,0,0,69.67,9.39,100,5.375,34.313,45.5,53.06,61.688,61.75,62.625,62.563,62.812,62.875;
1705008044,2.96,0,0,66.67,9.4,100,5.375,34.313,45.438,53.06,61.688,61.75,62.625,62.563,62.812,62.812;
1705008046,2.96,0,0,69,9.41,100,5.312,34.313,45.5,53.06,61.688,61.75,62.625,62.563,62.812,62.812;
1705008048,2.96,0,0,69.33,9.39,100,5.375,34.375,45.5,53.06,61.688,61.75,62.625,62.563,62.812,62.812;
1705008049,2.96,0,0,69.67,9.39,100,5.375,34.375,45.5,53.06,61.688,61.75,62.625,62.563,62.812,62.812;
1705008051,2.95,0,0,68.67,9.38,100,5.375,34.438,45.5,53.06,61.688,61.75,62.625,62.563,62.812,62.812;
1705008053,2.96,0,0,71.33,9.38,100,5.312,34.438,45.5,53.06,61.688,61.75,62.625,62.563,62.812,62.812;
1705008055,2.96,0,0,68.67,9.39,100,5.375,34.5,45.5,53.06,61.688,61.75,62.625,62.563,62.812,62.812;
1705008057,2.95,0,0,70,9.41,100,5.375,34.5,45.5,53.06,61.688,61.75,62.625,62.563,62.812,62.812;
1705008059,2.96,0,0,69,9.37,100,5.375,34.5,45.5,53.06,61.688,61.75,62.625,62.563,62.75,62.812;
1705008061,2.96,0,0,70,9.37,100,5.375,34.5,45.5,53.06,61.688,61.75,62.625,62.563,62.812,62.875;
1705008063,2.95,0,0,71.33,9.38,100,5.375,34.563,45.5,53.06,61.688,61.75,62.625,62.563,62.812,62.812;
1705008065,2.96,0,0,67.67,9.38,100,5.375,34.563,45.5,53.06,61.688,61.75,62.625,62.563,62.812,62.812;
1705008067,2.96,0,0,70.33,9.38,100,5.375,34.563,45.5,53.06,61.688,61.75,62.625,62.563,62.812,62.812;
1705008069,2.95,0,0,70.67,9.37,100,5.375,34.625,45.5,53.06,61.688,61.75,62.625,62.563,62.812,62.812;
1705008071,2.95,0,0,71,9.37,100,5.375,34.625,45.5,53.06,61.688,61.75,62.625,62.563,62.812,62.812;
1705008073,2.95,0,0,68.33,9.36,100,5.375,34.625,45.5,53.06,61.688,61.75,62.563,62.563,62.812,62.812;
1705008075,2.96,0,0,68.33,9.39,100,5.375,34.688,45.563,53.06,61.688,61.75,62.625,62.563,62.812,62.812;
1705008077,2.95,0,0,66,9.38,100,5.375,34.75,45.5,53.06,61.688,61.75,62.625,62.563,62.812,62.812;
1705008079,2.96,0,0,65,9.39,100,5.375,34.75,45.563,53.06,61.688,61.75,62.625,62.563,62.812,62.812;
1705008081,2.96,0,0,67.67,9.37,100,5.375,34.75,45.563,53.06,61.688,61.75,62.625,62.563,62.812,62.812;
1705008083,2.96,0,0,65.33,9.38,100,5.375,34.75,45.563,53.06,61.688,61.75,62.625,62.563,62.812,62.812;
1705008085,2.95,0,0,73.67,9.38,100,5.375,34.75,45.563,53.06,61.688,61.75,62.625,62.563,62.812,62.812;
1705008087,2.96,0,0,70,9.38,100,5.375,34.75,45.563,53.06,61.688,61.75,62.625,62.563,62.812,62.812;
1705008089,2.95,0,0,67,9.37,100,5.375,34.75,45.563,53.06,61.688,61.75,62.625,62.563,62.812,62.812;
1705008091,2.96,0,0,72,9.37,100,5.375,34.813,45.563,53.06,61.688,61.75,62.625,62.563,62.812,62.812;
1705008093,2.95,0,0,69.33,9.35,100,5.375,34.813,45.563,53.06,61.688,61.75,62.625,62.563,62.812,62.812;
1705008095,2.96,0,0,66.67,9.37,100,5.375,34.813,45.625,53.06,61.688,61.75,62.625,62.563,62.812,62.812;
1705008097,2.95,0,0,71.67,9.37,100,5.375,34.813,45.625,53.06,61.688,61.75,62.625,62.563,62.812,62.812;
1705008098,2.95,0,0,71.67,9.37,100,5.437,34.875,45.625,53.06,61.688,61.75,62.625,62.563,62.812,62.812;
1705008100,2.95,0,0,69.33,9.36,100,5.375,34.938,45.625,53.06,61.688,61.75,62.625,62.563,62.812,62.812;
1705008102,2.95,0,0,70.67,9.36,100,5.375,34.938,45.688,53.06,61.688,61.75,62.625,62.563,62.812,62.812;
1705008104,2.95,0,0,72.33,9.35,100,5.437,35,45.688,53.06,61.688,61.75,62.625,62.563,62.812,62.812;
1705008106,2.95,0,0,66.33,9.36,100,5.375,35,45.688,53.06,61.688,61.75,62.625,62.563,62.812,62.812;
1705008108,2.96,0,0,74.67,9.35,100,5.437,35,45.688,53.06,61.688,61.75,62.625,62.563,62.812,62.812;
1705008110,2.95,0,0,66.67,9.35,100,5.437,35.063,45.688,53.06,61.688,61.75,62.625,62.563,62.812,62.812;
1705008112,2.95,0,0,69,9.34,100,5.437,35.063,45.688,53.06,61.688,61.75,62.625,62.563,62.812,62.812;
1705008114,2.95,0,0,74,9.35,100,5.437,35.125,45.688,53.06,61.688,61.75,62.625,62.563,62.812,62.812;
1705008116,2.95,0,0,67.67,9.34,100,5.437,35.125,45.75,53.06,61.688,61.75,62.625,62.563,62.812,62.812;
1705008118,2.95,0,0,66,9.34,100,5.437,35.188,45.75,53.06,61.688,61.75,62.625,62.563,62.812,62.812;
1705008120,2.95,0,0,66.33,9.34,100,5.437,35.188,45.75,53.06,61.688,61.75,62.625,62.563,62.812,62.875;
1705008122,2.95,0,0,68.33,9.34,100,5.437,35.25,45.75,53.06,61.688,61.75,62.625,62.563,62.812,62.812;
1705008124,2.95,0,0,66.33,9.35,100,5.437,35.25,45.75,53.06,61.688,61.75,62.625,62.563,62.812,62.812;
1705008126,2.95,0,0,68.67,9.35,100,5.437,35.313,45.75,53.06,61.688,61.75,62.625,62.563,62.812,62.812;
1705008128,2.95,0,0,68.33,9.33,100,5.437,35.313,45.75,53.06,61.688,61.75,62.625,62.563,62.812,62.812;
1705008130,2.95,0,0,72.33,9.32,100,5.437,35.375,45.75,53.06,61.688,61.75,62.625,62.563,62.812,62.812;
1705008132,2.95,0,0,67.33,9.33,100,5.437,35.375,45.75,53.06,61.688,61.75,62.625,62.563,62.812,62.812;
1705008134,2.95,0,0,66,9.33,100,5.437,35.375,45.75,53.06,61.688,61.75,62.625,62.563,62.812,62.812;
1705008136,2.95,0,0,71.67,9.32,100,5.437,35.375,45.688,53.06,61.688,61.75,62.625,62.563,62.812,62.812;
1705008138,2.95,0,0,68,9.32,100,5.437,35.375,45.688,53.06,61.688,61.75,62.625,62.563,62.812,62.812;
1705008140,2.95,0,0,71.33,9.34,100,5.437,35.375,45.688,53.06,61.688,61.75,62.625,62.563,62.812,62.812;
1705008142,2.95,0,0,67.33,9.33,100,5.437,35.375,45.688,53.06,61.688,61.75,62.625,62.563,62.812,62.812;
1705008144,2.95,0,0,69.33,9.33,100,5.437,35.375,45.688,53.06,61.688,61.75,62.625,62.563,62.812,62.812;
1705008146,2.95,0,0,70.67,9.33,100,5.437,35.375,45.688,53.06,61.688,61.75,62.625,62.563,62.812,62.812;
1705008147,2.95,0,0,71,9.33,100,5.437,35.375,45.688,53.06,61.688,61.75,62.625,62.563,62.812,62.875;
1705008149,2.95,0,0,70.33,9.31,100,5.437,35.375,45.625,53.06,61.688,61.75,62.625,62.563,62.812,62.812;
1705008151,2.96,0,0,70.33,9.31,100,5.437,35.313,45.688,53.06,61.688,61.75,62.625,62.563,62.812,62.812;
1705008153,2.95,0,0,74.33,9.31,100,5.437,35.313,45.688,53.06,61.688,61.75,62.625,62.563,62.812,62.812;
1705008155,2.95,0,0,73.67,9.32,100,5.437,35.313,45.688,53.06,61.688,61.75,62.625,62.563,62.812,62.812;
1705008157,2.95,0,0,67.67,9.31,100,5.437,35.313,45.688,53.06,61.688,61.75,62.625,62.563,62.812,62.812;
1705008159,2.95,0,0,71.67,9.3,100,5.437,35.313,45.688,53.06,61.688,61.75,62.625,62.563,62.812,62.812;
1705008161,2.95,0,0,69.33,9.3,100,5.437,35.375,45.688,53.06,61.688,61.75,62.625,62.563,62.812,62.812;
1705008163,2.95,0,0,68.33,9.31,100,5.437,35.375,45.688,53.06,61.688,61.75,62.625,62.563,62.812,62.812;
1705008165,2.95,0,0,70,9.31,100,5.437,35.438,45.688,53.06,61.688,61.75,62.625,62.563,62.812,62.812;
1705008167,2.95,0,0,69.33,9.31,100,5.437,35.438,45.75,53.06,61.688,61.75,62.625,62.563,62.812,62.812;
1705008169,2.95,0,0,66,9.31,100,5.437,35.5,45.75,53.06,61.688,61.75,62.625,62.563,62.812,62.875;
1705008171,2.95,0,0,70.67,9.29,100,5.437,35.5,45.75,53.06,61.688,61.75,62.625,62.563,62.812,62.812;
1705008173,2.95,0,0,71.67,9.31,100,5.437,35.563,45.75,53.06,61.688,61.75,62.625,62.563,62.812,62.812;
1705008175,2.95,0,0,70,9.3,100,5.437,35.625,45.75,53.06,61.688,61.75,62.625,62.563,62.812,62.812;
1705008177,2.95,0,0,70.33,9.3,100,5.437,35.625,45.75,53.06,61.688,61.75,62.625,62.563,62.812,62.812;
1705008179,2.95,0,0,71,9.31,100,5.437,35.688,45.75,53.06,61.688,61.75,62.625,62.563,62.812,62.812;
1705008181,2.95,0,0,69,9.31,100,5.437,35.75,45.75,53.06,61.688,61.75,62.625,62.563,62.812,62.812;
1705008183,2.95,0,0,69.67,9.29,100,5.437,35.75,45.75,53.06,61.688,61.75,62.625,62.563,62.812,62.812;
1705008185,2.95,0,0,69.33,9.28,100,5.437,35.75,45.75,53.06,61.688,61.75,62.625,62.563,62.812,62.812;
1705008187,2.95,0,0,70,9.31,100,5.437,35.75,45.75,53.06,61.688,61.75,62.625,62.563,62.812,62.812;
1705008189,2.95,0,0,69.67,9.28,100,5.5,35.75,45.75,53.06,61.688,61.75,62.625,62.563,62.812,62.812;
1705008191,2.95,0,0,73.33,9.28,100,5.437,35.75,45.75,53.06,61.688,61.75,62.625,62.563,62.812,62.812;
1705008193,2.95,0,0,72,9.28,100,5.437,35.75,45.75,53.13,61.688,61.75,62.625,62.563,62.812,62.812;
1705008195,2.95,0,0,69.67,9.28,100,5.5,35.75,45.75,53.06,61.688,61.75,62.625,62.563,62.812,62.812;
1705008196,2.95,0,0,69.67,9.27,100,5.5,35.688,45.75,53.06,61.688,61.75,62.625,62.563,62.812,62.812;
1705008198,2.95,0,0,71,9.27,100,5.5,35.688,45.688,53.06,61.688,61.75,62.625,62.563,62.75,62.812;
1705008200,2.95,0,0,69.33,9.27,100,5.5,35.625,45.688,53.06,61.688,61.75,62.625,62.563,62.812,62.812;
1705008202,2.95,0,0,69.67,9.28,100,5.5,35.625,45.688,53.06,61.688,61.75,62.625,62.563,62.812,62.812;
1705008204,2.95,0,0,71.67,9.29,100,5.5,35.563,45.688,53.06,61.688,61.75,62.625,62.563,62.812,62.812;
1705008206,2.95,0,0,72.33,9.29,100,5.5,35.563,45.688,53.06,61.688,61.75,62.625,62.563,62.812,62.812;
1705008208,2.95,0,0,72.67,9.27,100,5.5,35.563,45.688,53.06,61.688,61.75,62.563,62.563,62.812,62.812;
1705008210,2.95,0,0,72.67,9.27,100,5.5,35.5,45.688,53.06,61.688,61.75,62.625,62.563,62.812,62.812;
1705008212,2.95,0,0,71.33,9.29,100,5.5,35.5,45.688,53.06,61.688,61.75,62.625,62.563,62.812,62.812;
1705008214,2.95,0,0,72,9.25,100,5.5,35.5,45.625,53.06,61.688,61.75,62.625,62.563,62.812,62.812;
1705008216,2.95,0,0,70.67,9.26,100,5.5,35.5,45.625,53.06,61.688,61.75,62.625,62.563,62.812,62.812;
1705008218,2.95,0,0,67.33,9.26,100,5.5,35.5,45.625,53.06,61.688,61.75,62.625,62.563,62.812,62.812;
1705008220,2.95,0,0,69.67,9.27,100,5.5,35.438,45.625,53.06,61.688,61.75,62.625,62.563,62.812,62.812;
1705008222,2.95,0,0,68.67,9.26,100,5.5,35.438,45.563,53.06,61.688,61.75,62.625,62.563,62.812,62.875;
1705008224,2.95,0,0,71,9.24,100,5.5,35.438,45.563,53.06,61.688,61.75,62.625,62.563,62.812,62.812;
1705008226,2.95,0,0,70,9.26,100,5.5,35.375,45.563,53.06,61.688,61.75,62.625,62.563,62.812,62.812;
1705008228,2.95,0,0,70.67,9.26,100,5.5,35.313,45.563,53.06,61.688,61.75,62.625,62.563,62.812,62.812;
1705008230,2.95,0,0,70.33,9.24,100,5.5,35.25,45.563,53.06,61.688,61.75,62.625,62.563,62.812,62.812;
1705008232,2.95,0,0,70.33,9.24,100,5.5,35.188,45.563,53,61.688,61.75,62.625,62.563,62.812,62.875;
1705008234,2.95,0,0,72.33,9.25,100,5.5,35.125,45.5,53.06,61.688,61.75,62.625,62.563,62.812,62.812;
1705008236,2.95,0,0,70.33,9.26,100,5.5,35.063,45.5,53.06,61.688,61.75,62.625,62.563,62.812,62.812;
1705008238,2.95,0,0,71,9.24,100,5.5,35.063,45.5,53.06,61.688,61.75,62.625,62.563,62.812,62.875;
1705008240,2.95,0,0,72.33,9.25,100,5.5,35,45.5,53.06,61.688,61.75,62.625,62.563,62.812,62.812;
1705008242,2.95,0,0,71.33,9.25,100,5.5,34.938,45.5,53,61.688,61.75,62.625,62.563,62.812,62.812;
1705008244,2.95,0,0,71.67,9.24,100,5.5,34.875,45.438,53,61.688,61.75,62.625,62.563,62.812,62.812;
1705008245,2.95,0,0,70.67,9.23,100,5.5,34.813,45.438,53,61.688,61.75,62.625,62.563,62.812,62.812;
1705008247,2.95,0,0,67.67,9.23,100,5.5,34.75,45.438,53.06,61.688,61.75,62.625,62.563,62.812,62.812;
1705008249,2.95,0,0,71.67,9.26,100,5.5,34.688,45.438,53,61.688,61.75,62.625,62.563,62.812,62.812;
1705008251,2.95,0,0,70.33,9.25,100,5.5,34.625,45.375,53,61.688,61.75,62.625,62.563,62.812,62.812;
1705008253,2.95,0,0,71,9.23,100,5.562,34.563,45.375,53,61.688,61.75,62.625,62.563,62.812,62.812;
1705008255,2.95,0,0,69.67,9.25,100,5.5,34.5,45.375,53,61.688,61.75,62.625,62.563,62.812,62.812;
1705008257,2.95,0,0,68.67,9.25,100,5.562,34.438,45.375,53,61.688,61.75,62.625,62.563,62.812,62.812;
1705008259,2.95,0,0,71.67,9.24,100,5.562,34.375,45.375,53,61.688,61.75,62.625,62.563,62.812,62.812;
1705008261,2.95,0,0,72.33,9.25,100,5.562,34.313,45.375,53,61.688,61.75,62.625,62.563,62.812,62.875;
1705008263,2.95,0,0,71.33,9.25,100,5.562,34.25,45.375,53,61.688,61.75,62.625,62.563,62.812,62.812;
1705008265,2.95,0,0,69,9.24,100,5.562,34.25,45.375,53,61.688,61.75,62.625,62.563,62.812,62.812;
1705008267,2.95,0,0,69,9.23,100,5.562,34.188,45.375,53,61.625,61.75,62.625,62.563,62.812,62.812;
1705008269,2.95,0,0,67.33,9.23,100,5.562,34.188,45.375,53,61.688,61.75,62.625,62.563,62.812,62.812;
1705008271,2.95,0,0,69.67,9.24,100,5.562,34.188,45.312,53,61.688,61.75,62.625,62.563,62.812,62.812;
1705008273,2.95,0,0,71,9.25,100,5.562,34.188,45.312,53,61.688,61.75,62.625,62.563,62.812,62.812;
1705008275,2.95,0,0,69,9.24,100,5.562,34.125,45.312,53,61.688,61.75,62.625,62.563,62.812,62.812;
1705008277,2.95,0,0,70,9.24,100,5.562,34.125,45.312,53,61.688,61.75,62.625,62.563,62.812,62.812;
1705008279,2.95,0,0,71,9.26,100,5.562,34.125,45.312,53,61.625,61.75,62.625,62.563,62.812,62.812;
1705008281,2.95,0,0,69.33,9.25,100,5.562,34.063,45.25,53,61.688,61.75,62.625,62.563,62.812,62.812;
1705008283,2.95,0,0,69.67,9.23,100,5.562,34,45.25,53,61.688,61.75,62.625,62.563,62.812,62.812;
1705008285,2.95,0,0,69.33,9.24,100,5.562,33.938,45.25,53,61.625,61.75,62.625,62.563,62.812,62.812;
1705008287,2.95,0,0,68.67,9.27,100,5.562,33.875,45.25,53,61.688,61.75,62.625,62.563,62.812,62.812;
1705008289,2.95,0,0,68,9.23,100,5.562,33.75,45.188,53,61.688,61.75,62.625,62.563,62.812,62.812;
1705008291,2.95,0,0,71,9.24,100,5.562,33.688,45.188,53,61.688,61.75,62.625,62.563,62.812,62.812;
1705008293,2.95,0,0,71.67,9.24,100,5.562,33.563,45.188,53,61.688,61.75,62.625,62.563,62.812,62.812;
1705008294,2.95,0,0,72,9.24,100,5.562,33.438,45.188,53,61.688,61.75,62.625,62.563,62.812,62.812;
1705008296,2.95,0,0,71.67,9.24,100,5.562,33.313,45.125,53,61.688,61.75,62.625,62.563,62.812,62.812;
1705008298,2.95,0,0,73.33,9.23,100,5.562,33.188,45.125,53,61.688,61.75,62.625,62.563,62.812,62.812;
1705008300,2.95,0,0,71.33,9.23,100,5.562,33.125,45.125,53,61.688,61.75,62.625,62.563,62.812,62.812;
1705008302,2.95,0,0,69,9.24,100,5.562,33,45.125,53,61.688,61.75,62.625,62.563,62.812,62.812;
1705008304,2.95,0,0,70,9.24,100,5.562,32.938,45.063,53,61.688,61.75,62.625,62.563,62.812,62.812;
1705008306,2.95,0,0,70,9.24,100,5.562,32.875,45.063,53,61.688,61.75,62.625,62.563,62.812,62.812;
1705008308,2.95,0,0,69.33,9.23,100,5.562,32.75,45.063,53,61.688,61.75,62.625,62.563,62.812,62.812;
1705008310,2.95,0,0,72,9.23,100,5.562,32.688,45.063,53,61.625,61.75,62.563,62.563,62.812,62.812;
1705008312,2.95,0,0,73.33,9.23,100,5.562,32.563,45.063,53,61.688,61.75,62.625,62.563,62.812,62.875;
1705008314,2.95,0,0,72,9.24,100,5.562,32.5,45.063,53,61.688,61.75,62.625,62.563,62.812,62.812;
1705008316,2.95,0,0,67,9.23,100,5.562,32.375,45.063,53,61.625,61.75,62.625,62.563,62.812,62.812;
1705008318,2.95,0,0,71,9.23,100,5.562,32.313,45.063,53,61.688,61.75,62.625,62.563,62.812,62.812;
1705008320,2.95,0,0,70.67,9.22,100,5.562,32.25,45.063,53,61.688,61.75,62.625,62.563,62.812,62.812;
1705008322,2.95,0,0,71,9.24,100,5.562,32.188,45,52.94,61.625,61.75,62.625,62.563,62.812,62.812;
1705008324,2.95,0,0,70,9.23,100,5.562,32.125,45,53,61.688,61.75,62.625,62.563,62.812,62.812;
1705008326,2.95,0,0,72.33,9.22,100,5.562,32.125,45,52.94,61.688,61.75,62.625,62.563,62.812,62.812;
1705008328,2.95,0,0,70,9.21,100,5.562,32.125,45,53,61.688,61.75,62.625,62.563,62.812,62.812;
1705008330,2.95,0,0,71,9.24,100,5.562,32.125,45,53,61.688,61.75,62.625,62.563,62.812,62.812;
1705008332,2.95,0,0,73.33,9.24,100,5.562,32.125,45,53,61.688,61.75,62.625,62.563,62.812,62.812;
1705008334,2.95,0,0,66.67,9.24,100,5.562,32.125,45,53,61.688,61.75,62.625,62.563,62.812,62.812;
1705008336,2.95,0,0,69,9.23,100,5.562,32.125,45,53,61.688,61.75,62.625,62.563,62.812,62.812;
1705008338,2.95,0,0,69,9.23,100,5.562,32.125,45,53,61.688,61.75,62.625,62.563,62.812,62.812;
1705008340,2.95,0,0,70.33,9.24,100,5.562,32.125,45,53,61.688,61.75,62.625,62.563,62.812,62.875;
1705008342,2.95,0,0,70.33,9.24,100,5.625,32.125,45.063,53,61.688,61.75,62.625,62.563,62.812,62.812;
1705008344,2.95,0,0,71,9.23,100,5.562,32.125,45.063,53,61.688,61.75,62.625,62.563,62.812,62.812;
1705008345,2.95,0,0,71.67,9.24,100,5.625,32.125,45.063,53,61.688,61.75,62.625,62.563,62.812,62.812;
1705008347,2.95,0,0,70,9.24,100,5.625,32.125,45.063,53,61.688,61.75,62.625,62.563,62.812,62.812;
1705008349,2.95,0,0,71,9.22,100,5.562,32.188,45.063,53,61.688,61.75,62.625,62.563,62.812,62.812;
1705008351,2.95,0,0,72,9.22,100,5.625,32.188,45.063,53,61.688,61.75,62.625,62.563,62.812,62.812;
1705008353,2.95,0,0,68,9.22,100,5.625,32.25,45.063,53,61.688,61.75,62.625,62.563,62.812,62.812;
1705008355,2.95,0,0,68,9.22,100,5.625,32.25,45.063,53,61.688,61.75,62.625,62.563,62.812,62.812;
1705008357,2.95,0,0,70.33,9.22,100,5.562,32.313,45.063,53,61.688,61.75,62.625,62.563,62.812,62.812;
1705008359,2.95,0,0,69,9.22,100,5.562,32.313,45.063,53,61.688,61.75,62.625,62.563,62.812,62.812;
1705008361,2.95,0,0,72.67,9.22,100,5.625,32.313,45.063,53,61.688,61.75,62.625,62.563,62.812,62.875;
1705008363,2.95,0,0,69.67,9.22,100,5.562,32.313,45.063,53,61.688,61.75,62.625,62.563,62.812,62.875;
1705008365,2.95,0,0,70.67,9.23,100,5.625,32.313,45.063,53,61.688,61.75,62.625,62.563,62.812,62.812;
1705008367,2.95,0,0,66.33,9.22,100,5.625,32.25,45.063,53,61.688,61.75,62.625,62.563,62.812,62.812;
1705008369,2.95,0,0,65.67,9.19,100,5.625,32.313,45.063,53,61.688,61.75,62.625,62.563,62.812,62.812;
1705008371,2.95,0,0,68.33,9.21,100,5.625,32.25,45.063,52.94,61.688,61.75,62.625,62.563,62.812,62.812;
1705008373,2.95,0,0,68,9.22,100,5.625,32.25,45,53,61.688,61.75,62.625,62.563,62.812,62.812;
1705008375,2.95,0,0,69.67,9.23,100,5.562,32.25,45,52.94,61.688,61.75,62.625,62.563,62.812,62.875;
1705008377,2.95,0,0,70,9.23,100,5.625,32.25,45,52.94,61.688,61.75,62.625,62.563,62.812,62.812;
1705008379,2.95,0,0,72.33,9.21,100,5.625,32.25,45,52.94,61.688,61.75,62.625,62.563,62.812,62.812;
1705008381,2.95,0,0,69,9.2,100,5.625,32.188,45,52.94,61.625,61.75,62.625,62.563,62.812,62.812;
1705008383,2.95,0,0,70,9.21,100,5.625,32.188,45,52.94,61.688,61.75,62.625,62.563,62.812,62.812;
1705008385,2.95,0,0,68.67,9.23,100,5.625,32.188,44.938,52.94,61.688,61.75,62.625,62.563,62.812,62.812;
1705008387,2.95,0,0,67,9.21,100,5.625,32.188,45,52.94,61.688,61.75,62.625,62.563,62.812,62.812;
1705008389,2.95,0,0,70,9.21,100,5.625,32.188,44.938,52.94,61.688,61.75,62.625,62.563,62.812,62.875;
1705008391,2.95,0,0,72.33,9.21,100,5.625,32.25,44.938,53,61.688,61.75,62.625,62.563,62.812,62.812;
1705008393,2.95,0,0,71.67,9.22,100,5.625,32.188,44.938,52.94,61.688,61.75,62.625,62.563,62.812,62.875;
1705008394,2.95,0,0,68.33,9.23,100,5.625,32.25,44.938,52.94,61.688,61.75,62.625,62.563,62.812,62.812;
1705008396,2.95,0,0,69.67,9.21,100,5.625,32.188,44.938,52.94,61.688,61.75,62.625,62.563,62.812,62.812;
1705008398,2.95,0,0,70.33,9.21,100,5.625,32.188,44.938,52.94,61.688,61.75,62.625,62.563,62.812,62.875;
1705008400,2.95,0,0,70,9.21,100,5.625,32.125,44.938,52.94,61.688,61.75,62.625,62.563,62.812,62.812;
1705008402,2.95,0,0,69,9.2,100,5.625,32.125,44.938,52.94,61.688,61.75,62.625,62.563,62.812,62.812;
1705008404,2.95,0,0,71,9.21,100,5.625,32.125,44.875,52.94,61.688,61.75,62.625,62.563,62.812,62.875;
1705008406,2.95,0,0,70,9.18,100,5.625,32.063,44.875,52.94,61.688,61.75,62.625,62.563,62.812,62.812;
1705008408,2.95,0,0,69.33,9.18,100,5.625,32.063,44.875,52.94,61.688,61.75,62.625,62.563,62.812,62.812;
1705008410,2.95,0,0,71.33,9.2,100,5.625,32.063,44.938,52.94,61.688,61.75,62.625,62.563,62.812,62.812;
1705008412,2.95,0,0,67.33,9.19,100,5.625,32.063,44.875,52.94,61.688,61.75,62.625,62.563,62.812,62.875;
1705008414,2.95,0,0,70.33,9.19,100,5.625,32.063,44.938,52.94,61.688,61.75,62.625,62.563,62.812,62.812;
1705008416,2.95,0,0,71.67,9.18,100,5.625,32.063,44.938,52.94,61.688,61.75,62.625,62.563,62.812,62.812;
1705008418,2.95,0,0,66,9.18,100,5.625,32.063,44.875,52.94,61.688,61.75,62.625,62.563,62.812,62.812;
1705008420,2.95,0,0,70.33,9.18,100,5.625,32.125,44.875,52.94,61.688,61.75,62.625,62.563,62.812,62.812;
1705008422,2.95,0,0,67.67,9.17,100,5.625,32.125,44.875,52.94,61.688,61.75,62.625,62.563,62.812,62.812;
1705008424,2.95,0,0,70.33,9.2,100,5.625,32.125,44.875,52.94,61.688,61.75,62.625,62.563,62.812,62.875;
1705008426,2.95,0,0,70,9.17,100,5.625,32.188,44.875,52.88,61.688,61.75,62.625,62.563,62.812,62.812;
1705008428,2.95,0,0,72,9.18,100,5.625,32.188,44.875,52.88,61.688,61.75,62.625,62.563,62.812,62.812;
1705008430,2.95,0,0,68.33,9.18,100,5.625,32.25,44.938,52.94,61.688,61.75,62.625,62.563,62.812,62.812;
1705008432,2.95,0,0,69,9.19,100,5.625,32.313,44.875,52.88,61.688,61.75,62.625,62.563,62.812,62.812;
1705008434,2.95,0,0,69.33,9.17,100,5.625,32.375,44.938,52.88,61.688,61.75,62.625,62.563,62.812,62.812;
1705008436,2.95,0,0,71.33,9.17,100,5.625,32.375,44.938,52.88,61.688,61.75,62.625,62.563,62.812,62.812;
1705008438,2.95,0,0,72.67,9.18,100,5.625,32.438,44.938,52.88,61.688,61.75,62.625,62.563,62.812,62.812;
1705008440,2.95,0,0,73,9.16,100,5.625,32.5,44.938,52.88,61.688,61.75,62.625,62.563,62.812,62.812;
1705008442,2.95,0,0,68,9.17,100,5.625,32.563,44.938,52.88,61.688,61.75,62.625,62.563,62.812,62.875;
1705008443,2.95,0,0,71.33,9.17,100,5.625,32.625,44.875,52.88,61.688,61.75,62.625,62.563,62.812,62.875;
1705008445,2.95,0,0,71.33,9.18,100,5.625,32.625,44.875,52.88,61.688,61.75,62.625,62.563,62.812,62.812;
1705008447,2.95,0,0,71,9.16,100,5.625,32.625,44.875,52.88,61.688,61.75,62.625,62.563,62.812,62.812;
1705008449,2.95,0,0,72.67,9.15,100,5.625,32.625,44.875,52.88,61.688,61.75,62.625,62.563,62.812,62.812;
1705008451,2.95,0,0,69.33,9.15,100,5.625,32.625,44.875,52.88,61.688,61.75,62.625,62.563,62.812,62.812;
1705008453,2.95,0,0,66.33,9.17,100,5.625,32.625,44.875,52.88,61.688,61.75,62.625,62.563,62.812,62.812;
1705008455,2.95,0,0,69,9.15,100,5.562,32.625,44.875,52.88,61.688,61.75,62.625,62.563,62.812,62.812;
1705008457,2.95,0,0,73,9.17,100,5.625,32.625,44.875,52.88,61.688,61.75,62.625,62.563,62.812,62.812;
1705008459,2.95,0,0,67.67,9.17,100,5.625,32.625,44.875,52.88,61.688,61.75,62.625,62.563,62.812,62.812;
1705008461,2.95,0,0,70.67,9.16,100,5.625,32.625,44.875,52.88,61.688,61.75,62.625,62.563,62.812,62.812;
1705008463,2.95,0,0,68.67,9.16,100,5.625,32.625,44.875,52.88,61.688,61.75,62.563,62.563,62.812,62.812;
1705008465,2.95,0,0,68.33,9.15,100,5.625,32.563,44.813,52.88,61.688,61.75,62.625,62.563,62.812,62.875;
1705008467,2.95,0,0,70,9.15,100,5.562,32.563,44.813,52.88,61.688,61.75,62.625,62.563,62.812,62.812;
1705008469,2.95,0,0,70,9.17,100,5.625,32.5,44.813,52.88,61.688,61.75,62.625,62.563,62.812,62.812;
1705008471,2.95,0,0,69.33,9.16,100,5.625,32.5,44.813,52.88,61.688,61.75,62.625,62.563,62.812,62.812;
1705008473,2.95,0,0,67.67,9.16,100,5.625,32.375,44.813,52.88,61.688,61.75,62.625,62.563,62.812,62.812;
1705008475,2.95,0,0,67.67,9.16,100,5.625,32.313,44.813,52.88,61.688,61.75,62.625,62.563,62.812,62.812;
1705008477,2.95,0,0,73.67,9.17,100,5.625,32.188,44.813,52.88,61.688,61.75,62.625,62.563,62.812,62.812;
1705008479,2.95,0,0,70.67,9.16,100,5.625,32.125,44.813,52.88,61.688,61.75,62.625,62.563,62.812,62.875;
1705008481,2.95,0,0,68.67,9.15,100,5.625,32,44.75,52.88,61.688,61.75,62.625,62.563,62.812,62.812;
1705008483,2.95,0,0,69.33,9.17,100,5.625,31.875,44.75,52.88,61.688,61.75,62.625,62.563,62.812,62.812;
1705008485,2.95,0,0,69.67,9.17,100,5.625,31.812,44.75,52.88,61.688,61.75,62.625,62.563,62.812,62.812;
1705008487,2.95,0,0,70.67,9.14,100,5.625,31.688,44.75,52.88,61.688,61.75,62.625,62.563,62.812,62.812;
1705008489,2.95,0,0,71,9.15,100,5.625,31.562,44.75,52.88,61.688,61.75,62.625,62.563,62.812,62.812;
1705008491,2.95,0,0,70.33,9.13,100,5.562,31.437,44.75,52.88,61.688,61.75,62.625,62.563,62.812,62.812;
1705008492,2.95,0,0,73.67,9.14,100,5.625,31.375,44.75,52.88,61.688,61.75,62.625,62.563,62.812,62.812;
1705008494,2.95,0,0,70,9.13,100,5.562,31.25,44.687,52.81,61.688,61.75,62.625,62.563,62.812,62.812;
1705008496,2.95,0,0,70,9.13,100,5.625,31.125,44.687,52.88,61.688,61.75,62.625,62.563,62.812,62.812;
1705008498,2.95,0,0,70,9.13,100,5.625,31,44.687,52.88,61.688,61.75,62.625,62.563,62.812,62.812;
1705008500,2.95,0,0,72,9.15,100,5.625,30.937,44.687,52.88,61.688,61.75,62.625,62.563,62.812,62.812;
1705008502,2.95,0,0,69.33,9.13,100,5.625,30.812,44.687,52.88,61.688,61.75,62.625,62.563,62.812,62.812;
1705008504,2.95,0,0,72.67,9.14,100,5.625,30.75,44.687,52.81,61.688,61.75,62.625,62.563,62.812,62.812;
1705008506,2.95,0,0,69.67,9.13,100,5.625,30.687,44.687,52.81,61.688,61.75,62.625,62.563,62.812,62.812;
1705008508,2.95,0,0,69.33,9.15,100,5.562,30.625,44.687,52.88,61.688,61.75,62.625,62.563,62.812,62.812;
1705008510,2.95,0,0,67.33,9.13,100,5.625,30.625,44.687,52.88,61.688,61.75,62.625,62.563,62.812,62.812;
1705008512,2.95,0,0,70.67,9.12,100,5.562,30.562,44.687,52.88,61.688,61.75,62.625,62.563,62.812,62.875;
1705008514,2.95,0,0,68.33,9.14,100,5.562,30.562,44.687,52.81,61.688,61.75,62.625,62.563,62.812,62.812;
1705008516,2.95,0,0,70.33,9.12,100,5.562,30.562,44.687,52.81,61.688,61.75,62.625,62.563,62.812,62.875;
1705008518,2.95,0,0,69.33,9.14,100,5.562,30.5,44.687,52.81,61.688,61.75,62.625,62.563,62.812,62.812;
1705008520,2.95,0,0,68,9.13,100,5.562,30.5,44.687,52.81,61.688,61.75,62.625,62.563,62.812,62.875;
1705008522,2.95,0,0,71.67,9.13,100,5.625,30.562,44.687,52.81,61.688,61.75,62.625,62.563,62.812,62.875;
1705008524,2.95,0,0,69,9.13,100,5.562,30.562,44.687,52.81,61.688,61.75,62.625,62.563,62.812,62.812;
1705008526,2.95,0,0,71,9.13,100,5.562,30.562,44.687,52.81,61.688,61.75,62.625,62.563,62.812,62.812;
1705008528,2.95,0,0,71.67,9.13,100,5.562,30.625,44.687,52.81,61.688,61.75,62.625,62.563,62.75,62.875;
1705008530,2.95,0,0,69,9.12,100,5.562,30.625,44.687,52.81,61.688,61.75,62.625,62.563,62.812,62.875;
1705008532,2.95,0,0,69,9.13,100,5.562,30.687,44.687,52.81,61.625,61.75,62.625,62.563,62.812,62.812;
1705008534,2.95,0,0,71.67,9.12,100,5.562,30.75,44.687,52.81,61.688,61.75,62.625,62.563,62.812,62.812;
1705008536,2.95,0,0,67.67,9.11,100,5.562,30.75,44.687,52.81,61.688,61.75,62.625,62.563,62.812,62.812;
1705008538,2.95,0,0,68.67,9.12,100,5.562,30.75,44.687,52.81,61.688,61.75,62.625,62.563,62.812,62.812;
1705008540,2.95,0,0,72,9.11,100,5.562,30.75,44.687,52.81,61.688,61.75,62.625,62.563,62.812,62.812;
1705008542,2.95,0,0,71,9.1,100,5.562,30.75,44.625,52.81,61.688,61.75,62.625,62.563,62.812,62.812;
1705008543,2.95,0,0,70.67,9.11,100,5.562,30.75,44.625,52.81,61.688,61.75,62.625,62.563,62.812,62.812;
1705008545,2.95,0,0,68.33,9.11,100,5.562,30.75,44.625,52.81,61.688,61.75,62.625,62.563,62.812,62.812;
1705008547,2.95,0,0,71.33,9.11,100,5.562,30.75,44.625,52.81,61.688,61.75,62.625,62.563,62.812,62.812;
1705008549,2.95,0,0,67.67,9.09,100,5.562,30.687,44.625,52.81,61.688,61.75,62.625,62.563,62.812,62.812;
1705008551,2.95,0,0,68.33,9.08,100,5.562,30.687,44.625,52.81,61.688,61.75,62.625,62.563,62.812,62.812;
1705008553,2.95,0,0,69.67,9.11,100,5.562,30.625,44.625,52.81,61.688,61.75,62.625,62.563,62.812,62.812;
1705008555,2.95,0,0,71.33,9.08,100,5.562,30.625,44.625,52.81,61.688,61.75,62.625,62.563,62.812,62.812;
1705008557,2.95,0,0,70.33,9.1,100,5.562,30.562,44.625,52.81,61.688,61.75,62.625,62.563,62.812,62.812;
1705008559,2.95,0,0,71,9.08,100,5.562,30.562,44.625,52.81,61.688,61.75,62.625,62.563,62.812,62.812;
1705008561,2.95,0,0,68.33,9.09,100,5.562,30.562,44.625,52.81,61.688,61.75,62.625,62.563,62.812,62.875;
1705008563,2.95,0,0,69.33,9.09,100,5.562,30.5,44.563,52.81,61.688,61.75,62.625,62.563,62.812,62.812;
1705008565,2.95,0,0,72.33,9.08,100,5.562,30.5,44.563,52.81,61.688,61.75,62.625,62.563,62.812,62.812;
1705008567,2.95,0,0,69.67,9.09,100,5.562,30.438,44.563,52.81,61.688,61.75,62.625,62.563,62.812,62.812;
1705008569,2.95,0,0,70,9.08,100,5.562,30.375,44.563,52.75,61.688,61.75,62.625,62.563,62.812,62.812;
1705008571,2.95,0,0,67.67,9.07,100,5.562,30.375,44.563,52.81,61.688,61.75,62.625,62.563,62.812,62.812;
1705008573,2.95,0,0,69,9.06,100,5.562,30.312,44.563,52.81,61.688,61.75,62.625,62.563,62.812,62.812;
1705008575,2.95,0,0,71,9.08,100,5.562,30.25,44.563,52.75,61.688,61.75,62.625,62.563,62.812,62.812;
1705008577,2.95,0,0,68,9.08,100,5.562,30.187,44.563,52.75,61.688,61.75,62.625,62.563,62.812,62.812;
1705008579,2.95,0,0,69.67,9.08,100,5.562,30.187,44.5,52.75,61.688,61.75,62.625,62.563,62.812,62.812;
1705008581,2.95,0,0,66.33,9.08,100,5.562,30.125,44.5,52.75,61.688,61.75,62.625,62.563,62.812,62.812;
1705008583,2.95,0,0,67.67,9.08,100,5.562,30.062,44.5,52.81,61.688,61.75,62.625,62.563,62.812,62.812;
1705008585,2.95,0,0,67.67,9.09,100,5.562,30.062,44.5,52.75,61.688,61.75,62.625,62.563,62.812,62.812;
1705008587,2.95,0,0,70.33,9.07,100,5.562,30,44.5,52.75,61.688,61.75,62.625,62.563,62.812,62.812;
1705008589,2.95,0,0,68.67,9.08,100,5.562,30,44.5,52.75,61.688,61.75,62.625,62.563,62.812,62.812;
1705008591,2.95,0,0,67.67,9.08,100,5.562,29.937,44.5,52.75,61.688,61.75,62.625,62.563,62.812,62.812;
1705008592,2.95,0,0,70,9.08,100,5.562,29.875,44.5,52.75,61.688,61.75,62.625,62.563,62.812,62.812;
1705008594,2.95,0,0,68.67,9.06,100,5.562,29.813,44.5,52.75,61.688,61.75,62.625,62.563,62.812,62.812;
1705008596,2.95,0,0,70,9.07,100,5.562,29.813,44.438,52.75,61.688,61.75,62.625,62.563,62.812,62.812;
1705008598,2.95,0,0,73.67,9.06,100,5.562,29.813,44.438,52.75,61.688,61.75,62.625,62.563,62.812,62.812;
1705008600,2.95,0,0,69,9.06,100,5.562,29.75,44.438,52.75,61.688,61.75,62.625,62.563,62.812,62.812;
1705008602,2.95,0,0,67.67,9.07,100,5.562,29.687,44.438,52.75,61.688,61.75,62.625,62.563,62.812,62.812;
1705008604,2.95,0,0,68.33,9.05,100,5.562,29.625,44.438,52.75,61.688,61.75,62.625,62.563,62.812,62.812;
1705008606,2.95,0,0,70.33,9.04,100,5.562,29.562,44.438,52.75,61.688,61.75,62.625,62.563,62.812,62.812;
1705008608,2.95,0,0,69.67,9.06,100,5.562,29.562,44.438,52.75,61.688,61.75,62.625,62.563,62.812,62.812;
1705008610,2.95,0,0,69.67,9.06,100,5.562,29.5,44.375,52.75,61.688,61.75,62.625,62.563,62.812,62.812;
1705008612,2.95,0,0,70.67,9.06,100,5.562,29.437,44.375,52.75,61.688,61.75,62.625,62.563,62.812,62.812;
1705008614,2.95,0,0,69.67,9.06,100,5.562,29.375,44.375,52.75,61.688,61.75,62.625,62.563,62.812,62.812;
1705008616,2.94,0,0,70.67,9.06,100,5.562,29.25,44.375,52.75,61.688,61.75,62.625,62.563,62.812,62.812;
1705008618,2.95,0,0,71,9.05,100,5.562,29.188,44.375,52.75,61.688,61.75,62.625,62.563,62.812,62.812;
1705008620,2.95,0,0,69,9.05,100,5.562,29.125,44.375,52.75,61.688,61.75,62.625,62.563,62.812,62.812;
1705008622,2.95,0,0,69.67,9.05,100,5.562,29.062,44.313,52.75,61.688,61.75,62.625,62.563,62.812,62.812;
1705008624,2.95,0,0,69.67,9.06,100,5.562,29,44.313,52.75,61.688,61.75,62.625,62.563,62.812,62.812;
1705008626,2.95,0,0,71,9.05,100,5.562,28.875,44.313,52.69,61.688,61.75,62.625,62.563,62.812,62.812;
1705008628,2.95,0,0,69.33,9.06,100,5.562,28.812,44.313,52.75,61.688,61.75,62.625,62.563,62.812,62.812;
1705008630,2.95,0,0,68.33,9.04,100,5.562,28.687,44.313,52.75,61.625,61.75,62.625,62.563,62.812,62.875;
1705008632,2.95,0,0,68.33,9.02,100,5.562,28.625,44.313,52.69,61.688,61.75,62.625,62.563,62.812,62.812;
1705008634,2.95,0,0,66.33,9.04,100,5.562,28.563,44.25,52.69,61.688,61.75,62.625,62.563,62.812,62.812;
1705008636,2.94,0,0,67.67,9.04,100,5.562,28.437,44.25,52.69,61.688,61.75,62.625,62.563,62.812,62.812;
1705008638,2.95,0,0,66.67,9.04,100,5.562,28.375,44.25,52.69,61.688,61.75,62.625,62.563,62.812,62.812;
1705008640,2.94,0,0,67.67,9.02,100,5.562,28.312,44.25,52.69,61.688,61.75,62.625,62.563,62.812,62.812;
1705008641,2.95,0,0,71,9.02,100,5.5,28.25,44.25,52.69,61.688,61.75,62.625,62.563,62.812,62.875;
1705008643,2.94,0,0,69.33,9.03,100,5.5,28.187,44.25,52.69,61.688,61.75,62.625,62.563,62.812,62.812;
1705008645,2.94,0,0,69.33,9.02,100,5.5,28.125,44.25,52.69,61.688,61.75,62.625,62.563,62.812,62.812;
1705008647,2.95,0,0,70.67,9.02,100,5.5,28.062,44.25,52.69,61.688,61.75,62.625,62.563,62.812,62.812;
1705008649,2.95,0,0,68.67,9.02,100,5.5,28.062,44.25,52.69,61.688,61.75,62.625,62.563,62.812,62.875;
1705008651,2.94,0,0,70,9,100,5.5,28,44.25,52.69,61.688,61.75,62.625,62.563,62.812,62.812;
1705008653,2.95,0,0,67,9,100,5.5,28,44.25,52.69,61.688,61.75,62.625,62.563,62.812,62.812;
1705008655,2.95,0,0,70,8.98,100,5.5,28.062,44.25,52.69,61.688,61.75,62.625,62.563,62.812,62.812;
1705008657,2.95,0,0,70,8.99,100,5.5,28.062,44.25,52.69,61.688,61.75,62.625,62.563,62.812,62.812;
1705008659,2.94,0,0,71.67,8.99,100,5.5,28.062,44.25,52.69,61.688,61.75,62.625,62.563,62.812,62.812;
1705008661,2.94,0,0,69.33,9,100,5.5,28.062,44.25,52.69,61.688,61.75,62.625,62.563,62.812,62.812;
1705008663,2.94,0,0,70.33,8.99,100,5.5,28.062,44.25,52.69,61.688,61.75,62.625,62.563,62.812,62.812;
1705008665,2.94,0,0,69.67,8.98,100,5.5,28.062,44.188,52.69,61.688,61.75,62.625,62.563,62.812,62.812;
1705008667,2.94,0,0,71.67,9,100,5.5,28.062,44.188,52.69,61.688,61.75,62.625,62.563,62.812,62.812;
1705008669,2.95,0,0,69.67,9,100,5.5,28,44.188,52.69,61.688,61.75,62.625,62.563,62.812,62.812;
1705008671,2.94,0,0,67,8.98,100,5.5,28,44.188,52.69,61.688,61.75,62.625,62.563,62.812,62.812;
1705008673,2.94,0,0,70.33,8.99,100,5.5,28,44.188,52.63,61.688,61.75,62.625,62.563,62.812,62.812;
1705008675,2.95,0,0,70.33,8.97,100,5.5,28,44.188,52.69,61.688,61.75,62.625,62.563,62.812,62.812;
1705008677,2.94,0,0,69.33,8.99,100,5.5,27.938,44.188,52.63,61.688,61.75,62.625,62.563,62.812,62.812;
1705008679,2.94,0,0,67.33,8.96,100,5.5,27.938,44.188,52.69,61.688,61.75,62.625,62.563,62.812,62.812;
1705008681,2.94,0,0,65.33,8.97,100,5.5,27.938,44.188,52.69,61.688,61.75,62.625,62.563,62.812,62.812;
1705008683,2.94,0,0,68.33,8.97,100,5.5,28,44.188,52.63,61.688,61.75,62.625,62.563,62.812,62.812;
1705008685,2.95,0,0,71.33,8.97,100,5.5,28,44.188,52.63,61.688,61.75,62.625,62.563,62.812,62.812;
1705008687,2.94,0,0,71,8.96,100,5.5,28.062,44.188,52.63,61.688,61.75,62.625,62.563,62.812,62.812;
1705008689,2.94,0,0,69.67,8.97,100,5.5,28.125,44.188,52.63,61.688,61.75,62.625,62.563,62.812,62.812;
1705008690,2.94,0,0,67.67,8.97,100,5.5,28.125,44.188,52.63,61.688,61.75,62.625,62.563,62.812,62.875;
1705008692,2.94,0,0,67,8.97,100,5.5,28.187,44.188,52.63,61.688,61.75,62.625,62.563,62.812,62.875;
1705008694,2.94,0,0,70.67,8.94,100,5.5,28.25,44.188,52.63,61.688,61.75,62.625,62.563,62.812,62.812;
1705008696,2.94,0,0,71.33,8.95,100,5.5,28.25,44.188,52.63,61.688,61.75,62.625,62.563,62.812,62.812;
1705008698,2.94,0,0,71.33,8.94,100,5.5,28.312,44.188,52.63,61.688,61.75,62.625,62.563,62.812,62.812;
1705008700,2.94,0,0,69.67,8.95,100,5.5,28.312,44.25,52.63,61.688,61.75,62.625,62.563,62.812,62.875;
1705008702,2.95,0,0,67.67,8.95,100,5.437,28.375,44.25,52.63,61.625,61.75,62.625,62.563,62.812,62.875;
1705008704,2.94,0,0,67.67,8.95,100,5.5,28.375,44.25,52.63,61.688,61.75,62.625,62.563,62.812,62.812;
1705008706,2.94,0,0,69.33,8.94,100,5.5,28.437,44.25,52.69,61.688,61.75,62.625,62.563,62.812,62.812;
1705008708,2.94,0,0,70.33,8.95,100,5.437,28.5,44.25,52.63,61.688,61.75,62.625,62.563,62.812,62.812;
1705008710,2.94,0,0,66.67,8.92,100,5.437,28.563,44.313,52.69,61.688,61.75,62.625,62.563,62.812,62.812;
1705008712,2.95,0,0,67,8.94,100,5.437,28.625,44.313,52.69,61.688,61.75,62.625,62.563,62.812,62.812;
1705008714,2.94,0,0,67,8.94,100,5.437,28.687,44.375,52.69,61.688,61.75,62.625,62.563,62.812,62.812;
1705008716,2.94,0,0,68.67,8.93,100,5.437,28.812,44.375,52.69,61.688,61.75,62.625,62.563,62.812,62.812;
1705008718,2.94,0,0,68,8.94,100,5.437,28.875,44.375,52.69,61.688,61.75,62.625,62.563,62.812,62.812;
1705008720,2.95,0,0,68.33,8.92,100,5.437,28.937,44.375,52.69,61.688,61.75,62.625,62.563,62.812,62.875;
1705008722,2.95,0,0,69.33,8.91,100,5.437,29,44.375,52.69,61.688,61.75,62.625,62.563,62.812,62.812;
1705008724,2.94,0,0,67.33,8.91,100,5.437,29.062,44.375,52.69,61.688,61.75,62.625,62.563,62.812,62.812;
1705008726,2.94,0,0,72.67,8.91,100,5.437,29.125,44.375,52.69,61.688,61.75,62.625,62.563,62.812,62.812;
1705008728,2.94,0,0,69.33,8.91,100,5.437,29.188,44.375,52.63,61.688,61.75,62.625,62.563,62.812,62.812;
1705008730,2.94,0,0,68.33,8.9,100,5.437,29.188,44.375,52.69,61.688,61.75,62.625,62.563,62.812,62.812;
1705008732,2.94,0,0,67.33,8.9,100,5.437,29.25,44.375,52.63,61.688,61.75,62.625,62.563,62.812,62.812;
1705008734,2.94,0,0,71,8.89,100,5.437,29.25,44.375,52.69,61.688,61.75,62.625,62.563,62.812,62.812;
1705008736,2.94,0,0,66.33,8.9,100,5.437,29.25,44.313,52.69,61.688,61.75,62.625,62.563,62.75,62.812;
1705008738,2.94,0,0,66.33,8.89,100,5.437,29.25,44.313,52.69,61.688,61.75,62.625,62.563,62.812,62.812;
1705008740,2.94,0,0,68.33,8.9,100,5.437,29.25,44.313,52.63,61.688,61.75,62.625,62.563,62.812,62.812;
1705008741,2.94,0,0,66.33,8.91,100,5.437,29.25,44.313,52.63,61.688,61.75,62.625,62.563,62.812,62.812;
1705008743,2.94,0,0,69.33,8.89,100,5.437,29.25,44.313,52.69,61.688,61.75,62.625,62.563,62.812,62.812;
1705008745,2.94,0,0,69.67,8.9,100,5.437,29.25,44.313,52.69,61.688,61.75,62.625,62.563,62.812,62.812;
1705008747,2.94,0,0,67.67,8.89,100,5.437,29.25,44.313,52.69,61.688,61.75,62.625,62.563,62.812,62.812;
1705008749,2.94,0,0,72,8.88,100,5.437,29.25,44.313,52.69,61.688,61.75,62.625,62.563,62.812,62.812;
1705008751,2.94,0,0,71.67,8.87,100,5.437,29.188,44.313,52.69,61.688,61.75,62.625,62.563,62.812,62.875;
1705008753,2.94,0,0,69.33,8.88,100,5.437,29.188,44.313,52.69,61.688,61.75,62.625,62.563,62.812,62.875;
1705008755,2.94,0,0,70.33,8.85,100,5.437,29.188,44.313,52.69,61.688,61.75,62.625,62.563,62.812,62.812;
1705008757,2.94,0,0,68.33,8.87,100,5.437,29.188,44.313,52.69,61.688,61.75,62.625,62.563,62.812,62.875;
1705008759,2.94,0,0,67.67,8.86,100,5.437,29.188,44.313,52.69,61.688,61.75,62.625,62.563,62.812,62.812;
1705008761,2.94,0,0,65.67,8.84,100,5.437,29.188,44.375,52.69,61.688,61.75,62.625,62.563,62.812,62.812;
1705008763,2.94,0,0,67.67,8.85,100,5.437,29.188,44.375,52.69,61.688,61.75,62.625,62.563,62.812,62.812;
1705008765,2.94,0,0,68.33,8.84,100,5.437,29.25,44.375,52.69,61.688,61.75,62.625,62.563,62.812,62.812;
1705008767,2.94,0,0,68,8.85,100,5.437,29.25,44.375,52.69,61.688,61.75,62.625,62.563,62.812,62.875;
1705008769,2.94,0,0,68.33,8.85,100,5.437,29.312,44.375,52.69,61.688,61.75,62.625,62.563,62.812,62.812;
1705008771,2.94,0,0,69,8.83,100,5.437,29.312,44.375,52.69,61.688,61.75,62.625,62.563,62.812,62.812;
1705008773,2.94,0,0,68.33,8.85,100,5.437,29.312,44.375,52.69,61.688,61.75,62.625,62.563,62.812,62.812;
1705008775,2.94,0,0,69.67,8.83,100,5.437,29.375,44.375,52.69,61.688,61.75,62.625,62.563,62.812,62.812;
1705008777,2.94,0,0,70,8.82,100,5.437,29.437,44.375,52.69,61.688,61.75,62.625,62.563,62.812,62.812;
1705008779,2.94,0,0,69.67,8.82,100,5.437,29.5,44.375,52.69,61.688,61.75,62.625,62.563,62.812,62.812;
1705008781,2.94,0,0,69.33,8.81,100,5.437,29.562,44.375,52.69,61.688,61.75,62.625,62.563,62.812,62.812;
1705009489,2.95,0,0,75.67,6.59,100,4.937,27.062,43.813,52.38,61.688,61.75,62.625,62.563,62.812,62.875;
1705009491,2.95,0,0,73.33,6.6,100,4.937,27,43.875,52.38,61.688,61.75,62.625,62.563,62.812,62.812;
1705009493,2.95,0,0,78,6.59,100,4.937,27,43.875,52.38,61.688,61.75,62.625,62.563,62.812,62.812;
1705009495,2.95,0,0,72.67,6.58,100,4.937,26.937,43.875,52.38,61.625,61.75,62.625,62.563,62.812,62.812;
1705009497,2.95,0,0,72,6.58,100,4.937,26.937,43.875,52.38,61.625,61.75,62.625,62.563,62.812,62.812;
1705009499,2.95,0,0,75.67,6.6,100,4.937,26.937,43.875,52.38,61.625,61.75,62.625,62.563,62.812,62.812;
1705009501,2.95,0,0,72.67,6.6,100,4.937,26.937,43.875,52.38,61.625,61.75,62.625,62.563,62.812,62.812;
1705009503,2.95,0,0,74.33,6.58,100,4.937,26.937,43.875,52.38,61.625,61.75,62.625,62.563,62.812,62.812;
1705009505,2.95,0,0,73,6.62,100,4.937,26.937,43.875,52.38,61.688,61.75,62.625,62.563,62.812,62.812;
1705009507,2.95,0,0,73.67,6.61,100,4.937,26.937,43.813,52.38,61.625,61.75,62.625,62.563,62.812,62.812;
1705009509,2.95,0,0,71.33,6.61,100,4.937,27,43.813,52.31,61.688,61.75,62.625,62.563,62.812,62.812;
1705009511,2.95,0,0,70.33,6.6,100,4.937,27,43.813,52.38,61.688,61.75,62.625,62.563,62.812,62.812;
1705009513,2.95,0,0,70.33,6.62,100,4.937,27,43.813,52.38,61.625,61.75,62.625,62.563,62.812,62.812;
1705009515,2.95,0,0,72.33,6.62,100,4.937,27,43.813,52.31,61.688,61.75,62.625,62.563,62.812,62.812;
1705009517,2.95,0,0,68,6.63,100,4.937,27,43.813,52.31,61.688,61.75,62.625,62.563,62.812,62.812;
1705009519,2.95,0,0,74,6.62,100,4.937,27,43.813,52.31,61.625,61.75,62.625,62.563,62.812,62.812;
1705009521,2.95,0,0,73.67,6.64,100,4.937,26.937,43.813,52.31,61.688,61.75,62.625,62.563,62.812,62.812;
1705009523,2.95,0,0,69.33,6.64,100,4.937,26.875,43.75,52.31,61.688,61.75,62.625,62.563,62.812,62.812;
1705009525,2.95,0,0,71.33,6.65,100,4.937,26.875,43.75,52.31,61.625,61.75,62.625,62.563,62.812,62.812;
1705009527,2.95,0,0,70.67,6.65,100,4.937,26.812,43.75,52.31,61.688,61.75,62.625,62.563,62.812,62.812;
1705009529,2.95,0,0,67.67,6.64,100,4.937,26.75,43.75,52.31,61.688,61.75,62.625,62.563,62.812,62.812;
1705009531,2.95,0,0,67,6.66,100,4.937,26.688,43.75,52.31,61.688,61.75,62.625,62.563,62.812,62.812;
1705009533,2.95,0,0,69,6.67,100,4.937,26.625,43.75,52.31,61.688,61.75,62.625,62.563,62.812,62.812;
1705009535,2.95,0,0,72.33,6.65,100,4.875,26.562,43.688,52.31,61.688,61.75,62.625,62.563,62.812,62.812;
1705009537,2.95,0,0,68,6.66,100,4.937,26.5,43.75,52.31,61.688,61.75,62.625,62.563,62.812,62.812;
1705009539,2.95,0,0,72,6.67,100,4.937,26.437,43.75,52.31,61.688,61.75,62.625,62.563,62.812,62.812;
1705009541,2.95,0,0,67.67,6.68,100,4.875,26.437,43.75,52.31,61.688,61.75,62.625,62.563,62.812,62.812;
1705009542,2.95,0,0,68.33,6.68,100,4.875,26.375,43.75,52.31,61.688,61.75,62.625,62.563,62.812,62.812;
1705009544,2.95,0,0,71,6.69,100,4.875,26.375,43.75,52.31,61.688,61.75,62.625,62.563,62.812,62.812;
1705009546,2.95,0,0,67.67,6.71,100,4.875,26.312,43.688,52.31,61.688,61.75,62.625,62.563,62.812,62.812;
1705009548,2.95,0,0,69.33,6.72,100,4.875,26.312,43.688,52.31,61.688,61.75,62.625,62.563,62.812,62.812;
1705009550,2.95,0,0,71,6.71,100,4.875,26.312,43.688,52.31,61.688,61.75,62.625,62.563,62.812,62.812;
1705009552,2.95,0,0,71,6.71,100,4.875,26.312,43.688,52.31,61.688,61.75,62.625,62.563,62.812,62.812;
1705009554,2.95,0,0,68.33,6.71,100,4.875,26.312,43.688,52.31,61.688,61.75,62.625,62.563,62.812,62.812;
1705009556,2.95,0,0,68.33,6.72,100,4.875,26.312,43.688,52.25,61.688,61.75,62.625,62.563,62.812,62.812;
1705009558,2.95,0,0,70,6.72,100,4.875,26.312,43.688,52.31,61.688,61.75,62.625,62.563,62.812,62.812;
1705009560,2.95,0,0,65.33,6.75,100,4.875,26.312,43.688,52.31,61.688,61.75,62.625,62.563,62.812,62.812;
1705009562,2.95,0,0,71.67,6.73,100,4.875,26.312,43.688,52.31,61.688,61.75,62.625,62.563,62.812,62.812;
1705009564,2.95,0,0,68,6.75,100,4.875,26.312,43.688,52.31,61.688,61.75,62.625,62.563,62.812,62.812;
1705009566,2.95,0,0,68.67,6.75,100,4.875,26.375,43.688,52.31,61.688,61.75,62.625,62.563,62.812,62.812;
1705009568,2.95,0,0,70,6.75,100,4.875,26.375,43.688,52.31,61.688,61.75,62.625,62.563,62.812,62.812;
1705009570,2.95,0,0,68.33,6.76,100,4.875,26.375,43.688,52.25,61.625,61.75,62.625,62.563,62.812,62.812;
1705009572,2.95,0,0,66,6.77,100,4.875,26.375,43.625,52.25,61.625,61.75,62.625,62.563,62.812,62.812;
1705009574,2.95,0,0,69.67,6.77,100,4.875,26.375,43.688,52.31,61.625,61.75,62.625,62.563,62.812,62.812;
1705009576,2.95,0,0,69,6.78,100,4.875,26.375,43.688,52.31,61.688,61.75,62.625,62.563,62.812,62.812;
1705009578,2.95,0,0,66.33,6.78,100,4.875,26.375,43.625,52.25,61.625,61.75,62.625,62.563,62.812,62.812;
1705009580,2.95,0,0,66.33,6.8,100,4.875,26.375,43.625,52.25,61.625,61.75,62.625,62.563,62.812,62.812;
1705009582,2.95,0,0,67.33,6.79,100,4.875,26.375,43.625,52.25,61.625,61.75,62.625,62.563,62.812,62.812;
1705009584,2.95,0,0,66.33,6.8,100,4.875,26.375,43.625,52.25,61.625,61.75,62.625,62.563,62.812,62.875;
1705009586,2.95,0,0,69,6.8,100,4.875,26.312,43.625,52.25,61.625,61.75,62.625,62.563,62.812,62.812;
1705009588,2.95,0,0,69.67,6.81,100,4.875,26.312,43.625,52.25,61.688,61.75,62.625,62.563,62.812,62.812;
1705009590,2.95,0,0,68.33,6.82,100,4.875,26.312,43.625,52.25,61.688,61.75,62.625,62.563,62.812,62.812;
1705009591,2.95,0,0,66.33,6.85,100,4.875,26.25,43.625,52.25,61.688,61.75,62.625,62.563,62.812,62.812;
1705009593,2.95,0,0,66.33,6.84,100,4.875,26.25,43.625,52.25,61.688,61.75,62.625,62.563,62.812,62.812;
1705009595,2.95,0,0,67.67,6.83,100,4.812,26.25,43.625,52.25,61.688,61.75,62.625,62.563,62.812,62.812;
1705009597,2.95,0,0,70.67,6.83,100,4.875,26.25,43.625,52.25,61.688,61.75,62.625,62.563,62.812,62.812;
1705009599,2.95,0,0,67.67,6.85,100,4.812,26.25,43.625,52.25,61.625,61.75,62.625,62.563,62.812,62.812;
1705009601,2.95,0,0,68,6.86,100,4.812,26.25,43.625,52.25,61.625,61.75,62.625,62.563,62.812,62.875;
1705009603,2.95,0,0,67.67,6.84,100,4.812,26.25,43.625,52.25,61.688,61.75,62.625,62.563,62.812,62.812;
1705009605,2.95,0,0,68.33,6.86,100,4.812,26.312,43.625,52.25,61.688,61.75,62.625,62.563,62.812,62.812;
1705009607,2.95,0,0,67.33,6.85,100,4.812,26.312,43.625,52.25,61.688,61.75,62.625,62.563,62.812,62.812;
1705009609,2.95,0,0,68.33,6.86,100,4.812,26.312,43.625,52.25,61.688,61.75,62.625,62.563,62.812,62.875;
1705009611,2.95,0,0,67.33,6.87,100,4.812,26.312,43.625,52.25,61.625,61.75,62.625,62.563,62.812,62.812;
1705009613,2.95,0,0,66.67,6.86,100,4.812,26.312,43.625,52.25,61.688,61.75,62.563,62.563,62.812,62.812;
1705009615,2.95,0,0,67.67,6.87,100,4.812,26.312,43.625,52.25,61.688,61.75,62.625,62.563,62.812,62.875;
1705009617,2.95,0,0,67.67,6.87,100,4.812,26.312,43.625,52.25,61.688,61.75,62.625,62.563,62.812,62.812;
1705009619,2.95,0,0,65,6.87,100,4.812,26.312,43.625,52.25,61.625,61.75,62.625,62.563,62.812,62.812;
1705009621,2.95,0,0,68.33,6.88,100,4.812,26.375,43.625,52.25,61.625,61.75,62.625,62.563,62.812,62.875;
1705009623,2.95,0,0,68,6.9,100,4.812,26.375,43.625,52.25,61.625,61.75,62.625,62.563,62.812,62.875;
1705009625,2.95,0,0,66,6.88,100,4.812,26.375,43.625,52.25,61.688,61.75,62.625,62.563,62.812,62.875;
1705009627,2.95,0,0,68.67,6.89,100,4.812,26.375,43.625,52.25,61.625,61.75,62.625,62.563,62.812,62.812;
1705009629,2.95,0,0,66.67,6.9,100,4.812,26.375,43.625,52.25,61.625,61.75,62.625,62.563,62.812,62.812;
1705009631,2.95,0,0,70,6.89,100,4.812,26.375,43.625,52.25,61.625,61.75,62.625,62.563,62.812,62.812;
1705009633,2.95,0,0,66.67,6.91,100,4.812,26.375,43.625,52.25,61.688,61.75,62.625,62.563,62.812,62.812;
1705009635,2.95,0,0,69.33,6.91,100,4.812,26.375,43.625,52.19,61.688,61.75,62.625,62.563,62.812,62.812;
1705009637,2.95,0,0,68.67,6.91,100,4.812,26.375,43.625,52.25,61.625,61.75,62.625,62.563,62.812,62.812;
1705009639,2.95,0,0,67.33,6.91,100,4.812,26.375,43.625,52.25,61.625,61.75,62.625,62.563,62.812,62.812;
1705009640,2.95,0,0,67,6.9,100,4.812,26.437,43.625,52.19,61.688,61.75,62.625,62.563,62.812,62.812;
1705009642,2.95,0,0,69,6.91,100,4.812,26.437,43.625,52.25,61.688,61.75,62.625,62.563,62.812,62.875;
1705009644,2.95,0,0,67,6.91,100,4.812,26.437,43.625,52.25,61.688,61.75,62.625,62.563,62.812,62.812;
1705009646,2.95,0,0,68.67,6.93,100,4.812,26.437,43.625,52.19,61.688,61.75,62.625,62.563,62.812,62.875;
1705009648,2.95,0,0,66.33,6.93,100,4.812,26.437,43.625,52.19,61.688,61.75,62.625,62.563,62.812,62.812;
1705009650,2.95,0,0,67.67,6.93,100,4.812,26.437,43.625,52.25,61.688,61.75,62.625,62.563,62.812,62.812;
1705009652,2.95,0,0,64.67,6.91,100,4.75,26.437,43.625,52.19,61.688,61.75,62.625,62.563,62.812,62.875;
1705009654,2.95,0,0,69,6.93,100,4.75,26.437,43.625,52.25,61.688,61.75,62.625,62.563,62.812,62.812;
1705009656,2.95,0,0,68,6.92,100,4.812,26.437,43.625,52.25,61.688,61.75,62.625,62.563,62.812,62.812;
1705009658,2.95,0,0,66.67,6.93,100,4.75,26.437,43.625,52.19,61.688,61.75,62.625,62.563,62.812,62.812;
1705009660,2.95,0,0,70.33,6.95,100,4.75,26.437,43.625,52.19,61.688,61.75,62.625,62.563,62.812,62.812;
1705009662,2.95,0,0,67.33,6.95,100,4.75,26.5,43.625,52.25,61.688,61.75,62.625,62.563,62.812,62.875;
1705009664,2.95,0,0,66,6.93,100,4.75,26.5,43.625,52.25,61.688,61.75,62.625,62.563,62.812,62.812;
1705009666,2.95,0,0,70.33,6.94,100,4.75,26.5,43.625,52.19,61.688,61.75,62.625,62.563,62.812,62.812;
1705009668,2.95,0,0,71.33,6.93,100,4.75,26.5,43.625,52.25,61.625,61.75,62.625,62.563,62.812,62.812;
1705009670,2.94,0,0,70,6.95,100,4.75,26.5,43.625,52.25,61.688,61.75,62.625,62.563,62.812,62.812;
1705009672,2.95,0,0,68,6.96,100,4.75,26.5,43.625,52.25,61.688,61.75,62.625,62.563,62.812,62.812;
1705009674,2.95,0,0,66.67,6.95,100,4.75,26.5,43.563,52.25,61.688,61.75,62.625,62.563,62.812,62.812;
1705009676,2.95,0,0,66.67,6.96,100,4.75,26.5,43.625,52.25,61.688,61.75,62.625,62.563,62.812,62.812;
1705009678,2.95,0,0,70.67,6.95,100,4.75,26.437,43.563,52.19,61.688,61.75,62.625,62.563,62.812,62.812;
1705009680,2.95,0,0,68.33,6.98,100,4.75,26.375,43.563,52.19,61.625,61.75,62.625,62.563,62.812,62.812;
1705009682,2.95,0,0,68,6.96,100,4.75,26.375,43.563,52.19,61.688,61.75,62.625,62.563,62.812,62.812;
1705009684,2.95,0,0,71,6.96,100,4.75,26.312,43.563,52.19,61.688,61.75,62.625,62.563,62.812,62.812;
1705009686,2.95,0,0,64,6.97,100,4.75,26.25,43.563,52.19,61.688,61.75,62.625,62.563,62.812,62.812;
1705009688,2.95,0,0,67.67,6.96,100,4.75,26.187,43.563,52.19,61.688,61.75,62.625,62.563,62.812,62.875;
1705009689,2.95,0,0,71.67,6.96,100,4.75,26.125,43.563,52.25,61.625,61.75,62.625,62.563,62.812,62.812;
1705009691,2.95,0,0,68.33,6.94,100,4.75,26.063,43.563,52.19,61.688,61.75,62.625,62.563,62.812,62.812;
1705009693,2.95,0,0,70.67,6.95,100,4.75,26.063,43.563,52.19,61.688,61.75,62.625,62.563,62.812,62.812;
1705009695,2.95,0,0,69.67,6.97,100,4.75,26.063,43.563,52.19,61.688,61.75,62.625,62.563,62.812,62.812;
1705009697,2.95,0,0,67.67,6.95,100,4.75,26,43.563,52.19,61.625,61.75,62.625,62.563,62.812,62.812;
1705009699,2.95,0,0,69.33,6.96,100,4.75,26,43.563,52.19,61.625,61.75,62.625,62.563,62.812,62.812;
1705009701,2.95,0,0,75.67,6.96,100,4.75,26.063,43.563,52.19,61.625,61.75,62.625,62.563,62.812,62.812;
1705009703,2.95,0,0,73,6.97,100,4.75,26.063,43.563,52.19,61.625,61.75,62.625,62.563,62.812,62.812;
1705009705,2.95,0,0,67,6.95,100,4.75,26.063,43.563,52.19,61.688,61.75,62.625,62.563,62.812,62.812;
1705009707,2.95,0,0,68.33,6.94,100,4.75,26.125,43.563,52.19,61.688,61.75,62.625,62.563,62.812,62.812;
1705009709,2.95,0,0,69,6.96,100,4.75,26.125,43.563,52.19,61.688,61.75,62.625,62.563,62.812,62.812;
1705009711,2.95,0,0,69,6.95,100,4.75,26.25,43.563,52.19,61.688,61.75,62.625,62.563,62.812,62.812;
1705009713,2.95,0,0,73.67,6.96,100,4.687,26.312,43.563,52.19,61.688,61.75,62.625,62.563,62.812,62.812;
1705009715,2.95,0,0,70.33,6.96,100,4.687,26.312,43.563,52.19,61.688,61.75,62.625,62.563,62.812,62.812;
1705009717,2.95,0,0,69,6.97,100,4.687,26.437,43.563,52.19,61.688,61.75,62.563,62.563,62.812,62.812;
1705009719,2.94,0,0,71,6.97,100,4.687,26.5,43.563,52.19,61.688,61.75,62.625,62.563,62.812,62.812;
1705009721,2.95,0,0,65.67,6.97,100,4.687,26.5,43.563,52.19,61.688,61.75,62.625,62.563,62.812,62.812;
1705009723,2.95,0,0,68,6.96,100,4.687,26.562,43.563,52.19,61.688,61.75,62.625,62.563,62.812,62.812;
1705009725,2.94,0,0,66.67,6.96,100,4.687,26.625,43.563,52.19,61.625,61.75,62.625,62.563,62.812,62.812;
1705009727,2.94,0,0,72,6.97,100,4.687,26.688,43.563,52.19,61.625,61.75,62.625,62.563,62.812,62.812;
1705009729,2.95,0,0,71,6.96,100,4.687,26.75,43.563,52.19,61.625,61.75,62.625,62.563,62.812,62.812;
1705009731,2.94,0,0,69,6.97,100,4.687,26.75,43.563,52.19,61.625,61.75,62.625,62.563,62.812,62.812;
1705009733,2.95,0,0,71,6.96,100,4.687,26.812,43.563,52.19,61.625,61.75,62.625,62.563,62.812,62.812;
1705009735,2.94,0,0,69,6.97,100,4.687,26.875,43.563,52.19,61.625,61.75,62.625,62.563,62.812,62.812;
1705009737,2.94,0,0,71,6.99,100,4.687,26.875,43.563,52.19,61.625,61.75,62.625,62.563,62.812,62.875;
1705009738,2.95,0,0,70,6.96,100,4.687,26.937,43.625,52.19,61.688,61.75,62.625,62.563,62.812,62.812;
1705009740,2.95,0,0,67,6.97,100,4.687,26.937,43.625,52.19,61.625,61.75,62.625,62.563,62.812,62.812;
1705009742,2.94,0,0,68.33,6.96,100,4.687,27,43.625,52.19,61.688,61.75,62.625,62.563,62.812,62.812;
1705009744,2.95,0,0,67.33,6.98,100,4.687,27,43.563,52.13,61.688,61.75,62.625,62.563,62.812,62.812;
1705009746,2.94,0,0,68,6.97,100,4.687,27,43.625,52.13,61.688,61.75,62.625,62.563,62.812,62.812;
1705009748,2.94,0,0,71.33,6.98,100,4.687,27,43.625,52.19,61.688,61.75,62.625,62.563,62.812,62.812;
1705009750,2.94,0,0,69,6.97,100,4.687,27,43.625,52.19,61.688,61.75,62.625,62.563,62.812,62.812;
1705009752,2.94,0,0,70,6.97,100,4.687,27,43.625,52.19,61.688,61.75,62.625,62.563,62.812,62.812;
1705009754,2.95,0,0,66,6.97,100,4.687,27,43.625,52.19,61.688,61.75,62.625,62.563,62.812,62.812;
1705009756,2.94,0,0,67.33,6.97,100,4.687,26.937,43.625,52.19,61.688,61.75,62.625,62.563,62.812,62.812;
1705009758,2.94,0,0,69.33,6.97,100,4.687,26.937,43.625,52.19,61.688,61.75,62.625,62.563,62.812,62.812;
1705009760,2.95,0,0,71.33,6.99,100,4.687,26.937,43.625,52.19,61.688,61.75,62.625,62.563,62.812,62.875;
1705009762,2.94,0,0,73,6.99,100,4.687,27,43.625,52.19,61.688,61.75,62.625,62.563,62.812,62.875;
1705009764,2.95,0,0,72.33,6.99,100,4.687,27,43.625,52.19,61.688,61.75,62.625,62.563,62.812,62.812;
1705009766,2.94,0,0,71.67,6.99,100,4.625,27,43.625,52.19,61.688,61.75,62.625,62.563,62.812,62.812;
1705009768,2.94,0,0,73,6.99,100,4.687,27,43.625,52.19,61.688,61.75,62.625,62.563,62.812,62.812;
1705009770,2.95,0,0,72.33,6.98,100,4.625,27.062,43.625,52.19,61.688,61.75,62.625,62.563,62.812,62.812;
1705009772,2.95,0,0,71,6.98,100,4.625,27.125,43.625,52.19,61.688,61.75,62.625,62.563,62.812,62.812;
1705009774,2.94,0,0,74,6.98,100,4.625,27.125,43.688,52.13,61.688,61.75,62.625,62.563,62.812,62.812;
1705009776,2.94,0,0,73.67,6.98,100,4.625,27.125,43.625,52.13,61.688,61.75,62.625,62.563,62.812,62.812;
1705009778,2.94,0,0,73.33,6.98,100,4.687,27.187,43.688,52.19,61.688,61.75,62.625,62.563,62.812,62.812;
1705009780,2.94,0,0,71.67,6.98,100,4.625,27.25,43.625,52.19,61.688,61.75,62.625,62.563,62.812,62.812;
1705009782,2.94,0,0,74.67,6.98,100,4.625,27.313,43.625,52.19,61.688,61.75,62.625,62.563,62.812,62.812;
1705009784,2.94,0,0,75.33,7,100,4.625,27.313,43.625,52.13,61.688,61.75,62.625,62.563,62.812,62.812;
1705009786,2.94,0,0,73.67,6.98,100,4.625,27.375,43.625,52.19,61.625,61.75,62.625,62.563,62.812,62.875;
1705009787,2.94,0,0,76.33,6.99,100,4.625,27.375,43.688,52.19,61.688,61.75,62.625,62.563,62.812,62.812;
1705009789,2.94,0,0,76,6.98,100,4.625,27.437,43.625,52.13,61.688,61.75,62.625,62.563,62.812,62.812;
1705009791,2.94,0,0,74.67,6.97,100,4.625,27.437,43.688,52.13,61.688,61.75,62.625,62.563,62.812,62.812;
1705009793,2.94,0,0,71.33,7,100,4.625,27.437,43.688,52.19,61.688,61.75,62.625,62.563,62.812,62.812;
1705009795,2.94,0,0,76,6.96,100,4.625,27.5,43.688,52.19,61.688,61.75,62.625,62.563,62.812,62.812;
1705009797,2.94,0,0,71,6.99,100,4.625,27.5,43.688,52.19,61.688,61.75,62.625,62.563,62.812,62.812;
1705009799,2.94,0,0,72.33,6.99,100,4.625,27.562,43.688,52.19,61.688,61.75,62.625,62.563,62.812,62.812;
1705009801,2.94,0,0,71.33,6.97,100,4.625,27.562,43.688,52.19,61.688,61.75,62.625,62.563,62.812,62.812;
1705009803,2.94,0,0,72.33,6.98,100,4.625,27.625,43.688,52.19,61.688,61.75,62.625,62.563,62.812,62.812;
1705009805,2.94,0,0,73.33,6.97,100,4.625,27.625,43.688,52.13,61.688,61.75,62.625,62.563,62.812,62.812;
1705009807,2.94,0,0,74,6.98,100,4.625,27.687,43.688,52.19,61.625,61.75,62.625,62.563,62.812,62.812;
1705009809,2.94,0,0,73.33,6.98,100,4.625,27.687,43.688,52.19,61.688,61.75,62.625,62.563,62.812,62.812;
1705009811,2.94,0,0,71,6.99,100,4.625,27.75,43.688,52.19,61.688,61.75,62.625,62.563,62.812,62.812;
1705009813,2.94,0,0,74,6.99,100,4.625,27.812,43.688,52.19,61.688,61.75,62.625,62.563,62.812,62.812;
1705009815,2.94,0,0,71.67,6.97,100,4.625,27.812,43.75,52.19,61.688,61.75,62.625,62.563,62.812,62.812;
1705009817,2.94,0,0,76.33,6.97,100,4.625,27.875,43.75,52.19,61.688,61.75,62.625,62.563,62.812,62.812;
1705009819,2.94,0,0,73,6.99,100,4.625,27.938,43.75,52.19,61.688,61.75,62.625,62.563,62.812,62.812;
1705009821,2.94,0,0,71,6.97,100,4.625,28,43.75,52.19,61.688,61.75,62.625,62.563,62.812,62.812;
1705009823,2.94,0,0,76.33,6.97,100,4.625,28,43.75,52.19,61.688,61.75,62.625,62.563,62.812,62.812;
1705009825,2.94,0,0,71.67,6.97,100,4.625,28.062,43.75,52.19,61.688,61.75,62.625,62.563,62.812,62.812;
1705009827,2.94,0,0,75,6.98,100,4.625,28.125,43.75,52.19,61.688,61.75,62.625,62.563,62.812,62.812;
1705009829,2.94,0,0,73.33,6.97,100,4.625,28.125,43.75,52.19,61.688,61.75,62.625,62.563,62.812,62.812;
1705009831,2.94,0,0,73.67,6.96,100,4.562,28.25,43.75,52.19,61.688,61.75,62.625,62.563,62.812,62.812;
1705009833,2.94,0,0,74.67,6.98,100,4.625,28.25,43.75,52.19,61.688,61.75,62.625,62.563,62.812,62.812;
1705009835,2.94,0,0,72,6.96,100,4.625,28.25,43.75,52.19,61.688,61.75,62.625,62.563,62.812,62.812;
1705009836,2.94,0,0,74,6.96,100,4.625,28.25,43.75,52.19,61.688,61.75,62.625,62.563,62.812,62.812;
1705009838,2.94,0,0,71,6.94,100,4.562,28.25,43.75,52.19,61.688,61.75,62.625,62.563,62.812,62.812;
1705009840,2.94,0,0,77.33,6.95,100,4.562,28.187,43.75,52.19,61.688,61.75,62.625,62.563,62.812,62.812;
1705009842,2.94,0,0,72.33,6.95,100,4.562,28.125,43.75,52.19,61.688,61.75,62.625,62.563,62.812,62.812;
1705009844,2.94,0,0,72,6.96,100,4.562,28.125,43.75,52.19,61.688,61.75,62.625,62.563,62.812,62.875;
1705009846,2.94,0,0,72.33,6.96,100,4.562,28.125,43.75,52.19,61.688,61.75,62.625,62.563,62.812,62.812;
1705009848,2.94,0,0,72.33,6.96,100,4.562,28.062,43.75,52.19,61.688,61.75,62.625,62.563,62.812,62.812;
1705009850,2.94,0,0,72.33,6.94,100,4.562,28,43.75,52.19,61.688,61.75,62.625,62.563,62.812,62.812;
1705009852,2.94,0,0,79.33,6.94,100,4.562,27.938,43.75,52.19,61.688,61.75,62.625,62.563,62.812,62.812;
1705009854,2.94,0,0,71.67,6.95,100,4.562,27.875,43.75,52.25,61.688,61.75,62.625,62.563,62.812,62.812;
1705009856,2.94,0,0,75.67,6.96,100,4.562,27.875,43.75,52.19,61.688,61.75,62.625,62.563,62.812,62.812;
1705009858,2.94,0,0,71.33,6.94,100,4.562,27.812,43.75,52.19,61.688,61.75,62.625,62.563,62.812,62.812;
1705009860,2.94,0,0,74.67,6.95,100,4.562,27.812,43.75,52.25,61.688,61.75,62.625,62.625,62.812,62.812;
1705009862,2.94,0,0,75,6.94,100,4.562,27.75,43.75,52.19,61.688,61.75,62.625,62.563,62.812,62.812;
1705009864,2.94,0,0,79.33,6.95,100,4.562,27.75,43.75,52.19,61.688,61.75,62.625,62.563,62.812,62.812;
1705009866,2.94,0,0,71,6.96,100,4.562,27.75,43.75,52.19,61.688,61.75,62.625,62.563,62.812,62.812;
1705009868,2.94,0,0,77.67,6.95,100,4.562,27.687,43.75,52.25,61.688,61.75,62.625,62.563,62.812,62.812;
1705009870,2.94,0,0,76.33,6.93,100,4.562,27.625,43.75,52.25,61.688,61.75,62.625,62.625,62.812,62.812;
1705009872,2.94,0,0,76,6.94,100,4.562,27.625,43.75,52.25,61.688,61.75,62.625,62.563,62.812,62.812;
1705009874,2.94,0,0,74.33,6.94,100,4.562,27.562,43.75,52.25,61.688,61.75,62.625,62.563,62.812,62.812;
1705009876,2.94,0,0,76.33,6.96,100,4.562,27.5,43.75,52.25,61.688,61.75,62.625,62.563,62.812,62.812;
1705009878,2.94,0,0,76.33,6.95,100,4.562,27.437,43.75,52.25,61.688,61.75,62.625,62.563,62.812,62.812;
1705009880,2.94,0,0,72.33,6.95,100,4.562,27.375,43.75,52.25,61.688,61.75,62.625,62.563,62.812,62.812;
1705009882,2.94,0,0,77.67,6.94,100,4.562,27.375,43.75,52.25,61.688,61.75,62.625,62.563,62.812,62.812;
1705009884,2.94,0,0,73.33,6.94,100,4.562,27.313,43.75,52.25,61.688,61.75,62.625,62.563,62.812,62.875;
1705009885,2.94,0,0,72.33,6.94,100,4.562,27.25,43.75,52.25,61.688,61.75,62.625,62.563,62.812,62.812;
1705009887,2.94,0,0,77.33,6.93,100,4.562,27.25,43.75,52.25,61.688,61.75,62.625,62.563,62.812,62.875;
1705009889,2.94,0,0,75,6.94,100,4.562,27.25,43.813,52.25,61.688,61.75,62.625,62.563,62.812,62.812;
1705009891,2.94,0,0,73.33,6.94,100,4.562,27.25,43.813,52.25,61.688,61.75,62.625,62.563,62.812,62.812;
1705009893,2.94,0,0,75.33,6.93,100,4.562,27.313,43.813,52.19,61.688,61.75,62.625,62.563,62.812,62.812;
1705009895,2.94,0,0,74.33,6.93,100,4.562,27.313,43.813,52.25,61.688,61.75,62.625,62.563,62.812,62.812;
1705009897,2.94,0,0,75.33,6.95,100,4.562,27.313,43.75,52.25,61.688,61.75,62.625,62.563,62.812,62.812;
1705009899,2.94,0,0,74.33,6.94,100,4.562,27.375,43.813,52.19,61.688,61.75,62.625,62.563,62.812,62.875;
1705009901,2.94,0,0,73.67,6.95,100,4.562,27.375,43.75,52.25,61.688,61.75,62.625,62.563,62.812,62.812;
1705009903,2.94,0,0,75.67,6.95,100,4.562,27.437,43.75,52.25,61.688,61.75,62.625,62.563,62.812,62.812;
1705009905,2.94,0,0,73.33,6.93,100,4.562,27.437,43.75,52.25,61.688,61.75,62.625,62.563,62.812,62.812;
1705009907,2.94,0,0,76.33,6.93,100,4.562,27.437,43.75,52.25,61.688,61.75,62.625,62.563,62.812,62.812;
1705009909,2.94,0,0,73.67,6.93,100,4.562,27.437,43.75,52.25,61.688,61.75,62.625,62.563,62.812,62.812;
1705009911,2.94,0,0,75,6.93,100,4.5,27.375,43.75,52.25,61.688,61.75,62.625,62.563,62.812,62.812;
1705009913,2.94,0,0,76,6.93,100,4.562,27.375,43.75,52.25,61.688,61.75,62.625,62.563,62.812,62.812;
1705009915,2.94,0,0,75.67,6.94,100,4.562,27.313,43.75,52.25,61.688,61.75,62.625,62.563,62.812,62.812;
1705009917,2.94,0,0,75.33,6.94,100,4.562,27.313,43.75,52.25,61.688,61.75,62.625,62.563,62.812,62.812;
1705009919,2.94,0,0,75,6.93,100,4.562,27.25,43.75,52.25,61.688,61.75,62.625,62.563,62.812,62.812;
1705009921,2.94,0,0,77.33,6.94,100,4.5,27.25,43.75,52.25,61.688,61.75,62.625,62.563,62.812,62.812;
1705009923,2.94,0,0,76,6.94,100,4.5,27.25,43.75,52.25,61.688,61.75,62.625,62.563,62.812,62.812;
1705009925,2.94,0,0,76,6.91,100,4.562,27.25,43.75,52.25,61.688,61.75,62.625,62.563,62.812,62.812;
1705009927,2.94,0,0,78,6.92,100,4.562,27.187,43.75,52.25,61.688,61.75,62.625,62.563,62.812,62.812;
1705009929,2.94,0,0,75,6.92,100,4.5,27.187,43.75,52.25,61.688,61.75,62.625,62.563,62.812,62.812;
1705009931,2.94,0,0,76.33,6.92,100,4.5,27.125,43.75,52.25,61.688,61.75,62.625,62.563,62.812,62.812;
1705009933,2.94,0,0,74,6.91,100,4.5,27.187,43.75,52.25,61.688,61.75,62.625,62.563,62.812,62.812;
1705009935,2.94,0,0,76.33,6.91,100,4.5,27.125,43.75,52.25,61.688,61.75,62.625,62.563,62.812,62.812;
1705009936,2.94,0,0,75.33,6.92,100,4.5,27.125,43.75,52.25,61.688,61.75,62.625,62.563,62.812,62.812;
1705009938,2.94,0,0,76,6.91,100,4.5,27.125,43.688,52.25,61.688,61.75,62.563,62.563,62.812,62.812;
1705009940,2.94,0,0,77.67,6.92,100,4.5,27.125,43.75,52.25,61.688,61.75,62.625,62.563,62.812,62.812;
1705009942,2.94,0,0,75.33,6.91,100,4.5,27.125,43.75,52.25,61.688,61.75,62.563,62.563,62.812,62.812;
1705009944,2.94,0,0,79,6.9,100,4.5,27.125,43.75,52.25,61.688,61.75,62.625,62.563,62.812,62.812;
1705009946,2.94,0,0,77.67,6.91,100,4.5,27.125,43.75,52.25,61.688,61.75,62.625,62.563,62.812,62.812;
1705009948,2.94,0,0,74.33,6.91,100,4.5,27.125,43.75,52.25,61.688,61.75,62.625,62.563,62.812,62.812;
1705009950,2.94,0,0,72,6.9,100,4.5,27.062,43.688,52.25,61.688,61.75,62.625,62.563,62.812,62.812;
1705009952,2.94,0,0,77.33,6.91,100,4.5,27.062,43.75,52.25,61.688,61.75,62.625,62.563,62.812,62.812;
1705009954,2.94,0,0,75,6.92,100,4.5,27.062,43.75,52.25,61.688,61.75,62.625,62.563,62.812,62.812;
1705009956,2.94,0,0,70.33,6.91,100,4.5,27.062,43.75,52.25,61.688,61.75,62.625,62.563,62.812,62.812;
1705009958,2.94,0,0,75.67,6.92,100,4.5,27.125,43.688,52.25,61.688,61.75,62.625,62.563,62.812,62.812;
1705009960,2.94,0,0,75.33,6.91,100,4.5,27.125,43.75,52.25,61.688,61.75,62.625,62.563,62.812,62.875;
1705009962,2.94,0,0,74.33,6.91,100,4.5,27.187,43.75,52.25,61.688,61.75,62.625,62.563,62.812,62.812;
1705009964,2.94,0,0,73.67,6.89,100,4.5,27.25,43.75,52.19,61.688,61.75,62.625,62.563,62.812,62.812;
1705009966,2.94,0,0,74.33,6.9,100,4.5,27.25,43.75,52.25,61.688,61.75,62.625,62.563,62.812,62.812;
1705009968,2.94,0,0,76,6.9,100,4.5,27.313,43.75,52.19,61.688,61.75,62.625,62.563,62.812,62.812;
1705009970,2.94,0,0,76,6.91,100,4.5,27.437,43.75,52.25,61.688,61.75,62.625,62.563,62.812,62.812;
1705009972,2.94,0,0,77.33,6.9,100,4.5,27.5,43.75,52.25,61.688,61.75,62.625,62.563,62.812,62.812;
1705009974,2.94,0,0,74.67,6.9,100,4.5,27.562,43.75,52.19,61.688,61.75,62.625,62.563,62.812,62.812;
1705009976,2.94,0,0,76,6.9,100,4.5,27.625,43.813,52.19,61.688,61.75,62.625,62.563,62.812,62.812;
1705009978,2.94,0,0,75.33,6.91,100,4.5,27.75,43.813,52.25,61.688,61.75,62.625,62.563,62.812,62.812;
1705009980,2.94,0,0,77,6.9,100,4.5,27.812,43.813,52.19,61.688,61.75,62.625,62.563,62.812,62.812;
1705009982,2.94,0,0,76.33,6.89,100,4.5,27.875,43.813,52.19,61.688,61.75,62.625,62.563,62.812,62.812;
1705009984,2.94,0,0,79.33,6.87,100,4.5,28,43.813,52.19,61.688,61.75,62.625,62.563,62.812,62.812;
1705009985,2.94,0,0,73,6.88,100,4.5,28.062,43.875,52.19,61.688,61.75,62.625,62.563,62.812,62.812;
1705009987,2.94,0,0,75,6.87,100,4.5,28.187,43.875,52.19,61.688,61.75,62.625,62.563,62.812,62.812;
1705009989,2.94,0,0,73.33,6.88,100,4.5,28.312,43.875,52.19,61.688,61.75,62.625,62.563,62.812,62.812;
1705009991,2.94,0,0,73.33,6.87,100,4.437,28.437,43.875,52.19,61.688,61.75,62.625,62.563,62.812,62.812;
1705009993,2.94,0,0,76,6.88,100,4.437,28.563,43.875,52.19,61.688,61.75,62.625,62.563,62.812,62.812;
1705009995,2.94,0,0,76,6.88,100,4.5,28.687,43.875,52.19,61.688,61.75,62.625,62.563,62.812,62.812;
1705009997,2.94,0,0,74.67,6.89,100,4.437,28.812,43.875,52.19,61.688,61.75,62.625,62.563,62.812,62.812;
1705009999,2.94,0,0,74,6.88,100,4.437,28.937,43.875,52.19,61.688,61.75,62.625,62.563,62.812,62.812;
1705010001,2.94,0,0,76,6.88,100,4.5,29,43.938,52.19,61.688,61.75,62.625,62.563,62.812,62.812;
1705010003,2.94,0,0,80,6.88,100,4.5,29.125,43.938,52.19,61.688,61.75,62.625,62.563,62.812,62.812;
1705010005,2.94,0,0,76,6.88,100,4.5,29.25,43.938,52.19,61.688,61.75,62.625,62.563,62.812,62.812;
1705010007,2.94,0,0,72,6.87,100,4.437,29.375,43.938,52.19,61.688,61.75,62.625,62.625,62.812,62.812;
1705010009,2.94,0,0,74.67,6.89,100,4.437,29.5,43.938,52.19,61.625,61.75,62.625,62.563,62.812,62.812;
1705010011,2.94,0,0,78.67,6.88,100,4.437,29.562,44,52.19,61.688,61.75,62.625,62.563,62.812,62.812;
1705010013,2.94,0,0,76.33,6.88,100,4.437,29.687,44,52.19,61.688,61.75,62.625,62.563,62.812,62.812;
1705010015,2.94,0,0,76.67,6.87,100,4.437,29.75,44,52.19,61.688,61.75,62.625,62.563,62.812,62.812;
1705010017,2.94,0,0,77.33,6.87,100,4.437,29.813,44,52.19,61.688,61.75,62.625,62.563,62.812,62.812;
1705010019,2.94,0,0,75.67,6.89,100,4.437,29.937,44,52.25,61.688,61.75,62.625,62.563,62.812,62.812;
1705010021,2.94,0,0,75.33,6.88,100,4.437,30,44,52.25,61.688,61.75,62.625,62.563,62.812,62.812;
1705010023,2.94,0,0,74,6.85,100,4.437,30.062,44,52.25,61.688,61.75,62.625,62.563,62.812,62.812;
1705010025,2.94,0,0,74.67,6.88,100,4.437,30.125,44.062,52.25,61.688,61.75,62.625,62.563,62.812,62.812;
1705010027,2.94,0,0,74.33,6.88,100,4.437,30.187,44.062,52.25,61.688,61.75,62.625,62.563,62.812,62.812;
1705010029,2.94,0,0,77.33,6.87,100,4.437,30.25,44.062,52.25,61.688,61.75,62.625,62.563,62.812,62.812;
1705010031,2.94,0,0,75,6.85,100,4.437,30.25,44.062,52.25,61.688,61.75,62.625,62.563,62.812,62.812;
1705010033,2.94,0,0,76.33,6.87,100,4.437,30.312,44.062,52.25,61.688,61.75,62.625,62.563,62.812,62.812;
1705010034,2.94,0,0,73,6.86,100,4.437,30.375,44.062,52.25,61.688,61.75,62.625,62.563,62.812,62.812;
1705010036,2.94,0,0,78,6.87,100,4.437,30.438,44.062,52.25,61.688,61.75,62.625,62.563,62.812,62.812;
1705010038,2.94,0,0,75.33,6.87,100,4.437,30.438,44.062,52.25,61.688,61.75,62.625,62.563,62.812,62.812;
1705010040,2.94,0,0,77,6.88,100,4.437,30.5,44.062,52.25,61.688,61.75,62.625,62.563,62.812,62.812;
1705010042,2.94,0,0,75,6.85,100,4.437,30.5,44.062,52.25,61.688,61.75,62.625,62.563,62.812,62.812;
1705010044,2.94,0,0,75,6.85,100,4.437,30.562,44.062,52.25,61.688,61.75,62.625,62.563,62.812,62.812;
1705010046,2.94,0,0,77.67,6.85,100,4.437,30.562,44.062,52.25,61.688,61.75,62.625,62.563,62.812,62.812;
1705010048,2.94,0,0,79.67,6.85,100,4.437,30.625,44.125,52.25,61.688,61.75,62.625,62.563,62.812,62.812;
1705010050,2.94,0,0,74.67,6.86,100,4.437,30.625,44.062,52.25,61.688,61.75,62.625,62.563,62.812,62.812;
1705010052,2.94,0,0,75,6.86,100,4.437,30.625,44.125,52.31,61.688,61.75,62.625,62.625,62.812,62.812;
1705010054,2.94,0,0,75.33,6.85,100,4.437,30.625,44.125,52.25,61.688,61.75,62.625,62.563,62.812,62.812;
1705010056,2.94,0,0,73.67,6.84,100,4.437,30.625,44.125,52.31,61.688,61.75,62.625,62.563,62.812,62.812;
1705010058,2.94,0,0,76,6.85,100,4.437,30.562,44.125,52.31,61.688,61.75,62.625,62.563,62.812,62.812;
1705010060,2.94,0,0,78.67,6.87,100,4.437,30.562,44.125,52.31,61.688,61.75,62.625,62.563,62.812,62.812;
1705010062,2.94,0,0,77,6.85,100,4.437,30.562,44.125,52.31,61.688,61.75,62.625,62.563,62.812,62.812;
1705010064,2.94,0,0,81.33,6.84,100,4.437,30.562,44.125,52.31,61.688,61.75,62.563,62.563,62.812,62.812;
1705010066,2.94,0,0,77.67,6.84,100,4.437,30.562,44.125,52.31,61.688,61.75,62.625,62.563,62.812,62.812;
1705010068,2.94,0,0,76,6.84,100,4.437,30.562,44.125,52.31,61.688,61.75,62.625,62.563,62.812,62.812;
1705010070,2.94,0,0,77.33,6.83,100,4.437,30.562,44.125,52.31,61.688,61.75,62.625,62.563,62.812,62.812;
1705010072,2.94,0,0,78.33,6.85,100,4.437,30.562,44.188,52.31,61.688,61.75,62.625,62.563,62.812,62.812;
1705010074,2.94,0,0,75,6.83,100,4.437,30.625,44.188,52.31,61.688,61.75,62.563,62.563,62.812,62.812;
1705010076,2.94,0,0,76.33,6.86,100,4.437,30.625,44.125,52.31,61.688,61.75,62.625,62.563,62.812,62.875;
1705010078,2.94,0,0,76,6.85,100,4.437,30.625,44.188,52.31,61.688,61.75,62.625,62.563,62.812,62.812;
1705010080,2.94,0,0,78,6.84,100,4.437,30.625,44.188,52.31,61.688,61.75,62.625,62.563,62.812,62.812;
1705010081,2.94,0,0,73,6.83,100,4.437,30.625,44.188,52.31,61.688,61.75,62.625,62.563,62.812,62.812;
1705010083,2.94,0,0,75.33,6.86,100,4.437,30.625,44.188,52.31,61.688,61.75,62.625,62.563,62.812,62.812;
1705010085,2.94,0,0,75,6.83,100,4.437,30.625,44.188,52.31,61.688,61.75,62.625,62.563,62.812,62.812;
1705010087,2.94,0,0,77.67,6.83,100,4.437,30.625,44.188,52.31,61.688,61.75,62.625,62.563,62.812,62.812;
1705010089,2.94,0,0,73.67,6.83,100,4.437,30.625,44.188,52.31,61.688,61.75,62.625,62.563,62.812,62.812;
1705010091,2.94,0,0,72.67,6.86,100,4.437,30.625,44.188,52.31,61.688,61.75,62.625,62.563,62.812,62.812;
1705010093,2.94,0,0,76.67,6.85,100,4.437,30.625,44.188,52.31,61.688,61.75,62.625,62.563,62.812,62.812;
1705010095,2.94,0,0,75,6.83,100,4.437,30.625,44.188,52.31,61.688,61.75,62.625,62.563,62.812,62.812;
1705010097,2.94,0,0,78,6.82,100,4.437,30.625,44.188,52.31,61.688,61.75,62.625,62.563,62.812,62.812;
1705010099,2.94,0,0,78.67,6.82,100,4.437,30.625,44.188,52.31,61.688,61.75,62.625,62.563,62.812,62.812;
1705010101,2.94,0,0,80,6.83,100,4.437,30.625,44.188,52.31,61.688,61.75,62.625,62.563,62.812,62.812;
1705010103,2.94,0,0,75.33,6.84,100,4.437,30.562,44.188,52.31,61.688,61.75,62.625,62.563,62.812,62.812;
1705010105,2.94,0,0,78.67,6.84,100,4.437,30.562,44.188,52.31,61.688,61.75,62.625,62.563,62.812,62.875;
1705010107,2.94,0,0,74.33,6.83,100,4.437,30.562,44.188,52.31,61.688,61.75,62.625,62.563,62.812,62.812;
1705010109,2.94,0,0,74,6.82,100,4.437,30.562,44.188,52.38,61.688,61.75,62.563,62.563,62.812,62.812;
1705010111,2.94,0,0,74.33,6.82,100,4.437,30.562,44.188,52.31,61.688,61.75,62.625,62.563,62.812,62.812;
1705010113,2.94,0,0,73.67,6.84,100,4.437,30.562,44.188,52.38,61.688,61.75,62.625,62.563,62.812,62.812;
1705010115,2.94,0,0,78,6.83,100,4.437,30.562,44.188,52.31,61.688,61.75,62.563,62.563,62.812,62.812;
1705010117,2.94,0,0,74,6.82,100,4.437,30.562,44.188,52.38,61.688,61.75,62.625,62.563,62.812,62.812;
1705010119,2.94,0,0,77.67,6.83,100,4.437,30.562,44.188,52.38,61.625,61.75,62.625,62.563,62.812,62.812;
1705010121,2.94,0,0,75.33,6.84,100,4.437,30.562,44.188,52.31,61.688,61.75,62.625,62.563,62.812,62.812;
1705010123,2.94,0,0,76.33,6.83,100,4.437,30.562,44.188,52.31,61.688,61.75,62.625,62.563,62.812,62.812;
1705010125,2.94,0,0,77.67,6.82,100,4.437,30.562,44.188,52.31,61.688,61.75,62.625,62.563,62.812,62.875;
1705010127,2.94,0,0,77,6.81,100,4.437,30.5,44.188,52.38,61.688,61.75,62.625,62.563,62.812,62.812;
1705010129,2.94,0,0,77,6.82,100,4.437,30.5,44.188,52.31,61.688,61.75,62.625,62.563,62.812,62.812;
1705010130,2.94,0,0,77.67,6.82,100,4.437,30.5,44.188,52.38,61.688,61.75,62.625,62.563,62.812,62.812;
1705010132,2.94,0,0,73,6.81,100,4.437,30.5,44.188,52.38,61.688,61.75,62.625,62.563,62.812,62.812;
1705010134,2.94,0,0,76.67,6.83,100,4.437,30.5,44.188,52.38,61.688,61.75,62.625,62.563,62.812,62.875;
1705010136,2.94,0,0,74,6.82,100,4.437,30.5,44.188,52.38,61.688,61.75,62.625,62.563,62.812,62.812;
1705010138,2.94,0,0,78,6.83,100,4.437,30.562,44.188,52.38,61.688,61.75,62.625,62.563,62.812,62.875;
1705010140,2.94,0,0,75.33,6.82,100,4.437,30.562,44.188,52.31,61.688,61.75,62.625,62.563,62.812,62.812;
1705010142,2.94,0,0,79,6.82,100,4.437,30.625,44.188,52.38,61.688,61.75,62.625,62.563,62.812,62.812;
1705010144,2.94,0,0,77,6.81,100,4.437,30.625,44.188,52.38,61.688,61.75,62.625,62.563,62.812,62.812;
1705010146,2.94,0,0,77,6.82,100,4.437,30.625,44.188,52.38,61.688,61.75,62.625,62.563,62.812,62.812;
1705010148,2.94,0,0,76.33,6.81,100,4.437,30.687,44.188,52.38,61.688,61.75,62.625,62.563,62.812,62.812;
1705010150,2.93,0,0,78,6.8,100,4.437,30.687,44.188,52.38,61.688,61.75,62.625,62.563,62.812,62.812;
1705010152,2.94,0,0,77.67,6.82,100,4.437,30.687,44.188,52.38,61.688,61.75,62.625,62.563,62.812,62.812;
1705010154,2.94,0,0,75,6.82,100,4.437,30.625,44.188,52.38,61.688,61.75,62.625,62.563,62.812,62.812;
1705010156,2.94,0,0,75.33,6.81,100,4.437,30.625,44.188,52.38,61.688,61.75,62.625,62.563,62.812,62.812;
1705010158,2.94,0,0,72.67,6.82,100,4.437,30.625,44.188,52.38,61.688,61.75,62.625,62.563,62.812,62.812;
1705010160,2.94,0,0,75.67,6.8,100,4.437,30.562,44.188,52.38,61.688,61.75,62.625,62.563,62.812,62.812;
1705010162,2.94,0,0,78,6.8,100,4.437,30.562,44.188,52.38,61.688,61.75,62.625,62.563,62.812,62.812;
1705010164,2.94,0,0,78,6.8,100,4.437,30.562,44.188,52.31,61.688,61.75,62.625,62.563,62.812,62.875;
1705010166,2.94,0,0,78,6.8,100,4.437,30.5,44.188,52.38,61.688,61.75,62.625,62.563,62.812,62.812;
1705010168,2.94,0,0,78,6.82,100,4.437,30.5,44.188,52.38,61.688,61.75,62.625,62.563,62.812,62.812;
1705010170,2.94,0,0,79.33,6.79,100,4.437,30.5,44.188,52.38,61.688,61.75,62.625,62.563,62.812,62.812;
1705010172,2.93,0,0,76.33,6.78,100,4.437,30.5,44.188,52.38,61.688,61.75,62.625,62.563,62.812,62.812;
1705010174,2.94,0,0,78.33,6.8,100,4.437,30.438,44.188,52.38,61.688,61.75,62.625,62.563,62.812,62.812;
1705010176,2.93,0,0,75.67,6.82,100,4.437,30.438,44.125,52.38,61.688,61.75,62.625,62.563,62.812,62.875;
1705010178,2.93,0,0,75.67,6.82,100,4.375,30.438,44.125,52.38,61.688,61.75,62.625,62.563,62.812,62.812;
1705010179,2.94,0,0,74.67,6.8,100,4.437,30.438,44.188,52.38,61.688,61.75,62.625,62.563,62.812,62.812;
1705010181,2.93,0,0,74,6.79,100,4.375,30.438,44.125,52.38,61.688,61.75,62.625,62.563,62.812,62.812;
1705010183,2.93,0,0,75,6.79,100,4.375,30.375,44.125,52.38,61.688,61.75,62.625,62.563,62.812,62.875;
1705010185,2.94,0,0,77,6.78,100,4.437,30.375,44.125,52.38,61.688,61.75,62.625,62.563,62.812,62.812;
1705010187,2.93,0,0,72.33,6.79,100,4.437,30.375,44.125,52.38,61.688,61.75,62.625,62.563,62.812,62.812;
1705010189,2.94,0,0,75.67,6.78,100,4.437,30.312,44.125,52.38,61.688,61.75,62.625,62.563,62.812,62.812;
1705010191,2.94,0,0,75,6.8,100,4.437,30.312,44.125,52.38,61.688,61.75,62.625,62.563,62.812,62.812;
1705010193,2.93,0,0,76,6.79,100,4.437,30.25,44.125,52.38,61.688,61.75,62.625,62.563,62.812,62.812;
1705010195,2.93,0,0,73.67,6.79,100,4.375,30.25,44.188,52.38,61.688,61.75,62.625,62.563,62.812,62.812;
1705010197,2.94,0,0,74.33,6.78,100,4.437,30.25,44.125,52.38,61.688,61.75,62.625,62.563,62.812,62.812;
1705010199,2.94,0,0,77.67,6.79,100,4.437,30.187,44.125,52.38,61.688,61.75,62.625,62.563,62.812,62.875;
1705010201,2.94,0,0,78,6.78,100,4.375,30.125,44.125,52.31,61.688,61.75,62.625,62.563,62.812,62.812;
1705010203,2.94,0,0,78.33,6.8,100,4.437,30.125,44.125,52.31,61.688,61.75,62.625,62.563,62.812,62.812;
1705010205,2.93,0,0,76,6.79,100,4.375,30.125,44.125,52.31,61.688,61.75,62.625,62.563,62.812,62.812;
1705010207,2.93,0,0,74.33,6.78,100,4.375,30.125,44.125,52.38,61.688,61.75,62.625,62.563,62.812,62.875;
1705010209,2.93,0,0,71,6.77,100,4.375,30.125,44.125,52.31,61.688,61.75,62.625,62.563,62.812,62.812;
1705010211,2.93,0,0,75.33,6.79,100,4.437,30.125,44.125,52.31,61.688,61.75,62.625,62.563,62.812,62.812;
1705010213,2.93,0,0,79,6.77,100,4.375,30.125,44.125,52.31,61.688,61.75,62.625,62.563,62.812,62.812;
1705010215,2.94,0,0,76,6.75,100,4.375,30.125,44.125,52.31,61.688,61.75,62.625,62.563,62.812,62.812;
1705010217,2.93,0,0,76.33,6.77,100,4.437,30.125,44.125,52.31,61.688,61.75,62.625,62.563,62.812,62.812;
1705010219,2.93,0,0,75.67,6.77,100,4.375,30.125,44.125,52.31,61.688,61.75,62.625,62.563,62.812,62.812;
1705010221,2.93,0,0,73.33,6.77,100,4.375,30.125,44.125,52.31,61.688,61.75,62.625,62.563,62.812,62.812;
1705010223,2.93,0,0,73.33,6.79,100,4.375,30.187,44.125,52.31,61.688,61.75,62.625,62.563,62.812,62.812;
1705010225,2.93,0,0,77.33,6.76,100,4.375,30.187,44.125,52.31,61.688,61.75,62.625,62.563,62.812,62.812;
1705010227,2.93,0,0,77.33,6.77,100,4.375,30.125,44.125,52.31,61.688,61.75,62.625,62.563,62.812,62.812;
1705010228,2.93,0,0,69.67,6.76,100,4.375,30.187,44.125,52.31,61.688,61.75,62.625,62.563,62.812,62.812;
1705010230,2.93,0,0,76.67,6.78,100,4.375,30.187,44.125,52.31,61.688,61.75,62.625,62.563,62.812,62.812;
1705010232,2.93,0,0,72.67,6.77,100,4.375,30.187,44.125,52.31,61.688,61.75,62.625,62.563,62.812,62.812;
1705010234,2.93,0,0,73.67,6.76,100,4.375,30.187,44.125,52.31,61.688,61.75,62.625,62.563,62.812,62.812;
1705010236,2.93,0,0,76,6.77,100,4.375,30.187,44.125,52.31,61.688,61.75,62.625,62.563,62.812,62.812;
1705010238,2.93,0,0,78.67,6.75,100,4.375,30.25,44.125,52.31,61.688,61.75,62.625,62.563,62.812,62.812;
1705010240,2.93,0,0,76.33,6.76,100,4.375,30.25,44.125,52.31,61.688,61.75,62.625,62.563,62.812,62.812;
1705010242,2.93,0,0,74.67,6.75,100,4.375,30.25,44.125,52.31,61.688,61.75,62.625,62.563,62.812,62.812;
1705010244,2.93,0,0,75.67,6.76,100,4.375,30.25,44.125,52.31,61.688,61.75,62.625,62.563,62.812,62.812;
1705010246,2.93,0,0,73,6.76,100,4.375,30.25,44.125,52.31,61.688,61.75,62.625,62.563,62.812,62.812;
1705010248,2.93,0,0,74,6.76,100,4.375,30.25,44.125,52.31,61.688,61.75,62.625,62.563,62.812,62.812;
1705010250,2.93,0,0,73,6.76,100,4.375,30.25,44.125,52.31,61.688,61.75,62.625,62.563,62.812,62.812;
1705010252,2.93,0,0,77,6.74,100,4.375,30.25,44.125,52.31,61.688,61.75,62.625,62.563,62.812,62.812;
1705010254,2.93,0,0,79,6.75,100,4.375,30.187,44.125,52.31,61.688,61.75,62.625,62.563,62.812,62.812;
1705010256,2.93,0,0,75.67,6.74,100,4.375,30.125,44.125,52.31,61.625,61.75,62.625,62.563,62.812,62.812;
1705010258,2.93,0,0,77.67,6.77,100,4.375,30.125,44.125,52.31,61.688,61.75,62.625,62.563,62.75,62.812;
1705010260,2.93,0,0,75.67,6.74,100,4.375,30.125,44.125,52.31,61.688,61.75,62.625,62.563,62.75,62.812;
1705010262,2.93,0,0,78.33,6.75,100,4.375,30.062,44.125,52.31,61.688,61.75,62.625,62.563,62.812,62.812;
1705010264,2.93,0,0,70.33,6.75,100,4.375,30,44.125,52.31,61.688,61.75,62.625,62.563,62.812,62.812;
1705010266,2.93,0,0,77.33,6.74,100,4.375,30,44.062,52.31,61.688,61.75,62.625,62.563,62.812,62.812;
1705010268,2.93,0,0,74.33,6.74,100,4.375,30,44.125,52.31,61.688,61.75,62.625,62.563,62.812,62.812;
1705010270,2.93,0,0,82.67,6.76,100,4.375,30,44.125,52.31,61.688,61.75,62.625,62.563,62.812,62.812;
1705010272,2.93,0,0,74.33,6.74,100,4.375,29.937,44.062,52.31,61.688,61.75,62.625,62.563,62.812,62.812;
1705010274,2.93,0,0,74,6.74,100,4.375,29.937,44.062,52.31,61.688,61.75,62.625,62.563,62.812,62.875;
1705010275,2.93,0,0,75.33,6.73,100,4.375,29.937,44.062,52.31,61.688,61.75,62.625,62.563,62.812,62.812;
1705010277,2.93,0,0,78.67,6.74,100,4.375,29.937,44.062,52.31,61.688,61.75,62.625,62.563,62.812,62.812;
1705010279,2.93,0,0,75.33,6.74,100,4.375,29.937,44.062,52.31,61.688,61.75,62.625,62.563,62.812,62.812;
1705010281,2.93,0,0,74.67,6.74,100,4.375,29.937,44.062,52.31,61.688,61.75,62.625,62.563,62.812,62.812;
1705010283,2.93,0,0,78,6.72,100,4.375,29.937,44.062,52.31,61.688,61.75,62.625,62.563,62.812,62.875;
1705010285,2.93,0,0,75.33,6.74,100,4.375,29.937,44.062,52.31,61.688,61.75,62.625,62.563,62.812,62.812;
1705010287,2.93,0,0,75.33,6.73,100,4.375,29.875,44.062,52.31,61.688,61.75,62.625,62.563,62.812,62.812;
1705010289,2.93,0,0,77,6.71,100,4.375,29.875,44.062,52.31,61.688,61.75,62.625,62.563,62.812,62.812;
1705010291,2.93,0,0,76.33,6.72,100,4.375,29.875,44.062,52.31,61.688,61.75,62.625,62.563,62.812,62.812;
1705010293,2.93,0,0,78.67,6.71,100,4.375,29.875,44.062,52.31,61.688,61.75,62.625,62.563,62.812,62.875;
1705010295,2.93,0,0,75,6.72,100,4.375,29.813,44.062,52.31,61.688,61.75,62.625,62.563,62.812,62.812;
1705010297,2.93,0,0,77.33,6.72,100,4.375,29.813,44.062,52.31,61.688,61.75,62.625,62.563,62.812,62.812;
1705010299,2.93,0,0,78.33,6.73,100,4.375,29.813,44.062,52.31,61.688,61.75,62.625,62.563,62.812,62.812;
1705010301,2.93,0,0,74,6.72,100,4.375,29.813,44.062,52.31,61.688,61.75,62.625,62.563,62.812,62.812;
1705010303,2.93,0,0,79.33,6.72,100,4.375,29.875,44.062,52.31,61.688,61.75,62.625,62.563,62.812,62.812;
1705010305,2.93,0,0,71.67,6.72,100,4.375,29.875,44.062,52.31,61.688,61.75,62.625,62.563,62.812,62.812;
1705010307,2.93,0,0,76,6.71,100,4.375,29.875,44.062,52.31,61.688,61.75,62.625,62.563,62.812,62.812;
1705010309,2.93,0,0,73,6.73,100,4.375,29.937,44.062,52.31,61.688,61.75,62.625,62.563,62.812,62.812;
1705010311,2.93,0,0,77.67,6.71,100,4.375,30,44.062,52.31,61.688,61.75,62.625,62.563,62.812,62.812;
1705010313,2.93,0,0,73.33,6.71,100,4.375,30,44.062,52.31,61.688,61.75,62.625,62.563,62.812,62.875;
1705010315,2.93,0,0,75.33,6.7,100,4.375,30,44.062,52.31,61.688,61.75,62.625,62.563,62.812,62.812;
1705010317,2.93,0,0,71.67,6.72,100,4.375,30,44.062,52.31,61.688,61.75,62.625,62.563,62.812,62.812;
1705010319,2.93,0,0,74.33,6.73,100,4.375,30,44.062,52.31,61.688,61.75,62.625,62.563,62.812,62.812;
1705010321,2.93,0,0,73.67,6.72,100,4.375,30,44.062,52.31,61.688,61.75,62.625,62.563,62.812,62.812;
1705010323,2.93,0,0,74,6.73,100,4.375,30,44.062,52.31,61.688,61.75,62.625,62.563,62.75,62.812;
1705010324,2.93,0,0,76,6.73,100,4.375,30,44.062,52.31,61.688,61.75,62.625,62.563,62.75,62.812;
1705010326,2.93,0,0,71.33,6.71,100,4.375,29.937,44,52.31,61.688,61.75,62.625,62.563,62.812,62.812;
1705010328,2.93,0,0,75.33,6.73,100,4.375,29.937,44.062,52.31,61.688,61.75,62.625,62.563,62.812,62.812;
1705010330,2.93,0,0,71.67,6.73,100,4.375,29.875,44.062,52.31,61.688,61.75,62.625,62.563,62.812,62.812;
1705010332,2.93,0,0,75.67,6.72,100,4.375,29.875,44.062,52.31,61.688,61.75,62.625,62.563,62.812,62.812;
1705010334,2.93,0,0,75.33,6.72,100,4.375,29.813,44.062,52.31,61.688,61.75,62.625,62.563,62.812,62.812;
1705010336,2.93,0,0,81.67,6.72,100,4.375,29.813,44.062,52.31,61.688,61.75,62.625,62.563,62.812,62.812;
1705010338,2.93,0,0,74.67,6.71,100,4.375,29.813,44.062,52.31,61.688,61.75,62.625,62.563,62.812,62.812;
1705010340,2.93,0,0,76,6.71,100,4.375,29.813,44.062,52.31,61.688,61.75,62.625,62.563,62.812,62.812;
1705010342,2.93,0,0,74.33,6.71,100,4.375,29.813,44.062,52.31,61.688,61.75,62.625,62.563,62.812,62.812;
1705010344,2.93,0,0,75.67,6.71,100,4.375,29.813,44.062,52.31,61.688,61.75,62.625,62.563,62.812,62.812;
1705010346,2.93,0,0,75.33,6.7,100,4.375,29.813,44.062,52.31,61.688,61.75,62.625,62.563,62.812,62.812;
1705010348,2.93,0,0,77,6.7,100,4.375,29.75,44.062,52.31,61.688,61.75,62.625,62.625,62.812,62.812;
1705010350,2.93,0,0,75.33,6.7,100,4.375,29.75,44.062,52.31,61.688,61.75,62.625,62.563,62.812,62.812;
1705010352,2.93,0,0,72.67,6.71,100,4.375,29.75,44.062,52.31,61.688,61.75,62.625,62.563,62.812,62.812;
1705010354,2.93,0,0,74.67,6.71,100,4.375,29.687,44.062,52.31,61.688,61.75,62.625,62.563,62.812,62.812;
1705010356,2.93,0,0,74.67,6.69,100,4.375,29.625,44.062,52.31,61.688,61.75,62.625,62.563,62.812,62.812;
1705010358,2.93,0,0,75,6.69,100,4.375,29.625,44.062,52.31,61.688,61.75,62.625,62.563,62.812,62.875;
1705010360,2.93,0,0,75,6.69,100,4.375,29.562,44.062,52.31,61.688,61.75,62.625,62.563,62.812,62.812;
1705010362,2.93,0,0,76,6.68,100,4.375,29.562,44.062,52.31,61.688,61.75,62.625,62.563,62.812,62.812;
1705010364,2.93,0,0,74.67,6.7,100,4.375,29.5,44.062,52.31,61.688,61.75,62.625,62.563,62.812,62.812;
1705010366,2.93,0,0,73,6.68,100,4.375,29.5,44.062,52.31,61.688,61.75,62.625,62.563,62.812,62.812;
1705010368,2.93,0,0,76,6.69,100,4.375,29.5,44.062,52.31,61.688,61.75,62.625,62.563,62.812,62.812;
1705010370,2.93,0,0,75.33,6.7,100,4.375,29.437,44,52.31,61.688,61.75,62.625,62.563,62.812,62.812;
1705010371,2.93,0,0,74.67,6.68,100,4.375,29.437,44.062,52.31,61.688,61.75,62.625,62.563,62.812,62.812;
1705010373,2.93,0,0,73.67,6.7,100,4.375,29.437,44.062,52.31,61.688,61.75,62.625,62.563,62.812,62.812;
1705010375,2.93,0,0,76,6.69,100,4.375,29.437,44.062,52.31,61.688,61.75,62.625,62.563,62.812,62.812;
1705010377,2.93,0,0,72.67,6.7,100,4.375,29.437,44.062,52.31,61.688,61.75,62.625,62.563,62.812,62.875;
1705010379,2.93,0,0,72,6.69,100,4.375,29.437,44.062,52.31,61.688,61.75,62.625,62.563,62.812,62.812;
1705010381,2.93,0,0,76.67,6.69,100,4.375,29.5,44.062,52.31,61.688,61.75,62.625,62.563,62.812,62.812;
1705010383,2.93,0,0,75,6.69,100,4.375,29.5,44.062,52.31,61.688,61.75,62.625,62.563,62.812,62.812;
1705010385,2.93,0,0,74.33,6.69,100,4.375,29.5,44.062,52.31,61.688,61.75,62.625,62.563,62.812,62.812;
1705010387,2.93,0,0,76.33,6.68,100,4.375,29.5,44.062,52.31,61.688,61.75,62.625,62.563,62.812,62.812;
1705010389,2.93,0,0,75,6.67,100,4.375,29.562,44.062,52.31,61.688,61.75,62.625,62.563,62.812,62.875;
1705010391,2.93,0,0,72.33,6.68,100,4.375,29.562,44.062,52.31,61.688,61.75,62.625,62.5,62.812,62.812;
1705010393,2.93,0,0,75.67,6.69,100,4.375,29.562,44.125,52.31,61.688,61.75,62.625,62.563,62.812,62.875;
1705010395,2.93,0,0,76.67,6.69,100,4.375,29.625,44.125,52.31,61.688,61.75,62.625,62.563,62.812,62.812;
1705010397,2.93,0,0,71.67,6.68,100,4.375,29.687,44.125,52.31,61.688,61.75,62.625,62.563,62.812,62.812;
1705010399,2.93,0,0,76,6.69,100,4.375,29.75,44.188,52.31,61.688,61.75,62.625,62.563,62.812,62.812;
1705010401,2.93,0,0,74,6.68,100,4.375,29.75,44.125,52.31,61.688,61.75,62.625,62.563,62.812,62.812;
1705010403,2.93,0,0,76,6.67,100,4.375,29.813,44.188,52.31,61.688,61.75,62.625,62.563,62.812,62.812;
1705010405,2.93,0,0,78.67,6.68,100,4.375,29.875,44.188,52.31,61.688,61.75,62.625,62.563,62.812,62.812;
1705010407,2.93,0,0,78.33,6.68,100,4.375,29.937,44.188,52.31,61.688,61.75,62.625,62.563,62.812,62.812;
1705010409,2.93,0,0,75.33,6.68,100,4.375,30,44.188,52.31,61.688,61.75,62.625,62.563,62.812,62.812;
1705010411,2.93,0,0,75.33,6.67,100,4.375,30,44.188,52.31,61.688,61.75,62.625,62.5,62.812,62.812;
1705010413,2.93,0,0,75.67,6.67,100,4.375,30.062,44.188,52.31,61.688,61.75,62.625,62.563,62.812,62.812;
1705010415,2.93,0,0,75,6.67,100,4.375,30.125,44.188,52.31,61.688,61.75,62.625,62.563,62.812,62.812;
1705010417,2.93,0,0,77.33,6.67,100,4.312,30.187,44.188,52.31,61.688,61.75,62.625,62.563,62.812,62.812;
1705010419,2.93,0,0,75.67,6.66,100,4.375,30.25,44.188,52.31,61.688,61.75,62.625,62.563,62.812,62.812;
1705010420,2.93,0,0,77,6.67,100,4.375,30.25,44.25,52.31,61.688,61.75,62.625,62.563,62.812,62.812;
1705010422,2.93,0,0,77,6.67,100,4.375,30.312,44.188,52.31,61.688,61.75,62.625,62.563,62.812,62.812;
1705010424,2.93,0,0,79.67,6.66,100,4.375,30.312,44.188,52.31,61.688,61.75,62.625,62.563,62.812,62.875;
1705010426,2.93,0,0,70,6.68,100,4.375,30.312,44.25,52.31,61.688,61.75,62.625,62.563,62.812,62.812;
1705010428,2.93,0,0,73.33,6.65,100,4.375,30.312,44.25,52.31,61.688,61.75,62.625,62.563,62.812,62.812;
1705010430,2.93,0,0,75,6.65,100,4.375,30.25,44.25,52.31,61.688,61.75,62.625,62.563,62.812,62.812;
1705010432,2.93,0,0,79,6.65,100,4.375,30.312,44.25,52.31,61.688,61.75,62.625,62.563,62.812,62.812;
1705010434,2.93,0,0,72,6.65,100,4.375,30.312,44.25,52.31,61.688,61.75,62.625,62.563,62.812,62.812;
1705010436,2.93,0,0,77.67,6.67,100,4.375,30.312,44.25,52.31,61.688,61.75,62.625,62.563,62.812,62.812;
1705010438,2.93,0,0,78.33,6.66,100,4.375,30.375,44.25,52.31,61.688,61.75,62.625,62.563,62.812,62.812;
1705010440,2.93,0,0,76.67,6.65,100,4.375,30.375,44.313,52.31,61.688,61.75,62.625,62.563,62.812,62.812;
1705010442,2.93,0,0,77.33,6.65,100,4.375,30.438,44.313,52.31,61.688,61.75,62.625,62.563,62.812,62.812;
1705010444,2.93,0,0,71.33,6.66,100,4.375,30.5,44.313,52.25,61.688,61.75,62.625,62.563,62.812,62.875;
1705010446,2.93,0,0,78,6.64,100,4.375,30.562,44.313,52.25,61.688,61.75,62.625,62.563,62.812,62.812;
1705010448,2.93,0,0,75.67,6.65,100,4.375,30.625,44.313,52.31,61.688,61.75,62.625,62.5,62.812,62.812;
1705010450,2.93,0,0,74,6.66,100,4.375,30.687,44.375,52.25,61.688,61.75,62.625,62.563,62.812,62.812;
1705010452,2.93,0,0,75,6.65,100,4.375,30.75,44.375,52.25,61.688,61.75,62.625,62.563,62.812,62.812;
1705010454,2.93,0,0,74,6.64,100,4.375,30.875,44.375,52.25,61.688,61.75,62.625,62.563,62.812,62.812;
1705010456,2.93,0,0,77.33,6.65,100,4.375,30.875,44.438,52.25,61.688,61.75,62.625,62.563,62.812,62.812;
1705010458,2.93,0,0,76.33,6.67,100,4.375,30.937,44.438,52.25,61.688,61.75,62.625,62.563,62.812,62.812;
1705010460,2.93,0,0,76,6.66,100,4.375,31,44.438,52.25,61.688,61.75,62.625,62.563,62.812,62.812;
1705010462,2.93,0,0,74,6.65,100,4.375,31.125,44.438,52.25,61.688,61.75,62.625,62.563,62.812,62.812;
1705010464,2.93,0,0,75,6.64,100,4.375,31.125,44.438,52.25,61.688,61.75,62.625,62.563,62.812,62.812;
1705010466,2.93,0,0,75,6.65,100,4.375,31.25,44.5,52.25,61.688,61.75,62.625,62.563,62.812,62.812;
1705010468,2.93,0,0,78.67,6.64,100,4.375,31.312,44.5,52.25,61.688,61.75,62.625,62.563,62.812,62.812;
1705010469,2.93,0,0,75,6.65,100,4.375,31.312,44.5,52.25,61.688,61.75,62.625,62.563,62.812,62.812;
1705010471,2.93,0,0,77.67,6.64,100,4.375,31.375,44.5,52.25,61.688,61.75,62.625,62.563,62.812,62.812;
1705010473,2.93,0,0,78,6.65,100,4.375,31.437,44.5,52.25,61.688,61.75,62.625,62.563,62.812,62.812;
1705010475,2.93,0,0,72.67,6.63,100,4.375,31.5,44.563,52.25,61.688,61.75,62.625,62.563,62.812,62.812;
1705010477,2.93,0,0,74.67,6.64,100,4.375,31.5,44.563,52.25,61.688,61.75,62.625,62.563,62.812,62.812;
1705010479,2.93,0,0,71.33,6.63,100,4.375,31.562,44.563,52.25,61.688,61.75,62.625,62.563,62.812,62.812;
1705010481,2.93,0,0,73.67,6.64,100,4.375,31.625,44.563,52.25,61.688,61.75,62.625,62.563,62.812,62.812;
1705010483,2.93,0,0,76,6.65,100,4.375,31.625,44.625,52.25,61.688,61.75,62.625,62.563,62.812,62.812;
1705010485,2.93,0,0,75.67,6.63,100,4.375,31.688,44.625,52.25,61.688,61.75,62.625,62.563,62.812,62.812;
1705010487,2.93,0,0,74,6.64,100,4.375,31.75,44.625,52.31,61.688,61.75,62.625,62.563,62.812,62.812;
1705010489,2.93,0,0,71,6.63,100,4.375,31.75,44.625,52.31,61.688,61.75,62.625,62.563,62.812,62.812;
1705010491,2.93,0,0,75.67,6.63,100,4.375,31.812,44.687,52.31,61.688,61.75,62.625,62.563,62.812,62.812;
1705010493,2.93,0,0,72.67,6.64,100,4.375,31.875,44.687,52.31,61.688,61.75,62.625,62.563,62.812,62.812;
1705010495,2.93,0,0,78,6.62,100,4.375,31.937,44.687,52.31,61.688,61.75,62.625,62.563,62.812,62.812;
1705010497,2.93,0,0,76,6.63,100,4.375,31.937,44.687,52.25,61.688,61.75,62.625,62.563,62.812,62.812;
1705010499,2.93,0,0,78.33,6.62,100,4.375,32,44.687,52.31,61.688,61.75,62.625,62.563,62.812,62.812;
1705010501,2.93,0,0,76.67,6.64,100,4.375,32.063,44.687,52.31,61.688,61.75,62.625,62.563,62.812,62.812;
1705010503,2.93,0,0,75,6.63,100,4.375,32.063,44.75,52.31,61.688,61.75,62.625,62.563,62.75,62.812;
1705010505,2.93,0,0,72.67,6.62,100,4.375,32.125,44.687,52.31,61.688,61.75,62.625,62.563,62.812,62.812;
1705010507,2.93,0,0,74,6.63,100,4.375,32.188,44.75,52.31,61.688,61.75,62.625,62.563,62.812,62.812;
1705010509,2.93,0,0,76,6.64,100,4.375,32.25,44.75,52.31,61.688,61.75,62.625,62.563,62.75,62.812;
1705010511,2.93,0,0,72,6.62,100,4.375,32.313,44.75,52.31,61.688,61.75,62.625,62.563,62.812,62.812;
1705010513,2.93,0,0,73.67,6.63,100,4.375,32.375,44.75,52.31,61.688,61.75,62.625,62.563,62.812,62.812;
1705010515,2.93,0,0,74.67,6.63,100,4.375,32.438,44.75,52.31,61.688,61.75,62.625,62.563,62.812,62.812;
1705010516,2.93,0,0,72.67,6.62,100,4.375,32.5,44.75,52.31,61.688,61.75,62.625,62.563,62.812,62.812;
1705010518,2.93,0,0,74,6.62,100,4.375,32.563,44.75,52.31,61.688,61.75,62.625,62.563,62.812,62.812;
1705010520,2.93,0,0,76.33,6.62,100,4.375,32.625,44.75,52.31,61.688,61.75,62.625,62.563,62.812,62.812;
1705010522,2.93,0,0,77.67,6.62,100,4.375,32.688,44.813,52.31,61.688,61.75,62.625,62.563,62.812,62.812;
1705010524,2.93,0,0,77.33,6.61,100,4.375,32.75,44.813,52.31,61.688,61.75,62.625,62.563,62.812,62.875;
1705010526,2.93,0,0,71,6.6,100,4.375,32.813,44.813,52.38,61.688,61.75,62.625,62.563,62.812,62.812;
1705010528,2.93,0,0,72,6.61,100,4.375,32.938,44.875,52.38,61.688,61.75,62.625,62.563,62.812,62.812;
1705010530,2.93,0,0,75.67,6.61,100,4.375,33,44.875,52.31,61.688,61.75,62.625,62.563,62.812,62.812;
1705010532,2.93,0,0,71.67,6.61,100,4.375,33,44.875,52.31,61.688,61.75,62.625,62.563,62.812,62.812;
1705010534,2.93,0,0,76,6.61,100,4.375,33.063,44.875,52.38,61.688,61.75,62.625,62.563,62.812,62.812;
1705010536,2.93,0,0,72.67,6.6,100,4.375,33.125,44.938,52.38,61.688,61.75,62.625,62.563,62.812,62.812;
1705010538,2.93,0,0,72,6.6,100,4.375,33.188,44.938,52.38,61.688,61.75,62.625,62.563,62.812,62.812;
1705010540,2.93,0,0,74.33,6.61,100,4.375,33.25,45,52.38,61.688,61.75,62.625,62.563,62.812,62.812;
1705010542,2.93,0,0,72.33,6.61,100,4.375,33.313,45,52.44,61.688,61.75,62.625,62.563,62.812,62.812;
1705010544,2.93,0,0,70,6.6,100,4.375,33.375,45.063,52.38,61.688,61.75,62.625,62.563,62.812,62.812;
1705010546,2.93,0,0,72.67,6.61,100,4.375,33.438,45.063,52.44,61.688,61.75,62.625,62.563,62.812,62.812;
1705010548,2.93,0,0,74,6.61,100,4.375,33.438,45.063,52.44,61.688,61.75,62.625,62.563,62.812,62.812;
1705010550,2.93,0,0,69,6.58,100,4.375,33.5,45.125,52.44,61.688,61.75,62.625,62.563,62.812,62.812;
1705010552,2.93,0,0,70,6.59,100,4.375,33.5,45.125,52.44,61.688,61.75,62.625,62.563,62.812,62.812;
1705010554,2.93,0,0,70.67,6.6,100,4.375,33.563,45.125,52.44,61.688,61.75,62.625,62.563,62.812,62.812;
1705010556,2.93,0,0,75.33,6.61,100,4.375,33.563,45.188,52.44,61.688,61.75,62.625,62.563,62.812,62.812;
1705010558,2.93,0,0,70.67,6.59,100,4.375,33.563,45.188,52.44,61.688,61.75,62.625,62.563,62.812,62.812;
1705010560,2.93,0,0,75.33,6.59,100,4.375,33.625,45.188,52.5,61.688,61.75,62.625,62.563,62.812,62.812;
1705010562,2.93,0,0,74.67,6.59,100,4.375,33.625,45.188,52.44,61.688,61.75,62.625,62.563,62.812,62.812;
1705010564,2.93,0,0,74,6.58,100,4.375,33.625,45.25,52.5,61.688,61.75,62.625,62.563,62.812,62.812;
1705010565,2.93,0,0,70.33,6.6,100,4.375,33.625,45.25,52.5,61.688,61.75,62.625,62.563,62.812,62.812;
1705010567,2.93,0,0,73,6.59,100,4.375,33.563,45.25,52.5,61.688,61.75,62.625,62.563,62.812,62.812;
1705010569,2.93,0,0,74.67,6.59,100,4.375,33.563,45.25,52.5,61.688,61.75,62.625,62.563,62.812,62.812;
1705010571,2.93,0,0,73,6.59,100,4.375,33.563,45.25,52.5,61.688,61.75,62.625,62.563,62.812,62.812;
1705010573,2.93,0,0,69.67,6.59,100,4.375,33.5,45.25,52.5,61.688,61.813,62.625,62.563,62.812,62.812;
1705010575,2.93,0,0,74.67,6.59,100,4.375,33.5,45.25,52.56,61.688,61.75,62.625,62.563,62.812,62.812;
1705010577,2.93,0,0,71,6.58,100,4.375,33.438,45.25,52.5,61.688,61.75,62.625,62.5,62.812,62.812;
1705010579,2.93,0,0,72.67,6.59,100,4.375,33.438,45.25,52.5,61.688,61.75,62.625,62.563,62.812,62.812;
1705076646,2.99,0,0,84,1.78,100,1.875,25.25,45.25,53,61.688,61.75,62.625,62.563,62.812,62.812;
1705078217,2.98,0,0,83,2.62,100,2.563,17.125,43,52.38,61.688,61.75,62.625,62.563,62.812,62.812;
1705078219,2.98,0,0,85.67,2.65,100,2.5,17.125,43,52.38,61.688,61.75,62.625,62.625,62.812,62.812;
1705078221,2.98,0,0,86,2.64,100,2.563,17.062,43,52.38,61.688,61.75,62.625,62.563,62.812,62.812;
1705078283,2.97,0,0,85.33,3.24,100,2.5,16.312,42.688,52.19,61.688,61.75,62.625,62.563,62.812,62.812;
1705078285,2.97,0,0,82.33,255,255,2.5,16.375,42.688,52.19,61.688,61.75,62.625,62.625,62.812,62.812;
1705078287,2.97,0,0,84.33,3.37,100,2.5,16.437,42.688,52.13,61.688,61.75,62.625,62.625,62.812,62.812;
1705078289,2.97,0,0,80.67,3.33,100,2.5,16.5,42.688,52.13,61.688,61.75,62.625,62.625,62.812,62.812;
1705078291,2.97,0,0,85.33,3.34,100,2.5,16.5,42.688,52.13,61.688,61.75,62.625,62.625,62.812,62.812;
1705078293,2.97,0,0,85.33,3.34,100,2.5,16.562,42.688,52.13,61.688,61.75,62.625,62.625,62.812,62.812;
1705078295,2.97,0,0,79.67,3.33,100,2.5,16.625,42.688,52.13,61.688,61.75,62.625,62.625,62.812,62.812;
1705078297,2.97,0,0,81.67,3.36,100,2.5,16.75,42.688,52.13,61.688,61.75,62.625,62.625,62.812,62.812;
1705078299,2.97,0,0,80.33,3.37,100,2.5,16.812,42.688,52.13,61.688,61.75,62.625,62.625,62.812,62.812;
1705078301,2.97,0,0,85.67,3.39,100,2.5,16.937,42.688,52.13,61.688,61.75,62.625,62.625,62.812,62.812;
1705078303,2.97,0,0,85.33,3.4,100,2.5,17.062,42.688,52.13,61.688,61.75,62.625,62.625,62.812,62.812;
1705078305,2.97,0,0,86.33,3.41,100,2.5,17.187,42.688,52.13,61.688,61.75,62.625,62.625,62.812,62.812;
1705078307,2.97,0,0,79,3.42,100,2.5,17.312,42.75,52.06,61.688,61.75,62.625,62.625,62.812,62.812;
1705078309,2.97,0,0,87.33,3.42,100,2.438,17.437,42.75,52.06,61.688,61.75,62.625,62.625,62.812,62.812;
1705078311,2.97,0,0,89.33,3.44,100,2.5,17.562,42.75,52.06,61.688,61.75,62.625,62.625,62.812,62.812;
1705078313,2.97,0,0,84.67,3.45,100,2.438,17.75,42.75,52.06,61.688,61.75,62.625,62.625,62.812,62.812;
1705078315,2.97,0,0,79.33,3.45,100,2.5,17.875,42.75,52.06,61.688,61.75,62.625,62.625,62.812,62.812;
1705078317,2.97,0,0,91,3.46,100,2.438,18.062,42.75,52.06,61.688,61.75,62.625,62.625,62.812,62.812;
1705078319,2.97,0,0,83.67,255,255,2.438,18.187,42.75,52.06,61.688,61.75,62.625,62.625,62.812,62.812;
1705078321,2.97,0,0,79.33,255,255,2.438,18.375,42.75,52.06,61.688,61.75,62.625,62.625,62.812,62.875;
1705078323,2.97,0,0,83,3.73,100,2.438,18.5,42.75,52.06,61.688,61.75,62.625,62.625,62.812,62.812;
1705078325,2.97,0,0,84.67,255,255,2.438,18.625,42.75,52.06,61.688,61.75,62.625,62.625,62.812,62.812;
1705078327,2.97,0,0,84.33,255,255,2.438,18.812,42.812,52.06,61.688,61.75,62.625,62.625,62.812,62.812;
1705078329,2.97,0,0,88.33,255,255,2.438,18.937,42.812,52.06,61.688,61.75,62.625,62.625,62.812,62.812;
1705078331,2.97,0,0,89.33,3.76,100,2.438,19.062,42.75,52.06,61.688,61.75,62.625,62.625,62.812,62.812;
1705078333,2.97,0,0,85,3.66,100,2.438,19.187,42.812,52.06,61.688,61.75,62.625,62.625,62.812,62.875;
1705078335,2.97,0,0,87,255,255,2.438,19.25,42.812,52.06,61.688,61.75,62.625,62.625,62.812,62.812;
1705078337,2.97,0,0,88,3.92,100,2.438,19.375,42.812,52.06,61.688,61.75,62.625,62.625,62.812,62.812;
1705078339,2.97,0,0,82.67,3.71,100,2.438,19.5,42.812,52.06,61.688,61.75,62.625,62.625,62.812,62.812;
1705078341,2.97,0,0,86,3.75,100,2.438,19.625,42.812,52.06,61.688,61.75,62.625,62.625,62.812,62.812;
1705078343,2.97,0,0,85.33,255,255,2.438,19.75,42.812,52.06,61.688,61.75,62.625,62.625,62.812,62.812;
1705078345,2.97,0,0,80.67,255,255,2.438,19.812,42.812,52.06,61.688,61.75,62.625,62.625,62.812,62.812;
1705078347,2.97,0,0,83.33,255,255,2.438,19.875,42.812,52.06,61.688,61.75,62.625,62.625,62.812,62.812;
1705078349,2.97,0,0,80,255,255,2.438,19.937,42.812,52.06,61.688,61.75,62.625,62.625,62.812,62.812;
1705078351,2.97,0,0,86,3.98,100,2.438,20.062,42.812,52.06,61.688,61.75,62.625,62.625,62.812,62.812;
1705078353,2.97,0,0,82.67,3.79,100,2.438,20.125,42.812,52.06,61.688,61.75,62.625,62.625,62.812,62.812;
1705078354,2.97,0,0,82.67,3.71,100,2.438,20.187,42.812,52.06,61.688,61.75,62.625,62.625,62.75,62.812;
1705078356,2.97,0,0,85,3.68,100,2.438,20.187,42.812,52.06,61.688,61.75,62.625,62.625,62.812,62.812;
1705078358,2.97,0,0,84,3.67,100,2.438,20.25,42.812,52.06,61.688,61.75,62.625,62.625,62.812,62.812;
1705078360,2.97,0,0,80,3.64,100,2.438,20.25,42.812,52.06,61.688,61.75,62.625,62.625,62.812,62.812;
1705078362,2.97,0,0,83,3.62,100,2.438,20.312,42.812,52.06,61.688,61.75,62.625,62.625,62.812,62.812;
1705078364,2.97,0,0,82.33,3.61,100,2.438,20.312,42.812,52.06,61.688,61.75,62.625,62.625,62.812,62.812;
1705078366,2.97,0,0,83,3.61,100,2.438,20.375,42.812,52.06,61.688,61.75,62.625,62.625,62.812,62.812;
1705078368,2.97,0,0,87,3.59,100,2.438,20.375,42.812,52.06,61.688,61.75,62.625,62.625,62.812,62.812;
1705078370,2.97,0,0,83,3.57,100,2.438,20.5,42.875,52.06,61.688,61.75,62.625,62.625,62.812,62.812;
1705078372,2.97,0,0,83.67,3.57,100,2.438,20.562,42.812,52.13,61.688,61.75,62.625,62.625,62.812,62.812;
1705078374,2.97,0,0,83,3.58,100,2.438,20.625,42.812,52.13,61.688,61.75,62.625,62.625,62.812,62.812;
1705078376,2.97,0,0,82.33,3.57,100,2.438,20.75,42.812,52.13,61.688,61.75,62.625,62.625,62.812,62.812;
1705078378,2.97,0,0,84.67,3.57,100,2.438,20.812,42.875,52.13,61.688,61.75,62.625,62.625,62.812,62.812;
1705078380,2.97,0,0,84.33,3.57,100,2.438,20.875,42.812,52.13,61.688,61.75,62.625,62.625,62.812,62.812;
1705078382,2.97,0,0,80,3.56,100,2.438,20.875,42.875,52.13,61.688,61.75,62.625,62.625,62.812,62.812;
1705078384,2.97,0,0,81.33,3.54,100,2.438,20.937,42.875,52.13,61.688,61.75,62.625,62.625,62.812,62.812;
1705078386,2.97,0,0,85.67,3.55,100,2.438,21,42.875,52.13,61.688,61.813,62.625,62.625,62.812,62.812;
1705078388,2.97,0,0,84.67,3.55,100,2.438,21.063,42.875,52.13,61.688,61.75,62.625,62.625,62.812,62.812;
1705078390,2.97,0,0,85.67,3.55,100,2.438,21.125,42.875,52.13,61.688,61.75,62.625,62.563,62.812,62.812;
1705078392,2.97,0,0,83.33,3.53,100,2.438,21.187,42.938,52.13,61.688,61.75,62.625,62.625,62.812,62.812;
1705078394,2.97,0,0,83.33,3.52,100,2.438,21.25,42.938,52.13,61.688,61.75,62.625,62.563,62.812,62.812;
1705078396,2.97,0,0,83.67,3.52,100,2.438,21.375,42.938,52.13,61.688,61.75,62.625,62.563,62.812,62.812;
1705078398,2.97,0,0,82.33,3.53,100,2.438,21.5,43,52.13,61.688,61.75,62.625,62.625,62.812,62.812;
1705078400,2.97,0,0,83.33,3.51,100,2.438,21.562,43,52.13,61.688,61.75,62.625,62.563,62.812,62.812;
1705078402,2.97,0,0,82,3.53,100,2.438,21.688,43,52.13,61.688,61.813,62.625,62.625,62.812,62.812;
1705078404,2.97,0,0,79,3.49,100,2.438,21.812,43.063,52.13,61.688,61.75,62.625,62.563,62.812,62.812;
1705078406,2.97,0,0,85,3.5,100,2.438,21.937,43.063,52.13,61.688,61.75,62.625,62.625,62.812,62.812;
1705078408,2.97,0,0,84.33,3.5,100,2.438,22,43.063,52.13,61.688,61.75,62.625,62.563,62.812,62.812;
1705078410,2.97,0,0,80.33,3.5,100,2.438,22.125,43.125,52.13,61.688,61.75,62.625,62.625,62.812,62.812;
1705078412,2.97,0,0,84.67,3.49,100,2.438,22.313,43.125,52.13,61.688,61.75,62.625,62.625,62.812,62.812;
1705078414,2.97,0,0,79.33,3.5,100,2.438,22.375,43.125,52.13,61.688,61.75,62.625,62.625,62.812,62.812;
1705078416,2.97,0,0,80.67,3.5,100,2.438,22.562,43.125,52.13,61.688,61.75,62.625,62.625,62.812,62.812;
1705078418,2.97,0,0,84.33,3.5,100,2.438,22.687,43.188,52.13,61.688,61.813,62.625,62.625,62.812,62.812;
1705078420,2.97,0,0,85.67,3.5,100,2.438,22.812,43.188,52.13,61.688,61.75,62.625,62.563,62.812,62.812;
1705078422,2.97,0,0,80.67,3.5,100,2.438,23,43.188,52.13,61.688,61.75,62.625,62.563,62.75,62.812;
1705078424,2.97,0,0,82.67,3.48,100,2.438,23.125,43.188,52.13,61.688,61.75,62.625,62.563,62.812,62.812;
1705078426,2.97,0,0,85.33,3.48,100,2.438,23.312,43.188,52.13,61.688,61.75,62.625,62.563,62.812,62.812;
1705078428,2.97,0,0,82.33,3.5,100,2.438,23.437,43.25,52.13,61.688,61.75,62.625,62.563,62.812,62.875;
1705078430,2.97,0,0,83.33,3.5,100,2.438,23.625,43.25,52.13,61.688,61.75,62.625,62.563,62.812,62.812;
1705078432,2.97,0,0,81.33,3.48,100,2.438,23.75,43.25,52.13,61.688,61.75,62.625,62.625,62.812,62.812;
1705078433,2.97,0,0,83.67,3.48,100,2.438,23.937,43.313,52.19,61.688,61.75,62.625,62.563,62.812,62.812;
1705078435,2.97,0,0,81.33,3.48,100,2.438,24.062,43.313,52.19,61.688,61.75,62.625,62.625,62.812,62.812;
1705078437,2.97,0,0,84,3.46,100,2.438,24.25,43.313,52.13,61.688,61.75,62.625,62.625,62.812,62.812;
1705078439,2.97,0,0,83.67,3.46,100,2.438,24.437,43.313,52.19,61.688,61.75,62.625,62.563,62.812,62.812;
1705078441,2.97,0,0,85,3.47,100,2.438,24.562,43.375,52.19,61.688,61.75,62.625,62.563,62.812,62.812;
1705078443,2.97,0,0,83.67,3.47,100,2.438,24.687,43.375,52.19,61.688,61.75,62.625,62.563,62.812,62.812;
1705078445,2.97,0,0,79,3.48,100,2.438,24.813,43.375,52.19,61.688,61.75,62.625,62.563,62.812,62.812;
1705078447,2.97,0,0,80.67,3.45,100,2.438,24.937,43.375,52.19,61.688,61.75,62.625,62.563,62.812,62.812;
1705078449,2.97,0,0,81,3.45,100,2.438,25,43.375,52.19,61.688,61.75,62.625,62.563,62.812,62.812;
1705078451,2.97,0,0,83.33,3.46,100,2.438,25.125,43.375,52.19,61.688,61.75,62.625,62.563,62.812,62.812;
1705078453,2.97,0,0,78.33,3.46,100,2.438,25.125,43.375,52.19,61.688,61.75,62.625,62.563,62.812,62.812;
1705078455,2.97,0,0,83.67,3.45,100,2.438,25.25,43.375,52.19,61.688,61.75,62.625,62.563,62.812,62.812;
1705078457,2.97,0,0,81.67,3.46,100,2.438,25.312,43.375,52.19,61.688,61.75,62.625,62.563,62.75,62.812;
1705078459,2.97,0,0,80.67,3.44,100,2.438,25.312,43.437,52.19,61.688,61.75,62.625,62.563,62.812,62.875;
1705078461,2.97,0,0,80.67,3.44,100,2.438,25.375,43.375,52.19,61.688,61.75,62.625,62.563,62.812,62.812;
1705078463,2.97,0,0,82.67,3.45,100,2.438,25.375,43.375,52.19,61.688,61.75,62.625,62.563,62.812,62.812;
1705078465,2.97,0,0,81,3.46,100,2.438,25.438,43.437,52.19,61.688,61.75,62.625,62.563,62.812,62.875;
1705078467,2.97,0,0,83.33,3.44,100,2.438,25.5,43.437,52.19,61.688,61.75,62.625,62.563,62.812,62.812;
1705078469,2.97,0,0,82,3.46,100,2.438,25.5,43.437,52.19,61.688,61.75,62.625,62.563,62.812,62.812;
1705078471,2.97,0,0,83,3.45,100,2.438,25.562,43.437,52.19,61.688,61.75,62.625,62.563,62.812,62.812;
1705078473,2.97,0,0,86,3.44,100,2.438,25.625,43.437,52.25,61.688,61.75,62.625,62.563,62.812,62.875;
1705078475,2.97,0,0,82,3.44,100,2.438,25.625,43.437,52.25,61.688,61.75,62.625,62.625,62.812,62.812;
1705078477,2.97,0,0,84.67,3.43,100,2.438,25.625,43.375,52.25,61.688,61.75,62.625,62.563,62.812,62.812;
1705078479,2.97,0,0,83,3.45,100,2.438,25.625,43.375,52.25,61.688,61.75,62.625,62.563,62.812,62.812;
1705078481,2.97,0,0,82.33,3.43,100,2.438,25.562,43.375,52.25,61.688,61.75,62.625,62.563,62.812,62.812;
1705078483,2.97,0,0,81.33,3.44,100,2.438,25.5,43.375,52.25,61.688,61.75,62.625,62.563,62.812,62.812;
1705078484,2.97,0,0,80,3.42,100,2.438,25.438,43.375,52.25,61.688,61.75,62.625,62.563,62.812,62.812;
1705078486,2.97,0,0,81.33,3.44,100,2.438,25.375,43.375,52.25,61.688,61.75,62.625,62.563,62.812,62.812;
1705078488,2.97,0,0,81.67,3.43,100,2.438,25.25,43.313,52.25,61.688,61.75,62.625,62.563,62.812,62.812;
1705078490,2.97,0,0,82.33,3.44,100,2.438,25.125,43.313,52.25,61.688,61.75,62.625,62.563,62.812,62.812;
1705078492,2.97,0,0,83,3.42,100,2.438,25.062,43.313,52.25,61.688,61.75,62.625,62.563,62.75,62.812;
1705078494,2.97,0,0,88.33,3.43,100,2.438,24.937,43.313,52.25,61.688,61.75,62.625,62.563,62.812,62.812;
1705078496,2.97,0,0,81.67,3.4,100,2.438,24.813,43.25,52.25,61.688,61.75,62.625,62.563,62.812,62.812;
1705078498,2.97,0,0,83.33,3.42,100,2.438,24.687,43.25,52.25,61.688,61.75,62.625,62.563,62.75,62.812;
1705078500,2.96,0,0,81.67,3.41,100,2.438,24.562,43.25,52.25,61.688,61.75,62.625,62.563,62.75,62.812;
1705078502,2.97,0,0,81.67,3.42,100,2.438,24.437,43.25,52.25,61.688,61.75,62.625,62.563,62.812,62.812;
1705078504,2.97,0,0,82.67,3.4,100,2.438,24.375,43.188,52.25,61.688,61.75,62.625,62.563,62.812,62.812;
1705078506,2.97,0,0,82,3.4,100,2.438,24.312,43.188,52.25,61.688,61.75,62.625,62.563,62.812,62.812;
1705078508,2.96,0,0,82,3.4,100,2.438,24.25,43.188,52.25,61.688,61.75,62.625,62.563,62.812,62.812;
1705078510,2.97,0,0,82,3.41,100,2.438,24.125,43.188,52.19,61.688,61.75,62.625,62.563,62.812,62.812;
1705078512,2.97,0,0,82.33,3.41,100,2.438,24.062,43.188,52.19,61.688,61.75,62.625,62.563,62.812,62.812;
1705078514,2.96,0,0,81.67,3.4,100,2.438,24,43.188,52.19,61.688,61.75,62.625,62.563,62.812,62.812;
1705078516,2.96,0,0,79,3.39,100,2.438,24,43.188,52.19,61.688,61.75,62.625,62.563,62.812,62.812;
1705078518,2.97,0,0,82.33,3.39,100,2.438,24,43.188,52.19,61.688,61.75,62.625,62.563,62.812,62.812;
1705078520,2.96,0,0,82.33,3.39,100,2.438,24,43.188,52.19,61.688,61.75,62.625,62.563,62.812,62.812;
1705078522,2.97,0,0,83.33,3.4,100,2.438,24,43.188,52.19,61.688,61.75,62.625,62.563,62.812,62.812;
1705078524,2.96,0,0,80,3.38,100,2.438,24.062,43.188,52.19,61.688,61.75,62.625,62.563,62.812,62.812;
1705078526,2.97,0,0,85,3.4,100,2.438,24.125,43.188,52.19,61.688,61.75,62.625,62.563,62.812,62.812;
1705078528,2.97,0,0,80.67,3.4,100,2.438,24.188,43.188,52.19,61.688,61.75,62.625,62.563,62.812,62.812;
1705078530,2.96,0,0,83.67,3.38,100,2.438,24.188,43.188,52.19,61.688,61.75,62.625,62.563,62.812,62.812;
1705078532,2.97,0,0,80,3.39,100,2.438,24.25,43.188,52.19,61.688,61.75,62.625,62.563,62.812,62.812;
1705078534,2.96,0,0,82.67,3.36,100,2.438,24.312,43.188,52.19,61.688,61.75,62.625,62.563,62.812,62.812;
1705078535,2.96,0,0,83.33,3.38,100,2.438,24.312,43.188,52.19,61.688,61.75,62.625,62.563,62.812,62.812;
1705078537,2.97,0,0,85.33,3.35,100,2.438,24.375,43.188,52.19,61.688,61.75,62.625,62.563,62.812,62.812;
1705078539,2.97,0,0,81,3.38,100,2.438,24.375,43.188,52.19,61.688,61.75,62.625,62.563,62.812,62.812;
1705078541,2.96,0,0,81,3.36,100,2.438,24.437,43.188,52.19,61.688,61.75,62.625,62.625,62.812,62.812;
1705078543,2.96,0,0,84,3.36,100,2.438,24.437,43.188,52.19,61.688,61.75,62.625,62.563,62.812,62.812;
1705078545,2.97,0,0,81.67,3.36,100,2.438,24.437,43.188,52.19,61.688,61.75,62.625,62.625,62.75,62.812;
1705078547,2.96,0,0,83.67,3.35,100,2.438,24.437,43.188,52.19,61.688,61.75,62.625,62.563,62.812,62.812;
1705078549,2.96,0,0,80.67,3.35,100,2.438,24.437,43.188,52.19,61.688,61.75,62.625,62.625,62.812,62.812;
1705078551,2.96,0,0,82.33,3.36,100,2.438,24.437,43.188,52.19,61.688,61.75,62.625,62.563,62.812,62.812;
1705078553,2.96,0,0,78.67,3.35,100,2.438,24.437,43.125,52.19,61.688,61.813,62.625,62.563,62.812,62.812;
1705078555,2.96,0,0,81.67,3.36,100,2.438,24.375,43.125,52.19,61.688,61.75,62.625,62.563,62.812,62.812;
1705078557,2.96,0,0,80.67,3.35,100,2.438,24.312,43.125,52.19,61.688,61.75,62.625,62.625,62.812,62.812;
1705078559,2.96,0,0,83,3.35,100,2.438,24.25,43.063,52.19,61.688,61.75,62.625,62.563,62.812,62.812;
1705078561,2.96,0,0,78.67,3.34,100,2.438,24.188,43.063,52.19,61.688,61.75,62.625,62.563,62.812,62.812;
1705078563,2.96,0,0,81,3.34,100,2.438,24.125,43.063,52.19,61.688,61.75,62.625,62.563,62.812,62.812;
1705078565,2.96,0,0,82,3.35,100,2.438,24,43.063,52.19,61.688,61.75,62.625,62.563,62.812,62.812;
1705078567,2.96,0,0,84.33,3.32,100,2.438,23.937,43,52.19,61.688,61.75,62.625,62.563,62.812,62.812;
1705078569,2.96,0,0,82.67,3.33,100,2.438,23.812,43,52.19,61.688,61.75,62.625,62.563,62.812,62.812;
1705078571,2.96,0,0,81,3.34,100,2.438,23.75,43,52.19,61.688,61.75,62.625,62.563,62.812,62.812;
1705078573,2.96,0,0,80,3.35,100,2.438,23.625,43,52.13,61.688,61.75,62.625,62.563,62.812,62.812;
1705078575,2.96,0,0,81.33,3.33,100,2.375,23.563,42.938,52.19,61.688,61.75,62.625,62.563,62.812,62.812;
1705078577,2.96,0,0,82.67,3.34,100,2.375,23.437,42.938,52.19,61.688,61.75,62.625,62.563,62.812,62.812;
1705078579,2.96,0,0,79.33,3.34,100,2.438,23.375,42.938,52.19,61.688,61.75,62.625,62.563,62.812,62.812;
1705078581,2.96,0,0,84.33,3.33,100,2.375,23.25,42.875,52.13,61.688,61.75,62.625,62.625,62.812,62.812;
1705078583,2.96,0,0,83.33,3.32,100,2.438,23.125,42.875,52.13,61.688,61.813,62.625,62.563,62.812,62.812;
1705078584,2.96,0,0,82,3.33,100,2.438,23,42.875,52.13,61.688,61.75,62.625,62.563,62.812,62.812;
1705078586,2.96,0,0,79.67,3.32,100,2.375,22.875,42.875,52.13,61.688,61.75,62.625,62.563,62.812,62.812;
1705078588,2.96,0,0,84.33,3.33,100,2.438,22.75,42.812,52.13,61.688,61.75,62.625,62.563,62.812,62.812;
1705078590,2.96,0,0,81.33,3.3,100,2.438,22.625,42.812,52.13,61.688,61.75,62.625,62.625,62.812,62.812;
1705078592,2.96,0,0,86.33,3.31,100,2.375,22.5,42.812,52.13,61.688,61.75,62.625,62.563,62.812,62.812;
1705078594,2.96,0,0,82.33,3.32,100,2.375,22.437,42.812,52.13,61.688,61.75,62.625,62.625,62.812,62.812;
1705078596,2.96,0,0,83,3.3,100,2.375,22.313,42.812,52.13,61.688,61.75,62.625,62.625,62.812,62.812;
1705078598,2.96,0,0,79,3.32,100,2.438,22.313,42.812,52.13,61.688,61.75,62.625,62.563,62.812,62.812;
1705078600,2.96,0,0,82,3.31,100,2.438,22.25,42.812,52.13,61.688,61.75,62.625,62.563,62.812,62.812;
1705078602,2.96,0,0,81.33,3.31,100,2.438,22.25,42.812,52.13,61.688,61.75,62.625,62.563,62.812,62.812;
1705078604,2.96,0,0,84,3.29,100,2.438,22.187,42.812,52.13,61.688,61.75,62.625,62.563,62.812,62.812;
1705078606,2.96,0,0,86.33,3.3,100,2.375,22.187,42.812,52.13,61.688,61.75,62.625,62.563,62.812,62.812;
1705078608,2.96,0,0,81.67,3.3,100,2.438,22.187,42.812,52.13,61.688,61.75,62.625,62.625,62.812,62.812;
1705078610,2.96,0,0,80.33,3.28,100,2.438,22.187,42.812,52.13,61.688,61.75,62.625,62.563,62.812,62.812;
1705078612,2.96,0,0,83,3.29,100,2.438,22.125,42.812,52.13,61.688,61.75,62.625,62.563,62.812,62.812;
1705078614,2.96,0,0,76.67,3.3,100,2.438,22.125,42.812,52.13,61.688,61.75,62.625,62.625,62.812,62.812;
1705078616,2.96,0,0,84,3.31,100,2.438,22.125,42.812,52.13,61.688,61.75,62.625,62.563,62.812,62.812;
1705078618,2.96,0,0,82.33,3.31,100,2.375,22.125,42.812,52.13,61.688,61.75,62.625,62.563,62.812,62.812;
1705078620,2.96,0,0,78,3.29,100,2.438,22.125,42.812,52.06,61.625,61.75,62.625,62.563,62.812,62.812;
1705078622,2.96,0,0,82.67,3.29,100,2.438,22.125,42.812,52.13,61.688,61.75,62.625,62.563,62.812,62.812;
1705078624,2.96,0,0,81.33,3.28,100,2.438,22.187,42.812,52.06,61.688,61.75,62.625,62.563,62.812,62.812;
1705078626,2.96,0,0,84.67,3.31,100,2.438,22.25,42.812,52.06,61.688,61.75,62.625,62.563,62.812,62.812;
1705078628,2.96,0,0,83.33,3.29,100,2.438,22.313,42.812,52.13,61.688,61.75,62.625,62.563,62.812,62.812;
1705078630,2.96,0,0,80.67,3.28,100,2.438,22.313,42.812,52.06,61.688,61.75,62.625,62.563,62.812,62.812;
1705078632,2.96,0,0,83.67,3.28,100,2.438,22.375,42.812,52.13,61.688,61.75,62.625,62.563,62.75,62.812;
1705078634,2.96,0,0,82.33,3.27,100,2.375,22.437,42.875,52.06,61.688,61.75,62.625,62.563,62.812,62.812;
1705078635,2.96,0,0,82.67,3.26,100,2.438,22.5,42.812,52.13,61.688,61.75,62.625,62.563,62.812,62.812;
1705078637,2.96,0,0,87,3.28,100,2.438,22.562,42.875,52.06,61.688,61.75,62.625,62.563,62.812,62.812;
1705078639,2.96,0,0,83.67,3.28,100,2.438,22.562,42.875,52.13,61.688,61.75,62.625,62.563,62.812,62.812;
1705078641,2.96,0,0,80.67,3.27,100,2.438,22.625,42.875,52.13,61.688,61.75,62.625,62.625,62.812,62.812;
1705078643,2.96,0,0,81.67,3.27,100,2.375,22.687,42.875,52.13,61.625,61.75,62.625,62.563,62.812,62.812;
1705078645,2.96,0,0,81.67,3.27,100,2.438,22.75,42.875,52.13,61.688,61.75,62.625,62.563,62.812,62.812;
1705078647,2.96,0,0,86.33,3.27,100,2.438,22.812,42.875,52.13,61.688,61.813,62.625,62.563,62.812,62.812;
1705078649,2.96,0,0,79.67,3.27,100,2.375,22.812,42.875,52.06,61.625,61.75,62.625,62.563,62.812,62.812;
1705078651,2.96,0,0,80.67,3.26,100,2.375,22.812,42.875,52.13,61.688,61.75,62.625,62.563,62.812,62.812;
1705078653,2.96,0,0,82,3.26,100,2.438,22.812,42.875,52.13,61.688,61.75,62.625,62.563,62.812,62.812;
1705078655,2.96,0,0,81.33,3.27,100,2.375,22.812,42.875,52.13,61.688,61.75,62.625,62.625,62.812,62.812;
1705078657,2.96,0,0,83,3.25,100,2.375,22.875,42.875,52.13,61.688,61.75,62.625,62.563,62.812,62.812;
1705078659,2.96,0,0,81.67,3.27,100,2.375,22.875,42.875,52.13,61.688,61.75,62.625,62.563,62.812,62.812;
1705078661,2.96,0,0,80.33,3.24,100,2.375,22.875,42.875,52.06,61.688,61.75,62.625,62.563,62.812,62.812;
1705078663,2.96,0,0,82.33,3.26,100,2.375,22.875,42.875,52.06,61.688,61.75,62.625,62.563,62.812,62.812;
1705078665,2.96,0,0,85,3.25,100,2.375,22.938,42.875,52.06,61.688,61.75,62.625,62.563,62.812,62.812;
1705078667,2.96,0,0,83.33,3.26,100,2.375,23,42.875,52.13,61.688,61.75,62.625,62.625,62.812,62.812;
1705078669,2.96,0,0,81.67,3.26,100,2.375,23.062,42.875,52.13,61.625,61.75,62.625,62.563,62.812,62.812;
1705078671,2.96,0,0,81.33,3.26,100,2.375,23.125,42.938,52.13,61.625,61.75,62.625,62.625,62.812,62.812;
1705078673,2.96,0,0,81,3.25,100,2.375,23.25,42.938,52.13,61.688,61.75,62.625,62.563,62.812,62.812;
1705078675,2.96,0,0,85.33,3.26,100,2.438,23.312,42.938,52.13,61.688,61.75,62.625,62.563,62.812,62.812;
1705078677,2.96,0,0,79,3.26,100,2.375,23.375,42.938,52.13,61.688,61.75,62.625,62.563,62.812,62.812;
1705078679,2.96,0,0,79.67,3.24,100,2.375,23.5,42.938,52.13,61.625,61.75,62.625,62.563,62.812,62.812;
1705078681,2.96,0,0,78.67,3.24,100,2.375,23.563,42.938,52.13,61.688,61.75,62.625,62.563,62.812,62.812;
1705078683,2.96,0,0,81.33,3.25,100,2.375,23.687,43,52.13,61.688,61.75,62.625,62.563,62.812,62.812;
1705078684,2.96,0,0,81,3.26,100,2.375,23.812,43,52.13,61.688,61.75,62.625,62.563,62.812,62.812;
1705078686,2.96,0,0,83.67,3.24,100,2.375,23.937,43,52.13,61.688,61.75,62.625,62.563,62.812,62.812;
1705078688,2.96,0,0,82.67,3.24,100,2.375,24.062,43.063,52.13,61.688,61.75,62.625,62.563,62.812,62.812;
1705078690,2.96,0,0,81.67,3.24,100,2.375,24.25,43.063,52.13,61.688,61.75,62.625,62.625,62.812,62.812;
1705078692,2.96,0,0,80.67,3.25,100,2.375,24.375,43.063,52.13,61.688,61.75,62.625,62.563,62.812,62.812;
1705078694,2.96,0,0,79.67,3.25,100,2.375,24.5,43.063,52.13,61.688,61.75,62.625,62.563,62.812,62.812;
1705078696,2.96,0,0,82,3.23,100,2.375,24.562,43.063,52.13,61.688,61.75,62.625,62.563,62.812,62.812;
1705078698,2.96,0,0,81.33,3.23,100,2.375,24.687,43.063,52.13,61.688,61.75,62.625,62.563,62.812,62.812;
1705078700,2.96,0,0,81.33,3.24,100,2.375,24.75,43.063,52.13,61.688,61.75,62.625,62.563,62.812,62.812;
1705078702,2.96,0,0,81,3.23,100,2.375,24.75,43.063,52.19,61.688,61.75,62.625,62.563,62.812,62.812;
1705078704,2.96,0,0,82,3.23,100,2.375,24.75,43,52.13,61.688,61.75,62.625,62.563,62.812,62.812;
1705078706,2.96,0,0,82.67,3.22,100,2.375,24.687,43,52.13,61.688,61.75,62.625,62.563,62.812,62.812;
1705078708,2.96,0,0,82.33,3.23,100,2.375,24.625,43,52.13,61.688,61.75,62.625,62.563,62.812,62.812;
1705078710,2.96,0,0,81.67,3.22,100,2.375,24.562,43,52.19,61.688,61.75,62.563,62.563,62.812,62.812;
1705078712,2.96,0,0,84.67,3.21,100,2.375,24.5,43,52.13,61.688,61.75,62.625,62.563,62.812,62.812;
1705078714,2.96,0,0,80,3.22,100,2.375,24.375,43,52.19,61.688,61.75,62.563,62.563,62.812,62.812;
1705078716,2.96,0,0,81.67,3.22,100,2.375,24.312,43,52.19,61.688,61.75,62.625,62.625,62.812,62.812;
1705078718,2.96,0,0,77.33,3.22,100,2.375,24.188,43,52.19,61.688,61.75,62.625,62.563,62.812,62.812;
1705078720,2.96,0,0,84,3.22,100,2.375,24.062,43,52.19,61.688,61.75,62.625,62.563,62.812,62.812;
1705078722,2.96,0,0,82,3.21,100,2.375,24,43,52.19,61.688,61.75,62.625,62.563,62.812,62.812;
1705078724,2.96,0,0,79,3.2,100,2.375,23.875,43,52.19,61.688,61.75,62.625,62.563,62.812,62.812;
1705078726,2.96,0,0,79.67,3.22,100,2.375,23.812,43,52.19,61.688,61.75,62.625,62.563,62.812,62.812;
1705078728,2.96,0,0,78,3.2,100,2.375,23.75,43,52.19,61.688,61.75,62.625,62.563,62.812,62.812;
1705078730,2.96,0,0,79.33,3.21,100,2.375,23.625,43,52.19,61.688,61.75,62.625,62.563,62.812,62.812;
1705078732,2.96,0,0,79.33,3.2,100,2.375,23.563,43,52.19,61.688,61.75,62.625,62.563,62.812,62.812;
1705078734,2.96,0,0,79.33,3.2,100,2.375,23.563,43,52.19,61.688,61.75,62.625,62.563,62.812,62.812;
1705078735,2.96,0,0,83.33,3.18,100,2.375,23.5,43,52.19,61.688,61.75,62.625,62.563,62.812,62.812;
1705078737,2.96,0,0,81.67,3.21,100,2.375,23.437,43,52.19,61.688,61.75,62.625,62.563,62.812,62.812;
1705078739,2.96,0,0,83.33,3.2,100,2.375,23.375,43,52.19,61.688,61.75,62.625,62.563,62.812,62.812;
1705078741,2.96,0,0,83,3.2,100,2.375,23.312,43,52.19,61.625,61.75,62.625,62.563,62.812,62.812;
1705078743,2.96,0,0,80.33,3.2,100,2.375,23.312,43,52.19,61.688,61.75,62.625,62.563,62.812,62.812;
1705078745,2.96,0,0,82.67,3.18,100,2.375,23.312,43,52.19,61.625,61.75,62.625,62.563,62.812,62.812;
1705078747,2.96,0,0,81,3.19,100,2.375,23.25,43,52.19,61.688,61.75,62.625,62.563,62.812,62.812;
1705078749,2.96,0,0,85.33,3.19,100,2.375,23.25,43,52.19,61.688,61.75,62.625,62.563,62.75,62.812;
1705078751,2.96,0,0,82.33,3.21,100,2.375,23.187,43,52.19,61.688,61.75,62.625,62.563,62.812,62.812;
1705078753,2.96,0,0,79,3.2,100,2.375,23.187,42.938,52.19,61.688,61.75,62.625,62.563,62.812,62.812;
1705078755,2.96,0,0,82,3.2,100,2.375,23.125,42.938,52.19,61.688,61.75,62.625,62.563,62.812,62.812;
1705078757,2.96,0,0,78.67,3.19,100,2.375,23.062,42.938,52.19,61.688,61.75,62.625,62.563,62.812,62.812;
1705078759,2.96,0,0,80.33,3.19,100,2.375,23.062,42.938,52.19,61.625,61.75,62.625,62.563,62.812,62.812;
1705078761,2.96,0,0,84,3.2,100,2.375,23,42.938,52.19,61.688,61.75,62.625,62.563,62.812,62.812;
1705078763,2.96,0,0,83.33,3.17,100,2.375,22.938,42.938,52.19,61.688,61.75,62.625,62.563,62.812,62.812;
1705078765,2.96,0,0,82.67,3.18,100,2.375,22.938,42.938,52.19,61.688,61.75,62.625,62.563,62.812,62.812;
1705078767,2.96,0,0,83.33,3.19,100,2.375,22.875,42.938,52.19,61.688,61.75,62.625,62.563,62.812,62.812;
1705078769,2.96,0,0,85,3.2,100,2.375,22.812,42.938,52.19,61.688,61.75,62.625,62.563,62.75,62.812;
1705078771,2.96,0,0,82.67,3.18,100,2.375,22.75,42.938,52.19,61.688,61.75,62.625,62.563,62.812,62.812;
1705078773,2.96,0,0,82,3.19,100,2.375,22.75,42.875,52.19,61.688,61.75,62.625,62.563,62.812,62.812;
1705078775,2.96,0,0,85,3.18,100,2.375,22.625,42.875,52.19,61.688,61.75,62.625,62.563,62.812,62.812;
1705078777,2.96,0,0,81,3.18,100,2.375,22.562,42.875,52.19,61.688,61.75,62.625,62.563,62.75,62.812;
1705078779,2.96,0,0,82.33,3.16,100,2.375,22.562,42.875,52.19,61.688,61.75,62.625,62.563,62.812,62.812;
1705078781,2.96,0,0,78.33,3.17,100,2.375,22.437,42.875,52.19,61.688,61.75,62.625,62.563,62.812,62.812;
1705078783,2.96,0,0,82.33,3.17,100,2.375,22.375,42.875,52.19,61.688,61.75,62.625,62.563,62.812,62.812;
1705078784,2.96,0,0,81.67,3.18,100,2.375,22.25,42.812,52.19,61.688,61.75,62.625,62.563,62.812,62.812;
1705078786,2.96,0,0,81.67,3.16,100,2.375,22.187,42.812,52.19,61.688,61.75,62.625,62.563,62.812,62.812;
1705078788,2.96,0,0,84,3.16,100,2.375,22.062,42.812,52.19,61.625,61.75,62.625,62.563,62.812,62.812;
1705078790,2.96,0,0,84.33,3.18,100,2.375,22,42.812,52.19,61.688,61.75,62.625,62.563,62.812,62.812;
1705078792,2.96,0,0,82.33,3.17,100,2.375,21.875,42.75,52.19,61.688,61.75,62.625,62.625,62.812,62.812;
1705078794,2.96,0,0,83.67,3.14,100,2.375,21.75,42.75,52.19,61.625,61.75,62.625,62.563,62.812,62.812;
1705078796,2.96,0,0,81.67,3.17,100,2.375,21.625,42.75,52.19,61.625,61.75,62.625,62.563,62.812,62.812;
1705078798,2.96,0,0,81.67,3.16,100,2.375,21.5,42.75,52.19,61.688,61.75,62.625,62.563,62.812,62.812;
1705078800,2.96,0,0,82.33,3.16,100,2.375,21.437,42.688,52.13,61.688,61.75,62.625,62.563,62.812,62.812;
1705078802,2.96,0,0,79,3.15,100,2.375,21.312,42.688,52.19,61.625,61.75,62.625,62.563,62.812,62.812;
1705078804,2.96,0,0,80,3.15,100,2.375,21.187,42.688,52.13,61.688,61.75,62.625,62.625,62.812,62.812;
1705078806,2.96,0,0,81.67,3.14,100,2.375,21.125,42.688,52.13,61.688,61.75,62.625,62.563,62.812,62.812;
1705078808,2.96,0,0,82,3.14,100,2.375,21,42.688,52.13,61.688,61.75,62.625,62.625,62.812,62.812;
1705078810,2.96,0,0,83.67,3.14,100,2.375,20.937,42.688,52.13,61.688,61.75,62.625,62.563,62.812,62.812;
1705078812,2.96,0,0,83,3.12,100,2.375,20.812,42.625,52.13,61.688,61.75,62.625,62.563,62.812,62.812;
1705078814,2.96,0,0,81.33,3.13,100,2.375,20.75,42.625,52.13,61.688,61.75,62.625,62.563,62.812,62.812;
1705078816,2.96,0,0,79,3.14,100,2.375,20.625,42.625,52.13,61.688,61.75,62.625,62.625,62.812,62.812;
1705078818,2.96,0,0,79.67,3.13,100,2.375,20.625,42.625,52.13,61.625,61.75,62.625,62.563,62.812,62.812;
1705078820,2.96,0,0,84.67,3.13,100,2.375,20.562,42.625,52.13,61.625,61.75,62.625,62.625,62.812,62.812;
1705078822,2.95,0,0,79,3.13,100,2.375,20.5,42.625,52.13,61.688,61.75,62.625,62.563,62.812,62.812;
1705078824,2.96,0,0,80,3.11,100,2.375,20.5,42.625,52.13,61.688,61.75,62.625,62.563,62.812,62.812;
1705078826,2.96,0,0,81.67,3.12,100,2.375,20.438,42.625,52.13,61.688,61.75,62.625,62.563,62.812,62.812;
1705078828,2.96,0,0,81,3.11,100,2.375,20.375,42.563,52.13,61.688,61.75,62.625,62.563,62.812,62.812;
1705078830,2.95,0,0,81.33,3.11,100,2.375,20.312,42.563,52.13,61.688,61.75,62.625,62.563,62.812,62.812;
1705078832,2.96,0,0,78.67,3.12,100,2.375,20.25,42.563,52.13,61.688,61.75,62.625,62.563,62.812,62.812;
1705078833,2.95,0,0,80.67,3.11,100,2.375,20.125,42.563,52.13,61.688,61.75,62.563,62.563,62.812,62.812;
1705078835,2.95,0,0,80.33,3.11,100,2.375,20.062,42.563,52.13,61.688,61.75,62.625,62.563,62.812,62.812;
1705078837,2.95,0,0,80.67,3.1,100,2.375,20,42.563,52.13,61.688,61.75,62.625,62.625,62.812,62.812;
1705078839,2.96,0,0,83.67,3.11,100,2.375,19.875,42.5,52.13,61.688,61.75,62.625,62.563,62.812,62.812;
1705078841,2.95,0,0,77.33,3.11,100,2.375,19.75,42.5,52.13,61.688,61.75,62.625,62.563,62.812,62.812;
1705078843,2.95,0,0,77.33,3.1,100,2.375,19.687,42.5,52.06,61.688,61.75,62.625,62.563,62.812,62.812;
1705078845,2.96,0,0,80.67,3.1,100,2.375,19.562,42.5,52.13,61.688,61.75,62.625,62.625,62.812,62.812;
1705078847,2.95,0,0,78.67,3.09,100,2.375,19.5,42.438,52.06,61.688,61.75,62.625,62.563,62.812,62.812;
1705078849,2.96,0,0,80.67,3.09,100,2.375,19.375,42.5,52.06,61.688,61.75,62.625,62.563,62.812,62.812;
1705078851,2.96,0,0,81.67,3.11,100,2.375,19.312,42.5,52.13,61.688,61.75,62.625,62.563,62.75,62.812;
1705078853,2.95,0,0,80.67,3.09,100,2.375,19.25,42.438,52.06,61.688,61.75,62.625,62.625,62.812,62.812;
1705078855,2.96,0,0,81.67,3.09,100,2.375,19.187,42.438,52.06,61.688,61.75,62.625,62.563,62.75,62.812;
1705078857,2.96,0,0,79.67,3.07,100,2.375,19.125,42.438,52.06,61.688,61.75,62.625,62.625,62.812,62.812;
1705078859,2.95,0,0,80.33,3.09,100,2.375,19.125,42.438,52.06,61.688,61.75,62.625,62.563,62.812,62.812;
1705078861,2.95,0,0,80.67,3.08,100,2.375,19.062,42.438,52.06,61.688,61.75,62.625,62.563,62.812,62.812;
1705078863,2.95,0,0,81,3.08,100,2.375,19.062,42.438,52.06,61.688,61.75,62.625,62.563,62.812,62.812;
1705078865,2.95,0,0,80.33,3.07,100,2.375,19,42.438,52.06,61.688,61.75,62.625,62.563,62.812,62.812;
1705078867,2.95,0,0,80.67,3.07,100,2.375,19.062,42.438,52,61.688,61.75,62.625,62.625,62.812,62.812;
1705078869,2.95,0,0,80.33,3.06,100,2.375,19.062,42.438,52.06,61.688,61.75,62.625,62.625,62.812,62.812;
1705078871,2.95,0,0,79.67,3.08,100,2.375,19.125,42.5,52.06,61.688,61.75,62.563,62.625,62.812,62.812;
1705078873,2.95,0,0,81.67,3.04,100,2.375,19.25,42.5,52,61.688,61.75,62.625,62.563,62.812,62.812;
1705078875,2.95,0,0,76.33,3.06,100,2.375,19.312,42.5,52,61.688,61.75,62.625,62.563,62.812,62.812;
1705078877,2.95,0,0,77,3.06,100,2.375,19.437,42.5,52,61.688,61.75,62.625,62.563,62.812,62.812;
1705078879,2.95,0,0,76.67,3.07,100,2.375,19.562,42.5,52,61.688,61.75,62.625,62.563,62.812,62.812;
1705078881,2.95,0,0,81.67,3.05,100,2.375,19.75,42.5,52,61.688,61.75,62.625,62.563,62.812,62.812;
1705078882,2.95,0,0,79,3.04,100,2.375,19.875,42.5,52,61.688,61.75,62.625,62.563,62.812,62.812;
1705078884,2.95,0,0,80,3.04,100,2.313,20,42.5,52,61.688,61.75,62.625,62.563,62.812,62.812;
1705078886,2.95,0,0,79,3.03,100,2.313,20.062,42.5,52,61.688,61.75,62.625,62.563,62.75,62.812;
1705078888,2.95,0,0,82.33,3.03,100,2.375,20.187,42.5,52,61.688,61.75,62.625,62.563,62.812,62.812;
1705078890,2.95,0,0,78,3.03,100,2.375,20.25,42.5,52,61.688,61.75,62.625,62.563,62.812,62.812;
1705078892,2.95,0,0,82,3.03,100,2.313,20.312,42.5,52,61.688,61.75,62.625,62.563,62.812,62.812;
1705078894,2.95,0,0,80.33,3.04,100,2.375,20.312,42.5,52,61.625,61.75,62.625,62.563,62.812,62.812;
1705078896,2.95,0,0,80.33,3.03,100,2.313,20.375,42.5,52,61.688,61.75,62.625,62.563,62.812,62.812;
1705078898,2.95,0,0,78.67,3.05,100,2.313,20.375,42.5,52,61.688,61.75,62.625,62.563,62.812,62.812;
1705078900,2.95,0,0,81,3.03,100,2.375,20.375,42.5,52,61.688,61.75,62.625,62.563,62.75,62.812;
1705078902,2.95,0,0,78,3.03,100,2.313,20.438,42.5,52,61.625,61.75,62.625,62.563,62.812,62.812;
1705078904,2.95,0,0,79.67,3.02,100,2.375,20.5,42.5,52,61.625,61.75,62.625,62.563,62.812,62.812;
1705078906,2.95,0,0,81,2.99,100,2.313,20.562,42.5,52,61.625,61.75,62.625,62.563,62.812,62.812;
1705078908,2.95,0,0,79.67,3,100,2.313,20.625,42.5,52,61.688,61.75,62.625,62.625,62.812,62.812;
1705078910,2.95,0,0,83,3.01,100,2.313,20.75,42.5,52,61.688,61.75,62.625,62.563,62.812,62.812;
1705078912,2.95,0,0,80.33,3.02,100,2.375,20.812,42.563,52,61.688,61.75,62.625,62.563,62.812,62.812;
1705078914,2.95,0,0,80.33,3.02,100,2.313,20.937,42.563,52,61.688,61.75,62.625,62.563,62.812,62.812;
1705078916,2.95,0,0,81.33,3.01,100,2.313,21,42.563,52,61.688,61.75,62.625,62.563,62.812,62.812;
1705078918,2.95,0,0,80.67,3.01,100,2.313,21.125,42.563,52,61.688,61.75,62.625,62.563,62.812,62.812;
1705078920,2.95,0,0,78.33,3,100,2.313,21.25,42.563,52,61.688,61.75,62.625,62.563,62.812,62.812;
1705078922,2.95,0,0,79.67,3,100,2.313,21.375,42.563,52,61.688,61.75,62.625,62.625,62.812,62.812;
1705078924,2.95,0,0,79.33,3.01,100,2.313,21.562,42.625,52,61.688,61.75,62.625,62.563,62.812,62.812;
1705078926,2.95,0,0,81.33,3,100,2.313,21.75,42.625,52,61.688,61.75,62.625,62.563,62.812,62.812;
1705078928,2.95,0,0,75.67,3.01,100,2.313,21.875,42.625,52,61.688,61.75,62.625,62.563,62.812,62.812;
1705078930,2.95,0,0,81,2.98,100,2.313,22.062,42.625,51.94,61.688,61.75,62.625,62.563,62.812,62.812;
1705078931,2.95,0,0,79.67,2.99,100,2.313,22.25,42.688,52,61.688,61.75,62.625,62.563,62.75,62.812;
1705078933,2.95,0,0,79.67,2.98,100,2.313,22.375,42.688,51.94,61.688,61.75,62.625,62.563,62.812,62.812;
1705078935,2.95,0,0,81,3.01,100,2.313,22.5,42.688,52,61.688,61.75,62.625,62.563,62.812,62.812;
1705078937,2.95,0,0,79.33,3,100,2.313,22.625,42.688,52,61.625,61.75,62.625,62.625,62.812,62.812;
1705078939,2.95,0,0,81.67,2.99,100,2.313,22.812,42.688,52,61.688,61.75,62.625,62.625,62.812,62.812;
1705078941,2.95,0,0,79.67,3,100,2.313,22.938,42.688,52,61.688,61.75,62.625,62.625,62.812,62.812;
1705078943,2.95,0,0,79.67,3,100,2.313,23.062,42.75,52,61.625,61.75,62.625,62.563,62.812,62.812;
1705078945,2.95,0,0,79.33,2.99,100,2.313,23.125,42.75,52,61.625,61.75,62.625,62.563,62.812,62.812;
1705078947,2.95,0,0,78.33,2.98,100,2.313,23.25,42.75,52,61.688,61.75,62.625,62.563,62.812,62.812;
1705078949,2.95,0,0,76.33,2.98,100,2.313,23.375,42.75,52,61.625,61.75,62.625,62.625,62.812,62.812;
1705078951,2.95,0,0,80.67,2.97,100,2.313,23.437,42.75,52,61.625,61.75,62.625,62.563,62.812,62.812;
1705078953,2.95,0,0,77.33,2.99,100,2.313,23.5,42.75,52,61.625,61.75,62.625,62.563,62.812,62.812;
1705078955,2.95,0,0,79.33,2.97,100,2.313,23.563,42.812,52,61.688,61.75,62.563,62.563,62.812,62.812;
1705078957,2.95,0,0,79.67,2.96,100,2.313,23.625,42.812,52,61.688,61.75,62.625,62.563,62.812,62.812;
1705078959,2.95,0,0,81.33,2.96,100,2.313,23.687,42.812,52,61.688,61.75,62.625,62.563,62.812,62.812;
1705078961,2.95,0,0,79.67,2.95,100,2.313,23.75,42.812,52,61.688,61.75,62.625,62.563,62.812,62.812;
1705078963,2.95,0,0,80.67,2.95,100,2.313,23.812,42.812,52,61.688,61.75,62.625,62.563,62.812,62.812;
1705078965,2.95,0,0,76.67,2.96,100,2.313,23.875,42.812,52,61.688,61.75,62.625,62.625,62.75,62.812;
1705078967,2.95,0,0,80.67,2.96,100,2.313,24,42.875,52,61.688,61.75,62.625,62.563,62.812,62.812;
1705078969,2.95,0,0,78,2.97,100,2.313,24.062,42.875,52,61.688,61.75,62.625,62.563,62.812,62.812;
1705078971,2.95,0,0,81,2.95,100,2.313,24.125,42.875,52.06,61.625,61.75,62.625,62.563,62.812,62.812;
1705078973,2.95,0,0,79,2.94,100,2.313,24.188,42.875,52.06,61.688,61.75,62.563,62.625,62.812,62.812;
1705078975,2.95,0,0,80.67,2.96,100,2.313,24.312,42.875,52.06,61.688,61.75,62.625,62.563,62.812,62.812;
1705078977,2.95,0,0,82.33,2.95,100,2.313,24.375,42.875,52.06,61.688,61.75,62.625,62.563,62.812,62.812;
1705078979,2.95,0,0,78.33,2.95,100,2.313,24.437,42.875,52.06,61.625,61.75,62.625,62.563,62.812,62.812;
1705078980,2.95,0,0,80.67,2.96,100,2.313,24.437,42.875,52.06,61.688,61.75,62.563,62.625,62.812,62.812;
1705078982,2.95,0,0,82.33,2.96,100,2.313,24.437,42.875,52.06,61.625,61.75,62.625,62.563,62.812,62.812;
1705078984,2.95,0,0,79.67,2.95,100,2.313,24.437,42.875,52.13,61.688,61.75,62.625,62.563,62.812,62.812;
1705078986,2.95,0,0,77.33,2.95,100,2.313,24.375,42.875,52.13,61.688,61.75,62.625,62.625,62.812,62.812;
1705078988,2.95,0,0,79.33,2.94,100,2.313,24.312,42.875,52.13,61.688,61.75,62.625,62.563,62.812,62.812;
1705078990,2.95,0,0,79.33,2.95,100,2.313,24.25,42.875,52.13,61.688,61.75,62.625,62.625,62.812,62.812;
1705078992,2.95,0,0,80,2.95,100,2.313,24.125,42.875,52.13,61.688,61.75,62.625,62.563,62.812,62.812;
1705078994,2.95,0,0,79,2.95,100,2.313,24.062,42.875,52.13,61.688,61.75,62.625,62.563,62.812,62.812;
1705078996,2.95,0,0,79.67,2.94,100,2.313,23.937,42.812,52.13,61.688,61.75,62.563,62.563,62.812,62.812;
1705078998,2.95,0,0,78.33,2.94,100,2.313,23.812,42.812,52.13,61.688,61.75,62.625,62.563,62.812,62.812;
1705079000,2.95,0,0,79.67,2.93,100,2.313,23.625,42.812,52.13,61.688,61.75,62.625,62.625,62.812,62.812;
1705079002,2.95,0,0,84.33,2.95,100,2.313,23.5,42.812,52.13,61.625,61.75,62.625,62.563,62.812,62.812;
1705079004,2.95,0,0,79,2.95,100,2.313,23.375,42.812,52.13,61.625,61.75,62.625,62.563,62.812,62.812;
1705079006,2.95,0,0,84.33,2.92,100,2.313,23.25,42.812,52.13,61.625,61.75,62.625,62.563,62.75,62.812;
1705079008,2.95,0,0,80,2.9,100,2.313,23.125,42.812,52.13,61.688,61.75,62.625,62.563,62.812,62.812;
1705079010,2.95,0,0,77.67,2.92,100,2.313,23,42.812,52.13,61.625,61.75,62.625,62.563,62.812,62.812;
1705079012,2.95,0,0,80.67,2.92,100,2.313,22.938,42.812,52.13,61.688,61.75,62.625,62.563,62.812,62.812;
1705079014,2.95,0,0,76.67,2.92,100,2.313,22.875,42.812,52.13,61.688,61.75,62.625,62.563,62.75,62.812;
1705079016,2.95,0,0,78.33,2.92,100,2.313,22.875,42.812,52.06,61.688,61.75,62.625,62.563,62.812,62.812;
1705079018,2.95,0,0,80.33,2.92,100,2.313,22.812,42.812,52.13,61.625,61.75,62.625,62.625,62.812,62.812;
1705079020,2.95,0,0,81.67,2.91,100,2.313,22.875,42.812,52.06,61.688,61.75,62.625,62.625,62.812,62.812;
1705079022,2.95,0,0,82.67,2.94,100,2.313,22.875,42.812,52.06,61.688,61.75,62.625,62.563,62.812,62.812;
1705079024,2.95,0,0,77.67,2.9,100,2.313,22.938,42.812,52.06,61.688,61.75,62.625,62.563,62.812,62.812;
1705079026,2.95,0,0,77.33,2.91,100,2.313,23,42.812,52.13,61.625,61.75,62.625,62.563,62.812,62.812;
1705079028,2.95,0,0,81.67,2.92,100,2.313,23,42.875,52.13,61.688,61.75,62.625,62.563,62.812,62.812;
1705079029,2.95,0,0,79.67,2.91,100,2.313,23.062,42.875,52.13,61.625,61.75,62.625,62.563,62.812,62.812;
1705079031,2.95,0,0,81.33,2.9,100,2.313,23.125,42.875,52.13,61.688,61.75,62.625,62.563,62.812,62.812;
1705079033,2.95,0,0,78.33,2.9,100,2.313,23.125,42.875,52.13,61.688,61.75,62.625,62.563,62.812,62.812;
1705079035,2.95,0,0,78,2.9,100,2.313,23.187,42.875,52.13,61.688,61.75,62.625,62.563,62.812,62.812;
1705079037,2.95,0,0,76.33,2.89,100,2.375,23.25,42.875,52.13,61.625,61.75,62.625,62.563,62.812,62.812;
1705079039,2.95,0,0,80,2.9,100,2.313,23.312,42.875,52.13,61.688,61.75,62.625,62.563,62.812,62.812;
1705079041,2.95,0,0,75.33,2.91,100,2.313,23.375,42.938,52.13,61.688,61.75,62.625,62.563,62.812,62.812;
1705079043,2.95,0,0,80.67,2.9,100,2.313,23.437,42.938,52.13,61.688,61.75,62.625,62.563,62.812,62.812;
1705079045,2.95,0,0,81.67,2.9,100,2.313,23.5,42.938,52.13,61.688,61.75,62.625,62.563,62.812,62.812;
1705079047,2.95,0,0,81,2.89,100,2.313,23.5,42.938,52.13,61.688,61.75,62.625,62.563,62.812,62.812;
1705079049,2.95,0,0,79,2.88,100,2.313,23.563,42.938,52.13,61.688,61.75,62.625,62.563,62.812,62.812;
1705079051,2.95,0,0,80.33,2.91,100,2.313,23.563,42.938,52.13,61.688,61.75,62.625,62.625,62.812,62.812;
1705079053,2.95,0,0,80.67,2.89,100,2.313,23.563,42.938,52.13,61.688,61.75,62.625,62.563,62.812,62.812;
1705079055,2.95,0,0,83.33,2.9,100,2.313,23.563,42.875,52.13,61.688,61.75,62.625,62.563,62.812,62.812;
1705079057,2.95,0,0,82,2.89,100,2.313,23.5,42.875,52.13,61.688,61.75,62.625,62.563,62.812,62.812;
1705079059,2.95,0,0,80,2.88,100,2.313,23.437,42.875,52.13,61.688,61.75,62.625,62.563,62.812,62.812;
1705079061,2.95,0,0,81.67,2.89,100,2.313,23.375,42.875,52.13,61.688,61.75,62.625,62.563,62.812,62.812;
1705079063,2.95,0,0,77.67,2.88,100,2.313,23.312,42.875,52.13,61.688,61.75,62.625,62.563,62.75,62.812;
1705079065,2.95,0,0,78.67,2.89,100,2.313,23.187,42.875,52.19,61.688,61.75,62.625,62.625,62.812,62.812;
1705079067,2.95,0,0,82.33,2.88,100,2.313,23.062,42.812,52.19,61.688,61.75,62.625,62.563,62.812,62.812;
1705079069,2.95,0,0,78,2.88,100,2.313,22.938,42.812,52.13,61.625,61.75,62.625,62.625,62.812,62.812;
1705079071,2.95,0,0,81.67,2.87,100,2.313,22.812,42.812,52.13,61.688,61.75,62.625,62.563,62.812,62.812;
1705079073,2.95,0,0,77.67,2.89,100,2.313,22.687,42.812,52.13,61.688,61.75,62.625,62.563,62.812,62.812;
1705079075,2.95,0,0,77,2.87,100,2.313,22.562,42.812,52.13,61.688,61.75,62.625,62.563,62.812,62.812;
1705079076,2.95,0,0,76.67,2.86,100,2.313,22.5,42.812,52.13,61.688,61.75,62.625,62.563,62.812,62.812;
1705079078,2.95,0,0,80.67,2.88,100,2.313,22.375,42.812,52.13,61.625,61.75,62.625,62.563,62.812,62.812;
1705079080,2.95,0,0,78,2.87,100,2.375,22.313,42.812,52.13,61.688,61.75,62.625,62.563,62.812,62.812;
1705079082,2.95,0,0,78.67,2.87,100,2.375,22.313,42.812,52.13,61.688,61.75,62.625,62.563,62.812,62.812;
1705079084,2.95,0,0,81,2.85,100,2.313,22.313,42.812,52.13,61.688,61.75,62.625,62.563,62.812,62.812;
1705079086,2.95,0,0,81.33,2.85,100,2.313,22.313,42.812,52.13,61.688,61.75,62.625,62.563,62.812,62.812;
1705079088,2.95,0,0,78.33,2.88,100,2.375,22.313,42.812,52.13,61.625,61.75,62.625,62.563,62.812,62.812;
1705079090,2.95,0,0,79.33,2.86,100,2.313,22.375,42.875,52.13,61.625,61.75,62.625,62.563,62.812,62.812;
1705079092,2.95,0,0,77.67,2.85,100,2.313,22.437,42.875,52.13,61.688,61.75,62.625,62.563,62.812,62.875;
1705079094,2.95,0,0,76.67,2.85,100,2.313,22.562,42.875,52.13,61.688,61.75,62.625,62.563,62.812,62.812;
1705079096,2.95,0,0,81,2.87,100,2.375,22.687,42.875,52.13,61.625,61.75,62.625,62.563,62.812,62.812;
1705079098,2.95,0,0,80.33,2.83,100,2.313,22.75,42.875,52.13,61.688,61.75,62.625,62.563,62.812,62.812;
1705079100,2.95,0,0,83.67,2.85,100,2.313,22.875,42.938,52.13,61.625,61.75,62.625,62.563,62.812,62.812;
1705079102,2.95,0,0,80.67,2.83,100,2.313,23,42.938,52.13,61.688,61.75,62.625,62.563,62.812,62.812;
1705079104,2.95,0,0,76.33,2.84,100,2.313,23.062,43,52.13,61.625,61.75,62.625,62.563,62.812,62.812;
1705079106,2.95,0,0,81,2.83,100,2.313,23.125,43,52.13,61.688,61.75,62.625,62.563,62.812,62.812;
1705079108,2.95,0,0,77.33,2.84,100,2.313,23.25,43,52.13,61.688,61.75,62.625,62.625,62.812,62.812;
1705079110,2.95,0,0,77.67,2.84,100,2.375,23.312,43,52.13,61.688,61.75,62.625,62.563,62.75,62.812;
1705079112,2.95,0,0,78.67,2.82,100,2.375,23.437,43,52.19,61.688,61.75,62.625,62.563,62.812,62.812;
1705079114,2.94,0,0,82.67,2.83,100,2.313,23.5,43,52.13,61.688,61.75,62.625,62.563,62.812,62.812;
1705079116,2.95,0,0,78.67,2.83,100,2.313,23.563,43.063,52.13,61.625,61.75,62.625,62.563,62.75,62.812;
1705079118,2.95,0,0,77.67,2.82,100,2.375,23.687,43.063,52.13,61.688,61.75,62.625,62.563,62.812,62.812;
1705079120,2.95,0,0,77.33,2.81,100,2.375,23.812,43.063,52.13,61.688,61.75,62.625,62.563,62.812,62.812;
1705079122,2.95,0,0,78.33,2.81,100,2.313,23.875,43.063,52.13,61.688,61.75,62.625,62.563,62.812,62.812;
1705079124,2.95,0,0,78,2.82,100,2.375,24,43.063,52.19,61.688,61.75,62.625,62.563,62.812,62.812;
1705079125,2.95,0,0,77.67,2.84,100,2.375,24.062,43.063,52.13,61.688,61.75,62.625,62.563,62.812,62.812;
1705079127,2.95,0,0,77.67,2.81,100,2.375,24.188,43.063,52.13,61.688,61.75,62.625,62.563,62.812,62.812;
1705079129,2.95,0,0,78.67,2.81,100,2.375,24.25,43.063,52.19,61.688,61.75,62.625,62.563,62.812,62.812;
1705079131,2.95,0,0,79,2.83,100,2.375,24.312,43.063,52.13,61.688,61.75,62.625,62.563,62.812,62.812;
1705079133,2.95,0,0,78.33,2.81,100,2.375,24.375,43.063,52.19,61.688,61.75,62.625,62.563,62.812,62.812;
1705079135,2.95,0,0,80.67,2.81,100,2.375,24.375,43.063,52.13,61.688,61.75,62.625,62.563,62.812,62.812;
1705079137,2.94,0,0,81.67,2.83,100,2.375,24.375,43.063,52.19,61.688,61.75,62.625,62.563,62.812,62.812;
1705079139,2.95,0,0,83.33,2.82,100,2.375,24.375,43,52.19,61.688,61.75,62.625,62.563,62.812,62.812;
1705079141,2.94,0,0,81.33,2.83,100,2.375,24.375,43,52.19,61.688,61.75,62.625,62.563,62.812,62.812;
1705079143,2.94,0,0,80.67,2.83,100,2.375,24.312,43,52.19,61.688,61.75,62.625,62.563,62.812,62.812;
1705079145,2.94,0,0,80.33,2.83,100,2.375,24.25,43,52.19,61.688,61.75,62.625,62.563,62.812,62.812;
1705079147,2.94,0,0,80,2.82,100,2.375,24.125,43,52.19,61.688,61.75,62.625,62.563,62.812,62.812;
1705079149,2.94,0,0,80,2.8,100,2.375,24.062,43,52.19,61.688,61.75,62.625,62.563,62.812,62.875;
1705079151,2.94,0,0,82.33,2.81,100,2.375,23.937,43,52.19,61.688,61.75,62.625,62.563,62.812,62.812;
1705079153,2.95,0,0,80,2.81,100,2.375,23.875,42.938,52.19,61.688,61.75,62.625,62.563,62.812,62.812;
1705079155,2.94,0,0,79.33,2.78,100,2.375,23.75,42.938,52.19,61.688,61.75,62.625,62.563,62.812,62.812;
1705079157,2.95,0,0,81.67,2.78,100,2.375,23.563,42.938,52.19,61.688,61.75,62.625,62.563,62.812,62.812;
1705079159,2.95,0,0,75.67,2.78,100,2.375,23.437,42.938,52.19,61.688,61.75,62.625,62.563,62.812,62.812;
1705079161,2.95,0,0,80.67,2.79,100,2.375,23.25,42.875,52.19,61.688,61.75,62.625,62.563,62.812,62.812;
1705079163,2.94,0,0,80.33,2.8,100,2.375,23.125,42.875,52.19,61.688,61.75,62.625,62.563,62.812,62.812;
1705079165,2.95,0,0,80,2.79,100,2.375,22.938,42.875,52.19,61.688,61.75,62.625,62.563,62.812,62.812;
1705079167,2.94,0,0,80.33,2.77,100,2.375,22.75,42.812,52.19,61.688,61.75,62.625,62.563,62.812,62.812;
1705079169,2.94,0,0,79.67,2.79,100,2.375,22.562,42.812,52.19,61.688,61.75,62.625,62.563,62.812,62.812;
1705079171,2.94,0,0,80.33,2.78,100,2.375,22.375,42.812,52.19,61.688,61.75,62.625,62.563,62.812,62.812;
1705079172,2.94,0,0,80.67,2.8,100,2.375,22.187,42.812,52.19,61.688,61.75,62.625,62.563,62.812,62.812;
1705079174,2.95,0,0,77.67,2.77,100,2.375,22,42.75,52.19,61.688,61.75,62.625,62.563,62.812,62.812;
1705079176,2.94,0,0,81.67,2.77,100,2.375,21.812,42.75,52.19,61.688,61.75,62.625,62.563,62.812,62.812;
1705079178,2.94,0,0,80,2.78,100,2.375,21.562,42.75,52.19,61.688,61.75,62.625,62.563,62.812,62.812;
1705079180,2.95,0,0,77.67,2.76,100,2.375,21.375,42.688,52.19,61.688,61.75,62.625,62.563,62.812,62.812;
1705079182,2.94,0,0,77.67,2.76,100,2.375,21.187,42.688,52.19,61.688,61.75,62.625,62.563,62.812,62.812;
1705079184,2.94,0,0,79.67,2.75,100,2.375,21,42.688,52.19,61.688,61.75,62.625,62.563,62.812,62.812;
1705079186,2.94,0,0,78.33,2.76,100,2.375,20.812,42.625,52.19,61.688,61.75,62.625,62.563,62.812,62.812;
1705079188,2.95,0,0,81,2.74,100,2.375,20.562,42.625,52.19,61.688,61.75,62.625,62.563,62.812,62.812;
1705079190,2.94,0,0,79.67,2.76,100,2.375,20.375,42.625,52.19,61.688,61.75,62.625,62.563,62.812,62.812;
1705079192,2.94,0,0,80.67,2.76,100,2.375,20.187,42.625,52.19,61.625,61.75,62.625,62.563,62.812,62.812;
1705079194,2.94,0,0,82,2.75,100,2.375,20,42.563,52.19,61.688,61.75,62.625,62.563,62.812,62.875;
1705079196,2.94,0,0,81,2.75,100,2.375,19.812,42.563,52.19,61.688,61.75,62.625,62.563,62.812,62.812;
1705079198,2.94,0,0,76.67,2.73,100,2.375,19.625,42.563,52.19,61.688,61.75,62.625,62.563,62.812,62.812;
1705079200,2.94,0,0,73.33,2.75,100,2.375,19.5,42.563,52.19,61.688,61.75,62.625,62.563,62.812,62.812;
1705079202,2.94,0,0,77.67,2.74,100,2.375,19.312,42.563,52.19,61.625,61.75,62.625,62.563,62.812,62.812;
1705079204,2.94,0,0,83.33,2.74,100,2.375,19.187,42.563,52.19,61.688,61.75,62.625,62.563,62.812,62.812;
1705079206,2.94,0,0,80.67,2.72,100,2.375,19.062,42.563,52.19,61.688,61.75,62.625,62.563,62.812,62.812;
1705079208,2.94,0,0,80,2.72,100,2.375,19,42.563,52.19,61.688,61.75,62.625,62.563,62.812,62.875;
1705079210,2.94,0,0,76.67,2.74,100,2.375,19,42.563,52.19,61.688,61.75,62.625,62.563,62.812,62.812;
1705079212,2.94,0,0,81.33,2.72,100,2.375,19,42.625,52.19,61.688,61.75,62.625,62.563,62.812,62.812;
1705079214,2.94,0,0,79,2.71,100,2.375,19,42.625,52.13,61.688,61.75,62.625,62.563,62.812,62.812;
1705079216,2.94,0,0,80.67,2.71,100,2.375,19.062,42.625,52.13,61.688,61.75,62.625,62.563,62.812,62.812;
1705079218,2.94,0,0,82,2.73,100,2.375,19.125,42.625,52.13,61.688,61.75,62.625,62.563,62.812,62.812;
1705079220,2.94,0,0,80,2.71,100,2.375,19.25,42.625,52.13,61.688,61.75,62.625,62.563,62.812,62.812;
1705079221,2.94,0,0,78.67,2.71,100,2.375,19.312,42.625,52.13,61.688,61.75,62.625,62.563,62.812,62.812;
1705079223,2.94,0,0,82,2.71,100,2.375,19.5,42.688,52.13,61.688,61.75,62.625,62.563,62.812,62.812;
1705079225,2.94,0,0,78.33,2.7,100,2.375,19.625,42.688,52.06,61.688,61.75,62.625,62.563,62.812,62.812;
1705079227,2.94,0,0,77.33,2.7,100,2.375,19.812,42.688,52.06,61.688,61.75,62.625,62.563,62.812,62.812;
1705079229,2.94,0,0,78,2.69,100,2.375,20,42.688,52.06,61.688,61.75,62.625,62.563,62.812,62.812;
1705079231,2.94,0,0,80,2.68,100,2.375,20.25,42.75,52.06,61.688,61.813,62.625,62.625,62.75,62.812;
1705079233,2.94,0,0,80.33,2.68,100,2.375,20.438,42.75,52.06,61.688,61.813,62.625,62.563,62.812,62.812;
1705079235,2.94,0,0,78,2.68,100,2.375,20.687,42.812,52.06,61.688,61.75,62.625,62.563,62.812,62.812;
1705079237,2.94,0,0,80.33,2.68,100,2.313,20.937,42.812,52.06,61.688,61.813,62.625,62.563,62.812,62.812;
1705079239,2.94,0,0,79.67,2.68,100,2.375,21.187,42.812,52.06,61.688,61.75,62.625,62.563,62.812,62.812;
1705079241,2.94,0,0,78.67,2.69,100,2.375,21.437,42.875,52.06,61.688,61.75,62.563,62.563,62.812,62.812;
1705079243,2.94,0,0,76.67,2.69,100,2.375,21.625,42.875,52.06,61.688,61.75,62.625,62.563,62.812,62.812;
1705079245,2.94,0,0,82.33,2.66,100,2.375,21.937,42.938,52,61.688,61.75,62.625,62.625,62.812,62.812;
1705079247,2.94,0,0,80.33,2.67,100,2.313,22.125,42.938,52,61.688,61.75,62.625,62.563,62.812,62.812;
1705079249,2.94,0,0,78,2.67,100,2.313,22.437,43,52,61.688,61.75,62.625,62.563,62.812,62.812;
1705079251,2.94,0,0,80.67,2.68,100,2.375,22.625,43,52,61.688,61.75,62.625,62.625,62.812,62.812;
1705079253,2.94,0,0,81,2.67,100,2.375,22.875,43.063,52.06,61.688,61.75,62.625,62.563,62.812,62.812;
1705079255,2.94,0,0,79.33,2.67,100,2.313,23.125,43.063,52,61.688,61.75,62.625,62.625,62.812,62.812;
1705079257,2.94,0,0,80.67,2.67,100,2.313,23.375,43.125,52.06,61.688,61.75,62.625,62.563,62.812,62.812;
1705079259,2.94,0,0,77,2.64,100,2.313,23.625,43.125,52,61.688,61.75,62.625,62.563,62.812,62.812;
1705079261,2.94,0,0,83,2.65,100,2.375,23.875,43.188,52,61.688,61.75,62.625,62.563,62.812,62.812;
1705079263,2.94,0,0,79.67,2.65,100,2.313,24.062,43.188,52,61.688,61.75,62.563,62.563,62.812,62.812;
1705079265,2.94,0,0,79.33,2.64,100,2.375,24.25,43.25,52,61.625,61.75,62.625,62.563,62.812,62.812;
1705079267,2.94,0,0,82.33,2.64,100,2.313,24.5,43.25,52.06,61.688,61.75,62.625,62.563,62.812,62.812;
1705079269,2.94,0,0,80,2.64,100,2.313,24.625,43.25,52,61.688,61.75,62.625,62.563,62.812,62.812;
1705079270,2.94,0,0,79.67,2.64,100,2.313,24.813,43.25,52.06,61.688,61.75,62.625,62.563,62.812,62.812;
1705079272,2.94,0,0,82,2.63,100,2.313,25,43.313,52.06,61.688,61.75,62.625,62.563,62.812,62.812;
1705079274,2.94,0,0,82,2.64,100,2.313,25.125,43.313,52.06,61.688,61.75,62.625,62.563,62.812,62.812;
1705079276,2.94,0,0,78.33,2.63,100,2.313,25.25,43.313,52.06,61.688,61.75,62.625,62.563,62.812,62.812;
1705079278,2.94,0,0,79.33,2.64,100,2.313,25.375,43.313,52.06,61.688,61.75,62.625,62.563,62.812,62.812;
1705079280,2.94,0,0,81,2.61,100,2.313,25.5,43.375,52.06,61.688,61.75,62.625,62.563,62.812,62.812;
1705079282,2.94,0,0,81.33,2.61,100,2.313,25.625,43.375,52.06,61.688,61.75,62.625,62.563,62.812,62.812;
1705079284,2.94,0,0,82,2.61,100,2.313,25.75,43.375,52.06,61.688,61.75,62.625,62.563,62.812,62.812;
1705079286,2.94,0,0,79.33,2.6,100,2.313,25.875,43.375,52.06,61.688,61.75,62.625,62.563,62.812,62.812;
1705079288,2.94,0,0,81.33,2.61,100,2.313,25.937,43.375,52.06,61.688,61.75,62.625,62.563,62.75,62.812;
1705079290,2.94,0,0,78.33,2.61,100,2.313,26,43.375,52.06,61.688,61.75,62.625,62.563,62.812,62.812;
1705079292,2.94,0,0,82,2.61,100,2.313,26.125,43.437,52.06,61.688,61.75,62.563,62.563,62.812,62.812;
1705079294,2.94,0,0,82.33,2.58,100,2.313,26.187,43.437,52.06,61.688,61.75,62.625,62.563,62.812,62.812;
1705079296,2.94,0,0,80,2.59,100,2.313,26.25,43.437,52.06,61.688,61.75,62.625,62.563,62.812,62.812;
1705079298,2.94,0,0,80.67,2.59,100,2.313,26.312,43.437,52.06,61.688,61.75,62.625,62.563,62.812,62.812;
1705079300,2.94,0,0,81.67,2.58,100,2.313,26.375,43.437,52.13,61.688,61.75,62.625,62.563,62.812,62.812;
1705079302,2.94,0,0,83.33,2.57,100,2.313,26.437,43.437,52.06,61.688,61.75,62.625,62.563,62.812,62.812;
1705079304,2.94,0,0,81.67,2.57,100,2.313,26.5,43.437,52.06,61.688,61.75,62.625,62.563,62.812,62.812;
1705079306,2.94,0,0,82,2.6,100,2.313,26.562,43.5,52.13,61.688,61.75,62.625,62.563,62.812,62.812;
1705079308,2.94,0,0,82.33,2.59,100,2.313,26.562,43.5,52.13,61.688,61.75,62.563,62.563,62.812,62.812;
1705079310,2.94,0,0,80.33,2.57,100,2.313,26.688,43.5,52.13,61.688,61.75,62.563,62.563,62.812,62.812;
1705079312,2.94,0,0,83.67,2.58,100,2.313,26.75,43.5,52.13,61.688,61.75,62.625,62.563,62.812,62.812;
1705079314,2.94,0,0,81.67,2.57,100,2.313,26.875,43.5,52.13,61.688,61.75,62.625,62.563,62.812,62.812;
1705079316,2.94,0,0,83,2.57,100,2.313,26.937,43.563,52.13,61.688,61.75,62.625,62.563,62.812,62.812;
1705079318,2.94,0,0,81.67,2.57,100,2.313,27.062,43.563,52.13,61.625,61.75,62.625,62.563,62.812,62.812;
1705079319,2.94,0,0,83.33,2.57,100,2.313,27.187,43.563,52.13,61.688,61.75,62.625,62.563,62.812,62.812;
1705079321,2.94,0,0,82.33,2.57,100,2.313,27.313,43.563,52.13,61.688,61.75,62.625,62.563,62.812,62.812;
1705079323,2.94,0,0,83.67,2.58,100,2.313,27.437,43.625,52.13,61.688,61.75,62.625,62.563,62.812,62.812;
1705079325,2.94,0,0,81,2.57,100,2.313,27.562,43.625,52.13,61.688,61.75,62.625,62.563,62.812,62.812;
1705079327,2.94,0,0,81,2.57,100,2.313,27.687,43.688,52.13,61.688,61.75,62.625,62.563,62.812,62.812;
1705079329,2.94,0,0,81.67,2.55,100,2.313,27.812,43.688,52.13,61.688,61.75,62.625,62.563,62.812,62.812;
1705079331,2.94,0,0,81.67,2.57,100,2.313,27.938,43.688,52.13,61.688,61.75,62.625,62.563,62.812,62.812;
1705079333,2.94,0,0,82,2.57,100,2.313,28.062,43.75,52.13,61.625,61.75,62.625,62.563,62.812,62.812;
1705079335,2.94,0,0,84.33,2.56,100,2.313,28.187,43.75,52.13,61.625,61.75,62.563,62.563,62.812,62.812;
1705079337,2.94,0,0,81.33,2.56,100,2.313,28.312,43.813,52.13,61.688,61.75,62.625,62.563,62.812,62.812;
1705079339,2.94,0,0,80.33,2.56,100,2.313,28.437,43.813,52.13,61.688,61.75,62.625,62.563,62.812,62.812;
1705079341,2.94,0,0,80.33,2.56,100,2.313,28.563,43.813,52.13,61.688,61.75,62.625,62.563,62.812,62.812;
1705079343,2.94,0,0,82,2.55,100,2.313,28.625,43.875,52.13,61.688,61.75,62.625,62.563,62.812,62.812;
1705079345,2.94,0,0,82,2.56,100,2.313,28.812,43.875,52.13,61.625,61.75,62.625,62.563,62.812,62.812;
1705079347,2.94,0,0,79.67,2.55,100,2.313,28.875,43.875,52.13,61.625,61.75,62.625,62.563,62.812,62.812;
1705079349,2.94,0,0,77.67,2.55,100,2.313,29,43.875,52.19,61.688,61.75,62.625,62.563,62.812,62.812;
1705079351,2.94,0,0,83.67,2.54,100,2.313,29.062,43.938,52.19,61.688,61.75,62.625,62.563,62.75,62.812;
1705079353,2.94,0,0,80.33,2.55,100,2.313,29.188,43.938,52.19,61.688,61.75,62.625,62.563,62.812,62.812;
1705079355,2.94,0,0,79.33,2.54,100,2.313,29.312,44,52.19,61.688,61.75,62.625,62.563,62.812,62.812;
1705079357,2.94,0,0,82.67,2.57,100,2.313,29.375,44,52.19,61.688,61.75,62.563,62.563,62.812,62.812;
1705079359,2.94,0,0,80.67,2.56,100,2.313,29.5,44,52.19,61.688,61.75,62.563,62.563,62.812,62.812;
1705079361,2.94,0,0,83,2.55,100,2.313,29.562,44.062,52.19,61.688,61.75,62.625,62.563,62.812,62.812;
1705079363,2.94,0,0,81,2.55,100,2.313,29.687,44.062,52.19,61.688,61.75,62.625,62.563,62.812,62.812;
1705079365,2.94,0,0,83,2.55,100,2.313,29.75,44.125,52.19,61.625,61.75,62.625,62.563,62.812,62.812;
1705079367,2.94,0,0,83,2.57,100,2.313,29.875,44.125,52.25,61.688,61.75,62.563,62.563,62.812,62.812;
1705079368,2.94,0,0,82.67,2.56,100,2.313,29.937,44.125,52.25,61.688,61.75,62.625,62.563,62.812,62.812;
1705079370,2.94,0,0,84,2.55,100,2.375,30,44.188,52.25,61.688,61.75,62.625,62.563,62.812,62.812;
1705079372,2.94,0,0,82.33,2.56,100,2.313,30.062,44.188,52.25,61.688,61.75,62.625,62.563,62.812,62.812;
1705079374,2.94,0,0,81.33,2.54,100,2.313,30.187,44.188,52.25,61.688,61.75,62.625,62.563,62.812,62.812;
1705079376,2.94,0,0,85.33,2.55,100,2.375,30.25,44.25,52.31,61.688,61.75,62.625,62.563,62.812,62.812;
1705079378,2.94,0,0,80.67,2.55,100,2.313,30.312,44.25,52.31,61.688,61.75,62.625,62.563,62.812,62.812;
1705079380,2.94,0,0,83,2.56,100,2.375,30.438,44.25,52.31,61.688,61.75,62.625,62.563,62.812,62.812;
1705079382,2.94,0,0,83.67,2.54,100,2.375,30.5,44.25,52.31,61.688,61.75,62.625,62.563,62.812,62.812;
1705079384,2.94,0,0,82,2.55,100,2.313,30.562,44.313,52.31,61.688,61.75,62.625,62.563,62.812,62.812;
1705079386,2.94,0,0,83.67,2.54,100,2.313,30.625,44.313,52.31,61.688,61.75,62.625,62.563,62.812,62.812;
1705079388,2.94,0,0,84.67,2.54,100,2.375,30.687,44.313,52.38,61.688,61.75,62.625,62.563,62.812,62.812;
1705079390,2.94,0,0,85.67,2.55,100,2.375,30.75,44.375,52.38,61.688,61.75,62.625,62.563,62.812,62.812;
1705079392,2.94,0,0,81.67,2.53,100,2.313,30.812,44.375,52.38,61.688,61.75,62.625,62.563,62.812,62.812;
1705079394,2.94,0,0,83,2.52,100,2.313,30.875,44.375,52.44,61.688,61.75,62.625,62.563,62.812,62.812;
1705079396,2.94,0,0,80.67,2.52,100,2.313,30.875,44.375,52.44,61.688,61.75,62.625,62.563,62.812,62.812;
1705079398,2.94,0,0,84,2.52,100,2.313,30.937,44.438,52.44,61.688,61.75,62.625,62.563,62.812,62.812;
1705079400,2.94,0,0,84,2.53,100,2.375,30.937,44.438,52.44,61.688,61.75,62.625,62.563,62.812,62.812;
1705079402,2.94,0,0,80.67,2.52,100,2.375,30.875,44.438,52.44,61.688,61.75,62.625,62.563,62.812,62.812;
1705079404,2.94,0,0,82.33,2.54,100,2.313,30.875,44.438,52.44,61.688,61.75,62.625,62.563,62.812,62.812;
1705079406,2.94,0,0,80.67,2.54,100,2.313,30.812,44.375,52.44,61.688,61.75,62.625,62.563,62.812,62.812;
1705079408,2.94,0,0,79.67,2.52,100,2.375,30.812,44.375,52.44,61.688,61.75,62.625,62.563,62.812,62.812;
1705079410,2.94,0,0,81.67,2.52,100,2.313,30.75,44.375,52.5,61.688,61.75,62.625,62.563,62.812,62.812;
1705079412,2.94,0,0,83.67,2.52,100,2.313,30.625,44.313,52.44,61.688,61.75,62.625,62.563,62.812,62.812;
1705079414,2.94,0,0,82.33,2.51,100,2.375,30.5,44.313,52.5,61.688,61.75,62.625,62.563,62.812,62.812;
1705079416,2.94,0,0,79.67,2.54,100,2.375,30.375,44.313,52.5,61.688,61.75,62.625,62.563,62.812,62.812;
1705079417,2.94,0,0,85.33,2.52,100,2.375,30.25,44.25,52.5,61.688,61.75,62.625,62.563,62.75,62.812;
1705079419,2.94,0,0,84.67,2.54,100,2.375,30.062,44.25,52.5,61.688,61.813,62.625,62.563,62.812,62.812;
1705079421,2.94,0,0,83.33,2.53,100,2.375,29.875,44.188,52.5,61.688,61.75,62.625,62.563,62.812,62.812;
1705079423,2.94,0,0,82,2.51,100,2.375,29.625,44.188,52.5,61.688,61.813,62.625,62.563,62.812,62.812;
1705079425,2.94,0,0,84,2.51,100,2.375,29.375,44.125,52.5,61.688,61.75,62.625,62.563,62.812,62.812;
1705079427,2.94,0,0,82.67,2.52,100,2.375,29.125,44.125,52.5,61.688,61.75,62.625,62.563,62.812,62.812;
1705079429,2.94,0,0,82.67,2.53,100,2.375,28.875,44.062,52.5,61.688,61.75,62.625,62.563,62.812,62.812;
1705079431,2.94,0,0,83.67,2.51,100,2.375,28.625,44.062,52.5,61.688,61.75,62.625,62.563,62.812,62.812;
1705079433,2.94,0,0,86.33,2.51,100,2.375,28.375,44,52.5,61.688,61.75,62.625,62.625,62.812,62.812;
1705079435,2.94,0,0,84.67,2.51,100,2.375,28.125,44,52.5,61.688,61.75,62.625,62.563,62.812,62.812;
1705079437,2.94,0,0,86.67,2.53,100,2.375,27.875,43.938,52.5,61.688,61.813,62.625,62.563,62.812,62.812;
1705079439,2.94,0,0,82.67,2.51,100,2.375,27.625,43.938,52.5,61.688,61.75,62.625,62.563,62.812,62.812;
1705079441,2.94,0,0,82,2.52,100,2.375,27.375,43.875,52.5,61.688,61.75,62.625,62.563,62.812,62.812;
1705079443,2.94,0,0,83,2.5,100,2.375,27.125,43.875,52.5,61.688,61.75,62.625,62.563,62.812,62.812;
1705079445,2.94,0,0,86,2.51,100,2.375,26.875,43.813,52.5,61.688,61.75,62.625,62.563,62.812,62.812;
1705079447,2.94,0,0,80.67,2.51,100,2.375,26.625,43.813,52.5,61.688,61.75,62.625,62.563,62.812,62.812;
1705079449,2.94,0,0,83.67,2.51,100,2.375,26.437,43.813,52.5,61.688,61.75,62.625,62.563,62.812,62.812;
1705079451,2.94,0,0,81.67,2.51,100,2.375,26.25,43.813,52.5,61.688,61.813,62.625,62.563,62.812,62.812;
1705079453,2.94,0,0,82,2.51,100,2.375,26,43.813,52.5,61.688,61.75,62.625,62.563,62.812,62.812;
1705079455,2.94,0,0,82,2.51,100,2.375,25.875,43.75,52.44,61.688,61.813,62.625,62.563,62.812,62.812;
1705079457,2.94,0,0,81,2.5,100,2.375,25.687,43.813,52.5,61.688,61.75,62.625,62.563,62.812,62.812;
1705079459,2.94,0,0,85,2.47,100,2.313,25.562,43.75,52.44,61.688,61.75,62.625,62.563,62.812,62.812;
1705079461,2.93,0,0,86.33,2.5,100,2.375,25.5,43.75,52.5,61.688,61.75,62.625,62.563,62.812,62.812;
1705079463,2.94,0,0,83.33,2.48,100,2.375,25.438,43.75,52.44,61.688,61.75,62.625,62.563,62.812,62.812;
1705079465,2.93,0,0,84.67,2.5,100,2.375,25.375,43.688,52.44,61.688,61.75,62.625,62.563,62.812,62.812;
1705079466,2.94,0,0,84.33,2.49,100,2.375,25.312,43.688,52.44,61.688,61.75,62.625,62.563,62.812,62.812;
1705079468,2.94,0,0,83,2.48,100,2.375,25.25,43.688,52.44,61.688,61.75,62.625,62.563,62.812,62.812;
1705079470,2.94,0,0,83.67,2.48,100,2.375,25.25,43.688,52.44,61.688,61.813,62.625,62.563,62.812,62.812;
1705079472,2.94,0,0,85,2.49,100,2.375,25.187,43.625,52.44,61.688,61.75,62.625,62.563,62.812,62.812;
1705079474,2.94,0,0,84.67,2.48,100,2.375,25.125,43.625,52.44,61.688,61.75,62.625,62.563,62.812,62.812;
1705079476,2.93,0,0,84,2.49,100,2.375,25.062,43.625,52.44,61.688,61.813,62.625,62.563,62.812,62.812;
1705079478,2.93,0,0,81.33,2.47,100,2.375,25.062,43.625,52.44,61.688,61.75,62.625,62.563,62.812,62.812;
1705079480,2.94,0,0,81.67,2.47,100,2.375,25,43.625,52.44,61.688,61.813,62.625,62.563,62.812,62.812;
1705079482,2.93,0,0,85,2.47,100,2.313,25,43.563,52.44,61.688,61.813,62.625,62.563,62.812,62.812;
1705079484,2.93,0,0,82.33,2.46,100,2.375,25,43.563,52.44,61.688,61.75,62.625,62.563,62.812,62.812;
1705079486,2.93,0,0,83.33,2.48,100,2.313,24.937,43.563,52.44,61.688,61.813,62.625,62.563,62.812,62.812;
1705079488,2.94,0,0,86,2.47,100,2.375,24.875,43.563,52.44,61.688,61.813,62.625,62.563,62.812,62.812;
1705079490,2.94,0,0,84.67,2.47,100,2.313,24.813,43.5,52.44,61.688,61.813,62.625,62.563,62.812,62.812;
1705079492,2.94,0,0,84,2.48,100,2.375,24.75,43.5,52.44,61.688,61.813,62.625,62.563,62.812,62.812;
1705079494,2.94,0,0,85,2.45,100,2.375,24.687,43.5,52.38,61.688,61.75,62.625,62.563,62.812,62.812;
1705079496,2.93,0,0,83.67,2.46,100,2.313,24.625,43.437,52.38,61.688,61.75,62.625,62.563,62.812,62.812;
1705079498,2.93,0,0,87.33,2.46,100,2.313,24.5,43.437,52.38,61.688,61.813,62.625,62.563,62.812,62.812;
1705079500,2.93,0,0,81,2.47,100,2.313,24.437,43.437,52.38,61.688,61.75,62.625,62.563,62.812,62.812;
1705079502,2.94,0,0,85,2.48,100,2.313,24.375,43.437,52.38,61.688,61.75,62.625,62.563,62.812,62.812;
1705079504,2.93,0,0,85.67,2.45,100,2.313,24.312,43.375,52.38,61.688,61.813,62.625,62.563,62.812,62.812;
1705079506,2.94,0,0,85.33,2.44,100,2.313,24.25,43.375,52.38,61.688,61.75,62.625,62.563,62.812,62.812;
1705079508,2.94,0,0,83.67,2.45,100,2.313,24.188,43.375,52.38,61.688,61.75,62.625,62.563,62.812,62.812;
1705079510,2.93,0,0,83,2.46,100,2.313,24.125,43.375,52.31,61.688,61.75,62.625,62.563,62.812,62.812;
1705079512,2.93,0,0,83,2.43,100,2.313,24.062,43.375,52.31,61.688,61.813,62.625,62.563,62.812,62.875;
1705079514,2.93,0,0,84.67,2.46,100,2.313,24.062,43.375,52.31,61.688,61.813,62.625,62.563,62.812,62.812;
1705079515,2.93,0,0,87.67,2.45,100,2.313,24.062,43.375,52.31,61.688,61.75,62.625,62.563,62.812,62.812;
1705079517,2.93,0,0,84.33,2.45,100,2.313,24.062,43.313,52.31,61.688,61.75,62.625,62.563,62.812,62.812;
1705079519,2.93,0,0,83.33,2.46,100,2.313,24.062,43.313,52.31,61.688,61.813,62.625,62.563,62.812,62.812;
1705079521,2.93,0,0,87.33,2.44,100,2.313,24.062,43.313,52.31,61.688,61.813,62.625,62.563,62.812,62.812;
1705079523,2.93,0,0,85.67,2.44,100,2.313,24.062,43.313,52.31,61.688,61.813,62.625,62.563,62.812,62.812;
1705079525,2.93,0,0,84.33,2.43,100,2.313,24,43.313,52.25,61.688,61.813,62.625,62.563,62.812,62.812;
1705079527,2.93,0,0,83,2.43,100,2.313,24,43.25,52.25,61.688,61.813,62.625,62.563,62.812,62.812;
1705079529,2.93,0,0,89,2.43,100,2.313,23.937,43.25,52.25,61.688,61.813,62.625,62.563,62.75,62.812;
1705079531,2.93,0,0,84,2.42,100,2.313,23.875,43.25,52.25,61.688,61.75,62.625,62.563,62.812,62.812;
1705079533,2.93,0,0,87.67,2.42,100,2.313,23.812,43.188,52.25,61.688,61.75,62.625,62.625,62.75,62.812;
1705079535,2.93,0,0,84.33,2.42,100,2.313,23.75,43.188,52.25,61.688,61.75,62.625,62.563,62.812,62.812;
1705079537,2.93,0,0,84,2.44,100,2.313,23.625,43.188,52.25,61.688,61.75,62.625,62.563,62.812,62.812;
1705079539,2.93,0,0,84,2.41,100,2.313,23.5,43.188,52.25,61.688,61.75,62.625,62.563,62.812,62.812;
1705079541,2.93,0,0,89.67,2.41,100,2.313,23.437,43.188,52.25,61.688,61.813,62.625,62.563,62.812,62.812;
1705079543,2.93,0,0,86.33,2.4,100,2.313,23.312,43.125,52.25,61.688,61.75,62.625,62.563,62.812,62.812;
1705079545,2.93,0,0,83,2.4,100,2.313,23.187,43.125,52.25,61.688,61.813,62.625,62.563,62.812,62.812;
1705079547,2.93,0,0,86.67,2.4,100,2.313,23.125,43.125,52.19,61.688,61.813,62.625,62.563,62.812,62.812;
1705079549,2.93,0,0,84.67,2.41,100,2.313,23,43.063,52.19,61.688,61.75,62.625,62.563,62.812,62.812;
1705079551,2.93,0,0,84.33,2.4,100,2.313,22.938,43.125,52.19,61.688,61.75,62.625,62.563,62.812,62.812;
1705079553,2.93,0,0,86,2.41,100,2.313,22.812,43.063,52.19,61.688,61.813,62.625,62.563,62.75,62.812;
1705079555,2.93,0,0,84.67,2.4,100,2.313,22.75,43.063,52.19,61.688,61.813,62.625,62.563,62.812,62.812;
1705079557,2.93,0,0,87.67,2.39,100,2.313,22.625,43.063,52.19,61.688,61.75,62.625,62.563,62.812,62.812;
1705079559,2.93,0,0,85.33,2.39,100,2.313,22.562,43.063,52.19,61.688,61.813,62.625,62.563,62.812,62.812;
1705079561,2.93,0,0,83,2.39,100,2.313,22.5,43,52.19,61.688,61.813,62.625,62.563,62.812,62.812;
1705079563,2.93,0,0,89,2.4,100,2.313,22.375,43,52.19,61.688,61.813,62.625,62.563,62.75,62.812;
1705079564,2.93,0,0,87,2.38,100,2.313,22.25,43,52.19,61.688,61.75,62.625,62.563,62.812,62.812;
1705079566,2.93,0,0,84.67,2.37,100,2.313,22.187,43,52.19,61.688,61.75,62.625,62.563,62.812,62.812;
1705079568,2.93,0,0,83.67,2.37,100,2.313,22.125,43,52.13,61.688,61.75,62.625,62.563,62.812,62.812;
1705079570,2.93,0,0,83.67,2.36,100,2.313,22,43,52.13,61.688,61.75,62.625,62.563,62.812,62.812;
1705079572,2.93,0,0,84.67,2.37,100,2.313,21.937,42.938,52.13,61.688,61.813,62.625,62.563,62.812,62.812;
1705079574,2.93,0,0,85.67,2.38,100,2.313,21.937,42.938,52.13,61.688,61.813,62.625,62.563,62.812,62.812;
1705079576,2.93,0,0,83.33,2.37,100,2.25,21.875,42.875,52.13,61.688,61.813,62.625,62.563,62.812,62.812;
1705079578,2.93,0,0,82.33,2.36,100,2.25,21.812,42.938,52.13,61.688,61.813,62.625,62.563,62.812,62.812;
1705079580,2.93,0,0,89,2.35,100,2.313,21.812,42.875,52.13,61.688,61.813,62.625,62.563,62.812,62.812;
1705079582,2.93,0,0,82.33,2.37,100,2.313,21.75,42.875,52.13,61.688,61.75,62.625,62.563,62.812,62.812;
1705079584,2.93,0,0,86.33,2.36,100,2.25,21.688,42.875,52.13,61.688,61.813,62.625,62.563,62.75,62.812;
1705079586,2.93,0,0,88.33,2.36,100,2.25,21.625,42.812,52.13,61.688,61.813,62.625,62.563,62.75,62.812;
1705079588,2.93,0,0,86,2.35,100,2.25,21.562,42.812,52.13,61.688,61.813,62.625,62.563,62.812,62.812;
1705079590,2.93,0,0,83.33,2.36,100,2.25,21.5,42.812,52.13,61.688,61.75,62.625,62.563,62.812,62.812;
1705079592,2.93,0,0,82.33,2.35,100,2.25,21.437,42.812,52.13,61.688,61.813,62.625,62.563,62.812,62.812;
1705079594,2.93,0,0,87.67,2.36,100,2.25,21.312,42.75,52.13,61.688,61.75,62.625,62.563,62.812,62.812;
1705079596,2.93,0,0,84,2.35,100,2.25,21.312,42.75,52.13,61.688,61.75,62.625,62.563,62.812,62.812;
1705079598,2.93,0,0,84.67,2.34,100,2.25,21.187,42.75,52.13,61.688,61.813,62.625,62.563,62.812,62.812;
1705079600,2.93,0,0,89,2.34,100,2.25,21.063,42.75,52.13,61.688,61.75,62.625,62.563,62.812,62.812;
1705079602,2.93,0,0,82,2.34,100,2.25,21,42.688,52.13,61.688,61.813,62.625,62.563,62.812,62.812;
1705079604,2.93,0,0,88.33,2.34,100,2.25,20.937,42.688,52.13,61.688,61.75,62.625,62.563,62.812,62.812;
1705079606,2.93,0,0,85.67,2.34,100,2.25,20.812,42.688,52.13,61.688,61.75,62.625,62.563,62.812,62.875;
1705079608,2.93,0,0,84.67,2.33,100,2.25,20.75,42.688,52.06,61.688,61.75,62.625,62.563,62.812,62.812;
1705079610,2.93,0,0,83.67,2.32,100,2.25,20.687,42.688,52.06,61.688,61.75,62.625,62.563,62.812,62.812;
1705079612,2.93,0,0,78.67,2.33,100,2.25,20.687,42.688,52.06,61.688,61.75,62.625,62.563,62.812,62.812;
1705079613,2.93,0,0,80.67,2.31,100,2.25,20.625,42.688,52.06,61.688,61.75,62.625,62.563,62.812,62.812;
1705079615,2.93,0,0,87,2.32,100,2.25,20.687,42.688,52.13,61.688,61.75,62.625,62.563,62.812,62.812;
1705079617,2.93,0,0,83.33,2.32,100,2.25,20.75,42.688,52.06,61.688,61.75,62.625,62.563,62.812,62.812;
1705079619,2.93,0,0,87,2.32,100,2.25,20.875,42.688,52.06,61.688,61.813,62.625,62.563,62.812,62.812;
1705079621,2.93,0,0,86.67,2.31,100,2.25,20.937,42.688,52.06,61.688,61.813,62.625,62.563,62.812,62.812;
1705079623,2.93,0,0,85.67,2.32,100,2.25,21.063,42.688,52.06,61.688,61.813,62.625,62.563,62.812,62.812;
1705079625,2.93,0,0,84.67,2.3,100,2.25,21.187,42.688,52.06,61.688,61.813,62.625,62.563,62.812,62.812;
1705079627,2.93,0,0,84,2.32,100,2.25,21.312,42.688,52.06,61.688,61.813,62.625,62.563,62.812,62.812;
1705079629,2.93,0,0,81.67,2.3,100,2.25,21.375,42.688,52.06,61.688,61.813,62.625,62.563,62.812,62.812;
1705079631,2.93,0,0,84.67,2.32,100,2.25,21.5,42.688,52.06,61.688,61.813,62.625,62.563,62.812,62.812;
1705079633,2.93,0,0,84,2.3,100,2.25,21.562,42.688,52.06,61.688,61.813,62.625,62.563,62.812,62.812;
1705079635,2.93,0,0,83,2.31,100,2.25,21.688,42.688,52.06,61.688,61.813,62.625,62.563,62.812,62.812;
1705079637,2.93,0,0,83,2.3,100,2.25,21.75,42.688,52.06,61.688,61.813,62.625,62.563,62.812,62.812;
1705079639,2.93,0,0,86.67,2.31,100,2.25,21.812,42.75,52,61.688,61.813,62.625,62.625,62.812,62.812;
1705079641,2.93,0,0,83,2.29,100,2.25,21.875,42.75,52,61.688,61.813,62.625,62.563,62.812,62.812;
1705079643,2.93,0,0,82.33,2.29,100,2.188,22,42.75,52,61.688,61.75,62.625,62.563,62.75,62.812;
1705079645,2.93,0,0,85,2.29,100,2.25,22.125,42.75,52,61.688,61.813,62.625,62.563,62.812,62.812;
1705079647,2.93,0,0,82.33,2.29,100,2.188,22.187,42.75,52,61.688,61.75,62.625,62.563,62.812,62.812;
1705079649,2.93,0,0,87,2.31,100,2.188,22.375,42.75,52.06,61.688,61.75,62.625,62.563,62.812,62.812;
1705079651,2.93,0,0,89,2.28,100,2.188,22.5,42.75,52,61.688,61.813,62.625,62.563,62.812,62.812;
1705079653,2.93,0,0,85.67,2.28,100,2.188,22.625,42.812,52,61.688,61.813,62.625,62.563,62.812,62.812;
1705079655,2.93,0,0,84,2.28,100,2.25,22.812,42.812,52,61.688,61.813,62.625,62.563,62.812,62.812;
1705079657,2.93,0,0,82.33,2.28,100,2.188,22.938,42.812,52,61.688,61.75,62.625,62.625,62.812,62.812;
1705079659,2.93,0,0,84.33,2.27,100,2.188,23.125,42.812,52,61.688,61.75,62.625,62.563,62.812,62.812;
1705079661,2.93,0,0,83.33,2.26,100,2.188,23.312,42.875,52,61.688,61.75,62.625,62.563,62.812,62.812;
1705079662,2.93,0,0,86.67,2.26,100,2.188,23.437,42.875,52,61.688,61.813,62.625,62.563,62.812,62.812;
1705079664,2.93,0,0,83.33,2.24,100,2.188,23.563,42.875,52,61.688,61.813,62.625,62.563,62.812,62.812;
1705079666,2.93,0,0,84.33,2.24,100,2.188,23.75,42.875,52,61.688,61.813,62.625,62.563,62.812,62.812;
1705079668,2.93,0,0,85,2.23,100,2.188,23.937,42.938,52,61.688,61.813,62.625,62.563,62.812,62.812;
1705079670,2.93,0,0,81.33,2.24,100,2.188,24.125,42.938,52,61.688,61.813,62.625,62.563,62.812,62.812;
1705079672,2.93,0,0,85.33,2.24,100,2.188,24.312,42.938,52,61.688,61.813,62.625,62.563,62.812,62.812;
1705079674,2.93,0,0,84.67,2.23,100,2.188,24.5,43,52,61.688,61.813,62.625,62.563,62.812,62.812;
1705079676,2.93,0,0,82.33,2.24,100,2.188,24.625,43,52,61.688,61.813,62.625,62.563,62.812,62.812;
1705079678,2.93,0,0,84,2.23,100,2.188,24.813,43,52,61.688,61.813,62.625,62.563,62.812,62.812;
1705079680,2.93,0,0,83.33,2.22,100,2.188,25,43.063,52,61.688,61.813,62.625,62.563,62.812,62.812;
1705079682,2.93,0,0,82.67,2.23,100,2.188,25.125,43.063,52,61.688,61.813,62.625,62.563,62.812,62.812;
1705079684,2.93,0,0,84,2.22,100,2.188,25.312,43.063,52,61.688,61.75,62.625,62.563,62.812,62.812;
1705079686,2.93,0,0,85.67,2.23,100,2.188,25.5,43.063,52,61.688,61.75,62.625,62.563,62.812,62.812;
1705079688,2.93,0,0,81.33,2.21,100,2.188,25.625,43.125,52,61.688,61.813,62.625,62.563,62.812,62.812;
1705079690,2.93,0,0,83,2.22,100,2.188,25.812,43.125,52,61.688,61.813,62.625,62.563,62.812,62.812;
1705079692,2.93,0,0,80.67,2.21,100,2.188,25.937,43.125,52,61.688,61.813,62.625,62.563,62.812,62.812;
1705079694,2.93,0,0,86.33,2.22,100,2.188,26.063,43.125,52,61.688,61.75,62.625,62.563,62.812,62.812;
1705079696,2.93,0,0,80,2.22,100,2.188,26.25,43.125,52,61.688,61.75,62.625,62.563,62.812,62.812;
1705079698,2.93,0,0,83.67,2.21,100,2.188,26.375,43.188,52,61.688,61.813,62.625,62.563,62.812,62.812;
1705079700,2.93,0,0,85.67,2.21,100,2.188,26.5,43.188,52,61.688,61.813,62.625,62.563,62.812,62.812;
1705079702,2.93,0,0,83.67,2.2,100,2.188,26.625,43.188,52,61.688,61.813,62.625,62.563,62.812,62.812;
1705079704,2.93,0,0,88.33,2.21,100,2.188,26.75,43.188,52,61.688,61.75,62.625,62.563,62.812,62.812;
1705079706,2.93,0,0,82.67,2.2,100,2.188,26.875,43.188,52,61.688,61.813,62.625,62.563,62.812,62.812;
1705079708,2.93,0,0,78.33,2.21,100,2.188,27,43.25,52,61.688,61.75,62.625,62.563,62.812,62.812;
1705079710,2.93,0,0,82.67,2.19,100,2.188,27.125,43.25,52,61.688,61.75,62.625,62.563,62.812,62.812;
1705079711,2.93,0,0,83,2.18,100,2.188,27.25,43.25,52,61.688,61.75,62.625,62.563,62.812,62.812;
1705079713,2.93,0,0,81.67,2.19,100,2.188,27.375,43.25,52,61.688,61.813,62.625,62.563,62.812,62.812;
1705079715,2.93,0,0,84.33,2.18,100,2.125,27.5,43.313,52,61.688,61.813,62.625,62.563,62.812,62.812;
1705079717,2.93,0,0,82,2.19,100,2.188,27.625,43.313,52,61.688,61.75,62.625,62.563,62.812,62.812;
1705079719,2.93,0,0,81,2.17,100,2.188,27.75,43.313,52,61.688,61.75,62.625,62.563,62.812,62.812;
1705079721,2.93,0,0,82,2.17,100,2.188,27.875,43.313,52,61.688,61.75,62.625,62.563,62.812,62.812;
1705079723,2.93,0,0,82.33,2.17,100,2.125,28,43.375,52,61.688,61.813,62.625,62.563,62.812,62.812;
1705079725,2.93,0,0,80.67,2.17,100,2.125,28.125,43.375,52,61.688,61.813,62.625,62.563,62.812,62.812;
1705079727,2.93,0,0,83.67,2.17,100,2.125,28.25,43.375,52,61.688,61.813,62.625,62.563,62.812,62.812;
1705079729,2.93,0,0,82,2.17,100,2.188,28.375,43.375,52,61.688,61.813,62.625,62.563,62.75,62.812;
1705079731,2.93,0,0,82.33,2.16,100,2.125,28.5,43.437,52,61.688,61.75,62.625,62.563,62.812,62.812;
1705079733,2.93,0,0,80.67,2.17,100,2.125,28.625,43.437,52,61.688,61.75,62.625,62.563,62.75,62.812;
1705079735,2.93,0,0,84.33,2.17,100,2.125,28.687,43.437,52.06,61.688,61.75,62.625,62.563,62.812,62.812;
1705079737,2.93,0,0,84.33,2.15,100,2.125,28.812,43.5,52.06,61.688,61.75,62.625,62.563,62.812,62.812;
1705079739,2.93,0,0,83.67,2.14,100,2.188,28.875,43.5,52.06,61.688,61.75,62.625,62.563,62.812,62.812;
1705079741,2.93,0,0,81.67,2.14,100,2.125,28.937,43.5,52.06,61.688,61.75,62.625,62.563,62.812,62.812;
1705079743,2.93,0,0,83,2.13,100,2.188,29.062,43.5,52.06,61.688,61.813,62.625,62.563,62.812,62.812;
1705079745,2.93,0,0,81.67,2.14,100,2.125,29.125,43.5,52.06,61.688,61.813,62.625,62.563,62.812,62.812;
1705079747,2.93,0,0,79,2.13,100,2.125,29.188,43.563,52.06,61.688,61.813,62.625,62.563,62.812,62.812;
1705079749,2.93,0,0,85.33,2.14,100,2.125,29.25,43.563,52.06,61.688,61.813,62.625,62.563,62.812,62.812;
1705292407,2.99,0,0,84,-0.53,75.03,-2.563,30.125,42.5,52.44,61.813,61.875,62.75,62.688,62.875,62.938;
1705294260,2.98,0,0,79.67,-2.57,67.92,-4.75,38.75,46.562,53.5,61.875,61.938,62.688,62.625,62.875,62.938;
1705296060,2.98,0,0,86,-2.73,55.12,-4.375,37.063,45.688,53.31,61.938,62,62.75,62.688,62.875,62.938;
1705297860,2.99,0,0,84.67,-4.34,64.57,-6.75,30,41.625,52.38,61.75,61.875,62.688,62.688,62.875,62.938;
1705299660,2.99,0,0,86.33,-5.91,69.23,-4.937,32.688,43.75,52.44,61.75,61.875,62.688,62.688,62.875,62.875;
1705301460,2.98,0,0,85.33,-5.03,72.33,-3.875,18.875,40.75,51.13,61.688,61.875,62.688,62.688,62.875,62.875;
1705303260,2.98,0,0,85.67,-2.55,82.68,-2.625,39.188,46.188,53.19,61.688,61.875,62.688,62.625,62.875,62.875;
1705305060,2.98,0,0,83.33,1.1,72.77,-1.937,38.5,47.25,53.44,61.688,61.875,62.688,62.625,62.875,62.875;
1705306860,2.98,0,0,85.67,3.47,70.63,0.187,40.875,47.812,53.94,61.75,61.875,62.688,62.625,62.875,62.875;
1705308660,2.98,0,0,87,3.81,66.82,1.875,41.25,48.25,54,61.75,61.875,62.688,62.625,62.875,62.875;
1705310460,2.98,0,0,86.33,4.21,62.66,1.312,41.063,50.188,54.19,61.688,61.813,62.688,62.625,62.875,62.875;
1705312260,2.98,0,0,86.33,4.66,62.49,2.625,40.563,49.188,53.94,61.688,61.813,62.688,62.625,62.875,62.875;
1705314060,2.98,0,0,87.67,4.16,58.91,2.563,42.625,50.937,54.75,61.813,61.875,62.688,62.625,62.875,62.875;
1705315860,2.98,0,0,87.67,4.4,56.69,3.188,39.063,49,54,61.75,61.875,62.688,62.625,62.875,62.875;
1705317660,2.98,0,0,83,1.31,60.78,1.75,20.125,44,51.94,61.688,61.813,62.688,62.625,62.875,62.875;
1705319460,2.99,0,0,84,-2.73,97.07,0.187,27.062,44.625,52.25,61.813,61.875,62.688,62.625,62.875,62.875;
1705321260,2.99,0,0,84.67,-2.21,100,0,28.5,45.312,53.25,61.625,61.813,62.688,62.625,62.875,62.875;
1705323060,2.98,0,0,85.67,0.82,100,2.75,30.375,46.5,52.94,61.625,61.75,62.688,62.625,62.875,62.875;
1705324860,2.99,0,0,83.33,1.62,99,4.625,28.5,47.25,53.13,61.688,61.813,62.688,62.625,62.875,62.875;
1705326660,2.99,0,0,86,1.68,93.62,4.437,29.188,47.063,53.25,61.688,61.813,62.688,62.625,62.875,62.875;
1705328460,2.98,0,0,84.67,0.86,95.95,3.625,19,45,52.56,61.625,61.813,62.688,62.625,62.875,62.875;
1705330260,2.99,0,0,85,0.65,100,2.813,38.75,49.687,54.31,61.688,61.813,62.688,62.563,62.875,62.875;
1705332060,2.99,0,0,85,2.93,99.96,3.625,30.562,46.25,52.88,61.625,61.75,62.688,62.625,62.875,62.875;
1705333860,2.99,0,0,81.67,2.89,100,3.313,23.75,45.125,53.13,61.688,61.813,62.688,62.625,62.875,62.875;
1705335660,2.99,0,0,80.67,2.28,100,2.75,26.688,45.125,52.63,61.688,61.813,62.688,62.625,62.875,62.875;
1705337460,2.99,0,0,86,3.34,100,3.125,25.75,44.875,52.63,61.625,61.75,62.688,62.625,62.875,62.875;
1705339260,2.99,0,0,83,3.14,100,3.125,26.437,43.813,52.19,61.688,61.813,62.688,62.625,62.875,62.875;
1705341060,2.99,0,0,85,2.16,100,2.875,22.313,43.25,51.94,61.688,61.75,62.688,62.625,62.875,62.875;
1705342860,2.99,0,0,84.33,1.97,100,2.5,35.875,45.563,52.63,61.688,61.75,62.625,62.625,62.875,62.875;
1705344660,2.99,0,0,84,1.88,100,2.313,29.5,44.188,52.31,61.688,61.813,62.625,62.625,62.812,62.875;
1705346460,2.98,0,0,83.67,3.62,100,3.125,38.438,46.75,53.25,61.688,61.813,62.625,62.563,62.875,62.875;
1705348260,2.98,0,0,84.67,4.92,100,3.063,25.375,43.437,52.31,61.625,61.75,62.625,62.625,62.812,62.875;
1705350060,2.98,0,0,86,3.97,100,3.625,37.125,46,53.06,61.625,61.813,62.625,62.563,62.875,62.875;
1705351860,2.98,0,0,71.67,0.76,100,2.313,24.25,43,51.81,61.625,61.75,62.625,62.625,62.812,62.875;
1705353660,2.98,0,0,79,1.1,100,2.375,18,41.625,51.56,61.625,61.75,62.625,62.625,62.812,62.875;
1705355460,2.98,0,0,86,5.07,100,3.75,31.625,44.25,52.38,61.688,61.75,62.625,62.563,62.812,62.875;
1705357260,2.98,0,0,83.67,2.37,100,3.375,27.625,43.563,52.19,61.625,61.75,62.625,62.563,62.812,62.875;
1705359060,2.98,0,0,84.67,-3.4,100,0.125,26.562,41.75,51.31,61.625,61.813,62.625,62.625,62.812,62.875;
1705360860,2.98,0,0,86,-3.68,100,-0.625,37.75,45.25,52.38,61.688,61.75,62.625,62.625,62.812,62.875;
1705362660,2.98,0,0,87.33,-2.18,99.98,-0.25,37.563,45.375,52.56,61.688,61.813,62.625,62.625,62.812,62.875;
1705364460,2.98,0,0,90,-1.61,90.9,-2.25,38.313,45.875,53.25,61.688,61.813,62.625,62.563,62.812,62.875;
1705366260,2.98,0,0,85.67,0.88,97.19,-1.437,30.25,42.313,52.44,61.625,61.813,62.625,62.625,62.812,62.875;
1705368060,2.98,0,0,88.33,3.84,97.7,2.688,36,44.313,52.88,61.625,61.75,62.625,62.625,62.812,62.875;
1705369860,2.98,0,0,82.33,0.47,86.19,0.875,35.5,44.313,53.25,61.875,61.938,62.688,62.563,62.812,62.875;
1705371660,2.98,0,0,85,-3.91,89.12,-3.688,27,40.312,51.88,61.625,61.813,62.625,62.625,62.812,62.875;
1705373460,2.99,0,0,85,-1.58,98.46,-0.812,37.438,45.375,52.88,61.688,61.813,62.625,62.625,62.812,62.875;
1705375260,2.98,0,0,88.33,-1.42,82.51,-3.063,26.187,40.312,52.06,61.688,61.813,62.688,62.625,62.812,62.875;
1705377060,2.98,0,0,85,-3.11,90.2,-3.438,29.125,41.688,51.63,61.625,61.813,62.625,62.625,62.812,62.875;
1705378860,2.98,0,0,87,-3.68,85.91,-3.563,38.5,46,52.88,61.688,61.75,62.625,62.625,62.812,62.875;
1705380660,2.99,0,0,85.33,-3.84,80.92,-4.312,33.688,42.875,52.06,61.688,61.75,62.625,62.625,62.812,62.875;
1705382460,2.99,0,0,88.33,-10.8,76.34,-11.063,23.5,38.375,50.13,61.688,61.875,62.625,62.625,62.812,62.875;
1705384260,2.98,0,0,89.67,-13.24,78.54,-13.375,21.75,38.938,50.06,61.813,61.938,62.688,62.563,62.875,62.875;
1705386060,2.98,0,0,92,-11.07,82.38,-11.25,24.75,40.5,51.31,61.75,61.875,62.688,62.625,62.875,62.875;
1705387860,2.99,0,0,90.33,-10.04,88.43,-10.25,32.188,41.625,51.06,61.625,61.75,62.625,62.625,62.812,62.875;
1705389660,2.99,0,0,92.33,-12.62,74.22,-13.187,20.375,42.063,51.75,62,62.187,62.75,62.688,62.875,62.875;
1705391460,2.98,0,0,90,-14.38,84.47,-14.375,20.062,41.125,51.56,62,62.187,62.75,62.625,62.875,62.875;
1705393260,2.99,0,0,90,-13.66,86.21,-14,20.812,41.75,51.88,62,62.187,62.75,62.688,62.875,62.875;
1705395060,2.99,0,0,90.33,-13.66,83,-14.25,21.5,42.313,52.25,62.125,62.25,62.812,62.688,62.875,62.875;
1705396860,2.99,0,0,89.67,-13.27,82.44,-13.938,21.063,41.875,52.06,62.063,62.25,62.75,62.688,62.875,62.938;
1705398660,2.98,0,0,91.67,-13.51,81.54,-14.125,19.125,42.5,53.44,62.125,62.375,62.812,62.75,62.875,62.938;
1705400460,2.98,0,0,90.33,-14.53,82.36,-14.813,18.375,41.188,52.44,62.125,62.438,62.812,62.75,62.938,62.938;
1705402260,2.99,0,0,93,255,255,-14.75,19.062,41.313,52.5,62.125,62.438,62.812,62.75,62.938,62.938;
1705404060,2.98,0,0,88.67,-14.3,82.27,-14.437,19.625,41.875,52.81,62.125,62.438,62.875,62.75,62.938,62.938;
1705405860,2.98,0,0,90.67,-13.9,84.07,-14,20.5,41.875,52.75,62.187,62.438,62.938,62.75,62.938,63.000;
1705407660,2.99,0,0,89,-13.08,88.04,-13.125,19.312,42.5,53,62.187,62.438,62.875,62.75,62.938,63.000;
1705409460,2.99,0,0,90.33,-11.77,88.42,-12,19.062,43.063,53,62.25,62.5,62.875,62.75,62.938,63.000;
1705411260,2.99,0,0,91,255,255,-11.875,18.5,43.25,53.06,62.25,62.438,62.875,62.75,62.938,63.000;
1705413060,2.98,0,0,90.33,-11.3,90.91,-11.25,19.187,41.688,52.25,62.187,62.438,62.875,62.812,62.938,63.000;
1705414860,2.99,0,0,92.67,-9.56,95.1,-9.938,21.125,43.25,52.25,62.063,62.313,62.875,62.75,62.938,63.000;
1705416660,2.99,0,0,88.67,-7.67,95.04,-8.375,19.5,42.812,52.56,62.063,62.25,62.875,62.75,62.938,63.000;
1705418460,2.99,0,0,87.33,-6.88,90.82,-7.812,21.875,43.375,52.63,62.063,62.25,62.812,62.75,62.938,63.000;
1705420260,2.99,0,0,88.33,-7.09,92.57,-7.687,20,42.563,52.38,62.063,62.25,62.812,62.75,62.938,63.000;
1705422060,2.98,0,0,90.33,-8.16,87.99,-8.625,17.5,39.563,52.13,62.125,62.375,62.875,62.75,62.938,63.000;
1705423860,2.99,0,0,89,-8.68,91.1,-9.063,19.125,40.125,52.31,62.187,62.375,62.875,62.75,62.938,63.000;
1705425660,2.99,0,0,90.33,-9.29,86.42,-9.625,19.375,40,52.56,62.063,62.375,62.875,62.75,62.938,63.000;
1705427460,2.99,0,0,89,-8.9,88.84,-9.438,27.313,41.688,52.81,62.125,62.375,62.875,62.75,62.938,63.000;
1705429260,2.99,0,0,90,-8.81,80.48,-9.688,26.75,41.438,53.63,62.25,62.438,62.875,62.75,62.938,63.000;
1705431060,2.99,0,0,93,-9.19,82.18,-10.062,26,41.063,53.44,62.25,62.375,62.875,62.75,62.938,63.000;
1705432860,2.98,0,0,92,-9.2,79.32,-10.5,25,40.25,53.19,62.187,62.438,62.875,62.75,62.938,63.000;
1705434660,2.98,0,0,92,-9.23,76.28,-10.938,25.875,41.438,53.38,62.25,62.438,62.875,62.75,62.938,63.000;
1705436460,2.99,0,0,93,-9.75,75.47,-11.25,25.062,41.5,52.31,62.063,62.375,62.875,62.812,62.938,63.000;
1705438260,2.98,0,0,91.33,-9.98,74.77,-11.438,23.625,41.375,52.25,62.125,62.375,62.875,62.75,62.938,63.000;
1705440060,2.99,0,0,94.33,-10.11,72.75,-11.75,24.188,42.125,53.19,62.187,62.438,62.875,62.812,62.938,63.000;
1705441860,2.99,0,0,88,255,255,-11.937,22.375,42.187,53.19,62.187,62.438,62.875,62.75,62.938,63.000;
1705443660,2.98,0,0,89.67,-11.17,75.19,-12.188,22,43.125,53.13,62.187,62.5,62.875,62.812,62.938,63.000;
1705445460,2.98,0,0,89,-11.74,75.14,-12.562,21.125,43.063,53.38,62.25,62.5,62.875,62.812,63,63.000;
1705447260,2.99,0,0,90.33,-12.88,71.84,-13.75,20.75,43.813,53.75,62.25,62.563,62.938,62.812,62.938,63.000;
1705449060,2.99,0,0,91.33,-14.15,73.92,-14.688,21.75,43.5,53.19,62.25,62.563,62.938,62.812,63,63.000;
1705450860,2.98,0,0,94.67,-14.31,73.76,-14.75,22.5,42.875,53,62.25,62.563,62.938,62.812,63,63.000;
1705452660,2.98,0,0,89.33,-14.98,73.04,-15.375,22.687,42.75,53.06,62.375,62.625,62.938,62.812,63,63.000;
1705454460,2.98,0,0,89.33,-15.01,73.61,-15.375,22.313,42.25,52.94,62.313,62.563,62.938,62.812,63,63.000;
1705456260,2.99,0,0,90,255,255,-15.687,23.812,41.688,52.88,62.375,62.563,62.938,62.812,63,63.000;
1705458060,2.98,0,0,91.67,-15.43,73.17,-15.75,27,41.938,53.38,62.438,62.625,62.938,62.812,63,63.000;
1705459860,2.99,0,0,88,255,255,-15.687,28.687,40.25,52.69,62.313,62.625,62.938,62.812,63,63.000;
1705461660,2.98,0,0,92.33,-15.07,73.67,-15.5,28.812,41.562,53.06,62.375,62.625,62.938,62.812,63,63.000;
1705463460,2.99,0,0,89,255,255,-15.188,27.625,40.875,52.13,62.25,62.5,62.875,62.812,63,63.000;
1705465260,2.99,0,0,91,255,255,-15.25,27.687,40.625,52.31,62.375,62.563,62.938,62.812,63,63.000;
1705467060,2.98,0,0,89.67,-13.94,72.19,-14.938,28.75,41.125,52.88,62.313,62.563,62.938,62.812,63,63.000;
1705468860,2.98,0,0,90.33,-13.88,71.3,-14.875,28.625,40.312,52,62.313,62.563,62.938,62.812,63,63.000;
1705470660,2.98,0,0,94,-13.26,71.77,-14.5,26.5,41.063,52.56,62.25,62.5,62.875,62.812,63,63.000;
1705472460,2.98,0,0,91,-12.15,69.14,-14,26.375,39.938,52.5,62.313,62.5,62.875,62.812,63,63.000;
1705474260,2.99,0,0,91.67,-11.64,68.8,-13.625,26.875,39.563,51.75,62.25,62.5,62.875,62.75,63,63.000;
1705476060,2.98,0,0,91.33,-11.08,67.57,-13.438,26,41.438,52.38,62.313,62.563,62.875,62.812,63,63.000;
1705477860,2.98,0,0,93,-10.95,66.36,-13.375,27.437,40.625,51.81,62.313,62.5,62.875,62.75,63,63.000;
1705479660,2.98,0,0,89.67,-9.96,61.31,-13.063,24.687,40.375,51.88,62.25,62.5,62.938,62.75,63,63.000;
1705481460,2.98,0,0,95.67,-9.33,59.71,-12.625,24.125,40.5,51.88,62.25,62.5,62.875,62.75,63,63.000;
1705483260,2.98,0,0,91,-8.98,61.06,-12.188,25.187,40.25,51.5,62.187,62.438,62.875,62.75,63,63.000;
1705485060,2.98,0,0,92,-8.95,60.15,-12.188,23.062,41.188,52.5,62.25,62.5,62.875,62.812,62.938,63.000;
1705486860,2.98,0,0,91.33,-9.18,57.95,-12.562,21.625,40.875,52.56,62.313,62.5,62.875,62.75,63,63.000;
1705488660,2.98,0,0,92.67,-9.52,57.77,-12.813,22.437,40.75,51.56,62.25,62.438,62.875,62.75,62.938,63.000;
1705490460,2.98,0,0,93,-9.48,59.93,-12.75,22.562,41.375,52.25,62.25,62.5,62.875,62.75,62.938,63.000;
1705492260,2.98,0,0,90.67,-9.06,59.14,-12.438,22.125,42.313,52.5,62.313,62.5,62.875,62.812,62.938,63.000;
1705494060,2.98,0,0,85.67,-9.23,59.28,-12.562,22.437,43.25,52.63,62.25,62.438,62.875,62.812,62.938,63.000;
1705495860,2.98,0,0,89.67,-9.27,58.45,-12.688,23.937,42.187,52.31,62.25,62.5,62.875,62.812,62.938,63.000;
1705497660,2.98,0,0,92,-9.03,58.26,-12.5,24.75,42.625,52.81,62.313,62.5,62.875,62.812,62.938,63.000;
1705499460,2.98,0,0,88.33,-8.29,59.2,-11.875,25.438,42.187,52.06,62.25,62.438,62.875,62.75,62.938,63.000;
1705501260,2.98,0,0,87.33,-8.08,59.84,-11.5,24.562,44.625,53.19,62.25,62.438,62.875,62.75,62.938,63.000;
1705503060,2.98,0,0,91.33,-8.29,58.21,-11.688,23.75,44.438,53.63,62.313,62.563,62.875,62.75,62.938,63.000;
1705504860,2.98,0,0,89.67,-8.88,58.73,-12.188,22.125,44.875,52.81,62.187,62.375,62.812,62.75,62.938,63.000;
1705506660,2.98,0,0,89.67,-8.94,64.4,-11.813,18.687,44.062,53.44,62.25,62.5,62.875,62.75,62.938,63.000;
1705508460,2.98,0,0,90.67,-8.92,64.04,-11.688,20.125,43.563,52.75,62.187,62.375,62.875,62.75,62.938,62.938;
1705510260,2.98,0,0,90.67,-9.05,61.75,-11.937,20.312,43.313,52.5,62.125,62.375,62.875,62.75,62.938,62.938;
1705512060,2.98,0,0,93.67,-9.36,62.7,-12.25,18.875,42.125,52.44,62.187,62.375,62.812,62.75,62.938,62.938;
1705513860,2.99,0,0,91.33,-7.84,61.63,-11.125,22.562,40.688,51.56,62.25,62.438,62.875,62.75,62.938,62.938;
1705515660,2.98,0,0,83.67,-7.34,60.05,-10.813,25.312,41.125,51.88,62.187,62.375,62.812,62.75,62.938,62.938;
1705517460,2.98,0,0,89.33,-7.57,57.1,-11.125,24.937,42.75,52.13,62.125,62.375,62.812,62.812,62.938,63.000;
1705519260,2.98,0,0,86,-7.58,56.73,-11.188,25.5,42.063,52.06,62.187,62.438,62.875,62.812,62.938,62.938;
1705521060,2.98,0,0,87,-7.26,57.17,-10.875,28.062,43.375,52.56,62.25,62.438,62.812,62.812,62.938,62.938;
1705522860,2.98,0,0,85.67,-6.97,57.69,-10.563,25.062,44.25,52.63,62.125,62.313,62.812,62.75,62.938,62.938;
1705524660,2.99,0,0,85,-6.96,55.3,-10.563,26.75,42.875,52.19,62.187,62.375,62.812,62.75,62.938,62.938;
1705526460,2.99,0,0,87.67,-7.02,55.3,-10.5,24.5,44.313,52.5,62.125,62.313,62.812,62.688,62.938,62.938;
1705528260,2.98,0,0,83,-7.6,55.77,-10.75,24.25,43.688,52.19,62.187,62.375,62.812,62.75,62.938,62.938;
1705530060,2.98,0,0,90.33,-7.92,53.9,-10.938,28.25,43.375,51.81,62.063,62.313,62.812,62.812,62.938,62.938;
1705531860,2.98,0,0,91.67,-7.69,56.47,-10.687,29.062,44.687,52.25,62,62.25,62.812,62.75,62.938,62.938;
1705533660,2.98,0,0,82.67,-6.11,62.03,-9.313,21.375,45.937,53.25,62.063,62.25,62.812,62.688,62.938,62.938;
1705535460,2.98,0,0,86,-7.18,54.85,-10.125,28.187,45.312,52.19,61.938,62.187,62.75,62.688,62.938,62.938;
1705537260,2.99,0,0,83.67,-7.3,53.49,-10.188,26.25,45.125,52.13,62,62.187,62.75,62.688,62.938,62.938;
1705539060,2.99,0,0,89.33,-7.6,55.55,-10.25,21.5,46,52.69,61.938,62.187,62.75,62.688,62.938,62.938;
1705540860,2.98,0,0,86.33,-7.54,57.79,-10.062,21.625,46.75,53.19,61.938,62.125,62.75,62.688,62.938,62.938;
1705542660,2.98,0,0,90,-7.91,56.46,-10.25,20.625,46.688,53.56,62,62.125,62.75,62.688,62.938,62.938;
1705544460,2.99,0,0,87.33,-4.06,54.95,-7.875,30.812,47.938,53.56,61.938,62.063,62.75,62.688,62.938,62.938;
1705546260,2.99,0,0,85.67,-0.99,50.87,-5.687,36.875,47.938,53.81,61.875,62.063,62.75,62.625,62.938,62.938;
1705548060,2.98,0,0,84.67,1.38,51.55,-3.938,37.875,47.75,53.88,61.875,62.063,62.75,62.688,62.875,62.938;
1705549860,2.98,0,0,83.33,0.92,50.87,-4,32.75,47.187,53.69,61.938,62.063,62.75,62.625,62.875,62.875;
1705551660,2.98,0,0,83.33,1.51,52.04,-2.375,42.125,47.812,53.44,61.938,62,62.75,62.625,62.875,62.938;
1705553460,2.98,0,0,84,2.65,54.39,-1.812,35.875,43.25,52.56,61.813,62,62.75,62.688,62.875,62.875;
1705555260,2.98,0,0,89,-1.31,45.66,-4.625,40.125,45.625,53.19,61.875,62.063,62.75,62.625,62.875,62.938;
1705557060,2.98,0,0,86,-1.45,51.16,-5.437,38.5,45.063,52.94,61.875,62,62.688,62.625,62.875,62.938;
1705558860,2.99,0,0,85.67,-1.89,54.2,-4.625,34.563,45.188,52.75,61.875,62,62.75,62.625,62.875,62.875;
1705560660,2.99,0,0,83.33,-1.76,46.8,-6,33.875,45.25,53.38,61.938,62,62.75,62.625,62.875,62.875;
1705562460,2.99,0,0,85.67,-4.38,49.83,-7.875,29.813,43.5,52.63,61.938,62.063,62.75,62.625,62.875,62.875;
1705564260,2.99,0,0,83.33,-4.36,52.97,-7.562,27.812,42.625,52.75,61.938,62.125,62.75,62.688,62.875,62.875;
1705566060,2.99,0,0,87,-4.19,56.52,-6.937,32.688,44.375,52.81,61.938,62.063,62.75,62.625,62.875,62.875;
1705567860,2.99,0,0,82.67,-3.47,55.55,-6.312,30.5,44,52.94,61.938,62.063,62.75,62.625,62.875,62.875;
1705569660,2.99,0,0,86,-4.7,56.02,-6.875,28.937,43.625,52.69,61.938,62.063,62.688,62.625,62.875,62.875;
1705571460,2.99,0,0,81.67,-4.3,54.77,-6.75,28.875,44.062,52.94,61.938,62.063,62.75,62.625,62.875,62.875;
1705573260,2.99,0,0,82.33,-4.73,54.32,-7.25,28.187,43.875,53.06,61.938,62.063,62.688,62.625,62.875,62.875;
1705575060,2.99,0,0,85.33,-4.52,52.85,-7.375,28.875,44.188,53.25,61.938,62.063,62.688,62.625,62.875,62.875;
1705576860,2.99,0,0,81,-3.74,55.14,-6.375,27.25,43.875,53.31,61.938,62.063,62.688,62.625,62.875,62.875;
1705578660,2.99,0,0,83,-3.43,56.31,-5.875,27.812,44.625,53.38,61.875,62,62.688,62.625,62.875,62.875;
1705580460,2.98,0,0,84.33,-2.36,61.65,-4.375,26.125,44.188,53.38,61.875,62,62.688,62.625,62.875,62.875;
1705582260,2.99,0,0,86,-1.48,60.59,-3.375,26,44.375,53.63,61.875,62.063,62.688,62.625,62.875,62.875;
1705584060,2.99,0,0,83,-1.23,60.69,-3,26.812,45.063,53.81,61.875,62,62.688,62.625,62.875,62.875;
1705585860,2.99,0,0,84.67,-0.5,58.34,-2.75,29.437,46.688,54.19,61.875,62,62.688,62.625,62.875,62.875;
1705587660,2.98,0,0,81.33,1.6,53.94,-1.875,31.25,47.313,54.56,61.875,62,62.688,62.625,62.875,62.875;
1705589460,2.98,0,0,85.67,2.31,52.31,-1.687,29.562,46.562,54.25,61.875,62,62.688,62.563,62.875,62.875;
1705591260,2.99,0,0,85.67,1.8,53.07,-2.25,27.5,45.563,53.56,61.875,62,62.688,62.625,62.812,62.875;
1705593060,2.98,0,0,83.33,4.04,54.65,-1.125,29.062,45.312,53.19,61.813,61.938,62.688,62.625,62.875,62.875;
1705594860,2.98,0,0,85.67,3.18,51.55,-1.875,27.375,43.938,52.56,61.75,61.938,62.688,62.625,62.875,62.875;
1705596660,2.98,0,0,86.33,3.74,52.27,-1.625,30.125,45.063,52.88,61.813,61.938,62.688,62.625,62.875,62.875;
1705598460,2.98,0,0,81.67,5.31,60.46,-0.75,30.375,45.063,52.56,61.688,61.938,62.688,62.563,62.875,62.875;
1705600260,2.99,0,0,86.67,5.25,59.55,-1,30.125,44.188,52.25,61.625,61.875,62.688,62.625,62.875,62.875;
1705602060,2.99,0,0,84,5.91,55.74,-0.75,28.937,44.062,52.44,61.688,61.938,62.688,62.563,62.875,62.875;
1705603860,2.99,0,0,80,4.99,52.79,-1.687,24.25,42.313,52.38,61.688,61.938,62.688,62.625,62.875,62.875;
1705605660,2.99,0,0,84.33,3.52,53.01,-2.813,23.875,42.75,52.63,61.688,62,62.688,62.625,62.875,62.875;
1705607460,2.99,0,0,86.33,3.51,50.62,-3.188,29.375,44.687,53.25,61.688,62,62.688,62.625,62.812,62.875;
1705609260,2.99,0,0,84.33,3.44,48.77,-3.25,33.313,45.937,53.44,61.688,61.938,62.688,62.688,62.875,62.875;
1705611060,2.99,0,0,85.67,3.97,47.16,-2.813,37.75,46.562,53.69,61.75,61.938,62.625,62.625,62.875,62.875;
1705612860,2.99,0,0,82.67,4.22,70.4,0.687,37.313,44.687,52.44,61.625,61.875,62.625,62.563,62.875,62.875;
1705614660,2.98,0,0,82.67,5.22,48.37,-0.5,39.625,46.938,53.69,61.75,61.938,62.625,62.563,62.812,62.875;
1705616460,2.99,0,0,84,3.5,66.46,1.062,37,43.313,52.13,61.625,61.875,62.625,62.563,62.812,62.875;
1705618260,2.99,0,0,83,4.18,56.66,0.187,38.563,46.75,53.5,61.688,61.875,62.625,62.625,62.875,62.875;
1705620060,2.99,0,0,82,4.25,55.11,-1.625,36.875,47.438,54.13,61.688,61.875,62.625,62.625,62.812,62.875;
1705621860,2.98,0,0,81.67,4.35,56.21,-1.25,39.875,47.875,54,61.688,61.875,62.625,62.563,62.812,62.875;
1705623660,2.99,0,0,83,4.99,59.08,-0.812,31.937,45.875,53.63,61.688,61.938,62.625,62.563,62.812,62.875;
1705625460,2.99,0,0,86,2.43,57.14,-1.812,34.375,46.375,53.5,61.688,61.875,62.625,62.563,62.875,62.875;
1705627260,2.99,0,0,87.33,-0.23,51.27,-4.062,35.375,46.625,53.5,61.688,61.875,62.625,62.563,62.812,62.875;
1705629060,2.99,0,0,83.67,0.23,61.43,-3.188,35.625,47,53.69,61.688,61.875,62.625,62.563,62.812,62.875;
1705630860,2.99,0,0,84.33,0.7,57.42,-2.813,37.375,47.5,53.81,61.688,61.875,62.625,62.563,62.812,62.875;
1705632660,2.99,0,0,90.33,-0.67,46.96,-4.562,37.75,47.563,53.88,61.688,61.875,62.625,62.563,62.875,62.875;
1705634460,2.99,0,0,84,0.05,47.17,-4.312,32.5,45.937,53.19,61.688,61.875,62.625,62.563,62.812,62.875;
1705636260,2.99,0,0,87,0.14,51.93,-3.25,38.875,46.188,53.25,61.625,61.875,62.625,62.563,62.812,62.875;
1705638060,2.99,0,0,82.67,-3.75,60.37,-2.5,36.188,43.688,51.88,61.625,61.875,62.625,62.563,62.812,62.875;
1705639860,2.99,0,0,83.33,-3.41,60.73,-2.75,36.375,43.063,51.88,61.625,61.875,62.625,62.625,62.812,62.875;
1705641660,2.99,0,0,85,-2.68,63,-2.5,38.813,45.688,52.75,61.625,61.813,62.625,62.563,62.812,62.875;
1705643460,2.99,0,0,81,-2.72,59.92,-2.375,37.563,43.563,52,61.625,61.875,62.625,62.563,62.812,62.875;
1705645260,2.99,0,0,83.33,-2.87,65.63,-1.875,37.625,43.875,52.06,61.625,61.875,62.625,62.563,62.812,62.875;
1705647060,2.99,0,0,83.67,-2.61,65.01,-1.625,37.563,43.875,52.13,61.625,61.813,62.625,62.563,62.812,62.875;
1705648860,2.99,0,0,85.33,-3.66,65.43,-2.188,36.875,44,52.13,61.625,61.813,62.625,62.563,62.812,62.875;
1705650660,2.99,0,0,83.33,-4.21,53.64,-5.75,35.375,45.688,53.69,61.688,61.938,62.625,62.563,62.812,62.875;
1705652460,2.99,0,0,85,-5.28,58.55,-6.625,38.125,47.313,54.06,61.688,61.875,62.625,62.563,62.812,62.875;
1705654260,2.99,0,0,90,-6.1,54.82,-6.125,34.063,42.063,52.56,61.75,61.938,62.625,62.563,62.812,62.875;
1705656060,2.99,0,0,91.67,-8.17,60.06,-6.75,32.313,40.438,52,61.688,61.938,62.625,62.625,62.812,62.875;
1705657860,2.99,0,0,92.67,-8.57,62.43,-6.937,33.5,40.813,51.75,61.688,61.875,62.625,62.625,62.812,62.875;
1705659660,2.99,0,0,90,-7.9,64.89,-6.187,34.063,39.375,50.94,61.625,61.875,62.625,62.563,62.812,62.875;
1705661460,2.99,0,0,86,-6.45,64.79,-5.125,33.688,38.813,50.75,61.625,61.875,62.625,62.563,62.812,62.875;
1705663260,2.99,0,0,94.67,-7.94,67.5,-5.812,33,39.063,50.75,61.625,61.875,62.625,62.563,62.812,62.812;
1705665060,2.99,0,0,89.67,-7.22,66.42,-5.312,32.75,38.813,50.81,61.688,61.875,62.625,62.563,62.812,62.875;
1705666860,2.99,0,0,89.67,-7.16,64.15,-5.437,32.438,37.75,50.44,61.688,61.875,62.625,62.563,62.812,62.875;
1705668660,2.99,0,0,89.33,-6.82,67.23,-5.375,33.563,39.5,50.81,61.625,61.875,62.625,62.563,62.812,62.875;
1705670460,2.99,0,0,92.67,-6.59,68.3,-5.125,34.063,41.313,51.56,61.688,61.875,62.625,62.625,62.812,62.875;
1705672260,2.99,0,0,86.67,-5.15,75.95,-3.5,35.313,43.437,52.25,61.688,61.875,62.625,62.563,62.812,62.812;
1705674060,2.99,0,0,84.67,0.34,81.28,0.312,38.75,45.25,52.69,61.5,61.75,62.625,62.563,62.812,62.875;
1705675860,2.99,0,0,84,0.24,60.04,0.625,35.813,40.5,51.13,61.625,61.875,62.625,62.563,62.812,62.812;
1705677660,2.99,0,0,84.33,1.2,63.64,1.5,39.125,43.75,52.25,61.625,61.875,62.625,62.563,62.812,62.812;
1705679460,2.99,0,0,91.67,-0.29,53.6,-0.187,35.438,40.312,51.06,61.625,61.875,62.625,62.563,62.812,62.875;
1705681260,2.99,0,0,81.33,-1.01,71.07,0,35.563,41.063,51.31,61.625,61.875,62.625,62.563,62.812,62.875;
1705683060,2.99,0,0,83.67,0.24,65.65,0.5,37.438,42.75,51.75,61.625,61.813,62.625,62.563,62.812,62.812;
1705684860,2.99,0,0,85.67,2.36,70.41,1.75,40,45.5,52.38,61.625,61.813,62.625,62.563,62.812,62.812;
1705686660,2.99,0,0,83.67,5.05,66.82,3,40.563,46.375,52.56,61.562,61.813,62.625,62.563,62.812,62.812;
1705688460,2.99,0,0,80,4.52,65.08,2.813,39.938,46.625,52.81,61.625,61.813,62.625,62.563,62.812,62.812;
1705690260,2.99,0,0,83.33,2.76,56.69,2,38.25,46.438,52.94,61.625,61.813,62.625,62.563,62.812,62.875;
1705692060,2.99,0,0,85,1.05,54.38,0.812,38.563,46.813,52.81,61.688,61.813,62.625,62.563,62.812,62.812;
1705693860,2.99,0,0,85,-0.82,52.74,-0.812,35.563,45.75,52.69,61.688,61.875,62.625,62.563,62.812,62.812;
1705695660,2.99,0,0,83.67,-2.12,51.86,-2.375,38.875,46.562,53,61.75,61.938,62.625,62.563,62.812,62.875;
1705697460,2.99,0,0,83.33,-2.14,53.55,-2.375,37.813,45.875,52.88,61.688,61.875,62.625,62.5,62.812,62.875;
1705699260,2.99,0,0,85.33,-0.89,56.63,-2.063,40.563,46.75,53.63,61.688,61.875,62.625,62.563,62.812,62.812;
1705701060,2.99,0,0,85,-0.7,48.95,-2.813,40.063,46.625,53.69,61.688,61.875,62.625,62.563,62.812,62.875;
1705702860,2.99,0,0,83.67,-1.38,48.93,-1.875,39.438,47.875,54,61.688,61.875,62.625,62.563,62.812,62.812;
1705704660,2.99,0,0,84,-1.34,46.5,-1.812,40,47.375,53.44,61.688,61.875,62.625,62.563,62.812,62.875;
1705706460,2.99,0,0,86.33,-1.57,46.64,-2,39.938,46.125,52.69,61.688,61.875,62.625,62.563,62.812,62.875;
1705708260,2.99,0,0,86.33,-1.75,44.46,-2.313,38.563,44.25,52.5,61.625,61.875,62.625,62.563,62.812,62.812;
1705710060,2.99,0,0,85.67,-3.46,57.15,-3.188,38.688,45.5,52.75,61.625,61.813,62.625,62.563,62.75,62.812;
1705711860,2.99,0,0,83,-2.75,52.71,-3.188,39.313,45.75,53,61.625,61.875,62.563,62.563,62.812,62.875;
1705713660,2.99,0,0,83,-2.08,53.62,-2.563,38.875,45.5,53,61.688,61.875,62.625,62.563,62.812,62.875;
1705715460,2.99,0,0,80.67,-4.06,54.44,-4,37.063,44.875,52.5,61.688,61.875,62.625,62.563,62.812,62.812;
1705717260,2.99,0,0,80,-4.43,56.86,-5.125,36.438,44.75,52.5,61.625,61.875,62.625,62.563,62.812,62.812;
1705719060,2.99,0,0,82.67,-4.69,53.44,-4.75,36.125,44.375,52.25,61.625,61.875,62.625,62.563,62.812,62.812;
1705720860,2.99,0,0,87.33,-5.53,46.7,-7.312,37.125,44.438,52.38,61.625,61.875,62.625,62.563,62.812,62.812;
1705722660,2.99,0,0,85,-5.11,47.17,-7,37.938,44.813,52.38,61.625,61.875,62.625,62.563,62.812,62.812;
1705724460,2.99,0,0,84.33,-4.59,47.27,-6.812,38.25,44.687,52.5,61.625,61.813,62.625,62.563,62.812,62.812;
1705726260,2.99,0,0,82.67,-3.18,46.62,-5.5,38.875,45.25,52.75,61.625,61.813,62.625,62.563,62.812,62.812;
1705728060,2.99,0,0,80.67,-3.59,46.18,-6.125,38.813,44.75,52.56,61.625,61.813,62.625,62.563,62.812,62.812;
1705729860,2.99,0,0,82.67,-2.93,45.85,-5.875,38.75,44.875,52.69,61.625,61.813,62.625,62.563,62.812,62.812;
1705731660,2.99,0,0,83,-2.49,45.76,-5.25,37.563,44.313,52.38,61.625,61.813,62.625,62.5,62.812,62.812;
1705733460,2.99,0,0,82.67,-3.11,45.81,-5.187,38.813,44.875,52.69,61.625,61.813,62.625,62.5,62.812,62.812;
1705735260,2.99,0,0,81.33,-2.31,51.52,-4.625,38.688,44.75,52.56,61.625,61.813,62.625,62.563,62.812,62.812;
1705737060,2.99,0,0,83.33,-1.77,50.55,-2.5,38.875,45.5,52.88,61.625,61.813,62.625,62.5,62.812,62.812;
1705738860,2.99,0,0,85,-0.4,51.48,-1.187,39.313,45.375,52.75,61.625,61.813,62.625,62.563,62.75,62.812;
1705740660,2.99,0,0,83,0.04,56.72,-0.937,40.25,46.562,53.25,61.625,61.813,62.563,62.563,62.812,62.812;
1705742460,2.99,0,0,85.67,-0.82,56.81,-0.125,35.313,43.5,51.75,61.562,61.813,62.625,62.563,62.812,62.812;
1705744260,2.99,0,0,78,-1.61,55.65,-1.125,25.5,41.313,51.25,61.562,61.813,62.625,62.563,62.812,62.812;
1705746060,2.99,0,0,85,-6.07,74.35,-2.063,28.187,41.375,51,61.625,61.813,62.625,62.563,62.812,62.812;
1705747860,2.99,0,0,89.33,-7.83,85.2,-3.75,8.5,36.25,49.75,61.562,61.813,62.563,62.563,62.812,62.875;
1705749660,2.99,0,0,88.67,-8.91,100,-5.062,17.25,38.813,50.31,61.562,61.813,62.625,62.563,62.812,62.812;
1705751460,2.99,0,0,90.33,-7.34,96.53,-4,23.5,40.625,50.94,61.562,61.813,62.625,62.563,62.75,62.812;
1705753260,2.99,0,0,93,-6.82,89.89,-3.5,13.313,38.25,50.25,61.562,61.813,62.563,62.563,62.812,62.812;
1705755060,2.99,0,0,90.33,-7.38,91.14,-3.938,24.813,40.375,50.75,61.625,61.813,62.625,62.563,62.75,62.812;
1705756860,2.99,0,0,90.67,-7.22,94.13,-4,14.063,38.25,50.06,61.562,61.813,62.625,62.5,62.812,62.812;
1705758660,2.99,0,0,89.67,-6.08,96.61,-3.25,31.812,42.812,51.44,61.562,61.813,62.625,62.563,62.812,62.812;
1705760460,2.99,0,0,83.33,-2.51,78.48,-1.375,21,41.375,51.31,61.5,61.813,62.563,62.563,62.812,62.812;
1705762260,2.99,0,0,84.33,-3.43,89.36,-1.062,30.125,42.063,51.19,61.5,61.75,62.563,62.563,62.812,62.812;
1705764060,2.99,0,0,79.67,-2.41,97.65,-0.312,27.313,42.688,51.75,61.562,61.813,62.625,62.563,62.812,62.812;
1705765860,2.99,0,0,83,-1.45,88.67,0,16.562,40.25,50.94,61.5,61.813,62.563,62.563,62.75,62.812;
1705767660,2.99,0,0,82.67,-2.05,99.21,-0.562,28.312,42.812,51.81,61.562,61.813,62.625,62.563,62.75,62.812;
1705769460,2.99,0,0,83.33,-1.01,100,-0.312,30.937,43.625,52.25,61.562,61.75,62.563,62.563,62.812,62.812;
1705771260,2.99,0,0,83,-0.68,88.72,-0.875,24.687,40.813,51.06,61.5,61.75,62.563,62.563,62.812,62.812;
1705773060,2.99,0,0,82.33,-2.82,94.45,-1,18.625,40.063,50.69,61.5,61.75,62.563,62.563,62.75,62.812;
1705774860,2.99,0,0,84.67,-3.88,98.09,-1.25,23.75,41.063,51.06,61.562,61.813,62.563,62.563,62.812,62.812;
1705776660,2.99,0,0,83,-3.84,98.14,-2.25,25.562,41,51.25,61.5,61.75,62.563,62.563,62.812,62.812;
1705778460,2.99,0,0,86.67,-4.39,97.89,-1.687,34.125,45,52.44,61.625,61.813,62.625,62.563,62.812,62.812;
1705780260,2.99,0,0,84.67,1.12,87.59,-1.375,36,45.188,52.88,61.438,61.75,62.563,62.563,62.812,62.812;
1705782060,2.99,0,0,86.33,2.17,80.58,-0.5,27.812,42.313,52.06,61.5,61.75,62.563,62.563,62.812,62.812;
1705783860,2.99,0,0,87.33,2.16,80.15,-0.5,30.062,43,52.25,61.5,61.75,62.563,62.563,62.812,62.812;
1705785660,2.99,0,0,85,1.57,82.92,-0.187,32.625,43.875,52.38,61.562,61.813,62.563,62.563,62.75,62.812;
1705787460,2.99,0,0,85.67,2.54,79.05,0.187,32.938,44,52.5,61.5,61.75,62.563,62.563,62.812,62.875;
1705789260,2.99,0,0,86,0.45,84.28,0.437,32.188,43.625,52.13,61.562,61.75,62.563,62.563,62.812,62.812;
1705791060,2.99,0,0,85,0.7,82.18,0.875,26.937,42.75,51.94,61.5,61.813,62.563,62.563,62.75,62.812;
1705792860,2.99,0,0,88,-1.52,79.26,0.562,32.875,42.563,51.81,61.562,61.813,62.563,62.563,62.75,62.812;
1705794660,2.99,0,0,85,-1.77,84.31,0.5,34.188,43.875,52.38,61.562,61.813,62.563,62.563,62.812,62.812;
1705796460,2.99,0,0,86.33,-5.1,79.02,-1.625,23.75,39.875,50.75,61.562,61.75,62.625,62.563,62.812,62.812;
1705798260,2.99,0,0,90,-8.07,85.99,-3.938,28.437,40.312,50.94,61.562,61.813,62.563,62.563,62.812,62.812;
1705800060,2.99,0,0,90.67,-6.77,87.66,-5.75,28.812,40,51.5,61.562,61.813,62.563,62.563,62.812,62.812;
1705801860,2.99,0,0,87.33,-6.87,85.32,-5.875,27.687,39.125,51,61.562,61.75,62.563,62.563,62.812,62.812;
1705803660,2.99,0,0,91.33,-7.91,81.96,-5.75,23.812,37.625,50.44,61.5,61.75,62.625,62.563,62.812,62.812;
1705805460,2.99,0,0,86.67,-10.15,89.46,-7.062,16.437,36.813,49.5,61.438,61.75,62.563,62.5,62.812,62.812;
1705807260,2.99,0,0,86,-10.73,89.88,-7.937,11.188,36.375,49.63,61.562,61.75,62.563,62.563,62.812,62.812;
1705809060,2.99,0,0,88.33,-10.1,88.95,-7.875,24.375,38.063,50.69,61.438,61.75,62.563,62.563,62.75,62.812;
1705810860,2.99,0,0,90,-8.02,85.06,-8,23.563,38,50.75,61.5,61.75,62.563,62.5,62.812,62.812;
1705812660,2.99,0,0,88.67,-6.36,83.97,-7.125,28.25,39.063,51,61.5,61.75,62.563,62.563,62.812,62.812;
1705814460,2.99,0,0,87.67,-6.55,84.33,-6.562,25.125,37.938,51.13,61.562,61.813,62.625,62.563,62.812,62.812;
1705816260,2.99,0,0,87.67,-6.49,78.86,-7.437,27.125,39.375,51.31,61.562,61.813,62.625,62.563,62.812,62.812;
1705818060,2.99,0,0,90.33,-7.08,76.36,-8,29.5,41.875,51.5,61.625,61.875,62.625,62.563,62.812,62.812;
1705819860,2.99,0,0,90.33,-7.4,75.9,-8.375,28.5,39.375,51.38,61.562,61.813,62.563,62.563,62.812,62.812;
1705821660,2.99,0,0,86,-4.73,79.24,-5.937,30.5,40.375,51.69,61.562,61.75,62.563,62.563,62.75,62.812;
1705823460,2.99,0,0,84,-4.37,79.6,-5.375,28.187,39.375,51.25,61.5,61.813,62.563,62.563,62.75,62.812;
1705825260,2.99,0,0,85,-4.35,82.07,-4.687,34.313,42.625,52,61.562,61.813,62.563,62.563,62.812,62.812;
1705827060,2.99,0,0,80,-2.04,79.2,-2.563,31.75,41.5,51.44,61.5,61.75,62.563,62.563,62.812,62.812;
1705828860,2.99,0,0,82.67,-1.44,80.31,-2.313,35.563,46.5,52.44,61.625,61.813,62.625,62.563,62.75,62.812;
1705830660,2.99,0,0,85.33,0.31,78.51,-1.437,36.313,46.688,52.63,61.5,61.75,62.563,62.5,62.812,62.875;
1705832460,2.99,0,0,87.67,0.78,74.68,-0.437,34.688,46.5,52.5,61.562,61.75,62.563,62.5,62.75,62.812;
1705834260,2.99,0,0,80.33,-0.68,82.32,0.125,39.625,49.438,53.25,61.562,61.813,62.563,62.563,62.812,62.812;
1705836060,2.99,0,0,82,0.8,77.03,1.187,41.938,50.875,54.19,61.625,61.813,62.563,62.5,62.812,62.812;
1705837860,2.99,0,0,85,3.74,67.92,3.063,42.938,51.063,54.44,61.625,61.813,62.625,62.5,62.812,62.812;
1705839660,2.99,0,0,80.67,5.41,61.77,5.062,43.437,52.313,55.31,61.625,61.813,62.563,62.5,62.812,62.812;
1705841460,2.99,0,0,85.33,4.24,67.25,5.812,36.438,48.875,53.63,61.625,61.813,62.563,62.563,62.812,62.812;
1705843260,2.99,0,0,81.33,4.26,78.91,6.062,35.438,49,54.13,61.625,61.813,62.563,62.563,62.75,62.812;
1705845060,2.99,0,0,82.33,2.46,75.78,5.812,34.563,48.5,53.81,61.625,61.813,62.563,62.5,62.812,62.812;
1705846860,2.99,0,0,85,1.3,74.81,4.75,26.125,46.375,53.13,61.625,61.75,62.563,62.563,62.75,62.812;
1705848660,2.99,0,0,85.33,3.07,81.79,4.437,30.375,47.25,53.69,61.625,61.813,62.625,62.563,62.812,62.812;
1705850460,2.99,0,0,85.67,2.62,84.27,3.875,27.875,46.125,53.31,61.625,61.813,62.625,62.563,62.812,62.812;
1705852260,2.99,0,0,80.67,5.26,78.19,4.625,33.5,47.375,54.06,61.625,61.813,62.625,62.563,62.812,62.812;
1705854060,2.99,0,0,85.67,8.13,74.99,4.562,36.625,48,54.81,61.625,61.813,62.563,62.5,62.75,62.812;
1705855860,2.99,0,0,86.67,9.36,80.02,6.125,33.375,47.313,54,61.625,61.813,62.563,62.563,62.812,62.812;
1705857660,2.99,0,0,86,7.45,94.3,5.875,34.5,47.938,54.38,61.688,61.875,62.625,62.563,62.75,62.812;
1705859460,2.99,0,0,88,9.97,85.55,6.312,31.312,46.375,53.69,61.625,61.813,62.625,62.5,62.812,62.812;
1705861260,2.99,0,0,80,7.18,90.05,5.187,21.5,44,52.44,61.625,61.813,62.563,62.5,62.812,62.812;
1705863060,2.99,0,0,79,6.76,100,4.25,24.437,44.625,52.94,61.562,61.813,62.563,62.5,62.75,62.812;
1705864860,2.99,0,0,83,5.7,100,3.5,20.438,43.688,52.44,61.562,61.813,62.563,62.5,62.75,62.812;
1705866660,2.99,0,0,85.67,6.42,100,3.75,22.562,43.563,52.44,61.625,61.813,62.563,62.563,62.812,62.812;
1705868460,2.99,0,0,83.67,8.99,88.85,4.312,35.188,45.563,53.44,61.625,61.813,62.625,62.563,62.812,62.812;
1705870260,2.99,0,0,85,10.06,85,6.25,40.438,47.5,53.63,61.625,61.813,62.563,62.5,62.812,62.812;
1705872060,2.99,0,0,86.33,11.81,80.76,6.312,29.562,43.063,52.94,61.562,61.813,62.563,62.563,62.75,62.812;
1705873860,2.99,0,0,86.33,11.46,77.46,6.187,41.875,48.063,54.56,61.625,61.813,62.563,62.5,62.812,62.812;
1705875660,2.99,0,0,85,11.39,72.34,5,39.188,47.938,54.19,61.625,61.875,62.625,62.5,62.812,62.812;
1705877460,2.99,0,0,88,11.71,83.62,6.937,40.063,47.25,53.69,61.688,61.875,62.625,62.5,62.812,62.812;
1705879260,2.99,0,0,84.67,10.36,79.04,7.625,43.375,48.5,54.56,61.688,61.813,62.625,62.5,62.812,62.812;
1705881060,2.99,0,0,86.33,10.85,87.75,7.25,41.938,47.563,54,61.625,61.813,62.625,62.5,62.812,62.812;
1705882860,2.99,0,0,88,7.8,87.84,4.062,35.813,45.5,53.44,61.625,61.875,62.625,62.5,62.812,62.812;
1705884660,2.99,0,0,84.67,6.46,92.17,4.312,41.063,47.187,53.63,61.625,61.875,62.625,62.5,62.812,62.812;
1705886460,2.99,0,0,85,8.27,90.52,6.875,41.75,47.187,53.63,61.688,61.875,62.625,62.5,62.812,62.812;
1705888260,2.99,0,0,89.33,7.49,87.7,7.875,38.688,45.563,53.19,61.625,61.875,62.563,62.5,62.812,62.812;
1705890060,2.99,0,0,84.67,7.23,85.51,8,42.563,47.5,53.94,61.688,61.875,62.625,62.563,62.812,62.812;
1705891860,2.99,0,0,84.33,5.69,73.47,3.813,41.313,46.75,53.31,61.625,61.875,62.563,62.5,62.812,62.812;
1705893660,2.99,0,0,84,4.15,73.31,1.25,41.75,47.375,53.94,61.688,61.875,62.563,62.563,62.75,62.812;
1705895460,2.99,0,0,83,2.67,69.48,-0.812,41.313,47,53.75,61.688,61.875,62.625,62.5,62.75,62.812;
1705897260,2.99,0,0,81,1.01,69.67,-0.687,34.125,44.687,53,61.688,61.875,62.625,62.563,62.812,62.812;
1705899060,3,0,0,82,-0.33,85.34,-0.625,35.063,44.313,52.5,61.625,61.875,62.625,62.5,62.75,62.812;
1705900860,3,0,0,86.67,-1.88,82.71,-1.187,35.625,44.313,52.25,61.688,61.875,62.625,62.5,62.812,62.812;
1705902660,3,0,0,83.67,0.77,80.97,-0.25,36.938,44.75,52.88,61.625,61.813,62.563,62.5,62.75,62.812;
1705904460,2.99,0,0,84.33,1.07,80.15,1,39.188,45.875,52.81,61.625,61.875,62.563,62.563,62.812,62.812;
1705906260,3,0,0,82.67,-0.61,86.43,0.875,35.125,44.375,52.38,61.688,61.875,62.625,62.5,62.75,62.812;
1705908060,2.99,0,0,79.67,-1.95,86.49,0.125,34.813,43.625,51.94,61.688,61.875,62.625,62.563,62.75,62.812;
1705909860,3,0,0,82,1.39,74.67,0.75,30,43.25,52.13,61.688,61.875,62.625,62.563,62.75,62.812;
1705911660,3,0,0,81,-1.72,80.82,-2.25,25.5,41.813,52.06,61.688,61.938,62.625,62.563,62.812,62.812;
1705913460,3,0,0,87.67,-3.7,86.77,-3.75,34.063,45.563,52.56,61.688,61.875,62.625,62.5,62.75,62.812;
1705915260,3,0,0,90,-4.12,80.77,-5.187,24.625,42.313,52,61.688,62,62.625,62.563,62.812,62.812;
1705917060,3,0,0,88,-4.85,86.78,-5.812,29.813,44.687,52.25,61.688,61.875,62.625,62.563,62.812,62.812;
1705918860,3,0,0,87.33,-5.2,87.48,-6.5,20,39.125,51.31,61.625,61.938,62.625,62.563,62.812,62.812;
1705920660,3,0,0,90.33,-4.37,89.29,-5.687,32.125,45.75,52.38,61.688,61.875,62.625,62.563,62.812,62.812;
1705922460,3,0,0,87,-4.62,78.85,-6.187,28.312,43.875,52.13,61.688,62,62.625,62.563,62.812,62.812;
1705924260,3,0,0,88.33,-5.72,86.22,-6.687,24.312,42.625,52.13,61.688,62,62.625,62.563,62.75,62.812;
1705926060,3,0,0,88.33,-5.98,85.55,-6.937,21.937,42.812,52.31,61.75,62.063,62.625,62.563,62.812,62.812;
1705927860,3,0,0,88.33,-7.44,86.53,-7.937,18.875,41.813,52.5,61.875,62.125,62.688,62.625,62.812,62.812;
1705929660,3,0,0,88,-9.09,87.9,-9.063,20.937,42.625,51.88,61.688,62.063,62.625,62.563,62.812,62.812;
1705931460,3,0,0,86.33,-6.68,100,-4.75,21.437,43.125,51.31,61.562,61.813,62.625,62.563,62.812,62.812;
1705933260,3,0,0,84,-0.32,86.77,-0.375,26.75,45.25,52.69,61.625,61.875,62.625,62.563,62.75,62.812;
1705935060,3,0,0,84.67,-1.18,90.92,0,22.437,44.062,52.06,61.625,61.813,62.625,62.563,62.75,62.812;
1705936860,2.99,0,0,82,0.75,96.05,1.062,26.25,45.312,52.88,61.625,61.813,62.625,62.563,62.812,62.812;
1705938660,2.99,0,0,81.67,1.27,93.06,1.875,13.75,43.563,52.31,61.562,61.813,62.625,62.563,62.812,62.812;
1705940460,3,0,0,83,1.79,100,1.937,32.438,46.562,53.25,61.625,61.813,62.563,62.563,62.812,62.812;
1705942260,2.99,0,0,81.33,5.48,79.57,1.437,37.188,48.313,54.5,61.688,61.875,62.625,62.563,62.812,62.812;
1705944060,2.99,0,0,81.33,6.25,53.44,1.437,39.625,48.437,55.06,61.813,61.938,62.625,62.563,62.75,62.812;
1705945860,2.99,0,0,85,5.53,60.91,1.062,40.563,48.938,55.13,61.75,61.875,62.625,62.563,62.812,62.812;
1705947660,2.99,0,0,85,7.88,58.15,2.75,41.562,49.563,55.5,61.75,61.938,62.625,62.563,62.812,62.812;
1705949460,3,0,0,83.33,6.86,54.38,2,38.938,48.375,54.63,61.75,61.938,62.625,62.563,62.812,62.812;
1705951260,3,0,0,84,2.13,48.48,-1.312,35.313,45.125,53.88,61.875,62,62.625,62.563,62.75,62.812;
1705953060,3,0,0,82.67,-0.08,57.22,-2.938,35.813,45.625,53.63,61.875,62,62.625,62.563,62.812,62.812;
1705954860,3,0,0,82.33,-1.1,53.69,-4,33.25,44.25,53.44,61.875,62.063,62.688,62.563,62.812,62.812;
1705956660,2.99,0,0,81.33,0.16,53.53,-4,33.563,45.25,52.81,61.75,61.938,62.625,62.563,62.812,62.812;
1705958460,3,0,0,83.33,1,52.97,-2.938,36.313,45.625,53.94,61.875,62,62.625,62.563,62.812,62.812;
1705960260,3,0,0,83.67,0.12,53.09,-3.813,34.5,45.25,53.06,61.813,62,62.625,62.563,62.812,62.812;
1705962060,3,0,0,84.67,0.69,52.37,-4.187,32.813,45,52.25,61.688,61.938,62.625,62.563,62.812,62.812;
1705963860,3,0,0,81.67,3.08,60.15,-2.375,32.438,44.375,52.69,61.625,61.813,62.625,62.5,62.812,62.812;
1705965660,3,0,0,83.67,6.03,62.1,0.812,40.813,48.125,54.38,61.688,61.875,62.625,62.563,62.812,62.812;
1705967460,2.99,0,0,83,5.79,59.17,3.125,41.75,47.313,54.31,61.688,61.875,62.625,62.563,62.75,62.812;
1705969260,3,0,0,83.67,3.59,57.24,2.625,40.563,46.625,53.94,61.75,61.875,62.625,62.563,62.812,62.812;
1705971060,2.99,0,0,82.33,2.85,56.91,2.563,40.125,46.25,53.75,61.75,61.938,62.625,62.563,62.812,62.812;
1705972860,3,0,0,81.33,0.59,53.19,0.375,39.313,45.563,53.38,61.75,61.875,62.625,62.563,62.812,62.812;
1705974660,3,0,0,83,0.54,58.5,-0.187,39.563,46.063,53.38,61.75,61.938,62.625,62.563,62.812,62.875;
1705976460,3,0,0,81.67,0.76,57.04,-0.187,39.688,46.188,53.38,61.75,61.875,62.625,62.563,62.812,62.812;
1705978260,3,0,0,81.33,-2.61,45.69,-4,38.313,44.938,52.69,61.75,61.938,62.625,62.563,62.812,62.812;
1705980060,3,0,0,90.33,-4.87,45.95,-6.5,37.625,44.75,52.75,61.75,61.938,62.625,62.563,62.812,62.812;
1705981860,3,0,0,88.33,-6.01,46.85,-7.062,38.75,45,53.06,61.813,61.938,62.625,62.563,62.75,62.812;
1705983660,3,0,0,89,-4.94,45.36,-6.125,38.813,45,53,61.75,61.938,62.625,62.563,62.812,62.812;
1705985460,3,0,0,84.67,-3.92,45.11,-5.312,39.563,45.75,53.19,61.75,61.875,62.625,62.563,62.812,62.812;
1705987260,3,0,0,83.33,-3.42,44.35,-4.937,39.75,45.813,53.25,61.688,61.938,62.625,62.563,62.812,62.812;
1705989060,3,0,0,87,-2.59,46.18,-4.187,40.063,45.688,53.06,61.688,61.875,62.625,62.563,62.812,62.812;
1705990860,3,0,0,86,-2.26,42.38,-5.187,39.25,45.5,53.06,61.75,61.875,62.625,62.563,62.812,62.812;
1705992660,3,0,0,87.33,-4.95,44.05,-7.5,38,44.563,52.63,61.75,61.875,62.625,62.563,62.812,62.812;
1705994460,3,0,0,84.33,-3.4,54.97,-5.312,39.063,45.438,52.94,61.75,61.938,62.625,62.563,62.812,62.812;
1705996260,3,0,0,85.67,-2.51,53.18,-4.312,39.813,45.813,53.19,61.75,61.875,62.625,62.563,62.75,62.812;
1705998060,3,0,0,81,-0.54,49.42,-2.188,40.5,45.75,53.25,61.688,61.875,62.625,62.563,62.812,62.812;
1705999860,3,0,0,81.33,0.45,49.38,-1.562,41.063,46.75,53.38,61.75,61.875,62.625,62.563,62.812,62.812;
1706001660,2.99,0,0,81.33,1.69,50.53,-0.375,40.875,47.938,53.06,61.688,61.938,62.625,62.563,62.812,62.812;
1706003460,3,0,0,79.67,3.11,51.24,0.812,42.25,49.938,53.81,61.688,61.875,62.625,62.563,62.812,62.812;
1706005260,2.99,0,0,85,3.81,48.21,1.625,43,50.312,54.13,61.688,61.875,62.625,62.563,62.812,62.812;
1706007060,3,0,0,83.67,4.18,49.61,2.188,42.812,50.5,54.06,61.688,61.875,62.625,62.5,62.812,62.812;
1706008860,2.99,0,0,83,4.65,49.71,3.25,39.875,49.125,53.75,61.688,61.875,62.625,62.563,62.812,62.812;
1706010660,3,0,0,83.67,1.89,71.37,3.063,39.313,49,53.63,61.688,61.875,62.625,62.563,62.812,62.812;
1706012460,2.99,0,0,79.67,0.2,87.59,2.813,37.25,49.125,53.56,61.688,61.875,62.625,62.563,62.812,62.812;
1706014260,3,0,0,81.33,1.91,73.64,4.312,29.625,47.5,53.25,61.688,61.938,62.625,62.563,62.812,62.812;
1706016060,3,0,0,80.67,-0.3,83.11,3.625,32.188,48,53.5,61.688,61.875,62.625,62.563,62.812,62.812;
1706017860,3,0,0,83,0.88,74.06,4.125,34,48.563,53.94,61.688,61.875,62.625,62.563,62.812,62.812;
1706019660,2.99,0,0,82,1.12,72.87,4.312,31.75,48.063,53.88,61.688,61.875,62.625,62.563,62.812,62.812;
1706021460,2.99,0,0,81.33,1.92,71.18,3.938,33.188,48,53.88,61.688,61.875,62.625,62.563,62.812,62.812;
1706023260,2.99,0,0,86,2.99,79.48,3.875,37,48.938,54.44,61.688,61.875,62.625,62.563,62.812,62.812;
1706025060,3,0,0,83.67,4.01,69.29,3.938,29.188,46.625,53.56,61.688,61.875,62.625,62.563,62.812,62.812;
1706026860,2.99,0,0,81.33,3.71,66.43,3.25,27.625,46,53.38,61.688,61.938,62.625,62.563,62.812,62.812;
1706028660,2.99,0,0,85.33,4.41,67.92,3.313,34.375,46.938,53.75,61.688,61.875,62.625,62.563,62.812,62.812;
1706030460,3,0,0,83.33,5.7,77.57,3.75,27.313,45.75,53.63,61.75,61.875,62.625,62.563,62.812,62.812;
1706032260,2.99,0,0,77,6.56,100,4.562,32.938,46.938,53.81,61.688,61.875,62.625,62.563,62.812,62.812;
1706034060,3,0,0,83.67,6.77,99.69,4.75,26.75,45.25,53.25,61.688,61.875,62.625,62.563,62.75,62.812;
1706035860,3,0,0,83.67,9.29,88.29,5.937,40.937,49.25,54.94,61.813,61.938,62.625,62.563,62.812,62.812;
1706037660,3,0,0,86.33,10.29,91.9,6.75,36.563,46.75,54,61.688,61.875,62.625,62.563,62.812,62.812;
1706039460,3,0,0,78.33,7.89,93.06,5.5,30.625,45,52.88,61.688,61.875,62.625,62.563,62.812,62.812;
1706041260,3,0,0,82.67,7.2,88.34,5.125,30.125,44.75,52.88,61.75,61.875,62.625,62.563,62.812,62.812;
1706043060,3,0,0,82,6.87,90.93,4.75,23.312,43.688,52.63,61.688,61.938,62.625,62.563,62.812,62.812;
1706044860,3,0,0,84,3.88,94.42,2.938,28.812,43.563,52.25,61.688,61.875,62.625,62.563,62.812,62.812;
1706046660,3,0,0,90,4.36,93.91,2.5,28.937,43.688,52.19,61.688,61.875,62.625,62.563,62.812,62.812;
1706048460,3,0,0,82.67,2.94,96.38,1.75,32.688,44.5,52.69,61.688,61.875,62.625,62.563,62.812,62.812;
1706050260,3,0,0,82,3.53,93.57,1.937,32.813,44.188,52.56,61.688,61.875,62.625,62.563,62.812,62.812;
1706052060,3,0,0,82.67,5.14,85.73,1.812,30.187,43.188,52.31,61.688,61.875,62.625,62.563,62.812,62.812;
1706053860,3,0,0,85.33,2.12,93.87,2.063,21.625,40.813,51.25,61.625,61.875,62.625,62.563,62.75,62.812;
1706055660,3,0,0,82.33,1.48,90.4,1.125,29.125,42.063,51.94,61.688,61.938,62.625,62.563,62.812,62.812;
1706057460,3,0,0,80.33,0.52,84.48,1,26.812,39.813,51.31,61.625,61.875,62.625,62.563,62.75,62.812;
1706059260,3,0,0,82.33,-0.81,91.55,0.562,28.312,39.875,51.31,61.625,61.875,62.625,62.563,62.75,62.812;
1706061060,3,0,0,81.67,-0.27,81.93,0.75,28.687,40.188,51.63,61.625,61.875,62.625,62.563,62.812,62.812;
1706062860,3,0,0,87.33,-1.95,84.14,-0.5,26.25,39.688,51.06,61.625,61.875,62.625,62.563,62.812,62.812;
1706064660,3,0,0,88,-6.1,83.54,-4.437,31.312,41.625,51.63,61.688,61.875,62.625,62.563,62.75,62.812;
1706066460,3,0,0,87.67,-7,81.93,-6.875,27.437,39.625,51.25,61.625,61.875,62.625,62.563,62.812,62.812;
1706068260,3,0,0,87.67,-7.85,81.65,-7.75,24.437,38.5,50.88,61.625,61.875,62.625,62.563,62.812,62.812;
1706070060,3,0,0,86.33,-9.75,81.83,-9,19.812,36.688,50.5,61.625,61.875,62.625,62.563,62.812,62.812;
1706071860,3,0,0,89.33,-10.81,81.73,-9.813,21.25,37.188,50.38,61.562,61.875,62.625,62.563,62.812,62.812;
1706073660,3.01,0,0,92.33,255,255,-11.25,14.437,34.25,49.19,61.5,61.813,62.625,62.563,62.812,62.812;
1706075460,3,0,0,91.33,-14.53,92.88,-12.625,13.25,33.5,48.5,61.375,61.75,62.625,62.563,62.812,62.812;
1706077260,3,0,0,90.67,-13.6,84.74,-12.813,16,35.313,50.38,61.562,61.875,62.625,62.563,62.812,62.812;
1706079060,3,0,0,91.33,-13.21,82.09,-12.688,16.25,35.563,50.06,61.5,61.813,62.625,62.563,62.812,62.812;
1706080860,3,0,0,90.33,-13.36,81.84,-12.688,19,36.75,50.5,61.625,61.875,62.625,62.563,62.812,62.812;
1706082660,3,0,0,90,-12.41,80.98,-12.188,15.5,35.25,50.5,61.562,61.875,62.625,62.563,62.812,62.812;
1706084460,3,0,0,92,-11.9,82.9,-11.75,18.062,36.5,50.44,61.625,61.875,62.625,62.563,62.812,62.812;
1706086260,3,0,0,89,-9.99,86.6,-10.375,23.875,39.563,51.19,61.625,61.875,62.625,62.563,62.75,62.812;
1706088060,3,0,0,90.33,-7.73,84.91,-8.75,18.75,37.063,51,61.562,61.875,62.625,62.563,62.812,62.812;
1706089860,3,0,0,89.33,-8.73,82.65,-9,13.938,35,50.44,61.562,61.875,62.625,62.563,62.812,62.812;
1706091660,3,0,0,84,-9.83,87.31,-9.563,11,33.875,50.19,61.438,61.813,62.625,62.563,62.812,62.812;
1706093460,3,0,0,87.67,-8.64,100,-9,14.375,36.875,50.94,61.5,61.813,62.625,62.563,62.812,62.812;
1706095260,3,0,0,86.33,-5.54,92.51,-6.875,22.187,39.625,51.56,61.562,61.813,62.625,62.563,62.75,62.812;
1706097060,3,0,0,85.67,-5.6,85.7,-6.75,15.75,36.125,50.56,61.562,61.875,62.625,62.563,62.812,62.812;
1706098860,3,0,0,89.67,-4.4,89.54,-5.875,28.062,43.063,52.38,61.625,61.875,62.625,62.563,62.812,62.812;
1706100660,3,0,0,84.33,-1.69,83.4,-4.312,26.625,40.875,52.06,61.625,61.875,62.625,62.563,62.812,62.812;
1706102460,3,0,0,85.33,-2.09,79.66,-4.625,23.062,40.688,51.75,61.625,61.875,62.625,62.563,62.812,62.812;
1706104260,3,0,0,88.67,-4.08,80.57,-5.75,19.437,38.5,51.38,61.625,61.875,62.625,62.563,62.812,62.812;
1706106060,3,0,0,86,-2.62,83.26,-4.687,22.062,39.5,51.56,61.625,61.875,62.625,62.5,62.812,62.812;
1706107860,3,0,0,86,-3.05,86.59,-4.312,16.75,37.063,50.56,61.5,61.813,62.625,62.563,62.812,62.812;
1706109660,3,0,0,86,-2.35,78.12,-4.625,19.187,37.563,51.31,61.562,61.875,62.625,62.563,62.75,62.812;
1706111460,3,0,0,83.33,-2.79,76.07,-5.25,24.188,41.188,52.63,61.688,61.875,62.625,62.563,62.812,62.812;
1706113260,3,0,0,85.67,-2.07,72.32,-4.937,20.812,38.25,51.31,61.625,61.875,62.625,62.563,62.812,62.812;
1706115060,3,0,0,88.67,-1.2,70.56,-4.625,24.375,41.188,51.94,61.625,61.875,62.625,62.563,62.812,62.812;
1706116860,3,0,0,84,-1.56,68.57,-4.937,22.938,39.625,52.06,61.625,61.813,62.625,62.563,62.812,62.812;
1706118660,3,0,0,83.67,-0.77,68.7,-4.437,21.312,38.563,51.75,61.562,61.875,62.625,62.563,62.812,62.812;
1706120460,3,0,0,89.33,-3.38,73.38,-5.437,18.937,37.188,50.81,61.562,61.813,62.625,62.563,62.812,62.812;
1706122260,3,0,0,86,-5.37,82.14,-6.125,15,35.375,50.13,61.313,61.75,62.625,62.563,62.75,62.812;
1706124060,3,0,0,90.33,-6.55,84.72,-7.125,18.5,36.75,50.75,61.562,61.813,62.625,62.5,62.812,62.812;
1706125860,3,0,0,88,-4.88,79.47,-6.562,17.25,36.875,50.94,61.562,61.813,62.625,62.563,62.75,62.812;
1706127660,3,0,0,82.33,-0.5,70.15,-4.437,25.625,40.063,51.69,61.562,61.813,62.625,62.563,62.812,62.812;
1706129460,3,0,0,84.33,2.59,55.22,-2.938,24.875,39.813,52.13,61.562,61.813,62.625,62.563,62.812,62.812;
1706131260,3,0,0,80.67,-0.08,56.89,-4,30,41.813,52.06,61.625,61.875,62.625,62.563,62.812,62.812;
1706133060,3,0,0,80.67,1.58,55.82,-2.875,29.062,40.625,52.13,61.625,61.813,62.625,62.563,62.75,62.812;
1706134860,3,0,0,82.67,-1.22,52.12,-4.5,23.437,39.188,51.19,61.625,61.875,62.625,62.563,62.812,62.812;
1706136660,3,0,0,87.33,-7.17,62.29,-8.188,15.813,34.625,49.94,61.438,61.75,62.625,62.563,62.75,62.812;
1706138460,3,0,0,86,-9.09,80.45,-8.438,22.375,36.938,50.44,61.5,61.813,62.625,62.563,62.812,62.812;
1706140260,3,0,0,83.33,-9.42,72.69,-9.5,16.437,35.25,50.25,61.5,61.813,62.625,62.563,62.75,62.812;
1706142060,3,0,0,84.67,-10.94,74.9,-10.563,14.563,34.563,50,61.5,61.813,62.625,62.563,62.812,62.812;
1706143860,3,0,0,87,-11.61,74.01,-11.375,22,38.313,50.5,61.562,61.813,62.625,62.563,62.812,62.812;
1706145660,3,0,0,84.67,-10.54,64.35,-11.75,21.187,37.375,50.56,61.625,61.875,62.563,62.563,62.812,62.812;
1706147460,3,0,0,83.33,-10.56,62.39,-12.063,18.875,37.188,51,61.688,61.938,62.625,62.5,62.812,62.812;
1706149260,3,0,0,85.67,-10.67,60.65,-12,19.875,36.75,50.75,61.625,61.875,62.625,62.563,62.812,62.812;
1706151060,3,0,0,88.67,-9.66,60.39,-11.375,23.563,38.75,51.06,61.625,61.875,62.625,62.563,62.812,62.812;
1706152860,3,0,0,86.67,-9.71,59.6,-11.312,20.562,38.063,51.19,61.688,61.938,62.625,62.563,62.812,62.812;
1706154660,3,0,0,83.33,-10.23,59.14,-11.813,19.375,37.375,51.19,61.688,61.938,62.625,62.563,62.812,62.812;
1706156460,3,0,0,85.33,-9.61,60.32,-11.25,26.375,41.375,52,61.625,61.875,62.625,62.563,62.812,62.812;
1706158260,3,0,0,89.33,-8.56,57.98,-10.687,28.187,43.188,52.19,61.625,61.875,62.625,62.563,62.812,62.812;
1706160060,3,0,0,88,-7.09,56.44,-9.625,28.625,42.75,52.31,61.625,61.875,62.625,62.563,62.812,62.812;
1706161860,3,0,0,88.67,-5.16,57.59,-7.875,33.563,44.313,52.56,61.625,61.875,62.625,62.563,62.812,62.812;
1706163660,3,0,0,89.67,-2.69,53.6,-6.187,35.938,45.375,52.88,61.625,61.875,62.625,62.563,62.812,62.812;
1706165460,3,0,0,80.67,-0.45,54.3,-4.125,37.688,45.75,53.25,61.625,61.813,62.625,62.5,62.812,62.812;
1706167260,3,0,0,81.33,0.69,58.77,-2.188,40.688,46.5,53.56,61.625,61.813,62.625,62.563,62.812,62.812;
1706169060,3,0,0,84.67,2.75,58.19,-0.937,41.438,47.25,53.63,61.625,61.813,62.625,62.563,62.812,62.812;
1706170860,3,0,0,85.67,3.47,59.98,0.25,39.375,46.938,53.5,61.688,61.875,62.625,62.563,62.812,62.812;
1706172660,3,0,0,83.67,0.02,53.72,-2.188,36.188,45.063,52.94,61.75,61.938,62.625,62.563,62.812,62.812;
1706174460,3,0,0,84.67,-3.15,52.14,-4.25,34.75,44.313,52.56,61.813,62,62.625,62.563,62.75,62.812;
1706176260,3,0,0,88.33,-5.8,47.2,-8.063,33.188,43.563,51.75,61.688,61.938,62.625,62.625,62.812,62.812;
1706178060,3,0,0,84.67,-6.85,48.74,-9.125,33.438,45,51.88,61.75,61.938,62.625,62.563,62.812,62.812;
1706179860,3,0,0,88.67,-7.51,48.26,-9.688,32.75,46,52.25,61.75,62,62.688,62.563,62.812,62.812;
1706181660,3,0,0,86.33,-7.36,47.77,-9.438,32.938,46.438,52.81,61.813,62,62.625,62.563,62.812,62.812;
1706183460,3,0,0,87.33,-6.85,47.58,-8.875,33.75,47.25,53.19,61.813,62,62.625,62.563,62.812,62.812;
1706185260,3,0,0,87.67,-5.83,47.18,-8.188,34.563,47.125,53.31,61.813,62,62.625,62.563,62.812,62.812;
1706187060,3,0,0,88.67,-5.48,46.83,-7.5,34.438,47.438,53.5,61.875,62,62.625,62.563,62.812,62.812;
1706188860,3,0,0,85.67,-4.88,46.3,-7,33.438,46.938,53.63,61.875,62.063,62.688,62.563,62.812,62.812;
1706190660,3,0,0,90,-5.47,46.71,-7.25,32.25,46.5,53.25,61.875,62,62.688,62.563,62.812,62.812;
1706192460,3,0,0,88.33,-6.8,47.9,-8.25,30.562,44.875,52.5,61.875,62.063,62.688,62.563,62.812,62.812;
1706194260,3,0,0,89.67,-7.74,48.44,-9.25,29.5,43.563,51.81,61.75,62.063,62.688,62.563,62.812,62.812;
1706196060,3,0,0,88.67,-8.29,47.65,-10.313,28.937,42.375,50.88,61.688,62.063,62.688,62.625,62.812,62.812;
1706197860,3,0,0,86.33,-8.86,48.09,-11.125,27.687,41.75,50.94,61.625,62.063,62.688,62.625,62.812,62.812;
1706199660,3,0,0,86.67,-8.93,48.36,-11.25,24.312,41.25,50.31,61.688,62.125,62.688,62.625,62.812,62.812;
1706201460,3,0,0,89.33,-9.65,49.96,-11.312,24.437,40.813,50.63,61.875,62.125,62.688,62.625,62.812,62.875;
1706203260,3,0,0,88,-8.9,52.38,-10.125,28.437,42.375,51.88,61.875,62.125,62.688,62.625,62.812,62.875;
1706205060,3,0,0,89.33,-7.66,51.5,-8.875,33.25,43.563,53.81,61.938,62.125,62.688,62.625,62.812,62.875;
1706206860,3,0,0,90.33,-5.72,47.81,-7.5,36.313,43.313,54.19,62,62.187,62.688,62.625,62.812,62.875;
1706208660,3,0,0,88.33,-5.51,46.54,-6.937,35.813,43.375,54.06,62,62.187,62.688,62.688,62.812,62.875;
1706210460,3,0,0,89,-5.92,46.66,-6.937,36.75,42.938,54.19,62.063,62.25,62.75,62.688,62.812,62.875;
1706212260,3,0,0,87.33,-5.7,46.94,-6.875,36.5,43.375,53.75,62,62.187,62.688,62.688,62.812,62.875;
1706214060,3,0,0,90,-4.32,47.52,-5.875,38.25,43.688,53.88,62,62.187,62.688,62.563,62.812,62.875;
1706215860,3,0,0,87,-4.29,47.7,-5.687,35.5,43.063,53.38,62,62.125,62.688,62.625,62.812,62.875;
1706217660,3,0,0,85.33,-7.94,49.82,-7.375,23,38.938,52.44,62,62.187,62.688,62.563,62.812,62.875;
1706219460,3,0,0,89.67,-12.68,59.16,-9.688,23.812,39.313,52.63,62,62.25,62.75,62.625,62.812,62.875;
1706221260,3,0,0,90.33,-11.31,55.98,-9.875,28.437,40.375,52.38,62,62.187,62.688,62.563,62.812,62.875;
1706223060,3,0,0,90,-13.79,61.21,-10.75,8.25,34.5,50.06,61.875,62.125,62.688,62.563,62.812,62.875;
1706224860,3,0,0,89.67,-12.99,73.12,-9.688,27.687,40.563,51.38,61.813,62.063,62.625,62.563,62.812,62.875;
1706226660,3,0,0,86.33,-7.62,61.25,-7.25,33.875,41.938,52.06,61.813,62.063,62.625,62.625,62.812,62.875;
1706228460,3,0,0,86.67,-8.17,58.45,-6.75,29,41,51.75,61.813,62,62.688,62.625,62.812,62.875;
1706230260,3,0,0,90.67,-11.82,62,-8.938,29.375,40.5,51.19,61.688,61.938,62.625,62.563,62.812,62.875;
1706232060,3,0,0,86.67,-8.29,73.75,-5.937,29.625,40.375,51.31,61.688,62,62.625,62.563,62.812,62.812;
1706233860,3,0,0,91,-4.63,67.95,-4.187,36.938,44.75,53.06,61.875,62,62.625,62.625,62.812,62.875;
1706235660,3,0,0,87,-7.02,48.88,-5.5,36.125,42.875,52.38,61.813,62,62.688,62.625,62.812,62.812;
1706237460,3,0,0,89,-8.07,42.1,-8.375,36.813,43.813,52.94,61.875,62,62.688,62.625,62.812,62.812;
1706239260,3,0,0,86,-9.62,42.73,-9.625,38,44.625,53,61.875,62,62.688,62.563,62.812,62.875;
1706241060,3,0,0,87.67,-8.16,41.19,-9.25,38.563,45.063,53.25,61.813,62,62.688,62.563,62.812,62.875;
1706242860,3,0,0,89.33,-7.7,38.54,-8.875,37.438,44.438,53.13,61.875,62,62.688,62.625,62.812,62.875;
1706244660,3,0,0,85.67,-8.98,40.08,-9.438,36.063,43.313,52.88,61.875,62,62.688,62.625,62.812,62.875;
1706246460,3,0,0,88.33,-9.44,41.16,-10.062,36.438,43.563,53,61.875,62.063,62.688,62.625,62.812,62.812;
1706248260,3,0,0,88.33,-10.01,41.38,-10.313,37.5,42.563,53.06,61.938,62.063,62.688,62.625,62.812,62.812;
1706250060,3,0,0,86.33,-9.9,40.51,-10.438,37.375,43,53.13,61.938,62.063,62.688,62.625,62.812,62.812;
1706251860,3,0,0,85.33,-9.89,40.24,-10.438,35.688,44,52.88,61.875,62,62.688,62.625,62.812,62.875;
1706253660,3,0,0,83.33,-8.99,41.98,-9.438,37.313,42.125,52.94,61.938,62.063,62.688,62.625,62.812,62.875;
1706255460,3,0,0,88.33,-8.98,43.55,-8.938,33.938,41.375,52.56,61.938,62.063,62.688,62.625,62.812,62.812;
1706257260,3,0,0,87.33,-10.1,49.23,-9,33.75,40.375,51.38,61.813,62,62.625,62.563,62.812,62.812;
1706259060,3,0,0,90.33,-7.73,48.83,-7.875,37.5,43.188,52.56,61.875,62,62.625,62.625,62.812,62.875;
1706260860,3,0,0,89.33,-6.47,46.18,-6.75,34.25,42.563,52,61.813,62,62.688,62.625,62.812,62.875;
1706262660,3,0,0,88,-5.89,44.43,-6.625,37.938,47.438,52.94,61.875,62,62.625,62.563,62.812,62.812;
1706264460,3,0,0,89,-5.09,42.68,-6.25,37.938,48.813,53.56,61.875,62,62.625,62.563,62.812,62.812;
1706266260,3,0,0,85.67,-3.77,40.63,-5.312,40.375,48.75,53.88,61.875,62,62.625,62.563,62.812,62.812;
1706268060,3,0,0,85,-3.5,40.97,-4.812,39.313,49.062,54.13,61.875,62,62.625,62.563,62.812,62.812;
1706269860,2.99,0,0,80,-2.3,42.08,-3.813,41.063,48.75,54.44,61.875,62,62.688,62.563,62.812,62.875;
1706271660,2.99,0,0,83.33,-0.51,43.02,-1.875,41.813,50.125,55.06,61.875,62,62.625,62.563,62.812,62.812;
1706273460,3,0,0,81.33,0.15,43.35,-0.125,41.813,49.25,54.88,61.875,62,62.625,62.563,62.812,62.812;
1706275260,2.99,0,0,82.67,0.2,44.1,0.25,41.125,49.25,54.88,61.938,62,62.625,62.563,62.812,62.812;
1706277060,2.99,0,0,80.67,-0.11,45.08,0.187,40.75,48.875,54.56,61.875,61.938,62.625,62.563,62.812,62.875;
1706278860,2.99,0,0,82.67,0.48,43.51,0.25,39.938,48.25,54.69,61.938,62.063,62.688,62.563,62.812,62.812;
1706280660,2.99,0,0,83,-0.37,44.13,-0.25,37.938,49.75,55.38,61.875,62,62.625,62.563,62.812,62.812;
1706282460,3,0,0,83.33,0.12,42.79,-0.437,40.125,47.688,54.38,61.938,62.063,62.688,62.563,62.812,62.875;
1706284260,2.99,0,0,82,-1.5,44.1,-1.625,37.813,45.813,53.75,61.938,62.063,62.688,62.563,62.812,62.875;
1706286060,3,0,0,86,-2.53,46.24,-2.75,37.625,45.312,53.81,61.938,62.063,62.688,62.563,62.812,62.812;
1706287860,3,0,0,87,-3.35,48.51,-3.625,35.625,45.063,53.81,62,62.063,62.688,62.563,62.812,62.812;
1706289660,3,0,0,85.67,-3.7,53.44,-4.125,35.563,44.125,53.5,61.938,62.063,62.688,62.563,62.812,62.875;
1706291460,2.99,0,0,86,-4.26,60.49,-4.687,34.813,43.688,53.25,61.938,62.063,62.625,62.625,62.812,62.812;
1706293260,3,0,0,87.67,-4.32,67.3,-4.937,31.437,42.375,52.69,61.875,62.063,62.625,62.625,62.812,62.812;
1706295060,3,0,0,88.33,-4.57,72.31,-4.812,34.688,43.437,53.25,61.938,62.063,62.688,62.563,62.812,62.812;
1706296860,3,0,0,85.33,-2.54,58.78,-3.563,37.875,44.5,53.81,61.938,62.063,62.688,62.563,62.812,62.812;
1706298660,3,0,0,85.67,-1.24,56.88,-2.875,38.875,45.75,54.06,61.938,62.063,62.688,62.563,62.812,62.812;
1706300460,3,0,0,81.33,0.01,58.8,-2.188,40.063,46.125,53.94,61.875,62,62.625,62.563,62.812,62.812;
1706302260,3,0,0,84.33,1.02,50.91,-1.562,39.313,44.75,53.81,61.938,62.063,62.625,62.563,62.812,62.812;
1706304060,3,0,0,83.33,0.37,53.07,-1.875,39.75,45.563,53.69,61.875,62,62.625,62.563,62.812,62.812;
1706305860,3,0,0,79.67,0.55,50.69,-1.562,39.313,45,53.56,61.875,62,62.688,62.563,62.812,62.812;
1706307660,3,0,0,83.67,-0.52,51.39,-1.875,37.563,46.125,53.88,61.875,62,62.625,62.563,62.812,62.812;
1706309460,3,0,0,86,-0.86,51.53,-2,39,44.313,53,61.875,62,62.625,62.563,62.812,62.875;
1706311260,3,0,0,83.33,-1.88,50.96,-2.438,37.5,44.875,53.56,61.875,62,62.625,62.563,62.812,62.812;
1706313060,3,0,0,86.33,-4.11,51.94,-3.125,34.625,44.875,53.44,61.875,62,62.625,62.563,62.812,62.812;
1706314860,3,0,0,88.33,-6.29,54.27,-3.938,34.438,44.313,53.31,61.875,62,62.625,62.563,62.812,62.812;
1706316660,3,0,0,88,-7.39,54.97,-4.562,33.938,44.25,53.25,61.875,62,62.625,62.563,62.812,62.812;
1706318460,3,0,0,86.67,-8.27,54.48,-4.875,32.938,43.688,53.06,61.875,62,62.625,62.563,62.812,62.812;
1706320260,3,0,0,89.33,-9.9,54.93,-5.375,32,43.437,52.69,61.875,62,62.625,62.563,62.812,62.812;
1706322060,3,0,0,82.67,-11.56,50.09,-8.375,32.625,43.5,52.56,61.813,62,62.625,62.563,62.812,62.812;
1706323860,3,0,0,94,-13.47,49.41,-10.563,30.625,42.875,52.25,61.813,62,62.625,62.563,62.812,62.812;
1706325660,3,0,0,92.33,255,255,-11.063,33.25,42.5,52.31,61.813,62,62.625,62.625,62.812,62.812;
1706327460,3,0,0,92,-13.04,47.92,-10.938,33.063,41.75,52.13,61.875,62,62.625,62.563,62.812,62.812;
1706329260,3,0,0,92.33,-12.32,46.62,-10.687,33.875,43.375,52.44,61.688,61.875,62.625,62.563,62.75,62.812;
1706331060,3,0,0,86.33,-11.48,45.17,-10.438,35.625,44.062,52.63,61.688,61.875,62.625,62.563,62.812,62.812;
1706332860,3,0,0,87.67,-11.05,43.35,-10.25,34,43,52.38,61.75,61.938,62.625,62.625,62.812,62.812;
1706334660,3,0,0,89.67,255,255,-10.813,33.188,42.25,52.13,61.813,61.938,62.625,62.563,62.812,62.812;
1706336460,3,0,0,89.67,-13.64,47.48,-11.563,31.125,42,51.94,61.813,62,62.625,62.625,62.812,62.812;
1706338260,3,0,0,85.67,-12.77,46.95,-11.688,34.875,42.875,51.94,61.688,61.938,62.625,62.625,62.812,62.812;
1706340060,3,0,0,88.67,-11.24,48.42,-10.875,35.438,42.875,51.88,61.688,61.875,62.625,62.563,62.812,62.812;
1706341860,3,0,0,90.33,-7.54,48.49,-8.625,38.563,45.25,52.63,61.625,61.813,62.625,62.563,62.812,62.812;
1706343660,3,0,0,89.67,-4.37,45.27,-6.437,38.25,44.25,52.5,61.625,61.813,62.625,62.563,62.812,62.812;
1706345460,3,0,0,83.67,-2.96,44.38,-5.187,39.688,45.937,52.94,61.688,61.813,62.625,62.563,62.812,62.812;
1706347260,3,0,0,82.33,-2.45,42.6,-4.75,40.125,47.063,53,61.625,61.813,62.625,62.563,62.812,62.812;
1706349060,3,0,0,80,-1.5,43.37,-4.125,40.375,49.062,53.25,61.625,61.813,62.625,62.563,62.812,62.812;
1706350860,3,0,0,86,-3.71,40.98,-5.125,39.313,46.875,52.94,61.688,61.938,62.625,62.5,62.812,62.812;
1706352660,3,0,0,86,-4.84,42.33,-6.062,39.563,47.5,53.25,61.75,61.875,62.625,62.563,62.812,62.812;
1706354460,3,0,0,87.67,-4.12,42.98,-5.687,40.5,48.625,53.69,61.688,61.875,62.625,62.563,62.812,62.812;
1706356260,3,0,0,81,-1.63,42.63,-3.938,41,49.75,54.06,61.688,61.813,62.625,62.5,62.812,62.812;
1706358060,2.99,0,0,82.33,1.05,45.04,-1.375,39.5,50.312,54.13,61.625,61.813,62.625,62.563,62.812,62.812;
1706359860,2.99,0,0,83.33,3.11,44.79,0.625,31.937,47.812,53.38,61.562,61.813,62.625,62.563,62.812,62.812;
1706361660,2.99,0,0,79.67,-0.38,57.96,1.625,34.5,48.563,53.56,61.562,61.75,62.625,62.563,62.812,62.812;
1706363460,2.99,0,0,82.67,0.53,56.06,2.188,32.563,47.375,53.13,61.562,61.75,62.563,62.5,62.812,62.812;
1706365260,2.99,0,0,86.33,1.94,54.69,2.75,38.875,49.125,53.94,61.625,61.813,62.625,62.563,62.812,62.812;
1706367060,2.99,0,0,80.67,1,51.71,1.812,22.687,44.5,52.38,61.562,61.813,62.625,62.563,62.75,62.812;
1706368860,3,0,0,81,-0.68,58.35,0.437,33.875,47.563,53.5,61.625,61.813,62.625,62.563,62.812,62.812;
1706370660,3,0,0,83.33,-0.99,54.03,-0.875,12.688,41.313,51.25,61.562,61.75,62.563,62.563,62.75,62.812;
1706372460,3,0,0,82,-2.56,64.67,-1.937,10.188,41.313,51.38,61.562,61.75,62.563,62.563,62.812,62.812;
1706374260,3,0,0,86.67,-3.51,76.38,-2.625,7.562,40.375,50.94,61.5,61.75,62.563,62.563,62.75,62.812;
1706376060,3,0,0,84,-2.1,68.56,-2.375,12.438,40.438,50.88,61.562,61.75,62.625,62.563,62.75,62.812;
1706377860,3,0,0,86,-2.78,72.95,-2.813,11.937,40.25,50.88,61.562,61.75,62.625,62.563,62.812,62.812;
1706379660,3,0,0,87.67,-2.03,78.15,-2.25,18.25,41.375,51.25,61.562,61.813,62.625,62.563,62.75,62.812;
1706381460,3,0,0,79.33,0.07,74.43,-1,11.25,38.75,50.31,61.562,61.813,62.563,62.563,62.812,62.812;
1706383260,3,0,0,83.67,-1.15,64.54,-1.25,30.75,43.375,51.81,61.625,61.813,62.625,62.563,62.812,62.812;
1706385060,2.99,0,0,82.67,-0.24,61.23,-0.812,29.937,43.563,51.94,61.625,61.813,62.625,62.625,62.812,62.812;
1706386860,3,0,0,84,-1.24,60.1,-1.5,9.25,37.5,49.81,61.562,61.813,62.563,62.563,62.812,62.812;
1706388660,3,0,0,87.33,-2.87,63.85,-2.563,10.438,37.813,50.19,61.562,61.813,62.625,62.563,62.75,62.812;
1706390460,3,0,0,88.67,-2.18,60.68,-2.75,15,38.875,50.5,61.562,61.813,62.625,62.5,62.812,62.812;
1706392260,3,0,0,85.67,-2.41,60.17,-2.25,22.875,40.688,51.25,61.625,61.875,62.625,62.563,62.75,62.812;
1706394060,3,0,0,79.33,0.3,57.01,-1.687,39.75,46.75,53.56,61.688,61.875,62.625,62.563,62.812,62.812;
1706395860,3,0,0,80.33,0.96,52.7,-1.562,39.688,46.688,53.75,61.688,61.875,62.563,62.5,62.812,62.812;
1706397660,3,0,0,83.67,1.98,55.97,-0.375,38.625,44.687,52.75,61.625,61.813,62.563,62.563,62.75,62.812;
1706399460,2.99,0,0,86.33,-2.19,61.73,-0.375,25.25,41.25,51.19,61.625,61.813,62.625,62.563,62.812,62.812;
1706401260,3,0,0,90.67,-6.88,78.98,-2.063,5,34.688,48.81,61.562,61.813,62.625,62.5,62.75,62.812;
1706403060,3,0,0,85,-7.54,82.07,-2.625,23.812,39,50.38,61.625,61.875,62.625,62.5,62.812,62.812;
1706404860,3,0,0,86.67,-9.63,90.74,-4.312,24.625,40.375,50.75,61.562,61.813,62.625,62.5,62.812,62.812;
1706406660,3,0,0,89.67,-13.3,84.96,-8.438,-5.687,28.187,46.94,61.438,61.813,62.625,62.563,62.812,62.812;
1706408460,3,0,0,91.67,-15.73,74.54,-11.188,28.563,40.25,50.75,61.562,61.813,62.625,62.5,62.75,62.812;
1706410260,3,0,0,90.33,-16.35,62.36,-12.562,14.188,36.625,49.81,61.625,61.813,62.625,62.563,62.75,62.812;
1706412060,3,0,0,91,-14.7,65.05,-12.438,35.125,43.75,51.81,61.625,61.813,62.625,62.563,62.75,62.812;
1706413860,3,0,0,91.67,-16.15,59.88,-12.562,22.25,38.5,50.19,61.562,61.813,62.625,62.5,62.812,62.812;
1706415660,3,0,0,90.67,-17.28,62.1,-13.25,17.875,37.188,49.69,61.562,61.75,62.625,62.5,62.812,62.812;
1706417460,3,0,0,97,-18.54,66.48,-13.75,13.125,36,49.19,61.5,61.75,62.625,62.5,62.75,62.812;
1706419260,2.99,0,0,94.67,-18.27,65.12,-14.563,15.125,37.188,50,61.625,61.875,62.625,62.5,62.75,62.812;
1706421060,3,0,0,90.67,-14.69,56.65,-13.5,34.75,43,51.75,61.625,61.813,62.625,62.563,62.812,62.812;
1706422860,3,0,0,89.67,-11.4,49.69,-11.875,37.125,44.875,52.5,61.625,61.813,62.625,62.563,62.75,62.812;
1706424660,3,0,0,86.67,-9.53,45.45,-10.687,35.313,42.75,51.75,61.625,61.813,62.625,62.563,62.812,62.812;
1706426460,3,0,0,87.67,-8.68,44.08,-10.125,37.375,45.125,52.75,61.625,61.875,62.625,62.563,62.75,62.812;
1706428260,3,0,0,84.67,-7.86,47.16,-9.125,35.813,44.5,52.5,61.625,61.813,62.625,62.563,62.812,62.812;
1706430060,3,0,0,85.33,-5.84,44.34,-7.875,37.188,44.938,52.88,61.688,61.875,62.625,62.563,62.75,62.812;
1706431860,3,0,0,85.33,-3.13,48.64,-5.937,38,45.438,53.13,61.625,61.813,62.563,62.563,62.812,62.812;
1706433660,2.99,0,0,85,-2.18,62.78,-2.875,36.5,44.563,52.25,61.562,61.75,62.563,62.563,62.812,62.812;
1706435460,3,0,0,83,-1.15,56.88,-1.875,38.438,47.625,52.63,61.562,61.75,62.563,62.5,62.75,62.812;
1706437260,3,0,0,87.33,-5.14,57.81,-3.25,33.5,45.875,51.56,61.562,61.75,62.563,62.5,62.812,62.812;
1706439060,3,0,0,85.67,-3.65,45.59,-4.562,34.375,47.938,53.5,61.75,61.938,62.625,62.5,62.812,62.812;
1706440860,3,0,0,86.33,-7.73,47.77,-7.312,36.938,46.625,53.31,61.75,61.938,62.625,62.563,62.812,62.812;
1706442660,3,0,0,89.33,-9.3,47.86,-8.5,33.5,46.188,53.63,61.875,62.063,62.625,62.563,62.812,62.812;
1706444460,3,0,0,90.33,-10.86,51.19,-9.563,32.938,45.813,53.31,61.875,62,62.688,62.563,62.812,62.812;
1706446260,3,0,0,82.67,-9.79,49.5,-9.063,36.125,44.875,53.25,61.875,62,62.625,62.563,62.812,62.812;
1706448060,3,0,0,86,-9.57,49.31,-8.438,33.375,45.875,53.5,61.875,62,62.625,62.563,62.75,62.812;
1706449860,3,0,0,88.33,-9.95,49.77,-8.375,33,45.813,53.44,61.875,62,62.625,62.563,62.812,62.812;
1706451660,3,0,0,86.67,-8.2,50.31,-7.625,37.188,45.188,53.81,61.875,62,62.625,62.563,62.75,62.812;
1706453460,3,0,0,86.67,-5.87,43.92,-6.562,36.563,45.5,53.88,61.875,62,62.625,62.563,62.812,62.812;
1706455260,3,0,0,86.33,-5.74,43.66,-6.625,37.063,44.75,53.94,61.938,62.063,62.625,62.563,62.812,62.812;
1706457060,2.99,0,0,83,-4.98,44.22,-6.312,36.688,45.625,53.94,61.875,62,62.625,62.563,62.75,62.812;
1706458860,3,0,0,85,-4.72,47.03,-6.062,34.188,46.875,54.13,61.813,61.938,62.625,62.563,62.75,62.812;
1706460660,3,0,0,86,-3.99,46.99,-5.625,36.875,46.125,54,61.813,61.938,62.625,62.563,62.812,62.812;
1706462460,3,0,0,86.67,-3.75,47.81,-5.75,35,46.188,54,61.875,62,62.625,62.563,62.75,62.812;
1706464260,3,0,0,86.67,-4.09,50.35,-6.125,34.563,46.125,53.88,61.813,61.938,62.625,62.563,62.75,62.812;
1706466060,3,0,0,84,-2.55,57.41,-5.562,34.938,46.938,54.06,61.75,61.938,62.625,62.563,62.75,62.812;
1706467860,3,0,0,87,-1.68,55.38,-5.125,31.5,46.688,54.06,61.813,61.938,62.625,62.563,62.812,62.812;
1706469660,2.99,0,0,82,-1.07,50.95,-4.75,33.5,47,54.19,61.813,61.938,62.625,62.563,62.812,62.812;
1706471460,3,0,0,77,-1.35,47.41,-4.937,33.625,46.25,53.88,61.75,61.938,62.625,62.563,62.812,62.812;
1706473260,3,0,0,82.33,-1.81,47.35,-5.062,35.75,45.813,53.5,61.75,61.938,62.625,62.563,62.812,62.812;
1706475060,2.99,0,0,84,-0.77,47.55,-4.312,37.75,46.625,53.56,61.688,61.875,62.563,62.563,62.812,62.812;
1706476860,2.99,0,0,81,-0.27,45.77,-3.938,36.875,46.375,53.5,61.688,61.875,62.625,62.563,62.812,62.812;
1706478660,2.99,0,0,82.33,-2,47.12,-4.875,35.438,45.75,53.25,61.75,61.938,62.625,62.563,62.812,62.812;
1706480460,2.99,0,0,86,-2.84,47.46,-5.687,33.438,45.563,53.25,61.813,61.938,62.625,62.563,62.812,62.812;
1706482260,2.99,0,0,89,-3.88,51.6,-6.062,34,45.375,53.06,61.688,61.938,62.625,62.563,62.812,62.812;
1706484060,3,0,0,86.33,-4.16,53.83,-6.437,34.063,45.125,53.06,61.688,61.875,62.625,62.563,62.812,62.812;
1706485860,3,0,0,87,-4.48,54.53,-6.5,34.375,44.625,52.94,61.813,61.938,62.625,62.563,62.812,62.875;
1706487660,3,0,0,89,-5.05,55.3,-6.5,33.813,44.5,53,61.75,61.875,62.625,62.563,62.812,62.812;
1706489460,3,0,0,89,-6.86,53.13,-7.5,32.438,43.313,52.63,61.813,61.938,62.625,62.563,62.812,62.812;
1706491260,3,0,0,88,-8.04,55.91,-7.937,31.125,43.437,52.63,61.813,61.938,62.625,62.625,62.812,62.812;
1706493060,3,0,0,92.33,-7.71,57.2,-7.687,32.25,43.875,52.5,61.688,61.875,62.625,62.625,62.812,62.812;
1706494860,3,0,0,87.33,-10.39,46.16,-11.188,31.437,43.437,52.25,61.688,61.875,62.625,62.625,62.812,62.812;
1706496660,3,0,0,89,-11.34,45.05,-12.688,32.625,43.875,52.31,61.688,61.875,62.625,62.563,62.812,62.812;
1706498460,3,0,0,85.33,-11.03,43.83,-12.938,33.063,43.938,52.38,61.625,61.813,62.625,62.563,62.812,62.812;
1706500260,3,0,0,83.33,-10.12,41.77,-12.813,32.438,43.813,52.19,61.625,61.813,62.625,62.563,62.812,62.812;
1706502060,3,0,0,87,-10.44,45.23,-12.938,21.937,38.313,51.06,61.562,61.813,62.625,62.563,62.75,62.812;
1706503860,3,0,0,87,-9.91,46.26,-11.875,33.313,43.25,52.06,61.562,61.75,62.563,62.563,62.812,62.812;
1706505660,2.99,0,0,88.33,-8.97,46.25,-10.813,26.875,41.438,52.06,61.625,61.813,62.625,62.563,62.812,62.875;
1706507460,3,0,0,89.67,-9.15,41.7,-11.75,33.938,43.625,52.25,61.625,61.813,62.625,62.563,62.812,62.812;
1706509260,3,0,0,90.33,-9.6,39.85,-12.375,34.625,44.188,52.44,61.688,61.813,62.625,62.563,62.812,62.812;
1706511060,3,0,0,85,-9.72,39.96,-12.625,32.313,43.437,52.44,61.688,61.875,62.625,62.563,62.812,62.812;
1706512860,3,0,0,87.67,-10.56,43.44,-12.938,26.812,41.625,52,61.625,61.813,62.625,62.563,62.812,62.812;
1706514660,3,0,0,87.67,-9.35,48.55,-11.375,30.062,42,51.5,61.562,61.813,62.563,62.625,62.812,62.812;
1706516460,3,0,0,92,-7.4,53.1,-9.25,32.5,42.125,51.44,61.562,61.75,62.563,62.563,62.812,62.812;
1706518260,3,0,0,85.33,-5.35,48.25,-7.875,36.688,45.625,53,61.625,61.813,62.625,62.563,62.812,62.812;
1706520060,3,0,0,88.67,-5.07,45.12,-8.125,34.125,45,52.56,61.625,61.875,62.625,62.563,62.75,62.812;
1706521860,2.99,0,0,87,-6.7,51.25,-7.937,32.625,45.875,52.63,61.688,61.875,62.625,62.563,62.75,62.812;
1706523660,3,0,0,86,-8.5,46.47,-10.25,30,45.563,52.38,61.75,61.938,62.625,62.563,62.812,62.812;
1706525460,3,0,0,86.33,-8.99,46.25,-10.875,30.937,46.313,52.81,61.813,62,62.625,62.625,62.812,62.812;
1706527260,3,0,0,84.33,-6.94,49.61,-9.375,37.25,48.437,53.63,61.688,61.813,62.625,62.563,62.812,62.812;
1706529060,3,0,0,87.67,-5.84,62.31,-6.437,28,42.375,51.31,61.5,61.75,62.563,62.563,62.812,62.812;
1706530860,3,0,0,86.67,-7.06,83.52,-5.375,17.875,42.125,51.06,61.5,61.688,62.563,62.563,62.812,62.812;
1706532660,3,0,0,85.33,-4.16,59.31,-4.937,36.625,46.188,53.56,61.562,61.813,62.625,62.563,62.812,62.812;
1706534460,3,0,0,82.67,-3.92,66.64,-3.25,32,44.625,52.06,61.562,61.75,62.625,62.563,62.812,62.812;
1706536260,3,0,0,82.33,-1.1,53.89,-2.25,40.937,49.875,54.75,61.688,61.875,62.625,62.563,62.812,62.812;
1706538060,2.99,0,0,82.33,0.63,46.67,-1.687,41.125,50.188,55,61.688,61.875,62.625,62.563,62.812,62.812;
1706539860,2.99,0,0,81.67,0.62,43.96,-1.25,41.063,48.75,55.13,61.875,61.938,62.625,62.563,62.812,62.875;
1706541660,2.99,0,0,82.33,-0.32,43.04,-1.937,39.625,46.813,54.38,61.875,61.938,62.625,62.563,62.812,62.812;
1706543460,2.99,0,0,85,-2.4,44.03,-3.313,35.688,44.813,53.75,61.875,62,62.625,62.563,62.812,62.812;
1706545260,3,0,0,84.33,-2.81,43.62,-4.062,36.563,45.563,54.06,61.875,62,62.688,62.563,62.812,62.812;
1706547060,3,0,0,86,-3.43,45.73,-4.375,33.625,44.687,53.81,61.938,62,62.625,62.563,62.812,62.812;
1706548860,2.99,0,0,80.33,-1.47,45.22,-3.563,37.313,46.375,54.31,61.875,62,62.625,62.563,62.812,62.812;
1706550660,3,0,0,82,-0.42,43.36,-2.875,38.875,46.562,54.94,61.938,62.063,62.625,62.563,62.812,62.812;
1706552460,2.99,0,0,82,-0.85,42.35,-3.375,38.938,46,54.5,61.938,62.063,62.625,62.563,62.812,62.812;
1706554260,2.99,0,0,79.67,-1.07,42.57,-3.688,38.375,46.25,54.56,61.938,62,62.625,62.563,62.812,62.812;
1706556060,2.99,0,0,86,-2.52,41.67,-4.5,36.875,46.125,54.38,61.938,62.063,62.625,62.563,62.75,62.812;
1706557860,2.99,0,0,87.67,-3.72,42.18,-5.187,37.25,44.813,54.13,61.938,62.063,62.688,62.563,62.812,62.812;
1706559660,2.99,0,0,84.67,-4.38,43.21,-5.812,36.938,43.813,54.19,62,62.125,62.688,62.563,62.812,62.812;
1706561460,3,0,0,86.67,-6.15,44.08,-6.687,32.938,44.563,54.19,62,62.125,62.688,62.563,62.812,62.812;
1706563260,3,0,0,89.67,-7.17,46.58,-8.25,29.062,43.625,53.38,61.938,62.125,62.688,62.563,62.812,62.812;
1706565060,2.99,0,0,89,-6.67,46.81,-8.75,27.938,44.125,53.31,61.938,62.063,62.688,62.563,62.812,62.812;
1706566860,3,0,0,84,-6.86,46.91,-8.938,28,44.062,53.19,61.875,62.063,62.625,62.563,62.812,62.812;
1706568660,3,0,0,88.67,-8.64,46.82,-9.813,29.312,43.437,53.19,61.938,62.125,62.688,62.625,62.812,62.812;
1706570460,3,0,0,86,-11.64,48.49,-11.875,24.875,42.375,52.94,62,62.125,62.688,62.625,62.812,62.812;
1706572260,3,0,0,88.67,-14.34,47.84,-14.063,23.875,41.313,52.69,62,62.187,62.688,62.625,62.812,62.875;
1706574060,3,0,0,91.33,-16.58,48.61,-16.312,21,38.625,52.19,62,62.25,62.688,62.563,62.812,62.812;
1706575860,2.99,0,0,91.67,-18.39,50.06,-17.625,18.562,38,52.25,62,62.187,62.75,62.625,62.812,62.875;
1706577660,2.99,0,0,92.67,-19.29,50.62,-18.625,18.687,36.188,52.94,62.063,62.25,62.688,62.625,62.812,62.875;
1706579460,2.99,0,0,94,-19.32,49.86,-18.875,19.687,32.625,52.88,62.063,62.25,62.75,62.625,62.875,62.875;
1706581260,2.99,0,0,95,-18.61,49.09,-18.687,20.312,35.438,52.56,61.938,62.25,62.75,62.625,62.875,62.875;
1706583060,2.99,0,0,92,-17.86,48.66,-18.187,20.187,37.125,52.81,62,62.25,62.75,62.625,62.875,62.875;
1706584860,2.99,0,0,93.33,-17.3,48.23,-17.125,20.5,36.375,52.5,62,62.25,62.75,62.688,62.875,62.875;
1706586660,3,0,0,93.33,255,255,-16.562,21.25,39.563,53.69,62.063,62.313,62.75,62.625,62.875,62.875;
1706588460,2.99,0,0,93.33,-16.75,46.84,-16.625,21.562,39.563,53.81,62.063,62.313,62.75,62.625,62.875,62.875;
1706590260,2.99,0,0,93.67,-16.73,45.59,-17.25,20.562,39.688,53.94,62.125,62.313,62.75,62.688,62.875,62.875;
1706592060,2.99,0,0,93.33,-16.95,45.32,-17.75,20.687,39.563,53.94,62.125,62.313,62.75,62.688,62.875,62.875;
1706593860,3,0,0,94.33,255,255,-17.75,22.875,38.938,52.94,62,62.25,62.75,62.625,62.875,62.875;
1706595660,3,0,0,91.67,255,255,-17,30.25,41.625,52.25,61.562,61.938,62.625,62.625,62.875,62.875;
1706597460,2.99,0,0,90.67,-15.1,41.46,-16.875,23.312,40.688,53.06,62,62.25,62.75,62.625,62.875,62.875;
1706599260,2.99,0,0,93,-14.58,47.32,-15.813,29.625,40.875,52.19,61.562,61.875,62.688,62.625,62.875,62.875;
1706601060,2.99,0,0,89.33,-10.09,48.32,-11.688,35.813,44.75,52.69,61.75,62,62.625,62.625,62.875,62.875;
1706602860,2.99,0,0,88,-10.19,51.58,-11.438,29.25,41.5,52.31,61.625,61.875,62.688,62.688,62.875,62.875;
1706604660,2.99,0,0,88.33,-5.32,54.73,-7.312,28.25,40.75,51.94,61.562,61.875,62.688,62.625,62.875,62.875;
1706606460,2.99,0,0,86.67,-6.96,60.7,-6.625,27.313,40.688,51.44,61.688,61.938,62.688,62.563,62.875,62.875;
1706608260,3,0,0,86,-11.06,47.7,-11.563,21.562,41.75,53.38,62,62.25,62.75,62.688,62.875,62.938;
1706610060,2.99,0,0,88.67,-10.25,59.57,-10.875,28.437,44.25,52.88,61.813,62,62.688,62.688,62.875,62.875;
1706611860,2.99,0,0,88.33,-9.45,42.85,-11.063,24.75,43,53.38,62,62.187,62.75,62.688,62.875,62.875;
1706613660,2.99,0,0,88.67,-13.44,45.47,-14.125,25.312,43.625,53.44,62,62.187,62.75,62.688,62.875,62.875;
1706615460,2.99,0,0,90.33,-13.87,45.33,-14.875,25,43.063,53.5,62,62.187,62.75,62.688,62.875,62.875;
1706617260,2.99,0,0,90.67,-13.97,45.67,-14.688,25.625,44.375,53.94,62,62.187,62.75,62.688,62.875,62.875;
1706619060,2.99,0,0,91.67,-14.69,46.68,-14.938,24.5,43.938,54.06,62.063,62.25,62.75,62.688,62.875,62.875;
1706620860,3,0,0,90,-14.81,45.52,-15.188,24.75,43.5,54.25,62.125,62.313,62.75,62.688,62.875,62.875;
1706622660,3,0,0,94.67,255,255,-15.188,24.125,44.125,54.94,62.187,62.313,62.75,62.688,62.875,62.875;
1706624460,2.99,0,0,93.33,-15.22,45.83,-15.625,23.625,41.75,54.75,62.187,62.375,62.75,62.688,62.875,62.938;
1706626260,2.99,0,0,88.33,-16.07,46.9,-16.375,21.812,38.938,53.81,62.187,62.375,62.812,62.688,62.875,62.938;
1706628060,2.99,0,0,91,-15.87,46.39,-16.312,23.25,36.625,54.56,62.313,62.5,62.812,62.688,62.938,62.938;
1706629860,2.99,0,0,88.67,-15.88,45.24,-16.5,24.125,32.688,53.94,62.25,62.5,62.812,62.688,62.938,62.938;
1706631660,2.99,0,0,90.67,-15.38,45.31,-16.187,27.562,35.5,54,62.313,62.5,62.812,62.688,62.938,62.938;
1706633460,2.99,0,0,94.33,-13.98,44.7,-15.438,30.5,35.188,54.44,62.25,62.5,62.875,62.75,62.938,62.938;
1706635260,2.99,0,0,85.67,-13.05,43.6,-14.5,28.625,36.75,54.69,62.25,62.5,62.875,62.75,62.938,62.938;
1706637060,2.99,0,0,86.67,-11.28,44.3,-13.313,30.125,35.875,55.13,62.25,62.5,62.875,62.75,62.938,62.938;
1706638860,2.99,0,0,88.33,-9.66,41.99,-12.938,29.125,38.25,55.19,62.25,62.438,62.875,62.688,62.938,63.000;
1706640660,2.99,0,0,91,-8.96,41.26,-12.438,30.125,39.625,56.06,62.313,62.5,62.875,62.75,62.938,63.000;
1706642460,2.99,0,0,87.33,-9.14,41.18,-12.188,30.687,40.563,55.88,62.313,62.5,62.875,62.75,62.938,63.000;
1706644260,2.99,0,0,88.67,-11.46,40.53,-13.25,28.5,42.063,56.31,62.375,62.563,62.875,62.75,62.938,63.000;
1706646060,2.99,0,0,85.33,-11.91,43.72,-12.813,28.75,44.25,56.06,62.25,62.5,62.875,62.75,62.938,63.000;
1706647860,2.99,0,0,86.33,-12.37,43.4,-13.5,24,47.375,56.38,62.313,62.5,62.875,62.75,62.938,63.000;
1706649660,2.99,0,0,91.67,-13.3,43.67,-13.938,25,46.875,56.13,62.313,62.5,62.875,62.75,62.938,63.000;
1706651460,3,0,0,88.33,255,255,-13.75,26.312,47.125,56.19,62.313,62.5,62.875,62.75,62.938,63.000;
1706653260,3,0,0,91.33,255,255,-14.375,26.125,47.313,56.25,62.375,62.563,62.875,62.75,62.938,63.000;
1706655060,2.99,0,0,91,-15.47,43.62,-15.062,25,47.125,56.69,62.438,62.563,62.875,62.75,62.938,63.000;
1706656860,2.99,0,0,94.33,-16.31,46.49,-15.875,20.125,47,56.13,62.313,62.5,62.875,62.75,62.938,63.000;
1706658660,2.99,0,0,91,-15.01,51.03,-14.75,22.062,46.438,56.38,62.313,62.5,62.875,62.75,62.938,63.000;
1706660460,2.99,0,0,85,-13.05,52.22,-13.125,24.312,46.438,56.06,62.187,62.438,62.875,62.75,62.938,63.000;
1706662260,3,0,0,86.67,255,255,-12.438,25.062,46.562,55.69,62.187,62.375,62.812,62.75,62.938,62.938;
1706664060,2.99,0,0,85.33,-13.25,42.17,-14.063,28.625,46.375,55.44,62.125,62.375,62.812,62.75,62.938,63.000;
1706665860,2.99,0,0,91.33,-14.12,41.59,-15.188,26.437,46.875,55.44,62.125,62.313,62.812,62.75,62.938,63.000;
1706667660,2.99,0,0,90.67,-12.83,45.09,-13.875,37.75,45.875,54.19,61.875,62.125,62.75,62.688,62.938,63.000;
1706669460,2.99,0,0,85.67,-8.24,34.64,-11.75,34.063,47.25,55.31,62.063,62.25,62.812,62.688,62.938,62.938;
1706671260,2.99,0,0,83.67,-11.09,34.63,-14.313,31.75,46.063,55.5,62.187,62.375,62.812,62.75,62.938,62.938;
1706673060,2.99,0,0,89.67,-13.04,37.95,-15.375,30.125,45.875,55.5,62.125,62.375,62.812,62.688,62.938,62.938;
1706674860,2.99,0,0,90,-13.39,38.89,-15.625,29.875,46,55.44,62.125,62.375,62.812,62.688,62.938,62.938;
1706676660,3,0,0,89.33,255,255,-16.125,31.25,46.25,55.69,62.125,62.375,62.812,62.688,62.938,62.938;
1706678460,2.99,0,0,90,-13.55,40.45,-15.687,28.125,46.375,55.75,62.125,62.375,62.812,62.688,62.938,62.938;
1706680260,2.99,0,0,91.67,-15.41,41.22,-16.812,23.687,46.313,56.13,62.187,62.313,62.812,62.688,62.938,62.938;
1706682060,2.99,0,0,91.67,-16.06,43.32,-17.125,21.5,44.813,55.94,62.125,62.375,62.812,62.75,62.938,62.938;
1706683860,2.99,0,0,90,-16.13,43.07,-17.25,22.938,45.875,55.75,62.063,62.313,62.75,62.75,62.938,62.938;
1706685660,2.99,0,0,93,-15.82,43.11,-16.937,23.25,45.688,56.06,62.125,62.375,62.812,62.75,62.938,62.938;
1706687460,2.99,0,0,92,-17.29,45.2,-17.562,22.5,45.125,55.81,62.125,62.375,62.812,62.75,62.938,62.938;
1706689260,2.99,0,0,90.33,-17.68,48.49,-17.625,23.312,45.125,55.25,62.125,62.313,62.812,62.688,62.938,62.938;
1706691060,2.99,0,0,92.33,-17.08,48.81,-17.187,22.125,44.625,55.56,62.125,62.313,62.812,62.75,62.938,62.938;
1706692860,2.99,0,0,92.67,-16.99,49.04,-17,24.188,45.063,55.56,62.125,62.375,62.812,62.812,62.938,62.938;
1706694660,2.99,0,0,91,-17.59,48.93,-17.437,20.75,44.5,55.75,62.125,62.375,62.812,62.75,62.938,62.938;
1706696460,2.99,0,0,93,-18.79,49.25,-18.25,18.25,44.813,56.13,62.187,62.438,62.875,62.75,62.938,62.938;
1706698260,2.99,0,0,91.67,-18.67,50.05,-18.375,22.25,45.75,56.06,62.125,62.438,62.812,62.688,62.938,62.938;
1706700060,2.99,0,0,90.33,255,255,-17.875,23.75,45.125,56.31,62.187,62.438,62.875,62.75,62.938,62.938;
1706701860,2.99,0,0,92,255,255,-17.125,29.312,46.438,56.38,62.187,62.438,62.812,62.75,62.938,62.938;
1706703660,2.99,0,0,94.33,-15.25,46.02,-16.187,32.625,47.688,56.5,62.187,62.375,62.812,62.75,62.938,62.938;
1706705460,2.99,0,0,86.67,-13.76,44.34,-15.125,32.688,48,56.44,62.125,62.375,62.812,62.688,62.938,62.938;
1706707260,2.99,0,0,87.67,-11.99,42.63,-14,31.25,48.813,56.56,62.125,62.375,62.812,62.688,62.938,62.938;
1706709060,2.99,0,0,85.33,-11.22,40.68,-13.625,30.75,49,56.38,62.063,62.375,62.812,62.688,62.938,62.938;
1706710860,2.99,0,0,88,-11.11,40.77,-13.5,34.563,50.063,56.75,62.125,62.375,62.812,62.688,62.938,62.938;
1706712660,2.99,0,0,90.33,-11.26,41.57,-13.5,31.187,49.5,56.5,62.063,62.313,62.812,62.688,62.938,62.938;
1706714460,2.99,0,0,87,-9.59,44.57,-11.937,36.875,50.063,56.13,61.938,62.25,62.75,62.688,62.938,62.938;
1706716260,2.99,0,0,89,-6.72,41.52,-10.062,39.5,50.813,56.25,61.938,62.187,62.75,62.688,62.938,62.938;
1706718060,2.99,0,0,86,-8.23,39.56,-10.813,31.437,48.813,56.44,62.125,62.313,62.812,62.75,62.938,62.938;
1706719860,2.99,0,0,89.33,-10.1,42.84,-11.625,33.875,49.313,56.69,62.187,62.375,62.812,62.75,62.938,62.938;
1706721660,2.99,0,0,87.33,-12.15,44.34,-12.813,29.937,48.875,56.88,62.25,62.438,62.812,62.688,62.938,62.938;
1706723460,3,0,0,87.67,255,255,-13.438,29.312,49.125,56.88,62.187,62.438,62.812,62.688,62.938,62.938;
1706725260,2.99,0,0,91.67,-13.96,48.11,-13.812,30.75,49.625,57.38,62.313,62.5,62.875,62.688,62.938,62.938;
1706727060,2.99,0,0,86.67,-14.3,49.02,-14.125,23.875,49,57.38,62.313,62.5,62.875,62.688,62.938,62.938;
1706728860,2.99,0,0,87.67,-13.39,48.17,-14.125,24.437,49,56.94,62.187,62.438,62.812,62.688,62.938,62.938;
1706730660,2.99,0,0,87.33,-12.91,46.28,-14,25.625,49.375,57.19,62.25,62.5,62.875,62.688,62.938,62.938;
1706732460,2.99,0,0,88,-13.08,45.33,-14.437,20.625,48.938,57.13,62.25,62.438,62.812,62.75,62.938,62.938;
1706734260,2.99,0,0,86.33,-12.5,44.85,-14.375,21.562,48.813,57.06,62.187,62.438,62.875,62.75,62.938,62.938;
1706736060,3,0,0,90.33,255,255,-14.5,23.25,48.563,57.19,62.25,62.438,62.875,62.75,62.938,62.938;
1706737860,2.99,0,0,89.67,-10.98,48.4,-13.313,30.875,49.625,56.06,62,62.25,62.812,62.688,62.938,62.938;
1706739660,2.99,0,0,85.67,-2.41,44.87,-8.438,38.125,47.938,55.44,61.875,62.125,62.75,62.688,62.938,62.938;
1706741460,2.99,0,0,87.67,-5.19,32.32,-10.75,28.312,48.313,56.75,62.25,62.375,62.812,62.75,62.938,63.000;
1706743260,2.99,0,0,90,-8.41,37.79,-13.125,28.563,48.563,56.69,62.187,62.375,62.812,62.75,62.938,63.000;
1706745060,2.99,0,0,87.33,-9.99,35.77,-14.437,25.937,47.812,56.81,62.25,62.438,62.812,62.688,62.938,62.938;
1706746860,2.99,0,0,89.33,-10.49,42.04,-14.625,26.937,47.688,56.31,62.063,62.313,62.812,62.688,62.938,62.938;
1706748660,2.99,0,0,86.67,-9.62,40.39,-13.938,29.437,48.813,56.69,62.125,62.375,62.875,62.688,62.938,62.938;
1706750460,3,0,0,87.67,255,255,-15.813,25.125,47.625,56.63,62.125,62.375,62.812,62.688,62.938,62.938;
1706752260,2.99,0,0,89,-13.63,35.68,-16.937,25.438,47.25,56.19,62.063,62.313,62.812,62.75,62.938,62.938;
1706754060,2.99,0,0,87.67,-13.83,35.91,-17.062,29.375,47.625,55.81,61.938,62.187,62.75,62.75,62.938,62.938;
1706755860,2.99,0,0,88.33,-13.74,35.43,-17.062,25.375,47.375,56.13,62.063,62.313,62.812,62.75,62.938,62.938;
1706757660,2.99,0,0,90.33,-14.33,36.13,-17.437,26.25,47.438,55.88,62,62.25,62.812,62.75,62.938,62.938;
1706759460,2.99,0,0,90.33,-14.53,35.84,-17.562,27.5,47.5,55.69,62,62.25,62.812,62.688,62.938,62.938;
1706761260,2.99,0,0,92.33,-14.74,36.15,-17.625,27.625,48,55.69,62,62.25,62.75,62.75,62.938,62.938;
1706763060,2.99,0,0,94.67,-14.84,35.36,-17.812,26.437,47.875,55.88,62.063,62.313,62.812,62.688,62.938,62.938;
1706764860,2.99,0,0,91.33,-15.31,34.98,-18.375,23.812,46.813,55.75,62.063,62.313,62.812,62.688,62.938,62.938;
1706766660,2.99,0,0,92.67,-14.91,35.69,-17.937,25.25,47.563,55.94,62,62.313,62.812,62.688,62.938,62.938;
1706768460,2.99,0,0,91,-15.03,36.21,-17.937,24.625,47.625,55.88,62,62.313,62.812,62.688,62.938,62.938;
1706770260,2.99,0,0,91,-15.27,36.48,-18.062,22.812,46.562,55.88,62.063,62.375,62.812,62.688,62.938,62.938;
1706772060,2.99,0,0,91.33,-15.14,37.03,-17.75,28.875,46.75,55.31,62.063,62.375,62.812,62.688,62.938,62.938;
1706773860,2.99,0,0,87.67,-14.58,36.98,-17.25,28.437,45.5,54.69,62.063,62.375,62.812,62.75,62.938,62.938;
1706775660,2.99,0,0,89.67,-15.18,37.56,-17.5,23,44.875,55.31,62.125,62.375,62.812,62.75,62.938,62.938;
1706777460,2.99,0,0,89.67,255,255,-17.625,20.625,43.125,54.94,62.063,62.375,62.812,62.75,62.938,62.938;
1706779260,2.99,0,0,90,-15.42,40.66,-17.437,19.875,43.375,55.13,62.063,62.375,62.812,62.75,62.938,62.938;
1706781060,2.99,0,0,89.67,-14.62,41.5,-16.75,23.875,44.625,55.19,62.125,62.375,62.812,62.75,62.938,62.938;
1706782860,2.99,0,0,93.33,-14.44,39.76,-16.937,23.187,44.563,55.06,62.063,62.375,62.812,62.812,62.938,62.938;
1706784660,2.99,0,0,87,-13.72,40.86,-16.187,26.625,46.125,55.31,62.063,62.313,62.812,62.688,62.938,62.938;
1706786460,2.99,0,0,85.33,-13.07,40.26,-15.687,31.125,47.688,55.44,62.063,62.375,62.812,62.688,62.938,62.938;
1706788260,2.99,0,0,87.33,-11.86,41.22,-14.625,30.375,48,55.75,62.125,62.375,62.812,62.688,62.938,62.938;
1706790060,2.99,0,0,88,-10.3,41.06,-13.375,31.875,48.813,56,62.125,62.438,62.812,62.688,62.938,62.938;
1706791860,2.99,0,0,90.33,-9.5,41.17,-12.625,32.5,48.813,55.63,62.063,62.375,62.812,62.688,62.938,62.938;
1706793660,2.99,0,0,90.33,-8.88,40.31,-12.063,34.938,49.438,55.75,62.063,62.313,62.812,62.688,62.938,62.938;
1706795460,2.99,0,0,89.67,-8.62,40.25,-11.875,34.938,49.563,55.63,62,62.313,62.812,62.688,62.938,62.938;
1706797260,2.99,0,0,89.33,-8.39,40.34,-11.5,32.438,49.188,56.31,62.125,62.438,62.812,62.75,62.938,62.938;
1706799060,2.99,0,0,89.33,-9.07,40.1,-12.25,31.75,49.438,56.25,62.187,62.438,62.812,62.688,62.938,62.938;
1706800860,2.99,0,0,90,-9.72,41.08,-12.688,29.5,48.75,56.19,62.187,62.438,62.812,62.688,62.938,62.938;
1706802660,2.99,0,0,87.67,-10.63,42.18,-13.375,29.875,48.688,56.31,62.25,62.5,62.875,62.688,62.938,62.938;
1706804460,2.99,0,0,88,-11.49,42.46,-14,25.937,46.75,55.38,62.187,62.438,62.875,62.688,62.938,62.938;
1706806260,2.99,0,0,87.67,-11.03,44.47,-13.625,30.062,48.063,56,62.187,62.438,62.812,62.688,62.938,62.938;
1706808060,2.99,0,0,87.33,-10.32,42.52,-12.938,32.75,47.688,55.63,62.187,62.438,62.812,62.688,62.938,62.938;
1706809860,2.99,0,0,89.33,-10.81,41.94,-13.25,30.937,47.25,55.75,62.25,62.5,62.875,62.688,62.938,62.938;
1706811660,2.99,0,0,88,-11.58,41.77,-14.063,23.125,46.313,55.63,62.187,62.438,62.875,62.688,62.938,62.938;
1706813460,2.99,0,0,87.67,-11.59,41.44,-14,31.25,48.25,55.75,62.187,62.438,62.812,62.688,62.938,62.938;
1706815260,2.99,0,0,88.33,-10.46,41.41,-13.125,35.125,49.313,55.69,62.125,62.375,62.875,62.688,62.938,62.938;
1706817060,2.99,0,0,88.33,-9.24,40.71,-11.937,35.125,49.563,56.06,62.187,62.438,62.812,62.688,62.938,62.938;
1706818860,2.99,0,0,92,-9.12,39.37,-12.125,34.563,49.438,55.75,62.187,62.375,62.812,62.688,62.938,62.938;
1706820660,2.99,0,0,88.33,-9.94,38.68,-12.562,36.25,50.125,56,62.125,62.375,62.812,62.688,62.938,62.938;
1706822460,2.99,0,0,88,-10.13,38.56,-12.688,34.313,49.625,56,62.125,62.375,62.875,62.688,62.938,62.938;
1706824260,2.99,0,0,88.33,-10.78,38.37,-13.375,32.125,49.563,56,62.187,62.438,62.812,62.688,62.938,62.938;
1706826060,2.99,0,0,89,-12.73,36.85,-15.25,24.188,47.75,55.31,62.125,62.375,62.812,62.688,62.938,62.938;
1706827860,2.99,0,0,88,-13.93,38.02,-16.312,25.562,48.25,55.31,62.063,62.313,62.75,62.688,62.938,62.938;
1706829660,2.99,0,0,91,-10.23,43.26,-13.438,33.5,50.063,56,62.125,62.313,62.812,62.688,62.938,62.938;
1706831460,2.99,0,0,92.33,-11.12,35.39,-14.188,31.437,49.563,56,62.125,62.313,62.812,62.688,62.938,62.938;
1706833260,2.99,0,0,86.33,-12.09,37.19,-14.938,35.375,49.813,55.5,62,62.25,62.75,62.688,62.938,62.938;
1706835060,2.99,0,0,88,-12.26,35.47,-15.188,34.625,49.75,55.81,62.063,62.313,62.812,62.688,62.938,62.938;
1706836860,2.99,0,0,87,-11.67,36.11,-14.75,35.063,49.625,55.69,62.063,62.313,62.812,62.688,62.875,62.938;
1706838660,2.99,0,0,86.33,255,255,-14.625,38.563,49.938,55.81,62.063,62.25,62.75,62.688,62.938,62.938;
1706840460,2.99,0,0,86,-10.93,35.02,-13.938,37.563,49.813,55.69,62.063,62.25,62.75,62.688,62.938,62.938;
1706842260,2.99,0,0,87.33,-10.84,35.14,-14.125,33.75,49.687,56.06,62.125,62.313,62.812,62.688,62.938,62.938;
1706844060,2.99,0,0,89,-11.48,35.41,-14.375,37.625,49.875,56.31,62.125,62.313,62.812,62.688,62.938,62.938;
1706845860,2.99,0,0,87.33,-11.54,35.82,-14.25,32.375,48.875,55.81,62.125,62.313,62.812,62.688,62.875,62.938;
1706847660,2.99,0,0,90.33,-13,35.38,-15.375,32.438,48.375,55.56,62.125,62.313,62.75,62.625,62.938,62.938;
1706849460,2.99,0,0,86.33,-13.55,35.68,-15.875,29.75,47.5,55.31,62.125,62.313,62.812,62.688,62.938,62.875;
1706851260,2.99,0,0,92,-15.2,36.8,-17.25,24.687,47.375,55.38,62.063,62.313,62.75,62.75,62.938,62.875;
1706853060,2.99,0,0,87,-15.07,37.24,-17.312,28.375,48.375,55.13,62,62.25,62.75,62.688,62.875,62.938;
1706854860,2.99,0,0,87.67,255,255,-16.625,27.562,48.188,54.94,62,62.187,62.75,62.625,62.875,62.875;
1706856660,2.99,0,0,88,-13.19,35.47,-16.125,31.5,48.688,54.75,61.938,62.187,62.75,62.625,62.875,62.938;
1706858460,2.99,0,0,91.67,255,255,-15.5,27.313,48.875,54.88,61.938,62.125,62.75,62.688,62.875,62.938;
1706860260,2.99,0,0,89.67,-9.87,39.6,-13.187,39.75,50.25,54.19,61.813,62.063,62.75,62.625,62.875,62.875;
1706862060,2.99,0,0,85.33,-5.98,33.45,-10.062,36.5,50.125,54.81,61.875,62.063,62.75,62.625,62.875,62.875;
1706863860,2.99,0,0,87.67,-6.26,33.21,-9.938,35.313,50,54.88,61.875,62.125,62.75,62.625,62.875,62.938;
1706865660,2.99,0,0,86.33,-6.46,33.93,-10,36.313,49.813,54.81,61.875,62.125,62.688,62.625,62.875,62.938;
1706867460,2.99,0,0,89,-6.26,36.7,-9.625,32.813,49.563,55,61.875,62.125,62.688,62.625,62.875,62.875;
1706869260,2.99,0,0,87,-5.84,35.46,-9.063,38.938,50.438,55,61.875,62.125,62.75,62.625,62.875,62.875;
1706871060,2.99,0,0,84,-5.91,34.31,-9.125,36.875,49.687,55,61.938,62.125,62.75,62.625,62.875,62.938;
1706872860,2.99,0,0,89.33,-7.5,36.69,-10,30.5,48.437,54.69,61.938,62.125,62.75,62.625,62.875,62.875;
1706874660,2.99,0,0,86,-7.14,37.37,-9.438,39.75,48.875,54.25,61.875,62.125,62.75,62.625,62.875,62.875;
1706876460,2.99,0,0,88.67,-7.3,38.78,-9.375,39.438,49.625,54.69,61.875,62.125,62.688,62.625,62.875,62.875;
1706878260,2.99,0,0,86.67,-5.65,40.92,-7.875,37.75,49.875,54.81,61.875,62.063,62.688,62.625,62.875,62.875;
1706880060,2.99,0,0,84.33,-4.53,39.13,-6.437,42.313,52.125,55.06,61.875,62.063,62.688,62.625,62.875,62.875;
1706881860,2.99,0,0,84.67,-2.05,40.14,-4.375,43.375,53.125,55.81,61.813,62.063,62.688,62.625,62.875,62.875;
1706883660,2.99,0,0,84,0.24,39.04,-2.563,43.125,52.875,56.13,61.938,62.125,62.688,62.625,62.875,62.875;
1706885460,2.99,0,0,81,-0.33,38.41,-2.438,43.063,52,55.94,61.938,62.125,62.688,62.625,62.875,62.875;
1706887260,2.99,0,0,85.33,-0.43,38.49,-2.313,42.812,51.375,56.06,61.938,62.125,62.688,62.625,62.875,62.875;
1706889060,2.99,0,0,85.67,-0.96,39.38,-2.313,41.375,50.563,55.75,61.938,62.125,62.688,62.625,62.875,62.875;
1706890860,2.99,0,0,85.33,-0.23,43.04,-1.312,42,49.813,55.06,61.875,62.063,62.688,62.625,62.875,62.875;
1706892660,2.99,0,0,82.67,-0.55,42.51,-1,40.563,50.188,55.38,61.875,62.063,62.688,62.625,62.875,62.875;
1706894460,2.99,0,0,80,-0.19,43.06,-0.812,41.125,50.75,55.75,61.875,62.063,62.688,62.625,62.875,62.875;
1706896260,2.99,0,0,85,-0.13,42.57,-0.625,41.813,50.688,55.69,61.875,62.063,62.688,62.625,62.875,62.875;
1706898060,2.99,0,0,81,-0.04,41.81,-0.5,40.813,50.312,55.38,61.938,62.125,62.688,62.625,62.875,62.875;
1706899860,2.99,0,0,85.67,-0.64,42.21,-0.812,41.125,50.438,55.19,61.875,62.063,62.688,62.625,62.875,62.875;
1706901660,2.99,0,0,81.67,-0.69,40.73,-0.937,42.125,50.25,54.94,61.875,62.063,62.688,62.625,62.875,62.875;
1706903460,2.99,0,0,83.67,-0.54,40.55,-1.125,41.562,49.125,54.69,61.875,62,62.688,62.625,62.875,62.875;
1706905260,2.99,0,0,82.33,-1.54,42.79,-1.562,42.063,50.063,55,61.875,62.063,62.688,62.625,62.875,62.875;
1706907060,2.99,0,0,83,1.04,50.28,-0.312,41.813,48.875,54.44,61.813,62,62.688,62.625,62.812,62.875;
1706908860,2.99,0,0,82,-0.45,42.3,-0.25,41.125,48.75,54.38,61.75,62,62.625,62.563,62.875,62.875;
1706910660,2.99,0,0,83.33,-1.69,42.84,-1.375,40.937,49.125,54.31,61.813,62,62.625,62.625,62.875,62.875;
1706912460,2.99,0,0,79,0.07,42.48,-0.937,41.75,49.188,54.38,61.75,62,62.625,62.563,62.812,62.875;
1706914260,2.99,0,0,83.67,0.78,48.19,-0.5,41.938,48.688,54.5,61.688,62,62.625,62.563,62.812,62.875;
1706916060,2.99,0,0,83,2.4,41.11,0.625,42.187,48.813,54.19,61.75,62,62.625,62.563,62.812,62.875;
1706917860,2.99,0,0,82.67,2.39,47,0.312,42,49,54.19,61.688,61.938,62.625,62.563,62.812,62.875;
1706919660,2.99,0,0,84,3.16,43.77,1.312,41.625,48.688,54.13,61.688,61.938,62.625,62.563,62.812,62.875;
1706921460,2.99,0,0,80.67,3.12,46.4,1.625,39.125,49.188,54,61.688,62,62.625,62.563,62.812,62.875;
1706923260,2.99,0,0,79,2.95,48.4,1.687,41.125,49.375,54.13,61.688,61.938,62.625,62.563,62.812,62.875;
1706925060,2.99,0,0,83.33,-1.06,35.15,-2.625,38.5,48.188,53.69,61.688,61.938,62.625,62.563,62.812,62.875;
1706926860,2.99,0,0,82,-3.72,34.94,-4.562,37.063,48.188,53.5,61.688,61.938,62.625,62.563,62.812,62.875;
1706928660,2.99,0,0,87,-5.23,34.5,-6.625,36.063,47.25,53.13,61.625,61.938,62.625,62.625,62.812,62.875;
1706930460,2.99,0,0,88.67,-6.8,34.03,-8.188,34.625,46.438,52.69,61.688,61.938,62.625,62.563,62.812,62.875;
1706932260,2.99,0,0,88.67,-7.91,33.88,-9.188,33.688,46.188,52.69,61.625,61.938,62.625,62.563,62.812,62.875;
1706934060,2.99,0,0,87.67,-8.91,34.36,-10.062,35.125,46.562,52.81,61.625,61.938,62.625,62.563,62.812,62.875;
1706935860,2.99,0,0,88,-8.35,33.51,-9.938,34.188,46.562,52.88,61.688,61.938,62.625,62.563,62.812,62.875;
1706937660,2.99,0,0,91.33,-8.92,33.31,-10.5,33.813,46.313,52.81,61.688,61.938,62.625,62.563,62.812,62.875;
1706939460,2.99,0,0,92,-8.6,34.61,-10.375,38.063,47.625,53.31,61.625,61.938,62.625,62.563,62.812,62.875;
1706941260,2.99,0,0,87.67,-7.46,33.46,-9.875,36.75,46.562,53,61.625,61.938,62.625,62.563,62.812,62.875;
1706943060,2.99,0,0,87.67,-6.09,32.83,-8.938,37.313,46.688,53,61.625,61.875,62.625,62.563,62.812,62.875;
1706944860,2.99,0,0,86.67,-6.59,32.87,-8.938,37.625,47.25,53.25,61.625,61.938,62.625,62.563,62.812,62.875;
1706946660,2.99,0,0,90,-6.42,33.42,-8.938,36.625,47.313,53.31,61.625,61.875,62.625,62.563,62.812,62.875;
1706948460,2.99,0,0,89,-5.83,35.68,-8.375,36.5,47.313,53.38,61.625,61.875,62.625,62.563,62.812,62.875;
1706950260,2.99,0,0,86.67,-5.51,36.19,-7.875,35.813,47.625,53.5,61.688,61.938,62.625,62.563,62.812,62.812;
1706952060,2.99,0,0,84.67,-4.77,37.32,-7.125,38.875,48.5,53.75,61.625,61.875,62.625,62.563,62.812,62.812;
1706953860,2.99,0,0,82,-4.01,36.93,-6.437,38.5,49.313,53.94,61.625,61.875,62.625,62.625,62.812,62.875;
1706955660,2.99,0,0,84.67,-3.22,35.74,-5.5,35.938,51.063,54.19,61.688,61.938,62.625,62.563,62.812,62.875;
1706957460,2.99,0,0,78,-2.79,35.23,-5.187,38.813,52.688,55,61.688,61.938,62.625,62.563,62.812,62.812;
1706959260,2.99,0,0,85,-1.06,35.12,-3.688,41.688,53.625,55.31,61.625,61.875,62.625,62.563,62.812,62.812;
1706961060,2.99,0,0,81.67,2.6,36.41,-0.375,44.313,54.375,56.13,61.625,61.875,62.625,62.563,62.812,62.875;
1706962860,2.99,0,0,80.67,5.5,35.01,1.875,45.438,53.75,56.25,61.625,61.875,62.625,62.563,62.812,62.812;
1706964660,2.99,0,0,89.33,7.74,34.08,4.5,46,53.25,55.94,61.625,61.875,62.625,62.563,62.812,62.812;
1706966460,2.99,0,0,85.67,9.16,35.17,6.062,46,53.625,56.5,61.625,61.875,62.625,62.563,62.812,62.812;
1706968260,2.99,0,0,84.67,10.1,37.57,6.937,46.063,54.062,56.69,61.688,61.875,62.625,62.563,62.812,62.812;
1706970060,2.98,0,0,86,10.02,37.51,6.875,45.875,54.062,56.06,61.688,61.875,62.625,62.563,62.812,62.812;
1706971860,2.99,0,0,86.33,7.94,35.24,5.062,43.875,52.313,55.31,61.75,61.938,62.625,62.563,62.812,62.812;
1706973660,2.99,0,0,84,7.31,37.34,3.625,44.563,52,55.13,61.625,61.875,62.625,62.563,62.812,62.812;
1706975460,2.99,0,0,85.67,7.74,36.87,3.125,44.687,51.5,55.19,61.688,61.875,62.625,62.5,62.812,62.812;
1706977260,2.99,0,0,81.67,5.83,34.35,1.437,44.062,50.125,55,61.813,62,62.625,62.563,62.812,62.875;
1706979060,2.99,0,0,80,4.01,35.25,0.437,42.938,49.875,54.94,61.875,62,62.625,62.563,62.812,62.875;
1706980860,2.99,0,0,83,-2.38,40.82,-3.063,27.25,46.375,54,61.938,62.063,62.625,62.563,62.812,62.875;
1706982660,2.99,0,0,86.67,-5.76,47.63,-5,29.375,46.625,54,61.875,62.063,62.625,62.563,62.812,62.812;
1706984460,2.99,0,0,86.67,-5.94,49.45,-5.75,29.5,46.813,53.81,61.875,62,62.625,62.563,62.812,62.812;
1706986260,2.99,0,0,87.67,-6.14,51.8,-5.75,30.438,46.813,53.69,61.813,62,62.625,62.563,62.812,62.812;
1706988060,2.99,0,0,86.67,-5.15,51.26,-5.187,34,47.313,54,61.875,62,62.625,62.563,62.812,62.812;
1706989860,2.99,0,0,84.67,-3.57,49.48,-4.375,38.688,48.5,54.31,61.813,62,62.625,62.563,62.812,62.812;
1706991660,2.99,0,0,82,-2.3,57.79,-3.25,34.5,48.188,54,61.75,62,62.625,62.563,62.812,62.812;
1706993460,2.99,0,0,80.67,-0.59,51.83,-2.25,41.375,49.25,54.5,61.75,61.938,62.625,62.563,62.812,62.812;
1706995260,2.99,0,0,85.67,1.58,44.17,-1.25,42.063,48.938,54.44,61.688,61.938,62.563,62.563,62.812,62.812;
1706997060,2.99,0,0,85,1.97,43.55,-0.812,42.25,49.125,54.63,61.75,61.938,62.625,62.563,62.812,62.812;
1706998860,2.99,0,0,84.33,2.17,45.15,-0.437,41.562,49.375,54.5,61.688,61.938,62.625,62.563,62.812,62.812;
1707000660,2.99,0,0,83.33,1.83,46.32,-0.187,40.375,49.062,54.38,61.688,61.938,62.625,62.563,62.812,62.812;
1707002460,2.99,0,0,84.33,1.22,46.2,-0.125,40.125,49,54.5,61.688,61.938,62.625,62.563,62.812,62.812;
1707004260,2.99,0,0,83,0.01,46.4,-0.437,39.875,48.75,54.5,61.688,61.938,62.625,62.563,62.812,62.812;
1707006060,2.99,0,0,81.67,-0.61,45.67,-1.062,35.188,47.875,54,61.688,61.938,62.625,62.5,62.812,62.812;
1707007860,2.99,0,0,85.33,-3.46,49.93,-1.875,30.625,47,53.63,61.688,61.938,62.625,62.5,62.812,62.812;
1707009660,2.99,0,0,89,-5.56,50.58,-3.313,30.937,47,53.44,61.625,61.875,62.625,62.563,62.812,62.812;
1707011460,2.99,0,0,87.33,-7.31,44.17,-6.625,32.875,47.563,53.5,61.625,61.875,62.563,62.563,62.812,62.812;
1707013260,2.99,0,0,85.33,-7.07,42.65,-7.25,35.313,47.938,53.81,61.625,61.875,62.563,62.563,62.812,62.812;
1707015060,2.99,0,0,84.67,-4.97,39.51,-6.375,36.313,48.437,53.94,61.625,61.875,62.563,62.563,62.812,62.812;
1707016860,2.99,0,0,88,-5.19,39.45,-6.937,33.188,47.875,53.69,61.625,61.813,62.563,62.5,62.812,62.812;
1707018660,2.99,0,0,86.67,-4.71,39.74,-6.75,38.5,48.813,54,61.562,61.813,62.563,62.563,62.75,62.812;
1707020460,2.99,0,0,82,-3.27,39.51,-6.312,39.313,48.563,53.88,61.562,61.813,62.563,62.5,62.75,62.812;
1707022260,2.99,0,0,85,-5.06,37.88,-7.25,36.625,47.688,53.5,61.625,61.813,62.563,62.563,62.75,62.812;
1707024060,2.99,0,0,86,-6.1,40.16,-7.875,38.313,47.688,53.5,61.562,61.813,62.563,62.563,62.812,62.812;
1707025860,2.99,0,0,89,-4.69,38.98,-7.375,37.063,47.875,53.63,61.625,61.875,62.563,62.563,62.812,62.812;
1707027660,2.99,0,0,84.67,-5.03,38.75,-7.5,39,47.75,53.5,61.625,61.813,62.563,62.563,62.75,62.812;
1707029460,2.99,0,0,85.67,-4.92,38.03,-7.562,38.313,47.25,53.38,61.625,61.813,62.563,62.563,62.75,62.812;
1707031260,2.99,0,0,83.33,-4.84,38.78,-7.5,38.75,46.25,53.13,61.625,61.813,62.563,62.563,62.75,62.812;
1707033060,2.99,0,0,83.33,-4.03,40.14,-6.875,37.75,45.813,52.94,61.625,61.813,62.563,62.5,62.75,62.812;
1707034860,2.99,0,0,81.33,-2.94,45.53,-5.062,37.188,45.25,52.75,61.562,61.813,62.563,62.563,62.75,62.812;
1707036660,2.99,0,0,79.33,-2.22,46.43,-3.813,34.438,45,52.69,61.562,61.813,62.563,62.563,62.75,62.812;
1707038460,2.99,0,0,84.67,-1.21,46.84,-3,35.25,45.25,52.69,61.562,61.813,62.563,62.5,62.75,62.812;
1707040260,2.99,0,0,81.33,-0.76,46.86,-2.125,37,46.562,52.56,61.562,61.813,62.563,62.563,62.812,62.812;
1707042060,2.99,0,0,81,-0.23,46.5,-1.437,40.563,49.125,52.75,61.562,61.813,62.563,62.5,62.75,62.812;
1707043860,2.99,0,0,83,0.82,46.49,-1.062,41.75,50.063,53.25,61.562,61.813,62.563,62.5,62.812,62.812;
1707045660,2.99,0,0,82,0.24,43.96,-0.875,39.25,49.438,53.13,61.562,61.813,62.563,62.5,62.812,62.812;
1707047460,2.99,0,0,88.67,2.5,45.21,0.437,42.438,51.25,54.44,61.562,61.813,62.563,62.5,62.75,62.812;
1707049260,2.99,0,0,78.67,4.55,45.81,3.188,42.812,52,54.81,61.562,61.75,62.563,62.5,62.812,62.812;
1707051060,2.99,0,0,83.33,4.29,46.28,4.5,41.875,51.125,54.56,61.625,61.75,62.563,62.5,62.812,62.812;
1707052860,2.99,0,0,82.33,3.67,46.66,4.312,36.125,49.625,54.06,61.562,61.75,62.563,62.5,62.75,62.812;
1707054660,2.99,0,0,83.33,4.48,50.24,4.875,38.063,50.375,54.5,61.562,61.75,62.563,62.5,62.75,62.812;
1707056460,2.99,0,0,81.67,1.98,52.3,3.813,28.125,46.5,52.75,61.562,61.75,62.563,62.5,62.75,62.812;
1707058260,2.99,0,0,82,2.34,53.02,3.25,39.125,49.813,53.88,61.562,61.813,62.563,62.5,62.75,62.812;
1707060060,2.99,0,0,82,5.92,47.74,4.437,40.813,49.625,53.88,61.625,61.813,62.563,62.5,62.75,62.812;
1707061860,2.99,0,0,82.67,6.94,44.14,4.437,37.125,47.5,53.25,61.625,61.813,62.563,62.5,62.75,62.812;
1707063660,2.99,0,0,83.67,2.43,53.04,1.937,22,43.375,51.63,61.562,61.813,62.563,62.563,62.812,62.812;
1707065460,2.99,0,0,81,0.4,61.64,0.625,24.437,43.875,51.81,61.625,61.813,62.563,62.563,62.75,62.812;
1707067260,2.99,0,0,78.33,0.63,63.81,0.562,28.625,44.438,52,61.625,61.813,62.563,62.563,62.75,62.812;
1707069060,2.99,0,0,80.67,-1.7,63.71,-1.562,9.75,38.375,50.5,61.562,61.813,62.563,62.5,62.75,62.812;
1707070860,2.99,0,0,81,-2.48,76.11,-1.562,13.438,40.312,51.06,61.625,61.813,62.563,62.5,62.75,62.812;
1707072660,2.99,0,0,80,0.14,70.84,-0.562,27.062,43.437,51.88,61.562,61.813,62.563,62.563,62.75,62.812;
1707074460,2.99,0,0,79,4.79,54.22,1.25,41.625,47.938,54.13,61.625,61.813,62.563,62.5,62.812,62.812;
1707076260,2.99,0,0,83.67,5.81,48.86,2.625,40.438,45.937,53.63,61.625,61.875,62.563,62.5,62.75,62.812;
1707078060,2.99,0,0,85.33,5.4,48.18,2.375,40.063,45.5,53.31,61.688,61.875,62.563,62.563,62.75,62.812;
1707079860,2.99,0,0,84,3.85,48.03,1.375,34.438,43.938,52.44,61.688,61.875,62.563,62.5,62.75,62.812;
1707081660,2.99,0,0,81,1.54,51.39,-0.125,34.25,41.813,51.75,61.688,61.938,62.625,62.563,62.812,62.812;
1707083460,2.99,0,0,82.33,-0.55,55.34,-1.312,33.25,42.125,51.5,61.688,61.875,62.625,62.563,62.812,62.812;
1707085260,2.99,0,0,81.67,-1.43,55.09,-2.125,28.437,40.875,51.69,61.813,62,62.625,62.563,62.75,62.812;
1707087060,2.99,0,0,86,-5.18,67.14,-2.625,25.937,40.063,51.19,61.688,62,62.625,62.5,62.75,62.812;
1707088860,2.99,0,0,90,-6.51,70.93,-4.187,21.812,38.75,50.81,61.688,61.938,62.563,62.5,62.75,62.812;
1707090660,2.99,0,0,87.67,-5.7,67.83,-4.375,27.313,39.813,51.06,61.75,61.938,62.563,62.5,62.75,62.812;
1707092460,2.99,0,0,85.67,-4.66,65.09,-4.062,33.375,40.688,51.5,61.688,61.938,62.625,62.5,62.75,62.812;
1707094260,2.99,0,0,93.33,-4.67,63.96,-3.688,33.5,40.75,51.25,61.688,61.938,62.563,62.5,62.812,62.812;
1707096060,2.99,0,0,87.33,-5.4,54.14,-4.75,35.125,40.125,51.56,61.688,61.875,62.563,62.5,62.812,62.812;
1707097860,2.99,0,0,89.33,-7.12,51.06,-6.75,35.438,40.312,51.81,61.688,61.875,62.563,62.5,62.75,62.812;
1707099660,2.99,0,0,87.33,-7.31,50.39,-7.062,36.5,41.813,52.13,61.625,61.875,62.563,62.563,62.75,62.812;
1707101460,2.99,0,0,87.67,-6.73,48.45,-6.687,37.5,42.938,52.56,61.625,61.875,62.563,62.563,62.75,62.812;
1707103260,2.99,0,0,85.67,-6.15,47.17,-6.375,38.063,44,52.81,61.625,61.813,62.563,62.5,62.75,62.812;
1707105060,2.99,0,0,87.33,-5.8,46.17,-6.187,38.375,44.625,52.94,61.625,61.813,62.563,62.563,62.75,62.812;
1707106860,2.99,0,0,87,-5.75,45.58,-6.75,37.313,44.75,52.81,61.625,61.813,62.563,62.563,62.75,62.812;
1707108660,2.99,0,0,90.67,-5.59,45.58,-6.687,37.5,45.125,52.88,61.625,61.813,62.563,62.563,62.75,62.812;
1707110460,2.99,0,0,83.33,-5.21,44.8,-5.937,38.563,44.375,53.13,61.688,61.938,62.563,62.563,62.75,62.812;
1707112260,2.99,0,0,85,-5.62,45.11,-5.875,38.375,44.313,53.13,61.688,61.875,62.563,62.563,62.75,62.812;
1707114060,2.99,0,0,87,-5.65,45.11,-6.187,37.875,44.625,53.13,61.688,61.875,62.563,62.563,62.75,62.812;
1707115860,2.99,0,0,90,-5.71,45.19,-6.5,38,44.75,53,61.688,61.875,62.563,62.5,62.75,62.812;
1707117660,2.99,0,0,91.33,-6.48,44.95,-7.375,35.125,44.563,52.38,61.625,61.875,62.563,62.563,62.75,62.812;
1707119460,2.99,0,0,90.67,-6.08,47.53,-7.062,35.438,45.438,52.56,61.625,61.875,62.563,62.563,62.75,62.812;
1707121260,2.99,0,0,85.67,-6.33,49,-7.187,34.625,45.5,52.31,61.625,61.875,62.563,62.563,62.75,62.812;
1707123060,2.99,0,0,84.67,-6.77,51.2,-7.187,32.5,45.563,52.5,61.625,61.875,62.563,62.563,62.75,62.812;
1707124860,2.99,0,0,88.67,-6.07,51.62,-6.5,32.625,45.688,52.69,61.625,61.875,62.563,62.563,62.75,62.812;
1707126660,2.99,0,0,87,-4.66,52.02,-5.625,34.313,46.813,52.94,61.625,61.875,62.563,62.563,62.75,62.812;
1707128460,2.99,0,0,80.33,-3.51,51.5,-4.75,40.188,49.563,53.5,61.625,61.813,62.563,62.5,62.75,62.812;
1707130260,2.99,0,0,82.33,-0.24,46.63,-2.813,38.75,50.438,53.69,61.625,61.813,62.563,62.5,62.75,62.812;
1707132060,2.99,0,0,84,1.8,46.19,-1.125,43.188,51.875,54.75,61.625,61.875,62.563,62.5,62.75,62.812;
1707133860,2.99,0,0,83.33,3.77,44.12,0.437,43,52.375,55.19,61.625,61.875,62.563,62.5,62.75,62.812;
1707135660,2.99,0,0,83,4.54,45.56,4,43.563,51.562,55.19,61.625,61.875,62.563,62.5,62.75,62.812;
1707137460,2.99,0,0,83,6.73,46.3,6.5,45.125,53.25,56,61.625,61.875,62.563,62.5,62.75,62.812;
1707139260,2.99,0,0,87,8.9,46.84,8.5,45.625,53.25,56.31,61.625,61.875,62.563,62.5,62.75,62.812;
1707141060,2.99,0,0,81.33,10.43,52.07,9.688,40.5,50.937,55.06,61.625,61.813,62.563,62.5,62.75,62.812;
1707142860,2.99,0,0,84.67,6.75,49.73,6.25,42.938,52,55.88,61.688,61.938,62.563,62.563,62.75,62.750;
1707144660,2.99,0,0,84.67,6.55,51.97,5.062,43.625,52.875,56.25,61.688,61.875,62.563,62.563,62.75,62.812;
1707146460,2.99,0,0,86,8.67,47.09,5.812,42.563,52.25,55.88,61.688,61.875,62.563,62.563,62.75,62.812;
1707148260,2.99,0,0,85.33,7.73,44.91,4.875,41.75,49.875,55.25,61.813,62,62.625,62.5,62.75,62.812;
1707150060,2.99,0,0,81,4.94,47.62,1.937,38.375,49.875,55,61.813,62,62.625,62.5,62.75,62.812;
1707151860,2.99,0,0,83.33,4.32,50.67,0.937,38.188,50.063,54.88,61.813,61.938,62.563,62.5,62.75,62.812;
1707153660,2.99,0,0,86.67,4.58,51.55,1.125,38.875,49.375,55,61.813,62,62.563,62.5,62.75,62.812;
1707155460,2.99,0,0,81,5.77,51.09,2.688,40.75,48.75,54.63,61.75,61.938,62.563,62.563,62.75,62.812;
1707157260,2.99,0,0,83.33,4.73,49.02,2,39.875,47.75,54.44,61.813,62,62.563,62.5,62.75,62.812;
1707159060,2.99,0,0,82.67,4.96,60.51,1.437,38,47.875,54.31,61.625,61.813,62.563,62.563,62.75,62.812;
1707160860,2.99,0,0,84.33,6.61,70,2.063,30.562,45.312,52.56,61.562,61.813,62.563,62.563,62.75,62.812;
1707162660,2.99,0,0,86.33,1.24,79.39,2.313,28.125,44.75,52.44,61.562,61.813,62.563,62.563,62.75,62.812;
1707164460,2.99,0,0,85.33,-1.82,94.12,0.875,35.438,46,52.63,61.625,61.813,62.563,62.563,62.75,62.812;
1707166260,2.99,0,0,82.67,-0.45,84.27,0.937,34.188,45.188,52.38,61.625,61.813,62.563,62.563,62.75,62.812;
1707168060,2.99,0,0,84,1.59,77.74,1.937,34.938,45.5,52.75,61.625,61.813,62.563,62.5,62.75,62.812;
1707169860,2.99,0,0,82,1.19,75.59,0.375,33.125,45.688,52.94,61.625,61.813,62.563,62.5,62.75,62.812;
1707171660,2.99,0,0,81.33,-0.33,84.62,0.5,35.563,46.188,52.88,61.625,61.813,62.563,62.563,62.75,62.812;
1707173460,2.99,0,0,85.33,1.1,76.04,0.187,37.125,45.625,53.13,61.625,61.813,62.563,62.563,62.75,62.812;
1707175260,2.99,0,0,79.33,-0.39,69.99,0.625,36.438,45.625,52.5,61.625,61.813,62.563,62.563,62.75,62.812;
1707177060,2.99,0,0,85.33,-0.64,60.77,-1.812,34.563,45.688,53.13,61.625,61.875,62.563,62.5,62.75,62.812;
1707178860,2.99,0,0,81.33,0.48,67.41,-0.625,33.5,44.25,53.06,61.625,61.813,62.563,62.5,62.75,62.812;
1707180660,2.99,0,0,84,-0.57,73.46,-0.062,34.063,45.063,52.5,61.562,61.813,62.563,62.5,62.75,62.812;
1707182460,2.99,0,0,85.33,0.97,64.41,0.062,37.375,46.375,53.13,61.625,61.813,62.563,62.5,62.75,62.812;
1707184260,2.99,0,0,85.67,0.61,58.33,0.562,39.938,46.438,52.63,61.625,61.875,62.563,62.5,62.75,62.812;
1707186060,2.99,0,0,86.33,1.76,54.52,0.625,41,46.938,53.13,61.625,61.813,62.563,62.5,62.75,62.812;
1707187860,2.99,0,0,83.67,0.33,55.89,0.625,39.063,46.313,52.56,61.625,61.813,62.563,62.5,62.75,62.812;
1707189660,2.99,0,0,85.67,1.51,58.85,-0.562,34,44.313,52.38,61.625,61.813,62.563,62.563,62.75,62.812;
1707191460,2.99,0,0,85.67,1.03,57.99,0.062,40.875,47.438,53.5,61.625,61.875,62.563,62.5,62.75,62.812;
1707193260,2.99,0,0,82,1.65,55.48,-0.312,40.563,47.5,53.5,61.625,61.875,62.563,62.5,62.75,62.812;
1707195060,2.99,0,0,81.67,1.73,52.88,-0.562,41.25,48,53.69,61.625,61.875,62.563,62.5,62.75,62.812;
1707196860,2.99,0,0,84.67,-0.88,47.09,-2.313,37.438,45.688,53.13,61.688,61.938,62.563,62.5,62.75,62.812;
1707198660,2.99,0,0,87,-1.98,50.47,-3.125,39.125,46.75,53.19,61.625,61.875,62.563,62.5,62.75,62.812;
1707200460,2.99,0,0,83,-0.35,50.3,-1.562,40.625,46.688,53.44,61.625,61.875,62.563,62.563,62.75,62.812;
1707202260,2.99,0,0,83.67,0.03,50.22,-1.187,40.563,46.188,53.13,61.688,61.875,62.563,62.5,62.75,62.750;
1707204060,2.99,0,0,83.33,1.66,51.89,-0.25,41.688,47.75,53.69,61.625,61.875,62.563,62.5,62.75,62.812;
1707205860,2.99,0,0,85,2.66,50.4,0.937,41.313,47.125,53.31,61.625,61.875,62.563,62.5,62.75,62.750;
1707207660,2.99,0,0,83,2.59,49.63,1.062,41.688,47.625,53.75,61.688,61.875,62.563,62.5,62.75,62.812;
1707209460,2.99,0,0,82.67,2.92,48.95,1.187,41.688,47.563,53.31,61.625,61.875,62.563,62.5,62.75,62.812;
1707211260,2.99,0,0,85.33,1.87,47.64,-0.062,41.5,46.875,53.31,61.625,61.875,62.563,62.5,62.75,62.812;
1707213060,2.99,0,0,82,2.28,48.68,0.75,42.25,47.812,53.38,61.625,61.875,62.563,62.5,62.75,62.812;
1707214860,2.99,0,0,83.33,3.56,51.37,1.562,42.75,50.625,53.81,61.625,61.875,62.563,62.5,62.75,62.812;
1707216660,2.99,0,0,79.33,4.55,51.39,3.375,41.25,48.938,53.19,61.625,61.875,62.563,62.5,62.75,62.812;
1707218460,2.99,0,0,77.67,6,50.47,4.375,38.438,47.938,53.44,61.625,61.875,62.563,62.5,62.75,62.812;
1707220260,2.99,0,0,84.67,3.68,50.32,3.5,29.813,45.813,52.56,61.625,61.875,62.563,62.5,62.75,62.812;
1707222060,2.99,0,0,84.33,0.94,61.54,2.938,41.063,50.188,53.63,61.625,61.875,62.563,62.5,62.75,62.812;
1707223860,2.99,0,0,83.67,1.16,62.98,2.625,39.5,48.063,52.75,61.625,61.875,62.563,62.5,62.75,62.812;
1707225660,2.99,0,0,85.33,1.35,65.19,2.625,35.813,47.812,53.06,61.625,61.875,62.563,62.5,62.75,62.750;
1707227460,2.99,0,0,84,0.04,62.63,3.188,26.75,46.562,52.81,61.625,61.875,62.563,62.563,62.75,62.750;
1707229260,2.99,0,0,82.67,1.58,65.53,4.5,33.375,48.188,53.69,61.625,61.875,62.563,62.5,62.75,62.750;
1707231060,2.99,0,0,83,-0.1,70.08,3,24.25,46.313,52.94,61.625,61.875,62.563,62.5,62.75,62.750;
1707232860,2.99,0,0,82,-0.87,75.03,1.562,19.062,44.813,52.44,61.562,61.813,62.563,62.563,62.75,62.812;
1707234660,2.99,0,0,81.67,-2.27,76.48,-0.437,7.312,40.688,51,61.562,61.813,62.563,62.5,62.75,62.812;
1707236460,2.99,0,0,83,-3.54,80.77,-1.25,5.25,38.375,50.13,61.5,61.813,62.563,62.5,62.75,62.812;
1707238260,2.99,0,0,88,-4.61,90.59,-1.875,7.125,39.313,50.56,61.5,61.813,62.563,62.5,62.75,62.812;
1707240060,2.99,0,0,84.67,-4.34,91.8,-3.188,6,39.563,50.38,61.5,61.75,62.563,62.5,62.75,62.750;
1707241860,2.99,0,0,90.33,-4.45,95.37,-3,3.125,36.063,48.5,61.375,61.75,62.5,62.5,62.75,62.812;
1707243660,2.99,0,0,88.67,-5.16,98.75,-4.062,1.875,32.813,46.38,61.25,61.625,62.5,62.438,62.75,62.812;
1707245460,2.99,0,0,88.67,-3.71,100,-3.938,4.25,34.5,47.63,61.313,61.625,62.5,62.5,62.75,62.750;
1707247260,2.99,0,0,90.33,-3.98,100,-4.312,2.813,31.562,45.94,61.313,61.625,62.5,62.438,62.75,62.812;
1707249060,2.99,0,0,93.67,-4.76,100,-5.187,0.5,28,43.19,61.125,61.562,62.438,62.438,62.75,62.750;
1707250860,2.99,0,0,89.67,-4.71,100,-5.562,4.812,33,46.94,61.375,61.688,62.5,62.5,62.75,62.812;
1707252660,2.99,0,0,88,-5.48,100,-6.187,9.188,35.188,48.25,61.438,61.75,62.5,62.5,62.75,62.812;
1707254460,2.99,0,0,89.33,-5.27,97.84,-6.125,11.188,36.813,49.06,61.438,61.75,62.5,62.5,62.75,62.812;
1707256260,2.99,0,0,86.67,-3.5,89.56,-4.812,20.875,40.312,50.69,61.5,61.813,62.563,62.5,62.75,62.812;
1707258060,2.99,0,0,87.33,-2.03,85.74,-3.375,29.125,43.25,51.5,61.562,61.813,62.563,62.5,62.75,62.812;
1707259860,2.99,0,0,80,2.27,68.82,-0.937,39.375,46,52.5,61.438,61.813,62.563,62.5,62.75,62.812;
1707261660,2.99,0,0,83.33,4.53,68.31,0.125,37.688,45.125,52.56,61.5,61.813,62.563,62.5,62.75,62.812;
1707263460,2.99,0,0,79,4.17,61.55,0.312,35.375,46.25,52.94,61.562,61.875,62.563,62.563,62.75,62.812;
1707265260,2.99,0,0,82.33,2.68,63.81,0.75,35.938,43.875,52.13,61.562,61.813,62.563,62.563,62.75,62.750;
1707267060,2.99,0,0,81.67,2.42,65.29,1.562,34.75,43.563,52.19,61.5,61.813,62.563,62.563,62.75,62.812;
1707268860,2.99,0,0,84.67,-1.06,51.06,-2.063,40.063,46.375,53.13,61.562,61.813,62.563,62.563,62.75,62.812;
1707270660,2.99,0,0,84,-2.78,49.69,-3.75,36.875,44.813,52.81,61.562,61.813,62.563,62.563,62.75,62.812;
1707272460,2.99,0,0,85,-3.79,45.98,-5.562,39.875,46.25,53.13,61.625,61.875,62.563,62.5,62.75,62.812;
1707274260,2.99,0,0,88.67,-3.98,44.42,-6,39.125,45.937,53,61.562,61.813,62.563,62.563,62.75,62.812;
1707276060,2.99,0,0,88,-4.72,45.56,-6.125,36.563,43.625,52.94,61.562,61.875,62.563,62.563,62.75,62.812;
1707277860,2.99,0,0,81.33,-4.07,43.46,-6.562,38.5,45.375,52.75,61.625,61.875,62.563,62.563,62.75,62.812;
1707279660,2.99,0,0,86.67,-4.53,43.04,-6.937,37.625,45.312,52.75,61.625,61.875,62.563,62.5,62.75,62.812;
1707281460,2.99,0,0,86,-4.97,44.81,-7.437,34.563,43.75,52.56,61.625,61.875,62.563,62.5,62.75,62.812;
1707283260,2.99,0,0,88,-5.76,47.82,-7.562,29.562,41.063,51.88,61.625,61.875,62.563,62.5,62.75,62.812;
1707285060,2.99,0,0,90,-6.49,46.78,-8.313,31.812,42.125,51.81,61.625,61.875,62.563,62.5,62.75,62.812;
1707286860,2.99,0,0,87.33,-6.6,47.82,-8.375,30.125,41.188,51.5,61.625,61.813,62.563,62.5,62.75,62.812;
1707288660,2.99,0,0,90,-7.46,50.03,-8.125,34.75,43.437,51.94,61.625,61.875,62.563,62.5,62.75,62.812;
1707290460,2.99,0,0,89.67,-8,51.62,-7.125,32.313,42.25,51.44,61.562,61.875,62.563,62.5,62.75,62.812;
1707292260,2.99,0,0,88,-7.19,52.88,-7.562,34.125,44.125,52.25,61.625,61.875,62.563,62.563,62.75,62.812;
1707294060,2.99,0,0,88.33,-5.55,53.78,-6.625,35.625,43.563,52,61.562,61.875,62.563,62.563,62.75,62.812;
1707295860,2.99,0,0,87.67,-3.54,51.54,-5.812,35.438,44.563,52.5,61.625,61.875,62.563,62.563,62.75,62.812;
1707297660,2.99,0,0,82,-3.61,59.56,-3.813,37.938,44.75,52.44,61.625,61.813,62.563,62.563,62.75,62.812;
1707299460,2.99,0,0,82.33,-2.21,54.1,-3.375,37.313,44.438,52.5,61.562,61.875,62.563,62.563,62.75,62.812;
1707301260,2.99,0,0,82,-2.22,52.07,-3.313,39.188,48.063,52.88,61.625,61.875,62.563,62.5,62.75,62.812;
1707303060,2.99,0,0,83,-3.93,53.06,-3.125,39.313,48.063,52.69,61.625,61.875,62.563,62.5,62.75,62.812;
1707304860,2.99,0,0,84,-2.17,50.7,-2.625,38.188,48.063,52.63,61.562,61.875,62.563,62.5,62.75,62.812;
1707306660,2.99,0,0,83.67,-1.44,51.89,-1.375,39,49.125,53.13,61.625,61.875,62.563,62.563,62.75,62.750;
1707308460,2.99,0,0,83.67,-3.36,57.42,-0.937,27.75,46.25,52.19,61.562,61.813,62.563,62.563,62.75,62.812;
1707310260,2.99,0,0,87.67,-4.72,60.68,-0.937,23.687,46,52.31,61.562,61.813,62.563,62.563,62.75,62.750;
1707312060,2.99,0,0,79.67,0.09,56.75,0.75,40.813,51.125,54.56,61.625,61.813,62.563,62.5,62.75,62.812;
1707313860,2.99,0,0,85.67,1.16,49.09,1.625,29.562,46.625,52.94,61.625,61.875,62.563,62.563,62.75,62.812;
1707315660,2.99,0,0,84,-0.03,54.69,1.625,37.375,49.125,53.81,61.625,61.875,62.563,62.5,62.75,62.750;
1707317460,2.99,0,0,85,0.27,51.71,1.5,22.562,45.5,52.75,61.625,61.813,62.563,62.563,62.75,62.812;
1707319260,2.99,0,0,83.67,-2.87,59.18,-0.75,28.812,46.188,52.81,61.625,61.813,62.563,62.563,62.75,62.812;
1707321060,2.99,0,0,85,-1.94,56.64,-1.125,21.437,44.313,52.38,61.562,61.813,62.563,62.563,62.75,62.812;
1707322860,2.99,0,0,81.33,-1.73,57.07,-1.562,19.187,43.125,51.94,61.625,61.875,62.563,62.5,62.75,62.812;
1707324660,2.99,0,0,83.67,-3.41,64.31,-2.063,6.75,39.063,50.5,61.562,61.813,62.563,62.5,62.75,62.750;
1707326460,2.99,0,0,87.67,-3.86,83.78,-3.313,18.75,42.938,51.63,61.562,61.813,62.563,62.5,62.75,62.812;
1707328260,2.99,0,0,82,-2.11,84.31,-2.563,17.562,42.563,51.69,61.562,61.813,62.563,62.5,62.75,62.812;
1707330060,2.99,0,0,85,-1.18,75.37,-2,13.125,40.688,51.25,61.625,61.875,62.563,62.5,62.75,62.750;
1707331860,2.99,0,0,78.67,-1.64,84.81,-2,29.687,44.125,52.38,61.625,61.875,62.563,62.563,62.75,62.812;
1707333660,2.99,0,0,79.67,-0.36,61.57,-1.5,20.062,41.688,51.5,61.625,61.875,62.563,62.5,62.75,62.812;
1707335460,2.99,0,0,80.67,-0.63,56.57,-1.687,17.312,41,51.44,61.625,61.875,62.563,62.5,62.75,62.812;
1707337260,2.99,0,0,82.67,-2.26,58.69,-2.375,30,43.563,51.94,61.625,61.875,62.563,62.5,62.75,62.812;
1707339060,2.99,0,0,87.67,2.54,53.04,-0.687,36.563,46.125,53,61.625,61.875,62.563,62.563,62.75,62.812;
1707340860,2.99,0,0,85.67,2.26,47.96,-0.875,30.062,42.812,51.5,61.625,61.875,62.563,62.5,62.75,62.812;
1707342660,2.99,0,0,81.33,2.6,48.3,-0.187,29.437,43.938,52.5,61.625,61.875,62.563,62.563,62.75,62.812;
1707344460,2.99,0,0,82.33,2.93,47.14,-0.125,41.438,46.562,53.75,61.688,61.875,62.563,62.563,62.75,62.812;
1707346260,2.99,0,0,84.33,0.56,48.02,-0.562,38.063,44.062,52.38,61.625,61.875,62.563,62.563,62.75,62.812;
1707348060,2.99,0,0,88.67,0.53,46.68,-0.625,39.563,45.188,52.94,61.688,61.875,62.563,62.563,62.75,62.812;
1707349860,2.99,0,0,81.67,-2.76,49.69,-1.312,33.25,42.187,51.38,61.625,61.938,62.563,62.5,62.75,62.812;
1707351660,2.99,0,0,80.67,-3.02,49.41,-2.063,37.438,43.563,52.38,61.688,61.875,62.563,62.5,62.75,62.812;
1707353460,2.99,0,0,83,-5.21,49.56,-3.125,36.875,42.938,51.75,61.625,61.875,62.563,62.5,62.75,62.812;
1707355260,2.99,0,0,86.67,-6.36,40.54,-6.375,38.813,44.563,52.63,61.625,61.875,62.563,62.563,62.75,62.812;
1707357060,2.99,0,0,88.33,-7.32,38.59,-8.063,38.625,44.438,52.63,61.625,61.875,62.563,62.563,62.75,62.812;
1707358860,2.99,0,0,90.67,-7.1,37.37,-8.188,38.625,44.563,52.56,61.625,61.875,62.563,62.563,62.75,62.750;
1707360660,2.99,0,0,91.33,-7.24,36.93,-8.625,38.563,45.125,52.63,61.625,61.875,62.563,62.5,62.75,62.812;
1707362460,2.99,0,0,89.67,-7.4,37.09,-8.5,37.75,44.5,52.38,61.625,61.875,62.563,62.563,62.75,62.812;
1707364260,2.99,0,0,88,-7.05,37.68,-8.438,38.313,44.563,52.56,61.625,61.875,62.563,62.563,62.75,62.812;
1707366060,2.99,0,0,91.33,-6.38,37.88,-8.125,37.875,44.375,52.25,61.625,61.875,62.563,62.563,62.75,62.812;
1707367860,2.99,0,0,89.33,-6.83,37.43,-8,38.563,45.063,52.63,61.625,61.875,62.563,62.563,62.75,62.812;
1707369660,2.99,0,0,86.33,-6.11,37.13,-8.125,38.938,45.188,52.69,61.625,61.875,62.563,62.5,62.75,62.812;
1707371460,2.99,0,0,86,-5.47,35.87,-7.687,39.25,45.5,52.88,61.625,61.875,62.563,62.563,62.75,62.750;
1707373260,2.99,0,0,88,-6.43,36.61,-7.5,33.375,42.438,51.5,61.625,61.875,62.563,62.5,62.75,62.812;
1707375060,2.99,0,0,93.33,-7.15,38.73,-7.875,37.75,44.5,52.31,61.625,61.875,62.563,62.5,62.75,62.812;
1707376860,2.99,0,0,88.67,-5.91,36.84,-7.875,38.875,45,52.69,61.625,61.875,62.563,62.563,62.75,62.812;
1707378660,2.99,0,0,89.33,-6.08,36.24,-8,38.313,44.687,52.5,61.625,61.875,62.563,62.5,62.75,62.812;
1707380460,2.99,0,0,88.33,-4.61,39.32,-7.062,38.875,44.813,52.63,61.625,61.875,62.563,62.563,62.75,62.812;
1707382260,2.99,0,0,85.33,-4.74,37.73,-6.875,38.75,45.125,52.75,61.625,61.875,62.563,62.563,62.75,62.812;
1707384060,2.99,0,0,80.33,-3.83,41.06,-5.875,37.75,44.563,52.44,61.625,61.875,62.563,62.5,62.75,62.812;
1707385860,2.99,0,0,78.33,-2.82,41.29,-5.062,39.75,45.438,52.69,61.625,61.875,62.563,62.563,62.75,62.812;
1707387660,2.99,0,0,83.33,-2.21,39.86,-4.25,39.125,46.875,52.38,61.625,61.875,62.563,62.563,62.75,62.812;
1707389460,2.99,0,0,82,-1.43,38.34,-3.75,41.375,49.25,53.44,61.688,61.938,62.563,62.5,62.75,62.812;
1707391260,2.99,0,0,84.33,-0.91,38.38,-2.938,41.625,49.875,53.56,61.625,61.875,62.563,62.5,62.75,62.812;
1707393060,2.99,0,0,83,-0.39,38.97,-1.687,41,50.188,54.06,61.625,61.875,62.563,62.5,62.75,62.812;
1707394860,2.99,0,0,84.33,0.34,41.65,-0.375,38.875,48.813,53.13,61.625,61.875,62.563,62.563,62.75,62.812;
1707396660,2.99,0,0,81.33,-2.03,48.6,-0.312,35.688,48.313,53.06,61.625,61.875,62.563,62.563,62.75,62.812;
1707398460,2.99,0,0,82.33,-4.66,51.47,-1.062,32.063,46.125,52.06,61.625,61.875,62.563,62.563,62.75,62.812;
1707400260,2.99,0,0,88,-7.76,55.09,-2.625,24.125,44.875,51.81,61.625,61.875,62.563,62.563,62.75,62.812;
1707402060,2.99,0,0,84.33,-2.15,48.53,-1.062,33.625,47.563,53.13,61.625,61.875,62.563,62.563,62.75,62.812;
1707403860,2.99,0,0,84,-1.43,46.49,-0.75,29.312,45.813,52.75,61.562,61.813,62.563,62.5,62.75,62.812;
1707405660,2.99,0,0,87,-3.61,49.64,-2.125,21.625,44.125,52.19,61.625,61.875,62.563,62.563,62.75,62.812;
1707407460,2.99,0,0,84.67,-3.14,52.83,-2.5,21.75,44.062,52.13,61.562,61.813,62.563,62.563,62.75,62.812;
1707409260,2.99,0,0,82.67,-0.5,50,-1.5,31.5,45.625,52.81,61.625,61.875,62.563,62.563,62.75,62.812;
1707411060,2.99,0,0,81,1.28,49.55,-0.562,28,44.938,52.69,61.562,61.875,62.563,62.563,62.75,62.812;
1707412860,2.99,0,0,81.33,0,53.72,-1.125,12.938,41.813,51.56,61.562,61.875,62.563,62.5,62.75,62.812;
1707414660,2.99,0,0,82.67,-2.83,61.42,-2.75,10.313,40.188,50.63,61.562,61.875,62.563,62.5,62.75,62.812;
1707416460,2.99,0,0,86,-2.27,72.21,-2.25,31.688,45.188,52.56,61.625,61.875,62.563,62.563,62.75,62.812;
1707418260,2.99,0,0,82.33,2.16,65.23,-0.437,27.5,44.313,52.56,61.625,61.875,62.563,62.5,62.75,62.812;
1707420060,2.99,0,0,83.67,0.3,53.77,-0.937,31.375,44.438,52.13,61.625,61.875,62.563,62.563,62.75,62.812;
1707421860,2.99,0,0,83.33,0.68,49.44,-1.125,22.5,42.125,51.44,61.625,61.875,62.563,62.5,62.75,62.812;
1707423660,2.99,0,0,81.33,0.23,50.5,-1,36.625,45.813,52.63,61.625,61.875,62.563,62.563,62.75,62.812;
1707425460,2.99,0,0,81.33,2.72,47.51,-0.25,40.188,46.938,53.63,61.688,61.938,62.563,62.563,62.75,62.812;
1707427260,2.99,0,0,85.33,2.8,47.7,0.375,39.313,46.938,53.13,61.625,61.875,62.563,62.5,62.75,62.812;
1707429060,2.99,0,0,84,3.16,45.78,0.812,39.438,45.75,53.25,61.688,61.938,62.563,62.563,62.75,62.812;
1707430860,2.99,0,0,83.67,2.07,47.65,0.375,33.125,43.5,51.69,61.625,61.875,62.563,62.5,62.75,62.812;
1707432660,2.99,0,0,82.33,1.03,52.31,0.187,39.688,46.375,52.94,61.625,61.875,62.563,62.563,62.75,62.812;
1707434460,2.99,0,0,85,1.5,43.9,0.125,39.375,45.312,52.81,61.625,61.875,62.563,62.563,62.75,62.812;
1707436260,2.99,0,0,83.67,-0.31,45.7,-0.687,38.938,44.625,52.44,61.625,61.875,62.563,62.563,62.75,62.812;
1707438060,2.99,0,0,81.67,0.41,44.21,-0.312,39.875,46.25,53.13,61.625,61.875,62.563,62.563,62.75,62.812;
1707439860,2.99,0,0,82.67,-1.16,42.98,-1.125,39.25,44.563,52.69,61.688,61.938,62.563,62.563,62.75,62.812;
1707441660,2.99,0,0,84.67,-5.12,37.39,-4.75,37.688,44.75,52.38,61.625,61.875,62.563,62.563,62.75,62.812;
1707443460,2.99,0,0,88,-6.93,38.52,-7.125,38.375,44.625,52.38,61.625,61.875,62.563,62.563,62.75,62.812;
1707445260,2.99,0,0,86,-6.87,38.65,-8.875,37.563,45.25,52.63,61.688,61.875,62.563,62.563,62.75,62.812;
1707447060,2.99,0,0,86.67,-6.26,38.68,-7.937,37.313,43.813,52.38,61.625,61.875,62.563,62.5,62.75,62.812;
1707448860,2.99,0,0,92.33,-7.32,40.67,-9.375,29.75,40.75,51.69,61.562,61.875,62.563,62.5,62.75,62.812;
1707450660,2.99,0,0,89.33,-8.26,41.17,-10,35.75,43.813,52.13,61.625,61.875,62.563,62.5,62.75,62.812;
1707452460,2.99,0,0,88,-8.24,39.9,-10.313,31.625,42.187,51.44,61.625,61.875,62.563,62.5,62.75,62.812;
1707454260,2.99,0,0,87.33,-10.48,41.38,-11.875,21.5,36.688,50.13,61.562,61.813,62.563,62.5,62.75,62.812;
1707456060,2.99,0,0,90,-10.65,43.25,-11.563,29.625,40.25,51.44,61.562,61.813,62.563,62.5,62.75,62.812;
1707457860,2.99,0,0,89,-10.35,45.26,-11.375,29.437,40,50.88,61.625,61.813,62.563,62.563,62.75,62.812;
1707459660,2.99,0,0,92.33,-9.12,44.96,-10.25,34,42.187,51.75,61.625,61.875,62.563,62.5,62.75,62.812;
1707461460,2.99,0,0,88.33,-8.41,50.29,-8.25,32.063,41.313,51.31,61.562,61.813,62.563,62.5,62.75,62.812;
1707463260,2.99,0,0,87,-11,55.41,-8.375,19.187,37.063,49.94,61.5,61.813,62.563,62.5,62.75,62.812;
1707465060,2.99,0,0,88.33,-14.23,69.63,-9.875,17.875,35.938,49.25,61.5,61.813,62.563,62.5,62.75,62.812;
1707466860,2.99,0,0,91.67,-15.7,75.37,-11.312,5.625,32.188,47.81,61.375,61.75,62.563,62.563,62.75,62.812;
1707468660,2.99,0,0,92,255,255,-12.25,5.875,33,47.88,61.375,61.75,62.563,62.5,62.75,62.812;
1707470460,2.99,0,0,91.33,-16.47,86.16,-12.438,3.25,32.188,47.88,61.375,61.75,62.563,62.5,62.75,62.812;
1707472260,2.99,0,0,92.33,255,255,-12.375,10.313,33.625,48.19,61.313,61.75,62.563,62.5,62.75,62.812;
1707474060,3,0,0,91.67,255,255,-10.625,22.562,38.875,49.94,61.375,61.75,62.563,62.5,62.75,62.812;
1707475860,2.99,0,0,95,-13.57,89.2,-9.438,10.625,36.563,49.25,61.438,61.75,62.563,62.5,62.75,62.812;
1707477660,2.99,0,0,89.33,-13.96,91.1,-9.938,1.312,34.938,48.56,61.313,61.75,62.563,62.5,62.75,62.812;
1707479460,2.99,0,0,92.33,-14.92,91.87,-11.188,-3.375,31.688,47,61.313,61.688,62.563,62.5,62.75,62.812;
1707481260,2.99,0,0,93,-14.48,100,-10.687,6.375,36.938,49,61.375,61.75,62.563,62.5,62.75,62.812;
1707483060,2.99,0,0,87,-11.6,100,-8.875,15.938,40.063,50.31,61.375,61.75,62.563,62.5,62.75,62.812;
1707484860,2.99,0,0,89.33,-9.77,97.71,-6.25,20.062,42.938,51.25,61.375,61.75,62.563,62.5,62.75,62.812;
1707486660,2.99,0,0,90.33,-8,84.38,-4.312,27.5,43.938,52,61.5,61.75,62.563,62.5,62.75,62.812;
1707488460,2.99,0,0,85.33,-5.55,85.53,-4.25,25.125,38.938,51.19,61.313,61.75,62.563,62.5,62.75,62.812;
1707490260,2.99,0,0,89,-4.53,86.82,-3.063,28.375,42.313,51.38,61.438,61.75,62.563,62.5,62.75,62.812;
1707492060,2.99,0,0,85,-3.46,85.38,-2.25,30.562,44.813,52.56,61.5,61.813,62.563,62.5,62.75,62.812;
1707493860,2.99,0,0,82.67,-3.08,74.06,-1.812,11.5,39.75,50.5,61.375,61.688,62.563,62.5,62.75,62.812;
1707495660,2.99,0,0,88.33,-6.23,82.27,-3.938,6.125,39.25,50.25,61.375,61.75,62.563,62.5,62.75,62.812;
1707497460,2.99,0,0,87.33,-6.85,88.21,-5.125,5.125,38,49.63,61.313,61.688,62.563,62.5,62.75,62.812;
1707499260,2.99,0,0,88.33,-6.96,90.61,-6,7.25,37.625,49.75,61.375,61.688,62.563,62.5,62.75,62.812;
1707501060,2.99,0,0,91.33,-6.22,95.35,-5.187,7.062,36.563,49.31,61.313,61.688,62.563,62.5,62.75,62.812;
1707502860,2.99,0,0,88.67,-9.06,97.81,-6.312,4.625,31.125,47.06,61.25,61.625,62.5,62.5,62.75,62.812;
1707504660,2.99,0,0,87,-11.65,100,-8.313,5.25,30.687,46.69,61.25,61.625,62.5,62.563,62.75,62.812;
1707506460,2.99,0,0,88,-10.61,100,-8.25,10.125,33,47.81,61.313,61.688,62.563,62.5,62.75,62.812;
1707508260,2.99,0,0,87.67,-11.27,100,-8.438,15.375,33.25,48.5,61.313,61.688,62.5,62.5,62.75,62.812;
1707510060,2.99,0,0,88.67,-10.99,100,-8.375,13.812,32.25,47.63,61.313,61.625,62.563,62.5,62.75,62.812;
1707511860,2.99,0,0,90,-10.86,93.06,-8.813,22.875,33.25,48.88,61.375,61.688,62.563,62.5,62.75,62.812;
1707513660,2.99,0,0,90.33,-9.77,89.14,-9.063,25.375,33.75,48.75,61.313,61.688,62.563,62.5,62.75,62.812;
1707515460,2.99,0,0,90,-9.45,82.29,-9.375,26.312,32.25,49.06,61.25,61.75,62.563,62.5,62.812,62.812;
1707517260,2.99,0,0,86,-10.37,82.19,-9.938,26.25,32.813,48.63,61.25,61.688,62.563,62.5,62.75,62.812;
1707519060,2.99,0,0,89.67,-10.13,78.3,-10.687,26.25,32.813,48.94,61.313,61.75,62.563,62.5,62.75,62.812;
1707520860,2.99,0,0,87.33,-10.26,76.42,-10.938,25,31.688,48.75,61.125,61.625,62.563,62.5,62.75,62.812;
1707522660,2.99,0,0,87.67,-10.54,75.57,-11.312,28.25,32.813,49,61.375,61.75,62.563,62.563,62.75,62.812;
1707524460,2.99,0,0,89.33,-9.37,74.29,-10.875,30.875,33.563,49.5,61.375,61.75,62.563,62.5,62.75,62.812;
1707526260,2.99,0,0,89,-10.81,71.91,-11.813,26.187,30.562,49.06,61.188,61.688,62.563,62.5,62.75,62.812;
1707528060,2.99,0,0,88.67,-11.94,70.71,-12.938,27.25,30.312,48.69,61.125,61.688,62.563,62.5,62.75,62.812;
1707529860,2.99,0,0,89.67,255,255,-13.625,29.375,30.875,49,61.25,61.75,62.563,62.5,62.75,62.812;
1707531660,2.99,0,0,91,255,255,-14.625,29.813,30.687,49.06,61.313,61.75,62.625,62.5,62.75,62.812;
1707533460,2.99,0,0,91,255,255,-15,27.5,29.75,48.94,61.25,61.75,62.563,62.563,62.75,62.812;
1707535260,2.99,0,0,89.67,-13.44,58.92,-15,29.188,30.875,48.88,61.313,61.75,62.563,62.5,62.75,62.812;
1707537060,2.99,0,0,90,-12.34,60.82,-14.063,29.312,31.5,49.06,61.313,61.75,62.563,62.5,62.75,62.812;
1707538860,2.99,0,0,89.33,-11.7,60.44,-13.187,29.375,32.125,48.38,61.375,61.75,62.563,62.5,62.812,62.812;
1707540660,2.99,0,0,91.67,-11.09,61,-12.688,28.812,30.812,48.94,61.375,61.75,62.563,62.5,62.75,62.812;
1707542460,2.99,0,0,90.33,-11.19,60.94,-12.688,29.062,31.187,48.69,61.375,61.75,62.563,62.5,62.75,62.812;
1707544260,2.99,0,0,90.67,-11.93,58.73,-13.125,26.625,29.687,48.38,61.125,61.625,62.563,62.5,62.75,62.812;
1707546060,2.99,0,0,92,255,255,-13.625,28.062,30.5,48.5,61.313,61.75,62.563,62.5,62.75,62.812;
1707547860,2.99,0,0,90.67,-11.2,59.77,-12.813,29.437,31.75,48.63,61.375,61.75,62.563,62.5,62.75,62.812;
1707549660,2.99,0,0,88.33,-10.65,62.4,-11.875,29.125,30.687,48.19,61,61.562,62.563,62.5,62.75,62.812;
1707551460,2.99,0,0,89.67,-9.76,64.99,-10.938,31.187,33.563,49.5,61.438,61.75,62.563,62.563,62.812,62.812;
1707553260,2.99,0,0,91,-8.57,63.01,-10.062,29.125,30.875,48.25,61.313,61.688,62.563,62.5,62.75,62.812;
1707555060,2.99,0,0,87.67,-8.45,65.65,-9.75,30.187,32.063,48.75,61.375,61.75,62.563,62.5,62.75,62.812;
1707556860,2.99,0,0,86.33,-8.28,61.23,-10.188,28.062,33.688,49.38,60.75,61.813,62.563,62.5,62.75,62.812;
1707558660,2.99,0,0,86.67,-8.61,60.25,-10.625,27.812,30.875,48.94,61.188,61.688,62.563,62.5,62.75,62.812;
1707560460,2.99,0,0,89.67,-8.63,63.79,-10.313,28.812,31.187,48.75,61.188,61.75,62.563,62.5,62.75,62.812;
1707562260,2.99,0,0,91,-8.42,64.45,-10.062,28.5,30.875,48.25,61.188,61.688,62.563,62.5,62.75,62.812;
1707564060,2.99,0,0,89.67,-7.07,70.83,-8.938,31.812,33.813,49.38,61.375,61.75,62.563,62.5,62.75,62.812;
1707565860,2.99,0,0,85.67,-5.61,70.51,-7.75,30.812,33.813,49.56,61.313,61.688,62.563,62.5,62.75,62.812;
1707567660,2.99,0,0,88.67,-5.73,66.41,-7.75,24.5,30,48.38,61,61.625,62.563,62.5,62.75,62.812;
1707569460,2.99,0,0,84.33,-5.92,69.06,-7.875,26.375,30.625,48.69,61.063,61.625,62.563,62.5,62.75,62.812;
1707571260,2.99,0,0,87.33,-6.57,75.01,-7.937,30.25,33.938,48.94,61.313,61.688,62.563,62.5,62.75,62.812;
1707573060,2.99,0,0,83.33,-3.78,77.01,-6.062,32.313,34.75,50.13,61.375,61.75,62.563,62.5,62.812,62.812;
1707574860,2.99,0,0,81,-2.9,73.56,-5.312,32.563,35.063,50.06,61.375,61.75,62.563,62.5,62.75,62.812;
1707576660,2.99,0,0,83,-2.91,68.7,-5.25,29.937,33.875,50,61.375,61.75,62.563,62.5,62.75,62.812;
1707578460,2.99,0,0,82,-3.36,64.75,-6,28.062,33.438,50,61.438,61.813,62.563,62.5,62.75,62.812;
1707580260,2.99,0,0,80,-2.95,66.25,-5.937,30.5,35.75,50.5,61.438,61.75,62.563,62.5,62.75,62.812;
1707582060,2.99,0,0,83.67,-1.78,63.66,-5.187,31.5,36.188,50.81,61.438,61.75,62.563,62.5,62.75,62.812;
1707583860,2.99,0,0,83.33,-2.73,59.59,-5.937,32.125,37.5,50.94,61.438,61.75,62.563,62.5,62.75,62.812;
1707585660,2.99,0,0,82,-2.92,57.64,-6.312,28.375,34.875,50.5,61.438,61.813,62.563,62.5,62.812,62.812;
1707587460,2.99,0,0,83.33,-0.74,52.41,-5.437,33.063,39.813,51.75,61.5,61.75,62.563,62.5,62.812,62.812;
1707589260,2.99,0,0,84,0.36,49.65,-4.5,30.25,35.938,50.44,61.438,61.813,62.563,62.5,62.75,62.812;
1707591060,2.99,0,0,83.33,1.2,45.73,-4.75,35.813,45.875,52.19,61.438,61.813,62.563,62.5,62.75,62.812;
1707592860,2.99,0,0,83,0.4,56.04,-2,22.75,41,51,61.375,61.75,62.563,62.5,62.75,62.812;
1707594660,2.99,0,0,83,-3.16,75.52,-2.063,36.25,45,52.19,61.438,61.813,62.563,62.5,62.75,62.812;
1707596460,2.99,0,0,83.67,-0.13,63.21,-1.187,36.938,45.375,52.44,61.5,61.813,62.563,62.5,62.75,62.812;
1707598260,2.99,0,0,85.67,3.49,53.28,0.312,34.688,45.75,53.13,61.5,61.813,62.563,62.5,62.75,62.812;
1707600060,2.99,0,0,85.67,2.02,52.26,0.187,41,47.063,53.69,61.562,61.813,62.563,62.5,62.75,62.812;
1707601860,2.99,0,0,87.67,3.05,52.61,0.5,38,45.25,52.88,61.5,61.813,62.563,62.563,62.75,62.812;
1707603660,2.99,0,0,85,0.66,60.3,-1.187,29.125,40.688,52.31,61.438,61.75,62.563,62.5,62.75,62.812;
1707605460,2.99,0,0,82.67,-0.62,54.79,-1.75,31.312,42,51.31,61.5,61.813,62.563,62.5,62.75,62.812;
1707607260,2.99,0,0,85.67,0.45,51.94,-3.063,25.5,39.438,51.69,61.438,61.75,62.563,62.5,62.75,62.812;
1707609060,2.99,0,0,84,-2.31,54.19,-4.625,26.187,40.063,51.31,61.438,61.75,62.563,62.5,62.75,62.812;
1707610860,2.99,0,0,83,-3.57,55.93,-4.875,24.188,37.813,51.19,61.375,61.75,62.563,62.5,62.75,62.812;
1707612660,2.99,0,0,91.33,-6.29,54.11,-7,23.937,38,50.94,61.375,61.75,62.563,62.5,62.75,62.812;
1707614460,2.99,0,0,89.33,-8.08,56.6,-8.25,24.937,38.125,50.94,61.438,61.75,62.563,62.5,62.75,62.812;
1707616260,2.99,0,0,87.33,-8.95,54.18,-9.188,22.75,37.375,50.44,61.375,61.75,62.563,62.5,62.75,62.812;
1707618060,2.99,0,0,89.33,-9.07,54.79,-9.438,20.875,37.063,50.75,61.375,61.75,62.563,62.5,62.812,62.812;
1707619860,2.99,0,0,87,-9.77,56.76,-9.875,24.062,38.125,50.63,61.438,61.75,62.563,62.5,62.75,62.812;
1707621660,2.99,0,0,88,-10.14,57.23,-9.938,19.937,36.563,50.25,61.375,61.688,62.563,62.5,62.75,62.812;
1707623460,2.99,0,0,89.33,-11.38,62.07,-10.125,19.312,36.188,50,61.375,61.688,62.563,62.5,62.75,62.812;
1707625260,2.99,0,0,88,-9.85,63.87,-8.813,32.625,42.313,51.31,61.438,61.75,62.563,62.5,62.75,62.812;
1707627060,2.99,0,0,88.67,-7.05,54.31,-7.875,30.75,41.562,51.5,61.438,61.75,62.563,62.5,62.75,62.812;
1707628860,2.99,0,0,86,-5.53,51.04,-7.187,32.75,42.563,51.5,61.438,61.75,62.563,62.5,62.75,62.812;
1707630660,2.99,0,0,84.33,-5.38,51.56,-6.687,24.687,38.063,50.88,61.438,61.75,62.563,62.5,62.75,62.812;
1707632460,2.99,0,0,86.67,-5.04,54.3,-6.062,31.75,41.5,51.5,61.438,61.75,62.563,62.5,62.75,62.812;
1707634260,2.99,0,0,83,-3.95,48.25,-5.875,32.563,42.75,52.13,61.438,61.75,62.563,62.5,62.75,62.812;
1707636060,2.99,0,0,86,-3.69,49.78,-5.5,31.688,42.187,51.75,61.438,61.75,62.563,62.5,62.75,62.812;
1707637860,2.99,0,0,83.67,-4.52,49.55,-6.312,27.062,38.875,51.44,61.438,61.75,62.563,62.5,62.75,62.812;
1707639660,2.99,0,0,82.33,-4.02,51.02,-5.75,29.937,41.562,51.75,61.438,61.75,62.563,62.5,62.75,62.750;
1707641460,2.99,0,0,82.33,-3.45,51.81,-5.312,27,39.563,51.56,61.438,61.75,62.563,62.5,62.75,62.812;
1707643260,2.99,0,0,83.33,-3.02,56.72,-4.812,26.625,39.813,51.5,61.438,61.75,62.563,62.5,62.75,62.812;
1707645060,2.98,0,0,81.33,-2.19,61.64,-3.625,28.5,41.063,51.81,61.438,61.75,62.5,62.5,62.75,62.812;
1707646860,2.99,0,0,85,-0.2,62.22,-2,31.25,42.875,52,61.438,61.75,62.563,62.5,62.75,62.812;
1707648660,2.99,0,0,83.67,1.74,61.68,-0.812,33.5,44.313,52.56,61.438,61.688,62.563,62.5,62.75,62.750;
1707650460,2.99,0,0,82.33,2.18,62.87,-0.375,29.188,41.938,51.94,61.375,61.75,62.563,62.5,62.75,62.812;
1707652260,2.99,0,0,84.67,2.73,63.38,0.625,30.5,42.875,52.31,61.438,61.75,62.5,62.5,62.75,62.812;
1707654060,2.99,0,0,83.33,3.17,63.33,1.375,29.25,42.75,52.38,61.438,61.75,62.563,62.5,62.75,62.812;
1707655860,2.99,0,0,82.67,3.38,61.39,1.312,30.375,44.062,52.88,61.438,61.75,62.563,62.5,62.75,62.812;
1707657660,2.99,0,0,82.33,3.39,63.46,1.187,27.625,41.5,52.38,61.438,61.75,62.5,62.5,62.75,62.812;
1707659460,2.99,0,0,83,3.75,62.86,1.187,29.625,42.5,52.81,61.438,61.75,62.563,62.5,62.75,62.812;
1707661260,2.99,0,0,83.67,3.74,70.76,1.375,30.75,43.813,52.81,61.438,61.75,62.563,62.5,62.75,62.812;
1707663060,2.99,0,0,81,5.73,66.41,3.25,33.5,45.5,53.19,61.438,61.75,62.563,62.5,62.75,62.812;
1707664860,2.99,0,0,83.33,5.29,70.15,2.938,29.375,43.125,52.88,61.438,61.75,62.5,62.5,62.75,62.812;
1707666660,2.99,0,0,86.33,6.69,66.06,3.688,28.687,43.437,53.06,61.438,61.75,62.5,62.5,62.75,62.812;
1707668460,2.99,0,0,87,7.45,66.36,4.062,33.063,44.938,53.63,61.438,61.75,62.563,62.5,62.75,62.812;
1707670260,2.99,0,0,88.67,6.7,60.64,3.125,32.313,44.563,53.38,61.438,61.75,62.563,62.5,62.75,62.812;
1707672060,2.99,0,0,87.33,6.24,61.26,2.813,31.125,43.75,53,61.438,61.75,62.5,62.5,62.75,62.750;
1707673860,2.99,0,0,83.67,4.91,59.2,1.687,27.687,42.688,52.81,61.438,61.75,62.563,62.5,62.75,62.812;
1707675660,2.99,0,0,85.33,5.37,62.35,2,34.25,44.875,53.13,61.438,61.75,62.563,62.438,62.75,62.812;
1707677460,2.99,0,0,85.67,6.55,54.91,2.188,30.25,44.5,53.13,61.5,61.75,62.563,62.5,62.75,62.812;
1707679260,2.99,0,0,84,5.41,51.86,0.562,27.25,43.25,52.94,61.5,61.813,62.563,62.5,62.75,62.812;
1707681060,2.99,0,0,81.33,4.5,54.54,0.25,29.375,43.938,52.94,61.5,61.75,62.5,62.5,62.75,62.812;
1707682860,2.99,0,0,83.67,3.8,53.85,-0.125,29.5,42.375,52.88,61.438,61.75,62.563,62.5,62.75,62.812;
1707684660,2.99,0,0,81,3.49,63.66,1.75,37.5,45.375,52.63,61.438,61.75,62.563,62.5,62.75,62.750;
1707686460,2.99,0,0,83,2.6,71.12,2.938,33.5,43.563,51.94,61.5,61.75,62.5,62.5,62.75,62.812;
1707688260,2.99,0,0,84.67,4.46,65.65,3.5,41.313,47.563,53.63,61.5,61.75,62.563,62.5,62.75,62.812;
1707690060,2.98,0,0,90.33,6.32,57.01,3.938,42.313,48,54,61.5,61.75,62.5,62.5,62.75,62.812;
1707691860,2.98,0,0,86,5.61,54.04,3,41.125,47.063,53.5,61.5,61.75,62.563,62.5,62.75,62.812;
1707693660,2.99,0,0,84.33,3.28,53.03,0.625,36.938,46,53.19,61.5,61.75,62.563,62.5,62.75,62.812;
1707695460,2.99,0,0,84,-2.04,54.15,-3,28.5,43.125,52.06,61.5,61.813,62.563,62.5,62.75,62.750;
1707697260,2.99,0,0,82.33,-4.61,56.69,-5.062,30.812,43.563,52.19,61.5,61.813,62.563,62.5,62.75,62.812;
1707699060,2.99,0,0,82,-4.68,54.79,-6.062,33,44.375,52.44,61.5,61.75,62.563,62.5,62.75,62.812;
1707700860,2.99,0,0,84.67,-3.07,54.44,-3.938,37.563,44.75,52.38,61.438,61.75,62.563,62.438,62.75,62.812;
1707702660,2.99,0,0,82.67,-4.53,51.44,-6.562,28,42.438,51.69,61.5,61.813,62.5,62.438,62.75,62.812;
1707704460,2.99,0,0,87,-5.81,52.53,-7.062,32.313,43.875,52.13,61.5,61.813,62.5,62.438,62.75,62.812;
1707706260,2.99,0,0,87.33,-4.68,51.8,-6.812,32.313,44.125,52.31,61.5,61.813,62.563,62.5,62.75,62.812;
1707708060,2.99,0,0,85,-4.26,50.69,-6.562,36.75,45.125,52.69,61.5,61.75,62.5,62.5,62.75,62.750;
1707709860,2.99,0,0,82.67,-1.56,49.67,-4.375,36.813,46.063,52.88,61.5,61.813,62.5,62.5,62.75,62.812;
1707711660,2.99,0,0,83.67,-2.21,55.73,-2.563,38.063,45.25,52.44,61.5,61.75,62.5,62.5,62.75,62.812;
1707713460,2.99,0,0,82.67,-0.98,55.75,-1.437,37,43.938,52,61.438,61.75,62.563,62.5,62.75,62.750;
1707715260,2.99,0,0,85.33,0.19,51.9,-1.437,38.75,45.563,52.56,61.5,61.813,62.5,62.5,62.75,62.812;
1707717060,2.99,0,0,84.33,0.67,48.81,-2.313,39.375,46.313,53.19,61.5,61.75,62.5,62.5,62.75,62.750;
1707718860,2.99,0,0,78,0.3,50.27,-2.625,37.813,45.625,53.13,61.5,61.75,62.5,62.5,62.75,62.750;
1707720660,2.99,0,0,84.33,1.81,49.58,-1.312,40.312,47.063,53.31,61.5,61.813,62.563,62.5,62.75,62.812;
1707722460,2.99,0,0,84,0.53,54.31,-1.312,38.938,46.125,52.94,61.5,61.75,62.5,62.5,62.75,62.812;
1707724260,2.99,0,0,86.33,1.32,49.13,-1.75,37.563,46.25,53.19,61.5,61.75,62.5,62.5,62.75,62.812;
1707726060,2.99,0,0,83.67,1.85,51.84,-0.687,40.875,47,53.25,61.5,61.813,62.5,62.5,62.75,62.812;
1707727860,2.99,0,0,81,3.44,50.27,-0.125,38.375,46.5,53.63,61.5,61.75,62.563,62.5,62.75,62.812;
1707729660,2.99,0,0,80.67,1.72,55.15,-1.125,30.75,40.875,52.38,61.5,61.75,62.5,62.5,62.75,62.812;
1707731460,2.99,0,0,82,2.48,57.11,-0.125,41.375,47.5,53.56,61.5,61.813,62.563,62.5,62.75,62.812;
1707733260,2.98,0,0,82.33,4.08,58.09,2.938,40.875,47.125,52.69,61.438,61.75,62.563,62.5,62.75,62.812;
1707735060,2.98,0,0,85.67,5.58,64.96,3.438,41.313,49.062,53.94,61.5,61.75,62.5,62.5,62.75,62.750;
1707736860,2.98,0,0,88.33,7.05,55.59,4.312,42.563,49.313,53.75,61.5,61.813,62.5,62.563,62.75,62.812;
1707738660,2.98,0,0,85.67,8.47,52.14,6.437,43.813,51.188,54.5,61.562,61.813,62.563,62.5,62.75,62.812;
1707740460,2.98,0,0,80.67,10.69,52.51,8.25,45.125,52.063,55.38,61.562,61.813,62.563,62.5,62.75,62.812;
1707742260,2.98,0,0,84,9.86,56.34,8.75,44.938,51.75,55.25,61.562,61.813,62.563,62.5,62.75,62.812;
1707744060,2.98,0,0,85.33,10.87,53.06,8.938,44.25,50.5,54.69,61.562,61.813,62.5,62.5,62.75,62.812;
1707745860,2.98,0,0,87.33,10.11,57.04,9.313,43.313,51.5,55.19,61.562,61.813,62.563,62.5,62.75,62.750;
1707747660,2.98,0,0,83.67,8.38,66.93,8.938,44.5,52.938,55.94,61.5,61.813,62.563,62.5,62.75,62.750;
1707749460,2.98,0,0,89,8.11,69.81,8.25,14.313,53.063,57.06,61.375,61.75,62.625,62.563,62.75,62.812;
1707751260,2.98,0,0,88,7.83,70.77,7.25,10,51.625,56.44,61.313,61.75,62.563,62.563,62.75,62.812;
1707753060,2.98,0,0,90,8.09,78.59,7.125,17.5,54.313,57.5,61.375,61.75,62.625,62.563,62.75,62.812;
1707754860,2.98,0,0,85,9.87,79.1,7.812,17.312,54.062,57.5,61.375,61.75,62.563,62.5,62.75,62.812;
1707756660,2.99,0,0,88.67,11.54,77.58,8.875,13.688,52.125,57,61.375,61.75,62.625,62.563,62.75,62.750;
1707758460,2.98,0,0,83.67,9.69,91.74,8,10.813,51.75,56.63,61.313,61.688,62.625,62.563,62.75,62.812;
1707760260,2.99,0,0,88.67,7.4,89.15,6.75,9.125,49.25,55.44,61.313,61.688,62.625,62.563,62.75,62.750;
1707762060,2.99,0,0,85,7.07,100,6.125,9.75,50.563,55.94,61.25,61.688,62.625,62.563,62.75,62.750;
1707763860,2.99,0,0,86.67,7.38,100,6.187,11.875,51.313,56.06,61.313,61.75,62.563,62.563,62.75,62.750;
1707765660,2.99,0,0,87.67,9.08,100,6.937,17.687,52.375,56.81,61.313,61.75,62.563,62.5,62.75,62.812;
1707767460,2.99,0,0,85.67,9.97,91.87,6.937,21.437,53.688,57.38,61.375,61.75,62.563,62.5,62.75,62.750;
1707769260,2.99,0,0,86,11.17,85.15,7.687,19.312,53,57,61.375,61.75,62.625,62.563,62.75,62.750;
1707771060,2.98,0,0,83.67,11.23,89.04,6.937,12,51.188,56.5,61.313,61.688,62.625,62.563,62.75,62.812;
1707772860,2.99,0,0,91.33,10.34,81.8,6.937,20.625,53.5,57.38,61.375,61.75,62.625,62.5,62.75,62.812;
1707774660,2.99,0,0,86.67,10.47,76.28,6.062,20.312,53.625,57.44,61.375,61.75,62.563,62.563,62.75,62.812;
1707776460,2.99,0,0,88.33,9.72,73.96,6.125,20,53.75,57.63,61.313,61.688,62.563,62.563,62.75,62.812;
1707778260,2.99,0,0,87.67,8,82.19,6.187,15.25,52.187,56.63,61.375,61.75,62.563,62.5,62.75,62.812;
1707780060,2.99,0,0,84.67,7.16,80.51,3.813,16.562,53,56.94,61.313,61.688,62.625,62.5,62.75,62.750;
1707781860,2.99,0,0,84.33,7.26,86.62,3.313,10.563,50.5,56.19,61.313,61.688,62.563,62.563,62.75,62.812;
1707783660,2.99,0,0,88,3.15,79.17,1.312,14.125,51.562,56.63,61.313,61.688,62.625,62.5,62.75,62.750;
1707785460,2.99,0,0,84,-1.89,73.28,-2.25,10.563,51.688,56.19,61.313,61.688,62.563,62.5,62.75,62.750;
1707787260,2.99,0,0,84.33,-4.67,76.73,-3.375,8.313,47.812,56.06,61.25,61.625,62.563,62.563,62.75,62.750;
1707789060,2.99,0,0,91.67,-7.05,77.12,-7.062,5.937,48.188,55,61.25,61.625,62.563,62.563,62.75,62.750;
1707790860,2.99,0,0,86.67,-8.09,78.56,-7.437,4.25,47.125,55.06,61.25,61.625,62.563,62.5,62.75,62.750;
1707792660,2.99,0,0,91,-8.56,83.74,-7.312,3.375,47.125,54.81,61.188,61.625,62.563,62.563,62.75,62.750;
1707794460,2.99,0,0,87.33,-9.02,78.03,-8.375,1.937,45.75,54.38,61.125,61.625,62.625,62.5,62.75,62.750;
1707796260,2.99,0,0,90,-9.35,85.19,-8.125,2.938,47,54.63,61.25,61.688,62.563,62.5,62.75,62.750;
1707798060,2.99,0,0,85.67,-9.2,81.15,-8.375,2.125,46.375,54.69,61.25,61.625,62.625,62.5,62.75,62.750;
1707799860,2.99,0,0,88,-8.85,81.45,-8.25,4,47.75,54.75,61.25,61.688,62.563,62.5,62.75,62.750;
1707801660,2.99,0,0,86.67,-8.62,77.64,-8.313,1.812,46.625,54.5,61.188,61.625,62.625,62.5,62.75,62.812;
1707803460,2.99,0,0,90,-8.95,74.7,-8.688,4.687,47.25,54.75,61.313,61.688,62.563,62.5,62.75,62.812;
1707805260,2.99,0,0,89,-9.4,73.43,-9.063,2.875,45.5,54.38,61.25,61.625,62.563,62.5,62.75,62.750;
1707807060,2.99,0,0,89.67,-9.01,78.99,-8.063,8.563,50.813,55.81,61.313,61.688,62.563,62.5,62.75,62.750;
1707808860,2.99,0,0,89.67,-6.45,80.79,-6.437,8.813,50.25,55.63,61.313,61.688,62.563,62.5,62.75,62.750;
1707810660,2.99,0,0,88,-5.1,80.23,-4.687,10.563,50.937,55.75,61.313,61.688,62.625,62.5,62.75,62.750;
1707812460,2.99,0,0,85.67,-4.31,81.49,-3.563,6,49,55.5,61.188,61.625,62.563,62.563,62.75,62.750;
1707814260,2.99,0,0,81.67,-3.48,77.67,-3.313,13.063,51.688,56.56,61.375,61.688,62.625,62.5,62.75,62.750;
1707816060,2.99,0,0,82,-4.03,76.7,-3.5,12.375,51.25,56.19,61.375,61.75,62.625,62.563,62.75,62.750;
1707817860,2.99,0,0,85,-3.85,79.99,-3.375,10.938,51.125,56,61.375,61.75,62.563,62.5,62.75,62.750;
1707819660,2.99,0,0,87.33,-4.36,72.86,-4.437,14.188,51.688,56.31,61.313,61.688,62.625,62.5,62.75,62.812;
1707821460,2.99,0,0,88.33,-3.25,81.08,-3.625,15.625,53.313,56.38,61.375,61.75,62.625,62.5,62.75,62.750;
1707823260,2.99,0,0,85.33,-0.98,76.52,-1.687,17.625,53.437,56.69,61.375,61.75,62.563,62.5,62.75,62.750;
1707825060,2.99,0,0,85.67,1.42,78.85,0.062,15.625,53,56.63,61.375,61.688,62.563,62.5,62.75,62.750;
1707826860,2.99,0,0,84.67,2.14,84.34,1.937,14.375,52.375,56.38,61.375,61.75,62.563,62.5,62.75,62.750;
1707828660,2.99,0,0,81,3.39,94.94,4.375,12.375,52.25,56.19,61.375,61.75,62.563,62.563,62.75,62.750;
1707830460,2.99,0,0,82.33,4.01,100,5.687,14.563,52.688,56.63,61.375,61.75,62.563,62.5,62.75,62.750;
1707832260,2.99,0,0,84.33,3.24,100,5.187,12.375,52,56.19,61.375,61.75,62.563,62.5,62.75,62.750;
1707834060,2.99,0,0,88,2.49,98.97,4.375,10.188,50.563,56.38,61.313,61.688,62.625,62.5,62.75,62.812;
1707835860,2.99,0,0,86.67,2.69,95.03,4.375,9.125,51.438,56.44,61.313,61.688,62.625,62.5,62.75,62.750;
1707837660,2.99,0,0,87,3.85,88.1,4,8.313,51.25,56.25,61.25,61.688,62.563,62.5,62.75,62.750;
1707839460,2.99,0,0,87,4.87,88.57,4,13.063,53.25,57.31,61.375,61.75,62.563,62.5,62.75,62.750;
1707841260,2.99,0,0,80.33,6.44,95.19,4.625,12.688,52.812,57.13,61.375,61.75,62.563,62.5,62.75,62.750;
1707843060,2.99,0,0,77,5.49,99.39,4.437,6.312,50.063,56,61.125,61.562,62.625,62.563,62.75,62.812;
1707844860,2.99,0,0,77.33,4.47,100,3.063,11.188,50.5,56.63,61.25,61.625,62.563,62.563,62.75,62.750;
1707846660,2.99,0,0,82.67,6.3,95.12,2.563,15.062,52.313,57.19,61.375,61.75,62.563,62.563,62.75,62.750;
1707848460,2.99,0,0,81.33,8.03,82.12,2.5,15.75,51.625,56.94,61.25,61.688,62.563,62.563,62.75,62.750;
1707850260,2.99,0,0,75,6.5,94.82,2.688,11,50.312,56,61.125,61.562,62.563,62.563,62.75,62.750;
1707852060,2.99,0,0,80,6.47,93.34,2.313,8.625,49.125,56.06,60.5,61.25,62.625,62.563,62.75,62.750;
1707853860,2.99,0,0,78.67,4.38,96.94,1.125,9.063,49.875,55.75,61.063,61.5,62.625,62.563,62.75,62.750;
1707855660,2.99,0,0,78.33,4.94,91.64,0.75,7.5,48.875,55.75,60.813,61.375,62.625,62.5,62.75,62.750;
1707857460,2.99,0,0,86,4.56,89.92,0.625,6.562,48.938,55.75,60.625,61.313,62.625,62.563,62.75,62.750;
1707859260,2.99,0,0,84.33,3.52,85.43,-0.5,6.75,49,55.63,61,61.5,62.563,62.563,62.75,62.750;
1707861060,2.99,0,0,84,0.99,89.34,-1.312,3.5,47.563,55.13,60.25,61.125,62.625,62.563,62.75,62.750;
1707862860,2.99,0,0,86.33,-0.31,86.12,-2.688,2.438,46.5,54.31,60.5,61.125,62.563,62.5,62.75,62.750;
1707864660,2.99,0,0,81.67,-0.32,82.63,-3.063,3.188,47.375,54.88,60.75,61.313,62.563,62.563,62.75,62.750;
1707866460,2.99,0,0,84.33,-0.94,77.72,-4.75,2.063,46.813,54.63,60.875,61.438,62.625,62.563,62.75,62.750;
1707868260,2.99,0,0,88.67,-3.68,76.18,-6.562,-0.25,46.125,54.13,60.125,61.125,62.625,62.5,62.75,62.750;
1707870060,2.99,0,0,88.67,-8.02,69.7,-8.75,-0.375,45.188,54.38,60.312,61.25,62.625,62.5,62.75,62.750;
1707871860,2.99,0,0,88.67,-12.69,71.26,-11.875,-2.125,44.687,54,60.75,61.313,62.563,62.5,62.75,62.750;
1707873660,2.99,0,0,91.67,-14.25,81.12,-13.063,-4.25,44.313,53,59.5,60.937,62.625,62.5,62.75,62.750;
1707875460,2.99,0,0,91,-15.39,82.98,-14.063,-5.062,44.125,52.94,59.687,61,62.625,62.5,62.75,62.812;
1707877260,2.99,0,0,96,-16.84,80.06,-15.438,-5.187,45.063,53.25,60.063,61.188,62.625,62.5,62.75,62.750;
1707879060,2.99,0,0,93.67,-17.14,80.9,-16.062,-6.625,42.75,52.25,59.313,60.625,62.563,62.5,62.75,62.750;
1707880860,2.98,0,0,93,-17.61,80.4,-16.5,-6.687,43.188,52.63,58.563,60.75,62.625,62.5,62.75,62.750;
1707882660,2.98,0,0,96.67,-18.08,80.66,-16.937,-6.437,42.938,52.38,60.312,61.063,62.625,62.5,62.75,62.750;
1707884460,2.98,0,0,92,-18.16,79.94,-17.125,-7.375,42.812,52.56,58.813,60.625,62.625,62.5,62.75,62.750;
1707886260,2.99,0,0,93.67,255,255,-17.5,-6.937,42.938,52.81,59.313,60.937,62.563,62.5,62.75,62.750;
1707888060,2.98,0,0,98,-18.82,76.89,-17.75,-6.75,42.688,52.69,60.063,61,62.563,62.5,62.75,62.750;
1707889860,2.99,0,0,94.33,255,255,-17.625,-6.687,43.188,52.94,59.25,60.875,62.625,62.5,62.75,62.750;
1707891660,2.98,0,0,92.67,-18.43,76.38,-17.5,-6.437,42.938,52.63,59.687,60.875,62.625,62.5,62.75,62.812;
1707893460,2.99,0,0,93.33,255,255,-17.687,-7.312,43.563,52.94,58.313,60.688,62.625,62.5,62.75,62.750;
1707895260,2.98,0,0,94,-18.87,79.07,-17.437,-7.062,42.75,52.88,59.687,60.875,62.625,62.5,62.75,62.812;
1707897060,2.98,0,0,97.67,-19.03,75.77,-17.812,-7.875,42.688,52.69,59.75,60.875,62.563,62.5,62.75,62.750;
1707898860,2.98,0,0,97.33,-19.4,76.38,-18.25,-8.375,43.188,52.81,59.563,60.813,62.625,62.5,62.75,62.750;
1707900660,2.98,0,0,94,-19.25,77.02,-18.25,-8.625,42.625,52.69,59.625,60.813,62.563,62.5,62.75,62.750;
1707902460,2.98,0,0,92,-18.48,80.66,-17.687,-8.438,41.5,52.56,59.188,60.625,62.625,62.5,62.75,62.750;
1707904260,2.98,0,0,96,-18.14,80.62,-17.375,-7.187,42.125,53.13,59.625,60.813,62.563,62.5,62.75,62.750;
1707906060,2.98,0,0,95.67,-17.65,79.95,-16.687,-5.5,43,53.13,59.625,60.875,62.563,62.563,62.688,62.750;
1707907860,2.99,0,0,92.67,255,255,-15.75,-3.875,44.75,52.88,58.875,60.75,62.625,62.5,62.75,62.750;
1707909660,2.99,0,0,92.33,-15.56,90.14,-14.875,-4.187,44.625,52.5,58.313,60.5,62.625,62.5,62.75,62.812;
1707911460,2.99,0,0,90.33,-13.76,97.36,-13.5,-1.562,45.688,53.44,58.938,60.75,62.625,62.5,62.75,62.750;
1707913260,2.99,0,0,89,-11.64,97.43,-11.125,-0.437,45.875,53.44,59.687,60.75,62.625,62.563,62.75,62.750;
1707915060,2.99,0,0,87.33,-11.04,90.41,-10,-1.187,45.625,53.31,58.875,60.563,62.625,62.5,62.75,62.750;
1707916860,2.99,0,0,89.33,-10.89,89.09,-9.438,-1.437,45.375,53.19,59.563,60.75,62.563,62.5,62.75,62.750;
1707918660,2.99,0,0,90,-10.51,82.74,-9.938,-0.375,43.063,53,59,60.75,62.563,62.5,62.75,62.750;
1707920460,2.99,0,0,91.33,-9.46,85.53,-8.5,-0.937,46.562,54.13,58.938,60.75,62.625,62.563,62.75,62.750;
1707922260,2.99,0,0,89.67,-9.77,81.61,-8.563,-2.563,45.563,53.31,58.437,60.375,62.625,62.5,62.75,62.812;
1707924060,2.99,0,0,91.33,-9.22,85.78,-8.688,-2.688,45.563,53.56,58.875,60.625,62.625,62.5,62.75,62.750;
1707925860,2.99,0,0,91.33,-7.61,83.24,-8.5,-2.125,46.188,53.81,58.313,60.563,62.625,62.563,62.75,62.812;
1707927660,2.99,0,0,90,-6.52,80.45,-8.438,-1.5,46.25,53.81,59.125,60.625,62.625,62.563,62.75,62.750;
1707929460,2.99,0,0,88.33,-6.22,81.36,-8.563,-2.563,45.563,53.44,58.25,60.312,62.625,62.5,62.75,62.750;
1707931260,2.99,0,0,91.33,-6.45,80.26,-8.625,-2.938,45.375,53.25,57.125,60.25,62.625,62.563,62.75,62.750;
1707933060,2.99,0,0,88.67,-6.58,80.81,-8.875,-2.313,45.25,53.25,58.188,60.312,62.625,62.563,62.75,62.750;
1707934860,2.99,0,0,91.33,-5.89,76.55,-9,-1.437,44.938,53,58.375,60.25,62.563,62.563,62.75,62.750;
1707936660,2.99,0,0,88.67,-4.27,70.75,-8.563,0.875,46.063,53.38,59.563,60.625,62.563,62.563,62.75,62.750;
1707938460,2.99,0,0,89.67,-5.76,72.76,-8.813,-1.5,44.125,52.81,57.938,60.25,62.625,62.563,62.75,62.750;
1707940260,2.99,0,0,88,-5.18,68.4,-9.25,-1.812,44.938,52.81,58,60.25,62.625,62.5,62.75,62.750;
1707942060,2.99,0,0,88,-6.16,65.38,-9.875,-3.375,44.563,52.88,57.75,60.25,62.563,62.5,62.75,62.812;
1707943860,2.99,0,0,85,-5.28,59.81,-9.813,-3.313,45.625,53.25,57.563,60.438,62.625,62.5,62.75,62.750;
1707945660,2.99,0,0,88.33,-6.96,59.45,-10.5,-5.25,44.687,52.63,56.5,59.938,62.625,62.5,62.75,62.750;
1707947460,2.98,0,0,92.67,-12.91,64.59,-13.5,-7.437,42.563,52.31,58.063,60.375,62.625,62.5,62.75,62.750;
1707949260,2.98,0,0,92.67,-17.53,70.74,-16.312,-8.563,42.563,52.38,58.25,60.438,62.625,62.5,62.75,62.812;
1707951060,2.99,0,0,92.67,255,255,-17.687,-9.188,41.75,51.88,58.688,60.375,62.625,62.5,62.75,62.812;
1707952860,2.98,0,0,98,-19.63,77.47,-18.375,-10.625,42.125,51.81,57.125,60.125,62.625,62.5,62.75,62.812;
1707954660,2.98,0,0,95.33,-21.11,82.07,-19.562,-11.75,41.813,51.31,57.187,59.875,62.625,62.5,62.75,62.750;
1707956460,2.98,0,0,93.67,-21.94,83.16,-20.438,-12.625,40.312,50.56,56.438,59.625,62.563,62.5,62.75,62.750;
1707958260,2.98,0,0,100,-21.93,84.69,-20.562,-12.375,40,50.69,56.25,59.875,62.625,62.5,62.75,62.750;
1707960060,2.98,0,0,96,-21.82,85.3,-20.5,-11.438,38,50.44,58.375,60.188,62.563,62.5,62.75,62.812;
1707961860,2.98,0,0,101,255,255,-20.562,-6.25,33.188,49.13,58.688,60.25,62.563,62.5,62.75,62.812;
1707963660,2.97,0,0,96,-21.74,86.65,-20.25,-2.375,25.5,45.75,59.563,60.5,62.5,62.438,62.75,62.750;
1707965460,2.97,0,0,99.67,-21.88,87.5,-20.25,-3.313,25.562,45.81,60.25,60.937,62.5,62.5,62.75,62.812;
1707967260,2.98,0,0,96,255,255,-20.625,-6.625,22.812,44.13,60.312,61,62.5,62.5,62.75,62.750;
1707969060,2.98,0,0,98.67,255,255,-20.625,-5.75,20.25,40.63,58.688,60.125,62.438,62.438,62.75,62.812;
1707970860,2.97,0,0,96.33,-22.46,90.22,-20.625,-5.687,20.875,42.44,59.188,60.312,62.5,62.438,62.75,62.750;
1707972660,2.98,0,0,97.33,255,255,-20.438,-3.875,23.062,43.94,60.312,61,62.5,62.438,62.75,62.812;
1707974460,2.98,0,0,100,255,255,-20.312,-9.75,17.625,39.63,59,60.25,62.438,62.438,62.75,62.750;
1707976260,2.97,0,0,92.67,-21.91,92.94,-20.125,-8.563,17.25,40.13,59.875,60.688,62.438,62.438,62.75,62.812;
1707978060,2.97,0,0,96.67,-22.18,92.21,-20.312,-11.75,12.375,35.5,60.188,60.813,62.438,62.438,62.75,62.812;
1707979860,2.98,0,0,94,255,255,-20.375,-16.062,2.25,21.63,58.75,59.75,62.25,62.375,62.75,62.812;
1707981660,2.97,0,0,93.67,-22.22,97.52,-20.187,-10.938,10.75,26.75,59.875,60.688,62.375,62.438,62.75,62.812;
1707983460,2.98,0,0,97.33,255,255,-19.75,-5.187,18.75,37.88,60.75,61.25,62.438,62.438,62.75,62.812;
1707985260,2.97,0,0,95,-19.98,92.7,-18.812,-4.312,18.937,42.81,60.688,61.25,62.5,62.5,62.75,62.812;
1707987060,2.98,0,0,95,-19.64,93.17,-18.312,-6.25,17,40.88,60.813,61.25,62.438,62.5,62.75,62.750;
1707988860,2.98,0,0,91.67,-18.58,93.22,-17.375,-0.562,22.25,44.69,60.875,61.438,62.5,62.5,62.75,62.750;
1707990660,2.98,0,0,91.33,255,255,-16.5,-3.375,19.062,42.25,60.813,61.313,62.5,62.5,62.75,62.812;
1707992460,2.98,0,0,95.67,-17.37,93.86,-16,-3.75,19.062,42.19,61,61.438,62.5,62.438,62.75,62.812;
1707994260,2.98,0,0,92.67,-16.42,93.29,-15.375,-2.688,19.875,43.13,61.063,61.562,62.5,62.5,62.75,62.812;
1707996060,2.98,0,0,92,-15.1,89.98,-14.375,1.75,24.437,46.25,61.125,61.562,62.563,62.5,62.75,62.812;
1707997860,2.98,0,0,89.67,-13.26,85.49,-13.125,5,27,47.5,61.25,61.688,62.563,62.5,62.75,62.812;
1707999660,2.98,0,0,91.33,-11.57,82.69,-11.75,17.75,30,48.81,61.375,61.688,62.563,62.5,62.75,62.812;
1708001460,2.98,0,0,90,-9.74,79.74,-10.188,15,28.75,48.88,61.375,61.75,62.563,62.5,62.75,62.812;
1708003260,2.99,0,0,93.67,-9.98,83.89,-9.438,17.187,29.75,49.38,61.375,61.75,62.563,62.5,62.75,62.812;
1708005060,2.98,0,0,84,-8.3,85.1,-7.937,23.437,32.188,49.88,61.375,61.75,62.563,62.5,62.75,62.750;
1708006860,2.99,0,0,90,-6.37,78.05,-7.125,31.187,33.438,50.13,61.375,61.75,62.563,62.5,62.75,62.812;
1708008660,2.98,0,0,84,-4.83,72.81,-6,35.75,34.188,50.19,61.375,61.75,62.563,62.5,62.75,62.812;
1708010460,2.99,0,0,82.67,-3.52,70.81,-4.937,36.563,33.938,50.31,61.375,61.75,62.563,62.5,62.75,62.812;
1708012260,2.99,0,0,86,-3.51,69.22,-4.75,36.438,33.813,50.31,61.438,61.813,62.563,62.5,62.75,62.812;
1708014060,2.99,0,0,85,-3.49,70.64,-4.625,37.25,35.063,50.5,61.438,61.813,62.563,62.5,62.75,62.812;
1708015860,2.99,0,0,85.33,-2.72,69.52,-3.875,37.75,36.313,50.31,61.375,61.75,62.563,62.5,62.75,62.812;
1708017660,2.98,0,0,88,-1.57,68.87,-2.938,37.625,36.313,50.75,61.438,61.813,62.563,62.5,62.75,62.812;
1708019460,2.99,0,0,83,-1.6,67.32,-2.875,36.125,35.5,50.88,61.438,61.813,62.563,62.5,62.75,62.812;
1708021260,2.98,0,0,83.67,-2.75,67.3,-3.5,34.5,35.188,50.63,61.438,61.813,62.563,62.5,62.75,62.812;
1708023060,2.98,0,0,86,-2.68,68.38,-3.375,35.5,36.563,50.56,61.375,61.813,62.563,62.5,62.75,62.812;
1708024860,2.98,0,0,78.33,-2.18,66.5,-3.063,35,36.75,50.94,61.5,61.813,62.563,62.5,62.75,62.812;
1708026660,2.98,0,0,83.67,-3.99,72.79,-3.625,18.625,34.75,50.44,61.438,61.75,62.563,62.5,62.75,62.812;
1708028460,2.98,0,0,91.33,-7.53,80.95,-5.875,17.5,35.375,50.69,61.438,61.813,62.563,62.5,62.75,62.812;
1708030260,2.98,0,0,91.33,-8.21,80.8,-7.062,18.062,34.438,50.5,61.438,61.813,62.563,62.5,62.75,62.812;
1708032060,2.99,0,0,87.67,-8.94,76.89,-8,15,33.813,50.88,61.5,61.813,62.563,62.5,62.75,62.812;
1708033860,2.99,0,0,91.33,-9.87,74.56,-8.813,11.5,32.25,50.5,61.5,61.813,62.563,62.5,62.75,62.750;
1708035660,2.98,0,0,90.67,-11.28,71.47,-10.188,9.375,35.188,51,61.562,61.875,62.563,62.5,62.75,62.750;
1708037460,2.98,0,0,91,-11.12,80.07,-9.625,10.625,33.313,50.25,61.5,61.813,62.563,62.5,62.75,62.812;
1708039260,2.99,0,0,88.67,255,255,-10.375,3.875,31.688,49.88,61.5,61.813,62.563,62.5,62.75,62.812;
1708041060,2.98,0,0,90,-13.16,80.88,-11.563,0,31.625,49.5,61.438,61.813,62.563,62.5,62.75,62.812;
1708042860,2.98,0,0,88.67,-14,81.32,-12.375,-1.5,31.063,49.31,61.375,61.813,62.563,62.5,62.75,62.812;
1708044660,2.99,0,0,91,255,255,-12.75,-1.562,30.062,48.19,61.375,61.75,62.563,62.5,62.75,62.812;
1708046460,2.98,0,0,90,-14.17,89.16,-12.688,-1.562,30.312,48.44,61.375,61.75,62.563,62.5,62.75,62.812;
1708048260,2.98,0,0,90.67,-13.96,85.76,-12.625,0.875,29.75,48.13,61.375,61.75,62.5,62.5,62.75,62.812;
1708050060,2.98,0,0,90.33,-13.25,82.14,-12.188,5.625,30.187,48.63,61.375,61.75,62.563,62.5,62.75,62.812;
1708051860,2.99,0,0,90,255,255,-11.937,4.375,28.062,47.5,61.375,61.75,62.5,62.5,62.75,62.812;
1708053660,2.99,0,0,90.33,255,255,-11.312,6.812,27.938,47.38,61.375,61.75,62.5,62.5,62.75,62.750;
1708055460,2.98,0,0,92.33,-12.35,78.58,-11.312,1.312,23.187,44.94,61.313,61.688,62.5,62.5,62.75,62.750;
1708057260,2.98,0,0,88.67,-12.26,80.45,-11.25,9.5,28.687,47.63,61.375,61.75,62.563,62.5,62.75,62.812;
1708059060,2.98,0,0,89,-10.9,73.73,-10.813,9.625,29.188,48.5,61.375,61.75,62.563,62.5,62.75,62.812;
1708060860,2.98,0,0,90.33,-9.93,65.16,-11.25,16.75,32.688,49.31,61.5,61.813,62.5,62.5,62.75,62.812;
1708062660,2.98,0,0,92.67,-10.66,64.82,-11.688,9.75,29.687,48.88,61.5,61.813,62.563,62.5,62.75,62.812;
1708064460,2.98,0,0,92.33,-12.22,71.4,-11.813,9.375,31.125,49.13,61.5,61.813,62.5,62.5,62.75,62.812;
1708066260,2.98,0,0,88.33,-11.91,74.1,-11.375,6.5,30.062,48.63,61.5,61.813,62.563,62.5,62.75,62.750;
1708068060,2.98,0,0,88.33,-11.25,76.32,-10.75,5.5,28.5,47.63,61.562,61.813,62.563,62.5,62.75,62.812;
1708069860,2.98,0,0,90.67,-10.6,79.66,-9.875,6,29.562,48.13,61.562,61.813,62.563,62.5,62.75,62.812;
1708071660,2.98,0,0,90.33,-10.23,83.05,-9.125,4,27.5,46.56,61.5,61.813,62.5,62.5,62.75,62.750;
1708073460,2.98,0,0,91.67,-9.9,86.18,-8.375,7,29.75,47.44,61.562,61.813,62.5,62.5,62.75,62.750;
1708075260,2.98,0,0,85.33,-9.33,83.22,-7.875,3.375,27.062,45.94,61.5,61.813,62.5,62.438,62.75,62.750;
1708077060,2.98,0,0,89,-8.69,82.65,-6.437,7.875,30.875,48,61.562,61.813,62.5,62.5,62.75,62.750;
1708078860,2.98,0,0,90,-7.92,81.59,-6.312,6.312,31.875,48.63,61.5,61.813,62.563,62.5,62.75,62.812;
1708080660,2.98,0,0,83.33,-6.81,77.16,-5.75,7.812,32.438,48.69,61.5,61.813,62.563,62.5,62.75,62.750;
1708082460,2.98,0,0,84.33,-6.22,74.31,-5.25,10.25,31.063,48.63,61.5,61.813,62.5,62.5,62.75,62.812;
1708084260,2.98,0,0,84,-6.35,72.47,-6.25,11.688,32.063,48.94,61.5,61.875,62.563,62.5,62.75,62.812;
1708086060,2.98,0,0,85.67,-5.9,66.03,-6.937,17.062,34.625,49.38,61.438,61.813,62.563,62.5,62.75,62.812;
1708087860,2.98,0,0,83.33,-5.58,71.97,-6.062,13.812,31.625,48.5,61.5,61.813,62.563,62.5,62.75,62.812;
1708089660,2.98,0,0,81.67,-5.88,76.74,-6.062,13.875,31.875,48.38,61.5,61.813,62.5,62.5,62.75,62.812;
1708091460,2.98,0,0,85.33,-6.04,80.87,-6.125,14.813,33.5,48.63,61.5,61.813,62.5,62.5,62.75,62.812;
1708093260,2.98,0,0,85.67,-6.04,85.44,-6.062,14.688,33.875,48.75,61.5,61.813,62.563,62.5,62.75,62.812;
1708095060,2.98,0,0,82.33,-4.87,83.44,-5.5,17.875,36.375,49.44,61.438,61.813,62.563,62.5,62.75,62.750;
1708096860,2.98,0,0,79.33,-3.16,84.24,-4.375,17,35.75,49.56,61.438,61.813,62.5,62.5,62.75,62.750;
1708098660,2.98,0,0,83.67,-1,63.26,-4,27.812,42.688,52.19,61.5,61.813,62.563,62.5,62.75,62.750;
1708100460,2.98,0,0,84,1.57,52.95,-3.625,33.125,44,52.75,61.375,61.75,62.563,62.5,62.75,62.750;
1708102260,2.98,0,0,81.33,3.09,48.17,-2.75,36,45.312,53.44,61.375,61.75,62.563,62.5,62.75,62.750;
1708104060,2.98,0,0,83.33,4.13,59.7,-0.812,26.063,42.063,51.31,61.313,61.688,62.5,62.438,62.75,62.750;
1708105860,2.98,0,0,88,-0.87,82.97,-1.25,12.125,36.25,48.5,61.188,61.625,62.5,62.5,62.75,62.750;
1708107660,2.98,0,0,84.67,-1.27,91.72,-1.062,19.812,40.312,50.44,61.313,61.688,62.5,62.5,62.75,62.812;
1708109460,2.98,0,0,84.33,0.83,85.26,-0.187,22.5,41,51.13,61.313,61.688,62.5,62.5,62.75,62.750;
1708111260,2.98,0,0,88.33,-1.1,74.76,-1.375,7.312,34.125,47.88,61.188,61.625,62.5,62.438,62.75,62.750;
1708113060,2.98,0,0,82.67,-2.06,88.16,-1.687,31.562,43.25,51.69,61.375,61.688,62.5,62.5,62.75,62.750;
1708114860,2.98,0,0,84,3.76,59.11,-0.562,38.625,47.125,52.81,61.375,61.75,62.5,62.5,62.75,62.812;
1708116660,2.98,0,0,86.67,5.23,51,0.625,30.562,42.563,51.56,61.375,61.75,62.5,62.5,62.75,62.750;
1708118460,2.98,0,0,79.33,2.58,59.98,1.062,34.313,44.062,52.5,61.375,61.75,62.563,62.5,62.75,62.750;
1708120260,2.98,0,0,88.67,3.79,53.53,1.5,34,43.313,52.13,61.375,61.75,62.5,62.5,62.75,62.750;
1708122060,2.98,0,0,85.33,2.06,56.63,1.187,38.25,45.312,52.25,61.438,61.75,62.563,62.5,62.75,62.750;
1708123860,2.98,0,0,86.33,2.93,55.83,0.75,37.75,44.875,52.31,61.438,61.75,62.563,62.5,62.75,62.750;
1708125660,2.98,0,0,84,1.52,58.3,0.562,38.625,44.687,52.19,61.438,61.75,62.563,62.5,62.75,62.750;
1708127460,2.98,0,0,84.67,-0.56,57.94,-0.937,22.812,39.625,50.81,61.375,61.75,62.5,62.5,62.75,62.750;
1708129260,2.98,0,0,84,-7.14,60.82,-2.75,30.75,40.688,50.5,61.313,61.688,62.5,62.5,62.75,62.750;
1708131060,2.98,0,0,88,-9.89,59.96,-6.25,22.25,38.313,49.94,61.313,61.688,62.563,62.5,62.75,62.750;
1708132860,2.98,0,0,90.67,-10.49,63.39,-7.625,33.5,41.625,51,61.375,61.75,62.563,62.438,62.75,62.750;
1708134660,2.98,0,0,83.33,-7.26,53.17,-7.187,36.5,42.75,51.5,61.375,61.688,62.5,62.5,62.75,62.750;
1708136460,2.98,0,0,87,-7.88,58.8,-6.437,35.25,42.75,51.5,61.375,61.688,62.5,62.5,62.75,62.750;
1708138260,2.98,0,0,85,-6.95,57.61,-7.062,32.5,41.688,51.31,61.375,61.688,62.5,62.438,62.75,62.750;
1708140060,2.98,0,0,84.67,-6.56,55.95,-7.187,27.75,38.813,51.81,61.375,61.688,62.5,62.438,62.75,62.812;
1708141860,2.98,0,0,83,-6.76,58.29,-6.625,32.063,41.875,51.63,61.375,61.75,62.563,62.438,62.75,62.750;
1708143660,2.98,0,0,89,-7.82,61.66,-7.375,23.812,38.875,50.63,61.313,61.688,62.5,62.438,62.75,62.750;
1708145460,2.98,0,0,92.67,-10.75,72.26,-8.75,23.875,38.688,50.75,61.375,61.75,62.5,62.438,62.75,62.750;
1708147260,2.98,0,0,90.67,-10.64,71.74,-9.813,23.625,38.563,50.63,61.375,61.688,62.5,62.438,62.75,62.750;
1708149060,2.98,0,0,90.33,-11.79,70.1,-9.938,24.062,38.875,50.5,61.375,61.688,62.5,62.438,62.688,62.750;
1708150860,2.98,0,0,89,-10.77,70.77,-9.938,26.063,38.75,51,61.375,61.688,62.563,62.5,62.75,62.750;
1708152660,2.98,0,0,89.67,-9.01,62.27,-9.688,24.562,38.75,50.94,61.375,61.75,62.5,62.438,62.75,62.750;
1708154460,2.98,0,0,91.33,-9.58,59.16,-10.125,26.812,38.5,51.13,61.375,61.75,62.5,62.438,62.75,62.750;
1708156260,2.98,0,0,89.33,-9.04,59.07,-9.875,24.75,38.313,50.81,61.375,61.688,62.5,62.438,62.75,62.750;
1708158060,2.98,0,0,89,-8.51,58.57,-9.75,22.25,36.688,51.13,61.375,61.75,62.5,62.438,62.75,62.750;
1708159860,2.98,0,0,90.33,-8.18,57.94,-9.688,24.437,38.375,51.19,61.375,61.75,62.5,62.5,62.75,62.750;
1708161660,2.98,0,0,89.33,-9.06,63.69,-9.438,22,37.875,50.56,61.375,61.688,62.5,62.5,62.75,62.750;
1708163460,2.98,0,0,87.67,-8.38,63.07,-9,24.188,37.563,51.19,61.375,61.75,62.5,62.5,62.75,62.750;
1708165260,2.99,0,0,84,255,255,-7.562,28.937,39.625,51.06,61.375,61.688,62.5,62.5,62.75,62.750;
1708167060,2.98,0,0,82,-5.68,65.07,-6.562,29.687,41.875,51.31,61.313,61.688,62.5,62.438,62.75,62.750;
1708168860,2.98,0,0,85.67,-5.03,69.62,-5.625,26.5,42.438,51.38,61.375,61.688,62.5,62.5,62.75,62.750;
1708170660,2.98,0,0,85.67,-3.66,65,-4.812,25.5,42.875,51.5,61.375,61.688,62.5,62.438,62.75,62.750;
1708172460,2.98,0,0,84,-3.48,63.79,-4.437,30.875,43.875,52.13,61.438,61.75,62.5,62.438,62.75,62.750;
1708174260,2.98,0,0,86,-1.15,59.41,-3.438,31.812,45.312,52.56,61.375,61.688,62.5,62.438,62.75,62.750;
1708176060,2.98,0,0,90.67,-1.35,63.41,-2.125,23.812,43.875,51.38,61.313,61.625,62.5,62.438,62.75,62.750;
1708177860,2.98,0,0,83,-4.16,73.31,-2.438,28.062,44.5,52.06,61.375,61.688,62.5,62.438,62.75,62.750;
1708179660,2.98,0,0,83.33,-4.82,80.26,-3.063,25.187,44.25,51.94,61.313,61.625,62.5,62.438,62.75,62.750;
1708181460,2.98,0,0,86.33,-5.38,85.1,-3.75,23.125,42.313,51.69,61.313,61.688,62.5,62.438,62.75,62.750;
1708183260,2.98,0,0,83.33,-2.52,81.84,-3.313,23.75,42.688,51.88,61.313,61.688,62.5,62.438,62.688,62.750;
1708185060,2.98,0,0,83.67,-1.16,73.49,-2.625,22.562,41.375,51.44,61.25,61.625,62.5,62.438,62.75,62.750;
1708186860,2.98,0,0,82.33,0.23,83.15,-2.313,28.875,43.375,53,61.438,61.75,62.5,62.438,62.75,62.750;
1708188660,2.98,0,0,85.67,3.77,72.37,-1.125,28.375,43.375,53.44,61.375,61.75,62.563,62.5,62.75,62.750;
1708190460,2.98,0,0,87,5.75,56.4,-0.875,38.688,46,53.81,61.438,61.75,62.5,62.438,62.75,62.750;
1708192260,2.98,0,0,90.67,6.31,56.07,0.062,27,41.5,52.94,61.375,61.75,62.563,62.438,62.75,62.750;
1708194060,2.98,0,0,89,5.84,53.34,0.5,25.062,41.063,52.5,61.438,61.75,62.5,62.438,62.75,62.750;
1708195860,2.98,0,0,88.33,6.52,49.55,0.437,29.375,41.875,52.56,61.438,61.75,62.563,62.438,62.75,62.750;
1708197660,2.98,0,0,87.33,7.17,57.16,1.562,31.25,43.813,52.5,61.375,61.688,62.5,62.438,62.75,62.750;
1708199460,2.98,0,0,85.33,6.71,54.65,1.625,25.812,40.688,52.06,61.375,61.75,62.5,62.438,62.688,62.750;
1708201260,2.98,0,0,84.33,5.36,53.73,0.562,23.937,40,51.69,61.375,61.75,62.563,62.438,62.75,62.750;
1708203060,2.98,0,0,81,0.61,63.46,-0.625,19.062,36.25,49.88,61.313,61.688,62.5,62.5,62.688,62.750;
1708204860,2.98,0,0,80.67,-6.53,80.4,-3.875,16.125,34.813,48.69,61.25,61.625,62.5,62.438,62.688,62.750;
1708206660,2.98,0,0,90.33,-8.74,80.11,-7,19.125,36.313,49.69,61.313,61.688,62.5,62.5,62.688,62.750;
1708208460,2.98,0,0,90.33,-9.68,80.08,-8.375,16.937,35.188,50,61.313,61.688,62.5,62.5,62.75,62.750;
1708210260,2.99,0,0,89.67,255,255,-9.375,16.25,35,50.13,61.375,61.688,62.5,62.438,62.75,62.750;
1708212060,2.98,0,0,90,-9.98,75.16,-9.375,23.5,35.688,51,61.438,61.75,62.563,62.5,62.688,62.750;
1708213860,2.98,0,0,87.33,-8.73,56.61,-9.813,27.062,38.063,50.69,61.438,61.75,62.563,62.438,62.75,62.750;
1708215660,2.98,0,0,88.33,-8.16,55.88,-9.125,30.438,37.625,51.63,61.438,61.813,62.563,62.438,62.75,62.750;
1708217460,2.98,0,0,86.67,-8.32,56.85,-8.813,22.625,35.875,51.06,61.438,61.75,62.5,62.5,62.75,62.750;
1708219260,2.98,0,0,87.67,-8.6,53.62,-9.563,24.813,36.063,50.69,61.438,61.75,62.563,62.438,62.688,62.750;
1708221060,2.98,0,0,89,-9.67,53.59,-10.313,23.812,35.938,50.75,61.438,61.75,62.563,62.438,62.75,62.750;
1708222860,2.98,0,0,88.67,-9.5,53.09,-10.438,26.75,36.875,51,61.438,61.75,62.5,62.438,62.688,62.750;
1708224660,2.98,0,0,91.33,-9.01,51.01,-10.313,25.375,36.75,50.94,61.375,61.75,62.5,62.438,62.75,62.750;
1708226460,2.98,0,0,88.67,-9.83,50.55,-10.938,29.437,35.813,51,61.438,61.813,62.5,62.5,62.75,62.750;
1708228260,2.98,0,0,92.67,-9.8,49.53,-11,26.812,35.5,51,61.438,61.813,62.563,62.5,62.75,62.750;
1708230060,2.98,0,0,93.67,-10.36,52.28,-10.375,18.5,35.313,50.63,61.438,61.75,62.563,62.438,62.75,62.750;
1708231860,2.98,0,0,91,-12.1,59.37,-10.875,14.563,34.688,50.5,61.375,61.75,62.5,62.5,62.75,62.750;
1708233660,2.98,0,0,90.67,-11.85,61.36,-10.875,25.438,36.625,50.75,61.438,61.75,62.5,62.5,62.75,62.750;
1708235460,2.99,0,0,94,255,255,-10,17.812,35.438,50.56,61.375,61.75,62.5,62.438,62.75,62.750;
1708237260,2.98,0,0,89.33,-10.14,68.26,-9.125,21.937,35.938,50.69,61.375,61.75,62.5,62.438,62.75,62.750;
1708239060,2.99,0,0,91.67,255,255,-8.25,22.125,36,50.25,61.375,61.688,62.5,62.5,62.75,62.750;
1708240860,2.98,0,0,92,-10.07,67.16,-8.813,16.062,34.25,50.25,61.375,61.75,62.5,62.5,62.75,62.750;
1708242660,2.98,0,0,84.33,-9.17,71.53,-8.063,22.125,35.813,50.56,61.375,61.75,62.5,62.438,62.688,62.750;
1708244460,2.98,0,0,91.67,-10.09,79.62,-8.125,24,35.813,49.44,61.25,61.625,62.5,62.5,62.75,62.750;
1708246260,2.98,0,0,91,-10.65,85.87,-8.313,23.687,34.5,49.25,61.313,61.688,62.5,62.5,62.75,62.750;
1708248060,2.98,0,0,90.67,-9.58,84.3,-8.125,27.687,37.313,50.31,61.313,61.688,62.5,62.5,62.688,62.750;
1708249860,2.98,0,0,86.33,-7.42,82.76,-6.437,25.062,36.313,50.13,61.313,61.688,62.5,62.438,62.75,62.750;
1708251660,2.98,0,0,88,-7.74,84.01,-6.312,22.25,35,49.94,61.313,61.688,62.5,62.5,62.75,62.750;
1708253460,2.98,0,0,87.33,-6.37,79.2,-5.625,-127,36.688,50.38,-127,61.688,62.5,62.438,62.75,62.750;
1708255260,2.99,0,0,85,255,255,-127,-127,-127,-127,-127,-127,-127,-127,-127,-127.000;
1708257060,2.98,0,0,83.33,-4.8,69.71,-127,-127,-127,-127,-127,-127,-127,-127,-127,-127.000;
1708258860,2.98,0,0,85.67,-4.31,74.84,-127,-127,-127,-127,-127,61.688,-127,-127,-127,-127.000;