QUERY_ID	COG_ID	CDD_ID	EVALUE	IDENTITY	GENE_NAME	COG_NAME	COG_LETTER	COG_DESCRIPTION
NODE_1_length_207272_cov_29.165056_2	COG3656	226182	0.006	31.111		Predicted periplasmic protein	S	Function unknown
NODE_1_length_207272_cov_29.165056_3	COG0226	223304	1.11e-68	32.797	PstS	ABC-type phosphate transport system, periplasmic component	P	Inorganic ion transport and metabolism
NODE_1_length_207272_cov_29.165056_4	COG0394	223471	3.4e-43	37.143	Wzb	Protein-tyrosine-phosphatase	T	Signal transduction mechanisms
NODE_1_length_207272_cov_29.165056_5	COG0745	223816	1.53e-97	55.947	OmpR	DNA-binding response regulator, OmpR family, contains REC and winged-helix (wHTH) domain	T	Signal transduction mechanisms
NODE_1_length_207272_cov_29.165056_6	COG5002	227335	2.03e-73	34.309	WalK	Sensor histidine kinase WalK	T	Signal transduction mechanisms
NODE_1_length_207272_cov_29.165056_9	COG0172	223250	0.0	58.837	SerS	Seryl-tRNA synthetase	J	Translation, ribosomal structure and biogenesis
NODE_1_length_207272_cov_29.165056_10	COG1615	224531	0.0	35.524		Uncharacterized membrane protein, UPF0182 family	S	Function unknown
NODE_1_length_207272_cov_29.165056_11	COG4585	226951	1.11e-53	38.961	ComP	Signal transduction histidine kinase ComP	T	Signal transduction mechanisms
NODE_1_length_207272_cov_29.165056_12	COG2197	225107	2.11e-81	46.919	CitB	DNA-binding response regulator, NarL/FixJ family, contains REC and HTH domains	T	Signal transduction mechanisms
NODE_1_length_207272_cov_29.165056_13	COG0115	223193	1.07e-68	36.268	IlvE	Branched-chain amino acid aminotransferase/4-amino-4-deoxychorismate lyase	E	Amino acid transport and metabolism
NODE_1_length_207272_cov_29.165056_15	COG1266	224185	7.55e-10	39.759	YdiL	Membrane protease YdiL, CAAX protease family	O	Posttranslational modification, protein turnover, chaperones
NODE_1_length_207272_cov_29.165056_16	COG0040	223118	5.47e-22	38.462	HisG	ATP phosphoribosyltransferase	E	Amino acid transport and metabolism
NODE_1_length_207272_cov_29.165056_17	COG0249	223327	0.0	52.867	MutS	DNA mismatch repair ATPase MutS	L	Replication, recombination and repair
NODE_1_length_207272_cov_29.165056_18	COG0642	223715	4e-58	34.146	BaeS	Signal transduction histidine kinase	T	Signal transduction mechanisms
NODE_1_length_207272_cov_29.165056_20	COG1196	224117	2.98e-07	22.812	Smc	Chromosome segregation ATPase Smc	D	Cell cycle control, cell division, chromosome partitioning
NODE_1_length_207272_cov_29.165056_22	COG0612	223685	1.71e-37	20.142	PqqL	Predicted Zn-dependent peptidase, M16 family	R	General function prediction only
NODE_1_length_207272_cov_29.165056_23	COG0524	223598	5.94e-60	34.891	RbsK	Sugar or nucleoside kinase, ribokinase family	G	Carbohydrate transport and metabolism
NODE_1_length_207272_cov_29.165056_24	COG1209	224130	1.24e-58	35.47	RmlA1	dTDP-glucose pyrophosphorylase	M	Cell wall/membrane/envelope biogenesis
NODE_1_length_207272_cov_29.165056_25	COG2146	225057	4.92e-19	34.951	NirD	Ferredoxin subunit of nitrite reductase or a ring-hydroxylating dioxygenase	P	Inorganic ion transport and metabolism
NODE_1_length_207272_cov_29.165056_26	COG4692	227036	2.85e-35	23.249		Predicted neuraminidase (sialidase)	G	Carbohydrate transport and metabolism
NODE_1_length_207272_cov_29.165056_27	COG0569	223643	4.78e-23	32.42	TrkA	Trk/Ktr K+ transport system regulatory component TrkA/KtrA/KtrC, RCK domain	P	Inorganic ion transport and metabolism
NODE_1_length_207272_cov_29.165056_28	COG0069	223147	4.6e-121	40.443	GltB2	Glutamate synthase domain 2	E	Amino acid transport and metabolism
NODE_1_length_207272_cov_29.165056_30	COG0078	223156	1.3e-152	51.78	ArgF	Ornithine carbamoyltransferase	E	Amino acid transport and metabolism
NODE_1_length_207272_cov_29.165056_31	COG0705	223777	6.28e-12	23.295	GlpG	Membrane-associated serine protease, rhomboid family	O	Posttranslational modification, protein turnover, chaperones
NODE_1_length_207272_cov_29.165056_33	COG0524	223598	6.75e-71	46.372	RbsK	Sugar or nucleoside kinase, ribokinase family	G	Carbohydrate transport and metabolism
NODE_1_length_207272_cov_29.165056_34	COG0859	223928	2.75e-54	29.825	RfaF	ADP-heptose:LPS heptosyltransferase	M	Cell wall/membrane/envelope biogenesis
NODE_1_length_207272_cov_29.165056_36	COG2239	225148	8.51e-135	39.421	MgtE	Mg/Co/Ni transporter MgtE (contains CBS domain)	P	Inorganic ion transport and metabolism
NODE_1_length_207272_cov_29.165056_37	COG0592	223665	5.02e-48	27.072	DnaN	DNA polymerase III sliding clamp (beta) subunit, PCNA homolog	L	Replication, recombination and repair
NODE_1_length_207272_cov_29.165056_39	COG1214	224135	5.72e-35	29.185	TsaB	tRNA A37 threonylcarbamoyladenosine modification protein TsaB	J	Translation, ribosomal structure and biogenesis
NODE_1_length_207272_cov_29.165056_40	COG0802	223873	2.45e-53	40.541	TsaE	tRNA A37 threonylcarbamoyladenosine biosynthesis protein TsaE	J	Translation, ribosomal structure and biogenesis
NODE_1_length_207272_cov_29.165056_43	COG3669	226195	3.93e-46	25.526	AfuC	Alpha-L-fucosidase	G	Carbohydrate transport and metabolism
NODE_1_length_207272_cov_29.165056_46	COG0147	223225	0.0	50.833	TrpE	Anthranilate/para-aminobenzoate synthases component I	E	Amino acid transport and metabolism
NODE_1_length_207272_cov_29.165056_47	COG0497	223571	0.002	27.632	RecN	DNA repair ATPase RecN	L	Replication, recombination and repair
NODE_1_length_207272_cov_29.165056_51	COG0365	223442	0.0	46.981	Acs	Acyl-coenzyme A synthetase/AMP-(fatty) acid ligase	I	Lipid transport and metabolism
NODE_1_length_207272_cov_29.165056_52	COG0365	223442	2.36e-12	48.936	Acs	Acyl-coenzyme A synthetase/AMP-(fatty) acid ligase	I	Lipid transport and metabolism
NODE_1_length_207272_cov_29.165056_53	COG4948	227284	1.14e-85	31.605	RspA	L-alanine-DL-glutamate epimerase or related enzyme of enolase superfamily	M	Cell wall/membrane/envelope biogenesis
NODE_1_length_207272_cov_29.165056_54	COG0248	223326	7.02e-71	33.007	GppA	Exopolyphosphatase/pppGpp-phosphohydrolase	F	Nucleotide transport and metabolism
NODE_1_length_207272_cov_29.165056_55	COG1364	224283	0.0	57.778	ArgJ	Glutamate N-acetyltransferase (ornithine transacetylase)	E	Amino acid transport and metabolism
NODE_1_length_207272_cov_29.165056_56	COG0034	223112	0.0	59.912	PurF	Glutamine phosphoribosylpyrophosphate amidotransferase	F	Nucleotide transport and metabolism
NODE_1_length_207272_cov_29.165056_58	COG1208	224129	1.49e-48	24.829	GCD1	NDP-sugar pyrophosphorylase, includes eIF-2Bgamma, eIF-2Bepsilon, and LPS biosynthesis protein s	J	Translation, ribosomal structure and biogenesis
NODE_1_length_207272_cov_29.165056_59	COG0534	223608	1.64e-76	31.86	NorM	Na+-driven multidrug efflux pump, DinF/NorM/MATE family	V	Defense mechanisms
NODE_1_length_207272_cov_29.165056_60	COG0392	223469	1.5e-12	19.931	AglD2	Predicted membrane flippase AglD2/YbhN, UPF0104 family	M	Cell wall/membrane/envelope biogenesis
NODE_1_length_207272_cov_29.165056_61	COG0673	223745	3.59e-63	28.09	MviM	Predicted dehydrogenase	R	General function prediction only
NODE_1_length_207272_cov_29.165056_62	COG2928	225480	1.94e-48	36.634		Uncharacterized membrane protein	S	Function unknown
NODE_1_length_207272_cov_29.165056_63	COG0664	223736	3e-43	34.906	Crp	cAMP-binding domain of CRP or a regulatory subunit of cAMP-dependent protein kinases	T	Signal transduction mechanisms
NODE_1_length_207272_cov_29.165056_65	COG1172	224093	1.33e-76	52.069	AraH	Ribose/xylose/arabinose/galactoside ABC-type transport system, permease component	G	Carbohydrate transport and metabolism
NODE_1_length_207272_cov_29.165056_66	COG1706	224620	6.67e-135	51.009	FlgI	Flagellar basal body P-ring protein FlgI	N	Cell motility
NODE_1_length_207272_cov_29.165056_67	COG2063	224974	9.03e-30	32.0	FlgH	Flagellar basal body L-ring protein FlgH	N	Cell motility
NODE_1_length_207272_cov_29.165056_68	COG3951	226460	1.45e-05	32.432	FlgJ1	Rod binding protein domain	N	Cell motility
NODE_1_length_207272_cov_29.165056_70	COG4786	227125	8.31e-131	59.398	FlgG	Flagellar basal body rod protein FlgG	N	Cell motility
NODE_1_length_207272_cov_29.165056_71	COG4786	227125	4.81e-58	30.451	FlgG	Flagellar basal body rod protein FlgG	N	Cell motility
NODE_1_length_207272_cov_29.165056_74	COG1191	224112	6.74e-63	35.628	FliA	DNA-directed RNA polymerase specialized sigma subunit	K	Transcription
NODE_1_length_207272_cov_29.165056_75	COG5581	227868	3.49e-06	24.123	YcgR	Cyclic di-GMP-binding flagellar brake protein FlgZ/YcgR, contains PilZNR(YcgR) and PilZ domains	N	Cell motility
NODE_1_length_207272_cov_29.165056_77	COG0455	223531	3.87e-44	30.258	FlhG	MinD-like ATPase FlhG/YlxH, activator of the FlhF-type GTPase	D	Cell cycle control, cell division, chromosome partitioning
NODE_1_length_207272_cov_29.165056_78	COG1419	224337	8.16e-79	31.628	FlhF	Flagellar biosynthesis GTPase FlhF	N	Cell motility
NODE_1_length_207272_cov_29.165056_79	COG1298	224217	0.0	46.221	FlhA	Flagellar biosynthesis protein FlhA	N	Cell motility
NODE_1_length_207272_cov_29.165056_80	COG1377	224295	8.09e-106	38.462	FlhB	Flagellar biosynthesis protein FlhB	N	Cell motility
NODE_1_length_207272_cov_29.165056_81	COG1684	224598	8.16e-29	28.75	FliR	Flagellar biosynthesis protein FliR	N	Cell motility
NODE_1_length_207272_cov_29.165056_82	COG1987	224898	1.03e-11	44.318	FliQ	Flagellar biosynthesis protein FliQ	N	Cell motility
NODE_1_length_207272_cov_29.165056_83	COG1338	224257	9.01e-86	54.795	FliP	Flagellar biosynthesis protein FliP	N	Cell motility
NODE_1_length_207272_cov_29.165056_84	COG1886	224798	4.18e-25	41.176	FliN	Flagellar motor switch/type III secretory pathway protein FliN	N	Cell motility
NODE_1_length_207272_cov_29.165056_85	COG1868	224781	2.28e-17	21.759	FliM	Flagellar motor switch protein FliM	N	Cell motility
NODE_1_length_207272_cov_29.165056_86	COG1580	224496	1.71e-13	27.703	FliL	Flagellar basal body-associated protein FliL	N	Cell motility
NODE_1_length_207272_cov_29.165056_87	COG2169	225080	0.005	41.463	AdaA	Methylphosphotriester-DNA--protein-cysteine methyltransferase (N-terminal fragment of Ada), contains Zn-binding and two AraC-type DNA-binding domains	L	Replication, recombination and repair
NODE_1_length_207272_cov_29.165056_88	COG1360	224279	6.8e-70	37.931	MotB	Flagellar motor protein MotB	N	Cell motility
NODE_1_length_207272_cov_29.165056_89	COG1291	224210	2.59e-83	43.359	MotA	Flagellar motor component MotA	N	Cell motility
NODE_1_length_207272_cov_29.165056_90	COG1749	224663	5.33e-103	35.402	FlgE	Flagellar hook protein FlgE	N	Cell motility
NODE_1_length_207272_cov_29.165056_91	COG1843	224756	7.83e-07	26.549	FlgD	Flagellar hook-capping protein FlgD	N	Cell motility
NODE_1_length_207272_cov_29.165056_92	COG0741	223812	1.03e-35	41.333	MltE	Soluble lytic murein transglycosylase or regulatory protein s ( may contain LysM/invasin domain)	M	Cell wall/membrane/envelope biogenesis
NODE_1_length_207272_cov_29.165056_94	COG1157	224079	0.0	58.756	FliI	Flagellar biosynthesis/type III secretory pathway ATPase FliI	N	Cell motility
NODE_1_length_207272_cov_29.165056_95	COG1317	224236	3.11e-27	30.337	FliH	Flagellar biosynthesis/type III secretory pathway protein FliH	N	Cell motility
NODE_1_length_207272_cov_29.165056_96	COG1536	224453	4.01e-73	40.988	FliG	Flagellar motor switch protein FliG	N	Cell motility
NODE_1_length_207272_cov_29.165056_97	COG1766	224680	1.21e-103	35.229	FliF	Flagellar biosynthesis/type III secretory pathway M-ring protein FliF/YscJ	N	Cell motility
NODE_1_length_207272_cov_29.165056_98	COG1677	224591	7.9e-21	30.588	FliE	Flagellar hook-basal body complex protein FliE	N	Cell motility
NODE_1_length_207272_cov_29.165056_99	COG1558	224474	8e-62	46.715	FlgC	Flagellar basal body rod protein FlgC	N	Cell motility
NODE_1_length_207272_cov_29.165056_100	COG1815	224728	1.13e-14	24.786	FlgB	Flagellar basal body rod protein FlgB	N	Cell motility
NODE_1_length_207272_cov_29.165056_101	COG1344	224263	1.26e-70	38.44	FlgL	Flagellin and related hook-associated protein FlgL	N	Cell motility
NODE_1_length_207272_cov_29.165056_102	COG1345	224264	1.38e-61	26.13	FliD	Flagellar capping protein FliD	N	Cell motility
NODE_1_length_207272_cov_29.165056_103	COG1516	224433	4.8e-27	33.333	FliS	Flagellin-specific chaperone FliS	N	Cell motility
NODE_1_length_207272_cov_29.165056_104	COG1216	224137	9.06e-40	32.174	WcaE	Glycosyltransferase, GT2 family	G	Carbohydrate transport and metabolism
NODE_1_length_207272_cov_29.165056_105	COG3434	225968	3.36e-79	31.773	YuxH	c-di-GMP phosphodiesterase YuxH/PdeH, contains EAL and HDOD domains	T	Signal transduction mechanisms
NODE_1_length_207272_cov_29.165056_106	COG1648	224562	1.89e-67	41.206	CysG2	Siroheme synthase (precorrin-2 oxidase/ferrochelatase domain)	H	Coenzyme transport and metabolism
NODE_1_length_207272_cov_29.165056_107	COG0421	223498	3.73e-81	43.369	SpeE	Spermidine synthase (polyamine aminopropyltransferase)	E	Amino acid transport and metabolism
NODE_1_length_207272_cov_29.165056_108	COG1586	224502	1.11e-40	38.261	SpeD	S-adenosylmethionine decarboxylase	E	Amino acid transport and metabolism
NODE_1_length_207272_cov_29.165056_109	COG1945	224856	5.14e-38	38.365	PdaD	Pyruvoyl-dependent arginine decarboxylase	E	Amino acid transport and metabolism
NODE_1_length_207272_cov_29.165056_110	COG1568	224484	5.3e-127	43.626	BpsA	Aminopropyltransferase BpsA, N(4)-bis(aminopropyl)spermidine biosynthesis	Q	Secondary metabolites biosynthesis, transport and catabolism
NODE_1_length_207272_cov_29.165056_111	COG1387	224305	1.39e-08	32.039	HIS2	Histidinol phosphatase or related hydrolase of the PHP family	E	Amino acid transport and metabolism
NODE_1_length_207272_cov_29.165056_112	COG0569	223643	1.66e-59	39.171	TrkA	Trk/Ktr K+ transport system regulatory component TrkA/KtrA/KtrC, RCK domain	P	Inorganic ion transport and metabolism
NODE_1_length_207272_cov_29.165056_113	COG0168	223246	8.19e-54	31.707	TrkG	Trk-type K+ transport system, membrane component	P	Inorganic ion transport and metabolism
NODE_1_length_207272_cov_29.165056_114	COG0075	223153	1.56e-167	51.175	PucG	Archaeal aspartate aminotransferase or a related aminotransferase, includes purine catabolism protein PucG	E	Amino acid transport and metabolism
NODE_1_length_207272_cov_29.165056_115	COG1278	224197	6.2e-28	57.576	CspC	Cold shock protein, CspA family	K	Transcription
NODE_1_length_207272_cov_29.165056_117	COG1082	224007	1.35e-31	24.903	YcjR	Sugar phosphate isomerase/epimerase	G	Carbohydrate transport and metabolism
NODE_1_length_207272_cov_29.165056_118	COG2159	225070	1.38e-07	24.39	LigW	5-carboxyvanillate decarboxylase LigW (lignin degradation), amidohydro domain	G	Carbohydrate transport and metabolism
NODE_1_length_207272_cov_29.165056_119	COG2159	225070	9.58e-08	24.272	LigW	5-carboxyvanillate decarboxylase LigW (lignin degradation), amidohydro domain	G	Carbohydrate transport and metabolism
NODE_1_length_207272_cov_29.165056_120	COG5010	227343	0.000109	22.43	TadD	Flp pilus assembly protein TadD, contains TPR repeats	U	Intracellular trafficking, secretion, and vesicular transport
NODE_1_length_207272_cov_29.165056_121	COG2234	225143	3.67e-36	23.249	Iap	Zn-dependent amino- or carboxypeptidase, M28 family	O	Posttranslational modification, protein turnover, chaperones
NODE_1_length_207272_cov_29.165056_122	COG3369	225904	5.3e-18	35.821		Uncharacterized conserved protein, contains Zn-finger domain of CDGSH type	S	Function unknown
NODE_1_length_207272_cov_29.165056_123	COG1146	224069	4.36e-14	32.857	PreA	NAD-dependent dihydropyrimidine dehydrogenase, PreA subunit	F	Nucleotide transport and metabolism
NODE_1_length_207272_cov_29.165056_124	COG1238	224159	1.46e-35	32.099	YgaA	Uncharacterized membrane protein YqaA, VTT domain	S	Function unknown
NODE_1_length_207272_cov_29.165056_125	COG1595	224511	1.44e-45	35.052	RpoE	DNA-directed RNA polymerase specialized sigma subunit, sigma24 family	K	Transcription
NODE_1_length_207272_cov_29.165056_126	COG5662	227949	0.001	20.0	RsiW	Transmembrane transcriptional regulator RsiW (anti-sigma-W factor)	K	Transcription
NODE_1_length_207272_cov_29.165056_127	COG3026	225570	3.24e-08	18.959	RseB	RseB, negative regulator of sigma E activity	T	Signal transduction mechanisms
NODE_1_length_207272_cov_29.165056_128	COG2804	225363	0.0	49.109	PulE	Type II secretory pathway ATPase GspE/PulE or T4P pilus assembly pathway ATPase PilB	N	Cell motility
NODE_1_length_207272_cov_29.165056_129	COG1459	224376	1.43e-94	43.275	PulF	Type II secretory pathway, component PulF	N	Cell motility
NODE_1_length_207272_cov_29.165056_131	COG2165	225076	1.74e-06	31.034	PulG	Type II secretory pathway, pseudopilin PulG	N	Cell motility
NODE_1_length_207272_cov_29.165056_132	COG4970	227305	2.65e-06	40.0	FimT	Type IV pilus assembly protein FimT	N	Cell motility
NODE_1_length_207272_cov_29.165056_133	COG4967	227302	5.3e-10	30.435	PilV	Type IV pilus assembly protein PilV	N	Cell motility
NODE_1_length_207272_cov_29.165056_135	COG3156	225698	2.68e-15	27.317	PulK	Type II secretory pathway, component PulK	U	Intracellular trafficking, secretion, and vesicular transport
NODE_1_length_207272_cov_29.165056_136	COG1682	224596	5.87e-33	29.961	TagG	ABC-type polysaccharide/teichoic acid/polyol phosphate export permease	G	Carbohydrate transport and metabolism
NODE_1_length_207272_cov_29.165056_137	COG0577	223650	4.91e-46	30.0	SalY	ABC-type antimicrobial peptide transport system, permease component	V	Defense mechanisms
NODE_1_length_207272_cov_29.165056_139	COG5512	227799	0.000132	30.12		Predicted  nucleic acid-binding protein, contains Zn-ribbon domain (includes truncated derivatives)	R	General function prediction only
NODE_1_length_207272_cov_29.165056_140	COG0003	223082	6.11e-120	47.04	ArsA	Anion-transporting ATPase, ArsA/GET3 family	P	Inorganic ion transport and metabolism
NODE_1_length_207272_cov_29.165056_142	COG0440	223517	4.69e-75	57.407	IlvH	Acetolactate synthase, small subunit	E	Amino acid transport and metabolism
NODE_1_length_207272_cov_29.165056_143	COG0053	223131	3.13e-92	40.0	FieF	Divalent metal cation (Fe/Co/Zn/Cd) efflux pump	P	Inorganic ion transport and metabolism
NODE_1_length_207272_cov_29.165056_144	COG0726	223798	5.65e-25	27.411	CDA1	Peptidoglycan/xylan/chitin deacetylase, PgdA/NodB/CDA1 family	G	Carbohydrate transport and metabolism
NODE_1_length_207272_cov_29.165056_146	COG0673	223745	2.81e-61	32.635	MviM	Predicted dehydrogenase	R	General function prediction only
NODE_1_length_207272_cov_29.165056_147	COG1538	224455	1.41e-59	31.527	TolC	Outer membrane protein TolC	M	Cell wall/membrane/envelope biogenesis
NODE_1_length_207272_cov_29.165056_148	COG1566	224482	5.47e-22	32.558	EmrA	Multidrug resistance efflux pump EmrA	V	Defense mechanisms
NODE_1_length_207272_cov_29.165056_149	COG1136	224059	2.67e-129	51.111	LolD	ABC-type lipoprotein export system, ATPase component	M	Cell wall/membrane/envelope biogenesis
NODE_1_length_207272_cov_29.165056_150	COG0525	223599	0.0	50.49	ValS	Valyl-tRNA synthetase	J	Translation, ribosomal structure and biogenesis
NODE_1_length_207272_cov_29.165056_151	COG0611	223684	5.02e-86	40.24	ThiL	Thiamine monophosphate kinase	H	Coenzyme transport and metabolism
NODE_1_length_207272_cov_29.165056_152	COG0352	223429	1.79e-59	46.226	ThiE	Thiamine monophosphate synthase	H	Coenzyme transport and metabolism
NODE_1_length_207272_cov_29.165056_154	COG2199	225109	7.92e-41	43.902	GGDEF	GGDEF domain, diguanylate cyclase (c-di-GMP synthetase) or its enzymatically inactive variants	T	Signal transduction mechanisms
NODE_1_length_207272_cov_29.165056_155	COG2206	225116	5.7e-61	41.212	HDGYP	HD-GYP domain, c-di-GMP phosphodiesterase class II (or its inactivated variant)	T	Signal transduction mechanisms
NODE_1_length_207272_cov_29.165056_156	COG0382	223459	1.97e-20	22.654	UbiA	4-hydroxybenzoate polyprenyltransferase	H	Coenzyme transport and metabolism
NODE_1_length_207272_cov_29.165056_157	COG0769	223840	5.87e-155	47.28	MurE	UDP-N-acetylmuramyl tripeptide synthase	M	Cell wall/membrane/envelope biogenesis
NODE_1_length_207272_cov_29.165056_158	COG0684	223756	6.45e-40	36.111	RraA	RNA degradosome component RraA (regulator of RNase E activity)	J	Translation, ribosomal structure and biogenesis
NODE_1_length_207272_cov_29.165056_159	COG0422	223499	0.0	55.53	ThiC	4-amino-2-methyl-5-hydroxymethylpyrimidine (HMP) synthase ThiC	H	Coenzyme transport and metabolism
NODE_1_length_207272_cov_29.165056_161	COG1716	224630	4.2e-17	28.226	FHA	Forkhead associated (FHA) domain, binds pSer, pThr, pTyr	T	Signal transduction mechanisms
NODE_1_length_207272_cov_29.165056_164	COG5662	227949	0.007	18.557	RsiW	Transmembrane transcriptional regulator RsiW (anti-sigma-W factor)	K	Transcription
NODE_1_length_207272_cov_29.165056_165	COG1595	224511	3.78e-42	40.556	RpoE	DNA-directed RNA polymerase specialized sigma subunit, sigma24 family	K	Transcription
NODE_1_length_207272_cov_29.165056_166	COG1109	224034	1.01e-155	38.998	ManB	Phosphomannomutase	G	Carbohydrate transport and metabolism
NODE_1_length_207272_cov_29.165056_167	COG0662	223734	8.94e-16	33.636	ManC	Mannose-6-phosphate isomerase, cupin superfamily	G	Carbohydrate transport and metabolism
NODE_1_length_207272_cov_29.165056_169	COG1208	224129	8.07e-108	41.515	GCD1	NDP-sugar pyrophosphorylase, includes eIF-2Bgamma, eIF-2Bepsilon, and LPS biosynthesis protein s	J	Translation, ribosomal structure and biogenesis
NODE_1_length_207272_cov_29.165056_170	COG0438	223515	3.45e-27	23.155	RfaB	Glycosyltransferase involved in cell wall bisynthesis	M	Cell wall/membrane/envelope biogenesis
NODE_1_length_207272_cov_29.165056_172	COG1331	224250	0.003	27.66	YyaL	Uncharacterized conserved protein YyaL, SSP411 family, contains thoiredoxin and six-hairpin glycosidase-like domains	R	General function prediction only
NODE_1_length_207272_cov_29.165056_176	COG1196	224117	0.0	36.25	Smc	Chromosome segregation ATPase Smc	D	Cell cycle control, cell division, chromosome partitioning
NODE_1_length_207272_cov_29.165056_177	COG1143	224066	4.11e-30	36.429	NuoI	Formate hydrogenlyase subunit 6/NADH:ubiquinone oxidoreductase 23 kD subunit (chain I)	C	Energy production and conversion
NODE_1_length_207272_cov_29.165056_178	COG0377	223454	1.87e-89	56.287	NuoB	NADH:ubiquinone oxidoreductase 20 kD subunit (chain B) or related Fe-S oxidoreductase	C	Energy production and conversion
NODE_1_length_207272_cov_29.165056_179	COG1721	224635	8e-59	31.026	YeaD2	Uncharacterized conserved protein, DUF58 family, contains vWF domain	S	Function unknown
NODE_1_length_207272_cov_29.165056_180	COG0139	223217	1.31e-53	55.046	HisI1	Phosphoribosyl-AMP cyclohydrolase	E	Amino acid transport and metabolism
NODE_1_length_207272_cov_29.165056_181	COG4198	226661	8.13e-28	21.789		Uncharacterized conserved protein, DUF1015 family	S	Function unknown
NODE_1_length_207272_cov_29.165056_182	COG3583	226111	2.34e-12	32.673	YabE	Uncharacterized conserved protein YabE, contains G5 and tandem DUF348 domains	S	Function unknown
NODE_1_length_207272_cov_29.165056_183	COG0793	223864	1.99e-121	43.014	CtpA	C-terminal processing protease CtpA/Prc, contains a PDZ domain	O	Posttranslational modification, protein turnover, chaperones
NODE_1_length_207272_cov_29.165056_184	COG0739	223810	7.02e-55	36.564	NlpD	Murein DD-endopeptidase MepM and murein hydrolase activator NlpD, contains LysM domain	M	Cell wall/membrane/envelope biogenesis
NODE_1_length_207272_cov_29.165056_185	COG2177	225088	6.32e-35	35.043	FtsX	Cell division protein FtsX	D	Cell cycle control, cell division, chromosome partitioning
NODE_1_length_207272_cov_29.165056_186	COG2884	225438	2e-112	56.054	FtsE	Cell division ATPase FtsE	D	Cell cycle control, cell division, chromosome partitioning
NODE_1_length_207272_cov_29.165056_187	COG3970	226479	7.04e-53	27.221		Fumarylacetoacetate (FAA) hydrolase family protein	R	General function prediction only
NODE_1_length_207272_cov_29.165056_188	COG0263	223341	1.56e-166	50.954	ProB	Glutamate 5-kinase	E	Amino acid transport and metabolism
NODE_1_length_207272_cov_29.165056_189	COG0351	223428	3.3e-128	62.264	ThiD	Hydroxymethylpyrimidine/phosphomethylpyrimidine kinase	H	Coenzyme transport and metabolism
NODE_1_length_207272_cov_29.165056_190	COG0665	223737	6.53e-76	33.099	DadA	Glycine/D-amino acid oxidase (deaminating)	E	Amino acid transport and metabolism
NODE_1_length_207272_cov_29.165056_191	COG3640	226166	6.48e-11	39.623	CooC	CO dehydrogenase nickel-insertion accessory protein CooC1	O	Posttranslational modification, protein turnover, chaperones
NODE_1_length_207272_cov_29.165056_192	COG3640	226166	1.46e-08	29.213	CooC	CO dehydrogenase nickel-insertion accessory protein CooC1	O	Posttranslational modification, protein turnover, chaperones
NODE_2_length_182985_cov_30.014366_1	COG0310	223387	6.75e-26	43.704	CbiM	ABC-type Co2+ transport system, permease component	P	Inorganic ion transport and metabolism
NODE_2_length_182985_cov_30.014366_2	COG2191	225102	5.22e-17	25.564	FwdE	Formylmethanofuran dehydrogenase subunit E	C	Energy production and conversion
NODE_2_length_182985_cov_30.014366_4	COG2256	225165	1.23e-21	57.143	RarA	Replication-associated recombination protein RarA (DNA-dependent ATPase)	L	Replication, recombination and repair
NODE_2_length_182985_cov_30.014366_6	COG0475	223551	1.65e-60	31.873	KefB	Kef-type K+ transport system, membrane component KefB	P	Inorganic ion transport and metabolism
NODE_2_length_182985_cov_30.014366_7	COG0021	223100	9.48e-151	28.341	TktA	Transketolase	G	Carbohydrate transport and metabolism
NODE_2_length_182985_cov_30.014366_9	COG0620	223693	2.1e-68	31.437	MetE	Methionine synthase II (cobalamin-independent)	E	Amino acid transport and metabolism
NODE_2_length_182985_cov_30.014366_10	COG2870	225425	1.34e-75	37.987	RfaE	ADP-heptose synthase, bifunctional sugar kinase/adenylyltransferase	M	Cell wall/membrane/envelope biogenesis
NODE_2_length_182985_cov_30.014366_11	COG0534	223608	5.58e-59	30.787	NorM	Na+-driven multidrug efflux pump, DinF/NorM/MATE family	V	Defense mechanisms
NODE_2_length_182985_cov_30.014366_12	COG2373	225248	4.45e-39	17.468	YfaS	Uncharacterized conserved protein YfaS, alpha-2-macroglobulin family	R	General function prediction only
NODE_2_length_182985_cov_30.014366_13	COG0216	223294	2.57e-169	53.933	PrfA	Protein chain release factor RF1	J	Translation, ribosomal structure and biogenesis
NODE_2_length_182985_cov_30.014366_14	COG3872	226390	6.08e-68	33.893	YqhQ	Uncharacterized conserved protein YqhQ, DUF1385 family	S	Function unknown
NODE_2_length_182985_cov_30.014366_15	COG0254	223332	7.62e-26	47.826	RpmE	Ribosomal protein L31	J	Translation, ribosomal structure and biogenesis
NODE_2_length_182985_cov_30.014366_17	COG2197	225107	8.17e-60	41.379	CitB	DNA-binding response regulator, NarL/FixJ family, contains REC and HTH domains	T	Signal transduction mechanisms
NODE_2_length_182985_cov_30.014366_18	COG1091	224016	3e-107	46.263	RfbD	dTDP-4-dehydrorhamnose reductase	M	Cell wall/membrane/envelope biogenesis
NODE_2_length_182985_cov_30.014366_19	COG1397	224315	2.23e-09	20.579	DraG	ADP-ribosylglycohydrolase	O	Posttranslational modification, protein turnover, chaperones
NODE_2_length_182985_cov_30.014366_20	COG1008	223940	0.0	50.707	NuoM	NADH:ubiquinone oxidoreductase subunit 4 (chain M)	C	Energy production and conversion
NODE_2_length_182985_cov_30.014366_21	COG1009	223941	5.74e-173	43.417	NuoL	Membrane H+-translocase/NADH:ubiquinone oxidoreductase subunit 5 (chain L)/Multisubunit Na+/H+ antiporter, MnhA subunit	C	Energy production and conversion
NODE_2_length_182985_cov_30.014366_22	COG0713	223785	3.78e-32	50.505	NuoK	NADH:ubiquinone oxidoreductase subunit 11 or 4L (chain K)	C	Energy production and conversion
NODE_2_length_182985_cov_30.014366_23	COG0839	223909	6.28e-23	41.212	NuoJ	NADH:ubiquinone oxidoreductase subunit 6 (chain J)	C	Energy production and conversion
NODE_2_length_182985_cov_30.014366_28	COG0673	223745	1.91e-53	29.532	MviM	Predicted dehydrogenase	R	General function prediction only
NODE_2_length_182985_cov_30.014366_30	COG4783	227122	1.21e-50	32.692	BepA	Outer membrane protein chaperone/metalloprotease BepA/YfgC, contains M48 and TPR domains	M	Cell wall/membrane/envelope biogenesis
NODE_2_length_182985_cov_30.014366_31	COG5658	227945	9.88e-14	26.596	SdpI	Bacterial immunity/signal transduction membrane protein SdpI,  SdpI/YbgB/DUF1648 family	V	Defense mechanisms
NODE_2_length_182985_cov_30.014366_32	COG1413	224331	1.69e-30	31.269	HEAT	HEAT repeat	R	General function prediction only
NODE_2_length_182985_cov_30.014366_33	COG0691	223763	3.76e-70	54.305	SmpB	tmRNA-binding protein	O	Posttranslational modification, protein turnover, chaperones
NODE_2_length_182985_cov_30.014366_34	COG2331	225210	2.39e-22	37.333		Predicted nucleic acid-binding protein, contains Zn-ribbon domain	R	General function prediction only
NODE_2_length_182985_cov_30.014366_35	COG0124	223202	4.14e-180	45.995	HisS	Histidyl-tRNA synthetase	J	Translation, ribosomal structure and biogenesis
NODE_2_length_182985_cov_30.014366_36	COG1959	224870	8.73e-40	33.333	IscR	DNA-binding transcriptional regulator, IscR family	K	Transcription
NODE_2_length_182985_cov_30.014366_37	COG2080	224991	4.29e-82	64.516	CutS	Aldehyde, CO, or xanthine dehydrogenase, Fe-S subunit, CoxS/CutS family	C	Energy production and conversion
NODE_2_length_182985_cov_30.014366_38	COG1529	224446	0.0	45.078	CoxL	Aldehyde, CO or xanthine dehydrogenase, Mo-binding subunit	C	Energy production and conversion
NODE_2_length_182985_cov_30.014366_39	COG1319	224238	2.98e-84	43.86	CutB	Aldehyde, CO, or xanthine dehydrogenase, FAD-binding subunit	C	Energy production and conversion
NODE_2_length_182985_cov_30.014366_40	COG3427	225961	5.77e-29	34.228	CoxG	Carbon monoxide dehydrogenase subunit CoxG	C	Energy production and conversion
NODE_2_length_182985_cov_30.014366_41	COG0823	223893	7.94e-26	29.012	TolB	Periplasmic component TolB of the Tol biopolymer transport system	U	Intracellular trafficking, secretion, and vesicular transport
NODE_2_length_182985_cov_30.014366_42	COG3250	225789	5.24e-110	20.988	LacZ	Beta-galactosidase/beta-glucuronidase	G	Carbohydrate transport and metabolism
NODE_2_length_182985_cov_30.014366_43	COG1028	223959	1.65e-56	37.548	FabG	NAD(P)-dependent dehydrogenase, short-chain alcohol dehydrogenase family	I	Lipid transport and metabolism
NODE_2_length_182985_cov_30.014366_44	COG4907	227244	3.64e-07	17.391		Uncharacterized membrane protein	S	Function unknown
NODE_2_length_182985_cov_30.014366_45	COG1088	224013	0.0	52.493	RfbB	dTDP-D-glucose 4,6-dehydratase	M	Cell wall/membrane/envelope biogenesis
NODE_2_length_182985_cov_30.014366_46	COG0127	223205	2.25e-71	47.179	RdgB	Inosine/xanthosine triphosphate pyrophosphatase, all-alpha NTP-PPase family	F	Nucleotide transport and metabolism
NODE_2_length_182985_cov_30.014366_47	COG1212	224133	1.46e-111	50.593	KdsB	CMP-2-keto-3-deoxyoctulosonic acid synthetase	M	Cell wall/membrane/envelope biogenesis
NODE_2_length_182985_cov_30.014366_48	COG1879	224791	3.56e-79	40.0	RbsB	ABC-type sugar transport system, periplasmic component, contains N-terminal xre family HTH domain	G	Carbohydrate transport and metabolism
NODE_2_length_182985_cov_30.014366_49	COG0821	223891	2.23e-160	59.866	IspG	4-hydroxy-3-methylbut-2-en-1-yl diphosphate synthase IspG/GcpE	I	Lipid transport and metabolism
NODE_2_length_182985_cov_30.014366_50	COG0555	223629	3.48e-49	32.567	CysU	ABC-type sulfate transport system, permease component	P	Inorganic ion transport and metabolism
NODE_2_length_182985_cov_30.014366_51	COG2193	225104	2.7e-10	26.619	Bfr	Bacterioferritin (cytochrome b1)	P	Inorganic ion transport and metabolism
NODE_2_length_182985_cov_30.014366_55	COG0147	223225	9.45e-166	43.167	TrpE	Anthranilate/para-aminobenzoate synthases component I	E	Amino acid transport and metabolism
NODE_2_length_182985_cov_30.014366_56	COG1104	224029	0.0	63.874	NifS	Cysteine desulfurase/Cysteine sulfinate desulfinase IscS or related enzyme, NifS family	E	Amino acid transport and metabolism
NODE_2_length_182985_cov_30.014366_57	COG0245	223323	1.36e-85	61.935	IspF	2C-methyl-D-erythritol 2,4-cyclodiphosphate synthase	I	Lipid transport and metabolism
NODE_2_length_182985_cov_30.014366_58	COG3448	225979	1.1e-24	42.636		CBS-domain-containing membrane protein	T	Signal transduction mechanisms
NODE_2_length_182985_cov_30.014366_59	COG1011	223943	6.72e-36	28.511	YigB	FMN and 5-amino-6-(5-phospho-D-ribitylamino)uracil phosphatase YigB, HAD superfamily (riboflavin biosynthesis)	H	Coenzyme transport and metabolism
NODE_2_length_182985_cov_30.014366_61	COG0177	223255	2.54e-64	33.636	Nth	Endonuclease III	L	Replication, recombination and repair
NODE_2_length_182985_cov_30.014366_62	COG1615	224531	0.0	34.54		Uncharacterized membrane protein, UPF0182 family	S	Function unknown
NODE_2_length_182985_cov_30.014366_63	COG2077	224988	6.88e-77	57.692	Tpx	Peroxiredoxin	O	Posttranslational modification, protein turnover, chaperones
NODE_2_length_182985_cov_30.014366_64	COG1812	224725	2.1e-162	48.25	MetK2	Archaeal S-adenosylmethionine synthetase	H	Coenzyme transport and metabolism
NODE_2_length_182985_cov_30.014366_65	COG2220	225130	6.41e-33	27.313	UlaG	L-ascorbate lactonase UlaG, metallo-beta-lactamase superfamily	G	Carbohydrate transport and metabolism
NODE_2_length_182985_cov_30.014366_66	COG0108	223186	1.57e-109	59.709	RibB	3,4-dihydroxy-2-butanone 4-phosphate synthase	H	Coenzyme transport and metabolism
NODE_2_length_182985_cov_30.014366_68	COG0815	223885	7.12e-63	29.771	Lnt	Apolipoprotein N-acyltransferase	M	Cell wall/membrane/envelope biogenesis
NODE_2_length_182985_cov_30.014366_69	COG1975	224886	3.56e-34	24.468	XdhC	Molybdoenzyme maturation factor PaoD (Mo cofactor insertion), XdhC/CoxF family	O	Posttranslational modification, protein turnover, chaperones
NODE_2_length_182985_cov_30.014366_70	COG0587	223660	0.0	46.711	DnaE	DNA polymerase III, alpha subunit	L	Replication, recombination and repair
NODE_2_length_182985_cov_30.014366_71	COG2234	225143	1.72e-24	27.232	Iap	Zn-dependent amino- or carboxypeptidase, M28 family	O	Posttranslational modification, protein turnover, chaperones
NODE_2_length_182985_cov_30.014366_72	COG3253	225792	3.77e-44	27.234	HemQ	Coproheme decarboxylase/chlorite dismutase	H	Coenzyme transport and metabolism
NODE_2_length_182985_cov_30.014366_73	COG0644	223717	4.18e-51	29.367	FixC	Dehydrogenase (flavoprotein)	C	Energy production and conversion
NODE_2_length_182985_cov_30.014366_75	COG0329	223406	1.7e-80	42.199	DapA	4-hydroxy-tetrahydrodipicolinate synthase/N-acetylneuraminate lyase	E	Amino acid transport and metabolism
NODE_2_length_182985_cov_30.014366_77	COG0296	223373	0.0	58.978	GlgB	1,4-alpha-glucan branching enzyme	G	Carbohydrate transport and metabolism
NODE_2_length_182985_cov_30.014366_78	COG0451	223528	8.21e-49	30.723	WcaG	Nucleoside-diphosphate-sugar epimerase	M	Cell wall/membrane/envelope biogenesis
NODE_2_length_182985_cov_30.014366_81	COG0621	223694	1.46e-149	38.914	MiaB	tRNA A37 methylthiotransferase MiaB	J	Translation, ribosomal structure and biogenesis
NODE_2_length_182985_cov_30.014366_82	COG0629	223702	6.88e-12	31.132	Ssb	Single-stranded DNA-binding protein	L	Replication, recombination and repair
NODE_2_length_182985_cov_30.014366_83	COG1355	224274	9.77e-46	30.132	Mho1	Predicted class III extradiol dioxygenase, MEMO1 family	R	General function prediction only
NODE_2_length_182985_cov_30.014366_84	COG0646	223719	3.86e-70	32.588	MetH1	Methionine synthase I (cobalamin-dependent), methyltransferase domain	E	Amino acid transport and metabolism
NODE_2_length_182985_cov_30.014366_85	COG0533	223607	6.04e-160	53.571	TsaD	tRNA A37 threonylcarbamoyltransferase TsaD	J	Translation, ribosomal structure and biogenesis
NODE_2_length_182985_cov_30.014366_86	COG0540	223614	5.33e-136	45.794	PyrB	Aspartate carbamoyltransferase, catalytic subunit	F	Nucleotide transport and metabolism
NODE_2_length_182985_cov_30.014366_87	COG1041	223971	2e-13	28.571	Trm11	tRNA G10 N-methylase Trm11	J	Translation, ribosomal structure and biogenesis
NODE_2_length_182985_cov_30.014366_89	COG2250	225159	6.45e-05	26.23	HEPN	HEPN domain protein, predicted toxin of MNT-HEPN system	V	Defense mechanisms
NODE_2_length_182985_cov_30.014366_90	COG0044	223122	0.0	47.477	AllB	Dihydroorotase or related cyclic amidohydrolase	F	Nucleotide transport and metabolism
NODE_2_length_182985_cov_30.014366_91	COG0505	223579	0.0	57.754	CarA	Carbamoylphosphate synthase small subunit	E	Amino acid transport and metabolism
NODE_2_length_182985_cov_30.014366_92	COG0458	223534	0.0	66.497	CarB	Carbamoylphosphate synthase large subunit	E	Amino acid transport and metabolism
NODE_2_length_182985_cov_30.014366_95	COG4636	226983	1.53e-11	23.858	Uma2	Endonuclease, Uma2 family (restriction endonuclease fold)	R	General function prediction only
NODE_2_length_182985_cov_30.014366_96	COG3842	226361	1.42e-114	41.823	PotA	ABC-type Fe3+/spermidine/putrescine transport systems, ATPase component	E	Amino acid transport and metabolism
NODE_2_length_182985_cov_30.014366_97	COG1104	224029	0.0	58.377	NifS	Cysteine desulfurase/Cysteine sulfinate desulfinase IscS or related enzyme, NifS family	E	Amino acid transport and metabolism
NODE_2_length_182985_cov_30.014366_100	COG1129	224053	0.0	53.892	MglA	ABC-type sugar transport system, ATPase component	G	Carbohydrate transport and metabolism
NODE_2_length_182985_cov_30.014366_102	COG0461	223537	1.26e-35	32.984	PyrE	Orotate phosphoribosyltransferase	F	Nucleotide transport and metabolism
NODE_2_length_182985_cov_30.014366_103	COG2327	225208	4.65e-42	27.123	WcaK	Polysaccharide pyruvyl transferase family protein WcaK (colanic acid biosynthesis)	M	Cell wall/membrane/envelope biogenesis
NODE_2_length_182985_cov_30.014366_104	COG0561	223635	3.64e-35	25.267	Cof	Hydroxymethylpyrimidine pyrophosphatase and other HAD family phosphatases	H	Coenzyme transport and metabolism
NODE_2_length_182985_cov_30.014366_105	COG0602	223675	1.2e-34	27.165	QueE	Organic radical activating enzyme NrdG/QueE	H	Coenzyme transport and metabolism
NODE_2_length_182985_cov_30.014366_106	COG0859	223928	1.24e-61	29.552	RfaF	ADP-heptose:LPS heptosyltransferase	M	Cell wall/membrane/envelope biogenesis
NODE_2_length_182985_cov_30.014366_107	COG1459	224376	3.02e-127	39.853	PulF	Type II secretory pathway, component PulF	N	Cell motility
NODE_2_length_182985_cov_30.014366_108	COG2805	225364	0.0	61.236	PilT	Type IV pilus assembly protein PilT, pilus retraction ATPase	N	Cell motility
NODE_2_length_182985_cov_30.014366_109	COG2804	225363	0.0	47.093	PulE	Type II secretory pathway ATPase GspE/PulE or T4P pilus assembly pathway ATPase PilB	N	Cell motility
NODE_2_length_182985_cov_30.014366_110	COG1402	224320	5.4e-48	34.632	ArfB	Creatinine amidohydrolase/Fe(II)-dependent FAPy formamide hydrolase (riboflavin and F420 biosynthesis)	H	Coenzyme transport and metabolism
NODE_2_length_182985_cov_30.014366_111	COG0526	223600	1.23e-10	27.551	TrxA	Thiol-disulfide isomerase or thioredoxin	O	Posttranslational modification, protein turnover, chaperones
NODE_2_length_182985_cov_30.014366_113	COG0066	223144	5.02e-80	46.023	LeuD	3-isopropylmalate dehydratase small subunit	E	Amino acid transport and metabolism
NODE_2_length_182985_cov_30.014366_114	COG0451	223528	5.16e-52	33.548	WcaG	Nucleoside-diphosphate-sugar epimerase	M	Cell wall/membrane/envelope biogenesis
NODE_2_length_182985_cov_30.014366_115	COG0543	223617	4.66e-30	28.146	Mcr1	NAD(P)H-flavin reductase	H	Coenzyme transport and metabolism
NODE_2_length_182985_cov_30.014366_117	COG0106	223184	1.43e-98	51.23	HisA	Phosphoribosylformimino-5-aminoimidazole carboxamide ribonucleotide (ProFAR) isomerase	E	Amino acid transport and metabolism
NODE_2_length_182985_cov_30.014366_118	COG3485	226016	0.007	27.273	PcaH	Protocatechuate 3,4-dioxygenase beta subunit	Q	Secondary metabolites biosynthesis, transport and catabolism
NODE_2_length_182985_cov_30.014366_119	COG0674	223746	1.66e-93	37.306	PorA	Pyruvate:ferredoxin oxidoreductase or related 2-oxoacid:ferredoxin oxidoreductase, alpha subunit	C	Energy production and conversion
NODE_2_length_182985_cov_30.014366_120	COG1013	223945	1.37e-97	36.94	PorB	Pyruvate:ferredoxin oxidoreductase or related 2-oxoacid:ferredoxin oxidoreductase, beta subunit	C	Energy production and conversion
NODE_2_length_182985_cov_30.014366_121	COG0609	223682	1.91e-65	40.606	FepD	ABC-type Fe3+-siderophore transport system, permease component	P	Inorganic ion transport and metabolism
NODE_2_length_182985_cov_30.014366_122	COG1957	224868	7.4e-38	27.304	URH1	Inosine-uridine nucleoside N-ribohydrolase	F	Nucleotide transport and metabolism
NODE_2_length_182985_cov_30.014366_123	COG0013	223092	0.0	50.558	AlaS	Alanyl-tRNA synthetase	J	Translation, ribosomal structure and biogenesis
NODE_2_length_182985_cov_30.014366_124	COG0819	223889	4.41e-72	40.826	TenA	Aminopyrimidine aminohydrolase TenA (thiamine salvage pathway)	H	Coenzyme transport and metabolism
NODE_2_length_182985_cov_30.014366_125	COG1778	224692	4.08e-67	43.373	KdsC	3-deoxy-D-manno-octulosonate 8-phosphate phosphatase KdsC and related HAD superfamily phosphatases	M	Cell wall/membrane/envelope biogenesis
NODE_2_length_182985_cov_30.014366_126	COG1023	223954	4.32e-124	48.077	YqeC	6-phosphogluconate dehydrogenase (decarboxylating)	G	Carbohydrate transport and metabolism
NODE_2_length_182985_cov_30.014366_128	COG3395	225930	1.74e-07	26.667	OtnK	D-threonate/D-erythronate kinase OtnK and related C4-acid sugar kinases, YgbK/DUF1537 family	G	Carbohydrate transport and metabolism
NODE_2_length_182985_cov_30.014366_129	COG0464	223540	6.37e-31	25.056	SpoVK	AAA+-type ATPase, SpoVK/Ycf46/Vps4 family	M	Cell wall/membrane/envelope biogenesis
NODE_2_length_182985_cov_30.014366_130	COG0841	223911	0.008	35.294	AcrB	Multidrug efflux pump subunit AcrB	V	Defense mechanisms
NODE_2_length_182985_cov_30.014366_131	COG1253	224173	3.09e-109	34.286	TlyC	Hemolysin-related protein, contains CBS domains, UPF0053 family	R	General function prediction only
NODE_2_length_182985_cov_30.014366_132	COG1253	224173	4.7e-111	38.605	TlyC	Hemolysin-related protein, contains CBS domains, UPF0053 family	R	General function prediction only
NODE_2_length_182985_cov_30.014366_133	COG2152	225063	1.52e-96	45.283		Predicted glycosyl hydrolase, GH43/DUF377 family	G	Carbohydrate transport and metabolism
NODE_2_length_182985_cov_30.014366_135	COG0460	223536	2.44e-134	48.318	ThrA	Homoserine dehydrogenase	E	Amino acid transport and metabolism
NODE_2_length_182985_cov_30.014366_136	COG0498	223572	5.27e-139	45.479	ThrC	Threonine synthase	E	Amino acid transport and metabolism
NODE_2_length_182985_cov_30.014366_138	COG2881	225436	0.000339	38.71	Yip1	GTPase-interacting Yip1 domain	R	General function prediction only
NODE_2_length_182985_cov_30.014366_139	COG0006	223085	2.1e-43	30.114	PepP	Xaa-Pro aminopeptidase	E	Amino acid transport and metabolism
NODE_2_length_182985_cov_30.014366_143	COG0119	223197	0.0	57.518	LeuA	Isopropylmalate/homocitrate/citramalate synthases	E	Amino acid transport and metabolism
NODE_2_length_182985_cov_30.014366_145	COG1585	224501	1.1e-06	21.379	YbbJ	Membrane protein implicated in regulation of membrane protease activity	O	Posttranslational modification, protein turnover, chaperones
NODE_2_length_182985_cov_30.014366_146	COG2268	225177	8.72e-73	33.268	YqiK	Uncharacterized membrane protein YqiK, contains Band7/PHB/SPFH domain	S	Function unknown
NODE_2_length_182985_cov_30.014366_147	COG0617	223690	2.05e-51	33.036	PcnB	tRNA nucleotidyltransferase/poly(A) polymerase	J	Translation, ribosomal structure and biogenesis
NODE_2_length_182985_cov_30.014366_149	COG4448	226856	2.77e-79	36.991	AnsA2	L-asparaginase II	E	Amino acid transport and metabolism
NODE_2_length_182985_cov_30.014366_150	COG2080	224991	1.22e-80	59.211	CutS	Aldehyde, CO, or xanthine dehydrogenase, Fe-S subunit, CoxS/CutS family	C	Energy production and conversion
NODE_2_length_182985_cov_30.014366_151	COG0751	223822	0.0	42.736	GlyS	Glycyl-tRNA synthetase, beta subunit	J	Translation, ribosomal structure and biogenesis
NODE_2_length_182985_cov_30.014366_152	COG0604	223677	6.45e-102	48.466	Qor	NADPH:quinone reductase or related Zn-dependent oxidoreductase	C	Energy production and conversion
NODE_2_length_182985_cov_30.014366_153	COG4964	227299	2.17e-64	35.843	CpaC	Flp pilus assembly protein, secretin CpaC	U	Intracellular trafficking, secretion, and vesicular transport
NODE_2_length_182985_cov_30.014366_154	COG1082	224007	3.79e-14	20.641	YcjR	Sugar phosphate isomerase/epimerase	G	Carbohydrate transport and metabolism
NODE_2_length_182985_cov_30.014366_155	COG2319	225201	2.72e-56	37.092	WD40	WD40 repeat	R	General function prediction only
NODE_2_length_182985_cov_30.014366_156	COG0473	223549	2.21e-157	50.704	LeuB	Isocitrate/isopropylmalate dehydrogenase	C	Energy production and conversion
NODE_3_length_169065_cov_30.307892_1	COG2165	225076	1.08e-06	26.667	PulG	Type II secretory pathway, pseudopilin PulG	N	Cell motility
NODE_3_length_169065_cov_30.307892_9	COG2197	225107	8.06e-14	36.842	CitB	DNA-binding response regulator, NarL/FixJ family, contains REC and HTH domains	T	Signal transduction mechanisms
NODE_3_length_169065_cov_30.307892_10	COG0469	223545	0.0	53.445	PykF	Pyruvate kinase	G	Carbohydrate transport and metabolism
NODE_3_length_169065_cov_30.307892_11	COG1225	224146	7.35e-10	35.0	Bcp	Peroxiredoxin	O	Posttranslational modification, protein turnover, chaperones
NODE_3_length_169065_cov_30.307892_12	COG2863	225418	3.2e-09	20.548	CytC553	Cytochrome c553	C	Energy production and conversion
NODE_3_length_169065_cov_30.307892_13	COG1940	224851	1.44e-82	40.683	NagC	Sugar kinase of the NBD/HSP70 family, may contain an N-terminal HTH domain	G	Carbohydrate transport and metabolism
NODE_3_length_169065_cov_30.307892_14	COG0173	223251	0.0	56.796	AspS	Aspartyl-tRNA synthetase	J	Translation, ribosomal structure and biogenesis
NODE_3_length_169065_cov_30.307892_15	COG0492	223566	1.43e-131	56.579	TrxB	Thioredoxin reductase	O	Posttranslational modification, protein turnover, chaperones
NODE_3_length_169065_cov_30.307892_16	COG1832	224745	1.4e-59	51.799	YccU	Predicted CoA-binding protein	R	General function prediction only
NODE_3_length_169065_cov_30.307892_18	COG4783	227122	0.000468	19.318	BepA	Outer membrane protein chaperone/metalloprotease BepA/YfgC, contains M48 and TPR domains	M	Cell wall/membrane/envelope biogenesis
NODE_3_length_169065_cov_30.307892_19	COG0040	223118	3.26e-88	40.339	HisG	ATP phosphoribosyltransferase	E	Amino acid transport and metabolism
NODE_3_length_169065_cov_30.307892_20	COG1196	224117	9.7e-05	27.273	Smc	Chromosome segregation ATPase Smc	D	Cell cycle control, cell division, chromosome partitioning
NODE_3_length_169065_cov_30.307892_21	COG1131	224054	2.57e-105	39.286	CcmA	ABC-type multidrug transport system, ATPase component	V	Defense mechanisms
NODE_3_length_169065_cov_30.307892_22	COG1277	224196	5.03e-09	22.872	NosY	ABC-type transport system involved in multi-copper enzyme maturation, permease component	O	Posttranslational modification, protein turnover, chaperones
NODE_3_length_169065_cov_30.307892_23	COG3225	225766	8.01e-14	20.077	GldG	ABC-type uncharacterized transport system involved in gliding motility, auxiliary component	N	Cell motility
NODE_3_length_169065_cov_30.307892_25	COG0414	223491	2.43e-157	62.191	PanC	Panthothenate synthetase	H	Coenzyme transport and metabolism
NODE_3_length_169065_cov_30.307892_26	COG3854	226372	3.62e-59	46.541	SpoIIIAA	Stage III sporulation protein SpoIIIAA	D	Cell cycle control, cell division, chromosome partitioning
NODE_3_length_169065_cov_30.307892_27	COG0125	223203	1.4e-86	46.635	Tmk	Thymidylate kinase	F	Nucleotide transport and metabolism
NODE_3_length_169065_cov_30.307892_28	COG2812	225369	7.12e-35	32.489	DnaX	DNA polymerase III, gamma/tau subunits	L	Replication, recombination and repair
NODE_3_length_169065_cov_30.307892_29	COG0613	223686	1.77e-14	32.576	YciV	5'-3' exoribonuclease TrpH/YciV (RNase AM), contains PHP domain	F	Nucleotide transport and metabolism
NODE_3_length_169065_cov_30.307892_30	COG0486	223561	0.000738	36.765	MnmE	tRNA U34 5-carboxymethylaminomethyl modifying GTPase MnmE/TrmE	J	Translation, ribosomal structure and biogenesis
NODE_3_length_169065_cov_30.307892_31	COG4235	226687	0.009	21.978	NrfG	Cytochrome c-type biogenesis protein CcmH/NrfG	C	Energy production and conversion
NODE_3_length_169065_cov_30.307892_32	COG0065	223143	0.0	52.358	LeuC	Homoaconitase/3-isopropylmalate dehydratase large subunit	E	Amino acid transport and metabolism
NODE_3_length_169065_cov_30.307892_33	COG1597	224513	8.1e-73	38.305	LCB5	Phosphatidylglycerol kinase, diacylglycerol kinase family	I	Lipid transport and metabolism
NODE_3_length_169065_cov_30.307892_35	COG0425	223502	4.75e-22	41.892	TusA	Sulfur carrier protein TusA (tRNA thiolation, molybdenum cofactor biosynthesis)	J	Translation, ribosomal structure and biogenesis
NODE_3_length_169065_cov_30.307892_36	COG2095	225006	1.01e-36	34.184	MarC	Small neutral amino acid transporter SnatA, MarC family	E	Amino acid transport and metabolism
NODE_3_length_169065_cov_30.307892_37	COG1453	224370	1.55e-27	24.533		Predicted oxidoreductase of the aldo/keto reductase family	R	General function prediction only
NODE_3_length_169065_cov_30.307892_39	COG0709	223781	7.87e-101	45.819	SelD	Selenophosphate synthase	E	Amino acid transport and metabolism
NODE_3_length_169065_cov_30.307892_40	COG5653	227940	1.94e-21	24.224	BcsL	Acetyltransferase involved in cellulose biosynthesis, CelD/BcsL family	N	Cell motility
NODE_3_length_169065_cov_30.307892_41	COG2814	225371	2.59e-16	24.932	AraJ	Predicted arabinose efflux permease AraJ, MFS family	G	Carbohydrate transport and metabolism
NODE_3_length_169065_cov_30.307892_42	COG4287	226737	2.95e-81	34.491	PqaA	PhoPQ-activated pathogenicity-related protein	R	General function prediction only
NODE_3_length_169065_cov_30.307892_43	COG1197	224118	0.0	44.885	Mfd	Transcription-repair coupling factor (superfamily II helicase)	L	Replication, recombination and repair
NODE_3_length_169065_cov_30.307892_44	COG0504	223578	0.0	69.623	PyrG	CTP synthase (UTP-ammonia lyase)	F	Nucleotide transport and metabolism
NODE_3_length_169065_cov_30.307892_45	COG2768	225358	0.000251	25.18		Uncharacterized Fe-S cluster protein	S	Function unknown
NODE_3_length_169065_cov_30.307892_46	COG1005	223937	1.25e-126	52.568	NuoH	NADH:ubiquinone oxidoreductase subunit 1 (chain H)	C	Energy production and conversion
NODE_3_length_169065_cov_30.307892_47	COG3842	226361	8.43e-138	49.02	PotA	ABC-type Fe3+/spermidine/putrescine transport systems, ATPase component	E	Amino acid transport and metabolism
NODE_3_length_169065_cov_30.307892_48	COG1178	224099	1.52e-87	32.136	FbpB	ABC-type Fe3+ transport system, permease component	P	Inorganic ion transport and metabolism
NODE_3_length_169065_cov_30.307892_51	COG0730	223802	1.6e-16	32.422	TauE	Sulfite exporter TauE/SafE/YfcA and related permeases, UPF0721 family	P	Inorganic ion transport and metabolism
NODE_3_length_169065_cov_30.307892_52	COG1132	224055	0.0	42.133	MdlB	ABC-type multidrug transport system, ATPase and permease component	V	Defense mechanisms
NODE_3_length_169065_cov_30.307892_53	COG0494	223568	2.23e-09	29.907	MutT	8-oxo-dGTP pyrophosphatase MutT and related house-cleaning NTP pyrophosphohydrolases, NUDIX family	V	Defense mechanisms
NODE_3_length_169065_cov_30.307892_55	COG0205	223283	2.48e-87	31.105	PfkA	6-phosphofructokinase	G	Carbohydrate transport and metabolism
NODE_3_length_169065_cov_30.307892_59	COG1225	224146	0.000122	40.625	Bcp	Peroxiredoxin	O	Posttranslational modification, protein turnover, chaperones
NODE_3_length_169065_cov_30.307892_61	COG0511	223585	9.82e-27	31.333	AccB	Biotin carboxyl carrier protein	I	Lipid transport and metabolism
NODE_3_length_169065_cov_30.307892_62	COG0342	223419	1.27e-123	37.067	SecD	Preprotein translocase subunit SecD	U	Intracellular trafficking, secretion, and vesicular transport
NODE_3_length_169065_cov_30.307892_63	COG0341	223418	2.35e-76	39.542	SecF	Preprotein translocase subunit SecF	U	Intracellular trafficking, secretion, and vesicular transport
NODE_3_length_169065_cov_30.307892_64	COG0689	223761	6.92e-99	54.661	Rph	Ribonuclease PH	J	Translation, ribosomal structure and biogenesis
NODE_3_length_169065_cov_30.307892_66	COG2608	225328	4.64e-11	30.0	CopZ	Copper chaperone CopZ	P	Inorganic ion transport and metabolism
NODE_3_length_169065_cov_30.307892_68	COG0673	223745	6.22e-40	22.46	MviM	Predicted dehydrogenase	R	General function prediction only
NODE_3_length_169065_cov_30.307892_69	COG1477	224394	1.24e-47	33.588	ApbE	FAD:protein FMN transferase ApbE	H	Coenzyme transport and metabolism
NODE_3_length_169065_cov_30.307892_70	COG0673	223745	9.55e-50	27.841	MviM	Predicted dehydrogenase	R	General function prediction only
NODE_3_length_169065_cov_30.307892_71	COG0043	223121	0.0	49.378	UbiD	3-polyprenyl-4-hydroxybenzoate decarboxylase	H	Coenzyme transport and metabolism
NODE_3_length_169065_cov_30.307892_72	COG1129	224053	0.0	54.134	MglA	ABC-type sugar transport system, ATPase component	G	Carbohydrate transport and metabolism
NODE_3_length_169065_cov_30.307892_74	COG1840	224753	2.77e-47	30.98	AfuA	ABC-type Fe3+ transport system, periplasmic component	P	Inorganic ion transport and metabolism
NODE_3_length_169065_cov_30.307892_75	COG1321	224240	4.69e-11	33.544	MntR	Mn-dependent transcriptional regulator MntR, DtxR family	K	Transcription
NODE_3_length_169065_cov_30.307892_76	COG3809	226331	3.87e-07	32.609		Predicted nucleic acid-binding protein, contains Zn-finger domain	R	General function prediction only
NODE_3_length_169065_cov_30.307892_77	COG1482	224399	4.89e-13	24.422	ManA	Mannose-6-phosphate isomerase, class I	G	Carbohydrate transport and metabolism
NODE_3_length_169065_cov_30.307892_78	COG0542	223616	4.72e-46	29.388	ClpA	ATP-dependent Clp protease, ATP-binding subunit ClpA	O	Posttranslational modification, protein turnover, chaperones
NODE_3_length_169065_cov_30.307892_79	COG0115	223193	1.24e-92	45.091	IlvE	Branched-chain amino acid aminotransferase/4-amino-4-deoxychorismate lyase	E	Amino acid transport and metabolism
NODE_3_length_169065_cov_30.307892_80	COG0542	223616	0.0	52.645	ClpA	ATP-dependent Clp protease, ATP-binding subunit ClpA	O	Posttranslational modification, protein turnover, chaperones
NODE_3_length_169065_cov_30.307892_81	COG3525	226056	2.01e-06	21.338	Chb	N-acetyl-beta-hexosaminidase	G	Carbohydrate transport and metabolism
NODE_3_length_169065_cov_30.307892_82	COG0673	223745	8.8e-55	32.143	MviM	Predicted dehydrogenase	R	General function prediction only
NODE_3_length_169065_cov_30.307892_83	COG0792	223863	9.95e-32	41.739	YraN	Predicted endonuclease distantly related to archaeal Holliday junction resolvase, YraN/UPF0102 family	L	Replication, recombination and repair
NODE_3_length_169065_cov_30.307892_84	COG0322	223399	0.0	47.249	UvrC	Excinuclease UvrABC, nuclease subunit	L	Replication, recombination and repair
NODE_3_length_169065_cov_30.307892_85	COG2519	225317	6.35e-89	42.802	Gcd14	tRNA A58 N-methylase Trm61	J	Translation, ribosomal structure and biogenesis
NODE_3_length_169065_cov_30.307892_87	COG0297	223374	0.0	48.776	GlgA	Glycogen synthase	G	Carbohydrate transport and metabolism
NODE_3_length_169065_cov_30.307892_88	COG0294	223371	3.73e-99	48.529	FolP	Dihydropteroate synthase	H	Coenzyme transport and metabolism
NODE_3_length_169065_cov_30.307892_90	COG1655	224569	0.003	26.786		Uncharacterized conserved protein, DUF2225 family	S	Function unknown
NODE_3_length_169065_cov_30.307892_91	COG0589	223662	7.5e-23	38.0	UspA	Nucleotide-binding universal stress protein,  UspA family	T	Signal transduction mechanisms
NODE_3_length_169065_cov_30.307892_93	COG3303	225840	6.17e-54	26.359	NrfA	Formate-dependent nitrite reductase, periplasmic cytochrome c552 subunit	P	Inorganic ion transport and metabolism
NODE_3_length_169065_cov_30.307892_94	COG4354	226800	0.000222	20.807		Uncharacterized conserved protein, contains GBA2_N and DUF608 domains	S	Function unknown
NODE_3_length_169065_cov_30.307892_95	COG2151	225062	4.02e-39	47.0	PaaD	Metal-sulfur cluster biosynthetic enzyme	O	Posttranslational modification, protein turnover, chaperones
NODE_3_length_169065_cov_30.307892_96	COG0623	223696	1.33e-144	61.111	FabI	Enoyl-[acyl-carrier-protein] reductase FabI	I	Lipid transport and metabolism
NODE_3_length_169065_cov_30.307892_97	COG0151	223229	0.0	56.563	PurD	Phosphoribosylamine-glycine ligase	F	Nucleotide transport and metabolism
NODE_3_length_169065_cov_30.307892_98	COG1529	224446	1.03e-145	35.067	CoxL	Aldehyde, CO or xanthine dehydrogenase, Mo-binding subunit	C	Energy production and conversion
NODE_3_length_169065_cov_30.307892_99	COG4636	226983	4.79e-15	28.497	Uma2	Endonuclease, Uma2 family (restriction endonuclease fold)	R	General function prediction only
NODE_3_length_169065_cov_30.307892_100	COG2080	224991	2.19e-84	60.645	CutS	Aldehyde, CO, or xanthine dehydrogenase, Fe-S subunit, CoxS/CutS family	C	Energy production and conversion
NODE_3_length_169065_cov_30.307892_101	COG0655	223728	2.26e-16	28.0	WrbA	Multimeric flavodoxin WrbA, includes NAD(P)H:quinone oxidoreductase	C	Energy production and conversion
NODE_3_length_169065_cov_30.307892_103	COG1807	224720	5.14e-13	20.807	ArnT	PMT family glycosyltransferase ArnT/Agl22, involved in glycosylation of proteins and lipid IVA	M	Cell wall/membrane/envelope biogenesis
NODE_3_length_169065_cov_30.307892_104	COG0451	223528	1.39e-86	37.654	WcaG	Nucleoside-diphosphate-sugar epimerase	M	Cell wall/membrane/envelope biogenesis
NODE_3_length_169065_cov_30.307892_105	COG2720	225341	1.16e-59	32.542	YoaR	Vancomycin resistance protein YoaR (function unknown), contains peptidoglycan-binding and VanW domains	V	Defense mechanisms
NODE_3_length_169065_cov_30.307892_106	COG0289	223366	6.25e-96	41.544	DapB	4-hydroxy-tetrahydrodipicolinate reductase	E	Amino acid transport and metabolism
NODE_3_length_169065_cov_30.307892_107	COG0673	223745	1.49e-52	27.273	MviM	Predicted dehydrogenase	R	General function prediction only
NODE_3_length_169065_cov_30.307892_108	COG0614	223687	1.44e-48	28.763	FepB	ABC-type Fe3+-hydroxamate transport system, periplasmic component	P	Inorganic ion transport and metabolism
NODE_3_length_169065_cov_30.307892_109	COG5525	227812	0.000841	16.883	gpA1	Phage terminase, large subunit GpA	X	Mobilome: prophages, transposons
NODE_3_length_169065_cov_30.307892_110	COG1082	224007	9.87e-28	23.129	YcjR	Sugar phosphate isomerase/epimerase	G	Carbohydrate transport and metabolism
NODE_3_length_169065_cov_30.307892_111	COG3636	226162	0.007	34.146	PA5055	Uncharacterized Zn-binding protein, DUF971 domain	X	Mobilome: prophages, transposons
NODE_3_length_169065_cov_30.307892_112	COG1063	223991	2.15e-87	39.316	Tdh	Threonine dehydrogenase or related Zn-dependent dehydrogenase	E	Amino acid transport and metabolism
NODE_3_length_169065_cov_30.307892_113	COG2110	225021	5.09e-60	40.223	YmdB	O-acetyl-ADP-ribose deacetylase (regulator of RNase III), contains Macro domain	J	Translation, ribosomal structure and biogenesis
NODE_3_length_169065_cov_30.307892_114	COG0483	223559	1.69e-65	38.683	SuhB	Archaeal fructose-1,6-bisphosphatase or related enzyme, inositol monophosphatase family	G	Carbohydrate transport and metabolism
NODE_3_length_169065_cov_30.307892_115	COG0116	223194	9.97e-88	35.325	RlmL	23S rRNA G2445 N2-methylase RlmL	J	Translation, ribosomal structure and biogenesis
NODE_3_length_169065_cov_30.307892_116	COG1989	224900	4.26e-28	36.364	PulO	Prepilin signal peptidase PulO (type II secretory pathway) or related peptidase	N	Cell motility
NODE_3_length_169065_cov_30.307892_117	COG1041	223971	4.72e-07	25.954	Trm11	tRNA G10 N-methylase Trm11	J	Translation, ribosomal structure and biogenesis
NODE_3_length_169065_cov_30.307892_118	COG1082	224007	2.26e-45	28.571	YcjR	Sugar phosphate isomerase/epimerase	G	Carbohydrate transport and metabolism
NODE_3_length_169065_cov_30.307892_119	COG0457	223533	2.03e-09	32.407	TPR	Tetratricopeptide (TPR) repeat	R	General function prediction only
NODE_3_length_169065_cov_30.307892_120	COG2085	224996	2.2e-45	37.073		Predicted dinucleotide-binding enzyme	R	General function prediction only
NODE_3_length_169065_cov_30.307892_121	COG1262	224182	6.56e-38	26.056	YfmG	Formylglycine-generating enzyme, required for sulfatase activity, contains SUMF1/FGE domain	O	Posttranslational modification, protein turnover, chaperones
NODE_3_length_169065_cov_30.307892_122	COG1477	224394	1.09e-87	42.606	ApbE	FAD:protein FMN transferase ApbE	H	Coenzyme transport and metabolism
NODE_3_length_169065_cov_30.307892_123	COG0673	223745	1.01e-43	24.176	MviM	Predicted dehydrogenase	R	General function prediction only
NODE_3_length_169065_cov_30.307892_124	COG1028	223959	4.85e-62	41.502	FabG	NAD(P)-dependent dehydrogenase, short-chain alcohol dehydrogenase family	I	Lipid transport and metabolism
NODE_3_length_169065_cov_30.307892_125	COG1268	224187	3.35e-40	50.667	BioY	Biotin transporter BioY	H	Coenzyme transport and metabolism
NODE_3_length_169065_cov_30.307892_126	COG0566	223640	7.31e-63	36.364	SpoU	tRNA G18 (ribose-2'-O)-methylase SpoU	J	Translation, ribosomal structure and biogenesis
NODE_3_length_169065_cov_30.307892_127	COG0355	223432	2.25e-29	43.363	AtpC	FoF1-type ATP synthase, epsilon subunit	C	Energy production and conversion
NODE_3_length_169065_cov_30.307892_128	COG2220	225130	3.78e-33	25.769	UlaG	L-ascorbate lactonase UlaG, metallo-beta-lactamase superfamily	G	Carbohydrate transport and metabolism
NODE_3_length_169065_cov_30.307892_129	COG3458	225989	2.64e-06	24.537	Axe1	Cephalosporin-C deacetylase or related acetyl esterase	Q	Secondary metabolites biosynthesis, transport and catabolism
NODE_3_length_169065_cov_30.307892_130	COG0307	223384	3.41e-93	51.707	RibC	Riboflavin synthase alpha chain	H	Coenzyme transport and metabolism
NODE_3_length_169065_cov_30.307892_131	COG0305	223382	0.0	48.667	DnaB	Replicative DNA helicase	L	Replication, recombination and repair
NODE_3_length_169065_cov_30.307892_132	COG0359	223436	1.23e-50	44.755	RplI	Ribosomal protein L9	J	Translation, ribosomal structure and biogenesis
NODE_3_length_169065_cov_30.307892_133	COG1463	224380	3.68e-25	24.917	MlaD	Periplasmic subunit MlaD of the ABC-type intermembrane phospholipid transporter Mla	M	Cell wall/membrane/envelope biogenesis
NODE_3_length_169065_cov_30.307892_134	COG1127	224052	6.54e-102	48.207	MlaF	ATPase subunit MlaF of the ABC-type intermembrane phospholipid transporter Mla	M	Cell wall/membrane/envelope biogenesis
NODE_3_length_169065_cov_30.307892_135	COG1235	224156	2.54e-16	19.322	PhnP	Phosphoribosyl 1,2-cyclic phosphate phosphodiesterase	P	Inorganic ion transport and metabolism
NODE_3_length_169065_cov_30.307892_136	COG0501	223575	3.2e-20	25.21	HtpX	Zn-dependent protease with chaperone function	O	Posttranslational modification, protein turnover, chaperones
NODE_3_length_169065_cov_30.307892_137	COG0074	223152	2.95e-164	64.846	SucD	Succinyl-CoA synthetase, alpha subunit	C	Energy production and conversion
NODE_3_length_169065_cov_30.307892_138	COG1801	224714	3.02e-71	38.077	YecE	Sugar isomerase-related protein YecE, UPF0759/DUF72 family	R	General function prediction only
NODE_3_length_169065_cov_30.307892_139	COG2515	225313	5.26e-94	42.296	Acd	1-aminocyclopropane-1-carboxylate deaminase/D-cysteine desulfhydrase, PLP-dependent ACC family	E	Amino acid transport and metabolism
NODE_3_length_169065_cov_30.307892_141	COG0277	223354	3.14e-132	42.208	GlcD	FAD/FMN-containing lactate dehydrogenase/glycolate oxidase	C	Energy production and conversion
NODE_3_length_169065_cov_30.307892_142	COG1082	224007	8.93e-44	26.688	YcjR	Sugar phosphate isomerase/epimerase	G	Carbohydrate transport and metabolism
NODE_3_length_169065_cov_30.307892_143	COG0673	223745	7.07e-35	23.869	MviM	Predicted dehydrogenase	R	General function prediction only
NODE_3_length_169065_cov_30.307892_144	COG0673	223745	3.16e-71	28.571	MviM	Predicted dehydrogenase	R	General function prediction only
NODE_3_length_169065_cov_30.307892_145	COG0760	223831	4.77e-08	19.792	SurA	Peptidyl-prolyl isomerase, parvulin family	O	Posttranslational modification, protein turnover, chaperones
NODE_3_length_169065_cov_30.307892_146	COG1060	223988	1.06e-160	48.056	ThiH	2-iminoacetate synthase ThiH/Menaquinone biosynthesis enzymes MqnC and MqnE	H	Coenzyme transport and metabolism
NODE_3_length_169065_cov_30.307892_148	COG4354	226800	5.81e-45	24.057		Uncharacterized conserved protein, contains GBA2_N and DUF608 domains	S	Function unknown
NODE_3_length_169065_cov_30.307892_149	COG4948	227284	1.09e-97	37.784	RspA	L-alanine-DL-glutamate epimerase or related enzyme of enolase superfamily	M	Cell wall/membrane/envelope biogenesis
NODE_3_length_169065_cov_30.307892_150	COG0581	223654	8.35e-90	48.76	PstA	ABC-type phosphate transport system, permease component	P	Inorganic ion transport and metabolism
NODE_3_length_169065_cov_30.307892_151	COG0573	223646	2.63e-86	43.333	PstC	ABC-type phosphate transport system, permease component	P	Inorganic ion transport and metabolism
NODE_3_length_169065_cov_30.307892_152	COG0235	223313	5.46e-55	42.654	AraD	5-methylthioribulose/5-deoxyribulose/Fuculose 1-phosphate aldolase (methionine salvage, sugar degradation)	E	Amino acid transport and metabolism
NODE_4_length_129997_cov_30.308620_2	COG1468	224385	4.28e-25	34.503	Cas4	CRISPR/Cas system-associated exonuclease Cas4, RecB family	V	Defense mechanisms
NODE_4_length_129997_cov_30.308620_3	COG1518	224435	1.73e-118	43.582	Cas1	CRISPR-Cas system-associated integrase Cas1	V	Defense mechanisms
NODE_4_length_129997_cov_30.308620_4	COG1343	224262	6.11e-25	44.944	Cas2	CRISPR/Cas system-associated endoribonuclease Cas2	V	Defense mechanisms
NODE_4_length_129997_cov_30.308620_5	COG1583	224499	1.34e-51	34.8	Cas6	CRISPR/Cas system endoribonuclease Cas6, RAMP superfamily	V	Defense mechanisms
NODE_4_length_129997_cov_30.308620_7	COG0768	223839	3.53e-147	33.546	FtsI	Cell division protein FtsI, peptidoglycan transpeptidase (Penicillin-binding protein 2)	D	Cell cycle control, cell division, chromosome partitioning
NODE_4_length_129997_cov_30.308620_9	COG0275	223352	1.81e-100	41.748	RmsH	16S rRNA C1402 N4-methylase RsmH	J	Translation, ribosomal structure and biogenesis
NODE_4_length_129997_cov_30.308620_10	COG2001	224912	1.09e-27	31.2	MraZ	MraZ, DNA-binding transcriptional regulator and inhibitor of RsmH methyltransferase activity	J	Translation, ribosomal structure and biogenesis
NODE_4_length_129997_cov_30.308620_11	COG0489	223563	4.66e-66	42.446	Mrp	Fe-S cluster carrier ATPase, Mrp/ApbC/NBP35 family	D	Cell cycle control, cell division, chromosome partitioning
NODE_4_length_129997_cov_30.308620_12	COG1879	224791	5.76e-60	32.55	RbsB	ABC-type sugar transport system, periplasmic component, contains N-terminal xre family HTH domain	G	Carbohydrate transport and metabolism
NODE_4_length_129997_cov_30.308620_13	COG1879	224791	1.43e-76	37.049	RbsB	ABC-type sugar transport system, periplasmic component, contains N-terminal xre family HTH domain	G	Carbohydrate transport and metabolism
NODE_4_length_129997_cov_30.308620_14	COG1233	224154	3.7e-127	35.038		Phytoene dehydrogenase-related protein	Q	Secondary metabolites biosynthesis, transport and catabolism
NODE_4_length_129997_cov_30.308620_19	COG2143	225054	6.45e-07	21.918	SoxW	Thioredoxin-related protein SoxW	O	Posttranslational modification, protein turnover, chaperones
NODE_4_length_129997_cov_30.308620_20	COG1184	224105	1.04e-38	27.113	GCD2	Translation initiation factor 2B subunit, eIF-2B alpha/beta/delta family	J	Translation, ribosomal structure and biogenesis
NODE_4_length_129997_cov_30.308620_21	COG0064	223142	0.0	52.893	GatB	Asp-tRNAAsn/Glu-tRNAGln amidotransferase B subunit	J	Translation, ribosomal structure and biogenesis
NODE_4_length_129997_cov_30.308620_23	COG1191	224112	2e-41	37.288	FliA	DNA-directed RNA polymerase specialized sigma subunit	K	Transcription
NODE_4_length_129997_cov_30.308620_24	COG2813	225370	1.88e-60	37.5	RsmC	16S rRNA G1207 methylase RsmC	J	Translation, ribosomal structure and biogenesis
NODE_4_length_129997_cov_30.308620_25	COG3847	226366	3.14e-12	48.0	Flp	Flp pilus assembly protein, pilin Flp	U	Intracellular trafficking, secretion, and vesicular transport
NODE_4_length_129997_cov_30.308620_26	COG3847	226366	4.73e-12	46.0	Flp	Flp pilus assembly protein, pilin Flp	U	Intracellular trafficking, secretion, and vesicular transport
NODE_4_length_129997_cov_30.308620_28	COG1132	224055	0.0	46.853	MdlB	ABC-type multidrug transport system, ATPase and permease component	V	Defense mechanisms
NODE_4_length_129997_cov_30.308620_29	COG0612	223685	2.86e-83	31.517	PqqL	Predicted Zn-dependent peptidase, M16 family	R	General function prediction only
NODE_4_length_129997_cov_30.308620_31	COG1413	224331	7.79e-11	29.545	HEAT	HEAT repeat	R	General function prediction only
NODE_4_length_129997_cov_30.308620_32	COG1892	224804	1.11e-140	38.417	PpcA	Phosphoenolpyruvate carboxylase	G	Carbohydrate transport and metabolism
NODE_4_length_129997_cov_30.308620_33	COG1597	224513	9.58e-66	36.066	LCB5	Phosphatidylglycerol kinase, diacylglycerol kinase family	I	Lipid transport and metabolism
NODE_4_length_129997_cov_30.308620_34	COG1692	224606	4.32e-138	58.779	YmdB	2',3'- and 3',5'-cNMP phosphodiesterase YmdB, calcineurin family	T	Signal transduction mechanisms
NODE_4_length_129997_cov_30.308620_35	COG0733	223805	3.54e-104	32.272	YocR	Na+-dependent transporter, SNF family	R	General function prediction only
NODE_4_length_129997_cov_30.308620_38	COG0772	223843	6.31e-90	40.608	FtsW	Peptodoglycan polymerase FtsW/RodA/SpoVE	D	Cell cycle control, cell division, chromosome partitioning
NODE_4_length_129997_cov_30.308620_39	COG3481	226012	4.43e-48	30.038	YhaM	3'-5' exoribonuclease YhaM, can participate in 23S rRNA maturation,  HD superfamily	J	Translation, ribosomal structure and biogenesis
NODE_4_length_129997_cov_30.308620_40	COG0019	223098	4.38e-153	43.243	LysA	Diaminopimelate decarboxylase	E	Amino acid transport and metabolism
NODE_4_length_129997_cov_30.308620_41	COG0350	223427	1.29e-33	42.727	AdaB	DNA repair enzyme Ada (O6-methylguanine-DNA--protein-cysteine methyltransferase)	L	Replication, recombination and repair
NODE_4_length_129997_cov_30.308620_42	COG1735	224649	6.2e-65	34.891	Php	Predicted metal-dependent hydrolase, phosphotriesterase family	R	General function prediction only
NODE_4_length_129997_cov_30.308620_43	COG0738	223809	1.87e-10	18.394	FucP	Fucose permease	G	Carbohydrate transport and metabolism
NODE_4_length_129997_cov_30.308620_44	COG3485	226016	0.001	21.918	PcaH	Protocatechuate 3,4-dioxygenase beta subunit	Q	Secondary metabolites biosynthesis, transport and catabolism
NODE_4_length_129997_cov_30.308620_45	COG0312	223389	4.95e-73	27.442	TldD	Zn-dependent protease PmbA/TldA or its inactivated homolog	R	General function prediction only
NODE_4_length_129997_cov_30.308620_46	COG2009	224920	5.45e-11	25.203	SdhC	Succinate dehydrogenase/fumarate reductase, cytochrome b subunit	C	Energy production and conversion
NODE_4_length_129997_cov_30.308620_49	COG1609	224525	3.98e-65	36.071	PurR	DNA-binding transcriptional regulator, LacI/PurR family	K	Transcription
NODE_4_length_129997_cov_30.308620_50	COG1807	224720	9.66e-43	35.088	ArnT	PMT family glycosyltransferase ArnT/Agl22, involved in glycosylation of proteins and lipid IVA	M	Cell wall/membrane/envelope biogenesis
NODE_4_length_129997_cov_30.308620_51	COG4783	227122	9.08e-07	32.222	BepA	Outer membrane protein chaperone/metalloprotease BepA/YfgC, contains M48 and TPR domains	M	Cell wall/membrane/envelope biogenesis
NODE_4_length_129997_cov_30.308620_52	COG1249	224169	3.14e-156	43.956	Lpd	Dihydrolipoamide dehydrogenase (E3) component of pyruvate/2-oxoglutarate dehydrogenase complex or glutathione oxidoreductase	C	Energy production and conversion
NODE_4_length_129997_cov_30.308620_53	COG0745	223816	1.18e-34	45.378	OmpR	DNA-binding response regulator, OmpR family, contains REC and winged-helix (wHTH) domain	T	Signal transduction mechanisms
NODE_4_length_129997_cov_30.308620_54	COG0745	223816	2.24e-34	47.009	OmpR	DNA-binding response regulator, OmpR family, contains REC and winged-helix (wHTH) domain	T	Signal transduction mechanisms
NODE_4_length_129997_cov_30.308620_55	COG0188	223266	2.21e-18	32.99	GyrA	DNA gyrase/topoisomerase IV, subunit A	L	Replication, recombination and repair
NODE_4_length_129997_cov_30.308620_56	COG3804	226326	2.4e-27	22.941		Uncharacterized conserved protein	S	Function unknown
NODE_4_length_129997_cov_30.308620_57	COG0047	223125	4.27e-131	59.565	PurL2	Phosphoribosylformylglycinamidine (FGAM) synthase, glutamine amidotransferase domain	F	Nucleotide transport and metabolism
NODE_4_length_129997_cov_30.308620_58	COG0794	223865	1.17e-84	58.919	GutQ	D-arabinose 5-phosphate isomerase GutQ	G	Carbohydrate transport and metabolism
NODE_4_length_129997_cov_30.308620_60	COG2165	225076	5.66e-14	37.097	PulG	Type II secretory pathway, pseudopilin PulG	N	Cell motility
NODE_4_length_129997_cov_30.308620_61	COG3684	226209	4.25e-70	32.641	LacD	Tagatose-1,6-bisphosphate/sulfofructosephosphate aldolase	G	Carbohydrate transport and metabolism
NODE_4_length_129997_cov_30.308620_62	COG0150	223228	3.46e-132	47.041	PurM	Phosphoribosylaminoimidazole (AIR) synthetase	F	Nucleotide transport and metabolism
NODE_4_length_129997_cov_30.308620_64	COG1459	224376	1.74e-56	27.5	PulF	Type II secretory pathway, component PulF	N	Cell motility
NODE_4_length_129997_cov_30.308620_65	COG0039	223117	4.13e-26	29.213	Mdh	Malate/lactate dehydrogenase	C	Energy production and conversion
NODE_4_length_129997_cov_30.308620_66	COG2423	225280	3.94e-120	46.273	OCDMu	Ornithine cyclodeaminase/archaeal alanine dehydrogenase, mu-crystallin family	E	Amino acid transport and metabolism
NODE_4_length_129997_cov_30.308620_67	COG1163	224085	4.15e-98	34.946	Rbg1	Ribosome-interacting GTPase RBG1	J	Translation, ribosomal structure and biogenesis
NODE_4_length_129997_cov_30.308620_70	COG0795	223866	2.4e-49	28.142	LptF	Lipopolysaccharide export LptBFGC system, permease protein LptF	M	Cell wall/membrane/envelope biogenesis
NODE_4_length_129997_cov_30.308620_71	COG2107	225018	2.87e-113	46.739	MqnD	1,4-dihydroxy-6-naphtoate synthase (menaquinone biosynthesis, futalosine pathway)	H	Coenzyme transport and metabolism
NODE_4_length_129997_cov_30.308620_72	COG1807	224720	1.6e-42	26.341	ArnT	PMT family glycosyltransferase ArnT/Agl22, involved in glycosylation of proteins and lipid IVA	M	Cell wall/membrane/envelope biogenesis
NODE_4_length_129997_cov_30.308620_73	COG0001	223080	0.0	61.593	HemL	Glutamate-1-semialdehyde aminotransferase	H	Coenzyme transport and metabolism
NODE_4_length_129997_cov_30.308620_74	COG4277	226727	4.46e-113	40.566		Predicted DNA modification or repair protein, contains radical SAM and helix-hairpin-helix domains	R	General function prediction only
NODE_4_length_129997_cov_30.308620_75	COG0118	223196	1.6e-112	59.113	HisH	Imidazoleglycerol phosphate synthase glutamine amidotransferase subunit HisH	E	Amino acid transport and metabolism
NODE_4_length_129997_cov_30.308620_76	COG0816	223886	5.71e-37	43.478	YqgF	YqgF/RuvX protein, pre-16S rRNA maturation RNase/Holliday junction resolvase/anti-termination factor	J	Translation, ribosomal structure and biogenesis
NODE_4_length_129997_cov_30.308620_79	COG0446	223523	8.85e-28	19.373	FadH2	NADPH-dependent 2,4-dienoyl-CoA reductase, sulfur reductase, or a related oxidoreductase	I	Lipid transport and metabolism
NODE_4_length_129997_cov_30.308620_81	COG0353	223430	6.42e-95	53.846	RecR	Recombinational DNA repair protein RecR	L	Replication, recombination and repair
NODE_4_length_129997_cov_30.308620_82	COG0718	223790	4.57e-15	36.364	YbaB	DNA-binding nucleoid-associated protein YbaB/EfbC	K	Transcription
NODE_4_length_129997_cov_30.308620_83	COG0524	223598	9.87e-67	36.601	RbsK	Sugar or nucleoside kinase, ribokinase family	G	Carbohydrate transport and metabolism
NODE_4_length_129997_cov_30.308620_84	COG4030	226517	1.37e-64	35.276		Predicted phosphohydrolase, HAD superfamily	R	General function prediction only
NODE_4_length_129997_cov_30.308620_85	COG0788	223859	0.000111	26.752	PurU	Formyltetrahydrofolate hydrolase	F	Nucleotide transport and metabolism
NODE_4_length_129997_cov_30.308620_86	COG0612	223685	2.06e-97	32.067	PqqL	Predicted Zn-dependent peptidase, M16 family	R	General function prediction only
NODE_4_length_129997_cov_30.308620_87	COG0030	223109	9.75e-84	39.623	RsmA	16S rRNA A1518 and A1519 N6-dimethyltransferase RsmA/KsgA/DIM1 (may also have DNA glycosylase/AP lyase activity)	J	Translation, ribosomal structure and biogenesis
NODE_4_length_129997_cov_30.308620_88	COG0752	223823	0.0	71.478	GlyQ	Glycyl-tRNA synthetase, alpha subunit	J	Translation, ribosomal structure and biogenesis
NODE_4_length_129997_cov_30.308620_89	COG0823	223893	3.91e-25	30.802	TolB	Periplasmic component TolB of the Tol biopolymer transport system	U	Intracellular trafficking, secretion, and vesicular transport
NODE_4_length_129997_cov_30.308620_90	COG0112	223190	0.0	61.369	GlyA	Glycine/serine hydroxymethyltransferase	E	Amino acid transport and metabolism
NODE_4_length_129997_cov_30.308620_94	COG0363	223440	6.82e-87	44.082	NagB	6-phosphogluconolactonase/Glucosamine-6-phosphate isomerase/deaminase	G	Carbohydrate transport and metabolism
NODE_4_length_129997_cov_30.308620_95	COG1070	223996	4.57e-132	33.73	XylB	Sugar (pentulose or hexulose) kinase	G	Carbohydrate transport and metabolism
NODE_4_length_129997_cov_30.308620_96	COG0853	223922	2.46e-65	57.377	PanD	Aspartate 1-decarboxylase	H	Coenzyme transport and metabolism
NODE_4_length_129997_cov_30.308620_97	COG1082	224007	6.46e-16	22.179	YcjR	Sugar phosphate isomerase/epimerase	G	Carbohydrate transport and metabolism
NODE_4_length_129997_cov_30.308620_104	COG0407	223484	3.1e-149	53.333	HemE	Uroporphyrinogen-III decarboxylase HemE	H	Coenzyme transport and metabolism
NODE_4_length_129997_cov_30.308620_105	COG1259	224179	8.23e-43	44.0		Bifunctional DNase/RNase	R	General function prediction only
NODE_4_length_129997_cov_30.308620_106	COG0628	223701	8.88e-45	28.846	PerM	Predicted PurR-regulated permease PerM	R	General function prediction only
NODE_4_length_129997_cov_30.308620_107	COG1191	224112	3.48e-68	40.161	FliA	DNA-directed RNA polymerase specialized sigma subunit	K	Transcription
NODE_4_length_129997_cov_30.308620_108	COG2172	225083	5.38e-18	24.46	RsbW	Anti-sigma regulatory factor (Ser/Thr protein kinase)	T	Signal transduction mechanisms
NODE_4_length_129997_cov_30.308620_110	COG0482	223558	4.26e-159	46.409	MnmA	tRNA U34 2-thiouridine synthase MnmA/TrmU, contains the PP-loop ATPase domain	J	Translation, ribosomal structure and biogenesis
NODE_4_length_129997_cov_30.308620_111	COG2179	225090	3.22e-46	40.426	YqeG	Predicted phosphohydrolase YqeG, HAD superfamily	R	General function prediction only
NODE_4_length_129997_cov_30.308620_112	COG4254	226705	8.66e-07	27.966		Uncharacterized peptidoglycan binding protein, contains LysM and FecR  domains	R	General function prediction only
NODE_4_length_129997_cov_30.308620_113	COG2114	225025	1.16e-39	30.29	AcyC	Adenylate cyclase, class 3	T	Signal transduction mechanisms
NODE_4_length_129997_cov_30.308620_114	COG2270	225179	2.61e-09	18.481	BtlA	MFS-type transporter involved in bile tolerance, Atg22 family	R	General function prediction only
NODE_4_length_129997_cov_30.308620_115	COG0421	223498	1.34e-25	27.928	SpeE	Spermidine synthase (polyamine aminopropyltransferase)	E	Amino acid transport and metabolism
NODE_4_length_129997_cov_30.308620_116	COG0566	223640	8.86e-51	36.047	SpoU	tRNA G18 (ribose-2'-O)-methylase SpoU	J	Translation, ribosomal structure and biogenesis
NODE_5_length_124920_cov_30.396001_1	COG0084	223162	1.47e-105	47.126	TatD	3'->5' ssDNA/RNA exonuclease TatD	N	Cell motility
NODE_5_length_124920_cov_30.396001_2	COG0673	223745	4.77e-52	28.045	MviM	Predicted dehydrogenase	R	General function prediction only
NODE_5_length_124920_cov_30.396001_4	COG1278	224197	7e-32	62.687	CspC	Cold shock protein, CspA family	K	Transcription
NODE_5_length_124920_cov_30.396001_5	COG5285	227609	3.44e-17	20.717	PhyH	Ectoine hydroxylase-related dioxygenase, phytanoyl-CoA dioxygenase (PhyH) family	Q	Secondary metabolites biosynthesis, transport and catabolism
NODE_5_length_124920_cov_30.396001_6	COG2513	225311	1.32e-102	43.509	PrpB	2-Methylisocitrate lyase and related enzymes, PEP mutase family	G	Carbohydrate transport and metabolism
NODE_5_length_124920_cov_30.396001_9	COG1188	224109	2.13e-21	39.13	HslR	Ribosomal 50S subunit-recycling heat shock protein, contains S4 domain	J	Translation, ribosomal structure and biogenesis
NODE_5_length_124920_cov_30.396001_10	COG3828	226349	5.23e-24	26.904		Type 1 glutamine amidotransferase (GATase1)-like domain	R	General function prediction only
NODE_5_length_124920_cov_30.396001_11	COG2407	225271	1.93e-51	25.314	FucI	L-fucose isomerase or related protein	G	Carbohydrate transport and metabolism
NODE_5_length_124920_cov_30.396001_12	COG0345	223422	5.34e-108	57.414	ProC	Pyrroline-5-carboxylate reductase	E	Amino acid transport and metabolism
NODE_5_length_124920_cov_30.396001_13	COG1186	224107	2.61e-120	58.159	PrfB	Protein chain release factor PrfB	J	Translation, ribosomal structure and biogenesis
NODE_5_length_124920_cov_30.396001_14	COG0169	223247	3.71e-90	44.186	AroE	Shikimate 5-dehydrogenase	E	Amino acid transport and metabolism
NODE_5_length_124920_cov_30.396001_15	COG1826	224739	2.25e-16	42.623	TatA	Twin-arginine protein secretion pathway components TatA and TatB	U	Intracellular trafficking, secretion, and vesicular transport
NODE_5_length_124920_cov_30.396001_16	COG2199	225109	1.57e-67	50.556	GGDEF	GGDEF domain, diguanylate cyclase (c-di-GMP synthetase) or its enzymatically inactive variants	T	Signal transduction mechanisms
NODE_5_length_124920_cov_30.396001_17	COG0577	223650	2.74e-15	18.155	SalY	ABC-type antimicrobial peptide transport system, permease component	V	Defense mechanisms
NODE_5_length_124920_cov_30.396001_19	COG2017	224928	0.000263	20.183	GalM	Galactose mutarotase or related enzyme	G	Carbohydrate transport and metabolism
NODE_5_length_124920_cov_30.396001_20	COG1350	224269	0.0	67.053		Predicted alternative tryptophan synthase beta-subunit (paralog of TrpB)	E	Amino acid transport and metabolism
NODE_5_length_124920_cov_30.396001_21	COG0436	223513	1.38e-160	45.477	AspB	Aspartate/methionine/tyrosine aminotransferase	E	Amino acid transport and metabolism
NODE_5_length_124920_cov_30.396001_23	COG0343	223420	0.0	57.263	Tgt	Queuine/archaeosine tRNA-ribosyltransferase	J	Translation, ribosomal structure and biogenesis
NODE_5_length_124920_cov_30.396001_25	COG0791	223862	5.41e-36	47.967	NlpC	Cell wall-associated hydrolase, NlpC_P60 family	M	Cell wall/membrane/envelope biogenesis
NODE_5_length_124920_cov_30.396001_27	COG4783	227122	7.13e-06	24.719	BepA	Outer membrane protein chaperone/metalloprotease BepA/YfgC, contains M48 and TPR domains	M	Cell wall/membrane/envelope biogenesis
NODE_5_length_124920_cov_30.396001_28	COG0714	223786	3.68e-111	51.863	MoxR	MoxR-like ATPase	R	General function prediction only
NODE_5_length_124920_cov_30.396001_29	COG1059	223987	4.36e-53	41.176	ENDO3c	Thermostable 8-oxoguanine DNA glycosylase	L	Replication, recombination and repair
NODE_5_length_124920_cov_30.396001_30	COG1105	224030	3.24e-111	45.161	FruK	1-phosphofructokinase or 6-phosphofructokinase II	G	Carbohydrate transport and metabolism
NODE_5_length_124920_cov_30.396001_32	COG1355	224274	4.78e-95	45.035	Mho1	Predicted class III extradiol dioxygenase, MEMO1 family	R	General function prediction only
NODE_5_length_124920_cov_30.396001_33	COG0673	223745	4.16e-60	24.277	MviM	Predicted dehydrogenase	R	General function prediction only
NODE_5_length_124920_cov_30.396001_35	COG5662	227949	1.47e-05	30.488	RsiW	Transmembrane transcriptional regulator RsiW (anti-sigma-W factor)	K	Transcription
NODE_5_length_124920_cov_30.396001_36	COG0498	223572	1.95e-150	40.741	ThrC	Threonine synthase	E	Amino acid transport and metabolism
NODE_5_length_124920_cov_30.396001_37	COG1977	224888	3.88e-20	34.831	MoaD	Molybdopterin synthase sulfur carrier subunit MoaD	H	Coenzyme transport and metabolism
NODE_5_length_124920_cov_30.396001_39	COG0028	223107	0.0	53.86	IlvB	Acetolactate synthase large subunit or other thiamine pyrophosphate-requiring enzyme	E	Amino acid transport and metabolism
NODE_5_length_124920_cov_30.396001_40	COG1966	224877	3.73e-178	40.296	CstA	Carbon starvation protein CstA (peptide/pyruvate transporter)	C	Energy production and conversion
NODE_5_length_124920_cov_30.396001_43	COG0580	223653	3.04e-40	34.661	GlpF	Glycerol uptake facilitator or related aquaporin (Major Intrinsic protein Family)	G	Carbohydrate transport and metabolism
NODE_5_length_124920_cov_30.396001_44	COG0569	223643	2.94e-48	34.081	TrkA	Trk/Ktr K+ transport system regulatory component TrkA/KtrA/KtrC, RCK domain	P	Inorganic ion transport and metabolism
NODE_5_length_124920_cov_30.396001_45	COG0589	223662	1.16e-10	24.324	UspA	Nucleotide-binding universal stress protein,  UspA family	T	Signal transduction mechanisms
NODE_5_length_124920_cov_30.396001_47	COG0531	223605	5.61e-48	25.229	PotE	Serine transporter YbeC, amino acid:H+ symporter family	E	Amino acid transport and metabolism
NODE_5_length_124920_cov_30.396001_48	COG1418	224336	4.47e-56	47.982	RnaY	HD superfamily phosphodieaserase, includes HD domain of RNase Y	J	Translation, ribosomal structure and biogenesis
NODE_5_length_124920_cov_30.396001_49	COG2137	225048	9.81e-16	31.25	RecX	SOS response regulatory protein OraA/RecX, interacts with RecA	O	Posttranslational modification, protein turnover, chaperones
NODE_5_length_124920_cov_30.396001_50	COG0468	223544	7.79e-110	56.993	RecA	RecA/RadA recombinase	L	Replication, recombination and repair
NODE_5_length_124920_cov_30.396001_51	COG1475	224392	1.72e-57	47.012	Spo0J	Chromosome segregation protein Spo0J, contains ParB-like nuclease domain	D	Cell cycle control, cell division, chromosome partitioning
NODE_5_length_124920_cov_30.396001_52	COG2206	225116	1.57e-73	38.14	HDGYP	HD-GYP domain, c-di-GMP phosphodiesterase class II (or its inactivated variant)	T	Signal transduction mechanisms
NODE_5_length_124920_cov_30.396001_53	COG2078	224989	2.13e-82	50.99	AMMECR1	Predicted RNA modification protein, AMMECR1 domain	R	General function prediction only
NODE_5_length_124920_cov_30.396001_54	COG4867	227204	7.45e-05	23.926		Uncharacterized conserved protein, contains von Willebrand factor type A (vWFA) domain	S	Function unknown
NODE_5_length_124920_cov_30.396001_55	COG1624	224539	8.12e-29	33.136	DisA	c-di-AMP synthetase, contains DisA_N domain	T	Signal transduction mechanisms
NODE_5_length_124920_cov_30.396001_56	COG0766	223837	6.78e-169	47.454	MurA	UDP-N-acetylglucosamine enolpyruvyl transferase	M	Cell wall/membrane/envelope biogenesis
NODE_5_length_124920_cov_30.396001_57	COG1077	224003	9.76e-166	64.157	MreB	Cell shape-determining ATPase MreB, actin-like superfamily	D	Cell cycle control, cell division, chromosome partitioning
NODE_5_length_124920_cov_30.396001_58	COG1266	224185	3.78e-06	24.651	YdiL	Membrane protease YdiL, CAAX protease family	O	Posttranslational modification, protein turnover, chaperones
NODE_5_length_124920_cov_30.396001_59	COG0546	223620	6e-10	26.772	Gph	Phosphoglycolate phosphatase, HAD superfamily	C	Energy production and conversion
NODE_5_length_124920_cov_30.396001_60	COG0616	223689	2.05e-84	32.847	SppA	Periplasmic serine protease, ClpP class	O	Posttranslational modification, protein turnover, chaperones
NODE_5_length_124920_cov_30.396001_61	COG0705	223777	5.85e-32	38.462	GlpG	Membrane-associated serine protease, rhomboid family	O	Posttranslational modification, protein turnover, chaperones
NODE_5_length_124920_cov_30.396001_63	COG1729	224643	1.68e-13	25.581	CpoB	Cell division protein CpoB, coordinates peptidoglycan biosynthesis and outer membrane constriction	D	Cell cycle control, cell division, chromosome partitioning
NODE_5_length_124920_cov_30.396001_64	COG1413	224331	1.18e-28	37.5	HEAT	HEAT repeat	R	General function prediction only
NODE_5_length_124920_cov_30.396001_65	COG1559	224475	3.4e-90	31.977	MltG	Endolytic transglycosylase MltG, terminates peptidoglycan polymerization	M	Cell wall/membrane/envelope biogenesis
NODE_5_length_124920_cov_30.396001_66	COG2322	225204	1.47e-35	42.754	YozB	Predicted membrane metallochaperone YozB (3H, Sco1 fusion), DUF420 family	R	General function prediction only
NODE_5_length_124920_cov_30.396001_67	COG1722	224636	5.28e-14	45.455	XseB	Exonuclease VII small subunit	L	Replication, recombination and repair
NODE_5_length_124920_cov_30.396001_68	COG1570	224486	4.03e-158	44.42	XseA	Exonuclease VII, large subunit	L	Replication, recombination and repair
NODE_5_length_124920_cov_30.396001_69	COG2211	225121	2.05e-05	18.932	MelB	Na+/melibiose symporter or related transporter	G	Carbohydrate transport and metabolism
NODE_5_length_124920_cov_30.396001_70	COG1413	224331	3.89e-33	37.229	HEAT	HEAT repeat	R	General function prediction only
NODE_5_length_124920_cov_30.396001_71	COG4783	227122	9.8e-42	25.448	BepA	Outer membrane protein chaperone/metalloprotease BepA/YfgC, contains M48 and TPR domains	M	Cell wall/membrane/envelope biogenesis
NODE_5_length_124920_cov_30.396001_72	COG0405	223482	3.79e-161	34.594	Ggt	Gamma-glutamyltranspeptidase	E	Amino acid transport and metabolism
NODE_5_length_124920_cov_30.396001_73	COG1305	224224	1.99e-24	31.677	YebA	Transglutaminase-like enzyme, putative cysteine protease	O	Posttranslational modification, protein turnover, chaperones
NODE_5_length_124920_cov_30.396001_74	COG1721	224635	4.37e-33	29.305	YeaD2	Uncharacterized conserved protein, DUF58 family, contains vWF domain	S	Function unknown
NODE_5_length_124920_cov_30.396001_75	COG0714	223786	5.87e-105	49.387	MoxR	MoxR-like ATPase	R	General function prediction only
NODE_5_length_124920_cov_30.396001_76	COG2333	225212	1.94e-57	31.56	ComEC	DNA uptake channel protein ComEC C-terminal domain, metallo-beta-lactamase superfamily	U	Intracellular trafficking, secretion, and vesicular transport
NODE_5_length_124920_cov_30.396001_77	COG1216	224137	1.05e-75	35.238	WcaE	Glycosyltransferase, GT2 family	G	Carbohydrate transport and metabolism
NODE_5_length_124920_cov_30.396001_78	COG2835	225391	6.57e-15	52.083	Trm112	RNA methyltransferase activator Trm112/YbaR	J	Translation, ribosomal structure and biogenesis
NODE_5_length_124920_cov_30.396001_79	COG1216	224137	2.35e-49	32.107	WcaE	Glycosyltransferase, GT2 family	G	Carbohydrate transport and metabolism
NODE_5_length_124920_cov_30.396001_80	COG0438	223515	4.67e-53	29.471	RfaB	Glycosyltransferase involved in cell wall bisynthesis	M	Cell wall/membrane/envelope biogenesis
NODE_5_length_124920_cov_30.396001_81	COG3167	225708	4.4e-06	30.556	PilO	Type IV pilus assembly protein PilO	N	Cell motility
NODE_5_length_124920_cov_30.396001_82	COG1172	224093	4.47e-96	53.016	AraH	Ribose/xylose/arabinose/galactoside ABC-type transport system, permease component	G	Carbohydrate transport and metabolism
NODE_5_length_124920_cov_30.396001_83	COG0157	223235	7.19e-132	54.965	NadC	Nicotinate-nucleotide pyrophosphorylase	H	Coenzyme transport and metabolism
NODE_5_length_124920_cov_30.396001_84	COG0741	223812	1.81e-21	27.586	MltE	Soluble lytic murein transglycosylase or regulatory protein s ( may contain LysM/invasin domain)	M	Cell wall/membrane/envelope biogenesis
NODE_5_length_124920_cov_30.396001_86	COG0152	223230	2.95e-90	36.237	PurC	Phosphoribosylaminoimidazole-succinocarboxamide synthase	F	Nucleotide transport and metabolism
NODE_5_length_124920_cov_30.396001_87	COG0247	223325	1.31e-90	32.847	GlpC	Fe-S cluster-containing oxidoreductase, includes glycolate oxidase subunit GlcF	C	Energy production and conversion
NODE_5_length_124920_cov_30.396001_88	COG0277	223354	2.94e-62	30.07	GlcD	FAD/FMN-containing lactate dehydrogenase/glycolate oxidase	C	Energy production and conversion
NODE_5_length_124920_cov_30.396001_89	COG1335	224254	7.1e-11	32.051	PncA	Nicotinamidase-related amidase	H	Coenzyme transport and metabolism
NODE_5_length_124920_cov_30.396001_90	COG2319	225201	3.45e-45	31.193	WD40	WD40 repeat	R	General function prediction only
NODE_5_length_124920_cov_30.396001_93	COG0268	223346	6.39e-14	43.956	RpsT	Ribosomal protein S20	J	Translation, ribosomal structure and biogenesis
NODE_5_length_124920_cov_30.396001_94	COG0209	223287	0.0	34.054	NrdA	Ribonucleotide reductase alpha subunit	F	Nucleotide transport and metabolism
NODE_5_length_124920_cov_30.396001_95	COG0208	223286	5.61e-87	33.03	NrdB	Ribonucleotide reductase beta subunit, ferritin-like domain	F	Nucleotide transport and metabolism
NODE_5_length_124920_cov_30.396001_96	COG2165	225076	1.08e-12	41.27	PulG	Type II secretory pathway, pseudopilin PulG	N	Cell motility
NODE_5_length_124920_cov_30.396001_97	COG0285	223362	2.39e-140	43.151	FolC	Folylpolyglutamate synthase/Dihydropteroate synthase	H	Coenzyme transport and metabolism
NODE_5_length_124920_cov_30.396001_98	COG4783	227122	7.21e-37	25.705	BepA	Outer membrane protein chaperone/metalloprotease BepA/YfgC, contains M48 and TPR domains	M	Cell wall/membrane/envelope biogenesis
NODE_5_length_124920_cov_30.396001_99	COG1082	224007	7.32e-24	29.323	YcjR	Sugar phosphate isomerase/epimerase	G	Carbohydrate transport and metabolism
NODE_5_length_124920_cov_30.396001_100	COG0621	223694	0.0	48.539	MiaB	tRNA A37 methylthiotransferase MiaB	J	Translation, ribosomal structure and biogenesis
NODE_5_length_124920_cov_30.396001_101	COG1550	224467	1e-18	32.967	YlxP	Stress-induced protein YlxP, DUF503 family	S	Function unknown
NODE_5_length_124920_cov_30.396001_102	COG0858	223927	5.09e-33	36.752	RbfA	Ribosome-binding factor RbfA	J	Translation, ribosomal structure and biogenesis
NODE_5_length_124920_cov_30.396001_103	COG0618	223691	1.45e-71	32.716	NrnA	nanoRNase/pAp phosphatase, hydrolyzes c-di-AMP and oligoRNAs	F	Nucleotide transport and metabolism
NODE_5_length_124920_cov_30.396001_104	COG0130	223208	6.42e-76	40.711	TruB	tRNA U55 pseudouridine synthase TruB, may also work on U342 of tmRNA	J	Translation, ribosomal structure and biogenesis
NODE_5_length_124920_cov_30.396001_105	COG5002	227335	5.68e-74	37.363	WalK	Sensor histidine kinase WalK	T	Signal transduction mechanisms
NODE_5_length_124920_cov_30.396001_106	COG0698	223770	3.23e-76	58.667	RpiB	Ribose 5-phosphate isomerase RpiB	G	Carbohydrate transport and metabolism
NODE_5_length_124920_cov_30.396001_107	COG0472	223548	1.96e-52	36.859	Rfe	UDP-N-acetylmuramyl pentapeptide phosphotransferase/UDP-N-acetylglucosamine-1-phosphate transferase	M	Cell wall/membrane/envelope biogenesis
NODE_6_length_112603_cov_28.734247_3	COG1842	224755	6.05e-21	28.704	PspA	Phage shock protein A	K	Transcription
NODE_6_length_112603_cov_28.734247_4	COG0704	223776	6.85e-60	43.981	PhoU	Phosphate uptake regulator PhoU	P	Inorganic ion transport and metabolism
NODE_6_length_112603_cov_28.734247_5	COG1117	224042	0.0	74.297	PstB	ABC-type phosphate transport system, ATPase component	P	Inorganic ion transport and metabolism
NODE_6_length_112603_cov_28.734247_6	COG3359	225895	2.44e-37	26.568	YprB	Uncharacterized conserved protein YprB, contains RNaseH-like and TPR domains	R	General function prediction only
NODE_6_length_112603_cov_28.734247_7	COG0005	223084	3.53e-77	42.915	XapA	Purine nucleoside phosphorylase	F	Nucleotide transport and metabolism
NODE_6_length_112603_cov_28.734247_8	COG2730	225344	9.91e-17	23.636	BglC	Aryl-phospho-beta-D-glucosidase BglC, GH1 family	G	Carbohydrate transport and metabolism
NODE_6_length_112603_cov_28.734247_10	COG1092	224017	2.11e-155	45.293	RlmK	23S rRNA G2069 N7-methylase RlmK or C1962 C5-methylase RlmI	J	Translation, ribosomal structure and biogenesis
NODE_6_length_112603_cov_28.734247_11	COG1972	224883	9.21e-143	42.476	NupC	Nucleoside permease NupC	F	Nucleotide transport and metabolism
NODE_6_length_112603_cov_28.734247_13	COG1240	224161	0.000549	24.204	ChlD	vWFA (von Willebrand factor type A) domain of Mg and Co chelatases	H	Coenzyme transport and metabolism
NODE_6_length_112603_cov_28.734247_14	COG0324	223401	6.74e-111	40.514	MiaA	tRNA A37 N6-isopentenylltransferase MiaA	J	Translation, ribosomal structure and biogenesis
NODE_6_length_112603_cov_28.734247_15	COG1923	224834	3.36e-21	47.692	Hfq	sRNA-binding regulator protein Hfq	T	Signal transduction mechanisms
NODE_6_length_112603_cov_28.734247_16	COG0253	223331	7.9e-112	50.355	DapF	Diaminopimelate epimerase	E	Amino acid transport and metabolism
NODE_6_length_112603_cov_28.734247_17	COG0436	223513	1.99e-121	36.802	AspB	Aspartate/methionine/tyrosine aminotransferase	E	Amino acid transport and metabolism
NODE_6_length_112603_cov_28.734247_18	COG2050	224961	4.03e-14	27.049	PaaI	Acyl-CoA thioesterase PaaI, contains HGG motif	Q	Secondary metabolites biosynthesis, transport and catabolism
NODE_6_length_112603_cov_28.734247_19	COG0050	223128	0.0	71.744	TufA	Translation elongation factor EF-Tu, a GTPase	J	Translation, ribosomal structure and biogenesis
NODE_6_length_112603_cov_28.734247_20	COG0312	223389	9.22e-100	31.522	TldD	Zn-dependent protease PmbA/TldA or its inactivated homolog	R	General function prediction only
NODE_6_length_112603_cov_28.734247_21	COG4995	227328	5.28e-47	31.692		Uncharacterized conserved protein, contains CHAT domain	S	Function unknown
NODE_6_length_112603_cov_28.734247_22	COG0642	223715	6.06e-54	32.081	BaeS	Signal transduction histidine kinase	T	Signal transduction mechanisms
NODE_6_length_112603_cov_28.734247_23	COG4105	226590	0.002	23.729	BamD	Outer membrane protein assembly factor BamD, BamD/ComL family	M	Cell wall/membrane/envelope biogenesis
NODE_6_length_112603_cov_28.734247_24	COG0333	223410	3.49e-16	49.02	RpmF	Ribosomal protein L32	J	Translation, ribosomal structure and biogenesis
NODE_6_length_112603_cov_28.734247_25	COG1399	224317	3.92e-19	34.109	YceD	23S rRNA accumulation protein YceD (essential in plants, uncharacterized in bacteria)	J	Translation, ribosomal structure and biogenesis
NODE_6_length_112603_cov_28.734247_26	COG0131	223209	1.99e-87	59.184	HisB2	Imidazoleglycerol phosphate dehydratase HisB	E	Amino acid transport and metabolism
NODE_6_length_112603_cov_28.734247_27	COG1453	224370	5.02e-31	24.638		Predicted oxidoreductase of the aldo/keto reductase family	R	General function prediction only
NODE_6_length_112603_cov_28.734247_29	COG3063	225605	0.000265	27.869	PilF	Type IV pilus assembly protein PilF/PilW	N	Cell motility
NODE_6_length_112603_cov_28.734247_31	COG4464	226870	1.4e-37	32.227	YwqE	Tyrosine-protein phosphatase YwqE	T	Signal transduction mechanisms
NODE_6_length_112603_cov_28.734247_32	COG0489	223563	3.92e-46	35.714	Mrp	Fe-S cluster carrier ATPase, Mrp/ApbC/NBP35 family	D	Cell cycle control, cell division, chromosome partitioning
NODE_6_length_112603_cov_28.734247_33	COG2045	224956	1.54e-42	33.333	ComB	Phosphosulfolactate phosphohydrolase or related enzyme	H	Coenzyme transport and metabolism
NODE_6_length_112603_cov_28.734247_34	COG4948	227284	2.15e-104	39.601	RspA	L-alanine-DL-glutamate epimerase or related enzyme of enolase superfamily	M	Cell wall/membrane/envelope biogenesis
NODE_6_length_112603_cov_28.734247_35	COG0079	223157	2.5e-125	48.485	HisC	Histidinol-phosphate/aromatic aminotransferase or cobyric acid decarboxylase	E	Amino acid transport and metabolism
NODE_6_length_112603_cov_28.734247_36	COG0771	223842	8.26e-119	37.526	MurD	UDP-N-acetylmuramoylalanine-D-glutamate ligase	M	Cell wall/membrane/envelope biogenesis
NODE_6_length_112603_cov_28.734247_37	COG0564	223638	6.09e-108	47.419	RluA	Pseudouridine synthase RluA, 23S rRNA- or tRNA-specific	J	Translation, ribosomal structure and biogenesis
NODE_6_length_112603_cov_28.734247_38	COG0673	223745	1.09e-68	32.808	MviM	Predicted dehydrogenase	R	General function prediction only
NODE_6_length_112603_cov_28.734247_39	COG0007	223086	4.8e-98	52.4	CysG	Uroporphyrinogen-III methylase (siroheme synthase)	H	Coenzyme transport and metabolism
NODE_6_length_112603_cov_28.734247_40	COG1240	224161	1.43e-14	21.429	ChlD	vWFA (von Willebrand factor type A) domain of Mg and Co chelatases	H	Coenzyme transport and metabolism
NODE_6_length_112603_cov_28.734247_41	COG1240	224161	0.000507	24.638	ChlD	vWFA (von Willebrand factor type A) domain of Mg and Co chelatases	H	Coenzyme transport and metabolism
NODE_6_length_112603_cov_28.734247_42	COG0503	223577	4.06e-55	54.023	Apt	Adenine/guanine phosphoribosyltransferase or related PRPP-binding protein	F	Nucleotide transport and metabolism
NODE_6_length_112603_cov_28.734247_44	COG0383	223460	5.01e-127	27.421	MngB	Alpha-mannosidase	G	Carbohydrate transport and metabolism
NODE_6_length_112603_cov_28.734247_45	COG0863	223931	1.61e-27	24.232	YhdJ	DNA modification methylase	L	Replication, recombination and repair
NODE_6_length_112603_cov_28.734247_47	COG0295	223372	1.03e-53	57.143	Cdd	Cytidine deaminase	F	Nucleotide transport and metabolism
NODE_6_length_112603_cov_28.734247_48	COG3698	226222	4.96e-09	24.255	YigE	Uncharacterized conserved protein YigE, DUF2233 family	S	Function unknown
NODE_6_length_112603_cov_28.734247_50	COG4992	227325	0.0	56.965	ArgD	Acetylornithine/succinyldiaminopimelate/putrescine aminotransferase	E	Amino acid transport and metabolism
NODE_6_length_112603_cov_28.734247_52	COG1649	224563	3.31e-32	24.259	YddW	Uncharacterized lipoprotein YddW, UPF0748 family	S	Function unknown
NODE_6_length_112603_cov_28.734247_55	COG1256	224176	5.78e-78	26.834	FlgK	Flagellar hook-associated protein FlgK	N	Cell motility
NODE_6_length_112603_cov_28.734247_56	COG1344	224263	9.84e-35	27.095	FlgL	Flagellin and related hook-associated protein FlgL	N	Cell motility
NODE_6_length_112603_cov_28.734247_57	COG0538	223612	0.0	63.415	Icd	Isocitrate dehydrogenase	C	Energy production and conversion
NODE_6_length_112603_cov_28.734247_58	COG0394	223471	4.08e-43	38.889	Wzb	Protein-tyrosine-phosphatase	T	Signal transduction mechanisms
NODE_6_length_112603_cov_28.734247_59	COG0521	223595	1.48e-67	52.201	MoaB	Molybdopterin biosynthesis enzyme MoaB/MogA	H	Coenzyme transport and metabolism
NODE_6_length_112603_cov_28.734247_60	COG1171	224092	1.46e-104	45.141	IlvA	Threonine deaminase	E	Amino acid transport and metabolism
NODE_6_length_112603_cov_28.734247_61	COG1060	223988	1.33e-142	47.753	ThiH	2-iminoacetate synthase ThiH/Menaquinone biosynthesis enzymes MqnC and MqnE	H	Coenzyme transport and metabolism
NODE_6_length_112603_cov_28.734247_62	COG4962	227297	5.57e-165	58.0	CpaF	Pilus assembly protein, ATPase of CpaF family	U	Intracellular trafficking, secretion, and vesicular transport
NODE_6_length_112603_cov_28.734247_63	COG4965	227300	5.36e-30	30.802	TadB	Flp pilus assembly protein TadB	U	Intracellular trafficking, secretion, and vesicular transport
NODE_6_length_112603_cov_28.734247_64	COG2064	224975	2.52e-16	28.571	TadC	Flp pilus assembly protein TadC	W	Extracellular structures
NODE_6_length_112603_cov_28.734247_65	COG1430	224347	8.51e-19	30.328		Uncharacterized conserved membrane protein, UPF0127 family	S	Function unknown
NODE_6_length_112603_cov_28.734247_66	COG0667	223739	7.69e-39	27.5	PdxI	Pyridoxal reductase PdxI or related oxidoreductase, aldo/keto reductase family	H	Coenzyme transport and metabolism
NODE_6_length_112603_cov_28.734247_70	COG3156	225698	0.001	23.158	PulK	Type II secretory pathway, component PulK	U	Intracellular trafficking, secretion, and vesicular transport
NODE_6_length_112603_cov_28.734247_72	COG2165	225076	2.05e-13	34.409	PulG	Type II secretory pathway, pseudopilin PulG	N	Cell motility
NODE_6_length_112603_cov_28.734247_74	COG0213	223291	1.32e-177	48.268	DeoA	Thymidine phosphorylase	F	Nucleotide transport and metabolism
NODE_6_length_112603_cov_28.734247_75	COG0568	223642	1.98e-79	41.472	RpoD	DNA-directed RNA polymerase, sigma subunit (sigma70/sigma32)	K	Transcription
NODE_6_length_112603_cov_28.734247_76	COG0177	223255	1.16e-103	54.271	Nth	Endonuclease III	L	Replication, recombination and repair
NODE_6_length_112603_cov_28.734247_77	COG0613	223686	3.65e-14	26.238	YciV	5'-3' exoribonuclease TrpH/YciV (RNase AM), contains PHP domain	F	Nucleotide transport and metabolism
NODE_6_length_112603_cov_28.734247_81	COG2160	225071	9.06e-87	20.243	AraA	L-arabinose isomerase	G	Carbohydrate transport and metabolism
NODE_6_length_112603_cov_28.734247_82	COG0571	223644	4e-79	47.926	Rnc	dsRNA-specific ribonuclease	K	Transcription
NODE_6_length_112603_cov_28.734247_83	COG0304	223381	0.0	57.561	FabB	3-oxoacyl-(acyl-carrier-protein) synthase	I	Lipid transport and metabolism
NODE_6_length_112603_cov_28.734247_84	COG0236	223314	5.68e-21	56.41	AcpP	Acyl carrier protein	I	Lipid transport and metabolism
NODE_6_length_112603_cov_28.734247_85	COG1028	223959	1.09e-85	52.756	FabG	NAD(P)-dependent dehydrogenase, short-chain alcohol dehydrogenase family	I	Lipid transport and metabolism
NODE_6_length_112603_cov_28.734247_86	COG0331	223408	6.09e-129	47.213	FabD	Malonyl CoA-acyl carrier protein transacylase	I	Lipid transport and metabolism
NODE_6_length_112603_cov_28.734247_87	COG0332	223409	1.48e-155	53.681	FabH	3-oxoacyl-[acyl-carrier-protein] synthase III	I	Lipid transport and metabolism
NODE_6_length_112603_cov_28.734247_88	COG2154	225065	4.31e-18	30.435	PhhB	Pterin-4a-carbinolamine dehydratase	H	Coenzyme transport and metabolism
NODE_6_length_112603_cov_28.734247_90	COG2329	225209	2.55e-21	35.0	HmoA	Heme-degrading monooxygenase HmoA and related ABM domain proteins	H	Coenzyme transport and metabolism
NODE_6_length_112603_cov_28.734247_91	COG1874	224786	0.001	32.203	GanA	Beta-galactosidase GanA	G	Carbohydrate transport and metabolism
NODE_6_length_112603_cov_28.734247_93	COG0111	223189	2.74e-111	47.987	SerA	Phosphoglycerate dehydrogenase or related dehydrogenase	H	Coenzyme transport and metabolism
NODE_6_length_112603_cov_28.734247_95	COG1995	224906	1.05e-130	43.769	PdxA	4-hydroxy-L-threonine phosphate dehydrogenase PdxA	H	Coenzyme transport and metabolism
NODE_6_length_112603_cov_28.734247_97	COG2165	225076	2.59e-12	35.955	PulG	Type II secretory pathway, pseudopilin PulG	N	Cell motility
NODE_6_length_112603_cov_28.734247_98	COG3875	226392	5.13e-77	33.249	LarA	Nickel-dependent lactate racemase	M	Cell wall/membrane/envelope biogenesis
NODE_6_length_112603_cov_28.734247_100	COG0681	223753	0.002	30.952	LepB	Signal peptidase I	U	Intracellular trafficking, secretion, and vesicular transport
NODE_7_length_108026_cov_30.025961_2	COG2706	225333	2.46e-155	50.0	Pgl	6-phosphogluconolactonase, cycloisomerase 2 family	G	Carbohydrate transport and metabolism
NODE_7_length_108026_cov_30.025961_3	COG4747	227090	0.000225	25.893	ACTx2	ACT domain-containing protein	R	General function prediction only
NODE_7_length_108026_cov_30.025961_4	COG2226	225136	4.51e-21	33.333	UbiE	Ubiquinone/menaquinone biosynthesis C-methylase UbiE/MenG	H	Coenzyme transport and metabolism
NODE_7_length_108026_cov_30.025961_6	COG0406	223483	1.13e-58	40.097	PhoE	Broad specificity phosphatase PhoE	G	Carbohydrate transport and metabolism
NODE_7_length_108026_cov_30.025961_7	COG2362	225237	4.35e-69	43.561	DppA	D-aminopeptidase	E	Amino acid transport and metabolism
NODE_7_length_108026_cov_30.025961_8	COG0673	223745	6.69e-55	29.639	MviM	Predicted dehydrogenase	R	General function prediction only
NODE_7_length_108026_cov_30.025961_9	COG0337	223414	2.24e-136	44.598	AroB	3-dehydroquinate synthetase	E	Amino acid transport and metabolism
NODE_7_length_108026_cov_30.025961_10	COG0768	223839	3.36e-157	35.041	FtsI	Cell division protein FtsI, peptidoglycan transpeptidase (Penicillin-binding protein 2)	D	Cell cycle control, cell division, chromosome partitioning
NODE_7_length_108026_cov_30.025961_12	COG0479	223555	2.43e-113	53.275	SdhB/FrdB	Succinate dehydrogenase/fumarate reductase, Fe-S protein subunit	C	Energy production and conversion
NODE_7_length_108026_cov_30.025961_13	COG0791	223862	5.63e-29	42.623	NlpC	Cell wall-associated hydrolase, NlpC_P60 family	M	Cell wall/membrane/envelope biogenesis
NODE_7_length_108026_cov_30.025961_14	COG0103	223181	1.45e-50	53.125	RpsI	Ribosomal protein S9	J	Translation, ribosomal structure and biogenesis
NODE_7_length_108026_cov_30.025961_15	COG0102	223180	5.33e-71	57.042	RplM	Ribosomal protein L13	J	Translation, ribosomal structure and biogenesis
NODE_7_length_108026_cov_30.025961_16	COG0101	223179	1.87e-118	52.653	TruA	tRNA U38,U39,U40 pseudouridine synthase TruA	J	Translation, ribosomal structure and biogenesis
NODE_7_length_108026_cov_30.025961_17	COG0203	223281	5.25e-49	51.261	RplQ	Ribosomal protein L17	J	Translation, ribosomal structure and biogenesis
NODE_7_length_108026_cov_30.025961_18	COG0202	223280	2.34e-91	45.277	RpoA	DNA-directed RNA polymerase, alpha subunit/40 kD subunit	K	Transcription
NODE_7_length_108026_cov_30.025961_19	COG0522	223596	4.02e-88	49.761	RpsD	Ribosomal protein S4 or related protein	J	Translation, ribosomal structure and biogenesis
NODE_7_length_108026_cov_30.025961_20	COG0100	223178	1.92e-60	59.483	RpsK	Ribosomal protein S11	J	Translation, ribosomal structure and biogenesis
NODE_7_length_108026_cov_30.025961_21	COG0099	223177	7.3e-61	67.521	RpsM	Ribosomal protein S13	J	Translation, ribosomal structure and biogenesis
NODE_7_length_108026_cov_30.025961_22	COG0257	223335	9.93e-09	76.316	RpmJ	Ribosomal protein L36	J	Translation, ribosomal structure and biogenesis
NODE_7_length_108026_cov_30.025961_23	COG0361	223438	1.74e-32	65.714	InfA	Translation initiation factor IF-1	J	Translation, ribosomal structure and biogenesis
NODE_7_length_108026_cov_30.025961_24	COG0024	223103	1.93e-100	52.066	Map	Methionine aminopeptidase	J	Translation, ribosomal structure and biogenesis
NODE_7_length_108026_cov_30.025961_25	COG0563	223637	3.43e-51	35.981	Adk	Adenylate kinase or related kinase	F	Nucleotide transport and metabolism
NODE_7_length_108026_cov_30.025961_26	COG0201	223279	6.15e-125	42.478	SecY	Preprotein translocase subunit SecY	U	Intracellular trafficking, secretion, and vesicular transport
NODE_7_length_108026_cov_30.025961_27	COG0200	223278	2.65e-47	47.436	RplO	Ribosomal protein L15	J	Translation, ribosomal structure and biogenesis
NODE_7_length_108026_cov_30.025961_28	COG1841	224754	4.85e-24	54.545	RpmD	Ribosomal protein L30/L7E	J	Translation, ribosomal structure and biogenesis
NODE_7_length_108026_cov_30.025961_29	COG0098	223176	2.46e-70	58.75	RpsE	Ribosomal protein S5	J	Translation, ribosomal structure and biogenesis
NODE_7_length_108026_cov_30.025961_30	COG0256	223334	4.29e-47	68.571	RplR	Ribosomal protein L18	J	Translation, ribosomal structure and biogenesis
NODE_7_length_108026_cov_30.025961_31	COG0097	223175	2.5e-72	52.459	RplF	Ribosomal protein L6P/L9E	J	Translation, ribosomal structure and biogenesis
NODE_7_length_108026_cov_30.025961_32	COG0096	223174	7.5e-51	34.975	RpsH	Ribosomal protein S8	J	Translation, ribosomal structure and biogenesis
NODE_7_length_108026_cov_30.025961_33	COG0199	223277	7.81e-19	62.745	RpsN	Ribosomal protein S14	J	Translation, ribosomal structure and biogenesis
NODE_7_length_108026_cov_30.025961_34	COG0094	223172	1.85e-88	60.335	RplE	Ribosomal protein L5	J	Translation, ribosomal structure and biogenesis
NODE_7_length_108026_cov_30.025961_35	COG0198	223276	1.27e-29	46.729	RplX	Ribosomal protein L24	J	Translation, ribosomal structure and biogenesis
NODE_7_length_108026_cov_30.025961_36	COG0093	223171	9.04e-59	59.836	RplN	Ribosomal protein L14	J	Translation, ribosomal structure and biogenesis
NODE_7_length_108026_cov_30.025961_37	COG0480	223556	0.0	42.794	FusA	Translation elongation factor EF-G, a GTPase	J	Translation, ribosomal structure and biogenesis
NODE_7_length_108026_cov_30.025961_38	COG0186	223264	1.32e-40	58.537	RpsQ	Ribosomal protein S17	J	Translation, ribosomal structure and biogenesis
NODE_7_length_108026_cov_30.025961_39	COG0255	223333	3.81e-14	52.542	RpmC	Ribosomal protein L29	J	Translation, ribosomal structure and biogenesis
NODE_7_length_108026_cov_30.025961_40	COG0197	223275	1.09e-61	56.934	RplP	Ribosomal protein L16/L10AE	J	Translation, ribosomal structure and biogenesis
NODE_7_length_108026_cov_30.025961_41	COG0092	223170	6.34e-85	51.628	RpsC	Ribosomal protein S3	J	Translation, ribosomal structure and biogenesis
NODE_7_length_108026_cov_30.025961_42	COG0091	223169	1.34e-38	48.148	RplV	Ribosomal protein L22	J	Translation, ribosomal structure and biogenesis
NODE_7_length_108026_cov_30.025961_43	COG0185	223263	3.21e-53	66.304	RpsS	Ribosomal protein S19	J	Translation, ribosomal structure and biogenesis
NODE_7_length_108026_cov_30.025961_44	COG0090	223168	6.7e-157	62.545	RplB	Ribosomal protein L2	J	Translation, ribosomal structure and biogenesis
NODE_7_length_108026_cov_30.025961_45	COG0089	223167	8.13e-33	47.423	RplW	Ribosomal protein L23	J	Translation, ribosomal structure and biogenesis
NODE_7_length_108026_cov_30.025961_46	COG0088	223166	1.82e-78	48.558	RplD	Ribosomal protein L4	J	Translation, ribosomal structure and biogenesis
NODE_7_length_108026_cov_30.025961_47	COG0087	223165	1.3e-89	49.519	RplC	Ribosomal protein L3	J	Translation, ribosomal structure and biogenesis
NODE_7_length_108026_cov_30.025961_48	COG0051	223129	7.43e-48	63.366	RpsJ	Ribosomal protein S10	J	Translation, ribosomal structure and biogenesis
NODE_7_length_108026_cov_30.025961_49	COG0480	223556	0.0	58.106	FusA	Translation elongation factor EF-G, a GTPase	J	Translation, ribosomal structure and biogenesis
NODE_7_length_108026_cov_30.025961_50	COG0049	223127	3.26e-69	53.125	RpsG	Ribosomal protein S7	J	Translation, ribosomal structure and biogenesis
NODE_7_length_108026_cov_30.025961_51	COG0048	223126	5.57e-59	58.993	RpsL	Ribosomal protein S12	J	Translation, ribosomal structure and biogenesis
NODE_7_length_108026_cov_30.025961_52	COG0018	223097	0.0	38.814	ArgS	Arginyl-tRNA synthetase	J	Translation, ribosomal structure and biogenesis
NODE_7_length_108026_cov_30.025961_53	COG3872	226390	7.59e-14	25.49	YqhQ	Uncharacterized conserved protein YqhQ, DUF1385 family	S	Function unknown
NODE_7_length_108026_cov_30.025961_54	COG0227	223305	1.51e-10	37.037	RpmB	Ribosomal protein L28	J	Translation, ribosomal structure and biogenesis
NODE_7_length_108026_cov_30.025961_55	COG1137	224060	2.21e-144	59.751	LptB	ABC-type lipopolysaccharide export system, ATPase component	M	Cell wall/membrane/envelope biogenesis
NODE_7_length_108026_cov_30.025961_56	COG0795	223866	1.32e-44	26.703	LptF	Lipopolysaccharide export LptBFGC system, permease protein LptF	M	Cell wall/membrane/envelope biogenesis
NODE_7_length_108026_cov_30.025961_57	COG1466	224383	1.25e-29	24.234	HolA	DNA polymerase III, delta subunit	L	Replication, recombination and repair
NODE_7_length_108026_cov_30.025961_59	COG1913	224825	5.05e-46	44.138		Predicted Zn-dependent protease	R	General function prediction only
NODE_7_length_108026_cov_30.025961_60	COG5010	227343	1.56e-09	28.472	TadD	Flp pilus assembly protein TadD, contains TPR repeats	U	Intracellular trafficking, secretion, and vesicular transport
NODE_7_length_108026_cov_30.025961_61	COG0463	223539	7.78e-24	24.545	WcaA	Glycosyltransferase involved in cell wall bisynthesis	M	Cell wall/membrane/envelope biogenesis
NODE_7_length_108026_cov_30.025961_62	COG0637	223710	5.72e-49	36.199	YcjU	Beta-phosphoglucomutase, HAD superfamily	G	Carbohydrate transport and metabolism
NODE_7_length_108026_cov_30.025961_63	COG0325	223402	1.64e-106	50.0	YggS	Pyridoxal 5'-phosphate homeostasis protein YggS, UPF0001 family	H	Coenzyme transport and metabolism
NODE_7_length_108026_cov_30.025961_64	COG1799	224712	6.74e-22	50.769	SepF	Cell division protein SepF/YlmF, interacts with FtsZ	D	Cell cycle control, cell division, chromosome partitioning
NODE_7_length_108026_cov_30.025961_65	COG0762	223833	1.16e-07	32.051	Ycf19	Cytochrome b6 maturation protein CCB3/Ycf19 and related maturases, YggT family	O	Posttranslational modification, protein turnover, chaperones
NODE_7_length_108026_cov_30.025961_66	COG3599	226127	1.2e-06	33.058	DivIVA	Cell division septum initiation protein DivIVA, interacts with FtsZ and MinD	D	Cell cycle control, cell division, chromosome partitioning
NODE_7_length_108026_cov_30.025961_67	COG1729	224643	0.009	31.034	CpoB	Cell division protein CpoB, coordinates peptidoglycan biosynthesis and outer membrane constriction	D	Cell cycle control, cell division, chromosome partitioning
NODE_7_length_108026_cov_30.025961_69	COG2178	225089	3.79e-49	40.722		Predicted RNA- or ssDNA-binding protein, translin family	R	General function prediction only
NODE_7_length_108026_cov_30.025961_70	COG0527	223601	4.47e-102	35.743	MetL1	Aspartate kinase	E	Amino acid transport and metabolism
NODE_7_length_108026_cov_30.025961_71	COG3603	226131	0.003	34.884	ACT-7	ACT domain, ACT-7 family	T	Signal transduction mechanisms
NODE_7_length_108026_cov_30.025961_72	COG0029	223108	0.0	52.344	NadB	Aspartate oxidase	H	Coenzyme transport and metabolism
NODE_7_length_108026_cov_30.025961_73	COG1483	224400	0.000629	18.894		Predicted ATPase, AAA+ superfamily	R	General function prediction only
NODE_7_length_108026_cov_30.025961_76	COG0512	223586	2.51e-121	64.615	PabA	Anthranilate/para-aminobenzoate synthase component II (glutamine amidotransferase)	E	Amino acid transport and metabolism
NODE_7_length_108026_cov_30.025961_77	COG0758	223829	3.47e-125	39.452	Smf	Predicted Rossmann fold nucleotide-binding protein DprA/Smf involved in DNA uptake	L	Replication, recombination and repair
NODE_7_length_108026_cov_30.025961_78	COG3170	225711	0.004	25.263	FimV	Type IV pilus assembly protein FimV	N	Cell motility
NODE_7_length_108026_cov_30.025961_79	COG1520	224437	2.58e-10	19.064	PQQ	Outer membrane protein assembly factor BamB, contains PQQ-like beta-propeller repeat	M	Cell wall/membrane/envelope biogenesis
NODE_7_length_108026_cov_30.025961_80	COG0606	223679	0.0	58.635	YifB	Predicted Mg-chelatase, contains ChlI-like and ATPase domains, YifB family	O	Posttranslational modification, protein turnover, chaperones
NODE_7_length_108026_cov_30.025961_81	COG0405	223482	2.72e-162	40.993	Ggt	Gamma-glutamyltranspeptidase	E	Amino acid transport and metabolism
NODE_7_length_108026_cov_30.025961_85	COG3303	225840	0.003	27.419	NrfA	Formate-dependent nitrite reductase, periplasmic cytochrome c552 subunit	P	Inorganic ion transport and metabolism
NODE_7_length_108026_cov_30.025961_86	COG2766	225357	3.15e-179	32.496	PrkA	Predicted Ser/Thr protein kinase	T	Signal transduction mechanisms
NODE_7_length_108026_cov_30.025961_87	COG1746	224660	0.004	30.645	CCA1	tRNA nucleotidyltransferase (CCA-adding enzyme)	J	Translation, ribosomal structure and biogenesis
NODE_7_length_108026_cov_30.025961_88	COG2718	225339	4.36e-65	36.327	YeaH	Uncharacterized conserved protein YeaH/YhbH, required for sporulation, DUF444 family	R	General function prediction only
NODE_7_length_108026_cov_30.025961_91	COG2719	225340	4.78e-147	35.96	SpoVR	Stage V sporulation protein SpoVR/YcgB, involved in spore cortex formation (function unknown)	D	Cell cycle control, cell division, chromosome partitioning
NODE_7_length_108026_cov_30.025961_94	COG0320	223397	3.59e-166	56.997	LipA	Lipoate synthase	H	Coenzyme transport and metabolism
NODE_7_length_108026_cov_30.025961_95	COG0720	223792	5.14e-27	42.4	QueD	6-pyruvoyl-tetrahydropterin synthase	H	Coenzyme transport and metabolism
NODE_7_length_108026_cov_30.025961_97	COG1469	224386	4.21e-65	33.935	FolE2	GTP cyclohydrolase FolE2	H	Coenzyme transport and metabolism
NODE_7_length_108026_cov_30.025961_98	COG2226	225136	4.77e-16	31.008	UbiE	Ubiquinone/menaquinone biosynthesis C-methylase UbiE/MenG	H	Coenzyme transport and metabolism
NODE_7_length_108026_cov_30.025961_99	COG5401	227688	9.77e-09	27.619	GerM	Spore germination protein GerM	D	Cell cycle control, cell division, chromosome partitioning
NODE_7_length_108026_cov_30.025961_100	COG0860	223929	8.95e-65	43.719	AmiC	N-acetylmuramoyl-L-alanine amidase	M	Cell wall/membrane/envelope biogenesis
NODE_7_length_108026_cov_30.025961_101	COG1043	223973	7.92e-110	45.238	LpxA	Acyl-[acyl carrier protein]--UDP-N-acetylglucosamine O-acyltransferase	M	Cell wall/membrane/envelope biogenesis
NODE_7_length_108026_cov_30.025961_103	COG1595	224511	1.79e-41	39.888	RpoE	DNA-directed RNA polymerase specialized sigma subunit, sigma24 family	K	Transcription
NODE_7_length_108026_cov_30.025961_104	COG5662	227949	1.88e-08	29.703	RsiW	Transmembrane transcriptional regulator RsiW (anti-sigma-W factor)	K	Transcription
NODE_7_length_108026_cov_30.025961_105	COG0463	223539	1.62e-28	24.913	WcaA	Glycosyltransferase involved in cell wall bisynthesis	M	Cell wall/membrane/envelope biogenesis
NODE_7_length_108026_cov_30.025961_106	COG3347	225884	1.55e-171	48.804	RhaD	Rhamnose utilisation protein RhaD, predicted bifunctional aldolase and dehydrogenase	G	Carbohydrate transport and metabolism
NODE_7_length_108026_cov_30.025961_107	COG4948	227284	5.39e-61	29.805	RspA	L-alanine-DL-glutamate epimerase or related enzyme of enolase superfamily	M	Cell wall/membrane/envelope biogenesis
NODE_7_length_108026_cov_30.025961_108	COG0443	223520	0.0	59.143	DnaK	Molecular chaperone DnaK (HSP70)	O	Posttranslational modification, protein turnover, chaperones
NODE_7_length_108026_cov_30.025961_109	COG0265	223343	1.2e-98	52.098	DegQ	Periplasmic serine protease, S1-C subfamily, contain C-terminal PDZ domain	O	Posttranslational modification, protein turnover, chaperones
NODE_7_length_108026_cov_30.025961_110	COG0484	223560	2.1e-159	51.058	DnaJ	DnaJ-class molecular chaperone with C-terminal Zn finger domain	O	Posttranslational modification, protein turnover, chaperones
NODE_7_length_108026_cov_30.025961_111	COG2377	225252	5.49e-117	44.072	AnmK	1,6-Anhydro-N-acetylmuramate kinase	M	Cell wall/membrane/envelope biogenesis
NODE_7_length_108026_cov_30.025961_113	COG2814	225371	1.69e-16	23.249	AraJ	Predicted arabinose efflux permease AraJ, MFS family	G	Carbohydrate transport and metabolism
NODE_7_length_108026_cov_30.025961_115	COG3440	225973	6.32e-07	36.538		Predicted restriction endonuclease	V	Defense mechanisms
NODE_7_length_108026_cov_30.025961_116	COG1595	224511	3.94e-21	34.653	RpoE	DNA-directed RNA polymerase specialized sigma subunit, sigma24 family	K	Transcription
NODE_8_length_104220_cov_32.052368_1	COG3408	225942	5.75e-08	24.561	GDB1	Glycogen debranching enzyme (alpha-1,6-glucosidase)	G	Carbohydrate transport and metabolism
NODE_8_length_104220_cov_32.052368_2	COG2207	225117	4.46e-27	37.374	AraC	AraC-type DNA-binding domain and AraC-containing proteins	K	Transcription
NODE_8_length_104220_cov_32.052368_5	COG1028	223959	2.41e-52	41.732	FabG	NAD(P)-dependent dehydrogenase, short-chain alcohol dehydrogenase family	I	Lipid transport and metabolism
NODE_8_length_104220_cov_32.052368_6	COG4231	226684	1.69e-109	33.573	IorA	TPP-dependent indolepyruvate ferredoxin oxidoreductase, alpha subunit	C	Energy production and conversion
NODE_8_length_104220_cov_32.052368_7	COG1489	224406	1.62e-74	43.231	SfsA	DNA-binding protein, stimulates sugar fermentation	G	Carbohydrate transport and metabolism
NODE_8_length_104220_cov_32.052368_9	COG2319	225201	4.48e-46	31.858	WD40	WD40 repeat	R	General function prediction only
NODE_8_length_104220_cov_32.052368_12	COG0162	223240	7.03e-151	41.481	TyrS	Tyrosyl-tRNA synthetase	J	Translation, ribosomal structure and biogenesis
NODE_8_length_104220_cov_32.052368_13	COG1544	224461	2.67e-15	32.407	RaiA	Ribosome-associated translation inhibitor RaiA	J	Translation, ribosomal structure and biogenesis
NODE_8_length_104220_cov_32.052368_14	COG3616	226143	4.26e-70	31.215	Dsd1	D-serine deaminase, pyridoxal phosphate-dependent	E	Amino acid transport and metabolism
NODE_8_length_104220_cov_32.052368_15	COG1225	224146	1.1e-09	26.829	Bcp	Peroxiredoxin	O	Posttranslational modification, protein turnover, chaperones
NODE_8_length_104220_cov_32.052368_16	COG1999	224910	4.93e-05	25.0	Sco1	Cytochrome oxidase Cu insertion factor, SCO1/SenC/PrrC family	O	Posttranslational modification, protein turnover, chaperones
NODE_8_length_104220_cov_32.052368_17	COG0009	223088	8.48e-94	51.905	TsaC	tRNA A37 threonylcarbamoyladenosine synthetase subunit TsaC/SUA5/YrdC	J	Translation, ribosomal structure and biogenesis
NODE_8_length_104220_cov_32.052368_19	COG1922	224833	2.29e-97	50.833	WecG	UDP-N-acetyl-D-mannosaminuronic acid transferase, WecB/TagA/CpsF family	M	Cell wall/membrane/envelope biogenesis
NODE_8_length_104220_cov_32.052368_20	COG1335	224254	7.25e-49	32.161	PncA	Nicotinamidase-related amidase	H	Coenzyme transport and metabolism
NODE_8_length_104220_cov_32.052368_21	COG3191	225732	1.12e-62	37.237	DmpA	L-aminopeptidase/D-esterase	E	Amino acid transport and metabolism
NODE_8_length_104220_cov_32.052368_22	COG4783	227122	1.24e-10	27.397	BepA	Outer membrane protein chaperone/metalloprotease BepA/YfgC, contains M48 and TPR domains	M	Cell wall/membrane/envelope biogenesis
NODE_8_length_104220_cov_32.052368_23	COG2084	224995	0.006	37.143	MmsB	3-hydroxyisobutyrate dehydrogenase or related beta-hydroxyacid dehydrogenase	I	Lipid transport and metabolism
NODE_8_length_104220_cov_32.052368_24	COG0726	223798	8.19e-19	28.889	CDA1	Peptidoglycan/xylan/chitin deacetylase, PgdA/NodB/CDA1 family	G	Carbohydrate transport and metabolism
NODE_8_length_104220_cov_32.052368_25	COG0673	223745	4.8e-69	30.088	MviM	Predicted dehydrogenase	R	General function prediction only
NODE_8_length_104220_cov_32.052368_26	COG0238	223316	1.37e-24	48.611	RpsR	Ribosomal protein S18	J	Translation, ribosomal structure and biogenesis
NODE_8_length_104220_cov_32.052368_27	COG0629	223702	4.82e-35	36.478	Ssb	Single-stranded DNA-binding protein	L	Replication, recombination and repair
NODE_8_length_104220_cov_32.052368_28	COG0360	223437	8.34e-26	43.617	RpsF	Ribosomal protein S6	J	Translation, ribosomal structure and biogenesis
NODE_8_length_104220_cov_32.052368_29	COG5637	227924	2.31e-10	29.936		Uncharacterized protein, contains SRPBCC domain	S	Function unknown
NODE_8_length_104220_cov_32.052368_30	COG2863	225418	1.25e-06	29.268	CytC553	Cytochrome c553	C	Energy production and conversion
NODE_8_length_104220_cov_32.052368_31	COG1828	224741	3.66e-26	47.5	PurS	Phosphoribosylformylglycinamidine (FGAM) synthase, PurS subunit	F	Nucleotide transport and metabolism
NODE_8_length_104220_cov_32.052368_32	COG0406	223483	1.14e-61	39.604	PhoE	Broad specificity phosphatase PhoE	G	Carbohydrate transport and metabolism
NODE_8_length_104220_cov_32.052368_33	COG0760	223831	2.44e-11	21.739	SurA	Peptidyl-prolyl isomerase, parvulin family	O	Posttranslational modification, protein turnover, chaperones
NODE_8_length_104220_cov_32.052368_35	COG4952	227288	6.29e-13	23.077		L-rhamnose isomerase	M	Cell wall/membrane/envelope biogenesis
NODE_8_length_104220_cov_32.052368_36	COG0148	223226	0.0	61.772	Eno	Enolase	G	Carbohydrate transport and metabolism
NODE_8_length_104220_cov_32.052368_37	COG2263	225172	5.3e-10	32.258		Predicted RNA methylase	R	General function prediction only
NODE_8_length_104220_cov_32.052368_38	COG0531	223605	3.34e-47	28.472	PotE	Serine transporter YbeC, amino acid:H+ symporter family	E	Amino acid transport and metabolism
NODE_8_length_104220_cov_32.052368_40	COG4976	227310	0.000789	34.444		Predicted methyltransferase, contains TPR repeat	R	General function prediction only
NODE_8_length_104220_cov_32.052368_41	COG4952	227288	1.27e-14	24.621		L-rhamnose isomerase	M	Cell wall/membrane/envelope biogenesis
NODE_8_length_104220_cov_32.052368_42	COG2220	225130	8.15e-60	36.585	UlaG	L-ascorbate lactonase UlaG, metallo-beta-lactamase superfamily	G	Carbohydrate transport and metabolism
NODE_8_length_104220_cov_32.052368_43	COG0142	223220	7.23e-87	40.653	IspA	Geranylgeranyl pyrophosphate synthase	H	Coenzyme transport and metabolism
NODE_8_length_104220_cov_32.052368_44	COG1879	224791	3.35e-73	35.548	RbsB	ABC-type sugar transport system, periplasmic component, contains N-terminal xre family HTH domain	G	Carbohydrate transport and metabolism
NODE_8_length_104220_cov_32.052368_45	COG0111	223189	3.56e-93	42.857	SerA	Phosphoglycerate dehydrogenase or related dehydrogenase	H	Coenzyme transport and metabolism
NODE_8_length_104220_cov_32.052368_46	COG0073	223151	1.11e-28	45.299	EMAP	tRNA-binding EMAP/Myf domain	J	Translation, ribosomal structure and biogenesis
NODE_8_length_104220_cov_32.052368_49	COG5605	227892	7.68e-14	40.404	COX4	Cytochrome c oxidase subunit IV	C	Energy production and conversion
NODE_8_length_104220_cov_32.052368_50	COG1845	224758	9.66e-47	38.693	CyoC	Heme/copper-type cytochrome/quinol oxidase, subunit 3	C	Energy production and conversion
NODE_8_length_104220_cov_32.052368_51	COG1845	224758	6.45e-45	36.757	CyoC	Heme/copper-type cytochrome/quinol oxidase, subunit 3	C	Energy production and conversion
NODE_8_length_104220_cov_32.052368_52	COG0109	223187	2e-63	39.583	CyoE	Polyprenyltransferase (heme O synthase)	H	Coenzyme transport and metabolism
NODE_8_length_104220_cov_32.052368_53	COG1612	224528	1e-18	27.64	CtaA	Heme A synthase	H	Coenzyme transport and metabolism
NODE_8_length_104220_cov_32.052368_54	COG0843	223913	0.0	50.534	CyoB	Heme/copper-type cytochrome/quinol oxidase, subunit 1	C	Energy production and conversion
NODE_8_length_104220_cov_32.052368_55	COG1622	224537	2.9e-56	27.953	CyoA	Heme/copper-type cytochrome/quinol oxidase, subunit 2	C	Energy production and conversion
NODE_8_length_104220_cov_32.052368_57	COG1196	224117	4.15e-12	24.859	Smc	Chromosome segregation ATPase Smc	D	Cell cycle control, cell division, chromosome partitioning
NODE_8_length_104220_cov_32.052368_58	COG1290	224209	3.93e-05	19.205	QcrB/PetB	Cytochrome b subunit of the bc complex	C	Energy production and conversion
NODE_8_length_104220_cov_32.052368_59	COG1290	224209	1.87e-46	37.037	QcrB/PetB	Cytochrome b subunit of the bc complex	C	Energy production and conversion
NODE_8_length_104220_cov_32.052368_60	COG0723	223795	2.91e-22	26.506	QcrA/PetC	Rieske Fe-S protein	C	Energy production and conversion
NODE_8_length_104220_cov_32.052368_61	COG5405	227692	2.3e-89	62.286	HslV	ATP-dependent protease HslVU (ClpYQ), peptidase subunit	O	Posttranslational modification, protein turnover, chaperones
NODE_8_length_104220_cov_32.052368_62	COG0006	223085	1.45e-119	40.591	PepP	Xaa-Pro aminopeptidase	E	Amino acid transport and metabolism
NODE_8_length_104220_cov_32.052368_63	COG1635	224550	1.41e-124	54.054	THI4	Thiazole synthase/Archaeal ribulose 1,5-bisphosphate synthetase	G	Carbohydrate transport and metabolism
NODE_8_length_104220_cov_32.052368_64	COG2204	225114	2.62e-32	39.568	AtoC	DNA-binding transcriptional response regulator, NtrC family, contains REC, AAA-type ATPase, and a Fis-type DNA-binding domains	T	Signal transduction mechanisms
NODE_8_length_104220_cov_32.052368_65	COG0642	223715	2.34e-40	30.037	BaeS	Signal transduction histidine kinase	T	Signal transduction mechanisms
NODE_8_length_104220_cov_32.052368_66	COG0617	223690	6.2e-45	23.696	PcnB	tRNA nucleotidyltransferase/poly(A) polymerase	J	Translation, ribosomal structure and biogenesis
NODE_8_length_104220_cov_32.052368_67	COG0657	223730	3.44e-39	29.07	Aes	Acetyl esterase/lipase	I	Lipid transport and metabolism
NODE_8_length_104220_cov_32.052368_68	COG0736	223807	1.26e-47	48.8	AcpS	Phosphopantetheinyl transferase (holo-ACP synthase)	I	Lipid transport and metabolism
NODE_8_length_104220_cov_32.052368_69	COG1042	223972	0.0	46.667	PatZN	Acyl-CoA synthetase (NDP forming)	C	Energy production and conversion
NODE_8_length_104220_cov_32.052368_70	COG0204	223282	1.16e-31	33.838	PlsC	1-acyl-sn-glycerol-3-phosphate acyltransferase	I	Lipid transport and metabolism
NODE_8_length_104220_cov_32.052368_71	COG0421	223498	7.28e-07	21.053	SpeE	Spermidine synthase (polyamine aminopropyltransferase)	E	Amino acid transport and metabolism
NODE_8_length_104220_cov_32.052368_72	COG0472	223548	1.67e-51	32.899	Rfe	UDP-N-acetylmuramyl pentapeptide phosphotransferase/UDP-N-acetylglucosamine-1-phosphate transferase	M	Cell wall/membrane/envelope biogenesis
NODE_8_length_104220_cov_32.052368_74	COG0621	223694	3.97e-162	39.955	MiaB	tRNA A37 methylthiotransferase MiaB	J	Translation, ribosomal structure and biogenesis
NODE_8_length_104220_cov_32.052368_75	COG3194	225735	6.22e-10	27.168	AllA	Ureidoglycolate hydrolase (allantoin degradation)	F	Nucleotide transport and metabolism
NODE_8_length_104220_cov_32.052368_76	COG0520	223594	0.0	61.765	CsdA	Selenocysteine lyase/Cysteine desulfurase	E	Amino acid transport and metabolism
NODE_8_length_104220_cov_32.052368_77	COG2146	225057	3.61e-33	40.777	NirD	Ferredoxin subunit of nitrite reductase or a ring-hydroxylating dioxygenase	P	Inorganic ion transport and metabolism
NODE_8_length_104220_cov_32.052368_78	COG0719	223791	7.78e-117	34.023	SufB	Fe-S cluster assembly scaffold protein SufB	O	Posttranslational modification, protein turnover, chaperones
NODE_8_length_104220_cov_32.052368_80	COG0719	223791	3.43e-149	46.682	SufB	Fe-S cluster assembly scaffold protein SufB	O	Posttranslational modification, protein turnover, chaperones
NODE_8_length_104220_cov_32.052368_81	COG0396	223473	3.77e-127	60.956	SufC	Fe-S cluster assembly ATPase SufC	O	Posttranslational modification, protein turnover, chaperones
NODE_8_length_104220_cov_32.052368_82	COG2345	225222	2.41e-49	37.037		Predicted transcriptional regulator, ArsR family	K	Transcription
NODE_8_length_104220_cov_32.052368_83	COG0664	223736	1.2e-43	38.725	Crp	cAMP-binding domain of CRP or a regulatory subunit of cAMP-dependent protein kinases	T	Signal transduction mechanisms
NODE_8_length_104220_cov_32.052368_84	COG1902	224814	2.36e-49	27.342	FadH	2,4-dienoyl-CoA reductase or related NADH-dependent reductase, Old Yellow Enzyme (OYE) family	C	Energy production and conversion
NODE_8_length_104220_cov_32.052368_85	COG0031	223110	7.43e-154	62.458	CysK	Cysteine synthase	E	Amino acid transport and metabolism
NODE_8_length_104220_cov_32.052368_86	COG0642	223715	1.45e-31	31.364	BaeS	Signal transduction histidine kinase	T	Signal transduction mechanisms
NODE_8_length_104220_cov_32.052368_87	COG1209	224130	2.37e-107	49.59	RmlA1	dTDP-glucose pyrophosphorylase	M	Cell wall/membrane/envelope biogenesis
NODE_8_length_104220_cov_32.052368_88	COG1082	224007	1.33e-27	28.287	YcjR	Sugar phosphate isomerase/epimerase	G	Carbohydrate transport and metabolism
NODE_8_length_104220_cov_32.052368_89	COG0642	223715	1.03e-42	31.373	BaeS	Signal transduction histidine kinase	T	Signal transduction mechanisms
NODE_8_length_104220_cov_32.052368_90	COG0448	223525	1.26e-168	47.132	GlgC	Glucose-1-phosphate adenylyltransferase (ADP-glucose pyrophosphorylase)	G	Carbohydrate transport and metabolism
NODE_8_length_104220_cov_32.052368_91	COG2204	225114	3.14e-26	40.945	AtoC	DNA-binding transcriptional response regulator, NtrC family, contains REC, AAA-type ATPase, and a Fis-type DNA-binding domains	T	Signal transduction mechanisms
NODE_8_length_104220_cov_32.052368_92	COG0642	223715	4.67e-51	34.576	BaeS	Signal transduction histidine kinase	T	Signal transduction mechanisms
NODE_8_length_104220_cov_32.052368_93	COG1085	224010	2.03e-78	32.768	GalT	Galactose-1-phosphate uridylyltransferase	G	Carbohydrate transport and metabolism
NODE_8_length_104220_cov_32.052368_94	COG0432	223509	3.62e-27	33.835	YjbQ	Thiamin phosphate synthase YjbQ, UPF0047 family	H	Coenzyme transport and metabolism
NODE_8_length_104220_cov_32.052368_95	COG0574	223647	0.0	26.54	PpsA	Phosphoenolpyruvate synthase/pyruvate phosphate dikinase	G	Carbohydrate transport and metabolism
NODE_8_length_104220_cov_32.052368_96	COG0165	223243	0.0	56.923	ArgH	Argininosuccinate lyase	E	Amino acid transport and metabolism
NODE_9_length_92375_cov_28.924783_3	COG0232	223310	1.09e-97	34.398	Dgt	dGTP triphosphohydrolase	F	Nucleotide transport and metabolism
NODE_9_length_92375_cov_28.924783_4	COG3653	226179	1.85e-120	35.726		N-acyl-D-aspartate/D-glutamate deacylase	Q	Secondary metabolites biosynthesis, transport and catabolism
NODE_9_length_92375_cov_28.924783_6	COG1459	224376	3.38e-27	28.856	PulF	Type II secretory pathway, component PulF	N	Cell motility
NODE_9_length_92375_cov_28.924783_7	COG0231	223309	2.01e-59	53.077	Efp	Translation elongation factor P (EF-P)/translation initiation factor 5A (eIF-5A)	J	Translation, ribosomal structure and biogenesis
NODE_9_length_92375_cov_28.924783_8	COG1082	224007	1.43e-33	23.723	YcjR	Sugar phosphate isomerase/epimerase	G	Carbohydrate transport and metabolism
NODE_9_length_92375_cov_28.924783_9	COG1205	224126	0.0	39.666	YprA	ATP-dependent helicase YprA,  contains C-terminal metal-binding DUF1998 domain	L	Replication, recombination and repair
NODE_9_length_92375_cov_28.924783_10	COG0631	223704	2.08e-80	45.312	PTC1	Serine/threonine protein phosphatase PrpC	T	Signal transduction mechanisms
NODE_9_length_92375_cov_28.924783_11	COG2210	225120	1.7e-45	43.671	YrkE	Peroxiredoxin family protein	C	Energy production and conversion
NODE_9_length_92375_cov_28.924783_12	COG0725	223797	4.83e-36	27.586	ModA	ABC-type molybdate transport system, periplasmic Mo-binding protein ModA	P	Inorganic ion transport and metabolism
NODE_9_length_92375_cov_28.924783_15	COG1459	224376	1.48e-54	28.974	PulF	Type II secretory pathway, component PulF	N	Cell motility
NODE_9_length_92375_cov_28.924783_16	COG1172	224093	1.54e-70	45.574	AraH	Ribose/xylose/arabinose/galactoside ABC-type transport system, permease component	G	Carbohydrate transport and metabolism
NODE_9_length_92375_cov_28.924783_17	COG0060	223138	0.0	48.008	IleS	Isoleucyl-tRNA synthetase	J	Translation, ribosomal structure and biogenesis
NODE_9_length_92375_cov_28.924783_18	COG0863	223931	3.03e-61	32.319	YhdJ	DNA modification methylase	L	Replication, recombination and repair
NODE_9_length_92375_cov_28.924783_20	COG1063	223991	3.54e-89	38.068	Tdh	Threonine dehydrogenase or related Zn-dependent dehydrogenase	E	Amino acid transport and metabolism
NODE_9_length_92375_cov_28.924783_21	COG3534	226064	5.12e-111	35.065	AbfA	Alpha-L-arabinofuranosidase	G	Carbohydrate transport and metabolism
NODE_9_length_92375_cov_28.924783_22	COG1656	224570	1.18e-53	46.541	Mut7-C	Uncharacterized conserved protein, contains PIN-related Mut7-C RNAse domain	R	General function prediction only
NODE_9_length_92375_cov_28.924783_24	COG1708	224622	2.08e-06	34.328	MJ0604	Predicted nucleotidyltransferase, MJ0604 family	R	General function prediction only
NODE_9_length_92375_cov_28.924783_25	COG2250	225159	3.04e-30	37.5	HEPN	HEPN domain protein, predicted toxin of MNT-HEPN system	V	Defense mechanisms
NODE_9_length_92375_cov_28.924783_26	COG1488	224405	4.02e-115	37.204	PncB	Nicotinic acid phosphoribosyltransferase	H	Coenzyme transport and metabolism
NODE_9_length_92375_cov_28.924783_28	COG0438	223515	5.64e-32	30.233	RfaB	Glycosyltransferase involved in cell wall bisynthesis	M	Cell wall/membrane/envelope biogenesis
NODE_9_length_92375_cov_28.924783_29	COG2890	225443	5.15e-89	42.014	HemK	Methylase of polypeptide chain release factors	J	Translation, ribosomal structure and biogenesis
NODE_9_length_92375_cov_28.924783_30	COG3063	225605	9.2e-10	21.801	PilF	Type IV pilus assembly protein PilF/PilW	N	Cell motility
NODE_9_length_92375_cov_28.924783_31	COG0491	223565	5.49e-41	34.842	GloB	Glyoxylase or a related metal-dependent hydrolase, beta-lactamase superfamily II	R	General function prediction only
NODE_9_length_92375_cov_28.924783_32	COG0349	223426	0.004	35.294	Rnd	Ribonuclease D	J	Translation, ribosomal structure and biogenesis
NODE_9_length_92375_cov_28.924783_33	COG1057	223985	9.56e-75	48.438	NadD	Nicotinate-nucleotide adenylyltransferase NadD	H	Coenzyme transport and metabolism
NODE_9_length_92375_cov_28.924783_34	COG0799	223870	3.52e-29	36.19	RsfS	Ribosomal silencing factor RsfS, regulates association of 30S and 50S subunits	J	Translation, ribosomal structure and biogenesis
NODE_9_length_92375_cov_28.924783_35	COG1045	223975	7.37e-102	66.667	CysE	Serine acetyltransferase	E	Amino acid transport and metabolism
NODE_9_length_92375_cov_28.924783_36	COG1074	224000	5.04e-111	23.11	RecB	3’-5’ helicase subunit RecB of the DNA repair enzyme RecBCD (exonuclease V)	L	Replication, recombination and repair
NODE_9_length_92375_cov_28.924783_37	COG0721	223793	1.06e-33	53.125	GatC	Asp-tRNAAsn/Glu-tRNAGln amidotransferase C subunit	J	Translation, ribosomal structure and biogenesis
NODE_9_length_92375_cov_28.924783_38	COG1514	224431	3.52e-54	40.541	ThpR	RNA 2',3'-cyclic phosphodiesterase (2'-5' RNA ligase)	J	Translation, ribosomal structure and biogenesis
NODE_9_length_92375_cov_28.924783_39	COG4783	227122	0.000552	24.138	BepA	Outer membrane protein chaperone/metalloprotease BepA/YfgC, contains M48 and TPR domains	M	Cell wall/membrane/envelope biogenesis
NODE_9_length_92375_cov_28.924783_40	COG0340	223417	9.94e-66	42.917	BirA2	Biotin-(acetyl-CoA carboxylase) ligase	H	Coenzyme transport and metabolism
NODE_9_length_92375_cov_28.924783_42	COG0149	223227	2.67e-116	49.815	TpiA	Triosephosphate isomerase	G	Carbohydrate transport and metabolism
NODE_9_length_92375_cov_28.924783_44	COG1028	223959	9.89e-63	37.121	FabG	NAD(P)-dependent dehydrogenase, short-chain alcohol dehydrogenase family	I	Lipid transport and metabolism
NODE_9_length_92375_cov_28.924783_45	COG1807	224720	6.73e-14	25.566	ArnT	PMT family glycosyltransferase ArnT/Agl22, involved in glycosylation of proteins and lipid IVA	M	Cell wall/membrane/envelope biogenesis
NODE_9_length_92375_cov_28.924783_46	COG1413	224331	4.98e-08	27.957	HEAT	HEAT repeat	R	General function prediction only
NODE_9_length_92375_cov_28.924783_47	COG3119	225661	1.03e-56	24.792	AslA	Arylsulfatase A or related enzyme, AlkP superfamily	P	Inorganic ion transport and metabolism
NODE_9_length_92375_cov_28.924783_48	COG4948	227284	3.42e-13	20.301	RspA	L-alanine-DL-glutamate epimerase or related enzyme of enolase superfamily	M	Cell wall/membrane/envelope biogenesis
NODE_9_length_92375_cov_28.924783_49	COG3294	225831	3.54e-11	29.07		Metal-dependent phosphatase/phosphodiesterase, HD supefamily	R	General function prediction only
NODE_9_length_92375_cov_28.924783_50	COG3250	225789	3.19e-05	30.38	LacZ	Beta-galactosidase/beta-glucuronidase	G	Carbohydrate transport and metabolism
NODE_9_length_92375_cov_28.924783_53	COG0214	223292	0.0	79.655	PdxS	Pyridoxal 5'-phosphate synthase subunit PdxS	H	Coenzyme transport and metabolism
NODE_9_length_92375_cov_28.924783_54	COG1159	224081	9.76e-149	54.515	Era	GTPase Era, involved in 16S rRNA processing	J	Translation, ribosomal structure and biogenesis
NODE_9_length_92375_cov_28.924783_55	COG1472	224389	2.55e-106	37.857	BglX	Periplasmic beta-glucosidase and related glycosidases	G	Carbohydrate transport and metabolism
NODE_9_length_92375_cov_28.924783_58	COG2027	224938	1.36e-112	35.381	DacB	D-alanyl-D-alanine carboxypeptidase	M	Cell wall/membrane/envelope biogenesis
NODE_9_length_92375_cov_28.924783_59	COG1230	224151	5.87e-87	45.423	CzcD	Co/Zn/Cd efflux system component	P	Inorganic ion transport and metabolism
NODE_9_length_92375_cov_28.924783_60	COG2046	224957	5.25e-165	48.168	MET3	ATP sulfurylase (sulfate adenylyltransferase)	P	Inorganic ion transport and metabolism
NODE_9_length_92375_cov_28.924783_61	COG0206	223284	4.16e-117	55.7	FtsZ	Cell division GTPase FtsZ	D	Cell cycle control, cell division, chromosome partitioning
NODE_9_length_92375_cov_28.924783_62	COG0744	223815	0.0	41.693	MrcB	Penicillin-binding protein 1B/1F, peptidoglycan  transglycosylase/transpeptidase	M	Cell wall/membrane/envelope biogenesis
NODE_9_length_92375_cov_28.924783_63	COG1596	224512	8.26e-30	38.919	Wza	Periplasmic protein Wza involved in polysaccharide export, contains SLBB domain of the beta-grasp fold	M	Cell wall/membrane/envelope biogenesis
NODE_9_length_92375_cov_28.924783_64	COG0250	223328	7.84e-28	27.746	NusG	Transcription termination/antitermination protein NusG	K	Transcription
NODE_9_length_92375_cov_28.924783_65	COG0728	223800	1.12e-69	32.485	MurJ	Lipid II flippase MurJ/MviN (peptidoglycan biosynthesis)	M	Cell wall/membrane/envelope biogenesis
NODE_9_length_92375_cov_28.924783_66	COG1216	224137	7.53e-53	30.137	WcaE	Glycosyltransferase, GT2 family	G	Carbohydrate transport and metabolism
NODE_9_length_92375_cov_28.924783_67	COG0492	223566	1.38e-91	39.241	TrxB	Thioredoxin reductase	O	Posttranslational modification, protein turnover, chaperones
NODE_9_length_92375_cov_28.924783_68	COG4783	227122	2.76e-10	22.396	BepA	Outer membrane protein chaperone/metalloprotease BepA/YfgC, contains M48 and TPR domains	M	Cell wall/membrane/envelope biogenesis
NODE_9_length_92375_cov_28.924783_69	COG0465	223541	0.0	57.407	HflB	ATP-dependent Zn proteases	O	Posttranslational modification, protein turnover, chaperones
NODE_9_length_92375_cov_28.924783_70	COG0037	223115	7.26e-62	31.596	TilS	tRNA(Ile)-lysidine synthase TilS/MesJ	J	Translation, ribosomal structure and biogenesis
NODE_10_length_83701_cov_29.614710_2	COG3635	226161	2.73e-60	28.788	ApgM	2,3-bisphosphoglycerate-independent phosphoglycerate mutase, archeal type	G	Carbohydrate transport and metabolism
NODE_10_length_83701_cov_29.614710_4	COG2864	225419	1.5e-17	20.642	FdnI	Cytochrome b subunit of formate dehydrogenase	C	Energy production and conversion
NODE_10_length_83701_cov_29.614710_5	COG1290	224209	1.56e-57	33.754	QcrB/PetB	Cytochrome b subunit of the bc complex	C	Energy production and conversion
NODE_10_length_83701_cov_29.614710_6	COG0723	223795	4.51e-16	27.536	QcrA/PetC	Rieske Fe-S protein	C	Energy production and conversion
NODE_10_length_83701_cov_29.614710_7	COG4581	226947	5.26e-101	35.055	Dob10	Superfamily II RNA helicase	L	Replication, recombination and repair
NODE_10_length_83701_cov_29.614710_8	COG0566	223640	1.21e-30	30.201	SpoU	tRNA G18 (ribose-2'-O)-methylase SpoU	J	Translation, ribosomal structure and biogenesis
NODE_10_length_83701_cov_29.614710_9	COG1162	224084	6.51e-100	42.199	RsgA	Ribosome biogenesis GTPase RsgA	J	Translation, ribosomal structure and biogenesis
NODE_10_length_83701_cov_29.614710_10	COG0114	223192	0.0	59.307	FumC	Fumarate hydratase class II	C	Energy production and conversion
NODE_10_length_83701_cov_29.614710_11	COG1034	223965	2.55e-137	32.178	NuoG	NADH dehydrogenase/NADH:ubiquinone oxidoreductase 75 kD subunit (chain G)	C	Energy production and conversion
NODE_10_length_83701_cov_29.614710_12	COG0755	223826	9.94e-13	27.16	CcmC	ABC-type transport system involved in cytochrome c biogenesis, permease component	O	Posttranslational modification, protein turnover, chaperones
NODE_10_length_83701_cov_29.614710_15	COG1138	224061	1.91e-69	29.622	CcmF	Cytochrome c biogenesis protein CcmF	C	Energy production and conversion
NODE_10_length_83701_cov_29.614710_16	COG0010	223089	2.87e-70	35.484	SpeB	Arginase/agmatinase family enzyme	E	Amino acid transport and metabolism
NODE_10_length_83701_cov_29.614710_17	COG2329	225209	7.48e-25	42.268	HmoA	Heme-degrading monooxygenase HmoA and related ABM domain proteins	H	Coenzyme transport and metabolism
NODE_10_length_83701_cov_29.614710_18	COG2204	225114	1.32e-21	34.677	AtoC	DNA-binding transcriptional response regulator, NtrC family, contains REC, AAA-type ATPase, and a Fis-type DNA-binding domains	T	Signal transduction mechanisms
NODE_10_length_83701_cov_29.614710_19	COG0119	223197	1.79e-139	39.43	LeuA	Isopropylmalate/homocitrate/citramalate synthases	E	Amino acid transport and metabolism
NODE_10_length_83701_cov_29.614710_20	COG2084	224995	2.12e-117	45.804	MmsB	3-hydroxyisobutyrate dehydrogenase or related beta-hydroxyacid dehydrogenase	I	Lipid transport and metabolism
NODE_10_length_83701_cov_29.614710_22	COG2431	225287	4.3e-23	31.443	LysO	Lysine export protein LysO/YbjE, DUF340 family	E	Amino acid transport and metabolism
NODE_10_length_83701_cov_29.614710_23	COG2068	224979	3.43e-12	27.083	MocA	CTP:molybdopterin cytidylyltransferase MocA	H	Coenzyme transport and metabolism
NODE_10_length_83701_cov_29.614710_25	COG2206	225116	3.59e-53	38.421	HDGYP	HD-GYP domain, c-di-GMP phosphodiesterase class II (or its inactivated variant)	T	Signal transduction mechanisms
NODE_10_length_83701_cov_29.614710_26	COG1947	224858	4.25e-68	37.5	IspE	4-diphosphocytidyl-2C-methyl-D-erythritol kinase	I	Lipid transport and metabolism
NODE_10_length_83701_cov_29.614710_27	COG1102	224027	7.47e-16	26.549	CmkB	Cytidylate kinase	F	Nucleotide transport and metabolism
NODE_10_length_83701_cov_29.614710_29	COG0542	223616	0.0	57.176	ClpA	ATP-dependent Clp protease, ATP-binding subunit ClpA	O	Posttranslational modification, protein turnover, chaperones
NODE_10_length_83701_cov_29.614710_30	COG0193	223271	3.19e-82	45.946	Pth	Peptidyl-tRNA hydrolase	J	Translation, ribosomal structure and biogenesis
NODE_10_length_83701_cov_29.614710_31	COG1825	224738	2.29e-14	38.636	RplY	Ribosomal protein L25 (general stress protein Ctc)	J	Translation, ribosomal structure and biogenesis
NODE_10_length_83701_cov_29.614710_32	COG0155	223233	1.38e-129	34.436	CysI	Sulfite reductase, beta subunit (hemoprotein)	P	Inorganic ion transport and metabolism
NODE_10_length_83701_cov_29.614710_33	COG2210	225120	2.09e-19	22.556	YrkE	Peroxiredoxin family protein	C	Energy production and conversion
NODE_10_length_83701_cov_29.614710_34	COG0425	223502	2.04e-15	33.333	TusA	Sulfur carrier protein TusA (tRNA thiolation, molybdenum cofactor biosynthesis)	J	Translation, ribosomal structure and biogenesis
NODE_10_length_83701_cov_29.614710_35	COG3876	226393	1.71e-120	42.228	YbbC	Uncharacterized conserved protein YbbC, DUF1343 family	S	Function unknown
NODE_10_length_83701_cov_29.614710_36	COG0682	223754	3.3e-57	36.364	Lgt	Prolipoprotein diacylglyceryltransferase	M	Cell wall/membrane/envelope biogenesis
NODE_10_length_83701_cov_29.614710_41	COG0107	223185	2.06e-154	65.789	HisF	Imidazole glycerol phosphate synthase subunit HisF	E	Amino acid transport and metabolism
NODE_10_length_83701_cov_29.614710_44	COG0474	223550	0.002	19.512	MgtA	Magnesium-transporting ATPase (P-type)	P	Inorganic ion transport and metabolism
NODE_10_length_83701_cov_29.614710_45	COG1131	224054	1.31e-77	37.459	CcmA	ABC-type multidrug transport system, ATPase component	V	Defense mechanisms
NODE_10_length_83701_cov_29.614710_46	COG2386	225260	8.78e-18	26.214	CcmB	ABC-type transport system involved in cytochrome c biogenesis, permease component	O	Posttranslational modification, protein turnover, chaperones
NODE_10_length_83701_cov_29.614710_47	COG1131	224054	4.08e-55	37.255	CcmA	ABC-type multidrug transport system, ATPase component	V	Defense mechanisms
NODE_10_length_83701_cov_29.614710_48	COG2096	225007	1.14e-71	51.705	PduO	Cob(II)alamin adenosyltransferase	H	Coenzyme transport and metabolism
NODE_10_length_83701_cov_29.614710_49	COG2319	225201	1.94e-28	26.26	WD40	WD40 repeat	R	General function prediction only
NODE_10_length_83701_cov_29.614710_50	COG0334	223411	0.0	53.659	GdhA	Glutamate dehydrogenase/leucine dehydrogenase	E	Amino acid transport and metabolism
NODE_10_length_83701_cov_29.614710_51	COG2120	225031	1.33e-26	30.435	LmbE	N-acetylglucosaminyl deacetylase, LmbE family	G	Carbohydrate transport and metabolism
NODE_10_length_83701_cov_29.614710_52	COG0456	223532	1.25e-10	28.125	RimI	Ribosomal protein S18 acetylase RimI and related acetyltransferases	J	Translation, ribosomal structure and biogenesis
NODE_10_length_83701_cov_29.614710_53	COG0707	223779	1.15e-83	37.71	MurG	UDP-N-acetylglucosamine:LPS N-acetylglucosamine transferase	M	Cell wall/membrane/envelope biogenesis
NODE_10_length_83701_cov_29.614710_54	COG0772	223843	3.3e-81	36.088	FtsW	Peptodoglycan polymerase FtsW/RodA/SpoVE	D	Cell cycle control, cell division, chromosome partitioning
NODE_10_length_83701_cov_29.614710_56	COG3118	225660	1.27e-31	43.925	CnoX	Chaperedoxin CnoX, contains thioredoxin-like and TPR-like domains, YbbN/TrxSC family	O	Posttranslational modification, protein turnover, chaperones
NODE_10_length_83701_cov_29.614710_57	COG1259	224179	1.42e-45	44.828		Bifunctional DNase/RNase	R	General function prediction only
NODE_10_length_83701_cov_29.614710_58	COG0438	223515	1.06e-43	27.062	RfaB	Glycosyltransferase involved in cell wall bisynthesis	M	Cell wall/membrane/envelope biogenesis
NODE_10_length_83701_cov_29.614710_59	COG2518	225316	2.39e-08	37.705	Pcm	Protein-L-isoaspartate O-methyltransferase	O	Posttranslational modification, protein turnover, chaperones
NODE_10_length_83701_cov_29.614710_60	COG0438	223515	8.42e-50	41.014	RfaB	Glycosyltransferase involved in cell wall bisynthesis	M	Cell wall/membrane/envelope biogenesis
NODE_10_length_83701_cov_29.614710_61	COG0438	223515	1.28e-44	28.739	RfaB	Glycosyltransferase involved in cell wall bisynthesis	M	Cell wall/membrane/envelope biogenesis
NODE_10_length_83701_cov_29.614710_62	COG0774	223845	6.06e-78	42.238	LpxC	UDP-3-O-acyl-N-acetylglucosamine deacetylase	M	Cell wall/membrane/envelope biogenesis
NODE_10_length_83701_cov_29.614710_63	COG0764	223835	1.36e-55	48.227	FabA	3-hydroxymyristoyl/3-hydroxydecanoyl-(acyl carrier protein) dehydratase	I	Lipid transport and metabolism
NODE_10_length_83701_cov_29.614710_64	COG2003	224914	8.54e-18	24.432	RadC	DNA repair protein RadC, contains a helix-hairpin-helix DNA-binding motif	L	Replication, recombination and repair
NODE_10_length_83701_cov_29.614710_65	COG1077	224003	6.18e-168	63.855	MreB	Cell shape-determining ATPase MreB, actin-like superfamily	D	Cell cycle control, cell division, chromosome partitioning
NODE_10_length_83701_cov_29.614710_66	COG1792	224705	1.35e-40	35.455	MreC	Cell shape-determining protein MreC	D	Cell cycle control, cell division, chromosome partitioning
NODE_10_length_83701_cov_29.614710_67	COG1968	224879	1.26e-54	31.765	UppP	Undecaprenyl pyrophosphate phosphatase	I	Lipid transport and metabolism
NODE_10_length_83701_cov_29.614710_68	COG0497	223571	0.0	50.441	RecN	DNA repair ATPase RecN	L	Replication, recombination and repair
NODE_10_length_83701_cov_29.614710_69	COG0456	223532	1.54e-31	37.037	RimI	Ribosomal protein S18 acetylase RimI and related acetyltransferases	J	Translation, ribosomal structure and biogenesis
NODE_10_length_83701_cov_29.614710_70	COG0552	223626	1.93e-133	53.691	FtsY	Signal recognition particle GTPase FtsY	U	Intracellular trafficking, secretion, and vesicular transport
NODE_10_length_83701_cov_29.614710_74	COG2252	225161	1.36e-124	52.027	NCS2	Xanthine/guanine/uracil/vitamin C permease GhxP/GhxQ, nucleobase:cation symporter 2 ( NCS2) family	F	Nucleotide transport and metabolism
NODE_10_length_83701_cov_29.614710_75	COG1519	224436	2.24e-111	39.161	KdtA	3-deoxy-D-manno-octulosonic-acid transferase	M	Cell wall/membrane/envelope biogenesis
NODE_10_length_83701_cov_29.614710_77	COG1351	224270	6.5e-55	38.498	ThyX	Thymidylate synthase ThyX, FAD-dependent family	F	Nucleotide transport and metabolism
NODE_10_length_83701_cov_29.614710_78	COG0284	223361	4.54e-77	45.494	PyrF	Orotidine-5'-phosphate decarboxylase	F	Nucleotide transport and metabolism
NODE_11_length_77128_cov_29.390746_1	COG0381	223458	2.22e-51	52.419	WecB	UDP-N-acetylglucosamine 2-epimerase	M	Cell wall/membrane/envelope biogenesis
NODE_11_length_77128_cov_29.390746_2	COG0673	223745	4.89e-84	33.609	MviM	Predicted dehydrogenase	R	General function prediction only
NODE_11_length_77128_cov_29.390746_3	COG0156	223234	0.0	55.844	BioF	7-keto-8-aminopelargonate synthetase or related enzyme	H	Coenzyme transport and metabolism
NODE_11_length_77128_cov_29.390746_4	COG0138	223216	0.0	57.576	PurH	AICAR transformylase/IMP cyclohydrolase PurH	F	Nucleotide transport and metabolism
NODE_11_length_77128_cov_29.390746_5	COG1063	223991	1.4e-26	23.822	Tdh	Threonine dehydrogenase or related Zn-dependent dehydrogenase	E	Amino acid transport and metabolism
NODE_11_length_77128_cov_29.390746_6	COG0242	223320	1e-70	54.194	Def	Peptide deformylase	J	Translation, ribosomal structure and biogenesis
NODE_11_length_77128_cov_29.390746_7	COG0223	223301	9.54e-141	54.817	Fmt	Methionyl-tRNA formyltransferase	J	Translation, ribosomal structure and biogenesis
NODE_11_length_77128_cov_29.390746_8	COG1007	223939	2.34e-113	42.615	NuoN	NADH:ubiquinone oxidoreductase subunit 2 (chain N)	C	Energy production and conversion
NODE_11_length_77128_cov_29.390746_10	COG0184	223262	2.78e-28	57.303	RpsO	Ribosomal protein S15P/S13E	J	Translation, ribosomal structure and biogenesis
NODE_11_length_77128_cov_29.390746_11	COG1185	224106	0.0	51.511	Pnp	Polyribonucleotide nucleotidyltransferase (polynucleotide phosphorylase)	J	Translation, ribosomal structure and biogenesis
NODE_11_length_77128_cov_29.390746_12	COG0612	223685	4.08e-110	34.286	PqqL	Predicted Zn-dependent peptidase, M16 family	R	General function prediction only
NODE_11_length_77128_cov_29.390746_13	COG1408	224326	2.11e-41	31.461	YaeI	Predicted phosphohydrolase, MPP superfamily	R	General function prediction only
NODE_11_length_77128_cov_29.390746_20	COG1452	224369	4.51e-07	22.695	LptD	LPS assembly outer membrane protein LptD (organic solvent tolerance protein OstA)	M	Cell wall/membrane/envelope biogenesis
NODE_11_length_77128_cov_29.390746_22	COG1089	224014	2.49e-107	36.232	Gmd	GDP-D-mannose dehydratase	M	Cell wall/membrane/envelope biogenesis
NODE_11_length_77128_cov_29.390746_23	COG3533	226063	8.33e-91	33.263	HybA1	Beta-L-arabinofuranosidase, GH127 family	G	Carbohydrate transport and metabolism
NODE_11_length_77128_cov_29.390746_24	COG1397	224315	1.66e-70	33.962	DraG	ADP-ribosylglycohydrolase	O	Posttranslational modification, protein turnover, chaperones
NODE_11_length_77128_cov_29.390746_25	COG1940	224851	1.87e-54	34.551	NagC	Sugar kinase of the NBD/HSP70 family, may contain an N-terminal HTH domain	G	Carbohydrate transport and metabolism
NODE_11_length_77128_cov_29.390746_26	COG0071	223149	3.3e-34	41.667	IbpA	Small heat shock protein IbpA, HSP20 family	O	Posttranslational modification, protein turnover, chaperones
NODE_11_length_77128_cov_29.390746_27	COG0071	223149	1.22e-38	43.448	IbpA	Small heat shock protein IbpA, HSP20 family	O	Posttranslational modification, protein turnover, chaperones
NODE_11_length_77128_cov_29.390746_29	COG0782	223853	7.91e-29	38.158	GreA	Transcription elongation factor, GreA/GreB family	K	Transcription
NODE_11_length_77128_cov_29.390746_30	COG1120	224045	2.48e-117	46.85	FepC	ABC-type cobalamin/Fe3+-siderophores transport system, ATPase component	P	Inorganic ion transport and metabolism
NODE_11_length_77128_cov_29.390746_31	COG0442	223519	0.0	39.373	ProS	Prolyl-tRNA synthetase	J	Translation, ribosomal structure and biogenesis
NODE_11_length_77128_cov_29.390746_32	COG0750	223821	4.19e-36	29.917	RseP	Membrane-associated protease RseP, regulator of RpoE activity	O	Posttranslational modification, protein turnover, chaperones
NODE_11_length_77128_cov_29.390746_33	COG3127	225669	0.000778	18.033	YbbP	Predicted ABC-type transport system involved in lysophospholipase L1 biosynthesis, permease component	Q	Secondary metabolites biosynthesis, transport and catabolism
NODE_11_length_77128_cov_29.390746_34	COG0020	223099	3.9e-123	60.086	UppS	Undecaprenyl pyrophosphate synthase	I	Lipid transport and metabolism
NODE_11_length_77128_cov_29.390746_36	COG0233	223311	1.85e-79	54.098	Frr	Ribosome recycling factor	J	Translation, ribosomal structure and biogenesis
NODE_11_length_77128_cov_29.390746_37	COG0528	223602	7.55e-119	57.872	PyrH	Uridylate kinase	F	Nucleotide transport and metabolism
NODE_11_length_77128_cov_29.390746_38	COG0264	223342	1.95e-57	34.615	Tsf	Translation elongation factor EF-Ts	J	Translation, ribosomal structure and biogenesis
NODE_11_length_77128_cov_29.390746_39	COG0052	223130	1.2e-130	56.048	RpsB	Ribosomal protein S2	J	Translation, ribosomal structure and biogenesis
NODE_11_length_77128_cov_29.390746_40	COG1530	224447	1.02e-126	36.42	CafA	Ribonuclease G or E	J	Translation, ribosomal structure and biogenesis
NODE_11_length_77128_cov_29.390746_43	COG1082	224007	2.26e-35	26.715	YcjR	Sugar phosphate isomerase/epimerase	G	Carbohydrate transport and metabolism
NODE_11_length_77128_cov_29.390746_44	COG0767	223838	4.61e-61	41.406	MlaE	Permease subunit MlaE of the ABC-type intermembrane phospholipid transporter Mla	M	Cell wall/membrane/envelope biogenesis
NODE_11_length_77128_cov_29.390746_45	COG1028	223959	2.63e-65	47.036	FabG	NAD(P)-dependent dehydrogenase, short-chain alcohol dehydrogenase family	I	Lipid transport and metabolism
NODE_11_length_77128_cov_29.390746_49	COG0358	223435	5.63e-142	32.014	DnaG	DNA primase (bacterial type)	L	Replication, recombination and repair
NODE_11_length_77128_cov_29.390746_50	COG0568	223642	1.31e-87	42.271	RpoD	DNA-directed RNA polymerase, sigma subunit (sigma70/sigma32)	K	Transcription
NODE_11_length_77128_cov_29.390746_51	COG2812	225369	2.81e-156	42.213	DnaX	DNA polymerase III, gamma/tau subunits	L	Replication, recombination and repair
NODE_11_length_77128_cov_29.390746_52	COG0820	223890	4.46e-150	51.744	RlmN	Adenine C2-methylase RlmN of 23S rRNA A2503 and tRNA A37	J	Translation, ribosomal structure and biogenesis
NODE_11_length_77128_cov_29.390746_53	COG4963	227298	6.95e-19	28.682	CpaE	Flp pilus assembly ATPase CpaE/TadZ, contains N-terminal REC/TadZ_N domain	U	Intracellular trafficking, secretion, and vesicular transport
NODE_11_length_77128_cov_29.390746_54	COG3745	226268	3.16e-08	22.727	CpaB	Flp pilus assembly protein CpaB	U	Intracellular trafficking, secretion, and vesicular transport
NODE_11_length_77128_cov_29.390746_55	COG2373	225248	3.33e-110	22.987	YfaS	Uncharacterized conserved protein YfaS, alpha-2-macroglobulin family	R	General function prediction only
NODE_11_length_77128_cov_29.390746_56	COG1668	224582	4.57e-09	21.645	NatB	ABC-type Na+ efflux pump, permease component NatB	C	Energy production and conversion
NODE_11_length_77128_cov_29.390746_57	COG1606	224522	2.36e-108	48.12		ATP-utilizing enzyme, PP-loop superfamily	R	General function prediction only
NODE_11_length_77128_cov_29.390746_58	COG0614	223687	3.66e-59	34.155	FepB	ABC-type Fe3+-hydroxamate transport system, periplasmic component	P	Inorganic ion transport and metabolism
NODE_11_length_77128_cov_29.390746_59	COG0164	223242	1.27e-78	52.792	RnhB	Ribonuclease HII	L	Replication, recombination and repair
NODE_11_length_77128_cov_29.390746_60	COG0123	223201	6.98e-102	39.077	AcuC	Acetoin utilization deacetylase AcuC or a related deacetylase	Q	Secondary metabolites biosynthesis, transport and catabolism
NODE_11_length_77128_cov_29.390746_62	COG1332	224251	1.88e-22	22.066	Csm5	CRISPR-Cas system type III CSM-effector complex subunit Csm5, RAMP superfamily Cas7 group	V	Defense mechanisms
NODE_11_length_77128_cov_29.390746_63	COG1567	224483	1.12e-31	25.797	Csm4	CRISPR-Cas system type III CSM-effector complex subunit Csm4, RAMP superfamily Cas5 group	V	Defense mechanisms
NODE_11_length_77128_cov_29.390746_64	COG1337	224256	3.87e-57	37.165	Csm3	CRISPR-Cas system type III CSM-effector complex subunit Csm3, RAMP superfamily Cas7 group	V	Defense mechanisms
NODE_11_length_77128_cov_29.390746_65	COG1421	224339	8.8e-05	23.158	Csm2	CRISPR-Cas system type III CSM-effector complex small subunit Csm2	V	Defense mechanisms
NODE_11_length_77128_cov_29.390746_66	COG1353	224272	6.73e-09	46.667	Cas10	CRISPR/Cas system-associated protein Cas10, large subunit of type III CRISPR-Cas systems, contains HD superfamily nuclease domain	V	Defense mechanisms
NODE_12_length_75494_cov_29.999125_2	COG1422	224340	0.000127	28.986	YidC	Archaeal YidC/Oxa1-related membrane protein, DUF106 family	M	Cell wall/membrane/envelope biogenesis
NODE_12_length_75494_cov_29.999125_3	COG3166	225707	6.14e-09	23.75	PilN	Type IV pilus assembly protein PilN	N	Cell motility
NODE_12_length_75494_cov_29.999125_4	COG4972	227306	4.63e-37	22.699	PilM	Type IV pilus assembly protein, ATPase PilM	N	Cell motility
NODE_12_length_75494_cov_29.999125_5	COG2103	225014	3.38e-133	55.147	MurQ	N-acetylmuramic acid 6-phosphate (MurNAc-6-P) etherase	M	Cell wall/membrane/envelope biogenesis
NODE_12_length_75494_cov_29.999125_6	COG2366	225241	5.71e-109	27.475	PvdQ	Acyl-homoserine lactone (AHL) acylase PvdQ	Q	Secondary metabolites biosynthesis, transport and catabolism
NODE_12_length_75494_cov_29.999125_7	COG2389	225262	5.5e-25	36.774		Uncharacterized metal-binding protein, DUF2227 family	S	Function unknown
NODE_12_length_75494_cov_29.999125_8	COG1704	224618	2.59e-70	55.952	LemA	Magnetosome formation protein MamQ, lipoprotein antigen LemA family	M	Cell wall/membrane/envelope biogenesis
NODE_12_length_75494_cov_29.999125_9	COG0077	223155	1.26e-119	48.54	PheA2	Prephenate dehydratase	E	Amino acid transport and metabolism
NODE_12_length_75494_cov_29.999125_10	COG1172	224093	1.25e-87	51.104	AraH	Ribose/xylose/arabinose/galactoside ABC-type transport system, permease component	G	Carbohydrate transport and metabolism
NODE_12_length_75494_cov_29.999125_11	COG0015	223094	0.0	51.382	PurB	Adenylosuccinate lyase	F	Nucleotide transport and metabolism
NODE_12_length_75494_cov_29.999125_12	COG1316	224235	8e-60	27.338	Cps2a	Anionic cell wall polymer biosynthesis enzyme TagV/TagU,  LytR-Cps2A-Psr (LCP) family (peptidoglycan teichoic acid transferase)	M	Cell wall/membrane/envelope biogenesis
NODE_12_length_75494_cov_29.999125_13	COG0388	223465	4.36e-37	29.008	Nit2	Omega-amidase YafV/Nit2, hydrolyzes alpha-ketoglutaramate	C	Energy production and conversion
NODE_12_length_75494_cov_29.999125_14	COG2071	224982	1.74e-86	43.028	PuuD	Gamma-glutamyl-gamma-aminobutyrate hydrolase PuuD (putrescine degradation), contains GATase1-like domain	E	Amino acid transport and metabolism
NODE_12_length_75494_cov_29.999125_15	COG2226	225136	2.66e-19	36.8	UbiE	Ubiquinone/menaquinone biosynthesis C-methylase UbiE/MenG	H	Coenzyme transport and metabolism
NODE_12_length_75494_cov_29.999125_17	COG0604	223677	2.5e-116	45.299	Qor	NADPH:quinone reductase or related Zn-dependent oxidoreductase	C	Energy production and conversion
NODE_12_length_75494_cov_29.999125_18	COG1694	224608	6.36e-12	31.646	MazG	NTP pyrophosphatase, house-cleaning of non-canonical NTPs	V	Defense mechanisms
NODE_12_length_75494_cov_29.999125_19	COG0054	223132	1.49e-75	59.06	RibE	6,7-dimethyl-8-ribityllumazine synthase (Riboflavin synthase beta chain)	H	Coenzyme transport and metabolism
NODE_12_length_75494_cov_29.999125_20	COG0059	223137	0.0	63.142	IlvC	Ketol-acid reductoisomerase	E	Amino acid transport and metabolism
NODE_12_length_75494_cov_29.999125_21	COG0432	223509	6.8e-61	56.923	YjbQ	Thiamin phosphate synthase YjbQ, UPF0047 family	H	Coenzyme transport and metabolism
NODE_12_length_75494_cov_29.999125_22	COG2094	225005	4.92e-74	50.249	Mpg	3-methyladenine DNA glycosylase Mpg	L	Replication, recombination and repair
NODE_12_length_75494_cov_29.999125_23	COG0370	223447	7.92e-67	50.898	FeoB	Fe2+ transporter FeoB	P	Inorganic ion transport and metabolism
NODE_12_length_75494_cov_29.999125_24	COG0370	223447	2.82e-91	27.789	FeoB	Fe2+ transporter FeoB	P	Inorganic ion transport and metabolism
NODE_12_length_75494_cov_29.999125_26	COG0864	223932	6.44e-44	42.969	NikR	Metal-responsive transcriptional regulator, contains CopG/Arc/MetJ DNA-binding domain	K	Transcription
NODE_12_length_75494_cov_29.999125_27	COG0809	223879	9.17e-177	58.453	QueA	S-adenosylmethionine:tRNA-ribosyltransferase-isomerase (queuine synthetase)	J	Translation, ribosomal structure and biogenesis
NODE_12_length_75494_cov_29.999125_29	COG4783	227122	9.76e-06	23.134	BepA	Outer membrane protein chaperone/metalloprotease BepA/YfgC, contains M48 and TPR domains	M	Cell wall/membrane/envelope biogenesis
NODE_12_length_75494_cov_29.999125_30	COG0457	223533	1.32e-07	31.507	TPR	Tetratricopeptide (TPR) repeat	R	General function prediction only
NODE_12_length_75494_cov_29.999125_31	COG0438	223515	9.36e-65	31.347	RfaB	Glycosyltransferase involved in cell wall bisynthesis	M	Cell wall/membrane/envelope biogenesis
NODE_12_length_75494_cov_29.999125_32	COG3707	226230	7.04e-53	44.974	AmiR	Two-component response regulator, AmiR/NasT family, consists of REC and RNA-binding antiterminator (ANTAR) domains	T	Signal transduction mechanisms
NODE_12_length_75494_cov_29.999125_33	COG1192	224113	2.47e-84	46.304	ParA	ParA-like ATPase involved in chromosome/plasmid partitioning or cellulose biosynthesis protein BcsQ	D	Cell cycle control, cell division, chromosome partitioning
NODE_12_length_75494_cov_29.999125_34	COG0265	223343	3.03e-85	41.389	DegQ	Periplasmic serine protease, S1-C subfamily, contain C-terminal PDZ domain	O	Posttranslational modification, protein turnover, chaperones
NODE_12_length_75494_cov_29.999125_35	COG0583	223656	2.7e-63	37.124	LysR	DNA-binding transcriptional regulator, LysR family	K	Transcription
NODE_12_length_75494_cov_29.999125_36	COG1879	224791	1.44e-53	28.956	RbsB	ABC-type sugar transport system, periplasmic component, contains N-terminal xre family HTH domain	G	Carbohydrate transport and metabolism
NODE_12_length_75494_cov_29.999125_38	COG2314	225196	1.73e-08	39.655	TM2	Uncharacterized membrane protein YozV, TM2 domain, contains pTyr	R	General function prediction only
NODE_12_length_75494_cov_29.999125_40	COG4232	226685	6.99e-49	31.507	DsbD	Thiol:disulfide interchange protein DsbD	O	Posttranslational modification, protein turnover, chaperones
NODE_12_length_75494_cov_29.999125_42	COG1595	224511	4.11e-41	38.728	RpoE	DNA-directed RNA polymerase specialized sigma subunit, sigma24 family	K	Transcription
NODE_12_length_75494_cov_29.999125_43	COG3836	226356	6.52e-60	36.22	HpcH	2-keto-3-deoxy-L-rhamnonate aldolase RhmA	G	Carbohydrate transport and metabolism
NODE_12_length_75494_cov_29.999125_44	COG2165	225076	7.83e-13	42.857	PulG	Type II secretory pathway, pseudopilin PulG	N	Cell motility
NODE_12_length_75494_cov_29.999125_48	COG1432	224349	3.92e-26	29.651	LabA	NYN domain, predicted PIN-related RNAse, tRNA/rRNA maturation	R	General function prediction only
NODE_12_length_75494_cov_29.999125_49	COG0046	223124	0.0	45.845	PurL1	Phosphoribosylformylglycinamidine (FGAM) synthase, synthetase domain	F	Nucleotide transport and metabolism
NODE_12_length_75494_cov_29.999125_50	COG0171	223249	6.84e-89	40.714	NadE	NH3-dependent NAD+ synthetase	H	Coenzyme transport and metabolism
NODE_12_length_75494_cov_29.999125_52	COG1220	224141	0.0	60.39	HslU	ATP-dependent protease HslVU (ClpYQ), ATPase subunit HslU	O	Posttranslational modification, protein turnover, chaperones
NODE_12_length_75494_cov_29.999125_53	COG0805	223876	7.17e-50	32.932	TatC	Twin-arginine protein secretion pathway component TatC	U	Intracellular trafficking, secretion, and vesicular transport
NODE_12_length_75494_cov_29.999125_54	COG0673	223745	2.38e-78	33.436	MviM	Predicted dehydrogenase	R	General function prediction only
NODE_12_length_75494_cov_29.999125_55	COG1490	224407	1.25e-79	58.621	Dtd	D-aminoacyl-tRNA deacylase	J	Translation, ribosomal structure and biogenesis
NODE_12_length_75494_cov_29.999125_57	COG2876	225431	9.22e-152	64.336	AroGA	3-deoxy-D-arabino-heptulosonate 7-phosphate (DAHP) synthase	E	Amino acid transport and metabolism
NODE_12_length_75494_cov_29.999125_58	COG1371	224290	1.15e-26	38.849	ARCH	Archease, activates RNA ligation by RtcB (tRNA splicing)	J	Translation, ribosomal structure and biogenesis
NODE_12_length_75494_cov_29.999125_59	COG0671	223743	2.34e-07	22.335	PgpB	Membrane-associated phospholipid phosphatase	I	Lipid transport and metabolism
NODE_12_length_75494_cov_29.999125_60	COG0196	223274	1.31e-107	42.997	RibF	FAD synthase	H	Coenzyme transport and metabolism
NODE_12_length_75494_cov_29.999125_61	COG1600	224516	4.65e-118	47.522	QueG	Epoxyqueuosine reductase QueG (queuosine biosynthesis)	J	Translation, ribosomal structure and biogenesis
NODE_12_length_75494_cov_29.999125_62	COG0606	223679	8.58e-16	21.003	YifB	Predicted Mg-chelatase, contains ChlI-like and ATPase domains, YifB family	O	Posttranslational modification, protein turnover, chaperones
NODE_12_length_75494_cov_29.999125_63	COG0622	223695	8.4e-16	25.641	YfcE	Predicted phosphodiesterase, calcineurin family	R	General function prediction only
NODE_12_length_75494_cov_29.999125_64	COG0770	223841	4.2e-146	41.631	MurF	UDP-N-acetylmuramyl pentapeptide synthase	M	Cell wall/membrane/envelope biogenesis
NODE_12_length_75494_cov_29.999125_65	COG0763	223834	1.04e-66	29.897	LpxB	Lipid A disaccharide synthetase	M	Cell wall/membrane/envelope biogenesis
NODE_12_length_75494_cov_29.999125_66	COG0318	223395	0.0	42.413	MenE/FadK	O-succinylbenzoic acid-CoA ligase MenE or related acyl-CoA synthetase (AMP-forming)	I	Lipid transport and metabolism
NODE_12_length_75494_cov_29.999125_67	COG1310	224229	4.88e-15	29.752	Rri1	Proteasome lid subunit RPN8/RPN11, contains Jab1/MPN domain metalloenzyme (JAMM) motif	O	Posttranslational modification, protein turnover, chaperones
NODE_12_length_75494_cov_29.999125_68	COG0031	223110	3.43e-139	50.167	CysK	Cysteine synthase	E	Amino acid transport and metabolism
NODE_12_length_75494_cov_29.999125_69	COG0776	223847	1.3e-30	47.872	HimA	Bacterial nucleoid DNA-binding protein IHF-alpha	L	Replication, recombination and repair
NODE_12_length_75494_cov_29.999125_70	COG1160	224082	0.0	48.791	Der	Double Era-like domain GTPase Der	J	Translation, ribosomal structure and biogenesis
NODE_12_length_75494_cov_29.999125_71	COG1363	224282	2.01e-133	48.276	FrvX	Putative aminopeptidase FrvX	E	Amino acid transport and metabolism
NODE_13_length_70294_cov_31.299235_2	COG2165	225076	1.14e-07	36.923	PulG	Type II secretory pathway, pseudopilin PulG	N	Cell motility
NODE_13_length_70294_cov_31.299235_5	COG0777	223848	3.34e-133	56.458	AccD	Acetyl-CoA carboxylase beta subunit	I	Lipid transport and metabolism
NODE_13_length_70294_cov_31.299235_6	COG1191	224112	9.31e-15	49.057	FliA	DNA-directed RNA polymerase specialized sigma subunit	K	Transcription
NODE_13_length_70294_cov_31.299235_10	COG0744	223815	6.76e-58	44.149	MrcB	Penicillin-binding protein 1B/1F, peptidoglycan  transglycosylase/transpeptidase	M	Cell wall/membrane/envelope biogenesis
NODE_13_length_70294_cov_31.299235_11	COG2165	225076	2.98e-10	31.395	PulG	Type II secretory pathway, pseudopilin PulG	N	Cell motility
NODE_13_length_70294_cov_31.299235_12	COG1008	223940	0.0	52.259	NuoM	NADH:ubiquinone oxidoreductase subunit 4 (chain M)	C	Energy production and conversion
NODE_13_length_70294_cov_31.299235_13	COG1009	223941	2.35e-179	43.009	NuoL	Membrane H+-translocase/NADH:ubiquinone oxidoreductase subunit 5 (chain L)/Multisubunit Na+/H+ antiporter, MnhA subunit	C	Energy production and conversion
NODE_13_length_70294_cov_31.299235_14	COG0713	223785	7e-26	50.962	NuoK	NADH:ubiquinone oxidoreductase subunit 11 or 4L (chain K)	C	Energy production and conversion
NODE_13_length_70294_cov_31.299235_15	COG0839	223909	5.21e-19	38.235	NuoJ	NADH:ubiquinone oxidoreductase subunit 6 (chain J)	C	Energy production and conversion
NODE_13_length_70294_cov_31.299235_16	COG1598	224514	3.34e-11	36.667	HicB	Antitoxin component HicB of the HicAB toxin-antitoxin system	V	Defense mechanisms
NODE_13_length_70294_cov_31.299235_17	COG1005	223937	1.89e-114	46.726	NuoH	NADH:ubiquinone oxidoreductase subunit 1 (chain H)	C	Energy production and conversion
NODE_13_length_70294_cov_31.299235_19	COG0649	223722	0.0	56.345	NuoD	NADH:ubiquinone oxidoreductase 49 kD subunit (chain D)	C	Energy production and conversion
NODE_13_length_70294_cov_31.299235_21	COG0852	223921	8.76e-56	46.939	NuoC	NADH:ubiquinone oxidoreductase 27 kD subunit (chain C)	C	Energy production and conversion
NODE_13_length_70294_cov_31.299235_22	COG0838	223908	1.05e-30	41.322	NuoA	NADH:ubiquinone oxidoreductase subunit 3 (chain A)	C	Energy production and conversion
NODE_13_length_70294_cov_31.299235_23	COG0195	223273	3.33e-60	49.733	NusA	Transcription antitermination factor NusA, contains S1 and KH domains	K	Transcription
NODE_13_length_70294_cov_31.299235_24	COG0532	223606	0.0	55.206	InfB	Translation initiation factor IF-2, a GTPase	J	Translation, ribosomal structure and biogenesis
NODE_13_length_70294_cov_31.299235_25	COG4974	227308	1.24e-114	46.865	XerD	Site-specific recombinase XerD	L	Replication, recombination and repair
NODE_13_length_70294_cov_31.299235_26	COG0075	223153	2.87e-159	50.136	PucG	Archaeal aspartate aminotransferase or a related aminotransferase, includes purine catabolism protein PucG	E	Amino acid transport and metabolism
NODE_13_length_70294_cov_31.299235_30	COG1450	224367	1.99e-77	27.394	PulD	Type II secretory pathway component GspD/PulD (secretin)	U	Intracellular trafficking, secretion, and vesicular transport
NODE_13_length_70294_cov_31.299235_33	COG0314	223391	8.35e-53	52.713	MoaE	Molybdopterin synthase catalytic subunit MoaE	H	Coenzyme transport and metabolism
NODE_13_length_70294_cov_31.299235_35	COG1674	224588	7.59e-152	40.472	FtsK	DNA segregation ATPase FtsK/SpoIIIE or related protein	D	Cell cycle control, cell division, chromosome partitioning
NODE_13_length_70294_cov_31.299235_36	COG0438	223515	1.46e-30	22.727	RfaB	Glycosyltransferase involved in cell wall bisynthesis	M	Cell wall/membrane/envelope biogenesis
NODE_13_length_70294_cov_31.299235_38	COG2423	225280	2.17e-97	42.424	OCDMu	Ornithine cyclodeaminase/archaeal alanine dehydrogenase, mu-crystallin family	E	Amino acid transport and metabolism
NODE_13_length_70294_cov_31.299235_39	COG0648	223721	3.12e-97	39.643	Nfo	Endonuclease IV	L	Replication, recombination and repair
NODE_13_length_70294_cov_31.299235_40	COG0316	223393	1.6e-47	50.467	IscA	Fe-S cluster assembly iron-binding protein IscA	O	Posttranslational modification, protein turnover, chaperones
NODE_13_length_70294_cov_31.299235_41	COG0111	223189	1.38e-80	33.851	SerA	Phosphoglycerate dehydrogenase or related dehydrogenase	H	Coenzyme transport and metabolism
NODE_13_length_70294_cov_31.299235_43	COG3533	226063	0.0	40.388	HybA1	Beta-L-arabinofuranosidase, GH127 family	G	Carbohydrate transport and metabolism
NODE_13_length_70294_cov_31.299235_44	COG0499	223573	0.0	64.354	SAM1	S-adenosylhomocysteine hydrolase	H	Coenzyme transport and metabolism
NODE_13_length_70294_cov_31.299235_46	COG1319	224238	1.77e-82	41.812	CutB	Aldehyde, CO, or xanthine dehydrogenase, FAD-binding subunit	C	Energy production and conversion
NODE_13_length_70294_cov_31.299235_47	COG1529	224446	0.0	36.388	CoxL	Aldehyde, CO or xanthine dehydrogenase, Mo-binding subunit	C	Energy production and conversion
NODE_13_length_70294_cov_31.299235_48	COG1116	224041	1.83e-07	20.202	TauB	ABC-type nitrate/sulfonate/bicarbonate transport system, ATPase component	P	Inorganic ion transport and metabolism
NODE_13_length_70294_cov_31.299235_50	COG0457	223533	3.63e-05	20.382	TPR	Tetratricopeptide (TPR) repeat	R	General function prediction only
NODE_13_length_70294_cov_31.299235_52	COG1566	224482	4.19e-22	29.741	EmrA	Multidrug resistance efflux pump EmrA	V	Defense mechanisms
NODE_13_length_70294_cov_31.299235_53	COG0841	223911	0.0	26.173	AcrB	Multidrug efflux pump subunit AcrB	V	Defense mechanisms
NODE_13_length_70294_cov_31.299235_54	COG1082	224007	9.54e-36	25.461	YcjR	Sugar phosphate isomerase/epimerase	G	Carbohydrate transport and metabolism
NODE_13_length_70294_cov_31.299235_56	COG3808	226330	0.0	42.741	OVP1	Na+ or H+-translocating membrane pyrophosphatase	C	Energy production and conversion
NODE_13_length_70294_cov_31.299235_57	COG2165	225076	0.000142	33.962	PulG	Type II secretory pathway, pseudopilin PulG	N	Cell motility
NODE_14_length_66072_cov_29.535529_3	COG4655	227002	6.74e-05	32.759	TadX	Uncharacterized conserved protein, contains TadX/Tad_C domain	R	General function prediction only
NODE_14_length_66072_cov_29.535529_6	COG0501	223575	6.96e-56	35.74	HtpX	Zn-dependent protease with chaperone function	O	Posttranslational modification, protein turnover, chaperones
NODE_14_length_66072_cov_29.535529_7	COG0860	223929	7.87e-43	33.511	AmiC	N-acetylmuramoyl-L-alanine amidase	M	Cell wall/membrane/envelope biogenesis
NODE_14_length_66072_cov_29.535529_9	COG1015	223947	0.0	52.284	DeoB	Phosphopentomutase	G	Carbohydrate transport and metabolism
NODE_14_length_66072_cov_29.535529_10	COG1190	224111	0.0	60.685	LysU	Lysyl-tRNA synthetase (class II)	J	Translation, ribosomal structure and biogenesis
NODE_14_length_66072_cov_29.535529_11	COG0782	223853	5e-37	46.98	GreA	Transcription elongation factor, GreA/GreB family	K	Transcription
NODE_14_length_66072_cov_29.535529_12	COG5322	227632	9.41e-65	32.372		Predicted amino acid dehydrogenase	R	General function prediction only
NODE_14_length_66072_cov_29.535529_15	COG1007	223939	8.33e-113	37.87	NuoN	NADH:ubiquinone oxidoreductase subunit 2 (chain N)	C	Energy production and conversion
NODE_14_length_66072_cov_29.535529_16	COG0105	223183	1.17e-82	63.704	Ndk	Nucleoside diphosphate kinase	F	Nucleotide transport and metabolism
NODE_14_length_66072_cov_29.535529_17	COG0142	223220	4.57e-98	38.739	IspA	Geranylgeranyl pyrophosphate synthase	H	Coenzyme transport and metabolism
NODE_14_length_66072_cov_29.535529_19	COG1208	224129	7.42e-67	29.859	GCD1	NDP-sugar pyrophosphorylase, includes eIF-2Bgamma, eIF-2Bepsilon, and LPS biosynthesis protein s	J	Translation, ribosomal structure and biogenesis
NODE_14_length_66072_cov_29.535529_20	COG1092	224017	1.79e-122	40.816	RlmK	23S rRNA G2069 N7-methylase RlmK or C1962 C5-methylase RlmI	J	Translation, ribosomal structure and biogenesis
NODE_14_length_66072_cov_29.535529_21	COG0135	223213	8.97e-72	42.202	TrpF	Phosphoribosylanthranilate isomerase	E	Amino acid transport and metabolism
NODE_14_length_66072_cov_29.535529_22	COG1847	224760	1.96e-42	39.904	Jag	Predicted RNA-binding protein Jag (SpoIIIJ-associated), conains KH and R3H domains	R	General function prediction only
NODE_14_length_66072_cov_29.535529_23	COG0706	223778	4.7e-41	35.0	YidC	Membrane protein insertase Oxa1/YidC/SpoIIIJ	M	Cell wall/membrane/envelope biogenesis
NODE_14_length_66072_cov_29.535529_24	COG0594	223667	1.59e-21	33.621	RnpA	RNase P protein component	J	Translation, ribosomal structure and biogenesis
NODE_14_length_66072_cov_29.535529_26	COG0212	223290	2.19e-49	37.433	FAU1	5-formyltetrahydrofolate cyclo-ligase	H	Coenzyme transport and metabolism
NODE_14_length_66072_cov_29.535529_27	COG1082	224007	1.43e-32	25.18	YcjR	Sugar phosphate isomerase/epimerase	G	Carbohydrate transport and metabolism
NODE_14_length_66072_cov_29.535529_28	COG2896	225449	1.19e-125	44.848	MoaA	GTP 3',8-cyclase (molybdenum cofactor biosynthesis protein MoaA)	H	Coenzyme transport and metabolism
NODE_14_length_66072_cov_29.535529_29	COG3956	226465	1.46e-82	45.669	YabN	Uncharacterized conserved protein YabN, contains tetrapyrrole methylase and MazG-like pyrophosphatase domain	R	General function prediction only
NODE_14_length_66072_cov_29.535529_31	COG0217	223295	6.78e-109	51.037	TACO1	Transcriptional and/or translational regulatory protein YebC/TACO1	K	Transcription
NODE_14_length_66072_cov_29.535529_32	COG1573	224489	2.1e-64	45.5	Udg4	Uracil-DNA glycosylase	L	Replication, recombination and repair
NODE_14_length_66072_cov_29.535529_33	COG1420	224338	1.66e-71	31.124	HrcA	Transcriptional regulator of heat shock response	K	Transcription
NODE_14_length_66072_cov_29.535529_34	COG0451	223528	4.84e-84	39.144	WcaG	Nucleoside-diphosphate-sugar epimerase	M	Cell wall/membrane/envelope biogenesis
NODE_14_length_66072_cov_29.535529_35	COG0451	223528	3.11e-78	37.576	WcaG	Nucleoside-diphosphate-sugar epimerase	M	Cell wall/membrane/envelope biogenesis
NODE_14_length_66072_cov_29.535529_36	COG0451	223528	4.66e-90	46.226	WcaG	Nucleoside-diphosphate-sugar epimerase	M	Cell wall/membrane/envelope biogenesis
NODE_14_length_66072_cov_29.535529_37	COG0673	223745	1.2e-54	26.462	MviM	Predicted dehydrogenase	R	General function prediction only
NODE_14_length_66072_cov_29.535529_38	COG0309	223386	1.08e-88	33.43	HypE	Carbamoyl dehydratase HypE (hydrogenase maturation factor)	O	Posttranslational modification, protein turnover, chaperones
NODE_14_length_66072_cov_29.535529_39	COG1271	224190	6.55e-11	20.25	AppC	Cytochrome bd-type quinol oxidase, subunit 1	C	Energy production and conversion
NODE_14_length_66072_cov_29.535529_41	COG2226	225136	5.72e-14	30.601	UbiE	Ubiquinone/menaquinone biosynthesis C-methylase UbiE/MenG	H	Coenzyme transport and metabolism
NODE_14_length_66072_cov_29.535529_42	COG1022	223953	1.06e-117	32.79	FAA1	Long-chain acyl-CoA synthetase (AMP-forming)	I	Lipid transport and metabolism
NODE_14_length_66072_cov_29.535529_43	COG1082	224007	1.67e-37	27.915	YcjR	Sugar phosphate isomerase/epimerase	G	Carbohydrate transport and metabolism
NODE_14_length_66072_cov_29.535529_44	COG3661	226187	0.009	34.091	AguA2	Alpha-glucuronidase	G	Carbohydrate transport and metabolism
NODE_14_length_66072_cov_29.535529_45	COG2140	225051	5.67e-18	26.829	OxdD	Oxalate decarboxylase/archaeal phosphoglucose isomerase, cupin superfamily	G	Carbohydrate transport and metabolism
NODE_14_length_66072_cov_29.535529_46	COG1940	224851	1.05e-55	40.614	NagC	Sugar kinase of the NBD/HSP70 family, may contain an N-terminal HTH domain	G	Carbohydrate transport and metabolism
NODE_14_length_66072_cov_29.535529_47	COG1985	224896	3.21e-77	49.55	RibD	Pyrimidine reductase, riboflavin biosynthesis	H	Coenzyme transport and metabolism
NODE_14_length_66072_cov_29.535529_48	COG0843	223913	0.000497	24.444	CyoB	Heme/copper-type cytochrome/quinol oxidase, subunit 1	C	Energy production and conversion
NODE_14_length_66072_cov_29.535529_51	COG0475	223551	1.22e-17	27.07	KefB	Kef-type K+ transport system, membrane component KefB	P	Inorganic ion transport and metabolism
NODE_14_length_66072_cov_29.535529_53	COG0490	223564	1.4e-50	41.718	KhtT	K+/H+ antiporter KhtSTU, c-di-AMP-binding regulatory subunit KhtT, contains RCK_C (TrkA_C) domain	P	Inorganic ion transport and metabolism
NODE_14_length_66072_cov_29.535529_55	COG0467	223543	4.89e-47	37.165	RAD55	RecA-superfamily ATPase, KaiC/GvpD/RAD55 family	T	Signal transduction mechanisms
NODE_14_length_66072_cov_29.535529_56	COG0668	223740	5.03e-10	24.044	MscS	Small-conductance mechanosensitive channel	M	Cell wall/membrane/envelope biogenesis
NODE_14_length_66072_cov_29.535529_58	COG0584	223657	2.84e-63	38.492	UgpQ	Glycerophosphoryl diester phosphodiesterase	I	Lipid transport and metabolism
NODE_14_length_66072_cov_29.535529_59	COG2319	225201	0.004	18.519	WD40	WD40 repeat	R	General function prediction only
NODE_15_length_60304_cov_28.459742_2	COG0155	223233	1.17e-138	35.478	CysI	Sulfite reductase, beta subunit (hemoprotein)	P	Inorganic ion transport and metabolism
NODE_15_length_60304_cov_28.459742_3	COG0265	223343	1.37e-78	40.0	DegQ	Periplasmic serine protease, S1-C subfamily, contain C-terminal PDZ domain	O	Posttranslational modification, protein turnover, chaperones
NODE_15_length_60304_cov_28.459742_4	COG0789	223860	1.65e-15	32.075	SoxR	DNA-binding transcriptional regulator, MerR family	K	Transcription
NODE_15_length_60304_cov_28.459742_5	COG1579	224495	1e-26	25.373	DR0291	Predicted nucleic acid-binding protein DR0291, contains C4-type Zn-ribbon domain	R	General function prediction only
NODE_15_length_60304_cov_28.459742_6	COG4783	227122	7.08e-12	24.229	BepA	Outer membrane protein chaperone/metalloprotease BepA/YfgC, contains M48 and TPR domains	M	Cell wall/membrane/envelope biogenesis
NODE_15_length_60304_cov_28.459742_7	COG2220	225130	6.68e-26	26.761	UlaG	L-ascorbate lactonase UlaG, metallo-beta-lactamase superfamily	G	Carbohydrate transport and metabolism
NODE_15_length_60304_cov_28.459742_8	COG4783	227122	2.06e-06	22.872	BepA	Outer membrane protein chaperone/metalloprotease BepA/YfgC, contains M48 and TPR domains	M	Cell wall/membrane/envelope biogenesis
NODE_15_length_60304_cov_28.459742_9	COG0698	223770	2.63e-42	36.486	RpiB	Ribose 5-phosphate isomerase RpiB	G	Carbohydrate transport and metabolism
NODE_15_length_60304_cov_28.459742_10	COG0547	223621	1.74e-151	55.455	TrpD	Anthranilate phosphoribosyltransferase, glycosyltransferase domain	E	Amino acid transport and metabolism
NODE_15_length_60304_cov_28.459742_11	COG0134	223212	4.99e-115	55.642	TrpC	Indole-3-glycerol phosphate synthase	E	Amino acid transport and metabolism
NODE_15_length_60304_cov_28.459742_12	COG4293	226743	4.61e-45	41.477		Uncharacterized conserved protein, DUF1802 family	S	Function unknown
NODE_15_length_60304_cov_28.459742_13	COG0456	223532	1.58e-14	24.324	RimI	Ribosomal protein S18 acetylase RimI and related acetyltransferases	J	Translation, ribosomal structure and biogenesis
NODE_15_length_60304_cov_28.459742_15	COG2605	225325	1.02e-55	34.675		Predicted kinase related to galactokinase and mevalonate kinase	R	General function prediction only
NODE_15_length_60304_cov_28.459742_17	COG1999	224910	2.22e-41	28.5	Sco1	Cytochrome oxidase Cu insertion factor, SCO1/SenC/PrrC family	O	Posttranslational modification, protein turnover, chaperones
NODE_15_length_60304_cov_28.459742_18	COG0061	223139	3.09e-74	37.638	NadK	NAD kinase	H	Coenzyme transport and metabolism
NODE_15_length_60304_cov_28.459742_19	COG5010	227343	2.13e-11	27.586	TadD	Flp pilus assembly protein TadD, contains TPR repeats	U	Intracellular trafficking, secretion, and vesicular transport
NODE_15_length_60304_cov_28.459742_20	COG2104	225015	8.84e-13	31.818	ThiS	Sulfur carrier protein ThiS (thiamine biosynthesis)	H	Coenzyme transport and metabolism
NODE_15_length_60304_cov_28.459742_21	COG0037	223115	6.76e-61	34.375	TilS	tRNA(Ile)-lysidine synthase TilS/MesJ	J	Translation, ribosomal structure and biogenesis
NODE_15_length_60304_cov_28.459742_22	COG0642	223715	4.66e-39	28.405	BaeS	Signal transduction histidine kinase	T	Signal transduction mechanisms
NODE_15_length_60304_cov_28.459742_23	COG1878	224790	1.13e-80	42.731		Kynurenine formamidase	E	Amino acid transport and metabolism
NODE_15_length_60304_cov_28.459742_25	COG1082	224007	2.17e-47	28.622	YcjR	Sugar phosphate isomerase/epimerase	G	Carbohydrate transport and metabolism
NODE_15_length_60304_cov_28.459742_26	COG1702	411689	7.51e-139	62.547	PhoH	Phosphate starvation-inducible protein PhoH, predicted ATPase	T	Signal transduction mechanisms
NODE_15_length_60304_cov_28.459742_27	COG1480	224397	2.74e-145	31.623	PgpH	Cyclic di-AMP-specific phosphodiesterase PgpH, HD superfamily	T	Signal transduction mechanisms
NODE_15_length_60304_cov_28.459742_29	COG4219	226672	6.89e-08	19.78	MecR1	Signal transducer regulating beta-lactamase production, contains metallopeptidase domain	T	Signal transduction mechanisms
NODE_15_length_60304_cov_28.459742_30	COG3682	226207	8.73e-24	35.052	CopY	Transcriptional regulator, CopY/TcrY family	K	Transcription
NODE_15_length_60304_cov_28.459742_31	COG3718	226241	3.01e-78	40.945	IolB	5-deoxy-D-glucuronate isomerase	G	Carbohydrate transport and metabolism
NODE_15_length_60304_cov_28.459742_33	COG1240	224161	3.53e-12	24.211	ChlD	vWFA (von Willebrand factor type A) domain of Mg and Co chelatases	H	Coenzyme transport and metabolism
NODE_15_length_60304_cov_28.459742_34	COG0323	223400	0.0	40.498	MutL	DNA mismatch repair ATPase MutL	L	Replication, recombination and repair
NODE_15_length_60304_cov_28.459742_35	COG1595	224511	1.92e-32	32.948	RpoE	DNA-directed RNA polymerase specialized sigma subunit, sigma24 family	K	Transcription
NODE_15_length_60304_cov_28.459742_37	COG2911	225463	9.1e-06	18.673	TamB	Autotransporter translocation and assembly protein TamB	U	Intracellular trafficking, secretion, and vesicular transport
NODE_15_length_60304_cov_28.459742_38	COG1595	224511	2.32e-44	41.111	RpoE	DNA-directed RNA polymerase specialized sigma subunit, sigma24 family	K	Transcription
NODE_15_length_60304_cov_28.459742_39	COG4775	227116	6.35e-75	22.767	BamA	Outer membrane protein assembly factor BamA	M	Cell wall/membrane/envelope biogenesis
NODE_15_length_60304_cov_28.459742_40	COG2825	225381	1.42e-08	22.308	HlpA	Periplasmic chaperone for outer membrane proteins, Skp family	M	Cell wall/membrane/envelope biogenesis
NODE_15_length_60304_cov_28.459742_41	COG2825	225381	3.33e-09	19.072	HlpA	Periplasmic chaperone for outer membrane proteins, Skp family	M	Cell wall/membrane/envelope biogenesis
NODE_15_length_60304_cov_28.459742_43	COG1044	223974	2.81e-101	43.544	LpxD	UDP-3-O-[3-hydroxymyristoyl] glucosamine N-acyltransferase	M	Cell wall/membrane/envelope biogenesis
NODE_15_length_60304_cov_28.459742_45	COG1058	223986	4.7e-97	47.638	CinA	ADP-ribose pyrophosphatase domain of DNA damage- and competence-inducible protein CinA	L	Replication, recombination and repair
NODE_15_length_60304_cov_28.459742_46	COG0373	223450	1.29e-157	46.667	HemA	Glutamyl-tRNA reductase	H	Coenzyme transport and metabolism
NODE_15_length_60304_cov_28.459742_47	COG1225	224146	1.86e-11	55.556	Bcp	Peroxiredoxin	O	Posttranslational modification, protein turnover, chaperones
NODE_15_length_60304_cov_28.459742_49	COG1225	224146	1.89e-27	34.416	Bcp	Peroxiredoxin	O	Posttranslational modification, protein turnover, chaperones
NODE_15_length_60304_cov_28.459742_51	COG0761	223832	2.3e-165	66.552	IspH	4-Hydroxy-3-methylbut-2-enyl diphosphate reductase IspH	I	Lipid transport and metabolism
NODE_16_length_60284_cov_27.757308_2	COG0012	223091	1.88e-150	48.098	GTP1	Ribosome-binding ATPase YchF, GTP1/OBG family	J	Translation, ribosomal structure and biogenesis
NODE_16_length_60284_cov_27.757308_3	COG5434	227721	0.003	30.769	Pgu1	Polygalacturonase	G	Carbohydrate transport and metabolism
NODE_16_length_60284_cov_27.757308_4	COG1950	224861	1.75e-06	33.051	YvlD	Uncharacterized membrane protein YvlD, DUF360 family	S	Function unknown
NODE_16_length_60284_cov_27.757308_5	COG3394	225929	9.41e-25	25.09	ChbG	Chitooligosaccharide deacetylase ChbG, YdjC/CelG family	G	Carbohydrate transport and metabolism
NODE_16_length_60284_cov_27.757308_7	COG0357	223434	9.04e-64	40.367	RsmG	16S rRNA G527 N7-methylase RsmG (former glucose-inhibited division protein B)	J	Translation, ribosomal structure and biogenesis
NODE_16_length_60284_cov_27.757308_8	COG0560	223634	4.82e-38	32.093	SerB	Phosphoserine phosphatase	E	Amino acid transport and metabolism
NODE_16_length_60284_cov_27.757308_9	COG1385	224303	2.17e-66	41.81	RsmE	16S rRNA U1498 N3-methylase RsmE	J	Translation, ribosomal structure and biogenesis
NODE_16_length_60284_cov_27.757308_10	COG0364	223441	0.0	54.62	Zwf	Glucose-6-phosphate 1-dehydrogenase	G	Carbohydrate transport and metabolism
NODE_16_length_60284_cov_27.757308_11	COG0129	223207	0.0	54.513	IlvD	Dihydroxyacid dehydratase/phosphogluconate dehydratase	E	Amino acid transport and metabolism
NODE_16_length_60284_cov_27.757308_13	COG0558	223632	0.004	27.473	PgsA	Phosphatidylglycerophosphate synthase	I	Lipid transport and metabolism
NODE_16_length_60284_cov_27.757308_16	COG1404	224322	5.5e-34	29.315	AprE	Serine protease, subtilisin family	O	Posttranslational modification, protein turnover, chaperones
NODE_16_length_60284_cov_27.757308_18	COG0637	223710	2.66e-63	40.758	YcjU	Beta-phosphoglucomutase, HAD superfamily	G	Carbohydrate transport and metabolism
NODE_16_length_60284_cov_27.757308_19	COG0725	223797	2.02e-46	27.843	ModA	ABC-type molybdate transport system, periplasmic Mo-binding protein ModA	P	Inorganic ion transport and metabolism
NODE_16_length_60284_cov_27.757308_21	COG2165	225076	3.71e-12	42.424	PulG	Type II secretory pathway, pseudopilin PulG	N	Cell motility
NODE_16_length_60284_cov_27.757308_22	COG0555	223629	1.58e-51	32.365	CysU	ABC-type sulfate transport system, permease component	P	Inorganic ion transport and metabolism
NODE_16_length_60284_cov_27.757308_23	COG0136	223214	2.14e-113	44.571	Asd	Aspartate-semialdehyde dehydrogenase	E	Amino acid transport and metabolism
NODE_16_length_60284_cov_27.757308_24	COG1555	224472	9.03e-27	33.557	ComEA	DNA uptake protein ComE or related DNA-binding protein	L	Replication, recombination and repair
NODE_16_length_60284_cov_27.757308_25	COG0745	223816	6.01e-33	42.727	OmpR	DNA-binding response regulator, OmpR family, contains REC and winged-helix (wHTH) domain	T	Signal transduction mechanisms
NODE_16_length_60284_cov_27.757308_27	COG3858	226376	6.85e-06	31.034	SleL	Spore cortex hydrolase SleL/YaaH, N-acetylglucosaminidase of GH18 family	D	Cell cycle control, cell division, chromosome partitioning
NODE_16_length_60284_cov_27.757308_28	COG1595	224511	3.53e-11	28.743	RpoE	DNA-directed RNA polymerase specialized sigma subunit, sigma24 family	K	Transcription
NODE_16_length_60284_cov_27.757308_29	COG1063	223991	9.31e-74	29.867	Tdh	Threonine dehydrogenase or related Zn-dependent dehydrogenase	E	Amino acid transport and metabolism
NODE_16_length_60284_cov_27.757308_30	COG3842	226361	7.59e-89	39.286	PotA	ABC-type Fe3+/spermidine/putrescine transport systems, ATPase component	E	Amino acid transport and metabolism
NODE_16_length_60284_cov_27.757308_33	COG1994	224905	9.47e-15	30.909	SpoIVFB	Zn-dependent protease (includes sporulation protein SpoIVFB)	O	Posttranslational modification, protein turnover, chaperones
NODE_16_length_60284_cov_27.757308_34	COG0180	223258	1.86e-139	47.134	TrpS	Tryptophanyl-tRNA synthetase	J	Translation, ribosomal structure and biogenesis
NODE_16_length_60284_cov_27.757308_35	COG1354	224273	4.96e-16	32.759	ScpA	Chromatin segregation and condensation protein Rec8/ScpA/Scc1, kleisin family	L	Replication, recombination and repair
NODE_16_length_60284_cov_27.757308_36	COG1090	224015	1.99e-110	46.602	YfcH	NAD dependent epimerase/dehydratase family enzyme	R	General function prediction only
NODE_16_length_60284_cov_27.757308_37	COG0745	223816	2.32e-35	40.0	OmpR	DNA-binding response regulator, OmpR family, contains REC and winged-helix (wHTH) domain	T	Signal transduction mechanisms
NODE_16_length_60284_cov_27.757308_39	COG2264	225173	1.28e-29	47.154	PrmA	Ribosomal protein L11 methylase PrmA	J	Translation, ribosomal structure and biogenesis
NODE_16_length_60284_cov_27.757308_41	COG0372	223449	1.64e-172	50.132	GltA	Citrate synthase	C	Energy production and conversion
NODE_16_length_60284_cov_27.757308_42	COG0714	223786	2.18e-96	48.538	MoxR	MoxR-like ATPase	R	General function prediction only
NODE_16_length_60284_cov_27.757308_44	COG0153	223231	8.3e-53	24.409	GalK	Galactokinase	G	Carbohydrate transport and metabolism
NODE_16_length_60284_cov_27.757308_45	COG1044	223974	5.24e-09	25.14	LpxD	UDP-3-O-[3-hydroxymyristoyl] glucosamine N-acyltransferase	M	Cell wall/membrane/envelope biogenesis
NODE_16_length_60284_cov_27.757308_46	COG1929	224840	0.0	64.706	GlxK	Glycerate kinase	G	Carbohydrate transport and metabolism
NODE_16_length_60284_cov_27.757308_47	COG0382	223459	1.41e-61	33.217	UbiA	4-hydroxybenzoate polyprenyltransferase	H	Coenzyme transport and metabolism
NODE_16_length_60284_cov_27.757308_50	COG1085	224010	1.79e-86	35.484	GalT	Galactose-1-phosphate uridylyltransferase	G	Carbohydrate transport and metabolism
NODE_16_length_60284_cov_27.757308_51	COG0451	223528	1.71e-31	25.911	WcaG	Nucleoside-diphosphate-sugar epimerase	M	Cell wall/membrane/envelope biogenesis
NODE_16_length_60284_cov_27.757308_52	COG1040	223970	9.25e-59	34.979	ComFC	DNA utilization protein ComFC/GntX, contains phosphoribosyltransferase domain	R	General function prediction only
NODE_16_length_60284_cov_27.757308_54	COG0823	223893	0.008	29.114	TolB	Periplasmic component TolB of the Tol biopolymer transport system	U	Intracellular trafficking, secretion, and vesicular transport
NODE_17_length_58681_cov_29.813547_2	COG5550	227837	2.84e-08	31.959		Predicted aspartyl protease	O	Posttranslational modification, protein turnover, chaperones
NODE_17_length_58681_cov_29.813547_3	COG1506	224423	1.48e-14	25.121	DAP2	Dipeptidyl aminopeptidase/acylaminoacyl peptidase	E	Amino acid transport and metabolism
NODE_17_length_58681_cov_29.813547_5	COG0399	223476	5.82e-112	38.168	WecE	dTDP-4-amino-4,6-dideoxygalactose transaminase	M	Cell wall/membrane/envelope biogenesis
NODE_17_length_58681_cov_29.813547_8	COG0673	223745	6.12e-48	23.618	MviM	Predicted dehydrogenase	R	General function prediction only
NODE_17_length_58681_cov_29.813547_10	COG1341	224260	1.15e-68	31.232	Grc3	Polynucleotide 5'-kinase, involved in rRNA processing	J	Translation, ribosomal structure and biogenesis
NODE_17_length_58681_cov_29.813547_11	COG1082	224007	4.6e-34	27.612	YcjR	Sugar phosphate isomerase/epimerase	G	Carbohydrate transport and metabolism
NODE_17_length_58681_cov_29.813547_12	COG0055	223133	0.0	71.734	AtpD	FoF1-type ATP synthase, beta subunit	C	Energy production and conversion
NODE_17_length_58681_cov_29.813547_13	COG1012	223944	0.0	47.899	AdhE	Acyl-CoA reductase or other NAD-dependent aldehyde dehydrogenase	I	Lipid transport and metabolism
NODE_17_length_58681_cov_29.813547_14	COG3584	226112	4.27e-31	48.387		3D (Asp-Asp-Asp) domain, usually in lytic transglycosylases	S	Function unknown
NODE_17_length_58681_cov_29.813547_15	COG0817	223887	3.09e-38	37.086	RuvC	Holliday junction resolvasome RuvABC endonuclease subunit RuvC	L	Replication, recombination and repair
NODE_17_length_58681_cov_29.813547_16	COG0632	223705	6.53e-45	37.255	RuvA	Holliday junction resolvasome RuvABC DNA-binding subunit	L	Replication, recombination and repair
NODE_17_length_58681_cov_29.813547_18	COG0863	223931	6.44e-55	30.769	YhdJ	DNA modification methylase	L	Replication, recombination and repair
NODE_17_length_58681_cov_29.813547_19	COG2255	225164	3.12e-168	59.062	RuvB	Holliday junction resolvasome RuvABC, ATP-dependent DNA helicase subunit RuvB	L	Replication, recombination and repair
NODE_17_length_58681_cov_29.813547_20	COG1136	224059	1.97e-118	55.357	LolD	ABC-type lipoprotein export system, ATPase component	M	Cell wall/membrane/envelope biogenesis
NODE_17_length_58681_cov_29.813547_21	COG4591	226957	5.44e-21	32.836	LolE	ABC-type transport system involved in lipoprotein release, permease component LolC	M	Cell wall/membrane/envelope biogenesis
NODE_17_length_58681_cov_29.813547_23	COG1690	224604	0.0	50.108	RtcB	RNA-splicing ligase RtcB, repairs tRNA damage	J	Translation, ribosomal structure and biogenesis
NODE_17_length_58681_cov_29.813547_27	COG1391	224309	9.7e-118	31.715	GlnE1	Glutamine synthetase adenylyltransferase	O	Posttranslational modification, protein turnover, chaperones
NODE_17_length_58681_cov_29.813547_28	COG0388	223465	6.62e-62	38.636	Nit2	Omega-amidase YafV/Nit2, hydrolyzes alpha-ketoglutaramate	C	Energy production and conversion
NODE_17_length_58681_cov_29.813547_30	COG0014	223093	0.0	65.228	ProA	Gamma-glutamyl phosphate reductase	E	Amino acid transport and metabolism
NODE_17_length_58681_cov_29.813547_34	COG1524	224441	9.81e-18	26.613	AtaC	c-di-AMP phosphodiesterase AtaC or nucleotide pyrophosphatase, AlkP superfamily	T	Signal transduction mechanisms
NODE_17_length_58681_cov_29.813547_37	COG0449	223526	0.0	49.838	GlmS	Glucosamine 6-phosphate synthetase, contains amidotransferase and phosphosugar isomerase domains	M	Cell wall/membrane/envelope biogenesis
NODE_17_length_58681_cov_29.813547_39	COG2805	225364	0.0	60.458	PilT	Type IV pilus assembly protein PilT, pilus retraction ATPase	N	Cell motility
NODE_17_length_58681_cov_29.813547_40	COG2805	225364	1.64e-173	54.599	PilT	Type IV pilus assembly protein PilT, pilus retraction ATPase	N	Cell motility
NODE_17_length_58681_cov_29.813547_41	COG2805	225364	8.06e-164	48.476	PilT	Type IV pilus assembly protein PilT, pilus retraction ATPase	N	Cell motility
NODE_17_length_58681_cov_29.813547_42	COG2897	225450	1.74e-109	38.567	SseA	3-mercaptopyruvate sulfurtransferase SseA, contains two rhodanese domains	P	Inorganic ion transport and metabolism
NODE_17_length_58681_cov_29.813547_43	COG1774	224688	9.46e-55	36.255	YaaT	Cell fate regulator YaaT, PSP1 superfamily (controls sporulation, competence, biofilm development)	T	Signal transduction mechanisms
NODE_17_length_58681_cov_29.813547_44	COG0234	223312	1.62e-30	59.794	GroES	Co-chaperonin GroES (HSP10)	O	Posttranslational modification, protein turnover, chaperones
NODE_17_length_58681_cov_29.813547_45	COG0459	223535	0.0	46.58	GroEL	Chaperonin GroEL (HSP60 family)	O	Posttranslational modification, protein turnover, chaperones
NODE_17_length_58681_cov_29.813547_46	COG1758	224672	2.82e-05	30.0	RpoZ	DNA-directed RNA polymerase, subunit K/omega	K	Transcription
NODE_17_length_58681_cov_29.813547_47	COG1331	224250	0.006	22.115	YyaL	Uncharacterized conserved protein YyaL, SSP411 family, contains thoiredoxin and six-hairpin glycosidase-like domains	R	General function prediction only
NODE_18_length_56325_cov_30.167016_1	COG0402	223479	5.22e-12	25.287	SsnA	Cytosine/adenosine deaminase or related metal-dependent hydrolase	F	Nucleotide transport and metabolism
NODE_18_length_56325_cov_30.167016_3	COG0456	223532	7.41e-15	26.974	RimI	Ribosomal protein S18 acetylase RimI and related acetyltransferases	J	Translation, ribosomal structure and biogenesis
NODE_18_length_56325_cov_30.167016_4	COG1048	223977	0.0	59.398	AcnA	Aconitase A	C	Energy production and conversion
NODE_18_length_56325_cov_30.167016_5	COG1003	223935	0.0	51.02	GcvP2	Glycine cleavage system protein P (pyridoxal-binding), C-terminal domain	E	Amino acid transport and metabolism
NODE_18_length_56325_cov_30.167016_6	COG1082	224007	1.97e-29	26.165	YcjR	Sugar phosphate isomerase/epimerase	G	Carbohydrate transport and metabolism
NODE_18_length_56325_cov_30.167016_7	COG1030	223961	7.09e-121	38.581	NfeD	Membrane-bound serine protease NfeD, ClpP class	O	Posttranslational modification, protein turnover, chaperones
NODE_18_length_56325_cov_30.167016_8	COG0330	223407	4.65e-52	48.705	HflC	Regulator of protease activity HflC, stomatin/prohibitin superfamily	O	Posttranslational modification, protein turnover, chaperones
NODE_18_length_56325_cov_30.167016_11	COG2518	225316	1.13e-102	58.173	Pcm	Protein-L-isoaspartate O-methyltransferase	O	Posttranslational modification, protein turnover, chaperones
NODE_18_length_56325_cov_30.167016_14	COG0313	223390	2.2e-118	51.264	RsmI	16S rRNA C1402 (ribose-2'-O) methylase RsmI	J	Translation, ribosomal structure and biogenesis
NODE_18_length_56325_cov_30.167016_15	COG0190	223268	9.66e-141	58.423	FolD	5,10-methylene-tetrahydrofolate dehydrogenase/Methenyl tetrahydrofolate cyclohydrolase	H	Coenzyme transport and metabolism
NODE_18_length_56325_cov_30.167016_16	COG0781	223852	4.24e-41	39.568	NusB	Transcription antitermination protein NusB	K	Transcription
NODE_18_length_56325_cov_30.167016_17	COG0439	223516	0.0	64.48	AccC	Biotin carboxylase	I	Lipid transport and metabolism
NODE_18_length_56325_cov_30.167016_18	COG2165	225076	0.000323	22.0	PulG	Type II secretory pathway, pseudopilin PulG	N	Cell motility
NODE_18_length_56325_cov_30.167016_19	COG0511	223585	5.82e-25	28.873	AccB	Biotin carboxyl carrier protein	I	Lipid transport and metabolism
NODE_18_length_56325_cov_30.167016_22	COG1521	224438	2.36e-84	41.825	CoaX	Pantothenate kinase type III	H	Coenzyme transport and metabolism
NODE_18_length_56325_cov_30.167016_23	COG4992	227325	4.2e-169	47.031	ArgD	Acetylornithine/succinyldiaminopimelate/putrescine aminotransferase	E	Amino acid transport and metabolism
NODE_18_length_56325_cov_30.167016_25	COG1721	224635	7.53e-24	26.182	YeaD2	Uncharacterized conserved protein, DUF58 family, contains vWF domain	S	Function unknown
NODE_18_length_56325_cov_30.167016_26	COG2250	225159	9.7e-13	39.326	HEPN	HEPN domain protein, predicted toxin of MNT-HEPN system	V	Defense mechanisms
NODE_18_length_56325_cov_30.167016_27	COG0714	223786	7.49e-92	44.648	MoxR	MoxR-like ATPase	R	General function prediction only
NODE_18_length_56325_cov_30.167016_29	COG1196	224117	1.09e-07	18.21	Smc	Chromosome segregation ATPase Smc	D	Cell cycle control, cell division, chromosome partitioning
NODE_18_length_56325_cov_30.167016_30	COG2730	225344	0.000202	20.859	BglC	Aryl-phospho-beta-D-glucosidase BglC, GH1 family	G	Carbohydrate transport and metabolism
NODE_18_length_56325_cov_30.167016_31	COG0039	223117	5.28e-138	53.094	Mdh	Malate/lactate dehydrogenase	C	Energy production and conversion
NODE_18_length_56325_cov_30.167016_32	COG0379	223456	7.64e-152	55.949	NadA	Quinolinate synthase	H	Coenzyme transport and metabolism
NODE_18_length_56325_cov_30.167016_33	COG0303	223380	2.23e-147	44.282	MoeA	Molybdopterin Mo-transferase (molybdopterin biosynthesis)	H	Coenzyme transport and metabolism
NODE_18_length_56325_cov_30.167016_34	COG0002	223081	7.38e-176	52.0	ArgC	N-acetyl-gamma-glutamylphosphate reductase	E	Amino acid transport and metabolism
NODE_18_length_56325_cov_30.167016_35	COG0484	223560	2.05e-160	48.118	DnaJ	DnaJ-class molecular chaperone with C-terminal Zn finger domain	O	Posttranslational modification, protein turnover, chaperones
NODE_18_length_56325_cov_30.167016_36	COG1570	224486	0.000121	20.968	XseA	Exonuclease VII, large subunit	L	Replication, recombination and repair
NODE_18_length_56325_cov_30.167016_37	COG0576	223649	1.41e-46	37.5	GrpE	Molecular chaperone GrpE (heat shock protein HSP-70)	O	Posttranslational modification, protein turnover, chaperones
NODE_18_length_56325_cov_30.167016_38	COG1915	224827	3.56e-06	29.787		Uncharacterized conserved protein AF1278, contains saccharopine dehydrogenase N-terminal (SDHN) domain	S	Function unknown
NODE_18_length_56325_cov_30.167016_41	COG4102	226587	3.91e-17	33.333		Uncharacterized conserved protein, DUF1501 family	S	Function unknown
NODE_18_length_56325_cov_30.167016_50	COG2152	225063	1e-52	30.464		Predicted glycosyl hydrolase, GH43/DUF377 family	G	Carbohydrate transport and metabolism
NODE_18_length_56325_cov_30.167016_51	COG1595	224511	2.96e-22	27.778	RpoE	DNA-directed RNA polymerase specialized sigma subunit, sigma24 family	K	Transcription
NODE_19_length_54479_cov_28.896006_4	COG1211	224132	1.28e-81	42.857	IspD	2-C-methyl-D-erythritol 4-phosphate cytidylyltransferase	I	Lipid transport and metabolism
NODE_19_length_54479_cov_28.896006_5	COG4956	227292	1.73e-78	50.98		Uncharacterized conserved protein YacL, contains PIN and TRAM domains	R	General function prediction only
NODE_19_length_54479_cov_28.896006_6	COG1066	223993	0.0	52.444	Sms	DNA repair protein RadA/Sms, contains AAA+ ATPase domain	L	Replication, recombination and repair
NODE_19_length_54479_cov_28.896006_7	COG4960	227295	5.87e-05	30.952	CpaA	Flp pilus assembly protein, peptidase CpaA	O	Posttranslational modification, protein turnover, chaperones
NODE_19_length_54479_cov_28.896006_8	COG3745	226268	5.47e-07	22.642	CpaB	Flp pilus assembly protein CpaB	U	Intracellular trafficking, secretion, and vesicular transport
NODE_19_length_54479_cov_28.896006_9	COG4964	227299	1.72e-41	33.333	CpaC	Flp pilus assembly protein, secretin CpaC	U	Intracellular trafficking, secretion, and vesicular transport
NODE_19_length_54479_cov_28.896006_10	COG4963	227298	1.07e-28	33.455	CpaE	Flp pilus assembly ATPase CpaE/TadZ, contains N-terminal REC/TadZ_N domain	U	Intracellular trafficking, secretion, and vesicular transport
NODE_19_length_54479_cov_28.896006_11	COG0622	223695	1.4e-43	31.792	YfcE	Predicted phosphodiesterase, calcineurin family	R	General function prediction only
NODE_19_length_54479_cov_28.896006_12	COG1686	224600	6.29e-111	41.551	DacC	D-alanyl-D-alanine carboxypeptidase	M	Cell wall/membrane/envelope biogenesis
NODE_19_length_54479_cov_28.896006_13	COG3706	226229	4.6e-07	46.341	PleD	Two-component response regulator, PleD family, consists of two REC domains and a diguanylate cyclase (GGDEF) domain	T	Signal transduction mechanisms
NODE_19_length_54479_cov_28.896006_15	COG0063	223141	4.97e-83	41.558	Nnr2	NAD(P)H-hydrate repair enzyme Nnr, NAD(P)H-hydrate dehydratase domain	F	Nucleotide transport and metabolism
NODE_19_length_54479_cov_28.896006_16	COG1862	224775	1.44e-13	36.585	YajC	Protein translocase subunit YajC	U	Intracellular trafficking, secretion, and vesicular transport
NODE_19_length_54479_cov_28.896006_17	COG3147	225689	6.94e-07	25.641	DedD	Cell division protein DedD (periplasmic protein involved in septation)	D	Cell cycle control, cell division, chromosome partitioning
NODE_19_length_54479_cov_28.896006_19	COG2353	225228	1.47e-49	39.157	YceI	Polyisoprenoid-binding periplasmic protein YceI	R	General function prediction only
NODE_19_length_54479_cov_28.896006_20	COG0664	223736	9.88e-33	29.353	Crp	cAMP-binding domain of CRP or a regulatory subunit of cAMP-dependent protein kinases	T	Signal transduction mechanisms
NODE_19_length_54479_cov_28.896006_21	COG0838	223908	1.57e-33	48.276	NuoA	NADH:ubiquinone oxidoreductase subunit 3 (chain A)	C	Energy production and conversion
NODE_19_length_54479_cov_28.896006_22	COG0377	223454	7.71e-92	57.542	NuoB	NADH:ubiquinone oxidoreductase 20 kD subunit (chain B) or related Fe-S oxidoreductase	C	Energy production and conversion
NODE_19_length_54479_cov_28.896006_23	COG0852	223921	5.93e-49	50.0	NuoC	NADH:ubiquinone oxidoreductase 27 kD subunit (chain C)	C	Energy production and conversion
NODE_19_length_54479_cov_28.896006_24	COG0649	223722	0.0	60.156	NuoD	NADH:ubiquinone oxidoreductase 49 kD subunit (chain D)	C	Energy production and conversion
NODE_19_length_54479_cov_28.896006_25	COG1905	224817	1.58e-61	40.506	NuoE	NADH:ubiquinone oxidoreductase 24 kD subunit (chain E)	C	Energy production and conversion
NODE_19_length_54479_cov_28.896006_26	COG1894	224806	0.0	54.916	NuoF	NADH:ubiquinone oxidoreductase, NADH-binding 51 kD subunit (chain F)	C	Energy production and conversion
NODE_19_length_54479_cov_28.896006_29	COG1649	224563	0.000265	22.951	YddW	Uncharacterized lipoprotein YddW, UPF0748 family	S	Function unknown
NODE_19_length_54479_cov_28.896006_30	COG3387	225922	1.99e-53	24.117	SGA1	Glucoamylase (glucan-1,4-alpha-glucosidase), GH15 family	G	Carbohydrate transport and metabolism
NODE_19_length_54479_cov_28.896006_33	COG0803	223874	1.08e-59	27.707	ZnuA	ABC-type Zn uptake system ZnuABC, Zn-binding component ZnuA	P	Inorganic ion transport and metabolism
NODE_19_length_54479_cov_28.896006_34	COG4636	226983	8.62e-19	28.421	Uma2	Endonuclease, Uma2 family (restriction endonuclease fold)	R	General function prediction only
NODE_19_length_54479_cov_28.896006_35	COG4636	226983	1.23e-19	28.947	Uma2	Endonuclease, Uma2 family (restriction endonuclease fold)	R	General function prediction only
NODE_19_length_54479_cov_28.896006_36	COG1121	224046	1.33e-83	38.462	ZnuC	ABC-type Mn2+/Zn2+ transport system, ATPase component	P	Inorganic ion transport and metabolism
NODE_19_length_54479_cov_28.896006_37	COG1108	224033	7.51e-31	31.538	ZnuB	ABC-type Mn2+/Zn2+ transport system, permease component	P	Inorganic ion transport and metabolism
NODE_19_length_54479_cov_28.896006_38	COG1070	223996	1.5e-110	26.707	XylB	Sugar (pentulose or hexulose) kinase	G	Carbohydrate transport and metabolism
NODE_19_length_54479_cov_28.896006_40	COG0141	223219	3.86e-165	52.228	HisD	Histidinol dehydrogenase	E	Amino acid transport and metabolism
NODE_19_length_54479_cov_28.896006_41	COG0546	223620	1.99e-14	22.397	Gph	Phosphoglycolate phosphatase, HAD superfamily	C	Energy production and conversion
NODE_19_length_54479_cov_28.896006_42	COG1660	224574	1.1e-141	55.986	RapZ	RNase adaptor protein RapZ for GlmZ sRNA degradation, contains a P-loop ATPase domain	T	Signal transduction mechanisms
NODE_19_length_54479_cov_28.896006_43	COG0476	223552	6.24e-55	37.849	ThiF	Molybdopterin or thiamine biosynthesis adenylyltransferase	H	Coenzyme transport and metabolism
NODE_19_length_54479_cov_28.896006_44	COG0701	223773	1.53e-40	22.899	YraQ	Uncharacterized membrane protein YraQ, UPF0718 family	S	Function unknown
NODE_19_length_54479_cov_28.896006_45	COG0725	223797	5.31e-49	32.4	ModA	ABC-type molybdate transport system, periplasmic Mo-binding protein ModA	P	Inorganic ion transport and metabolism
NODE_19_length_54479_cov_28.896006_46	COG3276	225815	6.46e-111	36.786	SelB	Selenocysteine-specific translation elongation factor SelB	J	Translation, ribosomal structure and biogenesis
NODE_19_length_54479_cov_28.896006_47	COG0126	223204	0.0	59.596	Pgk	3-phosphoglycerate kinase	G	Carbohydrate transport and metabolism
NODE_19_length_54479_cov_28.896006_49	COG2165	225076	0.007	20.968	PulG	Type II secretory pathway, pseudopilin PulG	N	Cell motility
NODE_19_length_54479_cov_28.896006_50	COG2165	225076	1.85e-10	34.118	PulG	Type II secretory pathway, pseudopilin PulG	N	Cell motility
NODE_19_length_54479_cov_28.896006_51	COG2165	225076	4.74e-06	24.675	PulG	Type II secretory pathway, pseudopilin PulG	N	Cell motility
NODE_20_length_48597_cov_30.622492_2	COG2319	225201	3.05e-07	20.141	WD40	WD40 repeat	R	General function prediction only
NODE_20_length_48597_cov_30.622492_3	COG1206	224127	0.0	60.69	TrmFO	Folate-dependent tRNA-U54 methylase TrmFO/GidA	J	Translation, ribosomal structure and biogenesis
NODE_20_length_48597_cov_30.622492_4	COG0154	223232	0.0	52.988	GatA	Asp-tRNAAsn/Glu-tRNAGln amidotransferase A subunit or related amidase	J	Translation, ribosomal structure and biogenesis
NODE_20_length_48597_cov_30.622492_5	COG0220	223298	2.23e-52	34.673	TrmB	tRNA G46 N7-methylase TrmB	J	Translation, ribosomal structure and biogenesis
NODE_20_length_48597_cov_30.622492_6	COG0290	223367	6.96e-66	42.941	InfC	Translation initiation factor IF-3	J	Translation, ribosomal structure and biogenesis
NODE_20_length_48597_cov_30.622492_7	COG4636	226983	2.48e-24	37.975	Uma2	Endonuclease, Uma2 family (restriction endonuclease fold)	R	General function prediction only
NODE_20_length_48597_cov_30.622492_8	COG4636	226983	6.69e-25	36.709	Uma2	Endonuclease, Uma2 family (restriction endonuclease fold)	R	General function prediction only
NODE_20_length_48597_cov_30.622492_9	COG0441	223518	0.0	53.356	ThrS	Threonyl-tRNA synthetase	J	Translation, ribosomal structure and biogenesis
NODE_20_length_48597_cov_30.622492_10	COG0167	223245	2.57e-83	35.093	PyrD	Dihydroorotate dehydrogenase	F	Nucleotide transport and metabolism
NODE_20_length_48597_cov_30.622492_11	COG1058	223986	2.02e-75	38.672	CinA	ADP-ribose pyrophosphatase domain of DNA damage- and competence-inducible protein CinA	L	Replication, recombination and repair
NODE_20_length_48597_cov_30.622492_13	COG0182	223260	9.89e-178	56.725	MtnA	5-methylthioribose/5-deoxyribulose 1-phosphate isomerase (methionine salvage pathway), a paralog of eIF-2B alpha subunit	E	Amino acid transport and metabolism
NODE_20_length_48597_cov_30.622492_14	COG0673	223745	2.97e-31	23.58	MviM	Predicted dehydrogenase	R	General function prediction only
NODE_20_length_48597_cov_30.622492_15	COG1957	224868	1.5e-64	32.907	URH1	Inosine-uridine nucleoside N-ribohydrolase	F	Nucleotide transport and metabolism
NODE_20_length_48597_cov_30.622492_16	COG3828	226349	1e-06	22.404		Type 1 glutamine amidotransferase (GATase1)-like domain	R	General function prediction only
NODE_20_length_48597_cov_30.622492_18	COG0515	223589	7.35e-51	31.457	SPS1	Serine/threonine protein kinase	T	Signal transduction mechanisms
NODE_20_length_48597_cov_30.622492_19	COG1977	224888	9.76e-09	32.955	MoaD	Molybdopterin synthase sulfur carrier subunit MoaD	H	Coenzyme transport and metabolism
NODE_20_length_48597_cov_30.622492_20	COG1639	224554	9.64e-42	31.834	HDOD	HD-like signal output (HDOD) domain, no enzymatic activity	T	Signal transduction mechanisms
NODE_20_length_48597_cov_30.622492_21	COG2262	225171	1.95e-152	51.908	HflX	50S ribosomal subunit-associated GTPase HflX	J	Translation, ribosomal structure and biogenesis
NODE_20_length_48597_cov_30.622492_23	COG2834	225390	1.34e-10	24.783	LolA	Outer membrane lipoprotein-sorting protein	M	Cell wall/membrane/envelope biogenesis
NODE_20_length_48597_cov_30.622492_24	COG0550	223624	0.0	47.244	TopA	DNA topoisomerase IA	L	Replication, recombination and repair
NODE_20_length_48597_cov_30.622492_25	COG3635	226161	3.35e-158	47.772	ApgM	2,3-bisphosphoglycerate-independent phosphoglycerate mutase, archeal type	G	Carbohydrate transport and metabolism
NODE_20_length_48597_cov_30.622492_26	COG0463	223539	3.33e-22	34.4	WcaA	Glycosyltransferase involved in cell wall bisynthesis	M	Cell wall/membrane/envelope biogenesis
NODE_20_length_48597_cov_30.622492_27	COG3808	226330	0.0	46.648	OVP1	Na+ or H+-translocating membrane pyrophosphatase	C	Energy production and conversion
NODE_20_length_48597_cov_30.622492_28	COG0673	223745	4.48e-42	27.551	MviM	Predicted dehydrogenase	R	General function prediction only
NODE_20_length_48597_cov_30.622492_29	COG0005	223084	2.07e-100	43.359	XapA	Purine nucleoside phosphorylase	F	Nucleotide transport and metabolism
NODE_20_length_48597_cov_30.622492_30	COG0642	223715	1.37e-49	28.571	BaeS	Signal transduction histidine kinase	T	Signal transduction mechanisms
NODE_20_length_48597_cov_30.622492_31	COG0272	223350	0.0	53.64	Lig	NAD-dependent DNA ligase	L	Replication, recombination and repair
NODE_20_length_48597_cov_30.622492_32	COG0347	223424	1.98e-55	67.857	GlnK	Nitrogen regulatory protein PII	T	Signal transduction mechanisms
NODE_20_length_48597_cov_30.622492_33	COG2844	225400	3.92e-107	27.13	GlnD	UTP:GlnB (protein PII) uridylyltransferase	O	Posttranslational modification, protein turnover, chaperones
NODE_20_length_48597_cov_30.622492_34	COG0673	223745	1.1e-46	23.429	MviM	Predicted dehydrogenase	R	General function prediction only
NODE_20_length_48597_cov_30.622492_36	COG2120	225031	5.91e-17	23.182	LmbE	N-acetylglucosaminyl deacetylase, LmbE family	G	Carbohydrate transport and metabolism
NODE_20_length_48597_cov_30.622492_37	COG0082	223160	1.71e-140	48.363	AroC	Chorismate synthase	E	Amino acid transport and metabolism
NODE_20_length_48597_cov_30.622492_38	COG1450	224367	6.65e-43	29.818	PulD	Type II secretory pathway component GspD/PulD (secretin)	U	Intracellular trafficking, secretion, and vesicular transport
NODE_21_length_47770_cov_28.910468_3	COG2264	225173	1.67e-51	32.899	PrmA	Ribosomal protein L11 methylase PrmA	J	Translation, ribosomal structure and biogenesis
NODE_21_length_47770_cov_28.910468_4	COG0673	223745	2.79e-93	36.812	MviM	Predicted dehydrogenase	R	General function prediction only
NODE_21_length_47770_cov_28.910468_6	COG5662	227949	2.41e-09	33.333	RsiW	Transmembrane transcriptional regulator RsiW (anti-sigma-W factor)	K	Transcription
NODE_21_length_47770_cov_28.910468_7	COG1595	224511	2.3e-43	35.088	RpoE	DNA-directed RNA polymerase specialized sigma subunit, sigma24 family	K	Transcription
NODE_21_length_47770_cov_28.910468_10	COG1826	224739	4.11e-06	62.5	TatA	Twin-arginine protein secretion pathway components TatA and TatB	U	Intracellular trafficking, secretion, and vesicular transport
NODE_21_length_47770_cov_28.910468_11	COG0498	223572	1.55e-88	35.45	ThrC	Threonine synthase	E	Amino acid transport and metabolism
NODE_21_length_47770_cov_28.910468_13	COG4961	227296	7.64e-06	26.531	TadG	Flp pilus assembly protein TadG, includes N-terminal TadE domain	U	Intracellular trafficking, secretion, and vesicular transport
NODE_21_length_47770_cov_28.910468_15	COG0215	223293	0.0	53.279	CysS	Cysteinyl-tRNA synthetase	J	Translation, ribosomal structure and biogenesis
NODE_21_length_47770_cov_28.910468_16	COG0730	223802	1.28e-15	36.866	TauE	Sulfite exporter TauE/SafE/YfcA and related permeases, UPF0721 family	P	Inorganic ion transport and metabolism
NODE_21_length_47770_cov_28.910468_17	COG0526	223600	0.000154	42.424	TrxA	Thiol-disulfide isomerase or thioredoxin	O	Posttranslational modification, protein turnover, chaperones
NODE_21_length_47770_cov_28.910468_19	COG1721	224635	1.32e-31	30.909	YeaD2	Uncharacterized conserved protein, DUF58 family, contains vWF domain	S	Function unknown
NODE_21_length_47770_cov_28.910468_20	COG2051	224962	0.007	42.857	RPS27A	Ribosomal protein S27E	J	Translation, ribosomal structure and biogenesis
NODE_21_length_47770_cov_28.910468_22	COG0204	223282	6.82e-40	38.537	PlsC	1-acyl-sn-glycerol-3-phosphate acyltransferase	I	Lipid transport and metabolism
NODE_21_length_47770_cov_28.910468_23	COG2319	225201	5.5e-56	38.816	WD40	WD40 repeat	R	General function prediction only
NODE_21_length_47770_cov_28.910468_24	COG1132	224055	1.61e-176	43.434	MdlB	ABC-type multidrug transport system, ATPase and permease component	V	Defense mechanisms
NODE_21_length_47770_cov_28.910468_25	COG0466	223542	0.0	55.74	Lon	ATP-dependent Lon protease, bacterial type	O	Posttranslational modification, protein turnover, chaperones
NODE_21_length_47770_cov_28.910468_26	COG0071	223149	9e-31	32.407	IbpA	Small heat shock protein IbpA, HSP20 family	O	Posttranslational modification, protein turnover, chaperones
NODE_21_length_47770_cov_28.910468_29	COG1053	223981	0.0	52.473	SdhA	Succinate dehydrogenase/fumarate reductase, flavoprotein subunit	C	Energy production and conversion
NODE_21_length_47770_cov_28.910468_30	COG2226	225136	7.29e-15	36.036	UbiE	Ubiquinone/menaquinone biosynthesis C-methylase UbiE/MenG	H	Coenzyme transport and metabolism
NODE_21_length_47770_cov_28.910468_31	COG1830	224743	1.92e-82	39.63	FbaB	Fructose-bisphosphate aldolase class Ia, DhnA family	G	Carbohydrate transport and metabolism
NODE_21_length_47770_cov_28.910468_34	COG0730	223802	1.09e-11	30.213	TauE	Sulfite exporter TauE/SafE/YfcA and related permeases, UPF0721 family	P	Inorganic ion transport and metabolism
NODE_21_length_47770_cov_28.910468_35	COG0226	223304	3.89e-45	30.395	PstS	ABC-type phosphate transport system, periplasmic component	P	Inorganic ion transport and metabolism
NODE_21_length_47770_cov_28.910468_36	COG0573	223646	6e-81	41.346	PstC	ABC-type phosphate transport system, permease component	P	Inorganic ion transport and metabolism
NODE_21_length_47770_cov_28.910468_37	COG0581	223654	4.99e-49	34.979	PstA	ABC-type phosphate transport system, permease component	P	Inorganic ion transport and metabolism
NODE_21_length_47770_cov_28.910468_38	COG1117	224042	3.79e-145	56.8	PstB	ABC-type phosphate transport system, ATPase component	P	Inorganic ion transport and metabolism
NODE_21_length_47770_cov_28.910468_40	COG2195	225106	3.95e-65	27.644	PepD2	Di- or tripeptidase	E	Amino acid transport and metabolism
NODE_21_length_47770_cov_28.910468_42	COG0144	223222	2.09e-118	39.335	RsmB	16S rRNA C967 or C1407 C5-methylase, RsmB/RsmF family	J	Translation, ribosomal structure and biogenesis
NODE_21_length_47770_cov_28.910468_43	COG0742	223813	4.97e-55	41.53	RsmD	16S rRNA G966 N2-methylase RsmD	J	Translation, ribosomal structure and biogenesis
NODE_21_length_47770_cov_28.910468_44	COG0669	223741	1.28e-94	59.615	CoaD	Phosphopantetheine adenylyltransferase	H	Coenzyme transport and metabolism
NODE_21_length_47770_cov_28.910468_45	COG0711	223783	0.005	34.783	AtpF	FoF1-type ATP synthase, membrane subunit b or b'	C	Energy production and conversion
NODE_21_length_47770_cov_28.910468_47	COG1403	224321	1.08e-29	41.353	McrA	5-methylcytosine-specific restriction endonuclease McrA	V	Defense mechanisms
NODE_21_length_47770_cov_28.910468_48	COG0430	223507	7.43e-140	47.293	RCL1	RNA 3'-terminal phosphate cyclase	A	RNA processing and modification
NODE_21_length_47770_cov_28.910468_49	COG2720	225341	5.36e-34	32.026	YoaR	Vancomycin resistance protein YoaR (function unknown), contains peptidoglycan-binding and VanW domains	V	Defense mechanisms
NODE_21_length_47770_cov_28.910468_50	COG1327	224246	6.93e-67	52.564	NrdR	Transcriptional regulator NrdR, contains Zn-ribbon and ATP-cone domains	K	Transcription
NODE_21_length_47770_cov_28.910468_51	COG2152	225063	4.38e-05	24.59		Predicted glycosyl hydrolase, GH43/DUF377 family	G	Carbohydrate transport and metabolism
NODE_21_length_47770_cov_28.910468_53	COG0673	223745	1.99e-46	40.816	MviM	Predicted dehydrogenase	R	General function prediction only
NODE_22_length_46410_cov_30.704433_2	COG0459	223535	0.0	48.201	GroEL	Chaperonin GroEL (HSP60 family)	O	Posttranslational modification, protein turnover, chaperones
NODE_22_length_46410_cov_30.704433_3	COG0234	223312	2.85e-44	70.968	GroES	Co-chaperonin GroES (HSP10)	O	Posttranslational modification, protein turnover, chaperones
NODE_22_length_46410_cov_30.704433_4	COG1595	224511	2.1e-40	40.237	RpoE	DNA-directed RNA polymerase specialized sigma subunit, sigma24 family	K	Transcription
NODE_22_length_46410_cov_30.704433_6	COG0403	223480	0.0	42.949	GcvP1	Glycine cleavage system protein P (pyridoxal-binding), N-terminal domain	E	Amino acid transport and metabolism
NODE_22_length_46410_cov_30.704433_7	COG0509	223583	4.2e-61	54.198	GcvH	Glycine cleavage system protein H (lipoate-binding)	E	Amino acid transport and metabolism
NODE_22_length_46410_cov_30.704433_8	COG3568	226098	9.39e-32	31.461	ElsH	Metal-dependent hydrolase, endonuclease/exonuclease/phosphatase family	R	General function prediction only
NODE_22_length_46410_cov_30.704433_10	COG0457	223533	6.39e-06	26.257	TPR	Tetratricopeptide (TPR) repeat	R	General function prediction only
NODE_22_length_46410_cov_30.704433_12	COG0546	223620	9.78e-23	27.731	Gph	Phosphoglycolate phosphatase, HAD superfamily	C	Energy production and conversion
NODE_22_length_46410_cov_30.704433_13	COG1453	224370	2.39e-38	31.973		Predicted oxidoreductase of the aldo/keto reductase family	R	General function prediction only
NODE_22_length_46410_cov_30.704433_15	COG1196	224117	0.001	21.739	Smc	Chromosome segregation ATPase Smc	D	Cell cycle control, cell division, chromosome partitioning
NODE_22_length_46410_cov_30.704433_17	COG1641	224556	1.64e-152	52.128	LarC	CTP-dependent cyclometallase, nickel-pincer nucleotide (NPN) cofactor biosynthesis	H	Coenzyme transport and metabolism
NODE_22_length_46410_cov_30.704433_19	COG1300	224219	3.03e-20	40.984	SpoIIM	Stage II sporulation protein SpoIIM, component of the engulfment complex	D	Cell cycle control, cell division, chromosome partitioning
NODE_22_length_46410_cov_30.704433_20	COG0673	223745	1.93e-50	28.856	MviM	Predicted dehydrogenase	R	General function prediction only
NODE_22_length_46410_cov_30.704433_21	COG0416	223493	7.01e-136	48.961	PlsX	Acyl-ACP:phosphate acyltransferase (fatty acid/phospholipid biosynthesis)	I	Lipid transport and metabolism
NODE_22_length_46410_cov_30.704433_24	COG3408	225942	7.81e-05	21.583	GDB1	Glycogen debranching enzyme (alpha-1,6-glucosidase)	G	Carbohydrate transport and metabolism
NODE_22_length_46410_cov_30.704433_26	COG0673	223745	2.09e-33	22.554	MviM	Predicted dehydrogenase	R	General function prediction only
NODE_22_length_46410_cov_30.704433_27	COG0016	223095	1.06e-164	53.161	PheS	Phenylalanyl-tRNA synthetase alpha subunit	J	Translation, ribosomal structure and biogenesis
NODE_22_length_46410_cov_30.704433_28	COG1386	224304	2.39e-60	51.765	ScpB	Chromosome segregation and condensation protein ScpB	K	Transcription
NODE_22_length_46410_cov_30.704433_29	COG0624	223697	2.49e-79	33.085	ArgE	Acetylornithine deacetylase/Succinyl-diaminopimelate desuccinylase or related deacylase	E	Amino acid transport and metabolism
NODE_22_length_46410_cov_30.704433_30	COG0251	223329	1.98e-49	48.819	RidA	Enamine deaminase RidA, house cleaning of reactive enamine intermediates, YjgF/YER057c/UK114 family	V	Defense mechanisms
NODE_22_length_46410_cov_30.704433_31	COG1714	224628	1.9e-12	32.759	YckC	Uncharacterized membrane protein YckC, RDD family	S	Function unknown
NODE_22_length_46410_cov_30.704433_33	COG1154	224076	0.0	52.905	Dxs	Deoxyxylulose-5-phosphate synthase	H	Coenzyme transport and metabolism
NODE_22_length_46410_cov_30.704433_35	COG0793	223864	1.95e-49	25.635	CtpA	C-terminal processing protease CtpA/Prc, contains a PDZ domain	O	Posttranslational modification, protein turnover, chaperones
NODE_22_length_46410_cov_30.704433_36	COG3345	225882	2.74e-43	26.209	GalA	Alpha-galactosidase	G	Carbohydrate transport and metabolism
NODE_22_length_46410_cov_30.704433_37	COG5660	227947	0.000279	25.926	YlaD	Anti-sigma-YlaC factor YlaD, contains Zn-finger domain	T	Signal transduction mechanisms
NODE_22_length_46410_cov_30.704433_38	COG0822	223892	9.65e-53	46.98	IscU	Fe-S cluster assembly scaffold protein IscU, NifU family	O	Posttranslational modification, protein turnover, chaperones
NODE_22_length_46410_cov_30.704433_42	COG4995	227328	0.003	25.234		Uncharacterized conserved protein, contains CHAT domain	S	Function unknown
NODE_22_length_46410_cov_30.704433_44	COG0823	223893	6.3e-07	21.918	TolB	Periplasmic component TolB of the Tol biopolymer transport system	U	Intracellular trafficking, secretion, and vesicular transport
NODE_23_length_45777_cov_27.588688_3	COG0529	223603	1.94e-101	56.425	CysC	Adenylylsulfate kinase or related kinase	P	Inorganic ion transport and metabolism
NODE_23_length_45777_cov_27.588688_5	COG0175	223253	1.85e-86	42.918	CysD	3'-phosphoadenosine 5'-phosphosulfate sulfotransferase (PAPS reductase)/FAD synthetase or related enzyme	E	Amino acid transport and metabolism
NODE_23_length_45777_cov_27.588688_6	COG1082	224007	2.42e-10	25.468	YcjR	Sugar phosphate isomerase/epimerase	G	Carbohydrate transport and metabolism
NODE_23_length_45777_cov_27.588688_7	COG0072	223150	0.0	40.512	PheT	Phenylalanyl-tRNA synthetase beta subunit	J	Translation, ribosomal structure and biogenesis
NODE_23_length_45777_cov_27.588688_8	COG2068	224979	6.86e-36	32.323	MocA	CTP:molybdopterin cytidylyltransferase MocA	H	Coenzyme transport and metabolism
NODE_23_length_45777_cov_27.588688_9	COG3525	226056	5.24e-14	22.316	Chb	N-acetyl-beta-hexosaminidase	G	Carbohydrate transport and metabolism
NODE_23_length_45777_cov_27.588688_10	COG0274	223351	4.22e-89	51.584	DeoC	Deoxyribose-phosphate aldolase	F	Nucleotide transport and metabolism
NODE_23_length_45777_cov_27.588688_11	COG0159	223237	7.7e-115	43.816	TrpA	Tryptophan synthase alpha chain	E	Amino acid transport and metabolism
NODE_23_length_45777_cov_27.588688_12	COG1057	223985	3.15e-17	25.238	NadD	Nicotinate-nucleotide adenylyltransferase NadD	H	Coenzyme transport and metabolism
NODE_23_length_45777_cov_27.588688_14	COG2867	225422	5.62e-09	24.211	PasT	Ribosome association toxin PasT (RatA) of the RatAB toxin-antitoxin module	J	Translation, ribosomal structure and biogenesis
NODE_23_length_45777_cov_27.588688_15	COG2319	225201	6.65e-53	41.414	WD40	WD40 repeat	R	General function prediction only
NODE_23_length_45777_cov_27.588688_16	COG0624	223697	3.49e-54	28.173	ArgE	Acetylornithine deacetylase/Succinyl-diaminopimelate desuccinylase or related deacylase	E	Amino acid transport and metabolism
NODE_23_length_45777_cov_27.588688_17	COG0292	223369	2.52e-41	63.725	RplT	Ribosomal protein L20	J	Translation, ribosomal structure and biogenesis
NODE_23_length_45777_cov_27.588688_19	COG1427	224344	1.62e-39	30.98	MqnA	Chorismate dehydratase (menaquinone biosynthesis, futalosine pathway)	H	Coenzyme transport and metabolism
NODE_23_length_45777_cov_27.588688_20	COG5336	227641	8.32e-07	34.884	AtpZ	FoF1-type ATP synthase AtpZ/Atp1/AtpQ subunit, putative Ca2+/Mg2+ transporter	C	Energy production and conversion
NODE_23_length_45777_cov_27.588688_21	COG0167	223245	4.53e-06	26.263	PyrD	Dihydroorotate dehydrogenase	F	Nucleotide transport and metabolism
NODE_23_length_45777_cov_27.588688_23	COG0356	223433	8.03e-39	31.925	AtpB	FoF1-type ATP synthase, membrane subunit a	C	Energy production and conversion
NODE_23_length_45777_cov_27.588688_24	COG0636	223709	0.001	47.727	AtpE	FoF1-type ATP synthase, membrane subunit c/Archaeal/vacuolar-type H+-ATPase, subunit K	C	Energy production and conversion
NODE_23_length_45777_cov_27.588688_25	COG0711	223783	1.35e-25	38.462	AtpF	FoF1-type ATP synthase, membrane subunit b or b'	C	Energy production and conversion
NODE_23_length_45777_cov_27.588688_26	COG0712	223784	2.3e-45	41.765	AtpH	FoF1-type ATP synthase, delta subunit	C	Energy production and conversion
NODE_23_length_45777_cov_27.588688_27	COG0056	223134	0.0	62.109	AtpA	FoF1-type ATP synthase, alpha subunit	C	Energy production and conversion
NODE_23_length_45777_cov_27.588688_28	COG0224	223302	1.29e-96	44.097	AtpG	FoF1-type ATP synthase, gamma subunit	C	Energy production and conversion
NODE_23_length_45777_cov_27.588688_29	COG0537	223611	1.23e-44	39.259	HinT	Purine nucleoside phosphoramidase/Ap4A hydrolase, histidine triade (HIT) family	F	Nucleotide transport and metabolism
NODE_23_length_45777_cov_27.588688_30	COG0476	223552	2.43e-103	55.426	ThiF	Molybdopterin or thiamine biosynthesis adenylyltransferase	H	Coenzyme transport and metabolism
NODE_23_length_45777_cov_27.588688_32	COG0083	223161	1.38e-107	44.625	ThrB	Homoserine kinase	E	Amino acid transport and metabolism
NODE_23_length_45777_cov_27.588688_34	COG1254	224174	1.32e-33	57.609	AcyP	Acylphosphatase	C	Energy production and conversion
NODE_23_length_45777_cov_27.588688_36	COG0671	223743	0.000246	45.614	PgpB	Membrane-associated phospholipid phosphatase	I	Lipid transport and metabolism
NODE_23_length_45777_cov_27.588688_37	COG0613	223686	1.39e-05	29.333	YciV	5'-3' exoribonuclease TrpH/YciV (RNase AM), contains PHP domain	F	Nucleotide transport and metabolism
NODE_23_length_45777_cov_27.588688_39	COG1874	224786	0.000183	20.181	GanA	Beta-galactosidase GanA	G	Carbohydrate transport and metabolism
NODE_23_length_45777_cov_27.588688_40	COG2206	225116	2.1e-61	31.655	HDGYP	HD-GYP domain, c-di-GMP phosphodiesterase class II (or its inactivated variant)	T	Signal transduction mechanisms
NODE_23_length_45777_cov_27.588688_41	COG2165	225076	1.2e-12	32.692	PulG	Type II secretory pathway, pseudopilin PulG	N	Cell motility
NODE_23_length_45777_cov_27.588688_42	COG1313	224232	8.57e-115	46.179	PflX	Radical SAM superfamily enzyme PflX	R	General function prediction only
NODE_23_length_45777_cov_27.588688_43	COG4632	226979	3.53e-16	36.19	NAGPA	Sugar-P-sugar glycosidase (uncovering enzyme, UCE), NAGPA superfamily	G	Carbohydrate transport and metabolism
NODE_23_length_45777_cov_27.588688_45	COG3456	225987	2.93e-05	22.989		Predicted component of the type VI protein secretion system, contains a FHA domain	T	Signal transduction mechanisms
NODE_24_length_43771_cov_30.293792_3	COG0608	223681	1.47e-130	40.789	RecJ	ssDNA-specific exonuclease RecJ, DHH superfamily, may be involved in archaeal DNA replication intiation	L	Replication, recombination and repair
NODE_24_length_43771_cov_30.293792_4	COG0825	223895	1.99e-154	56.962	AccA	Acetyl-CoA carboxylase alpha subunit	I	Lipid transport and metabolism
NODE_24_length_43771_cov_30.293792_5	COG0457	223533	1.23e-11	32.743	TPR	Tetratricopeptide (TPR) repeat	R	General function prediction only
NODE_24_length_43771_cov_30.293792_6	COG3622	226149	9.87e-41	33.333	Hyi	Hydroxypyruvate/dehydroerythronate isomerase, Hyi/OtnI family	G	Carbohydrate transport and metabolism
NODE_24_length_43771_cov_30.293792_7	COG2814	225371	3.44e-11	25.281	AraJ	Predicted arabinose efflux permease AraJ, MFS family	G	Carbohydrate transport and metabolism
NODE_24_length_43771_cov_30.293792_8	COG0451	223528	2.56e-51	29.206	WcaG	Nucleoside-diphosphate-sugar epimerase	M	Cell wall/membrane/envelope biogenesis
NODE_24_length_43771_cov_30.293792_9	COG1515	224432	5.67e-76	47.465	Nfi	Deoxyinosine 3'-endonuclease (endonuclease V)	L	Replication, recombination and repair
NODE_24_length_43771_cov_30.293792_10	COG1109	224034	2.61e-121	38.0	ManB	Phosphomannomutase	G	Carbohydrate transport and metabolism
NODE_24_length_43771_cov_30.293792_11	COG0463	223539	7.09e-23	23.113	WcaA	Glycosyltransferase involved in cell wall bisynthesis	M	Cell wall/membrane/envelope biogenesis
NODE_24_length_43771_cov_30.293792_12	COG0667	223739	5.92e-120	47.785	PdxI	Pyridoxal reductase PdxI or related oxidoreductase, aldo/keto reductase family	H	Coenzyme transport and metabolism
NODE_24_length_43771_cov_30.293792_13	COG1293	224212	2.18e-66	27.334	RqcH	Ribosome quality control (RQC) protein RqcH, Rqc2/NEMF/Tae2 family, contains fibronectin-(FbpA) and RNA- (NFACT) binding domains	J	Translation, ribosomal structure and biogenesis
NODE_24_length_43771_cov_30.293792_15	COG1232	224153	3.03e-104	33.607	HemY	Protoporphyrinogen oxidase HemY/PPOX	H	Coenzyme transport and metabolism
NODE_24_length_43771_cov_30.293792_16	COG0717	223789	5.12e-75	40.107	Dcd	dCTP deaminase	F	Nucleotide transport and metabolism
NODE_24_length_43771_cov_30.293792_17	COG2452	225296	0.000435	32.653		Predicted site-specific integrase-resolvase	X	Mobilome: prophages, transposons
NODE_24_length_43771_cov_30.293792_18	COG0045	223123	0.0	56.218	SucC	Succinyl-CoA synthetase, beta subunit	C	Energy production and conversion
NODE_24_length_43771_cov_30.293792_19	COG1826	224739	9.05e-19	50.0	TatA	Twin-arginine protein secretion pathway components TatA and TatB	U	Intracellular trafficking, secretion, and vesicular transport
NODE_24_length_43771_cov_30.293792_20	COG2226	225136	6.54e-69	35.622	UbiE	Ubiquinone/menaquinone biosynthesis C-methylase UbiE/MenG	H	Coenzyme transport and metabolism
NODE_24_length_43771_cov_30.293792_21	COG1278	224197	9.7e-34	61.194	CspC	Cold shock protein, CspA family	K	Transcription
NODE_24_length_43771_cov_30.293792_22	COG0260	223338	0.0	46.737	PepB	Leucyl aminopeptidase	E	Amino acid transport and metabolism
NODE_24_length_43771_cov_30.293792_23	COG1506	224423	5.55e-24	26.848	DAP2	Dipeptidyl aminopeptidase/acylaminoacyl peptidase	E	Amino acid transport and metabolism
NODE_24_length_43771_cov_30.293792_25	COG5573	227860	0.002	26.923		Predicted nucleic acid-binding protein, contains PIN domain	R	General function prediction only
NODE_24_length_43771_cov_30.293792_26	COG1506	224423	1.71e-150	35.052	DAP2	Dipeptidyl aminopeptidase/acylaminoacyl peptidase	E	Amino acid transport and metabolism
NODE_24_length_43771_cov_30.293792_27	COG0286	223363	9.14e-13	22.936	HsdM	Type I restriction-modification system, DNA methylase subunit	V	Defense mechanisms
NODE_24_length_43771_cov_30.293792_28	COG0673	223745	7.15e-52	25.41	MviM	Predicted dehydrogenase	R	General function prediction only
NODE_24_length_43771_cov_30.293792_29	COG1285	224204	5.16e-48	56.391	SapB	Magnesium uptake protein YhiD/SapB, involved in acid resistance	P	Inorganic ion transport and metabolism
NODE_24_length_43771_cov_30.293792_30	COG1063	223991	2.2e-90	36.261	Tdh	Threonine dehydrogenase or related Zn-dependent dehydrogenase	E	Amino acid transport and metabolism
NODE_24_length_43771_cov_30.293792_31	COG0457	223533	2.71e-07	30.0	TPR	Tetratricopeptide (TPR) repeat	R	General function prediction only
NODE_24_length_43771_cov_30.293792_32	COG0399	223476	7.32e-140	42.632	WecE	dTDP-4-amino-4,6-dideoxygalactose transaminase	M	Cell wall/membrane/envelope biogenesis
NODE_24_length_43771_cov_30.293792_33	COG0463	223539	4.29e-28	22.957	WcaA	Glycosyltransferase involved in cell wall bisynthesis	M	Cell wall/membrane/envelope biogenesis
NODE_24_length_43771_cov_30.293792_34	COG0673	223745	7.74e-28	40.196	MviM	Predicted dehydrogenase	R	General function prediction only
NODE_24_length_43771_cov_30.293792_35	COG2129	225040	2.46e-19	25.676		Predicted phosphoesterase, related to the Icc protein	R	General function prediction only
NODE_24_length_43771_cov_30.293792_36	COG0515	223589	1.15e-36	29.167	SPS1	Serine/threonine protein kinase	T	Signal transduction mechanisms
NODE_24_length_43771_cov_30.293792_37	COG1595	224511	1.54e-51	37.912	RpoE	DNA-directed RNA polymerase specialized sigma subunit, sigma24 family	K	Transcription
NODE_24_length_43771_cov_30.293792_38	COG5662	227949	1.46e-07	27.049	RsiW	Transmembrane transcriptional regulator RsiW (anti-sigma-W factor)	K	Transcription
NODE_24_length_43771_cov_30.293792_39	COG1721	224635	2.74e-37	34.821	YeaD2	Uncharacterized conserved protein, DUF58 family, contains vWF domain	S	Function unknown
NODE_24_length_43771_cov_30.293792_41	COG2026	224937	9.23e-19	32.184	RelE	mRNA-degrading endonuclease RelE, toxin component of the RelBE toxin-antitoxin system	V	Defense mechanisms
NODE_24_length_43771_cov_30.293792_43	COG0714	223786	5.72e-91	44.207	MoxR	MoxR-like ATPase	R	General function prediction only
NODE_24_length_43771_cov_30.293792_45	COG4825	227162	5.57e-93	39.316	MT1736	Uncharacterized conserved protein, contains thiamine pyrophosphokinase N- and C- domains	R	General function prediction only
NODE_24_length_43771_cov_30.293792_46	COG0424	223501	1.11e-80	49.746	Maf	7-methyl-GTP pyrophosphatase and related NTP pyrophosphatases, Maf/HAM1 superfamily	Q	Secondary metabolites biosynthesis, transport and catabolism
NODE_25_length_41507_cov_28.297872_1	COG0095	223173	4.53e-18	34.921	LplA	Lipoate-protein ligase A	H	Coenzyme transport and metabolism
NODE_25_length_41507_cov_28.297872_3	COG2270	225179	0.00023	18.812	BtlA	MFS-type transporter involved in bile tolerance, Atg22 family	R	General function prediction only
NODE_25_length_41507_cov_28.297872_4	COG0548	223622	8.79e-122	57.463	ArgB	N-acetylglutamate kinase	E	Amino acid transport and metabolism
NODE_25_length_41507_cov_28.297872_5	COG0459	223535	3.47e-175	47.407	GroEL	Chaperonin GroEL (HSP60 family)	O	Posttranslational modification, protein turnover, chaperones
NODE_25_length_41507_cov_28.297872_7	COG0413	223490	5.69e-141	54.275	PanB	Ketopantoate hydroxymethyltransferase	H	Coenzyme transport and metabolism
NODE_25_length_41507_cov_28.297872_8	COG2164	225075	8.59e-40	48.387		Uncharacterized protein with cyclophilin fold, contains DUF369 domain	R	General function prediction only
NODE_25_length_41507_cov_28.297872_9	COG0673	223745	5.72e-61	30.362	MviM	Predicted dehydrogenase	R	General function prediction only
NODE_25_length_41507_cov_28.297872_10	COG0726	223798	8.35e-58	41.5	CDA1	Peptidoglycan/xylan/chitin deacetylase, PgdA/NodB/CDA1 family	G	Carbohydrate transport and metabolism
NODE_25_length_41507_cov_28.297872_11	COG0317	223394	0.0	50.071	SpoT	(p)ppGpp synthase/hydrolase, HD superfamily	T	Signal transduction mechanisms
NODE_25_length_41507_cov_28.297872_12	COG2331	225210	1.4e-07	37.5		Predicted nucleic acid-binding protein, contains Zn-ribbon domain	R	General function prediction only
NODE_25_length_41507_cov_28.297872_13	COG1539	224456	3.19e-33	34.426	FolB	Dihydroneopterin aldolase	H	Coenzyme transport and metabolism
NODE_25_length_41507_cov_28.297872_14	COG0801	223872	6.61e-45	45.806	FolK	7,8-dihydro-6-hydroxymethylpterin pyrophosphokinase (folate biosynthesis)	H	Coenzyme transport and metabolism
NODE_25_length_41507_cov_28.297872_15	COG0237	223315	1.58e-27	37.302	CoaE	Dephospho-CoA kinase	H	Coenzyme transport and metabolism
NODE_25_length_41507_cov_28.297872_16	COG0823	223893	7.73e-15	25.21	TolB	Periplasmic component TolB of the Tol biopolymer transport system	U	Intracellular trafficking, secretion, and vesicular transport
NODE_25_length_41507_cov_28.297872_18	COG4412	226841	0.00011	37.5		Bacillopeptidase F, M6 metalloprotease family	O	Posttranslational modification, protein turnover, chaperones
NODE_25_length_41507_cov_28.297872_19	COG1470	224387	0.002	18.085		Uncharacterized membrane protein	S	Function unknown
NODE_25_length_41507_cov_28.297872_20	COG3401	225936	0.001	26.056	FN3	Fibronectin type 3 domain	R	General function prediction only
NODE_25_length_41507_cov_28.297872_21	COG0301	223378	1.43e-123	41.444	ThiI	Adenylyl- and sulfurtransferase ThiI (thiamine and tRNA 4-thiouridine biosynthesis)	H	Coenzyme transport and metabolism
NODE_25_length_41507_cov_28.297872_22	COG1874	224786	0.003	18.307	GanA	Beta-galactosidase GanA	G	Carbohydrate transport and metabolism
NODE_26_length_38394_cov_28.410668_3	COG1052	223980	3.55e-104	45.035	LdhA	Lactate dehydrogenase or related 2-hydroxyacid dehydrogenase	C	Energy production and conversion
NODE_26_length_38394_cov_28.410668_4	COG2304	225187	2.73e-28	22.195	YfbK	Secreted protein containing bacterial Ig-like domain and vWFA domain	R	General function prediction only
NODE_26_length_38394_cov_28.410668_6	COG1609	224525	1.1e-67	34.188	PurR	DNA-binding transcriptional regulator, LacI/PurR family	K	Transcription
NODE_26_length_38394_cov_28.410668_7	COG0209	223287	1.6e-119	30.164	NrdA	Ribonucleotide reductase alpha subunit	F	Nucleotide transport and metabolism
NODE_26_length_38394_cov_28.410668_13	COG1691	224605	6.3e-104	51.883		NCAIR mutase (PurE)-related protein	F	Nucleotide transport and metabolism
NODE_26_length_38394_cov_28.410668_14	COG0539	223613	8.02e-118	46.089	RpsA	Ribosomal protein S1	J	Translation, ribosomal structure and biogenesis
NODE_26_length_38394_cov_28.410668_15	COG0749	223820	0.0	42.577	PolA	DNA polymerase I, 3'-5' exonuclease and polymerase domains	L	Replication, recombination and repair
NODE_26_length_38394_cov_28.410668_17	COG0616	223689	3.87e-87	43.388	SppA	Periplasmic serine protease, ClpP class	O	Posttranslational modification, protein turnover, chaperones
NODE_26_length_38394_cov_28.410668_18	COG0757	223828	6.35e-78	62.759	AroQ	3-dehydroquinate dehydratase	E	Amino acid transport and metabolism
NODE_26_length_38394_cov_28.410668_19	COG0336	223413	1.25e-130	56.612	TrmD	tRNA G37 N-methylase TrmD	J	Translation, ribosomal structure and biogenesis
NODE_26_length_38394_cov_28.410668_20	COG0806	223877	2.45e-36	33.939	RimM	Ribosomal 30S subunit maturation factor RimM, required for 16S rRNA processing	J	Translation, ribosomal structure and biogenesis
NODE_26_length_38394_cov_28.410668_21	COG1837	224750	6.28e-24	60.274	YlqC	Predicted RNA-binding protein YlqC, contains KH domain, UPF0109 family	R	General function prediction only
NODE_26_length_38394_cov_28.410668_22	COG0228	223306	2.73e-37	51.724	RpsP	Ribosomal protein S16	J	Translation, ribosomal structure and biogenesis
NODE_26_length_38394_cov_28.410668_23	COG0541	223615	0.0	54.955	Ffh	Signal recognition particle GTPase	U	Intracellular trafficking, secretion, and vesicular transport
NODE_26_length_38394_cov_28.410668_24	COG5180	227507	0.005	28.704	PBP1	PAB1-binding protein, interacts with poly(A)-binding protein	A	RNA processing and modification
NODE_26_length_38394_cov_28.410668_25	COG0673	223745	6.41e-56	26.757	MviM	Predicted dehydrogenase	R	General function prediction only
NODE_26_length_38394_cov_28.410668_27	COG1110	224035	0.0	44.047	TopG2	Reverse gyrase	L	Replication, recombination and repair
NODE_26_length_38394_cov_28.410668_28	COG0673	223745	1.51e-38	21.149	MviM	Predicted dehydrogenase	R	General function prediction only
NODE_26_length_38394_cov_28.410668_29	COG0673	223745	5.27e-35	22.899	MviM	Predicted dehydrogenase	R	General function prediction only
NODE_26_length_38394_cov_28.410668_30	COG0673	223745	4.12e-34	23.014	MviM	Predicted dehydrogenase	R	General function prediction only
NODE_26_length_38394_cov_28.410668_31	COG0673	223745	3.44e-36	22.857	MviM	Predicted dehydrogenase	R	General function prediction only
NODE_26_length_38394_cov_28.410668_32	COG0673	223745	1.28e-32	28.646	MviM	Predicted dehydrogenase	R	General function prediction only
NODE_26_length_38394_cov_28.410668_34	COG0144	223222	5.94e-104	41.391	RsmB	16S rRNA C967 or C1407 C5-methylase, RsmB/RsmF family	J	Translation, ribosomal structure and biogenesis
NODE_27_length_35874_cov_30.394288_2	COG1111	224036	3.91e-12	28.986	MPH1	ERCC4-related helicase	L	Replication, recombination and repair
NODE_27_length_35874_cov_30.394288_3	COG0462	223538	3.01e-150	61.489	PrsA	Phosphoribosylpyrophosphate synthetase	F	Nucleotide transport and metabolism
NODE_27_length_35874_cov_30.394288_4	COG2834	225390	9.95e-13	25.726	LolA	Outer membrane lipoprotein-sorting protein	M	Cell wall/membrane/envelope biogenesis
NODE_27_length_35874_cov_30.394288_5	COG0279	223356	6.52e-70	51.205	GmhA	Phosphoheptose isomerase	G	Carbohydrate transport and metabolism
NODE_27_length_35874_cov_30.394288_6	COG1560	224476	2.45e-44	34.926	LpxP	Palmitoleoyl-ACP: Kdo2-lipid-IV acyltransferase (lipid A biosynthesis)	I	Lipid transport and metabolism
NODE_27_length_35874_cov_30.394288_7	COG1663	224577	4.03e-47	33.226	LpxK	Tetraacyldisaccharide-1-P 4'-kinase (Lipid A 4'-kinase)	M	Cell wall/membrane/envelope biogenesis
NODE_27_length_35874_cov_30.394288_8	COG3264	225803	7.87e-58	40.541	MscK	Small-conductance mechanosensitive channel MscK	M	Cell wall/membrane/envelope biogenesis
NODE_27_length_35874_cov_30.394288_9	COG1381	224299	7.66e-33	28.452	RecO	Recombinational DNA repair protein RecO (RecF pathway)	L	Replication, recombination and repair
NODE_27_length_35874_cov_30.394288_10	COG0674	223746	5.32e-86	32.576	PorA	Pyruvate:ferredoxin oxidoreductase or related 2-oxoacid:ferredoxin oxidoreductase, alpha subunit	C	Energy production and conversion
NODE_27_length_35874_cov_30.394288_11	COG1013	223945	6.56e-112	40.702	PorB	Pyruvate:ferredoxin oxidoreductase or related 2-oxoacid:ferredoxin oxidoreductase, beta subunit	C	Energy production and conversion
NODE_27_length_35874_cov_30.394288_12	COG0428	223505	3.33e-31	38.281	ZupT	Zinc transporter ZupT	P	Inorganic ion transport and metabolism
NODE_27_length_35874_cov_30.394288_13	COG0004	223083	5.06e-11	25.495	AmtB	Ammonia channel protein AmtB	P	Inorganic ion transport and metabolism
NODE_27_length_35874_cov_30.394288_14	COG0174	223252	0.0	50.0	GlnA	Glutamine synthetase	E	Amino acid transport and metabolism
NODE_27_length_35874_cov_30.394288_15	COG1194	224115	4.74e-111	39.489	MutY	Adenine-specific DNA glycosylase, acts on AG and A-oxoG pairs	L	Replication, recombination and repair
NODE_27_length_35874_cov_30.394288_16	COG0496	223570	7.38e-97	48.016	SurE	Broad specificity polyphosphatase and 5'/3'-nucleotidase SurE	L	Replication, recombination and repair
NODE_27_length_35874_cov_30.394288_17	COG0111	223189	5.03e-112	49.24	SerA	Phosphoglycerate dehydrogenase or related dehydrogenase	H	Coenzyme transport and metabolism
NODE_27_length_35874_cov_30.394288_18	COG0575	223648	1.02e-34	30.034	CdsA	CDP-diglyceride synthetase	I	Lipid transport and metabolism
NODE_27_length_35874_cov_30.394288_20	COG2723	225343	7.14e-05	23.418	BglB	Beta-glucosidase/6-phospho-beta-glucosidase/beta-galactosidase	G	Carbohydrate transport and metabolism
NODE_27_length_35874_cov_30.394288_21	COG1134	224057	4.29e-95	43.621	TagH	ABC-type polysaccharide/polyol phosphate transport system, ATPase component	G	Carbohydrate transport and metabolism
NODE_27_length_35874_cov_30.394288_22	COG1796	224709	1.19e-104	46.462	PolX	DNA polymerase/3'-5' exonuclease PolX	L	Replication, recombination and repair
NODE_27_length_35874_cov_30.394288_23	COG0210	223288	0.0	45.122	UvrD	Superfamily I DNA or RNA helicase	L	Replication, recombination and repair
NODE_27_length_35874_cov_30.394288_24	COG5002	227335	1.26e-49	27.506	WalK	Sensor histidine kinase WalK	T	Signal transduction mechanisms
NODE_27_length_35874_cov_30.394288_26	COG0433	223510	1.19e-13	22.564	HerA	Archaeal DNA helicase HerA or a related bacterial ATPase, contains HAS-barrel and ATPase domains	L	Replication, recombination and repair
NODE_27_length_35874_cov_30.394288_27	COG4570	226936	7.38e-05	27.632	RusA	Holliday junction resolvase RusA (prophage-encoded endonuclease)	L	Replication, recombination and repair
NODE_27_length_35874_cov_30.394288_28	COG0153	223231	5.48e-42	30.027	GalK	Galactokinase	G	Carbohydrate transport and metabolism
NODE_28_length_34549_cov_30.804923_3	COG2268	225177	3.3e-63	29.183	YqiK	Uncharacterized membrane protein YqiK, contains Band7/PHB/SPFH domain	S	Function unknown
NODE_28_length_34549_cov_30.804923_4	COG0004	223083	7.01e-127	36.854	AmtB	Ammonia channel protein AmtB	P	Inorganic ion transport and metabolism
NODE_28_length_34549_cov_30.804923_5	COG0347	223424	3.93e-54	63.393	GlnK	Nitrogen regulatory protein PII	T	Signal transduction mechanisms
NODE_28_length_34549_cov_30.804923_6	COG3239	225779	8.42e-22	20.702	DesA	Fatty acid desaturase	I	Lipid transport and metabolism
NODE_28_length_34549_cov_30.804923_7	COG1917	224829	1.31e-18	29.907	QdoI	Cupin domain protein related to quercetin dioxygenase	R	General function prediction only
NODE_28_length_34549_cov_30.804923_8	COG2900	225453	0.000612	47.826	SlyX	Uncharacterized coiled-coil protein SlyX (sensitive to lysis X)	S	Function unknown
NODE_28_length_34549_cov_30.804923_9	COG1305	224224	2.07e-18	20.377	YebA	Transglutaminase-like enzyme, putative cysteine protease	O	Posttranslational modification, protein turnover, chaperones
NODE_28_length_34549_cov_30.804923_11	COG3026	225570	2.38e-05	25.517	RseB	RseB, negative regulator of sigma E activity	T	Signal transduction mechanisms
NODE_28_length_34549_cov_30.804923_12	COG0315	223392	1.87e-70	52.74	MoaC	Molybdenum cofactor biosynthesis enzyme MoaC	H	Coenzyme transport and metabolism
NODE_28_length_34549_cov_30.804923_13	COG2355	225230	9.49e-73	35.514		Zn-dependent dipeptidase, microsomal dipeptidase homolog	O	Posttranslational modification, protein turnover, chaperones
NODE_28_length_34549_cov_30.804923_14	COG1413	224331	1.51e-10	29.496	HEAT	HEAT repeat	R	General function prediction only
NODE_28_length_34549_cov_30.804923_17	COG0620	223693	8.64e-113	42.478	MetE	Methionine synthase II (cobalamin-independent)	E	Amino acid transport and metabolism
NODE_28_length_34549_cov_30.804923_18	COG0036	223114	2.01e-108	52.511	Rpe	Pentose-5-phosphate-3-epimerase	G	Carbohydrate transport and metabolism
NODE_28_length_34549_cov_30.804923_19	COG2802	225362	5.08e-25	30.693	LON/PUA	Uncharacterized conserved protein, LON_N-like domain, ASCH/PUA-like superfamily	S	Function unknown
NODE_28_length_34549_cov_30.804923_20	COG2877	225432	9.32e-135	55.185	KdsA	3-deoxy-D-manno-octulosonic acid (KDO) 8-phosphate synthase	M	Cell wall/membrane/envelope biogenesis
NODE_28_length_34549_cov_30.804923_21	COG3307	225844	7.7e-15	23.664	RfaL	O-antigen ligase	M	Cell wall/membrane/envelope biogenesis
NODE_28_length_34549_cov_30.804923_22	COG2227	225137	7.39e-18	34.677	UbiG	2-polyprenyl-3-methyl-5-hydroxy-6-metoxy-1,4-benzoquinol methylase	H	Coenzyme transport and metabolism
NODE_28_length_34549_cov_30.804923_23	COG3920	226434	6.22e-35	33.5		Two-component sensor histidine kinase, HisKA and HATPase domains	T	Signal transduction mechanisms
NODE_28_length_34549_cov_30.804923_24	COG0011	223090	1.16e-29	48.039	YqgV	Thiamin-binding stress-response protein YqgV, UPF0045 family	H	Coenzyme transport and metabolism
NODE_28_length_34549_cov_30.804923_25	COG0433	223510	3.58e-40	24.099	HerA	Archaeal DNA helicase HerA or a related bacterial ATPase, contains HAS-barrel and ATPase domains	L	Replication, recombination and repair
NODE_28_length_34549_cov_30.804923_27	COG1051	223979	4.43e-11	32.727	YjhB	ADP-ribose pyrophosphatase YjhB, NUDIX family	F	Nucleotide transport and metabolism
NODE_28_length_34549_cov_30.804923_28	COG0404	223481	1.63e-142	46.457	GcvT	Glycine cleavage system protein T (aminomethyltransferase)	E	Amino acid transport and metabolism
NODE_28_length_34549_cov_30.804923_29	COG1475	224392	2.12e-06	19.328	Spo0J	Chromosome segregation protein Spo0J, contains ParB-like nuclease domain	D	Cell cycle control, cell division, chromosome partitioning
NODE_28_length_34549_cov_30.804923_31	COG1801	224714	2.37e-83	43.089	YecE	Sugar isomerase-related protein YecE, UPF0759/DUF72 family	R	General function prediction only
NODE_28_length_34549_cov_30.804923_32	COG1200	224121	0.0	51.579	RecG	RecG-like helicase	L	Replication, recombination and repair
NODE_28_length_34549_cov_30.804923_33	COG2197	225107	8.78e-12	47.619	CitB	DNA-binding response regulator, NarL/FixJ family, contains REC and HTH domains	T	Signal transduction mechanisms
NODE_29_length_28532_cov_33.181655_3	COG0113	223191	0.0	70.695	HemB	Delta-aminolevulinic acid dehydratase, porphobilinogen synthase	H	Coenzyme transport and metabolism
NODE_29_length_28532_cov_33.181655_4	COG1180	224101	3.91e-79	42.379	PflA	Pyruvate-formate lyase-activating enzyme	O	Posttranslational modification, protein turnover, chaperones
NODE_29_length_28532_cov_33.181655_5	COG0730	223802	3.9e-08	42.424	TauE	Sulfite exporter TauE/SafE/YfcA and related permeases, UPF0721 family	P	Inorganic ion transport and metabolism
NODE_29_length_28532_cov_33.181655_6	COG0673	223745	1.05e-64	29.275	MviM	Predicted dehydrogenase	R	General function prediction only
NODE_29_length_28532_cov_33.181655_7	COG0329	223406	1.1e-123	49.147	DapA	4-hydroxy-tetrahydrodipicolinate synthase/N-acetylneuraminate lyase	E	Amino acid transport and metabolism
NODE_29_length_28532_cov_33.181655_8	COG0419	223496	3.61e-67	25.519	SbcC	DNA repair exonuclease SbcCD ATPase subunit	L	Replication, recombination and repair
NODE_29_length_28532_cov_33.181655_9	COG0420	223497	2.96e-48	24.709	SbcD	DNA repair exonuclease SbcCD nuclease subunit	L	Replication, recombination and repair
NODE_29_length_28532_cov_33.181655_10	COG0690	223762	1.93e-08	32.203	SecE	Preprotein translocase subunit SecE	U	Intracellular trafficking, secretion, and vesicular transport
NODE_29_length_28532_cov_33.181655_11	COG0250	223328	2.25e-52	43.094	NusG	Transcription termination/antitermination protein NusG	K	Transcription
NODE_29_length_28532_cov_33.181655_12	COG0080	223158	2.07e-71	59.286	RplK	Ribosomal protein L11	J	Translation, ribosomal structure and biogenesis
NODE_29_length_28532_cov_33.181655_13	COG0081	223159	2.99e-106	59.292	RplA	Ribosomal protein L1	J	Translation, ribosomal structure and biogenesis
NODE_29_length_28532_cov_33.181655_14	COG0244	223322	5.38e-36	37.209	RplJ	Ribosomal protein L10	J	Translation, ribosomal structure and biogenesis
NODE_29_length_28532_cov_33.181655_15	COG0085	223163	0.0	39.74	RpoB	DNA-directed RNA polymerase, beta subunit/140 kD subunit	K	Transcription
NODE_29_length_28532_cov_33.181655_16	COG0086	223164	0.0	37.789	RpoC	DNA-directed RNA polymerase, beta' subunit/160 kD subunit	K	Transcription
NODE_29_length_28532_cov_33.181655_17	COG0187	223265	0.0	61.527	GyrB	DNA gyrase/topoisomerase IV, subunit B	L	Replication, recombination and repair
NODE_29_length_28532_cov_33.181655_18	COG1408	224326	6.08e-56	38.144	YaeI	Predicted phosphohydrolase, MPP superfamily	R	General function prediction only
NODE_29_length_28532_cov_33.181655_19	COG2217	225127	2.51e-72	61.438	ZntA	Cation-transporting P-type ATPase	P	Inorganic ion transport and metabolism
NODE_30_length_25121_cov_30.025453_1	COG0438	223515	4.22e-09	17.603	RfaB	Glycosyltransferase involved in cell wall bisynthesis	M	Cell wall/membrane/envelope biogenesis
NODE_30_length_25121_cov_30.025453_2	COG0438	223515	1.31e-21	20.109	RfaB	Glycosyltransferase involved in cell wall bisynthesis	M	Cell wall/membrane/envelope biogenesis
NODE_30_length_25121_cov_30.025453_3	COG2227	225137	2.56e-21	33.621	UbiG	2-polyprenyl-3-methyl-5-hydroxy-6-metoxy-1,4-benzoquinol methylase	H	Coenzyme transport and metabolism
NODE_30_length_25121_cov_30.025453_4	COG2244	225153	7.62e-28	23.261	RfbX	Membrane protein involved in the export of O-antigen and teichoic acid	M	Cell wall/membrane/envelope biogenesis
NODE_30_length_25121_cov_30.025453_5	COG2226	225136	0.003	22.727	UbiE	Ubiquinone/menaquinone biosynthesis C-methylase UbiE/MenG	H	Coenzyme transport and metabolism
NODE_30_length_25121_cov_30.025453_6	COG0438	223515	3.83e-59	32.225	RfaB	Glycosyltransferase involved in cell wall bisynthesis	M	Cell wall/membrane/envelope biogenesis
NODE_30_length_25121_cov_30.025453_8	COG4636	226983	1.14e-19	28.571	Uma2	Endonuclease, Uma2 family (restriction endonuclease fold)	R	General function prediction only
NODE_30_length_25121_cov_30.025453_10	COG0472	223548	5.86e-43	30.124	Rfe	UDP-N-acetylmuramyl pentapeptide phosphotransferase/UDP-N-acetylglucosamine-1-phosphate transferase	M	Cell wall/membrane/envelope biogenesis
NODE_30_length_25121_cov_30.025453_11	COG1004	223936	0.0	52.619	Ugd	UDP-glucose 6-dehydrogenase	M	Cell wall/membrane/envelope biogenesis
NODE_30_length_25121_cov_30.025453_12	COG0863	223931	2.7e-46	28.571	YhdJ	DNA modification methylase	L	Replication, recombination and repair
NODE_30_length_25121_cov_30.025453_14	COG0658	223731	1.48e-15	29.279	ComEC	DNA uptake channel protein ComEC, N-terminal domain	U	Intracellular trafficking, secretion, and vesicular transport
NODE_30_length_25121_cov_30.025453_15	COG0640	223713	1.61e-13	48.148	ArsR	DNA-binding transcriptional regulator, ArsR family	K	Transcription
NODE_30_length_25121_cov_30.025453_16	COG0597	223670	9.4e-32	38.776	LspA	Lipoprotein signal peptidase	M	Cell wall/membrane/envelope biogenesis
NODE_30_length_25121_cov_30.025453_17	COG0861	223930	3.78e-53	30.612	TerC	Tellurite resistance membrane protein TerC	P	Inorganic ion transport and metabolism
NODE_30_length_25121_cov_30.025453_18	COG5180	227507	0.000154	22.222	PBP1	PAB1-binding protein, interacts with poly(A)-binding protein	A	RNA processing and modification
NODE_30_length_25121_cov_30.025453_19	COG3669	226195	1.02e-89	28.18	AfuC	Alpha-L-fucosidase	G	Carbohydrate transport and metabolism
NODE_30_length_25121_cov_30.025453_20	COG0178	223256	0.0	63.564	UvrA	Excinuclease UvrABC ATPase subunit	L	Replication, recombination and repair
NODE_31_length_24162_cov_29.082217_1	COG2897	225450	2.59e-25	31.783	SseA	3-mercaptopyruvate sulfurtransferase SseA, contains two rhodanese domains	P	Inorganic ion transport and metabolism
NODE_31_length_24162_cov_29.082217_2	COG0153	223231	4.79e-141	46.53	GalK	Galactokinase	G	Carbohydrate transport and metabolism
NODE_31_length_24162_cov_29.082217_3	COG1207	224128	1.25e-14	29.197	GlmU	Bifunctional protein GlmU, N-acetylglucosamine-1-phosphate-uridyltransferase/glucosamine-1-phosphate-acetyltransferase	M	Cell wall/membrane/envelope biogenesis
NODE_31_length_24162_cov_29.082217_5	COG4231	226684	2.46e-127	29.51	IorA	TPP-dependent indolepyruvate ferredoxin oxidoreductase, alpha subunit	C	Energy production and conversion
NODE_31_length_24162_cov_29.082217_6	COG4122	226607	2.47e-42	33.953	TrmR	tRNA 5-hydroxyU34 O-methylase TrmR/YrrM	J	Translation, ribosomal structure and biogenesis
NODE_31_length_24162_cov_29.082217_7	COG1014	223946	2.39e-17	24.257	PorG	Pyruvate:ferredoxin oxidoreductase or related 2-oxoacid:ferredoxin oxidoreductase, gamma subunit	C	Energy production and conversion
NODE_31_length_24162_cov_29.082217_8	COG0205	223283	3.26e-130	52.532	PfkA	6-phosphofructokinase	G	Carbohydrate transport and metabolism
NODE_31_length_24162_cov_29.082217_9	COG1070	223996	1.56e-119	33.147	XylB	Sugar (pentulose or hexulose) kinase	G	Carbohydrate transport and metabolism
NODE_31_length_24162_cov_29.082217_10	COG0745	223816	4.56e-40	42.222	OmpR	DNA-binding response regulator, OmpR family, contains REC and winged-helix (wHTH) domain	T	Signal transduction mechanisms
NODE_31_length_24162_cov_29.082217_11	COG0104	223182	0.0	59.048	PurA	Adenylosuccinate synthase	F	Nucleotide transport and metabolism
NODE_31_length_24162_cov_29.082217_14	COG0008	223087	0.0	47.992	GlnS	Glutamyl- or glutaminyl-tRNA synthetase	J	Translation, ribosomal structure and biogenesis
NODE_31_length_24162_cov_29.082217_17	COG0566	223640	6.01e-52	36.697	SpoU	tRNA G18 (ribose-2'-O)-methylase SpoU	J	Translation, ribosomal structure and biogenesis
NODE_31_length_24162_cov_29.082217_18	COG0311	223388	1.38e-97	58.333	PdxT	Pyridoxal 5'-phosphate synthase subunit PdxT (glutamine amidotransferase)	H	Coenzyme transport and metabolism
NODE_31_length_24162_cov_29.082217_19	COG0681	223753	2.14e-16	26.946	LepB	Signal peptidase I	U	Intracellular trafficking, secretion, and vesicular transport
NODE_31_length_24162_cov_29.082217_20	COG0335	223412	4.12e-41	50.0	RplS	Ribosomal protein L19	J	Translation, ribosomal structure and biogenesis
NODE_31_length_24162_cov_29.082217_22	COG0057	223135	5.85e-171	62.722	GapA	Glyceraldehyde-3-phosphate dehydrogenase/erythrose-4-phosphate dehydrogenase	G	Carbohydrate transport and metabolism
NODE_31_length_24162_cov_29.082217_24	COG1609	224525	1.07e-09	26.087	PurR	DNA-binding transcriptional regulator, LacI/PurR family	K	Transcription
NODE_32_length_23900_cov_30.775467_3	COG0438	223515	2.6e-62	32.474	RfaB	Glycosyltransferase involved in cell wall bisynthesis	M	Cell wall/membrane/envelope biogenesis
NODE_32_length_23900_cov_30.775467_4	COG0438	223515	2.38e-52	27.273	RfaB	Glycosyltransferase involved in cell wall bisynthesis	M	Cell wall/membrane/envelope biogenesis
NODE_32_length_23900_cov_30.775467_5	COG0137	223215	0.0	65.909	ArgG	Argininosuccinate synthase	E	Amino acid transport and metabolism
NODE_32_length_23900_cov_30.775467_6	COG0463	223539	3.18e-29	24.506	WcaA	Glycosyltransferase involved in cell wall bisynthesis	M	Cell wall/membrane/envelope biogenesis
NODE_32_length_23900_cov_30.775467_7	COG1898	224810	3.86e-46	32.692	RfbC	dTDP-4-dehydrorhamnose 3,5-epimerase or related enzyme	M	Cell wall/membrane/envelope biogenesis
NODE_32_length_23900_cov_30.775467_8	COG3278	225817	0.002	28.814	CcoN	Cbb3-type cytochrome oxidase, subunit 1	C	Energy production and conversion
NODE_32_length_23900_cov_30.775467_9	COG2410	225273	1.05e-26	28.723		Predicted nuclease (RNAse H fold)	R	General function prediction only
NODE_32_length_23900_cov_30.775467_11	COG1574	224490	3.98e-117	37.98	YtcJ	Predicted amidohydrolase YtcJ	R	General function prediction only
NODE_32_length_23900_cov_30.775467_12	COG4974	227308	5.31e-125	48.667	XerD	Site-specific recombinase XerD	L	Replication, recombination and repair
NODE_32_length_23900_cov_30.775467_13	COG0841	223911	0.0	30.261	AcrB	Multidrug efflux pump subunit AcrB	V	Defense mechanisms
NODE_32_length_23900_cov_30.775467_14	COG1566	224482	6.51e-21	36.316	EmrA	Multidrug resistance efflux pump EmrA	V	Defense mechanisms
NODE_32_length_23900_cov_30.775467_15	COG1538	224455	1.51e-53	30.317	TolC	Outer membrane protein TolC	M	Cell wall/membrane/envelope biogenesis
NODE_32_length_23900_cov_30.775467_16	COG1309	224228	3.07e-18	27.885	AcrR	DNA-binding protein, AcrR family, includes nucleoid occlusion protein SlmA	K	Transcription
NODE_32_length_23900_cov_30.775467_17	COG5285	227609	3.78e-14	18.75	PhyH	Ectoine hydroxylase-related dioxygenase, phytanoyl-CoA dioxygenase (PhyH) family	Q	Secondary metabolites biosynthesis, transport and catabolism
NODE_32_length_23900_cov_30.775467_18	COG3864	226382	3.07e-26	21.558		Predicted metal-dependent peptidase	R	General function prediction only
NODE_32_length_23900_cov_30.775467_19	COG0714	223786	6.42e-14	29.252	MoxR	MoxR-like ATPase	R	General function prediction only
NODE_33_length_19888_cov_29.959714_1	COG1474	224391	0.000886	22.222	CDC6	Cdc6-related protein, AAA superfamily ATPase	L	Replication, recombination and repair
NODE_33_length_19888_cov_29.959714_2	COG0276	223353	6.8e-103	35.22	HemH	Protoheme ferro-lyase (ferrochelatase)	H	Coenzyme transport and metabolism
NODE_33_length_19888_cov_29.959714_3	COG4962	227297	2.99e-156	50.278	CpaF	Pilus assembly protein, ATPase of CpaF family	U	Intracellular trafficking, secretion, and vesicular transport
NODE_33_length_19888_cov_29.959714_4	COG4965	227300	1.07e-41	27.6	TadB	Flp pilus assembly protein TadB	U	Intracellular trafficking, secretion, and vesicular transport
NODE_33_length_19888_cov_29.959714_5	COG2064	224975	1.11e-16	24.847	TadC	Flp pilus assembly protein TadC	W	Extracellular structures
NODE_33_length_19888_cov_29.959714_6	COG0760	223831	2.32e-15	20.225	SurA	Peptidyl-prolyl isomerase, parvulin family	O	Posttranslational modification, protein turnover, chaperones
NODE_33_length_19888_cov_29.959714_7	COG0261	223339	1.76e-44	50.0	RplU	Ribosomal protein L21	J	Translation, ribosomal structure and biogenesis
NODE_33_length_19888_cov_29.959714_8	COG0211	223289	1.47e-39	59.77	RpmA	Ribosomal protein L27	J	Translation, ribosomal structure and biogenesis
NODE_33_length_19888_cov_29.959714_9	COG0536	223610	6.86e-170	55.827	Obg	GTPase involved in cell partioning and DNA repair	D	Cell cycle control, cell division, chromosome partitioning
NODE_33_length_19888_cov_29.959714_10	COG0466	223542	0.0	58.687	Lon	ATP-dependent Lon protease, bacterial type	O	Posttranslational modification, protein turnover, chaperones
NODE_33_length_19888_cov_29.959714_11	COG1219	224140	0.0	61.165	ClpX	ATP-dependent protease Clp, ATPase subunit ClpX	O	Posttranslational modification, protein turnover, chaperones
NODE_33_length_19888_cov_29.959714_12	COG0740	223811	2.5e-112	68.041	ClpP	ATP-dependent protease ClpP, protease subunit	O	Posttranslational modification, protein turnover, chaperones
NODE_33_length_19888_cov_29.959714_13	COG0544	223618	4.3e-72	33.492	Tig	FKBP-type peptidyl-prolyl cis-trans isomerase (trigger factor)	O	Posttranslational modification, protein turnover, chaperones
NODE_33_length_19888_cov_29.959714_14	COG3132	225674	0.001	46.875	YceH	Uncharacterized conserved protein YceH, UPF0502 family	S	Function unknown
NODE_33_length_19888_cov_29.959714_15	COG0495	223569	0.0	49.778	LeuS	Leucyl-tRNA synthetase	J	Translation, ribosomal structure and biogenesis
NODE_34_length_19646_cov_28.630289_2	COG2244	225153	1.17e-30	21.286	RfbX	Membrane protein involved in the export of O-antigen and teichoic acid	M	Cell wall/membrane/envelope biogenesis
NODE_34_length_19646_cov_28.630289_3	COG2197	225107	8.22e-70	41.346	CitB	DNA-binding response regulator, NarL/FixJ family, contains REC and HTH domains	T	Signal transduction mechanisms
NODE_34_length_19646_cov_28.630289_4	COG1596	224512	3.79e-35	42.424	Wza	Periplasmic protein Wza involved in polysaccharide export, contains SLBB domain of the beta-grasp fold	M	Cell wall/membrane/envelope biogenesis
NODE_34_length_19646_cov_28.630289_5	COG0677	223749	0.0	52.558	WecC	UDP-N-acetyl-D-mannosaminuronate dehydrogenase	M	Cell wall/membrane/envelope biogenesis
NODE_34_length_19646_cov_28.630289_8	COG2217	225127	0.0	42.409	ZntA	Cation-transporting P-type ATPase	P	Inorganic ion transport and metabolism
NODE_34_length_19646_cov_28.630289_10	COG4447	226855	2e-12	21.975		Uncharacterized conserved protein related to plant photosystem II stability/assembly factor	R	General function prediction only
NODE_34_length_19646_cov_28.630289_11	COG1193	224114	0.0	40.798	MutS2	dsDNA-specific endonuclease/ATPase MutS2	L	Replication, recombination and repair
NODE_34_length_19646_cov_28.630289_12	COG1216	224137	3.66e-09	21.304	WcaE	Glycosyltransferase, GT2 family	G	Carbohydrate transport and metabolism
NODE_34_length_19646_cov_28.630289_13	COG0367	223444	1.25e-140	30.733	AsnB	Asparagine synthetase B (glutamine-hydrolyzing)	E	Amino acid transport and metabolism
NODE_34_length_19646_cov_28.630289_14	COG0489	223563	6.3e-49	37.129	Mrp	Fe-S cluster carrier ATPase, Mrp/ApbC/NBP35 family	D	Cell cycle control, cell division, chromosome partitioning
NODE_35_length_18878_cov_23.791479_3	COG1595	224511	1.5e-10	27.059	RpoE	DNA-directed RNA polymerase specialized sigma subunit, sigma24 family	K	Transcription
NODE_35_length_18878_cov_23.791479_4	COG1807	224720	4.63e-07	27.152	ArnT	PMT family glycosyltransferase ArnT/Agl22, involved in glycosylation of proteins and lipid IVA	M	Cell wall/membrane/envelope biogenesis
NODE_35_length_18878_cov_23.791479_8	COG0438	223515	1.24e-55	32.653	RfaB	Glycosyltransferase involved in cell wall bisynthesis	M	Cell wall/membrane/envelope biogenesis
NODE_35_length_18878_cov_23.791479_9	COG0110	223188	1.34e-28	35.417	WbbJ	Acetyltransferase, isoleucine patch superfamily	R	General function prediction only
NODE_35_length_18878_cov_23.791479_10	COG0726	223798	4.3e-26	24.481	CDA1	Peptidoglycan/xylan/chitin deacetylase, PgdA/NodB/CDA1 family	G	Carbohydrate transport and metabolism
NODE_35_length_18878_cov_23.791479_12	COG0438	223515	1.48e-55	33.854	RfaB	Glycosyltransferase involved in cell wall bisynthesis	M	Cell wall/membrane/envelope biogenesis
NODE_35_length_18878_cov_23.791479_13	COG1874	224786	1.23e-08	22.943	GanA	Beta-galactosidase GanA	G	Carbohydrate transport and metabolism
NODE_36_length_17315_cov_27.444786_2	COG1680	224594	7.26e-65	32.578	AmpC	CubicO group peptidase, beta-lactamase class C family	V	Defense mechanisms
NODE_36_length_17315_cov_27.444786_3	COG1208	224129	2.6e-101	36.127	GCD1	NDP-sugar pyrophosphorylase, includes eIF-2Bgamma, eIF-2Bepsilon, and LPS biosynthesis protein s	J	Translation, ribosomal structure and biogenesis
NODE_36_length_17315_cov_27.444786_7	COG2204	225114	3.8e-22	29.661	AtoC	DNA-binding transcriptional response regulator, NtrC family, contains REC, AAA-type ATPase, and a Fis-type DNA-binding domains	T	Signal transduction mechanisms
NODE_36_length_17315_cov_27.444786_8	COG0537	223611	1.02e-39	39.13	HinT	Purine nucleoside phosphoramidase/Ap4A hydrolase, histidine triade (HIT) family	F	Nucleotide transport and metabolism
NODE_36_length_17315_cov_27.444786_9	COG1158	224080	0.0	59.479	Rho	Transcription termination factor Rho	K	Transcription
NODE_36_length_17315_cov_27.444786_11	COG0634	223707	8.4e-92	58.046	HptA	Hypoxanthine-guanine phosphoribosyltransferase	F	Nucleotide transport and metabolism
NODE_36_length_17315_cov_27.444786_12	COG0519	223593	0.0	71.746	GuaA2	GMP synthase, PP-ATPase domain/subunit	F	Nucleotide transport and metabolism
NODE_36_length_17315_cov_27.444786_14	COG0516	223590	2.97e-14	22.556	GuaB	IMP dehydrogenase/GMP reductase	F	Nucleotide transport and metabolism
NODE_36_length_17315_cov_27.444786_15	COG2226	225136	1.05e-11	32.673	UbiE	Ubiquinone/menaquinone biosynthesis C-methylase UbiE/MenG	H	Coenzyme transport and metabolism
NODE_36_length_17315_cov_27.444786_16	COG0463	223539	2.71e-17	19.444	WcaA	Glycosyltransferase involved in cell wall bisynthesis	M	Cell wall/membrane/envelope biogenesis
NODE_36_length_17315_cov_27.444786_17	COG0859	223928	2.94e-44	28.955	RfaF	ADP-heptose:LPS heptosyltransferase	M	Cell wall/membrane/envelope biogenesis
NODE_36_length_17315_cov_27.444786_18	COG0726	223798	2.49e-19	27.778	CDA1	Peptidoglycan/xylan/chitin deacetylase, PgdA/NodB/CDA1 family	G	Carbohydrate transport and metabolism
NODE_36_length_17315_cov_27.444786_19	COG0438	223515	9.49e-53	39.86	RfaB	Glycosyltransferase involved in cell wall bisynthesis	M	Cell wall/membrane/envelope biogenesis
NODE_36_length_17315_cov_27.444786_22	COG1122	224047	3.33e-47	49.18	EcfA2	Energy-coupling factor transporter ATP-binding protein EcfA2	P	Inorganic ion transport and metabolism
NODE_37_length_16665_cov_28.735220_2	COG0515	223589	1.96e-47	33.798	SPS1	Serine/threonine protein kinase	T	Signal transduction mechanisms
NODE_37_length_16665_cov_28.735220_3	COG1051	223979	1.96e-21	32.8	YjhB	ADP-ribose pyrophosphatase YjhB, NUDIX family	F	Nucleotide transport and metabolism
NODE_37_length_16665_cov_28.735220_5	COG0523	223597	1.07e-27	27.692	YejR	Zinc metallochaperone YeiR/ZagA and related GTPases, G3E family	R	General function prediction only
NODE_37_length_16665_cov_28.735220_6	COG0580	223653	6.75e-54	37.826	GlpF	Glycerol uptake facilitator or related aquaporin (Major Intrinsic protein Family)	G	Carbohydrate transport and metabolism
NODE_37_length_16665_cov_28.735220_7	COG1305	224224	9.43e-15	24.096	YebA	Transglutaminase-like enzyme, putative cysteine protease	O	Posttranslational modification, protein turnover, chaperones
NODE_37_length_16665_cov_28.735220_8	COG0133	223211	0.0	76.142	TrpB	Tryptophan synthase beta chain	E	Amino acid transport and metabolism
NODE_37_length_16665_cov_28.735220_11	COG3875	226392	1.85e-18	27.053	LarA	Nickel-dependent lactate racemase	M	Cell wall/membrane/envelope biogenesis
NODE_37_length_16665_cov_28.735220_13	COG2870	225425	2.01e-32	28.963	RfaE	ADP-heptose synthase, bifunctional sugar kinase/adenylyltransferase	M	Cell wall/membrane/envelope biogenesis
NODE_37_length_16665_cov_28.735220_14	COG0041	223119	4.08e-83	73.203	PurE	Phosphoribosylcarboxyaminoimidazole (NCAIR) mutase	F	Nucleotide transport and metabolism
NODE_37_length_16665_cov_28.735220_15	COG0026	223105	0.0	53.719	PurK	Phosphoribosylaminoimidazole carboxylase (NCAIR synthetase)	F	Nucleotide transport and metabolism
NODE_38_length_16584_cov_29.568879_1	COG4099	226584	6.37e-17	25.654		Predicted peptidase	R	General function prediction only
NODE_38_length_16584_cov_29.568879_2	COG0849	223918	2.07e-138	41.748	FtsA	Cell division ATPase FtsA	D	Cell cycle control, cell division, chromosome partitioning
NODE_38_length_16584_cov_29.568879_3	COG3856	226374	1.16e-28	45.378	Sbp	Small basic protein Sbp (function unknown), DUF1290 domain	S	Function unknown
NODE_38_length_16584_cov_29.568879_4	COG3879	226396	6.63e-43	33.831	YlxW	Uncharacterized conserved protein YlxW, UPF0749 family	S	Function unknown
NODE_38_length_16584_cov_29.568879_6	COG1181	224102	2.95e-92	38.576	DdlA	D-alanine-D-alanine ligase or related ATP-grasp enzyme	M	Cell wall/membrane/envelope biogenesis
NODE_38_length_16584_cov_29.568879_7	COG0812	223882	4.62e-116	49.65	MurB	UDP-N-acetylenolpyruvoylglucosamine reductase	M	Cell wall/membrane/envelope biogenesis
NODE_38_length_16584_cov_29.568879_8	COG0773	223844	6.2e-180	45.77	MurC	UDP-N-acetylmuramate-alanine ligase MurC and related ligases, MurC/Mpl family	M	Cell wall/membrane/envelope biogenesis
NODE_38_length_16584_cov_29.568879_9	COG2041	224952	1.57e-65	47.917	MsrP	Molybdopterin-dependent catalytic subunit of periplasmic DMSO/TMAO and protein-methionine-sulfoxide reductases	C	Energy production and conversion
NODE_38_length_16584_cov_29.568879_10	COG1921	224832	3.88e-126	49.474	SelA	Seryl-tRNA(Sec) selenium transferase	J	Translation, ribosomal structure and biogenesis
NODE_38_length_16584_cov_29.568879_12	COG0428	223505	2.75e-42	45.489	ZupT	Zinc transporter ZupT	P	Inorganic ion transport and metabolism
NODE_38_length_16584_cov_29.568879_13	COG1680	224594	8.62e-72	30.663	AmpC	CubicO group peptidase, beta-lactamase class C family	V	Defense mechanisms
NODE_39_length_15808_cov_30.172348_1	COG1196	224117	2.39e-07	16.505	Smc	Chromosome segregation ATPase Smc	D	Cell cycle control, cell division, chromosome partitioning
NODE_39_length_15808_cov_30.172348_2	COG1331	224250	0.0	47.734	YyaL	Uncharacterized conserved protein YyaL, SSP411 family, contains thoiredoxin and six-hairpin glycosidase-like domains	R	General function prediction only
NODE_39_length_15808_cov_30.172348_4	COG0673	223745	1.19e-52	27.826	MviM	Predicted dehydrogenase	R	General function prediction only
NODE_39_length_15808_cov_30.172348_5	COG1259	224179	3.41e-47	48.344		Bifunctional DNase/RNase	R	General function prediction only
NODE_39_length_15808_cov_30.172348_6	COG2217	225127	0.000238	24.561	ZntA	Cation-transporting P-type ATPase	P	Inorganic ion transport and metabolism
NODE_39_length_15808_cov_30.172348_7	COG4805	227142	1.74e-53	24.564		Uncharacterized conserved protein, DUF885 family	S	Function unknown
NODE_39_length_15808_cov_30.172348_8	COG0653	223726	0.0	44.752	SecA	Preprotein translocase subunit SecA (ATPase, RNA helicase)	U	Intracellular trafficking, secretion, and vesicular transport
NODE_39_length_15808_cov_30.172348_10	COG0366	223443	4.36e-53	26.112	AmyA	Glycosidase/amylase (phosphorylase)	G	Carbohydrate transport and metabolism
NODE_40_length_14663_cov_27.003354_2	COG3359	225895	2.55e-16	29.31	YprB	Uncharacterized conserved protein YprB, contains RNaseH-like and TPR domains	R	General function prediction only
NODE_40_length_14663_cov_27.003354_3	COG3408	225942	7.82e-116	29.985	GDB1	Glycogen debranching enzyme (alpha-1,6-glucosidase)	G	Carbohydrate transport and metabolism
NODE_40_length_14663_cov_27.003354_4	COG1319	224238	2.01e-79	38.485	CutB	Aldehyde, CO, or xanthine dehydrogenase, FAD-binding subunit	C	Energy production and conversion
NODE_40_length_14663_cov_27.003354_5	COG0181	223259	2.36e-120	49.675	HemC	Porphobilinogen deaminase	H	Coenzyme transport and metabolism
NODE_40_length_14663_cov_27.003354_6	COG0267	223345	1.34e-13	54.902	RpmG	Ribosomal protein L33	J	Translation, ribosomal structure and biogenesis
NODE_40_length_14663_cov_27.003354_7	COG1082	224007	8.59e-29	28.175	YcjR	Sugar phosphate isomerase/epimerase	G	Carbohydrate transport and metabolism
NODE_40_length_14663_cov_27.003354_8	COG0673	223745	3.02e-63	30.141	MviM	Predicted dehydrogenase	R	General function prediction only
NODE_40_length_14663_cov_27.003354_9	COG0642	223715	2.23e-46	31.6	BaeS	Signal transduction histidine kinase	T	Signal transduction mechanisms
NODE_41_length_14079_cov_27.445379_2	COG3250	225789	3.59e-50	26.526	LacZ	Beta-galactosidase/beta-glucuronidase	G	Carbohydrate transport and metabolism
NODE_41_length_14079_cov_27.445379_3	COG3342	225879	3.17e-101	63.317		Uncharacterized conserved protein, Ntn-hydrolase superfamily	R	General function prediction only
NODE_41_length_14079_cov_27.445379_4	COG1143	224066	9.65e-56	44.444	NuoI	Formate hydrogenlyase subunit 6/NADH:ubiquinone oxidoreductase 23 kD subunit (chain I)	C	Energy production and conversion
NODE_41_length_14079_cov_27.445379_5	COG1538	224455	3.88e-49	31.776	TolC	Outer membrane protein TolC	M	Cell wall/membrane/envelope biogenesis
NODE_41_length_14079_cov_27.445379_6	COG0612	223685	4.81e-05	23.611	PqqL	Predicted Zn-dependent peptidase, M16 family	R	General function prediction only
NODE_41_length_14079_cov_27.445379_7	COG1912	224824	6.79e-110	48.872		Stereoselective (R,S)-S-adenosylmethionine hydrolase (adenosine-forming)	H	Coenzyme transport and metabolism
NODE_41_length_14079_cov_27.445379_10	COG1012	223944	2.88e-107	33.333	AdhE	Acyl-CoA reductase or other NAD-dependent aldehyde dehydrogenase	I	Lipid transport and metabolism
NODE_41_length_14079_cov_27.445379_11	COG1472	224389	1.15e-94	39.178	BglX	Periplasmic beta-glucosidase and related glycosidases	G	Carbohydrate transport and metabolism
NODE_41_length_14079_cov_27.445379_12	COG1525	224442	6.72e-24	38.519	YncB	Endonuclease YncB, thermonuclease family	L	Replication, recombination and repair
NODE_42_length_13401_cov_28.844897_2	COG0438	223515	1.39e-25	23.398	RfaB	Glycosyltransferase involved in cell wall bisynthesis	M	Cell wall/membrane/envelope biogenesis
NODE_42_length_13401_cov_28.844897_3	COG4641	226988	2.82e-13	27.679		Spore maturation protein CgeB	D	Cell cycle control, cell division, chromosome partitioning
NODE_42_length_13401_cov_28.844897_5	COG0726	223798	1.86e-16	20.741	CDA1	Peptidoglycan/xylan/chitin deacetylase, PgdA/NodB/CDA1 family	G	Carbohydrate transport and metabolism
NODE_42_length_13401_cov_28.844897_6	COG0438	223515	4.71e-60	34.161	RfaB	Glycosyltransferase involved in cell wall bisynthesis	M	Cell wall/membrane/envelope biogenesis
NODE_42_length_13401_cov_28.844897_7	COG0438	223515	5.86e-37	30.368	RfaB	Glycosyltransferase involved in cell wall bisynthesis	M	Cell wall/membrane/envelope biogenesis
NODE_42_length_13401_cov_28.844897_8	COG5428	227715	1.39e-06	40.0	YuzE	Predicted antitoxin component YuzE of a toxin-antitoxin system, DUF2283 family	V	Defense mechanisms
NODE_42_length_13401_cov_28.844897_9	COG0438	223515	3.31e-35	23.23	RfaB	Glycosyltransferase involved in cell wall bisynthesis	M	Cell wall/membrane/envelope biogenesis
NODE_42_length_13401_cov_28.844897_11	COG1807	224720	6.42e-12	23.697	ArnT	PMT family glycosyltransferase ArnT/Agl22, involved in glycosylation of proteins and lipid IVA	M	Cell wall/membrane/envelope biogenesis
NODE_42_length_13401_cov_28.844897_12	COG0463	223539	4.59e-26	25.105	WcaA	Glycosyltransferase involved in cell wall bisynthesis	M	Cell wall/membrane/envelope biogenesis
NODE_42_length_13401_cov_28.844897_13	COG0463	223539	3.01e-22	36.697	WcaA	Glycosyltransferase involved in cell wall bisynthesis	M	Cell wall/membrane/envelope biogenesis
NODE_43_length_9597_cov_31.279606_1	COG0128	223206	2.63e-171	46.469	AroA	5-enolpyruvylshikimate-3-phosphate synthase	E	Amino acid transport and metabolism
NODE_43_length_9597_cov_31.279606_2	COG0283	223360	2.31e-100	53.363	Cmk	Cytidylate kinase	F	Nucleotide transport and metabolism
NODE_43_length_9597_cov_31.279606_4	COG1011	223943	2.52e-43	25.221	YigB	FMN and 5-amino-6-(5-phospho-D-ribitylamino)uracil phosphatase YigB, HAD superfamily (riboflavin biosynthesis)	H	Coenzyme transport and metabolism
NODE_43_length_9597_cov_31.279606_5	COG1807	224720	9.56e-08	21.671	ArnT	PMT family glycosyltransferase ArnT/Agl22, involved in glycosylation of proteins and lipid IVA	M	Cell wall/membrane/envelope biogenesis
NODE_43_length_9597_cov_31.279606_7	COG1082	224007	2.68e-31	28.315	YcjR	Sugar phosphate isomerase/epimerase	G	Carbohydrate transport and metabolism
NODE_43_length_9597_cov_31.279606_8	COG1082	224007	1.4e-30	22.939	YcjR	Sugar phosphate isomerase/epimerase	G	Carbohydrate transport and metabolism
NODE_43_length_9597_cov_31.279606_10	COG2316	225198	4.43e-71	48.913		Predicted hydrolase, HD superfamily	R	General function prediction only
NODE_43_length_9597_cov_31.279606_11	COG1413	224331	0.005	48.387	HEAT	HEAT repeat	R	General function prediction only
NODE_44_length_9031_cov_24.233400_2	COG2227	225137	5.27e-15	29.771	UbiG	2-polyprenyl-3-methyl-5-hydroxy-6-metoxy-1,4-benzoquinol methylase	H	Coenzyme transport and metabolism
NODE_44_length_9031_cov_24.233400_3	COG0188	223266	0.0	51.93	GyrA	DNA gyrase/topoisomerase IV, subunit A	L	Replication, recombination and repair
NODE_44_length_9031_cov_24.233400_4	COG1070	223996	2.56e-103	32.136	XylB	Sugar (pentulose or hexulose) kinase	G	Carbohydrate transport and metabolism
NODE_44_length_9031_cov_24.233400_5	COG1198	224119	0.0	37.395	PriA	Primosomal protein N' (replication factor Y) - superfamily II helicase	L	Replication, recombination and repair
NODE_45_length_7202_cov_31.264726_1	COG0452	223529	2.81e-150	52.897	CoaBC	Phosphopantothenoylcysteine synthetase/decarboxylase CoaBC	H	Coenzyme transport and metabolism
NODE_45_length_7202_cov_31.264726_2	COG0194	223272	8.3e-88	51.685	Gmk	Guanylate kinase	F	Nucleotide transport and metabolism
NODE_45_length_7202_cov_31.264726_3	COG0556	223630	0.0	65.158	UvrB	Excinuclease UvrABC helicase subunit UvrB	L	Replication, recombination and repair
NODE_45_length_7202_cov_31.264726_4	COG0143	223221	0.0	39.629	MetG	Methionyl-tRNA synthetase	J	Translation, ribosomal structure and biogenesis
NODE_45_length_7202_cov_31.264726_5	COG0163	223241	5.72e-87	49.485	UbiX	Flavin prenyltransferase UbiX	H	Coenzyme transport and metabolism
NODE_46_length_5602_cov_29.143681_1	COG0179	223257	1.28e-99	50.679	YcgM	2-keto-4-pentenoate hydratase/2-oxohepta-3-ene-1,7-dioic acid hydratase (catechol pathway)	Q	Secondary metabolites biosynthesis, transport and catabolism
NODE_46_length_5602_cov_29.143681_3	COG3857	226375	5.08e-17	19.429	AddB	ATP-dependent helicase/DNAse subunit B	L	Replication, recombination and repair
NODE_47_length_4332_cov_30.614216_1	COG3209	225750	3.01e-05	23.364	RhsA	Uncharacterized conserved protein RhaS, contains 28 RHS repeats	R	General function prediction only
NODE_47_length_4332_cov_30.614216_2	COG0491	223565	7.31e-29	26.506	GloB	Glyoxylase or a related metal-dependent hydrolase, beta-lactamase superfamily II	R	General function prediction only
NODE_47_length_4332_cov_30.614216_3	COG1082	224007	6.87e-31	21.723	YcjR	Sugar phosphate isomerase/epimerase	G	Carbohydrate transport and metabolism
NODE_47_length_4332_cov_30.614216_4	COG0535	223609	4.88e-71	33.511	SkfB	Radical SAM superfamily maturase, SkfB/NifB/PqqE family	D	Cell cycle control, cell division, chromosome partitioning
NODE_48_length_4305_cov_24.749412_5	COG0330	223407	2.69e-24	25.287	HflC	Regulator of protease activity HflC, stomatin/prohibitin superfamily	O	Posttranslational modification, protein turnover, chaperones
NODE_48_length_4305_cov_24.749412_6	COG0330	223407	3.14e-25	28.767	HflC	Regulator of protease activity HflC, stomatin/prohibitin superfamily	O	Posttranslational modification, protein turnover, chaperones
NODE_49_length_4248_cov_23.460291_5	COG4959	227294	1.3e-09	28.571	TraF	Type IV secretory pathway, protease TraF	O	Posttranslational modification, protein turnover, chaperones
NODE_50_length_3394_cov_28.135969_1	COG0743	223814	0.0	55.696	Dxr	1-deoxy-D-xylulose 5-phosphate reductoisomerase	I	Lipid transport and metabolism
NODE_50_length_3394_cov_28.135969_2	COG4992	227325	5.2e-162	47.891	ArgD	Acetylornithine/succinyldiaminopimelate/putrescine aminotransferase	E	Amino acid transport and metabolism
NODE_50_length_3394_cov_28.135969_3	COG2771	225360	7.9e-09	43.077	CsgD	DNA-binding transcriptional regulator, CsgD family	K	Transcription
NODE_51_length_3254_cov_15.951547_2	COG2197	225107	5.76e-08	26.984	CitB	DNA-binding response regulator, NarL/FixJ family, contains REC and HTH domains	T	Signal transduction mechanisms
NODE_51_length_3254_cov_15.951547_3	COG1367	224286	3.55e-26	19.274	Cmr1	CRISPR-Cas system type III CMR-effector complex subunit Cmr1, RAMP superfamily Cas7 group	V	Defense mechanisms
NODE_51_length_3254_cov_15.951547_4	COG1353	224272	7.33e-06	19.178	Cas10	CRISPR/Cas system-associated protein Cas10, large subunit of type III CRISPR-Cas systems, contains HD superfamily nuclease domain	V	Defense mechanisms
NODE_52_length_2872_cov_18.123181_1	COG1112	224037	1.71e-32	23.689	DNA2	Superfamily I DNA and/or RNA helicase	L	Replication, recombination and repair
NODE_62_length_596_cov_55.197782_1	COG4636	226983	1.57e-12	29.688	Uma2	Endonuclease, Uma2 family (restriction endonuclease fold)	R	General function prediction only
NODE_63_length_564_cov_4.512770_2	COG2423	225280	0.001	33.333	OCDMu	Ornithine cyclodeaminase/archaeal alanine dehydrogenase, mu-crystallin family	E	Amino acid transport and metabolism
NODE_65_length_548_cov_5.271805_1	COG1818	224731	7.69e-31	34.965	Tan1	tRNA(Ser,Leu) C12 N-acetylase TAN1, contains THUMP domain	J	Translation, ribosomal structure and biogenesis
