QUERY_ID	COG_ID	CDD_ID	EVALUE	IDENTITY	GENE_NAME	COG_NAME	COG_LETTER	COG_DESCRIPTION
NODE_1_length_202982_cov_5.335484_1	COG0669	223741	4.34e-67	47.097	CoaD	Phosphopantetheine adenylyltransferase	H	Coenzyme transport and metabolism
NODE_1_length_202982_cov_5.335484_2	COG1051	223979	2.26e-13	17.424	YjhB	ADP-ribose pyrophosphatase YjhB, NUDIX family	F	Nucleotide transport and metabolism
NODE_1_length_202982_cov_5.335484_3	COG0461	223537	6.19e-54	35.5	PyrE	Orotate phosphoribosyltransferase	F	Nucleotide transport and metabolism
NODE_1_length_202982_cov_5.335484_4	COG2608	225328	1.12e-10	32.857	CopZ	Copper chaperone CopZ	P	Inorganic ion transport and metabolism
NODE_1_length_202982_cov_5.335484_5	COG5608	227895	0.01	18.367	LEA	Dessication stress tolerance protein, LEA/WHy domain	V	Defense mechanisms
NODE_1_length_202982_cov_5.335484_6	COG3291	225828	7.53e-19	29.412		Uncharacterized conserved protein, PKD repeat domain	S	Function unknown
NODE_1_length_202982_cov_5.335484_8	COG4219	226672	4.18e-22	23.605	MecR1	Signal transducer regulating beta-lactamase production, contains metallopeptidase domain	T	Signal transduction mechanisms
NODE_1_length_202982_cov_5.335484_9	COG3682	226207	2.69e-20	25.641	CopY	Transcriptional regulator, CopY/TcrY family	K	Transcription
NODE_1_length_202982_cov_5.335484_10	COG3000	225546	1.23e-38	30.531	ERG3	Sterol desaturase/sphingolipid hydroxylase, fatty acid hydroxylase superfamily	I	Lipid transport and metabolism
NODE_1_length_202982_cov_5.335484_11	COG3808	226330	0.0	48.579	OVP1	Na+ or H+-translocating membrane pyrophosphatase	C	Energy production and conversion
NODE_1_length_202982_cov_5.335484_13	COG2503	225305	1.15e-71	37.984		Predicted secreted acid phosphatase	R	General function prediction only
NODE_1_length_202982_cov_5.335484_14	COG0350	223427	1e-55	36.145	AdaB	DNA repair enzyme Ada (O6-methylguanine-DNA--protein-cysteine methyltransferase)	L	Replication, recombination and repair
NODE_1_length_202982_cov_5.335484_15	COG0073	223151	5.09e-19	26.496	EMAP	tRNA-binding EMAP/Myf domain	J	Translation, ribosomal structure and biogenesis
NODE_1_length_202982_cov_5.335484_16	COG2912	225464	1.34e-07	27.273	SirB1	Regulator of sirC expression, contains transglutaminase-like and TPR domains	T	Signal transduction mechanisms
NODE_1_length_202982_cov_5.335484_17	COG0550	223624	0.0	46.103	TopA	DNA topoisomerase IA	L	Replication, recombination and repair
NODE_1_length_202982_cov_5.335484_18	COG2755	225353	3.12e-15	25.0	TesA	Lysophospholipase L1 or related esterase. Includes spore coat protein LipC/YcsK	D	Cell cycle control, cell division, chromosome partitioning
NODE_1_length_202982_cov_5.335484_19	COG2267	225176	8.19e-14	18.182	PldB	Lysophospholipase, alpha-beta hydrolase superfamily	I	Lipid transport and metabolism
NODE_1_length_202982_cov_5.335484_20	COG5495	227782	1.94e-10	20.248		Predicted oxidoreductase, contains short-chain dehydrogenase (SDR) and DUF2520 domains	R	General function prediction only
NODE_1_length_202982_cov_5.335484_21	COG0633	223706	1.96e-21	33.019	Fdx	Ferredoxin	C	Energy production and conversion
NODE_1_length_202982_cov_5.335484_23	COG1778	224692	1.4e-45	35.185	KdsC	3-deoxy-D-manno-octulosonate 8-phosphate phosphatase KdsC and related HAD superfamily phosphatases	M	Cell wall/membrane/envelope biogenesis
NODE_1_length_202982_cov_5.335484_24	COG0382	223459	8.62e-19	20.724	UbiA	4-hydroxybenzoate polyprenyltransferase	H	Coenzyme transport and metabolism
NODE_1_length_202982_cov_5.335484_25	COG0424	223501	6.29e-66	43.548	Maf	7-methyl-GTP pyrophosphatase and related NTP pyrophosphatases, Maf/HAM1 superfamily	Q	Secondary metabolites biosynthesis, transport and catabolism
NODE_1_length_202982_cov_5.335484_27	COG1765	224679	8.39e-14	16.547	YhfA	Uncharacterized OsmC-related protein	R	General function prediction only
NODE_1_length_202982_cov_5.335484_29	COG0320	223397	1.94e-160	53.381	LipA	Lipoate synthase	H	Coenzyme transport and metabolism
NODE_1_length_202982_cov_5.335484_30	COG1940	224851	1.35e-71	35.238	NagC	Sugar kinase of the NBD/HSP70 family, may contain an N-terminal HTH domain	G	Carbohydrate transport and metabolism
NODE_1_length_202982_cov_5.335484_31	COG0738	223809	1.5e-72	30.372	FucP	Fucose permease	G	Carbohydrate transport and metabolism
NODE_1_length_202982_cov_5.335484_32	COG0297	223374	5.74e-141	37.938	GlgA	Glycogen synthase	G	Carbohydrate transport and metabolism
NODE_1_length_202982_cov_5.335484_33	COG0448	223525	1.16e-149	40.094	GlgC	Glucose-1-phosphate adenylyltransferase (ADP-glucose pyrophosphorylase)	G	Carbohydrate transport and metabolism
NODE_1_length_202982_cov_5.335484_34	COG2211	225121	1.71e-10	21.174	MelB	Na+/melibiose symporter or related transporter	G	Carbohydrate transport and metabolism
NODE_1_length_202982_cov_5.335484_35	COG0366	223443	1.14e-43	23.327	AmyA	Glycosidase/amylase (phosphorylase)	G	Carbohydrate transport and metabolism
NODE_1_length_202982_cov_5.335484_36	COG0296	223373	0.0	46.519	GlgB	1,4-alpha-glucan branching enzyme	G	Carbohydrate transport and metabolism
NODE_1_length_202982_cov_5.335484_37	COG5010	227343	1.4e-07	21.519	TadD	Flp pilus assembly protein TadD, contains TPR repeats	U	Intracellular trafficking, secretion, and vesicular transport
NODE_1_length_202982_cov_5.335484_38	COG0358	223435	2.01e-128	32.358	DnaG	DNA primase (bacterial type)	L	Replication, recombination and repair
NODE_1_length_202982_cov_5.335484_40	COG2129	225040	1.4e-14	22.381		Predicted phosphoesterase, related to the Icc protein	R	General function prediction only
NODE_1_length_202982_cov_5.335484_41	COG0150	223228	3.1e-36	27.059	PurM	Phosphoribosylaminoimidazole (AIR) synthetase	F	Nucleotide transport and metabolism
NODE_1_length_202982_cov_5.335484_42	COG2884	225438	5.19e-84	48.99	FtsE	Cell division ATPase FtsE	D	Cell cycle control, cell division, chromosome partitioning
NODE_1_length_202982_cov_5.335484_44	COG0438	223515	3.24e-20	20.798	RfaB	Glycosyltransferase involved in cell wall bisynthesis	M	Cell wall/membrane/envelope biogenesis
NODE_1_length_202982_cov_5.335484_45	COG0673	223745	7.71e-35	23.423	MviM	Predicted dehydrogenase	R	General function prediction only
NODE_1_length_202982_cov_5.335484_46	COG1629	224544	6.33e-26	15.543	CirA	Outer membrane receptor protein, Fe transport	P	Inorganic ion transport and metabolism
NODE_1_length_202982_cov_5.335484_47	COG0793	223864	1.37e-100	37.5	CtpA	C-terminal processing protease CtpA/Prc, contains a PDZ domain	O	Posttranslational modification, protein turnover, chaperones
NODE_1_length_202982_cov_5.335484_48	COG0330	223407	3.39e-08	40.385	HflC	Regulator of protease activity HflC, stomatin/prohibitin superfamily	O	Posttranslational modification, protein turnover, chaperones
NODE_1_length_202982_cov_5.335484_50	COG1404	224322	9.22e-35	32.107	AprE	Serine protease, subtilisin family	O	Posttranslational modification, protein turnover, chaperones
NODE_1_length_202982_cov_5.335484_52	COG1132	224055	5.06e-150	34.075	MdlB	ABC-type multidrug transport system, ATPase and permease component	V	Defense mechanisms
NODE_1_length_202982_cov_5.335484_59	COG0166	223244	0.0	50.816	Pgi	Glucose-6-phosphate isomerase	G	Carbohydrate transport and metabolism
NODE_1_length_202982_cov_5.335484_60	COG2008	224919	6.05e-120	44.282	GLY1	Threonine aldolase	E	Amino acid transport and metabolism
NODE_1_length_202982_cov_5.335484_61	COG1629	224544	2.4e-19	16.149	CirA	Outer membrane receptor protein, Fe transport	P	Inorganic ion transport and metabolism
NODE_1_length_202982_cov_5.335484_62	COG1629	224544	1.83e-14	16.645	CirA	Outer membrane receptor protein, Fe transport	P	Inorganic ion transport and metabolism
NODE_1_length_202982_cov_5.335484_63	COG1666	224580	1.69e-58	49.383	YajQ	Cyclic di-GMP-binding protein YajQ, UPF0234 family	T	Signal transduction mechanisms
NODE_1_length_202982_cov_5.335484_64	COG0254	223332	5.63e-24	42.466	RpmE	Ribosomal protein L31	J	Translation, ribosomal structure and biogenesis
NODE_1_length_202982_cov_5.335484_65	COG1208	224129	3.05e-13	29.932	GCD1	NDP-sugar pyrophosphorylase, includes eIF-2Bgamma, eIF-2Bepsilon, and LPS biosynthesis protein s	J	Translation, ribosomal structure and biogenesis
NODE_1_length_202982_cov_5.335484_66	COG0149	223227	7.63e-102	44.664	TpiA	Triosephosphate isomerase	G	Carbohydrate transport and metabolism
NODE_1_length_202982_cov_5.335484_70	COG0438	223515	1.69e-43	24.044	RfaB	Glycosyltransferase involved in cell wall bisynthesis	M	Cell wall/membrane/envelope biogenesis
NODE_1_length_202982_cov_5.335484_71	COG0481	223557	0.0	66.499	LepA	Translation elongation factor EF-4, membrane-bound GTPase	J	Translation, ribosomal structure and biogenesis
NODE_1_length_202982_cov_5.335484_72	COG0438	223515	6.92e-07	16.224	RfaB	Glycosyltransferase involved in cell wall bisynthesis	M	Cell wall/membrane/envelope biogenesis
NODE_1_length_202982_cov_5.335484_73	COG2244	225153	6.54e-28	23.191	RfbX	Membrane protein involved in the export of O-antigen and teichoic acid	M	Cell wall/membrane/envelope biogenesis
NODE_1_length_202982_cov_5.335484_75	COG1208	224129	1.99e-59	35.983	GCD1	NDP-sugar pyrophosphorylase, includes eIF-2Bgamma, eIF-2Bepsilon, and LPS biosynthesis protein s	J	Translation, ribosomal structure and biogenesis
NODE_1_length_202982_cov_5.335484_76	COG0279	223356	4.3e-81	50.0	GmhA	Phosphoheptose isomerase	G	Carbohydrate transport and metabolism
NODE_1_length_202982_cov_5.335484_77	COG2605	225325	2.32e-106	43.195		Predicted kinase related to galactokinase and mevalonate kinase	R	General function prediction only
NODE_1_length_202982_cov_5.335484_78	COG0438	223515	1.47e-26	18.863	RfaB	Glycosyltransferase involved in cell wall bisynthesis	M	Cell wall/membrane/envelope biogenesis
NODE_1_length_202982_cov_5.335484_79	COG0463	223539	1.13e-28	17.347	WcaA	Glycosyltransferase involved in cell wall bisynthesis	M	Cell wall/membrane/envelope biogenesis
NODE_1_length_202982_cov_5.335484_81	COG0044	223122	4.27e-123	41.262	AllB	Dihydroorotase or related cyclic amidohydrolase	F	Nucleotide transport and metabolism
NODE_1_length_202982_cov_5.335484_82	COG0566	223640	2.13e-42	32.222	SpoU	tRNA G18 (ribose-2'-O)-methylase SpoU	J	Translation, ribosomal structure and biogenesis
NODE_1_length_202982_cov_5.335484_83	COG3342	225879	6.04e-68	47.917		Uncharacterized conserved protein, Ntn-hydrolase superfamily	R	General function prediction only
NODE_1_length_202982_cov_5.335484_84	COG1656	224570	1.49e-42	39.597	Mut7-C	Uncharacterized conserved protein, contains PIN-related Mut7-C RNAse domain	R	General function prediction only
NODE_1_length_202982_cov_5.335484_88	COG2204	225114	2.51e-22	31.858	AtoC	DNA-binding transcriptional response regulator, NtrC family, contains REC, AAA-type ATPase, and a Fis-type DNA-binding domains	T	Signal transduction mechanisms
NODE_1_length_202982_cov_5.335484_90	COG0784	223855	1.17e-06	27.869	CheY	CheY-like REC (receiver) domain, includes chemotaxis protein CheY  and sporulation regulator Spo0F	T	Signal transduction mechanisms
NODE_1_length_202982_cov_5.335484_91	COG0667	223739	5.31e-29	54.667	PdxI	Pyridoxal reductase PdxI or related oxidoreductase, aldo/keto reductase family	H	Coenzyme transport and metabolism
NODE_1_length_202982_cov_5.335484_92	COG0667	223739	1.52e-30	39.286	PdxI	Pyridoxal reductase PdxI or related oxidoreductase, aldo/keto reductase family	H	Coenzyme transport and metabolism
NODE_1_length_202982_cov_5.335484_93	COG3548	226078	3.77e-10	47.368		Uncharacterized membrane protein	S	Function unknown
NODE_1_length_202982_cov_5.335484_94	COG0296	223373	8.36e-05	28.333	GlgB	1,4-alpha-glucan branching enzyme	G	Carbohydrate transport and metabolism
NODE_1_length_202982_cov_5.335484_96	COG3865	226383	4.3e-30	56.098		Glyoxalase superfamily enzyme, possible 3-demethylubiquinone-9 3-methyltransferase	R	General function prediction only
NODE_1_length_202982_cov_5.335484_97	COG3865	226383	7.72e-27	51.515		Glyoxalase superfamily enzyme, possible 3-demethylubiquinone-9 3-methyltransferase	R	General function prediction only
NODE_1_length_202982_cov_5.335484_98	COG0664	223736	1.1e-20	33.846	Crp	cAMP-binding domain of CRP or a regulatory subunit of cAMP-dependent protein kinases	T	Signal transduction mechanisms
NODE_1_length_202982_cov_5.335484_100	COG0039	223117	1.21e-27	51.807	Mdh	Malate/lactate dehydrogenase	C	Energy production and conversion
NODE_1_length_202982_cov_5.335484_101	COG0039	223117	7.12e-85	43.578	Mdh	Malate/lactate dehydrogenase	C	Energy production and conversion
NODE_1_length_202982_cov_5.335484_103	COG4221	226674	7.83e-53	30.522	YdfG	NADP-dependent 3-hydroxy acid dehydrogenase YdfG	C	Energy production and conversion
NODE_1_length_202982_cov_5.335484_104	COG2131	225042	6.79e-46	36.076	ComEB	Deoxycytidylate deaminase	F	Nucleotide transport and metabolism
NODE_1_length_202982_cov_5.335484_105	COG0739	223810	3.49e-14	36.957	NlpD	Murein DD-endopeptidase MepM and murein hydrolase activator NlpD, contains LysM domain	M	Cell wall/membrane/envelope biogenesis
NODE_1_length_202982_cov_5.335484_118	COG0499	223573	0.0	62.118	SAM1	S-adenosylhomocysteine hydrolase	H	Coenzyme transport and metabolism
NODE_1_length_202982_cov_5.335484_119	COG1522	224439	1.21e-44	33.333	Lrp	DNA-binding transcriptional regulator, Lrp family	K	Transcription
NODE_1_length_202982_cov_5.335484_121	COG2909	225461	2.88e-22	55.556	MalT	ATP-, maltotriose- and DNA-dependent transcriptional regulator MalT	K	Transcription
NODE_1_length_202982_cov_5.335484_124	COG1902	224814	3.69e-150	44.167	FadH	2,4-dienoyl-CoA reductase or related NADH-dependent reductase, Old Yellow Enzyme (OYE) family	C	Energy production and conversion
NODE_1_length_202982_cov_5.335484_125	COG0144	223222	5.06e-61	29.677	RsmB	16S rRNA C967 or C1407 C5-methylase, RsmB/RsmF family	J	Translation, ribosomal structure and biogenesis
NODE_1_length_202982_cov_5.335484_127	COG0673	223745	7.24e-73	28.212	MviM	Predicted dehydrogenase	R	General function prediction only
NODE_1_length_202982_cov_5.335484_129	COG1076	224002	2.91e-17	33.333	DjlA	DnaJ domain-containing protein	O	Posttranslational modification, protein turnover, chaperones
NODE_1_length_202982_cov_5.335484_131	COG0686	223758	3.03e-09	21.795	Ald	Alanine dehydrogenase (includes sporulation protein SpoVN)	E	Amino acid transport and metabolism
NODE_1_length_202982_cov_5.335484_132	COG4123	226608	7.85e-49	28.936	TrmN6	tRNA1(Val) A37 N6-methylase TrmN6	J	Translation, ribosomal structure and biogenesis
NODE_1_length_202982_cov_5.335484_133	COG0533	223607	2.07e-157	50.151	TsaD	tRNA A37 threonylcarbamoyltransferase TsaD	J	Translation, ribosomal structure and biogenesis
NODE_1_length_202982_cov_5.335484_134	COG0577	223650	1.83e-34	27.078	SalY	ABC-type antimicrobial peptide transport system, permease component	V	Defense mechanisms
NODE_1_length_202982_cov_5.335484_135	COG0139	223217	3.63e-49	51.515	HisI1	Phosphoribosyl-AMP cyclohydrolase	E	Amino acid transport and metabolism
NODE_1_length_202982_cov_5.335484_136	COG1225	224146	5.76e-18	32.331	Bcp	Peroxiredoxin	O	Posttranslational modification, protein turnover, chaperones
NODE_1_length_202982_cov_5.335484_137	COG0508	223582	1.68e-134	39.56	AceF	Pyruvate/2-oxoglutarate dehydrogenase complex, dihydrolipoamide acyltransferase (E2) component	C	Energy production and conversion
NODE_1_length_202982_cov_5.335484_138	COG1058	223986	5.02e-69	34.728	CinA	ADP-ribose pyrophosphatase domain of DNA damage- and competence-inducible protein CinA	L	Replication, recombination and repair
NODE_1_length_202982_cov_5.335484_139	COG2027	224938	1.3e-45	25.408	DacB	D-alanyl-D-alanine carboxypeptidase	M	Cell wall/membrane/envelope biogenesis
NODE_1_length_202982_cov_5.335484_141	COG2259	225168	1.62e-10	28.125	DoxX	Uncharacterized membrane protein YphA, DoxX/SURF4 family	S	Function unknown
NODE_1_length_202982_cov_5.335484_142	COG1729	224643	4.95e-09	25.0	CpoB	Cell division protein CpoB, coordinates peptidoglycan biosynthesis and outer membrane constriction	D	Cell cycle control, cell division, chromosome partitioning
NODE_1_length_202982_cov_5.335484_143	COG1629	224544	0.002	12.921	CirA	Outer membrane receptor protein, Fe transport	P	Inorganic ion transport and metabolism
NODE_1_length_202982_cov_5.335484_145	COG2227	225137	6.99e-07	26.667	UbiG	2-polyprenyl-3-methyl-5-hydroxy-6-metoxy-1,4-benzoquinol methylase	H	Coenzyme transport and metabolism
NODE_1_length_202982_cov_5.335484_146	COG3823	226344	2.93e-89	45.815		Glutamine cyclotransferase	O	Posttranslational modification, protein turnover, chaperones
NODE_1_length_202982_cov_5.335484_148	COG0665	223737	2.51e-32	21.108	DadA	Glycine/D-amino acid oxidase (deaminating)	E	Amino acid transport and metabolism
NODE_1_length_202982_cov_5.335484_151	COG1249	224169	0.0	45.435	Lpd	Dihydrolipoamide dehydrogenase (E3) component of pyruvate/2-oxoglutarate dehydrogenase complex or glutathione oxidoreductase	C	Energy production and conversion
NODE_1_length_202982_cov_5.335484_153	COG0227	223305	1.02e-26	50.649	RpmB	Ribosomal protein L28	J	Translation, ribosomal structure and biogenesis
NODE_1_length_202982_cov_5.335484_154	COG0267	223345	5.29e-10	54.545	RpmG	Ribosomal protein L33	J	Translation, ribosomal structure and biogenesis
NODE_1_length_202982_cov_5.335484_157	COG0552	223626	5.98e-140	50.161	FtsY	Signal recognition particle GTPase FtsY	U	Intracellular trafficking, secretion, and vesicular transport
NODE_1_length_202982_cov_5.335484_160	COG0621	223694	4.54e-151	36.261	MiaB	tRNA A37 methylthiotransferase MiaB	J	Translation, ribosomal structure and biogenesis
NODE_1_length_202982_cov_5.335484_161	COG0659	223732	5.95e-85	30.114	SUL1	Sulfate permease or related transporter, MFS superfamily	P	Inorganic ion transport and metabolism
NODE_1_length_202982_cov_5.335484_162	COG1018	223949	4.47e-38	27.468	Fpr	Flavodoxin/ferredoxin--NADP reductase	C	Energy production and conversion
NODE_1_length_202982_cov_5.335484_163	COG0656	223729	3.54e-08	25.974	ARA1	Aldo/keto reductase, related to diketogulonate reductase	Q	Secondary metabolites biosynthesis, transport and catabolism
NODE_1_length_202982_cov_5.335484_164	COG0667	223739	2.86e-09	24.167	PdxI	Pyridoxal reductase PdxI or related oxidoreductase, aldo/keto reductase family	H	Coenzyme transport and metabolism
NODE_1_length_202982_cov_5.335484_167	COG1012	223944	1.41e-54	25.0	AdhE	Acyl-CoA reductase or other NAD-dependent aldehyde dehydrogenase	I	Lipid transport and metabolism
NODE_1_length_202982_cov_5.335484_169	COG4365	226805	5.4e-54	22.222	BshC	Putative cysteine ligase BshC/YllA (bacillithiol biosynthesis)	Q	Secondary metabolites biosynthesis, transport and catabolism
NODE_1_length_202982_cov_5.335484_170	COG2877	225432	5.5e-121	54.274	KdsA	3-deoxy-D-manno-octulosonic acid (KDO) 8-phosphate synthase	M	Cell wall/membrane/envelope biogenesis
NODE_1_length_202982_cov_5.335484_171	COG0451	223528	3.66e-44	22.571	WcaG	Nucleoside-diphosphate-sugar epimerase	M	Cell wall/membrane/envelope biogenesis
NODE_1_length_202982_cov_5.335484_172	COG0289	223366	3.01e-47	30.483	DapB	4-hydroxy-tetrahydrodipicolinate reductase	E	Amino acid transport and metabolism
NODE_1_length_202982_cov_5.335484_174	COG1475	224392	3.94e-45	36.948	Spo0J	Chromosome segregation protein Spo0J, contains ParB-like nuclease domain	D	Cell cycle control, cell division, chromosome partitioning
NODE_1_length_202982_cov_5.335484_175	COG1192	224113	8.55e-85	44.094	ParA	ParA-like ATPase involved in chromosome/plasmid partitioning or cellulose biosynthesis protein BcsQ	D	Cell cycle control, cell division, chromosome partitioning
NODE_1_length_202982_cov_5.335484_176	COG2220	225130	1.69e-40	32.245	UlaG	L-ascorbate lactonase UlaG, metallo-beta-lactamase superfamily	G	Carbohydrate transport and metabolism
NODE_1_length_202982_cov_5.335484_177	COG1408	224326	1.33e-38	29.293	YaeI	Predicted phosphohydrolase, MPP superfamily	R	General function prediction only
NODE_1_length_202982_cov_5.335484_180	COG0466	223542	0.0	49.935	Lon	ATP-dependent Lon protease, bacterial type	O	Posttranslational modification, protein turnover, chaperones
NODE_1_length_202982_cov_5.335484_182	COG2120	225031	1.96e-23	24.0	LmbE	N-acetylglucosaminyl deacetylase, LmbE family	G	Carbohydrate transport and metabolism
NODE_1_length_202982_cov_5.335484_186	COG1363	224282	3.36e-101	36.932	FrvX	Putative aminopeptidase FrvX	E	Amino acid transport and metabolism
NODE_1_length_202982_cov_5.335484_187	COG0382	223459	0.000254	21.111	UbiA	4-hydroxybenzoate polyprenyltransferase	H	Coenzyme transport and metabolism
NODE_1_length_202982_cov_5.335484_192	COG0642	223715	3.34e-17	31.034	BaeS	Signal transduction histidine kinase	T	Signal transduction mechanisms
NODE_1_length_202982_cov_5.335484_193	COG0643	223716	3.84e-05	56.0	CheA	Chemotaxis protein histidine kinase CheA	T	Signal transduction mechanisms
NODE_1_length_202982_cov_5.335484_194	COG0784	223855	3.08e-31	38.71	CheY	CheY-like REC (receiver) domain, includes chemotaxis protein CheY  and sporulation regulator Spo0F	T	Signal transduction mechanisms
NODE_1_length_202982_cov_5.335484_195	COG0784	223855	3.31e-14	34.328	CheY	CheY-like REC (receiver) domain, includes chemotaxis protein CheY  and sporulation regulator Spo0F	T	Signal transduction mechanisms
NODE_1_length_202982_cov_5.335484_196	COG4251	226702	3.57e-24	32.812		Bacteriophytochrome (light-regulated signal transduction histidine kinase)	T	Signal transduction mechanisms
NODE_1_length_202982_cov_5.335484_197	COG4251	226702	3.76e-25	54.167		Bacteriophytochrome (light-regulated signal transduction histidine kinase)	T	Signal transduction mechanisms
NODE_1_length_202982_cov_5.335484_199	COG0332	223409	5.2e-71	33.333	FabH	3-oxoacyl-[acyl-carrier-protein] synthase III	I	Lipid transport and metabolism
NODE_1_length_202982_cov_5.335484_200	COG1803	224716	1.64e-73	54.348	MgsA	Methylglyoxal synthase	G	Carbohydrate transport and metabolism
NODE_1_length_202982_cov_5.335484_201	COG1236	224157	2.96e-11	38.806	YSH1	RNA processing exonuclease, beta-lactamase fold, Cft2 family	J	Translation, ribosomal structure and biogenesis
NODE_1_length_202982_cov_5.335484_206	COG0724	223796	4.58e-14	33.654	RRM	RNA recognition motif (RRM) domain	J	Translation, ribosomal structure and biogenesis
NODE_1_length_202982_cov_5.335484_207	COG1278	224197	6.35e-15	44.444	CspC	Cold shock protein, CspA family	K	Transcription
NODE_1_length_202982_cov_5.335484_208	COG0724	223796	3.93e-13	29.762	RRM	RNA recognition motif (RRM) domain	J	Translation, ribosomal structure and biogenesis
NODE_1_length_202982_cov_5.335484_210	COG0724	223796	1.3e-11	36.0	RRM	RNA recognition motif (RRM) domain	J	Translation, ribosomal structure and biogenesis
NODE_1_length_202982_cov_5.335484_212	COG0513	223587	2.06e-162	48.677	SrmB	Superfamily II DNA and RNA helicase	L	Replication, recombination and repair
NODE_1_length_202982_cov_5.335484_213	COG3239	225779	8.36e-34	22.403	DesA	Fatty acid desaturase	I	Lipid transport and metabolism
NODE_1_length_202982_cov_5.335484_214	COG0568	223642	3.16e-77	40.647	RpoD	DNA-directed RNA polymerase, sigma subunit (sigma70/sigma32)	K	Transcription
NODE_2_length_172054_cov_5.594832_5	COG1216	224137	5.93e-44	27.0	WcaE	Glycosyltransferase, GT2 family	G	Carbohydrate transport and metabolism
NODE_2_length_172054_cov_5.594832_7	COG0562	223636	0.0	52.279	Glf	UDP-galactopyranose mutase	M	Cell wall/membrane/envelope biogenesis
NODE_2_length_172054_cov_5.594832_8	COG1703	224617	2.75e-100	47.773	ArgK	GTPase of the G3E family (not a periplasmic protein kinase)	O	Posttranslational modification, protein turnover, chaperones
NODE_2_length_172054_cov_5.594832_10	COG0438	223515	8.36e-38	22.581	RfaB	Glycosyltransferase involved in cell wall bisynthesis	M	Cell wall/membrane/envelope biogenesis
NODE_2_length_172054_cov_5.594832_11	COG0463	223539	5.96e-17	16.423	WcaA	Glycosyltransferase involved in cell wall bisynthesis	M	Cell wall/membrane/envelope biogenesis
NODE_2_length_172054_cov_5.594832_12	COG1521	224438	7.16e-35	29.839	CoaX	Pantothenate kinase type III	H	Coenzyme transport and metabolism
NODE_2_length_172054_cov_5.594832_13	COG2067	224978	1.16e-09	18.807	FadL	Long-chain fatty acid transport protein	I	Lipid transport and metabolism
NODE_2_length_172054_cov_5.594832_15	COG0122	223200	1.32e-52	41.667	AlkA	3-methyladenine DNA glycosylase/8-oxoguanine DNA glycosylase	L	Replication, recombination and repair
NODE_2_length_172054_cov_5.594832_16	COG4121	226606	3.91e-13	25.683	MnmC	tRNA U34 5-methylaminomethyl-2-thiouridine-forming methyltransferase MnmC	J	Translation, ribosomal structure and biogenesis
NODE_2_length_172054_cov_5.594832_17	COG0215	223293	0.0	45.142	CysS	Cysteinyl-tRNA synthetase	J	Translation, ribosomal structure and biogenesis
NODE_2_length_172054_cov_5.594832_18	COG3568	226098	1.32e-14	21.236	ElsH	Metal-dependent hydrolase, endonuclease/exonuclease/phosphatase family	R	General function prediction only
NODE_2_length_172054_cov_5.594832_19	COG0705	223777	4.01e-21	22.439	GlpG	Membrane-associated serine protease, rhomboid family	O	Posttranslational modification, protein turnover, chaperones
NODE_2_length_172054_cov_5.594832_20	COG0705	223777	7e-26	30.702	GlpG	Membrane-associated serine protease, rhomboid family	O	Posttranslational modification, protein turnover, chaperones
NODE_2_length_172054_cov_5.594832_21	COG2265	225174	7.9e-133	37.281	TrmA	tRNA/tmRNA/rRNA uracil-C5-methylase, TrmA/RlmC/RlmD family	J	Translation, ribosomal structure and biogenesis
NODE_2_length_172054_cov_5.594832_23	COG0760	223831	4.67e-08	25.984	SurA	Peptidyl-prolyl isomerase, parvulin family	O	Posttranslational modification, protein turnover, chaperones
NODE_2_length_172054_cov_5.594832_24	COG0685	223757	4.38e-55	30.892	MetF	5,10-methylenetetrahydrofolate reductase	E	Amino acid transport and metabolism
NODE_2_length_172054_cov_5.594832_25	COG1649	224563	8.32e-72	30.713	YddW	Uncharacterized lipoprotein YddW, UPF0748 family	S	Function unknown
NODE_2_length_172054_cov_5.594832_26	COG1752	224666	9.26e-45	42.632	RssA	Predicted acylesterase/phospholipase RssA, containd patatin domain	R	General function prediction only
NODE_2_length_172054_cov_5.594832_27	COG1368	224287	5.84e-20	20.767	MdoB	Phosphoglycerol transferase MdoB/OpgB, AlkP superfamily	M	Cell wall/membrane/envelope biogenesis
NODE_2_length_172054_cov_5.594832_28	COG4251	226702	4.63e-58	34.375		Bacteriophytochrome (light-regulated signal transduction histidine kinase)	T	Signal transduction mechanisms
NODE_2_length_172054_cov_5.594832_29	COG3706	226229	1.18e-05	31.579	PleD	Two-component response regulator, PleD family, consists of two REC domains and a diguanylate cyclase (GGDEF) domain	T	Signal transduction mechanisms
NODE_2_length_172054_cov_5.594832_30	COG2204	225114	2.51e-07	28.986	AtoC	DNA-binding transcriptional response regulator, NtrC family, contains REC, AAA-type ATPase, and a Fis-type DNA-binding domains	T	Signal transduction mechanisms
NODE_2_length_172054_cov_5.594832_31	COG4251	226702	2.82e-05	29.851		Bacteriophytochrome (light-regulated signal transduction histidine kinase)	T	Signal transduction mechanisms
NODE_2_length_172054_cov_5.594832_32	COG4251	226702	1.6e-07	44.186		Bacteriophytochrome (light-regulated signal transduction histidine kinase)	T	Signal transduction mechanisms
NODE_2_length_172054_cov_5.594832_33	COG3829	226350	1.87e-07	29.487	RocR	RocR-type transcriptional regulator, contains PAS, AAA-type ATPase, and DNA-binding Fis domains	K	Transcription
NODE_2_length_172054_cov_5.594832_36	COG3839	226359	4.24e-64	31.176	MalK	ABC-type sugar transport system, ATPase component MalK	G	Carbohydrate transport and metabolism
NODE_2_length_172054_cov_5.594832_40	COG2220	225130	7.97e-15	39.706	UlaG	L-ascorbate lactonase UlaG, metallo-beta-lactamase superfamily	G	Carbohydrate transport and metabolism
NODE_2_length_172054_cov_5.594832_41	COG2220	225130	2.86e-32	29.592	UlaG	L-ascorbate lactonase UlaG, metallo-beta-lactamase superfamily	G	Carbohydrate transport and metabolism
NODE_2_length_172054_cov_5.594832_43	COG0628	223701	1.76e-33	25.989	PerM	Predicted PurR-regulated permease PerM	R	General function prediction only
NODE_2_length_172054_cov_5.594832_44	COG0308	223385	4.13e-71	22.136	PepN	Aminopeptidase N, contains DUF3458 domain	E	Amino acid transport and metabolism
NODE_2_length_172054_cov_5.594832_45	COG1235	224156	1.15e-31	27.863	PhnP	Phosphoribosyl 1,2-cyclic phosphate phosphodiesterase	P	Inorganic ion transport and metabolism
NODE_2_length_172054_cov_5.594832_46	COG2940	225491	0.002	25.0	SET	SET domain-containing protein (function unknown)	R	General function prediction only
NODE_2_length_172054_cov_5.594832_50	COG1409	224327	6.8e-07	18.497	CpdA	3',5'-cyclic AMP phosphodiesterase CpdA	T	Signal transduction mechanisms
NODE_2_length_172054_cov_5.594832_51	COG1853	224766	4.16e-29	26.667	RutF	FMN reductase RutF, DIM6/NTAB family	C	Energy production and conversion
NODE_2_length_172054_cov_5.594832_52	COG1661	224575	2.53e-32	32.836	AF0104	Predicted DNA-binding protein with PD1-like DNA-binding motif, PPC/DUF296 domain	R	General function prediction only
NODE_2_length_172054_cov_5.594832_54	COG3695	226219	2.71e-22	34.653	Atl1	Alkylated DNA nucleotide flippase Atl1, participates in nucleotide excision repair, Ada-like DNA-binding domain	K	Transcription
NODE_2_length_172054_cov_5.594832_56	COG0220	223298	5.65e-41	29.843	TrmB	tRNA G46 N7-methylase TrmB	J	Translation, ribosomal structure and biogenesis
NODE_2_length_172054_cov_5.594832_57	COG3000	225546	1e-08	20.787	ERG3	Sterol desaturase/sphingolipid hydroxylase, fatty acid hydroxylase superfamily	I	Lipid transport and metabolism
NODE_2_length_172054_cov_5.594832_58	COG1028	223959	3.65e-66	38.247	FabG	NAD(P)-dependent dehydrogenase, short-chain alcohol dehydrogenase family	I	Lipid transport and metabolism
NODE_2_length_172054_cov_5.594832_59	COG2723	225343	5.36e-20	23.881	BglB	Beta-glucosidase/6-phospho-beta-glucosidase/beta-galactosidase	G	Carbohydrate transport and metabolism
NODE_2_length_172054_cov_5.594832_64	COG1013	223945	3.23e-86	41.546	PorB	Pyruvate:ferredoxin oxidoreductase or related 2-oxoacid:ferredoxin oxidoreductase, beta subunit	C	Energy production and conversion
NODE_2_length_172054_cov_5.594832_65	COG0599	223672	5.94e-16	34.722	YurZ	Uncharacterized conserved protein YurZ, alkylhydroperoxidase/carboxymuconolactone decarboxylase family	R	General function prediction only
NODE_2_length_172054_cov_5.594832_67	COG0362	223439	0.0	48.712	Gnd	6-phosphogluconate dehydrogenase	G	Carbohydrate transport and metabolism
NODE_2_length_172054_cov_5.594832_68	COG0364	223441	0.0	50.305	Zwf	Glucose-6-phosphate 1-dehydrogenase	G	Carbohydrate transport and metabolism
NODE_2_length_172054_cov_5.594832_69	COG0397	223474	7.7e-178	39.596	SelO	Protein adenylyltransferase (AMPylase) SelO/YdiU (selenoprotein O)	O	Posttranslational modification, protein turnover, chaperones
NODE_2_length_172054_cov_5.594832_70	COG0860	223929	5.71e-47	28.638	AmiC	N-acetylmuramoyl-L-alanine amidase	M	Cell wall/membrane/envelope biogenesis
NODE_2_length_172054_cov_5.594832_72	COG1960	224871	2.45e-109	39.599	CaiA	Acyl-CoA dehydrogenase related to the alkylation response protein AidB	I	Lipid transport and metabolism
NODE_2_length_172054_cov_5.594832_73	COG1846	224759	9.4e-19	31.538	MarR	DNA-binding transcriptional regulator, MarR family	K	Transcription
NODE_2_length_172054_cov_5.594832_74	COG1215	224136	9.29e-24	23.565	BcsA	Glycosyltransferase, catalytic subunit of cellulose synthase and poly-beta-1,6-N-acetylglucosamine synthase	N	Cell motility
NODE_2_length_172054_cov_5.594832_75	COG1173	224094	4.89e-96	48.617	DppC	ABC-type dipeptide/oligopeptide/nickel transport system, permease component	E	Amino acid transport and metabolism
NODE_2_length_172054_cov_5.594832_76	COG3307	225844	1.49e-05	20.0	RfaL	O-antigen ligase	M	Cell wall/membrane/envelope biogenesis
NODE_2_length_172054_cov_5.594832_78	COG2244	225153	0.000317	21.381	RfbX	Membrane protein involved in the export of O-antigen and teichoic acid	M	Cell wall/membrane/envelope biogenesis
NODE_2_length_172054_cov_5.594832_79	COG3291	225828	5.25e-08	25.668		Uncharacterized conserved protein, PKD repeat domain	S	Function unknown
NODE_2_length_172054_cov_5.594832_81	COG1999	224910	1.06e-29	28.23	Sco1	Cytochrome oxidase Cu insertion factor, SCO1/SenC/PrrC family	O	Posttranslational modification, protein turnover, chaperones
NODE_2_length_172054_cov_5.594832_82	COG0735	223806	4.13e-19	23.776	Fur	Fe2+ or Zn2+ uptake regulation protein Fur/Zur	P	Inorganic ion transport and metabolism
NODE_2_length_172054_cov_5.594832_83	COG1164	224086	4.08e-68	28.082	PepF	Oligoendopeptidase F	E	Amino acid transport and metabolism
NODE_2_length_172054_cov_5.594832_84	COG0339	223416	0.003	25.373	Dcp	Zn-dependent oligopeptidase, M3 family	O	Posttranslational modification, protein turnover, chaperones
NODE_2_length_172054_cov_5.594832_87	COG0653	223726	0.009	35.385	SecA	Preprotein translocase subunit SecA (ATPase, RNA helicase)	U	Intracellular trafficking, secretion, and vesicular transport
NODE_2_length_172054_cov_5.594832_90	COG0272	223350	0.0	48.876	Lig	NAD-dependent DNA ligase	L	Replication, recombination and repair
NODE_2_length_172054_cov_5.594832_91	COG0296	223373	4.25e-39	22.79	GlgB	1,4-alpha-glucan branching enzyme	G	Carbohydrate transport and metabolism
NODE_2_length_172054_cov_5.594832_92	COG4111	226596	5.1e-15	36.782		Uncharacterized conserved protein	S	Function unknown
NODE_2_length_172054_cov_5.594832_93	COG1629	224544	3.13e-16	14.678	CirA	Outer membrane receptor protein, Fe transport	P	Inorganic ion transport and metabolism
NODE_2_length_172054_cov_5.594832_96	COG2316	225198	3.52e-30	29.348		Predicted hydrolase, HD superfamily	R	General function prediction only
NODE_2_length_172054_cov_5.594832_100	COG0726	223798	8.08e-12	18.478	CDA1	Peptidoglycan/xylan/chitin deacetylase, PgdA/NodB/CDA1 family	G	Carbohydrate transport and metabolism
NODE_2_length_172054_cov_5.594832_104	COG0367	223444	0.0	37.321	AsnB	Asparagine synthetase B (glutamine-hydrolyzing)	E	Amino acid transport and metabolism
NODE_2_length_172054_cov_5.594832_107	COG0628	223701	1.87e-33	28.655	PerM	Predicted PurR-regulated permease PerM	R	General function prediction only
NODE_2_length_172054_cov_5.594832_108	COG5285	227609	6.37e-07	19.249	PhyH	Ectoine hydroxylase-related dioxygenase, phytanoyl-CoA dioxygenase (PhyH) family	Q	Secondary metabolites biosynthesis, transport and catabolism
NODE_2_length_172054_cov_5.594832_110	COG0194	223272	2.33e-67	43.548	Gmk	Guanylate kinase	F	Nucleotide transport and metabolism
NODE_2_length_172054_cov_5.594832_112	COG2207	225117	2.6e-08	29.114	AraC	AraC-type DNA-binding domain and AraC-containing proteins	K	Transcription
NODE_2_length_172054_cov_5.594832_113	COG1629	224544	6.98e-14	14.638	CirA	Outer membrane receptor protein, Fe transport	P	Inorganic ion transport and metabolism
NODE_2_length_172054_cov_5.594832_115	COG0778	223849	1.76e-27	25.837	NfnB	Nitroreductase	C	Energy production and conversion
NODE_2_length_172054_cov_5.594832_116	COG0536	223610	3.89e-135	48.494	Obg	GTPase involved in cell partioning and DNA repair	D	Cell cycle control, cell division, chromosome partitioning
NODE_2_length_172054_cov_5.594832_118	COG0688	223760	4.98e-45	39.344	Psd	Phosphatidylserine decarboxylase	I	Lipid transport and metabolism
NODE_2_length_172054_cov_5.594832_119	COG1011	223943	7.32e-36	33.476	YigB	FMN and 5-amino-6-(5-phospho-D-ribitylamino)uracil phosphatase YigB, HAD superfamily (riboflavin biosynthesis)	H	Coenzyme transport and metabolism
NODE_2_length_172054_cov_5.594832_120	COG0300	223377	1.92e-60	34.545	YqjQ	Short-chain dehydrogenase	R	General function prediction only
NODE_2_length_172054_cov_5.594832_121	COG0745	223816	4.12e-77	40.0	OmpR	DNA-binding response regulator, OmpR family, contains REC and winged-helix (wHTH) domain	T	Signal transduction mechanisms
NODE_2_length_172054_cov_5.594832_122	COG2205	225115	1.32e-39	34.247	KdpD	K+-sensing histidine kinase KdpD	T	Signal transduction mechanisms
NODE_2_length_172054_cov_5.594832_124	COG1561	224477	2.07e-65	36.644	YicC	Uncharacterized stationary-phase protein YicC, UPF0701 family	S	Function unknown
NODE_2_length_172054_cov_5.594832_125	COG3063	225605	1.02e-10	32.407	PilF	Type IV pilus assembly protein PilF/PilW	N	Cell motility
NODE_2_length_172054_cov_5.594832_126	COG2062	224973	1.15e-37	34.307	SixA	Phosphohistidine phosphatase SixA	T	Signal transduction mechanisms
NODE_2_length_172054_cov_5.594832_127	COG2201	225111	2.41e-05	22.857	CheB	Chemotaxis response regulator CheB, contains REC and protein-glutamate methylesterase domains	T	Signal transduction mechanisms
NODE_2_length_172054_cov_5.594832_128	COG0034	223112	8.48e-51	25.327	PurF	Glutamine phosphoribosylpyrophosphate amidotransferase	F	Nucleotide transport and metabolism
NODE_2_length_172054_cov_5.594832_129	COG4585	226951	3.81e-51	33.186	ComP	Signal transduction histidine kinase ComP	T	Signal transduction mechanisms
NODE_2_length_172054_cov_5.594832_130	COG0760	223831	2.77e-17	23.723	SurA	Peptidyl-prolyl isomerase, parvulin family	O	Posttranslational modification, protein turnover, chaperones
NODE_2_length_172054_cov_5.594832_131	COG0532	223606	0.0	56.92	InfB	Translation initiation factor IF-2, a GTPase	J	Translation, ribosomal structure and biogenesis
NODE_2_length_172054_cov_5.594832_132	COG0195	223273	1.43e-47	48.066	NusA	Transcription antitermination factor NusA, contains S1 and KH domains	K	Transcription
NODE_2_length_172054_cov_5.594832_133	COG0779	223850	6.7e-15	24.074	RimP	Ribosome maturation factor RimP	J	Translation, ribosomal structure and biogenesis
NODE_2_length_172054_cov_5.594832_135	COG3103	225645	1.04e-06	29.63	YgiM	Uncharacterized conserved protein YgiM, contains N-terminal SH3 domain, DUF1202 family	R	General function prediction only
NODE_2_length_172054_cov_5.594832_136	COG2823	225379	0.004	26.027	OsmY	Osmotically-inducible protein OsmY, contains BON domain	M	Cell wall/membrane/envelope biogenesis
NODE_2_length_172054_cov_5.594832_148	COG0456	223532	1.11e-09	26.744	RimI	Ribosomal protein S18 acetylase RimI and related acetyltransferases	J	Translation, ribosomal structure and biogenesis
NODE_2_length_172054_cov_5.594832_149	COG2146	225057	2.71e-20	30.189	NirD	Ferredoxin subunit of nitrite reductase or a ring-hydroxylating dioxygenase	P	Inorganic ion transport and metabolism
NODE_2_length_172054_cov_5.594832_150	COG2262	225171	6.38e-131	47.899	HflX	50S ribosomal subunit-associated GTPase HflX	J	Translation, ribosomal structure and biogenesis
NODE_2_length_172054_cov_5.594832_152	COG5267	227592	3.08e-51	22.844		Uncharacterized conserved protein, DUF1800 family	S	Function unknown
NODE_2_length_172054_cov_5.594832_153	COG4102	226587	8.76e-54	30.526		Uncharacterized conserved protein, DUF1501 family	S	Function unknown
NODE_2_length_172054_cov_5.594832_154	COG4251	226702	1.41e-45	35.27		Bacteriophytochrome (light-regulated signal transduction histidine kinase)	T	Signal transduction mechanisms
NODE_2_length_172054_cov_5.594832_157	COG0136	223214	1.16e-151	51.343	Asd	Aspartate-semialdehyde dehydrogenase	E	Amino acid transport and metabolism
NODE_2_length_172054_cov_5.594832_158	COG0524	223598	1.5e-25	23.926	RbsK	Sugar or nucleoside kinase, ribokinase family	G	Carbohydrate transport and metabolism
NODE_2_length_172054_cov_5.594832_163	COG2197	225107	2.51e-57	33.659	CitB	DNA-binding response regulator, NarL/FixJ family, contains REC and HTH domains	T	Signal transduction mechanisms
NODE_2_length_172054_cov_5.594832_164	COG4585	226951	1.82e-34	26.582	ComP	Signal transduction histidine kinase ComP	T	Signal transduction mechanisms
NODE_2_length_172054_cov_5.594832_165	COG3292	225829	1.16e-12	18.857		Periplasmic ligand-binding sensor domain	T	Signal transduction mechanisms
NODE_2_length_172054_cov_5.594832_166	COG1018	223949	4.09e-58	27.211	Fpr	Flavodoxin/ferredoxin--NADP reductase	C	Energy production and conversion
NODE_2_length_172054_cov_5.594832_167	COG3396	225931	2.37e-125	45.113	YdbO	1,2-phenylacetyl-CoA epoxidase, catalytic subunit	Q	Secondary metabolites biosynthesis, transport and catabolism
NODE_2_length_172054_cov_5.594832_169	COG3460	225991	3.03e-44	57.009	PaaB	1,2-phenylacetyl-CoA epoxidase, PaaB subunit	Q	Secondary metabolites biosynthesis, transport and catabolism
NODE_2_length_172054_cov_5.594832_170	COG3396	225931	6.55e-62	35.448	YdbO	1,2-phenylacetyl-CoA epoxidase, catalytic subunit	Q	Secondary metabolites biosynthesis, transport and catabolism
NODE_2_length_172054_cov_5.594832_171	COG2151	225062	1.24e-26	35.354	PaaD	Metal-sulfur cluster biosynthetic enzyme	O	Posttranslational modification, protein turnover, chaperones
NODE_2_length_172054_cov_5.594832_172	COG1024	223955	2.44e-67	40.234	CaiD	Enoyl-CoA hydratase/carnithine racemase	I	Lipid transport and metabolism
NODE_2_length_172054_cov_5.594832_173	COG0520	223594	3.59e-49	22.906	CsdA	Selenocysteine lyase/Cysteine desulfurase	E	Amino acid transport and metabolism
NODE_2_length_172054_cov_5.594832_175	COG2050	224961	3.3e-30	33.824	PaaI	Acyl-CoA thioesterase PaaI, contains HGG motif	Q	Secondary metabolites biosynthesis, transport and catabolism
NODE_2_length_172054_cov_5.594832_176	COG1770	224684	2.92e-17	44.444	PtrB	Protease II	E	Amino acid transport and metabolism
NODE_2_length_172054_cov_5.594832_179	COG1770	224684	0.0	46.609	PtrB	Protease II	E	Amino acid transport and metabolism
NODE_2_length_172054_cov_5.594832_180	COG0663	223735	5.72e-67	42.857	PaaY	Carbonic anhydrase or acetyltransferase, isoleucine patch superfamily	R	General function prediction only
NODE_2_length_172054_cov_5.594832_182	COG0156	223234	1.32e-167	43.49	BioF	7-keto-8-aminopelargonate synthetase or related enzyme	H	Coenzyme transport and metabolism
NODE_2_length_172054_cov_5.594832_183	COG3727	226250	4.26e-25	51.667	Vsr	G:T-mismatch repair DNA endonuclease Vsr, very short patch repair protein	L	Replication, recombination and repair
NODE_3_length_127988_cov_5.710841_1	COG0542	223616	0.0	49.574	ClpA	ATP-dependent Clp protease, ATP-binding subunit ClpA	O	Posttranslational modification, protein turnover, chaperones
NODE_3_length_127988_cov_5.710841_2	COG1366	224285	1.75e-06	22.321	SpoIIAA	Anti-anti-sigma regulatory factor (antagonist of anti-sigma factor)	T	Signal transduction mechanisms
NODE_3_length_127988_cov_5.710841_4	COG3001	225547	6.24e-07	32.432	FN3K	Fructosamine-3-kinase	G	Carbohydrate transport and metabolism
NODE_3_length_127988_cov_5.710841_5	COG1234	224155	2.35e-75	29.801	ElaC	Ribonuclease BN, tRNA processing enzyme	J	Translation, ribosomal structure and biogenesis
NODE_3_length_127988_cov_5.710841_6	COG5278	227603	0.001	31.915	CHASE3	Extracytoplasmic sensor domain CHASE3 (specificity unknown)	T	Signal transduction mechanisms
NODE_3_length_127988_cov_5.710841_8	COG4251	226702	1.93e-31	32.292		Bacteriophytochrome (light-regulated signal transduction histidine kinase)	T	Signal transduction mechanisms
NODE_3_length_127988_cov_5.710841_9	COG2819	225375	6.47e-42	26.172	YbbA	Predicted hydrolase of the alpha/beta superfamily	R	General function prediction only
NODE_3_length_127988_cov_5.710841_10	COG0329	223406	2.31e-97	46.181	DapA	4-hydroxy-tetrahydrodipicolinate synthase/N-acetylneuraminate lyase	E	Amino acid transport and metabolism
NODE_3_length_127988_cov_5.710841_11	COG0825	223895	9.04e-178	57.962	AccA	Acetyl-CoA carboxylase alpha subunit	I	Lipid transport and metabolism
NODE_3_length_127988_cov_5.710841_12	COG2825	225381	8.38e-07	23.288	HlpA	Periplasmic chaperone for outer membrane proteins, Skp family	M	Cell wall/membrane/envelope biogenesis
NODE_3_length_127988_cov_5.710841_13	COG0531	223605	2.27e-46	30.55	PotE	Serine transporter YbeC, amino acid:H+ symporter family	E	Amino acid transport and metabolism
NODE_3_length_127988_cov_5.710841_14	COG2870	225425	5.81e-87	38.245	RfaE	ADP-heptose synthase, bifunctional sugar kinase/adenylyltransferase	M	Cell wall/membrane/envelope biogenesis
NODE_3_length_127988_cov_5.710841_15	COG1446	224363	2.32e-53	44.848	IaaA	Isoaspartyl peptidase or L-asparaginase, Ntn-hydrolase superfamily	E	Amino acid transport and metabolism
NODE_3_length_127988_cov_5.710841_16	COG1446	224363	1.76e-11	46.512	IaaA	Isoaspartyl peptidase or L-asparaginase, Ntn-hydrolase superfamily	E	Amino acid transport and metabolism
NODE_3_length_127988_cov_5.710841_18	COG1211	224132	2.85e-64	37.778	IspD	2-C-methyl-D-erythritol 4-phosphate cytidylyltransferase	I	Lipid transport and metabolism
NODE_3_length_127988_cov_5.710841_21	COG2234	225143	0.000183	23.457	Iap	Zn-dependent amino- or carboxypeptidase, M28 family	O	Posttranslational modification, protein turnover, chaperones
NODE_3_length_127988_cov_5.710841_23	COG0204	223282	1.98e-28	24.786	PlsC	1-acyl-sn-glycerol-3-phosphate acyltransferase	I	Lipid transport and metabolism
NODE_3_length_127988_cov_5.710841_26	COG0621	223694	4.52e-135	34.824	MiaB	tRNA A37 methylthiotransferase MiaB	J	Translation, ribosomal structure and biogenesis
NODE_3_length_127988_cov_5.710841_28	COG2127	225038	0.000423	23.944	ClpS	ATP-dependent Clp protease adapter protein ClpS	O	Posttranslational modification, protein turnover, chaperones
NODE_3_length_127988_cov_5.710841_29	COG1282	224201	3.27e-173	45.912	PntB	NAD/NADP transhydrogenase beta subunit	C	Energy production and conversion
NODE_3_length_127988_cov_5.710841_30	COG3288	225826	1.59e-22	30.303	PntA	NAD/NADP transhydrogenase alpha subunit	C	Energy production and conversion
NODE_3_length_127988_cov_5.710841_31	COG3288	225826	7.69e-143	47.091	PntA	NAD/NADP transhydrogenase alpha subunit	C	Energy production and conversion
NODE_3_length_127988_cov_5.710841_32	COG4122	226607	3.28e-16	29.134	TrmR	tRNA 5-hydroxyU34 O-methylase TrmR/YrrM	J	Translation, ribosomal structure and biogenesis
NODE_3_length_127988_cov_5.710841_33	COG0262	223340	7.77e-57	43.452	FolA	Dihydrofolate reductase	H	Coenzyme transport and metabolism
NODE_3_length_127988_cov_5.710841_34	COG0207	223285	4.76e-169	69.925	ThyA	Thymidylate synthase	F	Nucleotide transport and metabolism
NODE_3_length_127988_cov_5.710841_35	COG0506	223580	5.46e-10	27.215	PutA	Proline dehydrogenase	E	Amino acid transport and metabolism
NODE_3_length_127988_cov_5.710841_36	COG1607	224523	6.51e-55	42.105	YciA	Acyl-CoA hydrolase	I	Lipid transport and metabolism
NODE_3_length_127988_cov_5.710841_37	COG0204	223282	8.99e-13	18.75	PlsC	1-acyl-sn-glycerol-3-phosphate acyltransferase	I	Lipid transport and metabolism
NODE_3_length_127988_cov_5.710841_38	COG2968	225516	2.91e-14	23.361	YggE	Uncharacterized conserved protein YggE, contains kinase-interacting SIMPL domain	S	Function unknown
NODE_3_length_127988_cov_5.710841_39	COG0539	223613	7.42e-161	41.23	RpsA	Ribosomal protein S1	J	Translation, ribosomal structure and biogenesis
NODE_3_length_127988_cov_5.710841_42	COG2081	224992	4.92e-129	35.507	YhiN	Predicted flavoprotein YhiN	R	General function prediction only
NODE_3_length_127988_cov_5.710841_43	COG0024	223103	5.32e-108	49.6	Map	Methionine aminopeptidase	J	Translation, ribosomal structure and biogenesis
NODE_3_length_127988_cov_5.710841_44	COG0201	223279	1.15e-130	41.176	SecY	Preprotein translocase subunit SecY	U	Intracellular trafficking, secretion, and vesicular transport
NODE_3_length_127988_cov_5.710841_45	COG0200	223278	5.64e-36	45.098	RplO	Ribosomal protein L15	J	Translation, ribosomal structure and biogenesis
NODE_3_length_127988_cov_5.710841_46	COG1841	224754	6.64e-19	50.909	RpmD	Ribosomal protein L30/L7E	J	Translation, ribosomal structure and biogenesis
NODE_3_length_127988_cov_5.710841_47	COG0098	223176	2.54e-65	64.706	RpsE	Ribosomal protein S5	J	Translation, ribosomal structure and biogenesis
NODE_3_length_127988_cov_5.710841_48	COG0256	223334	1.44e-41	50.0	RplR	Ribosomal protein L18	J	Translation, ribosomal structure and biogenesis
NODE_3_length_127988_cov_5.710841_49	COG0097	223175	2.82e-75	53.714	RplF	Ribosomal protein L6P/L9E	J	Translation, ribosomal structure and biogenesis
NODE_3_length_127988_cov_5.710841_50	COG0096	223174	6.95e-62	50.0	RpsH	Ribosomal protein S8	J	Translation, ribosomal structure and biogenesis
NODE_3_length_127988_cov_5.710841_51	COG0199	223277	9.64e-21	51.786	RpsN	Ribosomal protein S14	J	Translation, ribosomal structure and biogenesis
NODE_3_length_127988_cov_5.710841_52	COG0094	223172	5.59e-98	60.674	RplE	Ribosomal protein L5	J	Translation, ribosomal structure and biogenesis
NODE_3_length_127988_cov_5.710841_53	COG0198	223276	1.3e-18	51.402	RplX	Ribosomal protein L24	J	Translation, ribosomal structure and biogenesis
NODE_3_length_127988_cov_5.710841_54	COG0093	223171	4.06e-69	72.951	RplN	Ribosomal protein L14	J	Translation, ribosomal structure and biogenesis
NODE_3_length_127988_cov_5.710841_55	COG0186	223264	1.19e-33	60.976	RpsQ	Ribosomal protein S17	J	Translation, ribosomal structure and biogenesis
NODE_3_length_127988_cov_5.710841_56	COG0255	223333	8.32e-07	35.484	RpmC	Ribosomal protein L29	J	Translation, ribosomal structure and biogenesis
NODE_3_length_127988_cov_5.710841_57	COG0197	223275	6.3e-72	60.993	RplP	Ribosomal protein L16/L10AE	J	Translation, ribosomal structure and biogenesis
NODE_3_length_127988_cov_5.710841_58	COG0092	223170	3.56e-88	50.218	RpsC	Ribosomal protein S3	J	Translation, ribosomal structure and biogenesis
NODE_3_length_127988_cov_5.710841_59	COG0091	223169	4.55e-34	47.222	RplV	Ribosomal protein L22	J	Translation, ribosomal structure and biogenesis
NODE_3_length_127988_cov_5.710841_60	COG0185	223263	1.83e-45	62.5	RpsS	Ribosomal protein S19	J	Translation, ribosomal structure and biogenesis
NODE_3_length_127988_cov_5.710841_61	COG0090	223168	1.51e-127	51.636	RplB	Ribosomal protein L2	J	Translation, ribosomal structure and biogenesis
NODE_3_length_127988_cov_5.710841_62	COG0089	223167	1.65e-24	43.011	RplW	Ribosomal protein L23	J	Translation, ribosomal structure and biogenesis
NODE_3_length_127988_cov_5.710841_63	COG0088	223166	4.22e-66	39.904	RplD	Ribosomal protein L4	J	Translation, ribosomal structure and biogenesis
NODE_3_length_127988_cov_5.710841_64	COG0087	223165	1.27e-87	50.718	RplC	Ribosomal protein L3	J	Translation, ribosomal structure and biogenesis
NODE_3_length_127988_cov_5.710841_65	COG0051	223129	6.49e-49	58.416	RpsJ	Ribosomal protein S10	J	Translation, ribosomal structure and biogenesis
NODE_3_length_127988_cov_5.710841_67	COG0480	223556	0.0	55.619	FusA	Translation elongation factor EF-G, a GTPase	J	Translation, ribosomal structure and biogenesis
NODE_3_length_127988_cov_5.710841_69	COG0049	223127	6.03e-70	47.973	RpsG	Ribosomal protein S7	J	Translation, ribosomal structure and biogenesis
NODE_3_length_127988_cov_5.710841_70	COG0048	223126	1.99e-70	75.61	RpsL	Ribosomal protein S12	J	Translation, ribosomal structure and biogenesis
NODE_3_length_127988_cov_5.710841_71	COG0115	223193	1.15e-67	33.77	IlvE	Branched-chain amino acid aminotransferase/4-amino-4-deoxychorismate lyase	E	Amino acid transport and metabolism
NODE_3_length_127988_cov_5.710841_73	COG0127	223205	7.89e-78	44.737	RdgB	Inosine/xanthosine triphosphate pyrophosphatase, all-alpha NTP-PPase family	F	Nucleotide transport and metabolism
NODE_3_length_127988_cov_5.710841_74	COG1595	224511	1.42e-40	29.944	RpoE	DNA-directed RNA polymerase specialized sigma subunit, sigma24 family	K	Transcription
NODE_3_length_127988_cov_5.710841_76	COG0824	223894	1.13e-17	25.926	FadM	Acyl-CoA thioesterase FadM	I	Lipid transport and metabolism
NODE_3_length_127988_cov_5.710841_77	COG0169	223247	1.41e-66	33.716	AroE	Shikimate 5-dehydrogenase	E	Amino acid transport and metabolism
NODE_3_length_127988_cov_5.710841_78	COG1809	224722	1.23e-81	42.913	ComA	Phosphosulfolactate synthase, CoM biosynthesis protein A	H	Coenzyme transport and metabolism
NODE_3_length_127988_cov_5.710841_79	COG0457	223533	5.25e-08	26.0	TPR	Tetratricopeptide (TPR) repeat	R	General function prediction only
NODE_3_length_127988_cov_5.710841_82	COG0706	223778	2.58e-54	31.138	YidC	Membrane protein insertase Oxa1/YidC/SpoIIIJ	M	Cell wall/membrane/envelope biogenesis
NODE_3_length_127988_cov_5.710841_83	COG0504	223578	0.0	61.236	PyrG	CTP synthase (UTP-ammonia lyase)	F	Nucleotide transport and metabolism
NODE_3_length_127988_cov_5.710841_84	COG0046	223124	0.0	46.122	PurL1	Phosphoribosylformylglycinamidine (FGAM) synthase, synthetase domain	F	Nucleotide transport and metabolism
NODE_3_length_127988_cov_5.710841_86	COG3968	226477	0.0	49.025	GlnA3	Glutamine synthetase type III	E	Amino acid transport and metabolism
NODE_3_length_127988_cov_5.710841_87	COG0724	223796	7.17e-17	43.902	RRM	RNA recognition motif (RRM) domain	J	Translation, ribosomal structure and biogenesis
NODE_3_length_127988_cov_5.710841_88	COG3239	225779	1.41e-23	19.322	DesA	Fatty acid desaturase	I	Lipid transport and metabolism
NODE_3_length_127988_cov_5.710841_91	COG4591	226957	2.3e-45	25.926	LolE	ABC-type transport system involved in lipoprotein release, permease component LolC	M	Cell wall/membrane/envelope biogenesis
NODE_3_length_127988_cov_5.710841_92	COG0566	223640	1.01e-54	29.752	SpoU	tRNA G18 (ribose-2'-O)-methylase SpoU	J	Translation, ribosomal structure and biogenesis
NODE_3_length_127988_cov_5.710841_93	COG4775	227116	1.07e-18	19.225	BamA	Outer membrane protein assembly factor BamA	M	Cell wall/membrane/envelope biogenesis
NODE_3_length_127988_cov_5.710841_94	COG0130	223208	4.57e-67	38.14	TruB	tRNA U55 pseudouridine synthase TruB, may also work on U342 of tmRNA	J	Translation, ribosomal structure and biogenesis
NODE_3_length_127988_cov_5.710841_96	COG1721	224635	2.49e-47	24.096	YeaD2	Uncharacterized conserved protein, DUF58 family, contains vWF domain	S	Function unknown
NODE_3_length_127988_cov_5.710841_97	COG0714	223786	4.82e-100	42.202	MoxR	MoxR-like ATPase	R	General function prediction only
NODE_3_length_127988_cov_5.710841_100	COG1300	224219	6.83e-16	29.167	SpoIIM	Stage II sporulation protein SpoIIM, component of the engulfment complex	D	Cell cycle control, cell division, chromosome partitioning
NODE_3_length_127988_cov_5.710841_101	COG1714	224628	2.48e-10	22.159	YckC	Uncharacterized membrane protein YckC, RDD family	S	Function unknown
NODE_3_length_127988_cov_5.710841_103	COG3071	225613	0.000194	18.519	HemYx	Uncharacterized protein HemY, contains HemY_N domain and TPR repeats (unrelated to protoporphyrinogen oxidase HemY)	S	Function unknown
NODE_3_length_127988_cov_5.710841_104	COG3063	225605	6.7e-05	24.444	PilF	Type IV pilus assembly protein PilF/PilW	N	Cell motility
NODE_3_length_127988_cov_5.710841_105	COG4783	227122	0.000112	24.138	BepA	Outer membrane protein chaperone/metalloprotease BepA/YfgC, contains M48 and TPR domains	M	Cell wall/membrane/envelope biogenesis
NODE_3_length_127988_cov_5.710841_107	COG0442	223519	5.39e-152	31.323	ProS	Prolyl-tRNA synthetase	J	Translation, ribosomal structure and biogenesis
NODE_3_length_127988_cov_5.710841_112	COG0324	223401	1.04e-94	41.096	MiaA	tRNA A37 N6-isopentenylltransferase MiaA	J	Translation, ribosomal structure and biogenesis
NODE_3_length_127988_cov_5.710841_114	COG0617	223690	1.72e-70	29.083	PcnB	tRNA nucleotidyltransferase/poly(A) polymerase	J	Translation, ribosomal structure and biogenesis
NODE_3_length_127988_cov_5.710841_115	COG0009	223088	2.83e-48	34.759	TsaC	tRNA A37 threonylcarbamoyladenosine synthetase subunit TsaC/SUA5/YrdC	J	Translation, ribosomal structure and biogenesis
NODE_3_length_127988_cov_5.710841_116	COG0438	223515	5.95e-41	20.907	RfaB	Glycosyltransferase involved in cell wall bisynthesis	M	Cell wall/membrane/envelope biogenesis
NODE_3_length_127988_cov_5.710841_117	COG2171	225082	6.68e-78	40.283	DapD	Tetrahydrodipicolinate N-succinyltransferase	E	Amino acid transport and metabolism
NODE_3_length_127988_cov_5.710841_119	COG0108	223186	8.49e-114	62.745	RibB	3,4-dihydroxy-2-butanone 4-phosphate synthase	H	Coenzyme transport and metabolism
NODE_3_length_127988_cov_5.710841_120	COG4771	227112	1.11e-12	19.507	FepA	Outer membrane receptor for ferrienterochelin and colicins	P	Inorganic ion transport and metabolism
NODE_3_length_127988_cov_5.710841_121	COG2382	225256	9.7e-23	26.515	Fes	Enterochelin esterase or related enzyme	P	Inorganic ion transport and metabolism
NODE_3_length_127988_cov_5.710841_122	COG0189	223267	1.24e-10	21.941	LysX	Glutathione synthase, LysX or RimK-type ligase, ATP-grasp superfamily	E	Amino acid transport and metabolism
NODE_3_length_127988_cov_5.710841_123	COG2170	225081	9.03e-86	31.073	YbdK	Gamma-glutamyl:cysteine ligase YbdK, ATP-grasp superfamily	O	Posttranslational modification, protein turnover, chaperones
NODE_3_length_127988_cov_5.710841_125	COG0596	223669	9.49e-28	19.424	MenH	2-succinyl-6-hydroxy-2,4-cyclohexadiene-1-carboxylate synthase MenH and related esterases, alpha/beta hydrolase fold	H	Coenzyme transport and metabolism
NODE_3_length_127988_cov_5.710841_126	COG0154	223232	4.32e-91	26.626	GatA	Asp-tRNAAsn/Glu-tRNAGln amidotransferase A subunit or related amidase	J	Translation, ribosomal structure and biogenesis
NODE_3_length_127988_cov_5.710841_127	COG1574	224490	8.98e-141	36.313	YtcJ	Predicted amidohydrolase YtcJ	R	General function prediction only
NODE_3_length_127988_cov_5.710841_129	COG0512	223586	4.28e-05	24.227	PabA	Anthranilate/para-aminobenzoate synthase component II (glutamine amidotransferase)	E	Amino acid transport and metabolism
NODE_3_length_127988_cov_5.710841_130	COG2318	225200	5.1e-20	27.333	DinB	Bacillithiol/mycothiol S-transferase BstA/DinB, DinB/YfiT family (unrelated to E. coli DinB)	Q	Secondary metabolites biosynthesis, transport and catabolism
NODE_3_length_127988_cov_5.710841_131	COG0626	223699	2.75e-162	44.81	MetC	Cystathionine beta-lyase/cystathionine gamma-synthase	E	Amino acid transport and metabolism
NODE_3_length_127988_cov_5.710841_132	COG1247	224168	2.28e-11	31.618	MnaT	L-amino acid N-acyltransferase MnaT	E	Amino acid transport and metabolism
NODE_3_length_127988_cov_5.710841_133	COG0331	223408	6.16e-130	51.333	FabD	Malonyl CoA-acyl carrier protein transacylase	I	Lipid transport and metabolism
NODE_3_length_127988_cov_5.710841_134	COG0302	223379	3.06e-96	58.046	FolE	GTP cyclohydrolase I	H	Coenzyme transport and metabolism
NODE_3_length_127988_cov_5.710841_135	COG0720	223792	4.96e-28	38.06	QueD	6-pyruvoyl-tetrahydropterin synthase	H	Coenzyme transport and metabolism
NODE_3_length_127988_cov_5.710841_136	COG0775	223846	3.78e-09	23.037	MtnN	Nucleoside phosphorylase/nucleosidase, includes 5'-methylthioadenosine/S-adenosylhomocysteine nucleosidase MtnN and futalosine hydrolase MqnB	F	Nucleotide transport and metabolism
NODE_3_length_127988_cov_5.710841_137	COG2107	225018	2.45e-97	40.698	MqnD	1,4-dihydroxy-6-naphtoate synthase (menaquinone biosynthesis, futalosine pathway)	H	Coenzyme transport and metabolism
NODE_3_length_127988_cov_5.710841_138	COG0415	223492	1.35e-154	40.389	PhrB	Deoxyribodipyrimidine photolyase	L	Replication, recombination and repair
NODE_3_length_127988_cov_5.710841_139	COG0115	223193	2.58e-52	26.523	IlvE	Branched-chain amino acid aminotransferase/4-amino-4-deoxychorismate lyase	E	Amino acid transport and metabolism
NODE_3_length_127988_cov_5.710841_140	COG2197	225107	1.03e-60	35.211	CitB	DNA-binding response regulator, NarL/FixJ family, contains REC and HTH domains	T	Signal transduction mechanisms
NODE_3_length_127988_cov_5.710841_141	COG2197	225107	6.53e-61	33.333	CitB	DNA-binding response regulator, NarL/FixJ family, contains REC and HTH domains	T	Signal transduction mechanisms
NODE_3_length_127988_cov_5.710841_142	COG4585	226951	4.6e-32	26.154	ComP	Signal transduction histidine kinase ComP	T	Signal transduction mechanisms
NODE_4_length_102458_cov_5.515263_1	COG0534	223608	2.93e-51	23.136	NorM	Na+-driven multidrug efflux pump, DinF/NorM/MATE family	V	Defense mechanisms
NODE_4_length_102458_cov_5.515263_3	COG0742	223813	5.81e-47	40.0	RsmD	16S rRNA G966 N2-methylase RsmD	J	Translation, ribosomal structure and biogenesis
NODE_4_length_102458_cov_5.515263_4	COG0212	223290	1.17e-12	23.853	FAU1	5-formyltetrahydrofolate cyclo-ligase	H	Coenzyme transport and metabolism
NODE_4_length_102458_cov_5.515263_5	COG1663	224577	3.69e-59	28.814	LpxK	Tetraacyldisaccharide-1-P 4'-kinase (Lipid A 4'-kinase)	M	Cell wall/membrane/envelope biogenesis
NODE_4_length_102458_cov_5.515263_6	COG0557	223631	0.0	40.34	VacB	Exoribonuclease R	K	Transcription
NODE_4_length_102458_cov_5.515263_7	COG0142	223220	3.72e-93	36.923	IspA	Geranylgeranyl pyrophosphate synthase	H	Coenzyme transport and metabolism
NODE_4_length_102458_cov_5.515263_9	COG0531	223605	5.07e-54	25.845	PotE	Serine transporter YbeC, amino acid:H+ symporter family	E	Amino acid transport and metabolism
NODE_4_length_102458_cov_5.515263_10	COG1193	224114	4.72e-05	36.207	MutS2	dsDNA-specific endonuclease/ATPase MutS2	L	Replication, recombination and repair
NODE_4_length_102458_cov_5.515263_13	COG4222	226675	7.59e-38	23.315		Uncharacterized conserved protein, contains a phytase-like domain	S	Function unknown
NODE_4_length_102458_cov_5.515263_14	COG1629	224544	5.37e-25	16.467	CirA	Outer membrane receptor protein, Fe transport	P	Inorganic ion transport and metabolism
NODE_4_length_102458_cov_5.515263_16	COG1159	224081	1.52e-126	48.805	Era	GTPase Era, involved in 16S rRNA processing	J	Translation, ribosomal structure and biogenesis
NODE_4_length_102458_cov_5.515263_17	COG1160	224082	0.0	50.685	Der	Double Era-like domain GTPase Der	J	Translation, ribosomal structure and biogenesis
NODE_4_length_102458_cov_5.515263_19	COG1208	224129	0.002	19.54	GCD1	NDP-sugar pyrophosphorylase, includes eIF-2Bgamma, eIF-2Bepsilon, and LPS biosynthesis protein s	J	Translation, ribosomal structure and biogenesis
NODE_4_length_102458_cov_5.515263_20	COG0449	223526	0.0	53.507	GlmS	Glucosamine 6-phosphate synthetase, contains amidotransferase and phosphosugar isomerase domains	M	Cell wall/membrane/envelope biogenesis
NODE_4_length_102458_cov_5.515263_21	COG3774	226297	5.11e-31	27.928	OCH1	Mannosyltransferase OCH1 or related enzyme	M	Cell wall/membrane/envelope biogenesis
NODE_4_length_102458_cov_5.515263_22	COG2239	225148	1.98e-139	37.961	MgtE	Mg/Co/Ni transporter MgtE (contains CBS domain)	P	Inorganic ion transport and metabolism
NODE_4_length_102458_cov_5.515263_23	COG2940	225491	5.25e-12	29.927	SET	SET domain-containing protein (function unknown)	R	General function prediction only
NODE_4_length_102458_cov_5.515263_24	COG0249	223327	0.0	45.006	MutS	DNA mismatch repair ATPase MutS	L	Replication, recombination and repair
NODE_4_length_102458_cov_5.515263_25	COG0566	223640	1.21e-34	27.711	SpoU	tRNA G18 (ribose-2'-O)-methylase SpoU	J	Translation, ribosomal structure and biogenesis
NODE_4_length_102458_cov_5.515263_28	COG0810	223880	0.006	25.455	TonB	Periplasmic protein TonB, links inner and outer membranes	M	Cell wall/membrane/envelope biogenesis
NODE_4_length_102458_cov_5.515263_29	COG0441	223518	0.0	43.648	ThrS	Threonyl-tRNA synthetase	J	Translation, ribosomal structure and biogenesis
NODE_4_length_102458_cov_5.515263_30	COG0290	223367	2.36e-65	44.444	InfC	Translation initiation factor IF-3	J	Translation, ribosomal structure and biogenesis
NODE_4_length_102458_cov_5.515263_31	COG3291	225828	6.37e-13	28.421		Uncharacterized conserved protein, PKD repeat domain	S	Function unknown
NODE_4_length_102458_cov_5.515263_32	COG0234	223312	1.55e-43	62.766	GroES	Co-chaperonin GroES (HSP10)	O	Posttranslational modification, protein turnover, chaperones
NODE_4_length_102458_cov_5.515263_33	COG0459	223535	0.0	46.739	GroEL	Chaperonin GroEL (HSP60 family)	O	Posttranslational modification, protein turnover, chaperones
NODE_4_length_102458_cov_5.515263_36	COG0526	223600	6.48e-11	34.375	TrxA	Thiol-disulfide isomerase or thioredoxin	O	Posttranslational modification, protein turnover, chaperones
NODE_4_length_102458_cov_5.515263_38	COG0614	223687	2.71e-37	25.54	FepB	ABC-type Fe3+-hydroxamate transport system, periplasmic component	P	Inorganic ion transport and metabolism
NODE_4_length_102458_cov_5.515263_40	COG1830	224743	7.94e-90	29.032	FbaB	Fructose-bisphosphate aldolase class Ia, DhnA family	G	Carbohydrate transport and metabolism
NODE_4_length_102458_cov_5.515263_41	COG1186	224107	1.53e-126	57.021	PrfB	Protein chain release factor PrfB	J	Translation, ribosomal structure and biogenesis
NODE_4_length_102458_cov_5.515263_43	COG0642	223715	2.19e-34	33.175	BaeS	Signal transduction histidine kinase	T	Signal transduction mechanisms
NODE_4_length_102458_cov_5.515263_44	COG0107	223185	1.84e-133	59.216	HisF	Imidazole glycerol phosphate synthase subunit HisF	E	Amino acid transport and metabolism
NODE_4_length_102458_cov_5.515263_45	COG0106	223184	9.04e-81	40.506	HisA	Phosphoribosylformimino-5-aminoimidazole carboxamide ribonucleotide (ProFAR) isomerase	E	Amino acid transport and metabolism
NODE_4_length_102458_cov_5.515263_46	COG0118	223196	1.16e-89	45.771	HisH	Imidazoleglycerol phosphate synthase glutamine amidotransferase subunit HisH	E	Amino acid transport and metabolism
NODE_4_length_102458_cov_5.515263_47	COG0159	223237	4.65e-92	40.329	TrpA	Tryptophan synthase alpha chain	E	Amino acid transport and metabolism
NODE_4_length_102458_cov_5.515263_49	COG0133	223211	0.0	59.542	TrpB	Tryptophan synthase beta chain	E	Amino acid transport and metabolism
NODE_4_length_102458_cov_5.515263_50	COG0135	223213	1.55e-63	34.928	TrpF	Phosphoribosylanthranilate isomerase	E	Amino acid transport and metabolism
NODE_4_length_102458_cov_5.515263_51	COG0134	223212	6.29e-92	41.406	TrpC	Indole-3-glycerol phosphate synthase	E	Amino acid transport and metabolism
NODE_4_length_102458_cov_5.515263_52	COG0547	223621	1.12e-105	36.716	TrpD	Anthranilate phosphoribosyltransferase, glycosyltransferase domain	E	Amino acid transport and metabolism
NODE_4_length_102458_cov_5.515263_53	COG0512	223586	3.64e-89	49.215	PabA	Anthranilate/para-aminobenzoate synthase component II (glutamine amidotransferase)	E	Amino acid transport and metabolism
NODE_4_length_102458_cov_5.515263_54	COG0147	223225	1.35e-141	35.193	TrpE	Anthranilate/para-aminobenzoate synthases component I	E	Amino acid transport and metabolism
NODE_4_length_102458_cov_5.515263_55	COG2388	225261	3.55e-12	36.0	YidJ	Predicted acetyltransferase, GNAT superfamily	R	General function prediction only
NODE_4_length_102458_cov_5.515263_56	COG4731	227074	6.72e-20	28.8		Uncharacterized conserved protein, DUF2147 family	S	Function unknown
NODE_4_length_102458_cov_5.515263_57	COG4731	227074	2.63e-18	24.219		Uncharacterized conserved protein, DUF2147 family	S	Function unknown
NODE_4_length_102458_cov_5.515263_58	COG2120	225031	1.24e-40	30.049	LmbE	N-acetylglucosaminyl deacetylase, LmbE family	G	Carbohydrate transport and metabolism
NODE_4_length_102458_cov_5.515263_61	COG2226	225136	2.71e-26	30.27	UbiE	Ubiquinone/menaquinone biosynthesis C-methylase UbiE/MenG	H	Coenzyme transport and metabolism
NODE_4_length_102458_cov_5.515263_62	COG3204	225745	1.52e-05	21.379	YjiK	Uncharacterized Ca-binding beta-propeller protein YjiK	R	General function prediction only
NODE_4_length_102458_cov_5.515263_63	COG4108	226593	0.0	52.852	PrfC	Peptide chain release factor RF-3	J	Translation, ribosomal structure and biogenesis
NODE_4_length_102458_cov_5.515263_65	COG0177	223255	1.42e-32	33.607	Nth	Endonuclease III	L	Replication, recombination and repair
NODE_4_length_102458_cov_5.515263_66	COG0726	223798	1.3e-17	21.675	CDA1	Peptidoglycan/xylan/chitin deacetylase, PgdA/NodB/CDA1 family	G	Carbohydrate transport and metabolism
NODE_4_length_102458_cov_5.515263_69	COG0325	223402	1.13e-93	45.755	YggS	Pyridoxal 5'-phosphate homeostasis protein YggS, UPF0001 family	H	Coenzyme transport and metabolism
NODE_4_length_102458_cov_5.515263_70	COG1960	224871	1.57e-148	46.056	CaiA	Acyl-CoA dehydrogenase related to the alkylation response protein AidB	I	Lipid transport and metabolism
NODE_4_length_102458_cov_5.515263_71	COG1702	411689	1.79e-129	62.319	PhoH	Phosphate starvation-inducible protein PhoH, predicted ATPase	T	Signal transduction mechanisms
NODE_4_length_102458_cov_5.515263_72	COG0366	223443	6.49e-37	23.722	AmyA	Glycosidase/amylase (phosphorylase)	G	Carbohydrate transport and metabolism
NODE_4_length_102458_cov_5.515263_73	COG0761	223832	5.84e-62	25.275	IspH	4-Hydroxy-3-methylbut-2-enyl diphosphate reductase IspH	I	Lipid transport and metabolism
NODE_4_length_102458_cov_5.515263_74	COG0058	223136	1.97e-106	27.751	GlgP	Glucan phosphorylase	G	Carbohydrate transport and metabolism
NODE_4_length_102458_cov_5.515263_76	COG1321	224240	2.06e-42	43.939	MntR	Mn-dependent transcriptional regulator MntR, DtxR family	K	Transcription
NODE_4_length_102458_cov_5.515263_77	COG1914	224826	1.79e-120	45.107	MntH	Mn2+ or Fe2+ transporter, NRAMP family	P	Inorganic ion transport and metabolism
NODE_4_length_102458_cov_5.515263_79	COG1198	224119	0.0	35.208	PriA	Primosomal protein N' (replication factor Y) - superfamily II helicase	L	Replication, recombination and repair
NODE_4_length_102458_cov_5.515263_80	COG0812	223882	1.15e-95	33.724	MurB	UDP-N-acetylenolpyruvoylglucosamine reductase	M	Cell wall/membrane/envelope biogenesis
NODE_4_length_102458_cov_5.515263_82	COG1239	224160	9.85e-65	22.989	ChlI	Mg-chelatase subunit ChlI	H	Coenzyme transport and metabolism
NODE_4_length_102458_cov_5.515263_83	COG4867	227204	1.58e-67	25.915		Uncharacterized conserved protein, contains von Willebrand factor type A (vWFA) domain	S	Function unknown
NODE_4_length_102458_cov_5.515263_85	COG3685	226210	1.37e-25	40.0	YciE	Ferritin-like metal-binding protein YciE	P	Inorganic ion transport and metabolism
NODE_4_length_102458_cov_5.515263_87	COG1007	223939	8.13e-96	36.774	NuoN	NADH:ubiquinone oxidoreductase subunit 2 (chain N)	C	Energy production and conversion
NODE_4_length_102458_cov_5.515263_88	COG1008	223940	1.91e-113	39.511	NuoM	NADH:ubiquinone oxidoreductase subunit 4 (chain M)	C	Energy production and conversion
NODE_4_length_102458_cov_5.515263_89	COG1009	223941	4.28e-160	40.188	NuoL	Membrane H+-translocase/NADH:ubiquinone oxidoreductase subunit 5 (chain L)/Multisubunit Na+/H+ antiporter, MnhA subunit	C	Energy production and conversion
NODE_4_length_102458_cov_5.515263_90	COG0713	223785	6.47e-24	54.455	NuoK	NADH:ubiquinone oxidoreductase subunit 11 or 4L (chain K)	C	Energy production and conversion
NODE_4_length_102458_cov_5.515263_91	COG0839	223909	2.82e-24	28.916	NuoJ	NADH:ubiquinone oxidoreductase subunit 6 (chain J)	C	Energy production and conversion
NODE_4_length_102458_cov_5.515263_92	COG1143	224066	9.03e-31	29.371	NuoI	Formate hydrogenlyase subunit 6/NADH:ubiquinone oxidoreductase 23 kD subunit (chain I)	C	Energy production and conversion
NODE_4_length_102458_cov_5.515263_93	COG1005	223937	1.06e-110	48.673	NuoH	NADH:ubiquinone oxidoreductase subunit 1 (chain H)	C	Energy production and conversion
NODE_4_length_102458_cov_5.515263_94	COG0649	223722	6.58e-178	47.409	NuoD	NADH:ubiquinone oxidoreductase 49 kD subunit (chain D)	C	Energy production and conversion
NODE_4_length_102458_cov_5.515263_95	COG0852	223921	7.4e-37	32.168	NuoC	NADH:ubiquinone oxidoreductase 27 kD subunit (chain C)	C	Energy production and conversion
NODE_4_length_102458_cov_5.515263_96	COG0377	223454	2.22e-91	57.931	NuoB	NADH:ubiquinone oxidoreductase 20 kD subunit (chain B) or related Fe-S oxidoreductase	C	Energy production and conversion
NODE_4_length_102458_cov_5.515263_97	COG0838	223908	3.26e-28	42.342	NuoA	NADH:ubiquinone oxidoreductase subunit 3 (chain A)	C	Energy production and conversion
NODE_5_length_100149_cov_5.666583_1	COG1894	224806	0.0	57.457	NuoF	NADH:ubiquinone oxidoreductase, NADH-binding 51 kD subunit (chain F)	C	Energy production and conversion
NODE_5_length_100149_cov_5.666583_2	COG1034	223965	3.58e-88	44.203	NuoG	NADH dehydrogenase/NADH:ubiquinone oxidoreductase 75 kD subunit (chain G)	C	Energy production and conversion
NODE_5_length_100149_cov_5.666583_4	COG1005	223937	8.46e-121	47.953	NuoH	NADH:ubiquinone oxidoreductase subunit 1 (chain H)	C	Energy production and conversion
NODE_5_length_100149_cov_5.666583_5	COG1143	224066	2.26e-45	41.176	NuoI	Formate hydrogenlyase subunit 6/NADH:ubiquinone oxidoreductase 23 kD subunit (chain I)	C	Energy production and conversion
NODE_5_length_100149_cov_5.666583_6	COG0839	223909	2.33e-36	39.394	NuoJ	NADH:ubiquinone oxidoreductase subunit 6 (chain J)	C	Energy production and conversion
NODE_5_length_100149_cov_5.666583_7	COG0713	223785	7.77e-30	47.222	NuoK	NADH:ubiquinone oxidoreductase subunit 11 or 4L (chain K)	C	Energy production and conversion
NODE_5_length_100149_cov_5.666583_8	COG1009	223941	2.58e-176	43.769	NuoL	Membrane H+-translocase/NADH:ubiquinone oxidoreductase subunit 5 (chain L)/Multisubunit Na+/H+ antiporter, MnhA subunit	C	Energy production and conversion
NODE_5_length_100149_cov_5.666583_9	COG1008	223940	2.77e-141	38.697	NuoM	NADH:ubiquinone oxidoreductase subunit 4 (chain M)	C	Energy production and conversion
NODE_5_length_100149_cov_5.666583_10	COG1007	223939	5.97e-100	35.23	NuoN	NADH:ubiquinone oxidoreductase subunit 2 (chain N)	C	Energy production and conversion
NODE_5_length_100149_cov_5.666583_11	COG0577	223650	1.49e-31	22.811	SalY	ABC-type antimicrobial peptide transport system, permease component	V	Defense mechanisms
NODE_5_length_100149_cov_5.666583_12	COG0811	223881	1.24e-19	37.5	TolQ	Biopolymer transport protein ExbB/TolQ	U	Intracellular trafficking, secretion, and vesicular transport
NODE_5_length_100149_cov_5.666583_13	COG0848	223917	2.94e-08	22.368	ExbD	Biopolymer transport protein ExbD	U	Intracellular trafficking, secretion, and vesicular transport
NODE_5_length_100149_cov_5.666583_15	COG0810	223880	0.007	21.702	TonB	Periplasmic protein TonB, links inner and outer membranes	M	Cell wall/membrane/envelope biogenesis
NODE_5_length_100149_cov_5.666583_16	COG0486	223561	0.0	43.612	MnmE	tRNA U34 5-carboxymethylaminomethyl modifying GTPase MnmE/TrmE	J	Translation, ribosomal structure and biogenesis
NODE_5_length_100149_cov_5.666583_17	COG0640	223713	1.21e-10	20.792	ArsR	DNA-binding transcriptional regulator, ArsR family	K	Transcription
NODE_5_length_100149_cov_5.666583_18	COG0472	223548	7.83e-62	31.269	Rfe	UDP-N-acetylmuramyl pentapeptide phosphotransferase/UDP-N-acetylglucosamine-1-phosphate transferase	M	Cell wall/membrane/envelope biogenesis
NODE_5_length_100149_cov_5.666583_20	COG1215	224136	2.57e-30	23.848	BcsA	Glycosyltransferase, catalytic subunit of cellulose synthase and poly-beta-1,6-N-acetylglucosamine synthase	N	Cell motility
NODE_5_length_100149_cov_5.666583_21	COG1200	224121	0.0	49.626	RecG	RecG-like helicase	L	Replication, recombination and repair
NODE_5_length_100149_cov_5.666583_22	COG3291	225828	9.3e-13	21.429		Uncharacterized conserved protein, PKD repeat domain	S	Function unknown
NODE_5_length_100149_cov_5.666583_24	COG0277	223354	1.45e-130	37.849	GlcD	FAD/FMN-containing lactate dehydrogenase/glycolate oxidase	C	Energy production and conversion
NODE_5_length_100149_cov_5.666583_25	COG2067	224978	0.003	33.333	FadL	Long-chain fatty acid transport protein	I	Lipid transport and metabolism
NODE_5_length_100149_cov_5.666583_26	COG1611	224527	5.1e-44	34.066	PpnN	Nucleotide monophosphate nucleosidase PpnN/YdgH, Lonely Guy (LOG) family	F	Nucleotide transport and metabolism
NODE_5_length_100149_cov_5.666583_27	COG0591	223664	8.42e-18	20.824	PutP	Na+/proline symporter	E	Amino acid transport and metabolism
NODE_5_length_100149_cov_5.666583_28	COG4122	226607	2.38e-53	37.788	TrmR	tRNA 5-hydroxyU34 O-methylase TrmR/YrrM	J	Translation, ribosomal structure and biogenesis
NODE_5_length_100149_cov_5.666583_29	COG1705	224619	4.23e-30	33.149	FlgJ	Flagellum-specific peptidoglycan hydrolase FlgJ	M	Cell wall/membrane/envelope biogenesis
NODE_5_length_100149_cov_5.666583_30	COG0634	223707	1.08e-61	41.104	HptA	Hypoxanthine-guanine phosphoribosyltransferase	F	Nucleotide transport and metabolism
NODE_5_length_100149_cov_5.666583_31	COG2304	225187	4.42e-26	33.486	YfbK	Secreted protein containing bacterial Ig-like domain and vWFA domain	R	General function prediction only
NODE_5_length_100149_cov_5.666583_32	COG0484	223560	4.35e-158	48.338	DnaJ	DnaJ-class molecular chaperone with C-terminal Zn finger domain	O	Posttranslational modification, protein turnover, chaperones
NODE_5_length_100149_cov_5.666583_33	COG0576	223649	6.69e-45	34.239	GrpE	Molecular chaperone GrpE (heat shock protein HSP-70)	O	Posttranslational modification, protein turnover, chaperones
NODE_5_length_100149_cov_5.666583_34	COG1092	224017	7.79e-128	41.519	RlmK	23S rRNA G2069 N7-methylase RlmK or C1962 C5-methylase RlmI	J	Translation, ribosomal structure and biogenesis
NODE_5_length_100149_cov_5.666583_36	COG1225	224146	4.49e-56	36.943	Bcp	Peroxiredoxin	O	Posttranslational modification, protein turnover, chaperones
NODE_5_length_100149_cov_5.666583_38	COG3291	225828	8.14e-41	36.68		Uncharacterized conserved protein, PKD repeat domain	S	Function unknown
NODE_5_length_100149_cov_5.666583_40	COG2317	225199	0.0	42.683	YpwA	Zn-dependent carboxypeptidase, M32 family	O	Posttranslational modification, protein turnover, chaperones
NODE_5_length_100149_cov_5.666583_41	COG0726	223798	7.75e-13	31.757	CDA1	Peptidoglycan/xylan/chitin deacetylase, PgdA/NodB/CDA1 family	G	Carbohydrate transport and metabolism
NODE_5_length_100149_cov_5.666583_42	COG0327	223404	2.86e-49	24.862	NIF3	Putative GTP cyclohydrolase 1 type 2, NIF3 family	H	Coenzyme transport and metabolism
NODE_5_length_100149_cov_5.666583_43	COG1579	224495	6.2e-24	29.075	DR0291	Predicted nucleic acid-binding protein DR0291, contains C4-type Zn-ribbon domain	R	General function prediction only
NODE_5_length_100149_cov_5.666583_44	COG0497	223571	9.14e-167	36.89	RecN	DNA repair ATPase RecN	L	Replication, recombination and repair
NODE_5_length_100149_cov_5.666583_45	COG0623	223696	1.22e-61	32.308	FabI	Enoyl-[acyl-carrier-protein] reductase FabI	I	Lipid transport and metabolism
NODE_5_length_100149_cov_5.666583_46	COG0657	223730	3.32e-24	20.833	Aes	Acetyl esterase/lipase	I	Lipid transport and metabolism
NODE_5_length_100149_cov_5.666583_48	COG0173	223251	0.0	52.692	AspS	Aspartyl-tRNA synthetase	J	Translation, ribosomal structure and biogenesis
NODE_5_length_100149_cov_5.666583_49	COG3832	226353	8.95e-23	26.49	YndB	Chalcone/flavanone-binding protein YndB, AHSA1/START/SRPBCC domain	I	Lipid transport and metabolism
NODE_5_length_100149_cov_5.666583_50	COG0754	223825	2.09e-44	48.246	Gsp	Glutathionylspermidine synthase, CHAP domain	E	Amino acid transport and metabolism
NODE_5_length_100149_cov_5.666583_51	COG0754	223825	5.62e-53	42.135	Gsp	Glutathionylspermidine synthase, CHAP domain	E	Amino acid transport and metabolism
NODE_5_length_100149_cov_5.666583_52	COG2317	225199	0.003	27.941	YpwA	Zn-dependent carboxypeptidase, M32 family	O	Posttranslational modification, protein turnover, chaperones
NODE_5_length_100149_cov_5.666583_54	COG0665	223737	1.3e-08	16.442	DadA	Glycine/D-amino acid oxidase (deaminating)	E	Amino acid transport and metabolism
NODE_5_length_100149_cov_5.666583_55	COG2373	225248	0.00035	15.284	YfaS	Uncharacterized conserved protein YfaS, alpha-2-macroglobulin family	R	General function prediction only
NODE_5_length_100149_cov_5.666583_59	COG1089	224014	0.001	57.143	Gmd	GDP-D-mannose dehydratase	M	Cell wall/membrane/envelope biogenesis
NODE_5_length_100149_cov_5.666583_60	COG0074	223152	1.34e-153	60.825	SucD	Succinyl-CoA synthetase, alpha subunit	C	Energy production and conversion
NODE_5_length_100149_cov_5.666583_61	COG0165	223243	6.99e-139	40.452	ArgH	Argininosuccinate lyase	E	Amino acid transport and metabolism
NODE_5_length_100149_cov_5.666583_62	COG0624	223697	5.7e-55	25.245	ArgE	Acetylornithine deacetylase/Succinyl-diaminopimelate desuccinylase or related deacylase	E	Amino acid transport and metabolism
NODE_5_length_100149_cov_5.666583_63	COG0548	223622	4.91e-68	39.405	ArgB	N-acetylglutamate kinase	E	Amino acid transport and metabolism
NODE_5_length_100149_cov_5.666583_64	COG0078	223156	3.44e-58	28.443	ArgF	Ornithine carbamoyltransferase	E	Amino acid transport and metabolism
NODE_5_length_100149_cov_5.666583_65	COG4992	227325	8.91e-146	43.687	ArgD	Acetylornithine/succinyldiaminopimelate/putrescine aminotransferase	E	Amino acid transport and metabolism
NODE_5_length_100149_cov_5.666583_67	COG0002	223081	1.5e-114	40.23	ArgC	N-acetyl-gamma-glutamylphosphate reductase	E	Amino acid transport and metabolism
NODE_5_length_100149_cov_5.666583_68	COG0662	223734	5.24e-15	25.301	ManC	Mannose-6-phosphate isomerase, cupin superfamily	G	Carbohydrate transport and metabolism
NODE_5_length_100149_cov_5.666583_69	COG0137	223215	9.5e-104	35.539	ArgG	Argininosuccinate synthase	E	Amino acid transport and metabolism
NODE_5_length_100149_cov_5.666583_70	COG0422	223499	0.005	41.463	ThiC	4-amino-2-methyl-5-hydroxymethylpyrimidine (HMP) synthase ThiC	H	Coenzyme transport and metabolism
NODE_5_length_100149_cov_5.666583_77	COG4947	227283	1.07e-56	32.636		Esterase/lipase superfamily enzyme	R	General function prediction only
NODE_5_length_100149_cov_5.666583_78	COG4585	226951	3.44e-44	31.553	ComP	Signal transduction histidine kinase ComP	T	Signal transduction mechanisms
NODE_5_length_100149_cov_5.666583_79	COG2197	225107	6e-71	37.624	CitB	DNA-binding response regulator, NarL/FixJ family, contains REC and HTH domains	T	Signal transduction mechanisms
NODE_5_length_100149_cov_5.666583_80	COG2197	225107	4.27e-41	35.036	CitB	DNA-binding response regulator, NarL/FixJ family, contains REC and HTH domains	T	Signal transduction mechanisms
NODE_5_length_100149_cov_5.666583_81	COG0525	223599	0.0	46.059	ValS	Valyl-tRNA synthetase	J	Translation, ribosomal structure and biogenesis
NODE_5_length_100149_cov_5.666583_83	COG1048	223977	0.0	30.769	AcnA	Aconitase A	C	Energy production and conversion
NODE_5_length_100149_cov_5.666583_84	COG3748	226271	6.87e-08	22.901		Uncharacterized membrane protein	S	Function unknown
NODE_5_length_100149_cov_5.666583_85	COG0163	223241	4.52e-79	43.386	UbiX	Flavin prenyltransferase UbiX	H	Coenzyme transport and metabolism
NODE_5_length_100149_cov_5.666583_87	COG0036	223114	8.64e-109	54.46	Rpe	Pentose-5-phosphate-3-epimerase	G	Carbohydrate transport and metabolism
NODE_5_length_100149_cov_5.666583_88	COG2226	225136	1.01e-08	27.5	UbiE	Ubiquinone/menaquinone biosynthesis C-methylase UbiE/MenG	H	Coenzyme transport and metabolism
NODE_5_length_100149_cov_5.666583_89	COG1629	224544	7.91e-10	15.28	CirA	Outer membrane receptor protein, Fe transport	P	Inorganic ion transport and metabolism
NODE_5_length_100149_cov_5.666583_90	COG3945	226454	0.005	23.129		Hemerythrin domain	R	General function prediction only
NODE_5_length_100149_cov_5.666583_92	COG2849	225405	0.000636	21.053	YwqK	Antitoxin component YwqK of the YwqJK toxin-antitoxin module	V	Defense mechanisms
NODE_5_length_100149_cov_5.666583_93	COG0627	223700	4.85e-30	22.837	FrmB	S-formylglutathione hydrolase FrmB	V	Defense mechanisms
NODE_5_length_100149_cov_5.666583_94	COG0542	223616	0.0	55.279	ClpA	ATP-dependent Clp protease, ATP-binding subunit ClpA	O	Posttranslational modification, protein turnover, chaperones
NODE_5_length_100149_cov_5.666583_95	COG1680	224594	1.36e-27	28.571	AmpC	CubicO group peptidase, beta-lactamase class C family	V	Defense mechanisms
NODE_5_length_100149_cov_5.666583_97	COG2963	225511	4.57e-09	29.0	InsE	Transposase InsE and inactivated derivatives	X	Mobilome: prophages, transposons
NODE_6_length_94911_cov_5.566332_1	COG0086	223164	0.0	43.463	RpoC	DNA-directed RNA polymerase, beta' subunit/160 kD subunit	K	Transcription
NODE_6_length_94911_cov_5.566332_2	COG0085	223163	0.0	45.27	RpoB	DNA-directed RNA polymerase, beta subunit/140 kD subunit	K	Transcription
NODE_6_length_94911_cov_5.566332_3	COG1555	224472	2.36e-14	25.664	ComEA	DNA uptake protein ComE or related DNA-binding protein	L	Replication, recombination and repair
NODE_6_length_94911_cov_5.566332_4	COG2834	225390	3.82e-16	24.091	LolA	Outer membrane lipoprotein-sorting protein	M	Cell wall/membrane/envelope biogenesis
NODE_6_length_94911_cov_5.566332_5	COG1674	224588	2.44e-132	37.919	FtsK	DNA segregation ATPase FtsK/SpoIIIE or related protein	D	Cell cycle control, cell division, chromosome partitioning
NODE_6_length_94911_cov_5.566332_6	COG2363	225238	6.72e-21	42.373	YgdD	Uncharacterized membrane protein YgdD, TMEM256/DUF423 family	S	Function unknown
NODE_6_length_94911_cov_5.566332_7	COG0703	223775	3.25e-41	32.934	AroK	Shikimate kinase	E	Amino acid transport and metabolism
NODE_6_length_94911_cov_5.566332_8	COG1960	224871	1.15e-117	35.219	CaiA	Acyl-CoA dehydrogenase related to the alkylation response protein AidB	I	Lipid transport and metabolism
NODE_6_length_94911_cov_5.566332_9	COG2340	225218	3.34e-42	39.456	YkwD	Spore germination protein YkwD and related proteins with CAP (CSP/antigen 5/PR1) domain	D	Cell cycle control, cell division, chromosome partitioning
NODE_6_length_94911_cov_5.566332_10	COG1506	224423	9.53e-44	20.69	DAP2	Dipeptidyl aminopeptidase/acylaminoacyl peptidase	E	Amino acid transport and metabolism
NODE_6_length_94911_cov_5.566332_11	COG0284	223361	4.15e-30	23.723	PyrF	Orotidine-5'-phosphate decarboxylase	F	Nucleotide transport and metabolism
NODE_6_length_94911_cov_5.566332_12	COG0654	223727	5.7e-46	23.219	UbiH	2-polyprenyl-6-methoxyphenol hydroxylase and related FAD-dependent oxidoreductases	H	Coenzyme transport and metabolism
NODE_6_length_94911_cov_5.566332_13	COG3844	226363	2.3e-122	32.933	Bna5	Kynureninase	E	Amino acid transport and metabolism
NODE_6_length_94911_cov_5.566332_14	COG0251	223329	9e-34	36.691	RidA	Enamine deaminase RidA, house cleaning of reactive enamine intermediates, YjgF/YER057c/UK114 family	V	Defense mechanisms
NODE_6_length_94911_cov_5.566332_15	COG1012	223944	0.0	42.138	AdhE	Acyl-CoA reductase or other NAD-dependent aldehyde dehydrogenase	I	Lipid transport and metabolism
NODE_6_length_94911_cov_5.566332_16	COG1028	223959	3.1e-46	29.389	FabG	NAD(P)-dependent dehydrogenase, short-chain alcohol dehydrogenase family	I	Lipid transport and metabolism
NODE_6_length_94911_cov_5.566332_17	COG0662	223734	8.98e-05	22.68	ManC	Mannose-6-phosphate isomerase, cupin superfamily	G	Carbohydrate transport and metabolism
NODE_6_length_94911_cov_5.566332_18	COG2159	225070	1.16e-22	25.85	LigW	5-carboxyvanillate decarboxylase LigW (lignin degradation), amidohydro domain	G	Carbohydrate transport and metabolism
NODE_6_length_94911_cov_5.566332_19	COG2808	225366	2.77e-48	29.524	PaiB	Predicted FMN-binding regulatory protein PaiB	T	Signal transduction mechanisms
NODE_6_length_94911_cov_5.566332_20	COG0489	223563	1.29e-76	41.818	Mrp	Fe-S cluster carrier ATPase, Mrp/ApbC/NBP35 family	D	Cell cycle control, cell division, chromosome partitioning
NODE_6_length_94911_cov_5.566332_22	COG1250	224170	2.47e-133	50.0	FadB	3-hydroxyacyl-CoA dehydrogenase	I	Lipid transport and metabolism
NODE_6_length_94911_cov_5.566332_23	COG1739	224653	3.82e-50	31.443	YIH1	Putative translation regulator, IMPACT (imprinted ancient) protein family	R	General function prediction only
NODE_6_length_94911_cov_5.566332_25	COG0117	223195	1.79e-59	45.07	RibD1	Riboflavin biosynthesis protein RibD, pyrimidine deaminase domain	H	Coenzyme transport and metabolism
NODE_6_length_94911_cov_5.566332_26	COG2890	225443	1.78e-65	34.13	HemK	Methylase of polypeptide chain release factors	J	Translation, ribosomal structure and biogenesis
NODE_6_length_94911_cov_5.566332_28	COG0811	223881	1.62e-30	24.02	TolQ	Biopolymer transport protein ExbB/TolQ	U	Intracellular trafficking, secretion, and vesicular transport
NODE_6_length_94911_cov_5.566332_29	COG0330	223407	7.73e-20	23.675	HflC	Regulator of protease activity HflC, stomatin/prohibitin superfamily	O	Posttranslational modification, protein turnover, chaperones
NODE_6_length_94911_cov_5.566332_30	COG2885	225439	3.19e-27	42.241	OmpA	Outer membrane protein OmpA and related peptidoglycan-associated (lipo)proteins	M	Cell wall/membrane/envelope biogenesis
NODE_6_length_94911_cov_5.566332_32	COG2195	225106	8.58e-104	37.871	PepD2	Di- or tripeptidase	E	Amino acid transport and metabolism
NODE_6_length_94911_cov_5.566332_34	COG1047	223976	7.03e-42	38.849	SlpA	Peptidyl-prolyl cis-trans isomerase, FKBP type	O	Posttranslational modification, protein turnover, chaperones
NODE_6_length_94911_cov_5.566332_35	COG3876	226393	8.92e-92	33.882	YbbC	Uncharacterized conserved protein YbbC, DUF1343 family	S	Function unknown
NODE_6_length_94911_cov_5.566332_36	COG0223	223301	1.06e-127	45.223	Fmt	Methionyl-tRNA formyltransferase	J	Translation, ribosomal structure and biogenesis
NODE_6_length_94911_cov_5.566332_44	COG4487	226889	7.43e-47	32.646		Uncharacterized conserved protein, contains DUF2130 domain	S	Function unknown
NODE_6_length_94911_cov_5.566332_45	COG2091	225002	1.34e-14	32.667	Sfp	Phosphopantetheinyl transferase	H	Coenzyme transport and metabolism
NODE_6_length_94911_cov_5.566332_46	COG0717	223789	4.14e-40	31.818	Dcd	dCTP deaminase	F	Nucleotide transport and metabolism
NODE_6_length_94911_cov_5.566332_57	COG1399	224317	1.34e-05	22.481	YceD	23S rRNA accumulation protein YceD (essential in plants, uncharacterized in bacteria)	J	Translation, ribosomal structure and biogenesis
NODE_6_length_94911_cov_5.566332_58	COG0333	223410	1.18e-09	40.678	RpmF	Ribosomal protein L32	J	Translation, ribosomal structure and biogenesis
NODE_6_length_94911_cov_5.566332_59	COG0416	223493	2.74e-124	42.47	PlsX	Acyl-ACP:phosphate acyltransferase (fatty acid/phospholipid biosynthesis)	I	Lipid transport and metabolism
NODE_6_length_94911_cov_5.566332_62	COG0300	223377	1.14e-53	31.698	YqjQ	Short-chain dehydrogenase	R	General function prediction only
NODE_6_length_94911_cov_5.566332_63	COG1912	224824	1.23e-49	30.769		Stereoselective (R,S)-S-adenosylmethionine hydrolase (adenosine-forming)	H	Coenzyme transport and metabolism
NODE_6_length_94911_cov_5.566332_64	COG1352	224271	1.53e-11	41.27	CheR	Methylase of chemotaxis methyl-accepting proteins	T	Signal transduction mechanisms
NODE_6_length_94911_cov_5.566332_65	COG2201	225111	4.07e-16	29.0	CheB	Chemotaxis response regulator CheB, contains REC and protein-glutamate methylesterase domains	T	Signal transduction mechanisms
NODE_6_length_94911_cov_5.566332_66	COG2201	225111	6.53e-12	43.243	CheB	Chemotaxis response regulator CheB, contains REC and protein-glutamate methylesterase domains	T	Signal transduction mechanisms
NODE_6_length_94911_cov_5.566332_67	COG4251	226702	9.9e-21	35.135		Bacteriophytochrome (light-regulated signal transduction histidine kinase)	T	Signal transduction mechanisms
NODE_6_length_94911_cov_5.566332_68	COG4251	226702	3.45e-43	39.333		Bacteriophytochrome (light-regulated signal transduction histidine kinase)	T	Signal transduction mechanisms
NODE_6_length_94911_cov_5.566332_69	COG4251	226702	9.75e-12	39.286		Bacteriophytochrome (light-regulated signal transduction histidine kinase)	T	Signal transduction mechanisms
NODE_6_length_94911_cov_5.566332_70	COG3230	225770	0.004	20.0	HemO	Heme oxygenase	P	Inorganic ion transport and metabolism
NODE_6_length_94911_cov_5.566332_71	COG3230	225770	4.55e-09	32.787	HemO	Heme oxygenase	P	Inorganic ion transport and metabolism
NODE_6_length_94911_cov_5.566332_72	COG4799	227136	0.0	41.791	MmdA	Acetyl-CoA carboxylase, carboxyltransferase component	I	Lipid transport and metabolism
NODE_6_length_94911_cov_5.566332_76	COG0328	223405	1.86e-49	47.183	RnhA	Ribonuclease HI	L	Replication, recombination and repair
NODE_6_length_94911_cov_5.566332_78	COG0792	223863	1.22e-31	40.187	YraN	Predicted endonuclease distantly related to archaeal Holliday junction resolvase, YraN/UPF0102 family	L	Replication, recombination and repair
NODE_6_length_94911_cov_5.566332_80	COG4974	227308	3.48e-115	44.138	XerD	Site-specific recombinase XerD	L	Replication, recombination and repair
NODE_6_length_94911_cov_5.566332_81	COG1123	224048	0.0	51.079	GsiA	ABC-type glutathione transport system ATPase component, contains duplicated ATPase domain	O	Posttranslational modification, protein turnover, chaperones
NODE_6_length_94911_cov_5.566332_83	COG0775	223846	2.72e-24	22.46	MtnN	Nucleoside phosphorylase/nucleosidase, includes 5'-methylthioadenosine/S-adenosylhomocysteine nucleosidase MtnN and futalosine hydrolase MqnB	F	Nucleotide transport and metabolism
NODE_6_length_94911_cov_5.566332_84	COG4096	226581	0.001	22.078	HsdR	Type I site-specific restriction endonuclease, part of a restriction-modification system	V	Defense mechanisms
NODE_6_length_94911_cov_5.566332_85	COG1003	223935	0.0	56.024	GcvP2	Glycine cleavage system protein P (pyridoxal-binding), C-terminal domain	E	Amino acid transport and metabolism
NODE_6_length_94911_cov_5.566332_91	COG3291	225828	1.64e-35	39.914		Uncharacterized conserved protein, PKD repeat domain	S	Function unknown
NODE_6_length_94911_cov_5.566332_93	COG2608	225328	0.001	24.0	CopZ	Copper chaperone CopZ	P	Inorganic ion transport and metabolism
NODE_6_length_94911_cov_5.566332_95	COG5271	227596	0.000494	18.386	MDN1	Midasin, AAA ATPase with  vWA domain, involved in ribosome maturation	J	Translation, ribosomal structure and biogenesis
NODE_6_length_94911_cov_5.566332_99	COG3000	225546	5.22e-30	24.8	ERG3	Sterol desaturase/sphingolipid hydroxylase, fatty acid hydroxylase superfamily	I	Lipid transport and metabolism
NODE_6_length_94911_cov_5.566332_100	COG3871	226389	3.24e-32	31.25	YzzA	General stress protein 26 (function unknown)	S	Function unknown
NODE_7_length_93451_cov_5.454730_1	COG1995	224906	2.48e-93	39.286	PdxA	4-hydroxy-L-threonine phosphate dehydrogenase PdxA	H	Coenzyme transport and metabolism
NODE_7_length_93451_cov_5.454730_2	COG3391	225926	0.004	15.574	YncE	DNA-binding beta-propeller fold protein YncE	R	General function prediction only
NODE_7_length_93451_cov_5.454730_5	COG0060	223138	0.0	36.355	IleS	Isoleucyl-tRNA synthetase	J	Translation, ribosomal structure and biogenesis
NODE_7_length_93451_cov_5.454730_8	COG3153	225695	9.03e-09	21.348	yhbS	Predicted N-acetyltransferase YhbS	R	General function prediction only
NODE_7_length_93451_cov_5.454730_9	COG0236	223314	3.13e-22	58.974	AcpP	Acyl carrier protein	I	Lipid transport and metabolism
NODE_7_length_93451_cov_5.454730_10	COG0304	223381	0.0	52.415	FabB	3-oxoacyl-(acyl-carrier-protein) synthase	I	Lipid transport and metabolism
NODE_7_length_93451_cov_5.454730_11	COG0571	223644	2.66e-54	35.242	Rnc	dsRNA-specific ribonuclease	K	Transcription
NODE_7_length_93451_cov_5.454730_13	COG3185	225726	4.57e-07	36.364	HppD	4-hydroxyphenylpyruvate dioxygenase and related hemolysins	E	Amino acid transport and metabolism
NODE_7_length_93451_cov_5.454730_14	COG1104	224029	0.0	57.179	NifS	Cysteine desulfurase/Cysteine sulfinate desulfinase IscS or related enzyme, NifS family	E	Amino acid transport and metabolism
NODE_7_length_93451_cov_5.454730_15	COG0822	223892	1.92e-53	50.34	IscU	Fe-S cluster assembly scaffold protein IscU, NifU family	O	Posttranslational modification, protein turnover, chaperones
NODE_7_length_93451_cov_5.454730_16	COG0316	223393	2.65e-42	47.748	IscA	Fe-S cluster assembly iron-binding protein IscA	O	Posttranslational modification, protein turnover, chaperones
NODE_7_length_93451_cov_5.454730_17	COG1277	224196	1.78e-09	21.074	NosY	ABC-type transport system involved in multi-copper enzyme maturation, permease component	O	Posttranslational modification, protein turnover, chaperones
NODE_7_length_93451_cov_5.454730_18	COG3225	225766	1.02e-23	20.662	GldG	ABC-type uncharacterized transport system involved in gliding motility, auxiliary component	N	Cell motility
NODE_7_length_93451_cov_5.454730_19	COG0861	223930	8.66e-39	23.106	TerC	Tellurite resistance membrane protein TerC	P	Inorganic ion transport and metabolism
NODE_7_length_93451_cov_5.454730_20	COG0787	223858	3.64e-125	41.209	Alr	Alanine racemase	M	Cell wall/membrane/envelope biogenesis
NODE_7_length_93451_cov_5.454730_21	COG0597	223670	8.79e-13	24.752	LspA	Lipoprotein signal peptidase	M	Cell wall/membrane/envelope biogenesis
NODE_7_length_93451_cov_5.454730_23	COG0114	223192	0.0	66.3	FumC	Fumarate hydratase class II	C	Energy production and conversion
NODE_7_length_93451_cov_5.454730_24	COG0791	223862	1.5e-23	34.127	NlpC	Cell wall-associated hydrolase, NlpC_P60 family	M	Cell wall/membrane/envelope biogenesis
NODE_7_length_93451_cov_5.454730_25	COG1024	223955	1.32e-82	44.358	CaiD	Enoyl-CoA hydratase/carnithine racemase	I	Lipid transport and metabolism
NODE_7_length_93451_cov_5.454730_26	COG2185	225096	1.6e-53	48.855	Sbm	Methylmalonyl-CoA mutase, C-terminal domain/subunit (cobalamin-binding)	I	Lipid transport and metabolism
NODE_7_length_93451_cov_5.454730_27	COG0667	223739	5.1e-75	32.087	PdxI	Pyridoxal reductase PdxI or related oxidoreductase, aldo/keto reductase family	H	Coenzyme transport and metabolism
NODE_7_length_93451_cov_5.454730_28	COG0008	223087	2.07e-153	36.791	GlnS	Glutamyl- or glutaminyl-tRNA synthetase	J	Translation, ribosomal structure and biogenesis
NODE_7_length_93451_cov_5.454730_29	COG0726	223798	1.35e-30	30.612	CDA1	Peptidoglycan/xylan/chitin deacetylase, PgdA/NodB/CDA1 family	G	Carbohydrate transport and metabolism
NODE_7_length_93451_cov_5.454730_31	COG0084	223162	4.76e-100	44.922	TatD	3'->5' ssDNA/RNA exonuclease TatD	N	Cell motility
NODE_7_length_93451_cov_5.454730_32	COG0177	223255	5.15e-43	32.292	Nth	Endonuclease III	L	Replication, recombination and repair
NODE_7_length_93451_cov_5.454730_33	COG0635	223708	3.68e-128	33.484	HemN	Coproporphyrinogen-III oxidase HemN  (oxygen-independent) or related Fe-S oxidoreductase	H	Coenzyme transport and metabolism
NODE_7_length_93451_cov_5.454730_34	COG0664	223736	1.84e-41	28.708	Crp	cAMP-binding domain of CRP or a regulatory subunit of cAMP-dependent protein kinases	T	Signal transduction mechanisms
NODE_7_length_93451_cov_5.454730_35	COG0642	223715	2.93e-49	28.428	BaeS	Signal transduction histidine kinase	T	Signal transduction mechanisms
NODE_7_length_93451_cov_5.454730_36	COG2846	225402	7.09e-42	28.571	RIC	Iron-sulfur cluster repair protein YtfE, RIC family, contains ScdAN and hemerythrin domains	O	Posttranslational modification, protein turnover, chaperones
NODE_7_length_93451_cov_5.454730_37	COG1959	224870	1.16e-07	34.043	IscR	DNA-binding transcriptional regulator, IscR family	K	Transcription
NODE_7_length_93451_cov_5.454730_41	COG4654	227001	0.004	36.842	CytC552	Cytochrome c551/c552	C	Energy production and conversion
NODE_7_length_93451_cov_5.454730_42	COG4263	226714	8.49e-81	29.123	NosZ	Nitrous oxide reductase	P	Inorganic ion transport and metabolism
NODE_7_length_93451_cov_5.454730_43	COG2335	225214	3.77e-46	45.238	FAS1	Uncaracterized surface protein containing fasciclin (FAS1) repeats	R	General function prediction only
NODE_7_length_93451_cov_5.454730_44	COG5375	227667	0.003	19.883		Uncharacterized conserved protein	S	Function unknown
NODE_7_length_93451_cov_5.454730_45	COG3420	225954	1.43e-62	29.765	NosD	Nitrous oxide reductase accessory protein NosD, contains tandem CASH domains	P	Inorganic ion transport and metabolism
NODE_7_length_93451_cov_5.454730_46	COG1131	224054	2.93e-60	31.878	CcmA	ABC-type multidrug transport system, ATPase component	V	Defense mechanisms
NODE_7_length_93451_cov_5.454730_47	COG1277	224196	0.003	16.471	NosY	ABC-type transport system involved in multi-copper enzyme maturation, permease component	O	Posttranslational modification, protein turnover, chaperones
NODE_7_length_93451_cov_5.454730_48	COG2846	225402	1.97e-65	35.874	RIC	Iron-sulfur cluster repair protein YtfE, RIC family, contains ScdAN and hemerythrin domains	O	Posttranslational modification, protein turnover, chaperones
NODE_7_length_93451_cov_5.454730_51	COG1629	224544	2.05e-45	18.69	CirA	Outer membrane receptor protein, Fe transport	P	Inorganic ion transport and metabolism
NODE_7_length_93451_cov_5.454730_53	COG2010	224921	2.82e-05	26.316	CccA	Cytochrome c, mono- and diheme variants	C	Energy production and conversion
NODE_7_length_93451_cov_5.454730_56	COG5349	227652	0.005	59.091		Uncharacterized conserved protein, DUF983 family	S	Function unknown
NODE_7_length_93451_cov_5.454730_57	COG0770	223841	2.18e-116	35.529	MurF	UDP-N-acetylmuramyl pentapeptide synthase	M	Cell wall/membrane/envelope biogenesis
NODE_7_length_93451_cov_5.454730_58	COG1262	224182	1.89e-23	20.0	YfmG	Formylglycine-generating enzyme, required for sulfatase activity, contains SUMF1/FGE domain	O	Posttranslational modification, protein turnover, chaperones
NODE_7_length_93451_cov_5.454730_59	COG1843	224756	0.000791	33.846	FlgD	Flagellar hook-capping protein FlgD	N	Cell motility
NODE_7_length_93451_cov_5.454730_61	COG0245	223323	1.97e-76	57.051	IspF	2C-methyl-D-erythritol 2,4-cyclodiphosphate synthase	I	Lipid transport and metabolism
NODE_7_length_93451_cov_5.454730_62	COG0756	223827	3.55e-68	62.595	Dut	dUTP pyrophosphatase (dUTPase)	F	Nucleotide transport and metabolism
NODE_7_length_93451_cov_5.454730_64	COG4942	227278	3.28e-25	22.596	EnvC	Septal ring factor EnvC, activator of murein hydrolases AmiA and AmiB	D	Cell cycle control, cell division, chromosome partitioning
NODE_7_length_93451_cov_5.454730_65	COG0438	223515	6.06e-47	25.641	RfaB	Glycosyltransferase involved in cell wall bisynthesis	M	Cell wall/membrane/envelope biogenesis
NODE_7_length_93451_cov_5.454730_66	COG2234	225143	1.05e-13	35.897	Iap	Zn-dependent amino- or carboxypeptidase, M28 family	O	Posttranslational modification, protein turnover, chaperones
NODE_7_length_93451_cov_5.454730_68	COG0313	223390	4.52e-59	29.87	RsmI	16S rRNA C1402 (ribose-2'-O) methylase RsmI	J	Translation, ribosomal structure and biogenesis
NODE_7_length_93451_cov_5.454730_70	COG2094	225005	3.56e-71	42.289	Mpg	3-methyladenine DNA glycosylase Mpg	L	Replication, recombination and repair
NODE_7_length_93451_cov_5.454730_71	COG0471	223547	4.15e-14	30.841	CitT	Di- and tricarboxylate antiporter	G	Carbohydrate transport and metabolism
NODE_7_length_93451_cov_5.454730_72	COG0471	223547	0.000269	30.0	CitT	Di- and tricarboxylate antiporter	G	Carbohydrate transport and metabolism
NODE_7_length_93451_cov_5.454730_73	COG0471	223547	1.24e-09	35.577	CitT	Di- and tricarboxylate antiporter	G	Carbohydrate transport and metabolism
NODE_7_length_93451_cov_5.454730_75	COG1404	224322	5.97e-10	21.429	AprE	Serine protease, subtilisin family	O	Posttranslational modification, protein turnover, chaperones
NODE_7_length_93451_cov_5.454730_76	COG1197	224118	0.0	38.075	Mfd	Transcription-repair coupling factor (superfamily II helicase)	L	Replication, recombination and repair
NODE_7_length_93451_cov_5.454730_79	COG1018	223949	7.17e-44	25.101	Fpr	Flavodoxin/ferredoxin--NADP reductase	C	Energy production and conversion
NODE_7_length_93451_cov_5.454730_80	COG0423	223500	0.0	38.609	GRS1	Glycyl-tRNA synthetase, class II	J	Translation, ribosomal structure and biogenesis
NODE_8_length_74968_cov_5.537783_1	COG1215	224136	7.63e-63	32.225	BcsA	Glycosyltransferase, catalytic subunit of cellulose synthase and poly-beta-1,6-N-acetylglucosamine synthase	N	Cell motility
NODE_8_length_74968_cov_5.537783_2	COG0508	223582	1.79e-136	38.642	AceF	Pyruvate/2-oxoglutarate dehydrogenase complex, dihydrolipoamide acyltransferase (E2) component	C	Energy production and conversion
NODE_8_length_74968_cov_5.537783_3	COG0308	223385	2.11e-64	23.366	PepN	Aminopeptidase N, contains DUF3458 domain	E	Amino acid transport and metabolism
NODE_8_length_74968_cov_5.537783_4	COG0249	223327	1.36e-47	22.654	MutS	DNA mismatch repair ATPase MutS	L	Replication, recombination and repair
NODE_8_length_74968_cov_5.537783_5	COG0044	223122	8e-144	35.748	AllB	Dihydroorotase or related cyclic amidohydrolase	F	Nucleotide transport and metabolism
NODE_8_length_74968_cov_5.537783_8	COG2226	225136	9.43e-73	38.627	UbiE	Ubiquinone/menaquinone biosynthesis C-methylase UbiE/MenG	H	Coenzyme transport and metabolism
NODE_8_length_74968_cov_5.537783_9	COG0218	223296	3.95e-68	39.896	EngB	GTP-binding protein EngB required for normal cell division	D	Cell cycle control, cell division, chromosome partitioning
NODE_8_length_74968_cov_5.537783_11	COG1978	224889	4.04e-27	33.793	YkuK	Predicted RNase H-related nuclease YkuK, DUF458 family	R	General function prediction only
NODE_8_length_74968_cov_5.537783_14	COG1832	224745	2.76e-11	26.05	YccU	Predicted CoA-binding protein	R	General function prediction only
NODE_8_length_74968_cov_5.537783_15	COG0644	223717	2.77e-20	20.175	FixC	Dehydrogenase (flavoprotein)	C	Energy production and conversion
NODE_8_length_74968_cov_5.537783_16	COG2227	225137	5.84e-06	25.0	UbiG	2-polyprenyl-3-methyl-5-hydroxy-6-metoxy-1,4-benzoquinol methylase	H	Coenzyme transport and metabolism
NODE_8_length_74968_cov_5.537783_17	COG3424	225958	1.21e-91	30.11	BH0617	Predicted naringenin-chalcone synthase	Q	Secondary metabolites biosynthesis, transport and catabolism
NODE_8_length_74968_cov_5.537783_18	COG1575	224491	0.000144	19.802	MenA	1,4-dihydroxy-2-naphthoate polyprenyltransferase	H	Coenzyme transport and metabolism
NODE_8_length_74968_cov_5.537783_19	COG0544	223618	1.73e-37	21.075	Tig	FKBP-type peptidyl-prolyl cis-trans isomerase (trigger factor)	O	Posttranslational modification, protein turnover, chaperones
NODE_8_length_74968_cov_5.537783_21	COG0729	223801	0.009	27.66	TamA	Outer membrane translocation and assembly module TamA	M	Cell wall/membrane/envelope biogenesis
NODE_8_length_74968_cov_5.537783_22	COG0317	223394	0.0	39.028	SpoT	(p)ppGpp synthase/hydrolase, HD superfamily	T	Signal transduction mechanisms
NODE_8_length_74968_cov_5.537783_24	COG0104	223182	0.0	48.38	PurA	Adenylosuccinate synthase	F	Nucleotide transport and metabolism
NODE_8_length_74968_cov_5.537783_26	COG0147	223225	1.65e-116	30.024	TrpE	Anthranilate/para-aminobenzoate synthases component I	E	Amino acid transport and metabolism
NODE_8_length_74968_cov_5.537783_27	COG0741	223812	2.82e-10	33.929	MltE	Soluble lytic murein transglycosylase or regulatory protein s ( may contain LysM/invasin domain)	M	Cell wall/membrane/envelope biogenesis
NODE_8_length_74968_cov_5.537783_28	COG1826	224739	7.2e-08	42.0	TatA	Twin-arginine protein secretion pathway components TatA and TatB	U	Intracellular trafficking, secretion, and vesicular transport
NODE_8_length_74968_cov_5.537783_29	COG0335	223412	3.36e-47	58.491	RplS	Ribosomal protein L19	J	Translation, ribosomal structure and biogenesis
NODE_8_length_74968_cov_5.537783_30	COG1418	224336	6.98e-52	47.534	RnaY	HD superfamily phosphodieaserase, includes HD domain of RNase Y	J	Translation, ribosomal structure and biogenesis
NODE_8_length_74968_cov_5.537783_33	COG0072	223150	4.18e-167	37.099	PheT	Phenylalanyl-tRNA synthetase beta subunit	J	Translation, ribosomal structure and biogenesis
NODE_8_length_74968_cov_5.537783_34	COG0305	223382	8.51e-173	46.98	DnaB	Replicative DNA helicase	L	Replication, recombination and repair
NODE_8_length_74968_cov_5.537783_35	COG1385	224303	1.12e-48	31.535	RsmE	16S rRNA U1498 N3-methylase RsmE	J	Translation, ribosomal structure and biogenesis
NODE_8_length_74968_cov_5.537783_37	COG1434	224351	1.77e-08	23.636	ElyC	Lipid carrier protein ElyC involved in cell wall biogenesis, DUF218 family	M	Cell wall/membrane/envelope biogenesis
NODE_8_length_74968_cov_5.537783_38	COG0861	223930	3.23e-47	38.75	TerC	Tellurite resistance membrane protein TerC	P	Inorganic ion transport and metabolism
NODE_8_length_74968_cov_5.537783_39	COG0167	223245	1.4e-110	42.951	PyrD	Dihydroorotate dehydrogenase	F	Nucleotide transport and metabolism
NODE_8_length_74968_cov_5.537783_40	COG0183	223261	8.61e-114	37.121	PaaJ	Acetyl-CoA acetyltransferase	I	Lipid transport and metabolism
NODE_8_length_74968_cov_5.537783_41	COG0784	223855	6.25e-20	30.088	CheY	CheY-like REC (receiver) domain, includes chemotaxis protein CheY  and sporulation regulator Spo0F	T	Signal transduction mechanisms
NODE_8_length_74968_cov_5.537783_42	COG1132	224055	1.18e-131	31.57	MdlB	ABC-type multidrug transport system, ATPase and permease component	V	Defense mechanisms
NODE_8_length_74968_cov_5.537783_43	COG3306	225843	1.16e-10	22.488		Glycosyltransferase involved in LPS biosynthesis, GR25 family	M	Cell wall/membrane/envelope biogenesis
NODE_8_length_74968_cov_5.537783_44	COG0606	223679	0.0	52.314	YifB	Predicted Mg-chelatase, contains ChlI-like and ATPase domains, YifB family	O	Posttranslational modification, protein turnover, chaperones
NODE_8_length_74968_cov_5.537783_46	COG1520	224437	5.19e-19	20.294	PQQ	Outer membrane protein assembly factor BamB, contains PQQ-like beta-propeller repeat	M	Cell wall/membrane/envelope biogenesis
NODE_8_length_74968_cov_5.537783_47	COG0740	223811	9.16e-77	56.213	ClpP	ATP-dependent protease ClpP, protease subunit	O	Posttranslational modification, protein turnover, chaperones
NODE_8_length_74968_cov_5.537783_48	COG0740	223811	1.33e-92	60.847	ClpP	ATP-dependent protease ClpP, protease subunit	O	Posttranslational modification, protein turnover, chaperones
NODE_8_length_74968_cov_5.537783_49	COG1219	224140	0.0	57.552	ClpX	ATP-dependent protease Clp, ATPase subunit ClpX	O	Posttranslational modification, protein turnover, chaperones
NODE_8_length_74968_cov_5.537783_51	COG0209	223287	2.6e-101	20.396	NrdA	Ribonucleotide reductase alpha subunit	F	Nucleotide transport and metabolism
NODE_8_length_74968_cov_5.537783_52	COG1646	224560	3.37e-65	42.683	PcrB	Glycerol-1-phosphate heptaprenyltransferase	I	Lipid transport and metabolism
NODE_8_length_74968_cov_5.537783_53	COG2234	225143	2.64e-22	21.233	Iap	Zn-dependent amino- or carboxypeptidase, M28 family	O	Posttranslational modification, protein turnover, chaperones
NODE_8_length_74968_cov_5.537783_54	COG3279	225818	6.23e-58	38.189	LytT	DNA-binding response regulator, LytR/AlgR family	K	Transcription
NODE_8_length_74968_cov_5.537783_55	COG3275	225814	9.37e-47	34.928	LytS	Sensor histidine kinase, LytS/YehU family	T	Signal transduction mechanisms
NODE_8_length_74968_cov_5.537783_57	COG1154	224076	0.0	52.057	Dxs	Deoxyxylulose-5-phosphate synthase	H	Coenzyme transport and metabolism
NODE_8_length_74968_cov_5.537783_59	COG1354	224273	4.88e-41	29.31	ScpA	Chromatin segregation and condensation protein Rec8/ScpA/Scc1, kleisin family	L	Replication, recombination and repair
NODE_8_length_74968_cov_5.537783_61	COG1970	224881	2.41e-34	40.602	MscL	Large-conductance mechanosensitive channel	M	Cell wall/membrane/envelope biogenesis
NODE_9_length_72276_cov_5.478891_2	COG1866	224779	1.99e-142	59.684	PckA	Phosphoenolpyruvate carboxykinase, ATP-dependent	C	Energy production and conversion
NODE_9_length_72276_cov_5.478891_3	COG1866	224779	1.75e-114	50.0	PckA	Phosphoenolpyruvate carboxykinase, ATP-dependent	C	Energy production and conversion
NODE_9_length_72276_cov_5.478891_4	COG0006	223085	1.86e-69	27.604	PepP	Xaa-Pro aminopeptidase	E	Amino acid transport and metabolism
NODE_9_length_72276_cov_5.478891_5	COG1183	224104	3.42e-36	32.937	PssA	Phosphatidylserine synthase	I	Lipid transport and metabolism
NODE_9_length_72276_cov_5.478891_6	COG1828	224741	9.6e-24	44.304	PurS	Phosphoribosylformylglycinamidine (FGAM) synthase, PurS subunit	F	Nucleotide transport and metabolism
NODE_9_length_72276_cov_5.478891_7	COG0313	223390	3.46e-106	53.846	RsmI	16S rRNA C1402 (ribose-2'-O) methylase RsmI	J	Translation, ribosomal structure and biogenesis
NODE_9_length_72276_cov_5.478891_8	COG0308	223385	8.62e-06	16.043	PepN	Aminopeptidase N, contains DUF3458 domain	E	Amino acid transport and metabolism
NODE_9_length_72276_cov_5.478891_9	COG0357	223434	8.15e-50	35.838	RsmG	16S rRNA G527 N7-methylase RsmG (former glucose-inhibited division protein B)	J	Translation, ribosomal structure and biogenesis
NODE_9_length_72276_cov_5.478891_10	COG1215	224136	2.29e-16	20.321	BcsA	Glycosyltransferase, catalytic subunit of cellulose synthase and poly-beta-1,6-N-acetylglucosamine synthase	N	Cell motility
NODE_9_length_72276_cov_5.478891_11	COG0343	223420	0.0	53.699	Tgt	Queuine/archaeosine tRNA-ribosyltransferase	J	Translation, ribosomal structure and biogenesis
NODE_9_length_72276_cov_5.478891_13	COG1668	224582	1.4e-28	21.171	NatB	ABC-type Na+ efflux pump, permease component NatB	C	Energy production and conversion
NODE_9_length_72276_cov_5.478891_14	COG4152	226631	1.04e-106	43.771	YhaQ	ABC-type uncharacterized transport system, ATPase component	R	General function prediction only
NODE_9_length_72276_cov_5.478891_15	COG2989	225536	1.42e-88	41.057	YcbB	Murein L,D-transpeptidase YcbB/YkuD	M	Cell wall/membrane/envelope biogenesis
NODE_9_length_72276_cov_5.478891_16	COG2989	225536	2.71e-14	41.892	YcbB	Murein L,D-transpeptidase YcbB/YkuD	M	Cell wall/membrane/envelope biogenesis
NODE_9_length_72276_cov_5.478891_18	COG4294	226744	5.78e-55	33.766	Uve	UV DNA damage repair endonuclease	L	Replication, recombination and repair
NODE_9_length_72276_cov_5.478891_19	COG3832	226353	7.63e-18	21.379	YndB	Chalcone/flavanone-binding protein YndB, AHSA1/START/SRPBCC domain	I	Lipid transport and metabolism
NODE_9_length_72276_cov_5.478891_20	COG3184	225725	4.02e-06	40.426		Uncharacterized conserved protein, contains DUF2059 domain	S	Function unknown
NODE_9_length_72276_cov_5.478891_22	COG3503	226034	4.02e-10	31.461		Uncharacterized membrane protein, DUF1624 family	S	Function unknown
NODE_9_length_72276_cov_5.478891_23	COG3503	226034	8.83e-21	30.534		Uncharacterized membrane protein, DUF1624 family	S	Function unknown
NODE_9_length_72276_cov_5.478891_24	COG0262	223340	0.000222	22.642	FolA	Dihydrofolate reductase	H	Coenzyme transport and metabolism
NODE_9_length_72276_cov_5.478891_25	COG0262	223340	0.002	22.222	FolA	Dihydrofolate reductase	H	Coenzyme transport and metabolism
NODE_9_length_72276_cov_5.478891_27	COG0055	223133	0.0	67.343	AtpD	FoF1-type ATP synthase, beta subunit	C	Energy production and conversion
NODE_9_length_72276_cov_5.478891_28	COG0355	223432	2.64e-27	38.824	AtpC	FoF1-type ATP synthase, epsilon subunit	C	Energy production and conversion
NODE_9_length_72276_cov_5.478891_29	COG1678	224592	1.44e-44	32.584	AlgH	Putative transcriptional regulator, AlgH/UPF0301 family	K	Transcription
NODE_9_length_72276_cov_5.478891_30	COG0642	223715	4.52e-40	30.802	BaeS	Signal transduction histidine kinase	T	Signal transduction mechanisms
NODE_9_length_72276_cov_5.478891_31	COG0809	223879	5.33e-119	36.609	QueA	S-adenosylmethionine:tRNA-ribosyltransferase-isomerase (queuine synthetase)	J	Translation, ribosomal structure and biogenesis
NODE_9_length_72276_cov_5.478891_32	COG2001	224912	1.69e-48	44.604	MraZ	MraZ, DNA-binding transcriptional regulator and inhibitor of RsmH methyltransferase activity	J	Translation, ribosomal structure and biogenesis
NODE_9_length_72276_cov_5.478891_33	COG0275	223352	2.24e-136	46.057	RmsH	16S rRNA C1402 N4-methylase RsmH	J	Translation, ribosomal structure and biogenesis
NODE_9_length_72276_cov_5.478891_35	COG0768	223839	3.08e-105	29.593	FtsI	Cell division protein FtsI, peptidoglycan transpeptidase (Penicillin-binding protein 2)	D	Cell cycle control, cell division, chromosome partitioning
NODE_9_length_72276_cov_5.478891_36	COG0769	223840	2.27e-157	40.389	MurE	UDP-N-acetylmuramyl tripeptide synthase	M	Cell wall/membrane/envelope biogenesis
NODE_9_length_72276_cov_5.478891_37	COG0472	223548	2.41e-55	29.455	Rfe	UDP-N-acetylmuramyl pentapeptide phosphotransferase/UDP-N-acetylglucosamine-1-phosphate transferase	M	Cell wall/membrane/envelope biogenesis
NODE_9_length_72276_cov_5.478891_38	COG0771	223842	3.95e-151	40.089	MurD	UDP-N-acetylmuramoylalanine-D-glutamate ligase	M	Cell wall/membrane/envelope biogenesis
NODE_9_length_72276_cov_5.478891_39	COG0772	223843	7.08e-69	31.183	FtsW	Peptodoglycan polymerase FtsW/RodA/SpoVE	D	Cell cycle control, cell division, chromosome partitioning
NODE_9_length_72276_cov_5.478891_40	COG0707	223779	2.4e-98	37.861	MurG	UDP-N-acetylglucosamine:LPS N-acetylglucosamine transferase	M	Cell wall/membrane/envelope biogenesis
NODE_9_length_72276_cov_5.478891_41	COG0773	223844	9.28e-129	38.326	MurC	UDP-N-acetylmuramate-alanine ligase MurC and related ligases, MurC/Mpl family	M	Cell wall/membrane/envelope biogenesis
NODE_9_length_72276_cov_5.478891_42	COG1589	224505	5.05e-07	21.053	FtsQ	Cell division septal protein FtsQ	D	Cell cycle control, cell division, chromosome partitioning
NODE_9_length_72276_cov_5.478891_43	COG0849	223918	2.07e-103	38.281	FtsA	Cell division ATPase FtsA	D	Cell cycle control, cell division, chromosome partitioning
NODE_9_length_72276_cov_5.478891_45	COG0206	223284	7.84e-101	47.5	FtsZ	Cell division GTPase FtsZ	D	Cell cycle control, cell division, chromosome partitioning
NODE_9_length_72276_cov_5.478891_47	COG1938	224849	0.004	31.25		Predicted ATP-dependent carboligase, ATP-grasp superfamily	R	General function prediction only
NODE_9_length_72276_cov_5.478891_48	COG1514	224431	6.63e-08	23.952	ThpR	RNA 2',3'-cyclic phosphodiesterase (2'-5' RNA ligase)	J	Translation, ribosomal structure and biogenesis
NODE_9_length_72276_cov_5.478891_50	COG2070	224981	3.12e-77	36.905	YrpB	NAD(P)H-dependent flavin oxidoreductase YrpB, nitropropane dioxygenase family	R	General function prediction only
NODE_9_length_72276_cov_5.478891_51	COG0795	223866	8.29e-39	23.188	LptF	Lipopolysaccharide export LptBFGC system, permease protein LptF	M	Cell wall/membrane/envelope biogenesis
NODE_9_length_72276_cov_5.478891_52	COG0372	223449	8.09e-102	29.756	GltA	Citrate synthase	C	Energy production and conversion
NODE_9_length_72276_cov_5.478891_53	COG2204	225114	1e-10	22.353	AtoC	DNA-binding transcriptional response regulator, NtrC family, contains REC, AAA-type ATPase, and a Fis-type DNA-binding domains	T	Signal transduction mechanisms
NODE_9_length_72276_cov_5.478891_57	COG0745	223816	4.11e-23	32.857	OmpR	DNA-binding response regulator, OmpR family, contains REC and winged-helix (wHTH) domain	T	Signal transduction mechanisms
NODE_9_length_72276_cov_5.478891_59	COG5487	227774	2.09e-10	73.585	YtjA	Uncharacterized membrane protein YtjA, UPF0391 family	S	Function unknown
NODE_9_length_72276_cov_5.478891_61	COG1508	224425	4.27e-104	34.81	RpoN	DNA-directed RNA polymerase specialized sigma subunit, sigma54 homolog	K	Transcription
NODE_9_length_72276_cov_5.478891_62	COG2204	225114	4.47e-180	41.837	AtoC	DNA-binding transcriptional response regulator, NtrC family, contains REC, AAA-type ATPase, and a Fis-type DNA-binding domains	T	Signal transduction mechanisms
NODE_9_length_72276_cov_5.478891_64	COG0642	223715	3.75e-41	29.388	BaeS	Signal transduction histidine kinase	T	Signal transduction mechanisms
NODE_9_length_72276_cov_5.478891_65	COG1295	224214	1.77e-38	26.882	BrkB	Uncharacterized membrane protein, BrkB/YihY/UPF0761 family (not an RNase)	S	Function unknown
NODE_9_length_72276_cov_5.478891_72	COG3285	225823	3.36e-85	34.812	LigD	Eukaryotic-type DNA primase	L	Replication, recombination and repair
NODE_9_length_72276_cov_5.478891_73	COG3386	225921	1.27e-35	28.571	YvrE	Sugar lactone lactonase YvrE	G	Carbohydrate transport and metabolism
NODE_9_length_72276_cov_5.478891_74	COG1188	224109	1.32e-21	30.769	HslR	Ribosomal 50S subunit-recycling heat shock protein, contains S4 domain	J	Translation, ribosomal structure and biogenesis
NODE_9_length_72276_cov_5.478891_76	COG0624	223697	4.93e-76	26.531	ArgE	Acetylornithine deacetylase/Succinyl-diaminopimelate desuccinylase or related deacylase	E	Amino acid transport and metabolism
NODE_9_length_72276_cov_5.478891_77	COG1201	224122	1.21e-178	31.661	Lhr	Lhr-like helicase	L	Replication, recombination and repair
NODE_10_length_63768_cov_5.777314_1	COG3746	226269	1.13e-05	24.706	OprP	Phosphate-selective porin	P	Inorganic ion transport and metabolism
NODE_10_length_63768_cov_5.777314_3	COG1392	224310	5.7e-32	28.111	YkaA	Phosphate transport regulator YkaA, distantly related to PhoU, UPF0111/DUF47 family	P	Inorganic ion transport and metabolism
NODE_10_length_63768_cov_5.777314_4	COG0306	223383	1.5e-64	28.96	PitA	Phosphate/sulfate permease	P	Inorganic ion transport and metabolism
NODE_10_length_63768_cov_5.777314_5	COG1087	224012	6.94e-157	42.09	GalE	UDP-glucose 4-epimerase	M	Cell wall/membrane/envelope biogenesis
NODE_10_length_63768_cov_5.777314_6	COG3958	226467	1.41e-128	47.403	TktA2	Transketolase, C-terminal subunit	G	Carbohydrate transport and metabolism
NODE_10_length_63768_cov_5.777314_7	COG2141	225052	1.08e-49	28.889	SsuD	Flavin-dependent oxidoreductase, luciferase family (includes alkanesulfonate monooxygenase SsuD and methylene tetrahydromethanopterin reductase)	H	Coenzyme transport and metabolism
NODE_10_length_63768_cov_5.777314_8	COG0189	223267	4.62e-12	19.433	LysX	Glutathione synthase, LysX or RimK-type ligase, ATP-grasp superfamily	E	Amino acid transport and metabolism
NODE_10_length_63768_cov_5.777314_9	COG1595	224511	2.35e-31	29.48	RpoE	DNA-directed RNA polymerase specialized sigma subunit, sigma24 family	K	Transcription
NODE_10_length_63768_cov_5.777314_12	COG0458	223534	0.0	59.747	CarB	Carbamoylphosphate synthase large subunit	E	Amino acid transport and metabolism
NODE_10_length_63768_cov_5.777314_15	COG0739	223810	1.32e-19	29.697	NlpD	Murein DD-endopeptidase MepM and murein hydrolase activator NlpD, contains LysM domain	M	Cell wall/membrane/envelope biogenesis
NODE_10_length_63768_cov_5.777314_16	COG1225	224146	8.37e-75	50.331	Bcp	Peroxiredoxin	O	Posttranslational modification, protein turnover, chaperones
NODE_10_length_63768_cov_5.777314_17	COG1764	224678	2.91e-30	31.206	OsmC	Organic hydroperoxide reductase OsmC/OhrA	V	Defense mechanisms
NODE_10_length_63768_cov_5.777314_22	COG1022	223953	0.0	39.667	FAA1	Long-chain acyl-CoA synthetase (AMP-forming)	I	Lipid transport and metabolism
NODE_10_length_63768_cov_5.777314_23	COG1044	223974	5.29e-81	38.182	LpxD	UDP-3-O-[3-hydroxymyristoyl] glucosamine N-acyltransferase	M	Cell wall/membrane/envelope biogenesis
NODE_10_length_63768_cov_5.777314_24	COG0575	223648	2.06e-33	31.338	CdsA	CDP-diglyceride synthetase	I	Lipid transport and metabolism
NODE_10_length_63768_cov_5.777314_25	COG1266	224185	2.4e-06	28.261	YdiL	Membrane protease YdiL, CAAX protease family	O	Posttranslational modification, protein turnover, chaperones
NODE_10_length_63768_cov_5.777314_26	COG0042	223120	1.55e-106	43.042	DusA	tRNA-dihydrouridine synthase	J	Translation, ribosomal structure and biogenesis
NODE_10_length_63768_cov_5.777314_27	COG0596	223669	1.25e-06	17.308	MenH	2-succinyl-6-hydroxy-2,4-cyclohexadiene-1-carboxylate synthase MenH and related esterases, alpha/beta hydrolase fold	H	Coenzyme transport and metabolism
NODE_10_length_63768_cov_5.777314_29	COG0386	223463	2.28e-54	44.304	BtuE	Thioredoxin/glutathione peroxidase BtuE, reduces lipid peroxides	V	Defense mechanisms
NODE_10_length_63768_cov_5.777314_30	COG1012	223944	3.22e-122	32.084	AdhE	Acyl-CoA reductase or other NAD-dependent aldehyde dehydrogenase	I	Lipid transport and metabolism
NODE_10_length_63768_cov_5.777314_31	COG0366	223443	1.75e-35	21.127	AmyA	Glycosidase/amylase (phosphorylase)	G	Carbohydrate transport and metabolism
NODE_10_length_63768_cov_5.777314_34	COG0264	223342	4.21e-103	46.403	Tsf	Translation elongation factor EF-Ts	J	Translation, ribosomal structure and biogenesis
NODE_10_length_63768_cov_5.777314_35	COG0052	223130	1.15e-112	54.618	RpsB	Ribosomal protein S2	J	Translation, ribosomal structure and biogenesis
NODE_10_length_63768_cov_5.777314_36	COG0103	223181	1.23e-52	52.713	RpsI	Ribosomal protein S9	J	Translation, ribosomal structure and biogenesis
NODE_10_length_63768_cov_5.777314_37	COG0102	223180	1.16e-66	52.113	RplM	Ribosomal protein L13	J	Translation, ribosomal structure and biogenesis
NODE_10_length_63768_cov_5.777314_38	COG5421	227708	3.09e-06	25.0		Transposase	X	Mobilome: prophages, transposons
NODE_10_length_63768_cov_5.777314_39	COG5421	227708	2.34e-05	27.632		Transposase	X	Mobilome: prophages, transposons
NODE_10_length_63768_cov_5.777314_41	COG2132	225043	4.37e-27	20.063	SufI	Multicopper oxidase with three cupredoxin domains (includes cell division protein FtsP and spore coat protein CotA)	D	Cell cycle control, cell division, chromosome partitioning
NODE_10_length_63768_cov_5.777314_44	COG0640	223713	1.02e-09	34.568	ArsR	DNA-binding transcriptional regulator, ArsR family	K	Transcription
NODE_10_length_63768_cov_5.777314_45	COG1360	224279	1.57e-34	37.952	MotB	Flagellar motor protein MotB	N	Cell motility
NODE_10_length_63768_cov_5.777314_46	COG1801	224714	8.99e-35	25.0	YecE	Sugar isomerase-related protein YecE, UPF0759/DUF72 family	R	General function prediction only
NODE_10_length_63768_cov_5.777314_47	COG0252	223330	1.98e-26	31.707	AnsA	L-asparaginase/archaeal Glu-tRNAGln amidotransferase subunit D	J	Translation, ribosomal structure and biogenesis
NODE_10_length_63768_cov_5.777314_50	COG0436	223513	4.94e-67	26.303	AspB	Aspartate/methionine/tyrosine aminotransferase	E	Amino acid transport and metabolism
NODE_10_length_63768_cov_5.777314_52	COG0707	223779	4.36e-07	26.027	MurG	UDP-N-acetylglucosamine:LPS N-acetylglucosamine transferase	M	Cell wall/membrane/envelope biogenesis
NODE_10_length_63768_cov_5.777314_53	COG0697	223769	1.65e-19	25.773	RhaT	Permease of the drug/metabolite transporter (DMT) superfamily	G	Carbohydrate transport and metabolism
NODE_10_length_63768_cov_5.777314_55	COG4198	226661	6.03e-143	43.415		Uncharacterized conserved protein, DUF1015 family	S	Function unknown
NODE_10_length_63768_cov_5.777314_56	COG1932	224843	1.61e-148	43.454	SerC	Phosphoserine aminotransferase	H	Coenzyme transport and metabolism
NODE_10_length_63768_cov_5.777314_57	COG2928	225480	3.38e-27	28.571		Uncharacterized membrane protein	S	Function unknown
NODE_10_length_63768_cov_5.777314_58	COG1309	224228	1.47e-15	21.311	AcrR	DNA-binding protein, AcrR family, includes nucleoid occlusion protein SlmA	K	Transcription
NODE_10_length_63768_cov_5.777314_59	COG1538	224455	7.53e-36	20.225	TolC	Outer membrane protein TolC	M	Cell wall/membrane/envelope biogenesis
NODE_10_length_63768_cov_5.777314_60	COG0845	223914	9.88e-33	27.647	AcrA	Multidrug efflux pump subunit AcrA (membrane-fusion protein)	M	Cell wall/membrane/envelope biogenesis
NODE_10_length_63768_cov_5.777314_61	COG0841	223911	0.0	25.668	AcrB	Multidrug efflux pump subunit AcrB	V	Defense mechanisms
NODE_10_length_63768_cov_5.777314_62	COG2311	225193	1.33e-07	46.552	YeiB	Uncharacterized membrane protein YeiB	S	Function unknown
NODE_10_length_63768_cov_5.777314_63	COG2311	225193	1.04e-15	34.568	YeiB	Uncharacterized membrane protein YeiB	S	Function unknown
NODE_10_length_63768_cov_5.777314_65	COG0612	223685	1.18e-71	26.747	PqqL	Predicted Zn-dependent peptidase, M16 family	R	General function prediction only
NODE_10_length_63768_cov_5.777314_66	COG2013	224924	6.47e-71	44.053	AIM24	AIM24 protein, required for mitochondrial respiration	C	Energy production and conversion
NODE_10_length_63768_cov_5.777314_67	COG1376	224294	6.74e-09	26.027	ErfK	Lipoprotein-anchoring transpeptidase ErfK/SrfK	M	Cell wall/membrane/envelope biogenesis
NODE_10_length_63768_cov_5.777314_69	COG5662	227949	0.000712	33.333	RsiW	Transmembrane transcriptional regulator RsiW (anti-sigma-W factor)	K	Transcription
NODE_10_length_63768_cov_5.777314_70	COG1595	224511	1.01e-31	31.098	RpoE	DNA-directed RNA polymerase specialized sigma subunit, sigma24 family	K	Transcription
NODE_11_length_61115_cov_5.814808_2	COG0190	223268	4.66e-140	53.31	FolD	5,10-methylene-tetrahydrofolate dehydrogenase/Methenyl tetrahydrofolate cyclohydrolase	H	Coenzyme transport and metabolism
NODE_11_length_61115_cov_5.814808_3	COG0602	223675	4.98e-45	27.83	QueE	Organic radical activating enzyme NrdG/QueE	H	Coenzyme transport and metabolism
NODE_11_length_61115_cov_5.814808_4	COG2885	225439	6.1e-46	48.649	OmpA	Outer membrane protein OmpA and related peptidoglycan-associated (lipo)proteins	M	Cell wall/membrane/envelope biogenesis
NODE_11_length_61115_cov_5.814808_6	COG0758	223829	2.43e-102	38.292	Smf	Predicted Rossmann fold nucleotide-binding protein DprA/Smf involved in DNA uptake	L	Replication, recombination and repair
NODE_11_length_61115_cov_5.814808_7	COG0178	223256	0.0	47.352	UvrA	Excinuclease UvrABC ATPase subunit	L	Replication, recombination and repair
NODE_11_length_61115_cov_5.814808_8	COG1595	224511	1.37e-36	28.659	RpoE	DNA-directed RNA polymerase specialized sigma subunit, sigma24 family	K	Transcription
NODE_11_length_61115_cov_5.814808_9	COG0784	223855	8e-10	41.176	CheY	CheY-like REC (receiver) domain, includes chemotaxis protein CheY  and sporulation regulator Spo0F	T	Signal transduction mechanisms
NODE_11_length_61115_cov_5.814808_11	COG1073	223999	8.34e-10	20.606	FrsA	Fermentation-respiration switch esterase FrsA, DUF1100 family	T	Signal transduction mechanisms
NODE_11_length_61115_cov_5.814808_12	COG3158	225700	1.08e-176	36.308	Kup	K+ uptake protein Kup	P	Inorganic ion transport and metabolism
NODE_11_length_61115_cov_5.814808_15	COG0047	223125	1.38e-109	53.333	PurL2	Phosphoribosylformylglycinamidine (FGAM) synthase, glutamine amidotransferase domain	F	Nucleotide transport and metabolism
NODE_11_length_61115_cov_5.814808_17	COG4232	226685	1.37e-32	25.791	DsbD	Thiol:disulfide interchange protein DsbD	O	Posttranslational modification, protein turnover, chaperones
NODE_11_length_61115_cov_5.814808_18	COG0143	223221	0.0	39.551	MetG	Methionyl-tRNA synthetase	J	Translation, ribosomal structure and biogenesis
NODE_11_length_61115_cov_5.814808_19	COG1619	224534	1.5e-72	32.808	LdcA	Muramoyltetrapeptide carboxypeptidase LdcA (peptidoglycan recycling)	M	Cell wall/membrane/envelope biogenesis
NODE_11_length_61115_cov_5.814808_20	COG1619	224534	7.18e-76	32.787	LdcA	Muramoyltetrapeptide carboxypeptidase LdcA (peptidoglycan recycling)	M	Cell wall/membrane/envelope biogenesis
NODE_11_length_61115_cov_5.814808_21	COG2267	225176	2.21e-09	14.108	PldB	Lysophospholipase, alpha-beta hydrolase superfamily	I	Lipid transport and metabolism
NODE_11_length_61115_cov_5.814808_23	COG0763	223834	2.17e-115	37.696	LpxB	Lipid A disaccharide synthetase	M	Cell wall/membrane/envelope biogenesis
NODE_11_length_61115_cov_5.814808_28	COG1629	224544	3.86e-42	17.847	CirA	Outer membrane receptor protein, Fe transport	P	Inorganic ion transport and metabolism
NODE_11_length_61115_cov_5.814808_31	COG2353	225228	7.55e-08	26.804	YceI	Polyisoprenoid-binding periplasmic protein YceI	R	General function prediction only
NODE_11_length_61115_cov_5.814808_35	COG4585	226951	8.34e-40	26.512	ComP	Signal transduction histidine kinase ComP	T	Signal transduction mechanisms
NODE_11_length_61115_cov_5.814808_36	COG2197	225107	6.33e-13	38.596	CitB	DNA-binding response regulator, NarL/FixJ family, contains REC and HTH domains	T	Signal transduction mechanisms
NODE_11_length_61115_cov_5.814808_37	COG2197	225107	9.95e-07	24.59	CitB	DNA-binding response regulator, NarL/FixJ family, contains REC and HTH domains	T	Signal transduction mechanisms
NODE_11_length_61115_cov_5.814808_38	COG1028	223959	8.9e-40	32.667	FabG	NAD(P)-dependent dehydrogenase, short-chain alcohol dehydrogenase family	I	Lipid transport and metabolism
NODE_11_length_61115_cov_5.814808_42	COG1864	224777	2.45e-70	31.559	NUC1	DNA/RNA endonuclease G, NUC1	F	Nucleotide transport and metabolism
NODE_11_length_61115_cov_5.814808_45	COG1670	224584	2.75e-42	39.779	RimL	Protein N-acetyltransferase, RimJ/RimL family	J	Translation, ribosomal structure and biogenesis
NODE_11_length_61115_cov_5.814808_47	COG0336	223413	1.18e-108	49.558	TrmD	tRNA G37 N-methylase TrmD	J	Translation, ribosomal structure and biogenesis
NODE_11_length_61115_cov_5.814808_48	COG3696	226220	0.0	40.37	CusA	Cu/Ag efflux pump CusA	P	Inorganic ion transport and metabolism
NODE_11_length_61115_cov_5.814808_49	COG0845	223914	8.78e-35	22.409	AcrA	Multidrug efflux pump subunit AcrA (membrane-fusion protein)	M	Cell wall/membrane/envelope biogenesis
NODE_11_length_61115_cov_5.814808_50	COG1538	224455	7.68e-14	16.708	TolC	Outer membrane protein TolC	M	Cell wall/membrane/envelope biogenesis
NODE_11_length_61115_cov_5.814808_52	COG0642	223715	5.49e-58	38.71	BaeS	Signal transduction histidine kinase	T	Signal transduction mechanisms
NODE_11_length_61115_cov_5.814808_53	COG3279	225818	3.2e-52	37.86	LytT	DNA-binding response regulator, LytR/AlgR family	K	Transcription
NODE_11_length_61115_cov_5.814808_54	COG4447	226855	2.34e-10	22.222		Uncharacterized conserved protein related to plant photosystem II stability/assembly factor	R	General function prediction only
NODE_11_length_61115_cov_5.814808_55	COG1501	224418	8.91e-149	33.227	YicI	Alpha-glucosidase/xylosidase, GH31 family	G	Carbohydrate transport and metabolism
NODE_11_length_61115_cov_5.814808_56	COG1001	223933	0.0	46.377	AdeC	Adenine deaminase	F	Nucleotide transport and metabolism
NODE_11_length_61115_cov_5.814808_57	COG2377	225252	7.15e-60	34.492	AnmK	1,6-Anhydro-N-acetylmuramate kinase	M	Cell wall/membrane/envelope biogenesis
NODE_12_length_58110_cov_5.554388_1	COG0720	223792	8.32e-43	47.619	QueD	6-pyruvoyl-tetrahydropterin synthase	H	Coenzyme transport and metabolism
NODE_12_length_58110_cov_5.554388_2	COG1947	224858	1.05e-75	34.241	IspE	4-diphosphocytidyl-2C-methyl-D-erythritol kinase	I	Lipid transport and metabolism
NODE_12_length_58110_cov_5.554388_3	COG1259	224179	3.21e-34	43.966		Bifunctional DNase/RNase	R	General function prediction only
NODE_12_length_58110_cov_5.554388_4	COG2025	224936	1.82e-95	41.562	FixB	Electron transfer flavoprotein, alpha subunit FixB	C	Energy production and conversion
NODE_12_length_58110_cov_5.554388_5	COG2086	224997	1.07e-62	37.597	FixA	Electron transfer flavoprotein, alpha and beta subunits	C	Energy production and conversion
NODE_12_length_58110_cov_5.554388_6	COG3063	225605	5.53e-09	36.923	PilF	Type IV pilus assembly protein PilF/PilW	N	Cell motility
NODE_12_length_58110_cov_5.554388_7	COG0037	223115	9.31e-47	32.174	TilS	tRNA(Ile)-lysidine synthase TilS/MesJ	J	Translation, ribosomal structure and biogenesis
NODE_12_length_58110_cov_5.554388_8	COG0705	223777	7.55e-20	29.577	GlpG	Membrane-associated serine protease, rhomboid family	O	Posttranslational modification, protein turnover, chaperones
NODE_12_length_58110_cov_5.554388_9	COG1576	224492	4.15e-52	45.806	RlmH	23S rRNA pseudoU1915 N3-methylase RlmH	J	Translation, ribosomal structure and biogenesis
NODE_12_length_58110_cov_5.554388_15	COG1544	224461	6.96e-11	33.684	RaiA	Ribosome-associated translation inhibitor RaiA	J	Translation, ribosomal structure and biogenesis
NODE_12_length_58110_cov_5.554388_17	COG3279	225818	2.78e-06	32.203	LytT	DNA-binding response regulator, LytR/AlgR family	K	Transcription
NODE_12_length_58110_cov_5.554388_18	COG1064	223992	2.86e-143	40.401	AdhP	D-arabinose 1-dehydrogenase, Zn-dependent alcohol dehydrogenase family	G	Carbohydrate transport and metabolism
NODE_12_length_58110_cov_5.554388_19	COG1482	224399	7.16e-67	29.262	ManA	Mannose-6-phosphate isomerase, class I	G	Carbohydrate transport and metabolism
NODE_12_length_58110_cov_5.554388_21	COG0857	223926	2.07e-19	23.656	PtaN	BioD-like N-terminal domain of phosphotransacetylase	R	General function prediction only
NODE_12_length_58110_cov_5.554388_22	COG0282	223359	7.92e-39	43.284	AckA	Acetate kinase	C	Energy production and conversion
NODE_12_length_58110_cov_5.554388_23	COG0282	223359	5.09e-64	55.797	AckA	Acetate kinase	C	Energy production and conversion
NODE_12_length_58110_cov_5.554388_24	COG0282	223359	1.52e-35	53.191	AckA	Acetate kinase	C	Energy production and conversion
NODE_12_length_58110_cov_5.554388_26	COG2986	225533	0.0	52.008	HutH	Histidine ammonia-lyase	E	Amino acid transport and metabolism
NODE_12_length_58110_cov_5.554388_27	COG2987	225534	0.0	66.971	HutU	Urocanate hydratase	E	Amino acid transport and metabolism
NODE_12_length_58110_cov_5.554388_28	COG0618	223691	3.46e-43	26.168	NrnA	nanoRNase/pAp phosphatase, hydrolyzes c-di-AMP and oligoRNAs	F	Nucleotide transport and metabolism
NODE_12_length_58110_cov_5.554388_29	COG0545	223619	1.6e-26	31.959	FkpA	FKBP-type peptidyl-prolyl cis-trans isomerase	O	Posttranslational modification, protein turnover, chaperones
NODE_12_length_58110_cov_5.554388_30	COG0294	223371	6.55e-82	43.233	FolP	Dihydropteroate synthase	H	Coenzyme transport and metabolism
NODE_12_length_58110_cov_5.554388_33	COG0601	223674	5.24e-94	39.748	DppB	ABC-type dipeptide/oligopeptide/nickel transport system, permease component	E	Amino acid transport and metabolism
NODE_12_length_58110_cov_5.554388_34	COG0517	223591	1.6e-13	30.275	CBS	CBS domain	T	Signal transduction mechanisms
NODE_12_length_58110_cov_5.554388_36	COG1195	224116	1.86e-81	32.768	RecF	Recombinational DNA repair ATPase RecF	L	Replication, recombination and repair
NODE_12_length_58110_cov_5.554388_37	COG0184	223262	1.15e-33	52.809	RpsO	Ribosomal protein S15P/S13E	J	Translation, ribosomal structure and biogenesis
NODE_12_length_58110_cov_5.554388_38	COG1185	224106	0.0	48.523	Pnp	Polyribonucleotide nucleotidyltransferase (polynucleotide phosphorylase)	J	Translation, ribosomal structure and biogenesis
NODE_12_length_58110_cov_5.554388_39	COG2264	225173	6.42e-39	23.154	PrmA	Ribosomal protein L11 methylase PrmA	J	Translation, ribosomal structure and biogenesis
NODE_12_length_58110_cov_5.554388_40	COG0344	223421	2.56e-55	38.164	PlsY	Phospholipid biosynthesis protein PlsY, probable glycerol-3-phosphate acyltransferase	I	Lipid transport and metabolism
NODE_12_length_58110_cov_5.554388_41	COG4783	227122	5.49e-32	29.046	BepA	Outer membrane protein chaperone/metalloprotease BepA/YfgC, contains M48 and TPR domains	M	Cell wall/membrane/envelope biogenesis
NODE_12_length_58110_cov_5.554388_43	COG0438	223515	9.03e-11	21.3	RfaB	Glycosyltransferase involved in cell wall bisynthesis	M	Cell wall/membrane/envelope biogenesis
NODE_12_length_58110_cov_5.554388_44	COG1091	224016	2.83e-76	39.098	RfbD	dTDP-4-dehydrorhamnose reductase	M	Cell wall/membrane/envelope biogenesis
NODE_12_length_58110_cov_5.554388_46	COG0480	223556	0.0	37.483	FusA	Translation elongation factor EF-G, a GTPase	J	Translation, ribosomal structure and biogenesis
NODE_12_length_58110_cov_5.554388_50	COG1091	224016	1.07e-70	35.495	RfbD	dTDP-4-dehydrorhamnose reductase	M	Cell wall/membrane/envelope biogenesis
NODE_12_length_58110_cov_5.554388_51	COG0010	223089	1.56e-56	29.808	SpeB	Arginase/agmatinase family enzyme	E	Amino acid transport and metabolism
NODE_12_length_58110_cov_5.554388_52	COG0589	223662	6.89e-12	25.85	UspA	Nucleotide-binding universal stress protein,  UspA family	T	Signal transduction mechanisms
NODE_12_length_58110_cov_5.554388_53	COG1196	224117	0.0	32.4	Smc	Chromosome segregation ATPase Smc	D	Cell cycle control, cell division, chromosome partitioning
NODE_12_length_58110_cov_5.554388_54	COG3169	225710	6.37e-36	54.63		Uncharacterized membrane protein, DMT/DUF486 family	S	Function unknown
NODE_12_length_58110_cov_5.554388_55	COG1225	224146	2.36e-28	30.769	Bcp	Peroxiredoxin	O	Posttranslational modification, protein turnover, chaperones
NODE_12_length_58110_cov_5.554388_57	COG2091	225002	1.47e-21	29.07	Sfp	Phosphopantetheinyl transferase	H	Coenzyme transport and metabolism
NODE_12_length_58110_cov_5.554388_58	COG1020	223951	1.07e-98	35.529	EntF	EntF, seryl-AMP synthase component  of non-ribosomal peptide synthetase	Q	Secondary metabolites biosynthesis, transport and catabolism
NODE_12_length_58110_cov_5.554388_59	COG0456	223532	0.000515	17.204	RimI	Ribosomal protein S18 acetylase RimI and related acetyltransferases	J	Translation, ribosomal structure and biogenesis
NODE_12_length_58110_cov_5.554388_60	COG5279	227604	2.87e-22	26.207	CYK3	Cytokinesis protein 3, contains TGc (transglutaminase/protease-like) domain	D	Cell cycle control, cell division, chromosome partitioning
NODE_13_length_58074_cov_5.669212_2	COG1088	224013	0.0	58.263	RfbB	dTDP-D-glucose 4,6-dehydratase	M	Cell wall/membrane/envelope biogenesis
NODE_13_length_58074_cov_5.669212_3	COG0451	223528	1.23e-75	38.58	WcaG	Nucleoside-diphosphate-sugar epimerase	M	Cell wall/membrane/envelope biogenesis
NODE_13_length_58074_cov_5.669212_4	COG0489	223563	3.6e-34	29.5	Mrp	Fe-S cluster carrier ATPase, Mrp/ApbC/NBP35 family	D	Cell cycle control, cell division, chromosome partitioning
NODE_13_length_58074_cov_5.669212_5	COG1596	224512	2.3e-21	30.357	Wza	Periplasmic protein Wza involved in polysaccharide export, contains SLBB domain of the beta-grasp fold	M	Cell wall/membrane/envelope biogenesis
NODE_13_length_58074_cov_5.669212_6	COG0250	223328	2.03e-19	31.677	NusG	Transcription termination/antitermination protein NusG	K	Transcription
NODE_13_length_58074_cov_5.669212_7	COG4299	226749	1.04e-75	31.463		Predicted acyltransferase, DUF1624 domain	R	General function prediction only
NODE_13_length_58074_cov_5.669212_8	COG1690	224604	3.68e-09	45.455	RtcB	RNA-splicing ligase RtcB, repairs tRNA damage	J	Translation, ribosomal structure and biogenesis
NODE_13_length_58074_cov_5.669212_9	COG0535	223609	1.7e-06	13.889	SkfB	Radical SAM superfamily maturase, SkfB/NifB/PqqE family	D	Cell cycle control, cell division, chromosome partitioning
NODE_13_length_58074_cov_5.669212_10	COG1514	224431	2.4e-09	22.527	ThpR	RNA 2',3'-cyclic phosphodiesterase (2'-5' RNA ligase)	J	Translation, ribosomal structure and biogenesis
NODE_13_length_58074_cov_5.669212_11	COG1514	224431	3.1e-05	17.877	ThpR	RNA 2',3'-cyclic phosphodiesterase (2'-5' RNA ligase)	J	Translation, ribosomal structure and biogenesis
NODE_13_length_58074_cov_5.669212_12	COG1974	224885	3.63e-26	37.143	LexA	SOS-response transcriptional repressor LexA (RecA-mediated autopeptidase)	K	Transcription
NODE_13_length_58074_cov_5.669212_13	COG0389	223466	8.9e-55	25.469	DinP	Nucleotidyltransferase/DNA polymerase DinP involved in DNA repair	L	Replication, recombination and repair
NODE_13_length_58074_cov_5.669212_14	COG0340	223417	4.91e-47	33.051	BirA2	Biotin-(acetyl-CoA carboxylase) ligase	H	Coenzyme transport and metabolism
NODE_13_length_58074_cov_5.669212_15	COG0799	223870	5.17e-37	41.818	RsfS	Ribosomal silencing factor RsfS, regulates association of 30S and 50S subunits	J	Translation, ribosomal structure and biogenesis
NODE_13_length_58074_cov_5.669212_16	COG0465	223541	0.0	49.126	HflB	ATP-dependent Zn proteases	O	Posttranslational modification, protein turnover, chaperones
NODE_13_length_58074_cov_5.669212_17	COG1556	224473	2.05e-28	28.251	LutC	L-lactate utilization protein LutC, contains LUD domain	C	Energy production and conversion
NODE_13_length_58074_cov_5.669212_18	COG2908	225460	2.37e-24	24.891	LpxH	UDP-2,3-diacylglucosamine pyrophosphatase LpxH	M	Cell wall/membrane/envelope biogenesis
NODE_13_length_58074_cov_5.669212_20	COG0526	223600	1.45e-08	21.782	TrxA	Thiol-disulfide isomerase or thioredoxin	O	Posttranslational modification, protein turnover, chaperones
NODE_13_length_58074_cov_5.669212_21	COG0789	223860	3.6e-06	23.684	SoxR	DNA-binding transcriptional regulator, MerR family	K	Transcription
NODE_13_length_58074_cov_5.669212_22	COG0739	223810	3.05e-49	34.746	NlpD	Murein DD-endopeptidase MepM and murein hydrolase activator NlpD, contains LysM domain	M	Cell wall/membrane/envelope biogenesis
NODE_13_length_58074_cov_5.669212_23	COG0013	223092	0.0	45.179	AlaS	Alanyl-tRNA synthetase	J	Translation, ribosomal structure and biogenesis
NODE_13_length_58074_cov_5.669212_24	COG0265	223343	1.03e-15	34.783	DegQ	Periplasmic serine protease, S1-C subfamily, contain C-terminal PDZ domain	O	Posttranslational modification, protein turnover, chaperones
NODE_13_length_58074_cov_5.669212_25	COG0526	223600	1.23e-13	27.559	TrxA	Thiol-disulfide isomerase or thioredoxin	O	Posttranslational modification, protein turnover, chaperones
NODE_13_length_58074_cov_5.669212_28	COG1629	224544	2.17e-16	15.58	CirA	Outer membrane receptor protein, Fe transport	P	Inorganic ion transport and metabolism
NODE_13_length_58074_cov_5.669212_30	COG1629	224544	3.7e-13	13.333	CirA	Outer membrane receptor protein, Fe transport	P	Inorganic ion transport and metabolism
NODE_13_length_58074_cov_5.669212_32	COG1139	224062	1.83e-173	43.601	LutB	L-lactate utilization protein LutB, contains a ferredoxin-type domain	C	Energy production and conversion
NODE_13_length_58074_cov_5.669212_34	COG0697	223769	1.13e-18	23.826	RhaT	Permease of the drug/metabolite transporter (DMT) superfamily	G	Carbohydrate transport and metabolism
NODE_13_length_58074_cov_5.669212_35	COG0138	223216	0.0	46.484	PurH	AICAR transformylase/IMP cyclohydrolase PurH	F	Nucleotide transport and metabolism
NODE_13_length_58074_cov_5.669212_36	COG0658	223731	2.93e-19	21.311	ComEC	DNA uptake channel protein ComEC, N-terminal domain	U	Intracellular trafficking, secretion, and vesicular transport
NODE_13_length_58074_cov_5.669212_37	COG2814	225371	3.45e-06	18.577	AraJ	Predicted arabinose efflux permease AraJ, MFS family	G	Carbohydrate transport and metabolism
NODE_13_length_58074_cov_5.669212_38	COG1629	224544	1.29e-20	14.578	CirA	Outer membrane receptor protein, Fe transport	P	Inorganic ion transport and metabolism
NODE_13_length_58074_cov_5.669212_41	COG0451	223528	2.74e-41	25.448	WcaG	Nucleoside-diphosphate-sugar epimerase	M	Cell wall/membrane/envelope biogenesis
NODE_13_length_58074_cov_5.669212_42	COG1250	224170	3.84e-119	45.614	FadB	3-hydroxyacyl-CoA dehydrogenase	I	Lipid transport and metabolism
NODE_13_length_58074_cov_5.669212_44	COG0016	223095	2.12e-149	46.087	PheS	Phenylalanyl-tRNA synthetase alpha subunit	J	Translation, ribosomal structure and biogenesis
NODE_13_length_58074_cov_5.669212_45	COG4771	227112	1.1e-31	20.879	FepA	Outer membrane receptor for ferrienterochelin and colicins	P	Inorganic ion transport and metabolism
NODE_14_length_57295_cov_5.522285_1	COG3461	225992	1.79e-25	47.297		Uncharacterized conserved protein	S	Function unknown
NODE_14_length_57295_cov_5.522285_2	COG1253	224173	5.12e-125	36.866	TlyC	Hemolysin-related protein, contains CBS domains, UPF0053 family	R	General function prediction only
NODE_14_length_57295_cov_5.522285_3	COG2226	225136	1.07e-06	32.5	UbiE	Ubiquinone/menaquinone biosynthesis C-methylase UbiE/MenG	H	Coenzyme transport and metabolism
NODE_14_length_57295_cov_5.522285_4	COG1109	224034	5.86e-97	34.273	ManB	Phosphomannomutase	G	Carbohydrate transport and metabolism
NODE_14_length_57295_cov_5.522285_5	COG1104	224029	4.95e-169	48.825	NifS	Cysteine desulfurase/Cysteine sulfinate desulfinase IscS or related enzyme, NifS family	E	Amino acid transport and metabolism
NODE_14_length_57295_cov_5.522285_7	COG0664	223736	8.09e-13	18.717	Crp	cAMP-binding domain of CRP or a regulatory subunit of cAMP-dependent protein kinases	T	Signal transduction mechanisms
NODE_14_length_57295_cov_5.522285_8	COG0538	223612	1.26e-172	31.529	Icd	Isocitrate dehydrogenase	C	Energy production and conversion
NODE_14_length_57295_cov_5.522285_10	COG0783	223854	1.76e-55	43.59	Dps	DNA-binding ferritin-like protein (oxidative damage protectant)	P	Inorganic ion transport and metabolism
NODE_14_length_57295_cov_5.522285_11	COG0231	223309	1.84e-34	40.458	Efp	Translation elongation factor P (EF-P)/translation initiation factor 5A (eIF-5A)	J	Translation, ribosomal structure and biogenesis
NODE_14_length_57295_cov_5.522285_12	COG0511	223585	8.33e-33	36.25	AccB	Biotin carboxyl carrier protein	I	Lipid transport and metabolism
NODE_14_length_57295_cov_5.522285_13	COG0439	223516	0.0	62.077	AccC	Biotin carboxylase	I	Lipid transport and metabolism
NODE_14_length_57295_cov_5.522285_17	COG2308	225190	0.003	21.782		Circularly permuted ATP-grasp protein	R	General function prediction only
NODE_14_length_57295_cov_5.522285_20	COG0332	223409	1.89e-138	50.0	FabH	3-oxoacyl-[acyl-carrier-protein] synthase III	I	Lipid transport and metabolism
NODE_14_length_57295_cov_5.522285_21	COG0632	223705	3.58e-61	46.5	RuvA	Holliday junction resolvasome RuvABC DNA-binding subunit	L	Replication, recombination and repair
NODE_14_length_57295_cov_5.522285_23	COG2989	225536	5.74e-16	30.588	YcbB	Murein L,D-transpeptidase YcbB/YkuD	M	Cell wall/membrane/envelope biogenesis
NODE_14_length_57295_cov_5.522285_25	COG4783	227122	1.13e-06	27.907	BepA	Outer membrane protein chaperone/metalloprotease BepA/YfgC, contains M48 and TPR domains	M	Cell wall/membrane/envelope biogenesis
NODE_14_length_57295_cov_5.522285_26	COG0823	223893	4.75e-21	23.529	TolB	Periplasmic component TolB of the Tol biopolymer transport system	U	Intracellular trafficking, secretion, and vesicular transport
NODE_14_length_57295_cov_5.522285_28	COG0622	223695	6.91e-20	27.66	YfcE	Predicted phosphodiesterase, calcineurin family	R	General function prediction only
NODE_14_length_57295_cov_5.522285_29	COG3508	226039	3.25e-79	24.213	HmgA	Homogentisate 1,2-dioxygenase	Q	Secondary metabolites biosynthesis, transport and catabolism
NODE_14_length_57295_cov_5.522285_31	COG0361	223438	8.61e-34	62.5	InfA	Translation initiation factor IF-1	J	Translation, ribosomal structure and biogenesis
NODE_14_length_57295_cov_5.522285_32	COG0099	223177	9.28e-57	62.185	RpsM	Ribosomal protein S13	J	Translation, ribosomal structure and biogenesis
NODE_14_length_57295_cov_5.522285_33	COG0100	223178	7.14e-49	62.698	RpsK	Ribosomal protein S11	J	Translation, ribosomal structure and biogenesis
NODE_14_length_57295_cov_5.522285_34	COG0522	223596	9.27e-78	50.485	RpsD	Ribosomal protein S4 or related protein	J	Translation, ribosomal structure and biogenesis
NODE_14_length_57295_cov_5.522285_35	COG0202	223280	9.87e-106	42.32	RpoA	DNA-directed RNA polymerase, alpha subunit/40 kD subunit	K	Transcription
NODE_14_length_57295_cov_5.522285_36	COG0203	223281	3.97e-53	56.897	RplQ	Ribosomal protein L17	J	Translation, ribosomal structure and biogenesis
NODE_14_length_57295_cov_5.522285_37	COG4714	227058	8.12e-19	32.203		Uncharacterized membrane-anchored protein	S	Function unknown
NODE_14_length_57295_cov_5.522285_38	COG4714	227058	1.14e-07	40.909		Uncharacterized membrane-anchored protein	S	Function unknown
NODE_14_length_57295_cov_5.522285_39	COG0505	223579	0.0	53.846	CarA	Carbamoylphosphate synthase small subunit	E	Amino acid transport and metabolism
NODE_14_length_57295_cov_5.522285_40	COG0757	223828	8.25e-60	50.735	AroQ	3-dehydroquinate dehydratase	E	Amino acid transport and metabolism
NODE_14_length_57295_cov_5.522285_41	COG1289	224208	2.29e-41	20.325	YccC	Uncharacterized membrane protein YccC	S	Function unknown
NODE_14_length_57295_cov_5.522285_43	COG0427	223504	9.36e-85	36.55	ACH1	Propionyl CoA:succinate CoA transferase	C	Energy production and conversion
NODE_14_length_57295_cov_5.522285_46	COG0334	223411	1.82e-131	41.099	GdhA	Glutamate dehydrogenase/leucine dehydrogenase	E	Amino acid transport and metabolism
NODE_14_length_57295_cov_5.522285_49	COG2386	225260	2.42e-05	21.963	CcmB	ABC-type transport system involved in cytochrome c biogenesis, permease component	O	Posttranslational modification, protein turnover, chaperones
NODE_14_length_57295_cov_5.522285_50	COG1435	224352	2.8e-73	46.809	Tdk	Thymidine kinase	F	Nucleotide transport and metabolism
NODE_14_length_57295_cov_5.522285_52	COG1519	224436	3.69e-59	24.337	KdtA	3-deoxy-D-manno-octulosonic-acid transferase	M	Cell wall/membrane/envelope biogenesis
NODE_14_length_57295_cov_5.522285_53	COG0399	223476	1.71e-142	40.0	WecE	dTDP-4-amino-4,6-dideoxygalactose transaminase	M	Cell wall/membrane/envelope biogenesis
NODE_14_length_57295_cov_5.522285_54	COG1004	223936	0.0	56.699	Ugd	UDP-glucose 6-dehydrogenase	M	Cell wall/membrane/envelope biogenesis
NODE_14_length_57295_cov_5.522285_55	COG0451	223528	2.41e-72	34.568	WcaG	Nucleoside-diphosphate-sugar epimerase	M	Cell wall/membrane/envelope biogenesis
NODE_14_length_57295_cov_5.522285_56	COG0677	223749	2.42e-141	37.412	WecC	UDP-N-acetyl-D-mannosaminuronate dehydrogenase	M	Cell wall/membrane/envelope biogenesis
NODE_14_length_57295_cov_5.522285_57	COG1898	224810	2.92e-75	48.824	RfbC	dTDP-4-dehydrorhamnose 3,5-epimerase or related enzyme	M	Cell wall/membrane/envelope biogenesis
NODE_14_length_57295_cov_5.522285_58	COG1091	224016	8.04e-122	46.809	RfbD	dTDP-4-dehydrorhamnose reductase	M	Cell wall/membrane/envelope biogenesis
NODE_14_length_57295_cov_5.522285_60	COG4251	226702	5.02e-57	39.535		Bacteriophytochrome (light-regulated signal transduction histidine kinase)	T	Signal transduction mechanisms
NODE_14_length_57295_cov_5.522285_62	COG0727	223799	6.26e-10	27.381	YkgJ	Uncharacterized protein YkgJ, contains CxxCxxCC motif	R	General function prediction only
NODE_15_length_55023_cov_5.456757_2	COG1905	224817	6.52e-68	43.671	NuoE	NADH:ubiquinone oxidoreductase 24 kD subunit (chain E)	C	Energy production and conversion
NODE_15_length_55023_cov_5.456757_3	COG0649	223722	3.28e-162	44.162	NuoD	NADH:ubiquinone oxidoreductase 49 kD subunit (chain D)	C	Energy production and conversion
NODE_15_length_55023_cov_5.456757_4	COG0852	223921	6.48e-38	37.908	NuoC	NADH:ubiquinone oxidoreductase 27 kD subunit (chain C)	C	Energy production and conversion
NODE_15_length_55023_cov_5.456757_5	COG0377	223454	6.44e-75	48.538	NuoB	NADH:ubiquinone oxidoreductase 20 kD subunit (chain B) or related Fe-S oxidoreductase	C	Energy production and conversion
NODE_15_length_55023_cov_5.456757_6	COG0838	223908	8e-30	41.739	NuoA	NADH:ubiquinone oxidoreductase subunit 3 (chain A)	C	Energy production and conversion
NODE_15_length_55023_cov_5.456757_7	COG5010	227343	2.19e-07	22.835	TadD	Flp pilus assembly protein TadD, contains TPR repeats	U	Intracellular trafficking, secretion, and vesicular transport
NODE_15_length_55023_cov_5.456757_8	COG0226	223304	3.32e-07	20.619	PstS	ABC-type phosphate transport system, periplasmic component	P	Inorganic ion transport and metabolism
NODE_15_length_55023_cov_5.456757_10	COG0810	223880	2.5e-08	31.884	TonB	Periplasmic protein TonB, links inner and outer membranes	M	Cell wall/membrane/envelope biogenesis
NODE_15_length_55023_cov_5.456757_11	COG0394	223471	4.98e-37	34.722	Wzb	Protein-tyrosine-phosphatase	T	Signal transduction mechanisms
NODE_15_length_55023_cov_5.456757_12	COG0124	223202	5.65e-129	33.917	HisS	Histidyl-tRNA synthetase	J	Translation, ribosomal structure and biogenesis
NODE_15_length_55023_cov_5.456757_14	COG0183	223261	1.17e-135	41.176	PaaJ	Acetyl-CoA acetyltransferase	I	Lipid transport and metabolism
NODE_15_length_55023_cov_5.456757_15	COG0820	223890	8.15e-132	43.695	RlmN	Adenine C2-methylase RlmN of 23S rRNA A2503 and tRNA A37	J	Translation, ribosomal structure and biogenesis
NODE_15_length_55023_cov_5.456757_16	COG3678	226203	0.000191	22.449	CpxP	Periplasmic chaperone Spy, Spy/CpxP family	O	Posttranslational modification, protein turnover, chaperones
NODE_15_length_55023_cov_5.456757_17	COG1187	224108	4.76e-84	41.7	RsuA	Pseudouridylate synthase RsuA, specific for 16S rRNA U516  and 23S rRNA U2605	J	Translation, ribosomal structure and biogenesis
NODE_15_length_55023_cov_5.456757_18	COG0564	223638	5.92e-67	39.224	RluA	Pseudouridine synthase RluA, 23S rRNA- or tRNA-specific	J	Translation, ribosomal structure and biogenesis
NODE_15_length_55023_cov_5.456757_19	COG0450	223527	4.85e-77	37.563	AhpC	Alkyl hydroperoxide reductase subunit AhpC (peroxiredoxin)	V	Defense mechanisms
NODE_15_length_55023_cov_5.456757_20	COG1765	224679	8.66e-32	36.752	YhfA	Uncharacterized OsmC-related protein	R	General function prediction only
NODE_15_length_55023_cov_5.456757_21	COG0053	223131	2.58e-71	32.404	FieF	Divalent metal cation (Fe/Co/Zn/Cd) efflux pump	P	Inorganic ion transport and metabolism
NODE_15_length_55023_cov_5.456757_22	COG0605	223678	2.34e-95	47.783	SodA	Superoxide dismutase	P	Inorganic ion transport and metabolism
NODE_15_length_55023_cov_5.456757_23	COG0795	223866	2.15e-34	20.316	LptF	Lipopolysaccharide export LptBFGC system, permease protein LptF	M	Cell wall/membrane/envelope biogenesis
NODE_15_length_55023_cov_5.456757_25	COG3832	226353	0.000683	22.892	YndB	Chalcone/flavanone-binding protein YndB, AHSA1/START/SRPBCC domain	I	Lipid transport and metabolism
NODE_15_length_55023_cov_5.456757_27	COG0568	223642	9.14e-80	42.857	RpoD	DNA-directed RNA polymerase, sigma subunit (sigma70/sigma32)	K	Transcription
NODE_15_length_55023_cov_5.456757_28	COG0541	223615	0.0	54.751	Ffh	Signal recognition particle GTPase	U	Intracellular trafficking, secretion, and vesicular transport
NODE_15_length_55023_cov_5.456757_32	COG2353	225228	4.07e-10	34.043	YceI	Polyisoprenoid-binding periplasmic protein YceI	R	General function prediction only
NODE_15_length_55023_cov_5.456757_33	COG0228	223306	3.29e-36	67.568	RpsP	Ribosomal protein S16	J	Translation, ribosomal structure and biogenesis
NODE_15_length_55023_cov_5.456757_34	COG0806	223877	2.54e-18	25.714	RimM	Ribosomal 30S subunit maturation factor RimM, required for 16S rRNA processing	J	Translation, ribosomal structure and biogenesis
NODE_15_length_55023_cov_5.456757_36	COG0389	223466	2.18e-106	39.017	DinP	Nucleotidyltransferase/DNA polymerase DinP involved in DNA repair	L	Replication, recombination and repair
NODE_15_length_55023_cov_5.456757_37	COG1090	224015	7.35e-102	39.404	YfcH	NAD dependent epimerase/dehydratase family enzyme	R	General function prediction only
NODE_15_length_55023_cov_5.456757_39	COG1250	224170	3.93e-78	29.841	FadB	3-hydroxyacyl-CoA dehydrogenase	I	Lipid transport and metabolism
NODE_15_length_55023_cov_5.456757_41	COG0519	223593	0.0	61.635	GuaA2	GMP synthase, PP-ATPase domain/subunit	F	Nucleotide transport and metabolism
NODE_15_length_55023_cov_5.456757_42	COG0683	223755	3e-07	17.35	LivK	ABC-type branched-chain amino acid transport system, periplasmic component	E	Amino acid transport and metabolism
NODE_15_length_55023_cov_5.456757_43	COG0664	223736	3.69e-06	24.242	Crp	cAMP-binding domain of CRP or a regulatory subunit of cAMP-dependent protein kinases	T	Signal transduction mechanisms
NODE_15_length_55023_cov_5.456757_47	COG1236	224157	1.26e-37	20.581	YSH1	RNA processing exonuclease, beta-lactamase fold, Cft2 family	J	Translation, ribosomal structure and biogenesis
NODE_15_length_55023_cov_5.456757_48	COG1793	224706	5.69e-80	30.982	CDC9	ATP-dependent DNA ligase	L	Replication, recombination and repair
NODE_15_length_55023_cov_5.456757_50	COG2010	224921	0.001	30.0	CccA	Cytochrome c, mono- and diheme variants	C	Energy production and conversion
NODE_15_length_55023_cov_5.456757_52	COG1345	224264	0.006	14.235	FliD	Flagellar capping protein FliD	N	Cell motility
NODE_15_length_55023_cov_5.456757_54	COG0412	223489	3.26e-58	26.971	DLH	Dienelactone hydrolase	Q	Secondary metabolites biosynthesis, transport and catabolism
NODE_16_length_54093_cov_5.712768_1	COG0642	223715	1.44e-55	28.696	BaeS	Signal transduction histidine kinase	T	Signal transduction mechanisms
NODE_16_length_54093_cov_5.712768_2	COG0745	223816	6.08e-78	44.053	OmpR	DNA-binding response regulator, OmpR family, contains REC and winged-helix (wHTH) domain	T	Signal transduction mechanisms
NODE_16_length_54093_cov_5.712768_4	COG1132	224055	8.45e-175	37.478	MdlB	ABC-type multidrug transport system, ATPase and permease component	V	Defense mechanisms
NODE_16_length_54093_cov_5.712768_6	COG0356	223433	1.53e-35	29.114	AtpB	FoF1-type ATP synthase, membrane subunit a	C	Energy production and conversion
NODE_16_length_54093_cov_5.712768_8	COG0711	223783	4.16e-25	34.81	AtpF	FoF1-type ATP synthase, membrane subunit b or b'	C	Energy production and conversion
NODE_16_length_54093_cov_5.712768_9	COG0712	223784	3.45e-35	34.104	AtpH	FoF1-type ATP synthase, delta subunit	C	Energy production and conversion
NODE_16_length_54093_cov_5.712768_10	COG0056	223134	0.0	63.043	AtpA	FoF1-type ATP synthase, alpha subunit	C	Energy production and conversion
NODE_16_length_54093_cov_5.712768_15	COG4206	226664	4.41e-80	24.881	BtuB	Outer membrane cobalamin receptor protein BtuB	H	Coenzyme transport and metabolism
NODE_16_length_54093_cov_5.712768_16	COG0531	223605	2.44e-34	26.201	PotE	Serine transporter YbeC, amino acid:H+ symporter family	E	Amino acid transport and metabolism
NODE_16_length_54093_cov_5.712768_18	COG1538	224455	1.06e-43	23.678	TolC	Outer membrane protein TolC	M	Cell wall/membrane/envelope biogenesis
NODE_16_length_54093_cov_5.712768_19	COG1566	224482	1.13e-31	24.359	EmrA	Multidrug resistance efflux pump EmrA	V	Defense mechanisms
NODE_16_length_54093_cov_5.712768_20	COG0526	223600	1.11e-06	22.018	TrxA	Thiol-disulfide isomerase or thioredoxin	O	Posttranslational modification, protein turnover, chaperones
NODE_16_length_54093_cov_5.712768_21	COG0240	223318	1.6e-91	33.134	GpsA	Glycerol-3-phosphate dehydrogenase	C	Energy production and conversion
NODE_16_length_54093_cov_5.712768_22	COG3513	226044	5.46e-19	20.403	Cas9	CRISPR-Cas system type-II protein Cas9	V	Defense mechanisms
NODE_16_length_54093_cov_5.712768_23	COG3513	226044	0.000534	35.714	Cas9	CRISPR-Cas system type-II protein Cas9	V	Defense mechanisms
NODE_16_length_54093_cov_5.712768_24	COG3513	226044	9.2e-07	28.846	Cas9	CRISPR-Cas system type-II protein Cas9	V	Defense mechanisms
NODE_16_length_54093_cov_5.712768_25	COG0635	223708	1.37e-123	37.731	HemN	Coproporphyrinogen-III oxidase HemN  (oxygen-independent) or related Fe-S oxidoreductase	H	Coenzyme transport and metabolism
NODE_16_length_54093_cov_5.712768_26	COG4775	227116	4.86e-26	18.167	BamA	Outer membrane protein assembly factor BamA	M	Cell wall/membrane/envelope biogenesis
NODE_16_length_54093_cov_5.712768_28	COG1587	224503	2.96e-30	22.266	HemD	Uroporphyrinogen-III synthase	H	Coenzyme transport and metabolism
NODE_16_length_54093_cov_5.712768_30	COG1262	224182	2.62e-31	20.611	YfmG	Formylglycine-generating enzyme, required for sulfatase activity, contains SUMF1/FGE domain	O	Posttranslational modification, protein turnover, chaperones
NODE_16_length_54093_cov_5.712768_35	COG0322	223399	2.3e-171	42.114	UvrC	Excinuclease UvrABC, nuclease subunit	L	Replication, recombination and repair
NODE_16_length_54093_cov_5.712768_38	COG1595	224511	1.05e-31	22.652	RpoE	DNA-directed RNA polymerase specialized sigma subunit, sigma24 family	K	Transcription
NODE_16_length_54093_cov_5.712768_39	COG4992	227325	1.24e-128	40.943	ArgD	Acetylornithine/succinyldiaminopimelate/putrescine aminotransferase	E	Amino acid transport and metabolism
NODE_16_length_54093_cov_5.712768_41	COG1846	224759	1.02e-07	17.647	MarR	DNA-binding transcriptional regulator, MarR family	K	Transcription
NODE_16_length_54093_cov_5.712768_43	COG4452	226859	7.26e-39	25.846	CreD	Inner membrane protein CreD involved in colicin E2 resistance	V	Defense mechanisms
NODE_16_length_54093_cov_5.712768_44	COG0818	223888	3.82e-30	40.179	DgkA	Diacylglycerol kinase	I	Lipid transport and metabolism
NODE_16_length_54093_cov_5.712768_45	COG4330	226780	8.74e-10	33.333		Uncharacterized membrane protein, DUF1361 domain	S	Function unknown
NODE_16_length_54093_cov_5.712768_46	COG0823	223893	9.58e-05	20.635	TolB	Periplasmic component TolB of the Tol biopolymer transport system	U	Intracellular trafficking, secretion, and vesicular transport
NODE_16_length_54093_cov_5.712768_47	COG0491	223565	9.73e-42	29.091	GloB	Glyoxylase or a related metal-dependent hydrolase, beta-lactamase superfamily II	R	General function prediction only
NODE_16_length_54093_cov_5.712768_48	COG0663	223735	2.93e-58	43.21	PaaY	Carbonic anhydrase or acetyltransferase, isoleucine patch superfamily	R	General function prediction only
NODE_17_length_51538_cov_5.681429_1	COG3858	226376	3.29e-56	27.64	SleL	Spore cortex hydrolase SleL/YaaH, N-acetylglucosaminidase of GH18 family	D	Cell cycle control, cell division, chromosome partitioning
NODE_17_length_51538_cov_5.681429_2	COG2812	225369	7.32e-144	39.91	DnaX	DNA polymerase III, gamma/tau subunits	L	Replication, recombination and repair
NODE_17_length_51538_cov_5.681429_4	COG2509	225307	1.75e-114	34.016		FAD-dependent dehydrogenase	R	General function prediction only
NODE_17_length_51538_cov_5.681429_5	COG2885	225439	1.79e-40	39.167	OmpA	Outer membrane protein OmpA and related peptidoglycan-associated (lipo)proteins	M	Cell wall/membrane/envelope biogenesis
NODE_17_length_51538_cov_5.681429_6	COG0593	223666	4.82e-147	39.348	DnaA	Chromosomal replication initiation ATPase DnaA	L	Replication, recombination and repair
NODE_17_length_51538_cov_5.681429_8	COG2197	225107	1.76e-70	37.736	CitB	DNA-binding response regulator, NarL/FixJ family, contains REC and HTH domains	T	Signal transduction mechanisms
NODE_17_length_51538_cov_5.681429_9	COG0671	223743	3.06e-08	22.335	PgpB	Membrane-associated phospholipid phosphatase	I	Lipid transport and metabolism
NODE_17_length_51538_cov_5.681429_11	COG0178	223256	0.0	59.683	UvrA	Excinuclease UvrABC ATPase subunit	L	Replication, recombination and repair
NODE_17_length_51538_cov_5.681429_15	COG2153	225064	4.09e-56	43.624	ElaA	Predicted N-acyltransferase, GNAT family	R	General function prediction only
NODE_17_length_51538_cov_5.681429_16	COG2234	225143	3.25e-22	22.097	Iap	Zn-dependent amino- or carboxypeptidase, M28 family	O	Posttranslational modification, protein turnover, chaperones
NODE_17_length_51538_cov_5.681429_17	COG2256	225165	0.0	52.594	RarA	Replication-associated recombination protein RarA (DNA-dependent ATPase)	L	Replication, recombination and repair
NODE_17_length_51538_cov_5.681429_20	COG5661	227948	4.04e-08	24.39		Predicted secreted Zn-dependent protease	O	Posttranslational modification, protein turnover, chaperones
NODE_17_length_51538_cov_5.681429_21	COG0810	223880	5.41e-06	34.328	TonB	Periplasmic protein TonB, links inner and outer membranes	M	Cell wall/membrane/envelope biogenesis
NODE_17_length_51538_cov_5.681429_22	COG1428	224345	2.43e-56	37.981	Dck	Deoxyadenosine/deoxycytidine kinase	F	Nucleotide transport and metabolism
NODE_17_length_51538_cov_5.681429_23	COG0180	223258	4.26e-126	45.57	TrpS	Tryptophanyl-tRNA synthetase	J	Translation, ribosomal structure and biogenesis
NODE_17_length_51538_cov_5.681429_24	COG2201	225111	1.37e-44	37.342	CheB	Chemotaxis response regulator CheB, contains REC and protein-glutamate methylesterase domains	T	Signal transduction mechanisms
NODE_17_length_51538_cov_5.681429_25	COG1352	224271	1.94e-67	34.457	CheR	Methylase of chemotaxis methyl-accepting proteins	T	Signal transduction mechanisms
NODE_17_length_51538_cov_5.681429_26	COG0745	223816	4.89e-27	34.211	OmpR	DNA-binding response regulator, OmpR family, contains REC and winged-helix (wHTH) domain	T	Signal transduction mechanisms
NODE_17_length_51538_cov_5.681429_27	COG0642	223715	1.08e-54	35.273	BaeS	Signal transduction histidine kinase	T	Signal transduction mechanisms
NODE_17_length_51538_cov_5.681429_28	COG4251	226702	6.13e-61	37.795		Bacteriophytochrome (light-regulated signal transduction histidine kinase)	T	Signal transduction mechanisms
NODE_17_length_51538_cov_5.681429_29	COG2234	225143	2.01e-19	32.031	Iap	Zn-dependent amino- or carboxypeptidase, M28 family	O	Posttranslational modification, protein turnover, chaperones
NODE_17_length_51538_cov_5.681429_32	COG1136	224059	4.8e-120	50.442	LolD	ABC-type lipoprotein export system, ATPase component	M	Cell wall/membrane/envelope biogenesis
NODE_17_length_51538_cov_5.681429_33	COG2096	225007	4.55e-72	48.352	PduO	Cob(II)alamin adenosyltransferase	H	Coenzyme transport and metabolism
NODE_17_length_51538_cov_5.681429_34	COG1136	224059	2.53e-113	51.364	LolD	ABC-type lipoprotein export system, ATPase component	M	Cell wall/membrane/envelope biogenesis
NODE_17_length_51538_cov_5.681429_37	COG4585	226951	7.45e-33	27.273	ComP	Signal transduction histidine kinase ComP	T	Signal transduction mechanisms
NODE_17_length_51538_cov_5.681429_41	COG0112	223190	0.0	57.143	GlyA	Glycine/serine hydroxymethyltransferase	E	Amino acid transport and metabolism
NODE_17_length_51538_cov_5.681429_42	COG1208	224129	8.97e-65	32.749	GCD1	NDP-sugar pyrophosphorylase, includes eIF-2Bgamma, eIF-2Bepsilon, and LPS biosynthesis protein s	J	Translation, ribosomal structure and biogenesis
NODE_17_length_51538_cov_5.681429_44	COG0496	223570	2.87e-98	44.664	SurE	Broad specificity polyphosphatase and 5'/3'-nucleotidase SurE	L	Replication, recombination and repair
NODE_17_length_51538_cov_5.681429_45	COG1813	224726	4.16e-08	29.508	aMBF1	Archaeal ribosome-binding protein aMBF1, putative translation factor, contains Zn-ribbon and HTH domains	J	Translation, ribosomal structure and biogenesis
NODE_17_length_51538_cov_5.681429_46	COG1407	224325	2.2e-26	27.473		Metallophosphoesterase superfamily enzyme	R	General function prediction only
NODE_17_length_51538_cov_5.681429_47	COG1597	224513	3.1e-39	27.682	LCB5	Phosphatidylglycerol kinase, diacylglycerol kinase family	I	Lipid transport and metabolism
NODE_17_length_51538_cov_5.681429_48	COG0705	223777	9.04e-33	33.333	GlpG	Membrane-associated serine protease, rhomboid family	O	Posttranslational modification, protein turnover, chaperones
NODE_17_length_51538_cov_5.681429_49	COG0724	223796	4.46e-20	39.759	RRM	RNA recognition motif (RRM) domain	J	Translation, ribosomal structure and biogenesis
NODE_17_length_51538_cov_5.681429_52	COG0359	223436	2.07e-39	39.189	RplI	Ribosomal protein L9	J	Translation, ribosomal structure and biogenesis
NODE_17_length_51538_cov_5.681429_53	COG0238	223316	1.56e-28	59.701	RpsR	Ribosomal protein S18	J	Translation, ribosomal structure and biogenesis
NODE_17_length_51538_cov_5.681429_54	COG0360	223437	2.48e-22	34.694	RpsF	Ribosomal protein S6	J	Translation, ribosomal structure and biogenesis
NODE_18_length_50087_cov_5.770971_1	COG0151	223229	0.0	46.479	PurD	Phosphoribosylamine-glycine ligase	F	Nucleotide transport and metabolism
NODE_18_length_50087_cov_5.770971_2	COG3483	226014	2.56e-46	30.189	TDO2	Tryptophan 2,3-dioxygenase (vermilion)	E	Amino acid transport and metabolism
NODE_18_length_50087_cov_5.770971_3	COG1472	224389	6.75e-68	32.642	BglX	Periplasmic beta-glucosidase and related glycosidases	G	Carbohydrate transport and metabolism
NODE_18_length_50087_cov_5.770971_4	COG1714	224628	2.14e-15	27.586	YckC	Uncharacterized membrane protein YckC, RDD family	S	Function unknown
NODE_18_length_50087_cov_5.770971_5	COG1774	224688	2.33e-52	38.326	YaaT	Cell fate regulator YaaT, PSP1 superfamily (controls sporulation, competence, biofilm development)	T	Signal transduction mechanisms
NODE_18_length_50087_cov_5.770971_6	COG2812	225369	5.51e-15	29.213	DnaX	DNA polymerase III, gamma/tau subunits	L	Replication, recombination and repair
NODE_18_length_50087_cov_5.770971_7	COG0386	223463	6.52e-76	51.974	BtuE	Thioredoxin/glutathione peroxidase BtuE, reduces lipid peroxides	V	Defense mechanisms
NODE_18_length_50087_cov_5.770971_9	COG1040	223970	1.19e-36	29.333	ComFC	DNA utilization protein ComFC/GntX, contains phosphoribosyltransferase domain	R	General function prediction only
NODE_18_length_50087_cov_5.770971_10	COG1066	223993	0.0	52.07	Sms	DNA repair protein RadA/Sms, contains AAA+ ATPase domain	L	Replication, recombination and repair
NODE_18_length_50087_cov_5.770971_11	COG2738	225348	1.69e-78	45.291	YugP	Zn-dependent membrane protease YugP	O	Posttranslational modification, protein turnover, chaperones
NODE_18_length_50087_cov_5.770971_12	COG1530	224447	4.9e-126	35.608	CafA	Ribonuclease G or E	J	Translation, ribosomal structure and biogenesis
NODE_18_length_50087_cov_5.770971_13	COG4235	226687	0.002	20.87	NrfG	Cytochrome c-type biogenesis protein CcmH/NrfG	C	Energy production and conversion
NODE_18_length_50087_cov_5.770971_14	COG0776	223847	4.04e-23	38.043	HimA	Bacterial nucleoid DNA-binding protein IHF-alpha	L	Replication, recombination and repair
NODE_18_length_50087_cov_5.770971_15	COG1194	224115	2.85e-113	38.571	MutY	Adenine-specific DNA glycosylase, acts on AG and A-oxoG pairs	L	Replication, recombination and repair
NODE_18_length_50087_cov_5.770971_16	COG0629	223702	1.35e-37	34.667	Ssb	Single-stranded DNA-binding protein	L	Replication, recombination and repair
NODE_18_length_50087_cov_5.770971_17	COG1253	224173	2.01e-82	28.814	TlyC	Hemolysin-related protein, contains CBS domains, UPF0053 family	R	General function prediction only
NODE_18_length_50087_cov_5.770971_22	COG1940	224851	8.75e-25	24.903	NagC	Sugar kinase of the NBD/HSP70 family, may contain an N-terminal HTH domain	G	Carbohydrate transport and metabolism
NODE_18_length_50087_cov_5.770971_26	COG1247	224168	0.000408	23.077	MnaT	L-amino acid N-acyltransferase MnaT	E	Amino acid transport and metabolism
NODE_18_length_50087_cov_5.770971_27	COG4805	227142	2.65e-150	39.173		Uncharacterized conserved protein, DUF885 family	S	Function unknown
NODE_18_length_50087_cov_5.770971_30	COG0323	223400	5.86e-176	33.909	MutL	DNA mismatch repair ATPase MutL	L	Replication, recombination and repair
NODE_18_length_50087_cov_5.770971_36	COG2027	224938	2.28e-41	24.353	DacB	D-alanyl-D-alanine carboxypeptidase	M	Cell wall/membrane/envelope biogenesis
NODE_18_length_50087_cov_5.770971_37	COG3590	226118	0.0	42.791	PepO	Predicted metalloendopeptidase	O	Posttranslational modification, protein turnover, chaperones
NODE_18_length_50087_cov_5.770971_38	COG0491	223565	1.23e-11	20.482	GloB	Glyoxylase or a related metal-dependent hydrolase, beta-lactamase superfamily II	R	General function prediction only
NODE_18_length_50087_cov_5.770971_39	COG0772	223843	2.67e-54	28.281	FtsW	Peptodoglycan polymerase FtsW/RodA/SpoVE	D	Cell cycle control, cell division, chromosome partitioning
NODE_18_length_50087_cov_5.770971_40	COG0768	223839	4.59e-117	28.776	FtsI	Cell division protein FtsI, peptidoglycan transpeptidase (Penicillin-binding protein 2)	D	Cell cycle control, cell division, chromosome partitioning
NODE_18_length_50087_cov_5.770971_42	COG1792	224705	2.45e-20	21.514	MreC	Cell shape-determining protein MreC	D	Cell cycle control, cell division, chromosome partitioning
NODE_18_length_50087_cov_5.770971_43	COG1077	224003	5.63e-139	51.786	MreB	Cell shape-determining ATPase MreB, actin-like superfamily	D	Cell cycle control, cell division, chromosome partitioning
NODE_18_length_50087_cov_5.770971_44	COG0821	223891	1.57e-35	34.132	IspG	4-hydroxy-3-methylbut-2-en-1-yl diphosphate synthase IspG/GcpE	I	Lipid transport and metabolism
NODE_18_length_50087_cov_5.770971_45	COG4783	227122	7.24e-08	19.463	BepA	Outer membrane protein chaperone/metalloprotease BepA/YfgC, contains M48 and TPR domains	M	Cell wall/membrane/envelope biogenesis
NODE_18_length_50087_cov_5.770971_46	COG1240	224161	2.21e-06	23.786	ChlD	vWFA (von Willebrand factor type A) domain of Mg and Co chelatases	H	Coenzyme transport and metabolism
NODE_18_length_50087_cov_5.770971_48	COG2602	225322	2.4e-66	40.833	YbxI	Beta-lactamase class D	V	Defense mechanisms
NODE_19_length_49976_cov_5.701623_1	COG0664	223736	8.73e-10	17.347	Crp	cAMP-binding domain of CRP or a regulatory subunit of cAMP-dependent protein kinases	T	Signal transduction mechanisms
NODE_19_length_49976_cov_5.701623_2	COG2143	225054	0.000795	18.471	SoxW	Thioredoxin-related protein SoxW	O	Posttranslational modification, protein turnover, chaperones
NODE_19_length_49976_cov_5.701623_3	COG1295	224214	4.05e-40	31.102	BrkB	Uncharacterized membrane protein, BrkB/YihY/UPF0761 family (not an RNase)	S	Function unknown
NODE_19_length_49976_cov_5.701623_4	COG1559	224475	3.43e-75	31.548	MltG	Endolytic transglycosylase MltG, terminates peptidoglycan polymerization	M	Cell wall/membrane/envelope biogenesis
NODE_19_length_49976_cov_5.701623_5	COG1314	224233	2.69e-10	28.788	SecG	Protein translocase subunit SecG	U	Intracellular trafficking, secretion, and vesicular transport
NODE_19_length_49976_cov_5.701623_8	COG2204	225114	2.4e-129	38.916	AtoC	DNA-binding transcriptional response regulator, NtrC family, contains REC, AAA-type ATPase, and a Fis-type DNA-binding domains	T	Signal transduction mechanisms
NODE_19_length_49976_cov_5.701623_9	COG0621	223694	2.41e-167	40.315	MiaB	tRNA A37 methylthiotransferase MiaB	J	Translation, ribosomal structure and biogenesis
NODE_19_length_49976_cov_5.701623_10	COG1629	224544	2.95e-20	16.383	CirA	Outer membrane receptor protein, Fe transport	P	Inorganic ion transport and metabolism
NODE_19_length_49976_cov_5.701623_12	COG0247	223325	2.56e-59	35.409	GlpC	Fe-S cluster-containing oxidoreductase, includes glycolate oxidase subunit GlcF	C	Energy production and conversion
NODE_19_length_49976_cov_5.701623_14	COG1280	224199	0.000255	16.0	RhtB	Threonine/homoserine/homoserine lactone efflux protein	E	Amino acid transport and metabolism
NODE_19_length_49976_cov_5.701623_16	COG0668	223740	1.54e-32	33.173	MscS	Small-conductance mechanosensitive channel	M	Cell wall/membrane/envelope biogenesis
NODE_19_length_49976_cov_5.701623_17	COG0018	223097	5.36e-135	31.732	ArgS	Arginyl-tRNA synthetase	J	Translation, ribosomal structure and biogenesis
NODE_19_length_49976_cov_5.701623_21	COG0443	223520	0.0	62.116	DnaK	Molecular chaperone DnaK (HSP70)	O	Posttranslational modification, protein turnover, chaperones
NODE_19_length_49976_cov_5.701623_24	COG1640	224555	1.63e-76	23.263	MalQ	4-alpha-glucanotransferase	G	Carbohydrate transport and metabolism
NODE_19_length_49976_cov_5.701623_25	COG4948	227284	3.09e-49	26.554	RspA	L-alanine-DL-glutamate epimerase or related enzyme of enolase superfamily	M	Cell wall/membrane/envelope biogenesis
NODE_19_length_49976_cov_5.701623_26	COG3590	226118	0.0	37.311	PepO	Predicted metalloendopeptidase	O	Posttranslational modification, protein turnover, chaperones
NODE_19_length_49976_cov_5.701623_29	COG0043	223121	0.0	41.595	UbiD	3-polyprenyl-4-hydroxybenzoate decarboxylase	H	Coenzyme transport and metabolism
NODE_19_length_49976_cov_5.701623_30	COG0458	223534	1.4e-17	22.481	CarB	Carbamoylphosphate synthase large subunit	E	Amino acid transport and metabolism
NODE_19_length_49976_cov_5.701623_31	COG3735	226258	0.000562	19.444	TraB	Uncharacterized conserved protein YbaP, TraB family	S	Function unknown
NODE_19_length_49976_cov_5.701623_32	COG3735	226258	5.14e-13	40.0	TraB	Uncharacterized conserved protein YbaP, TraB family	S	Function unknown
NODE_19_length_49976_cov_5.701623_33	COG0105	223183	3.61e-65	51.493	Ndk	Nucleoside diphosphate kinase	F	Nucleotide transport and metabolism
NODE_19_length_49976_cov_5.701623_34	COG0382	223459	6.44e-51	29.967	UbiA	4-hydroxybenzoate polyprenyltransferase	H	Coenzyme transport and metabolism
NODE_19_length_49976_cov_5.701623_35	COG0816	223886	5.69e-30	32.857	YqgF	YqgF/RuvX protein, pre-16S rRNA maturation RNase/Holliday junction resolvase/anti-termination factor	J	Translation, ribosomal structure and biogenesis
NODE_19_length_49976_cov_5.701623_36	COG0242	223320	7.04e-52	40.361	Def	Peptide deformylase	J	Translation, ribosomal structure and biogenesis
NODE_19_length_49976_cov_5.701623_39	COG0008	223087	2.8e-132	32.567	GlnS	Glutamyl- or glutaminyl-tRNA synthetase	J	Translation, ribosomal structure and biogenesis
NODE_19_length_49976_cov_5.701623_40	COG0730	223802	1.39e-21	26.562	TauE	Sulfite exporter TauE/SafE/YfcA and related permeases, UPF0721 family	P	Inorganic ion transport and metabolism
NODE_19_length_49976_cov_5.701623_41	COG1680	224594	9.9e-53	24.397	AmpC	CubicO group peptidase, beta-lactamase class C family	V	Defense mechanisms
NODE_19_length_49976_cov_5.701623_42	COG3652	226178	1.94e-07	30.556		Predicted outer membrane protein, contains DUF4142 domain	S	Function unknown
NODE_19_length_49976_cov_5.701623_44	COG1884	224796	0.0	60.694	Sbm	Methylmalonyl-CoA mutase, N-terminal domain/subunit	I	Lipid transport and metabolism
NODE_19_length_49976_cov_5.701623_46	COG0316	223393	1.55e-37	43.119	IscA	Fe-S cluster assembly iron-binding protein IscA	O	Posttranslational modification, protein turnover, chaperones
NODE_19_length_49976_cov_5.701623_47	COG0342	223419	3.95e-106	29.12	SecD	Preprotein translocase subunit SecD	U	Intracellular trafficking, secretion, and vesicular transport
NODE_19_length_49976_cov_5.701623_48	COG0492	223566	1.35e-124	48.852	TrxB	Thioredoxin reductase	O	Posttranslational modification, protein turnover, chaperones
NODE_20_length_47400_cov_5.623445_3	COG2197	225107	1.44e-35	36.429	CitB	DNA-binding response regulator, NarL/FixJ family, contains REC and HTH domains	T	Signal transduction mechanisms
NODE_20_length_47400_cov_5.623445_8	COG2932	225484	1.24e-12	36.232		Phage repressor protein C, contains Cro/C1-type HTH and peptisase s24 domains	X	Mobilome: prophages, transposons
NODE_20_length_47400_cov_5.623445_9	COG1228	224149	3.4e-53	26.942	HutI	Imidazolonepropionase or related amidohydrolase	Q	Secondary metabolites biosynthesis, transport and catabolism
NODE_20_length_47400_cov_5.623445_10	COG0131	223209	6.8e-107	54.922	HisB2	Imidazoleglycerol phosphate dehydratase HisB	E	Amino acid transport and metabolism
NODE_20_length_47400_cov_5.623445_11	COG0079	223157	6.87e-120	41.899	HisC	Histidinol-phosphate/aromatic aminotransferase or cobyric acid decarboxylase	E	Amino acid transport and metabolism
NODE_20_length_47400_cov_5.623445_12	COG0141	223219	0.0	52.392	HisD	Histidinol dehydrogenase	E	Amino acid transport and metabolism
NODE_20_length_47400_cov_5.623445_13	COG0040	223118	6.18e-113	45.361	HisG	ATP phosphoribosyltransferase	E	Amino acid transport and metabolism
NODE_20_length_47400_cov_5.623445_16	COG0176	223254	4.99e-72	44.493	TalA	Transaldolase/fructose-6-phosphate aldolase	G	Carbohydrate transport and metabolism
NODE_20_length_47400_cov_5.623445_19	COG4119	226604	6.56e-58	51.02		Predicted NTP pyrophosphohydrolase, NUDIX family	F	Nucleotide transport and metabolism
NODE_20_length_47400_cov_5.623445_20	COG4783	227122	0.000633	33.898	BepA	Outer membrane protein chaperone/metalloprotease BepA/YfgC, contains M48 and TPR domains	M	Cell wall/membrane/envelope biogenesis
NODE_20_length_47400_cov_5.623445_21	COG0591	223664	2.5e-30	19.755	PutP	Na+/proline symporter	E	Amino acid transport and metabolism
NODE_20_length_47400_cov_5.623445_24	COG2120	225031	2.9e-17	28.07	LmbE	N-acetylglucosaminyl deacetylase, LmbE family	G	Carbohydrate transport and metabolism
NODE_20_length_47400_cov_5.623445_25	COG2866	225421	0.003	16.216	MpaA	Murein tripeptide amidase MpaA	M	Cell wall/membrane/envelope biogenesis
NODE_20_length_47400_cov_5.623445_26	COG1629	224544	9.08e-40	18.226	CirA	Outer membrane receptor protein, Fe transport	P	Inorganic ion transport and metabolism
NODE_20_length_47400_cov_5.623445_27	COG0405	223482	0.0	45.981	Ggt	Gamma-glutamyltranspeptidase	E	Amino acid transport and metabolism
NODE_20_length_47400_cov_5.623445_31	COG4850	227187	2.78e-16	30.108	App1	Phosphatidate phosphatase APP1	I	Lipid transport and metabolism
NODE_20_length_47400_cov_5.623445_33	COG1597	224513	1.64e-23	33.333	LCB5	Phosphatidylglycerol kinase, diacylglycerol kinase family	I	Lipid transport and metabolism
NODE_20_length_47400_cov_5.623445_34	COG1597	224513	2.24e-16	27.885	LCB5	Phosphatidylglycerol kinase, diacylglycerol kinase family	I	Lipid transport and metabolism
NODE_20_length_47400_cov_5.623445_35	COG3237	225777	2.61e-08	35.185	yjbJ	Uncharacterized conserved protein YjbJ, UPF0337 family	S	Function unknown
NODE_20_length_47400_cov_5.623445_36	COG0488	223562	0.0	37.316	Uup	ATPase components of ABC transporters with duplicated ATPase domains	R	General function prediction only
NODE_20_length_47400_cov_5.623445_37	COG0859	223928	1.18e-50	27.635	RfaF	ADP-heptose:LPS heptosyltransferase	M	Cell wall/membrane/envelope biogenesis
NODE_20_length_47400_cov_5.623445_38	COG2814	225371	1.6e-05	23.494	AraJ	Predicted arabinose efflux permease AraJ, MFS family	G	Carbohydrate transport and metabolism
NODE_20_length_47400_cov_5.623445_39	COG0586	223659	3.83e-33	30.806	DedA	Membrane integrity protein DedA, putative transporter, DedA/Tvp38 family	M	Cell wall/membrane/envelope biogenesis
NODE_20_length_47400_cov_5.623445_40	COG1301	224220	7.19e-114	43.447	GltP	Na+/H+-dicarboxylate symporter	C	Energy production and conversion
NODE_20_length_47400_cov_5.623445_41	COG0531	223605	7e-55	32.489	PotE	Serine transporter YbeC, amino acid:H+ symporter family	E	Amino acid transport and metabolism
NODE_20_length_47400_cov_5.623445_42	COG0217	223295	6.95e-87	46.847	TACO1	Transcriptional and/or translational regulatory protein YebC/TACO1	K	Transcription
NODE_20_length_47400_cov_5.623445_43	COG3011	225556	8.33e-48	42.969	YuxK	Predicted thiol-disulfide oxidoreductase YuxK, DCC family	R	General function prediction only
NODE_20_length_47400_cov_5.623445_44	COG0384	223461	2.5e-78	30.345	YHI9	Predicted epimerase YddE/YHI9, PhzF superfamily	R	General function prediction only
NODE_20_length_47400_cov_5.623445_45	COG0022	223101	1.59e-72	34.146	AcoB	Pyruvate/2-oxoglutarate/acetoin dehydrogenase complex, dehydrogenase (E1) component, beta subunit	C	Energy production and conversion
NODE_20_length_47400_cov_5.623445_49	COG0222	223300	2.24e-29	52.419	RplL	Ribosomal protein L7/L12	J	Translation, ribosomal structure and biogenesis
NODE_20_length_47400_cov_5.623445_50	COG0244	223322	5.34e-27	29.677	RplJ	Ribosomal protein L10	J	Translation, ribosomal structure and biogenesis
NODE_20_length_47400_cov_5.623445_51	COG0081	223159	5.19e-97	51.982	RplA	Ribosomal protein L1	J	Translation, ribosomal structure and biogenesis
NODE_20_length_47400_cov_5.623445_52	COG0080	223158	1.91e-75	62.143	RplK	Ribosomal protein L11	J	Translation, ribosomal structure and biogenesis
NODE_21_length_43351_cov_5.895856_1	COG0697	223769	4.13e-09	18.852	RhaT	Permease of the drug/metabolite transporter (DMT) superfamily	G	Carbohydrate transport and metabolism
NODE_21_length_43351_cov_5.895856_2	COG0233	223311	1.51e-85	56.15	Frr	Ribosome recycling factor	J	Translation, ribosomal structure and biogenesis
NODE_21_length_43351_cov_5.895856_4	COG0472	223548	7.21e-17	33.333	Rfe	UDP-N-acetylmuramyl pentapeptide phosphotransferase/UDP-N-acetylglucosamine-1-phosphate transferase	M	Cell wall/membrane/envelope biogenesis
NODE_21_length_43351_cov_5.895856_5	COG3959	226468	7.33e-104	47.28	TktA1	Transketolase, N-terminal subunit	G	Carbohydrate transport and metabolism
NODE_21_length_43351_cov_5.895856_6	COG0514	223588	5.33e-153	46.015	RecQ	Superfamily II DNA helicase RecQ	L	Replication, recombination and repair
NODE_21_length_43351_cov_5.895856_10	COG1196	224117	0.003	20.513	Smc	Chromosome segregation ATPase Smc	D	Cell cycle control, cell division, chromosome partitioning
NODE_21_length_43351_cov_5.895856_11	COG2217	225127	0.0	37.047	ZntA	Cation-transporting P-type ATPase	P	Inorganic ion transport and metabolism
NODE_21_length_43351_cov_5.895856_12	COG0802	223873	6.06e-26	33.065	TsaE	tRNA A37 threonylcarbamoyladenosine biosynthesis protein TsaE	J	Translation, ribosomal structure and biogenesis
NODE_21_length_43351_cov_5.895856_13	COG0686	223758	1.13e-102	38.42	Ald	Alanine dehydrogenase (includes sporulation protein SpoVN)	E	Amino acid transport and metabolism
NODE_21_length_43351_cov_5.895856_14	COG1835	224748	4.44e-06	34.848	OafA	Peptidoglycan/LPS O-acetylase OafA/YrhL, contains acyltransferase and SGNH-hydrolase domains	M	Cell wall/membrane/envelope biogenesis
NODE_21_length_43351_cov_5.895856_16	COG1835	224748	0.002	19.737	OafA	Peptidoglycan/LPS O-acetylase OafA/YrhL, contains acyltransferase and SGNH-hydrolase domains	M	Cell wall/membrane/envelope biogenesis
NODE_21_length_43351_cov_5.895856_17	COG1538	224455	1.29e-39	22.628	TolC	Outer membrane protein TolC	M	Cell wall/membrane/envelope biogenesis
NODE_21_length_43351_cov_5.895856_18	COG2814	225371	3.92e-15	25.126	AraJ	Predicted arabinose efflux permease AraJ, MFS family	G	Carbohydrate transport and metabolism
NODE_21_length_43351_cov_5.895856_19	COG1566	224482	6.78e-89	35.465	EmrA	Multidrug resistance efflux pump EmrA	V	Defense mechanisms
NODE_21_length_43351_cov_5.895856_20	COG1846	224759	2.67e-11	27.473	MarR	DNA-binding transcriptional regulator, MarR family	K	Transcription
NODE_21_length_43351_cov_5.895856_21	COG1131	224054	6.32e-37	27.014	CcmA	ABC-type multidrug transport system, ATPase component	V	Defense mechanisms
NODE_21_length_43351_cov_5.895856_22	COG1043	223973	2.4e-109	48.837	LpxA	Acyl-[acyl carrier protein]--UDP-N-acetylglucosamine O-acyltransferase	M	Cell wall/membrane/envelope biogenesis
NODE_21_length_43351_cov_5.895856_23	COG0774	223845	1.08e-110	39.414	LpxC	UDP-3-O-acyl-N-acetylglucosamine deacetylase	M	Cell wall/membrane/envelope biogenesis
NODE_21_length_43351_cov_5.895856_24	COG2207	225117	8.72e-32	34.579	AraC	AraC-type DNA-binding domain and AraC-containing proteins	K	Transcription
NODE_21_length_43351_cov_5.895856_26	COG1162	224084	9.01e-100	36.538	RsgA	Ribosome biogenesis GTPase RsgA	J	Translation, ribosomal structure and biogenesis
NODE_21_length_43351_cov_5.895856_27	COG1240	224161	2.38e-11	23.35	ChlD	vWFA (von Willebrand factor type A) domain of Mg and Co chelatases	H	Coenzyme transport and metabolism
NODE_21_length_43351_cov_5.895856_29	COG1721	224635	2.44e-37	26.316	YeaD2	Uncharacterized conserved protein, DUF58 family, contains vWF domain	S	Function unknown
NODE_21_length_43351_cov_5.895856_30	COG0714	223786	1.7e-96	43.125	MoxR	MoxR-like ATPase	R	General function prediction only
NODE_21_length_43351_cov_5.895856_33	COG0171	223249	2e-85	38.043	NadE	NH3-dependent NAD+ synthetase	H	Coenzyme transport and metabolism
NODE_21_length_43351_cov_5.895856_35	COG4591	226957	6.03e-63	32.039	LolE	ABC-type transport system involved in lipoprotein release, permease component LolC	M	Cell wall/membrane/envelope biogenesis
NODE_21_length_43351_cov_5.895856_36	COG0858	223927	5.95e-18	26.984	RbfA	Ribosome-binding factor RbfA	J	Translation, ribosomal structure and biogenesis
NODE_21_length_43351_cov_5.895856_37	COG1132	224055	1.39e-165	43.426	MdlB	ABC-type multidrug transport system, ATPase and permease component	V	Defense mechanisms
NODE_21_length_43351_cov_5.895856_39	COG1960	224871	1.57e-149	42.01	CaiA	Acyl-CoA dehydrogenase related to the alkylation response protein AidB	I	Lipid transport and metabolism
NODE_21_length_43351_cov_5.895856_41	COG0667	223739	3.84e-92	40.741	PdxI	Pyridoxal reductase PdxI or related oxidoreductase, aldo/keto reductase family	H	Coenzyme transport and metabolism
NODE_21_length_43351_cov_5.895856_42	COG0187	223265	0.0	61.017	GyrB	DNA gyrase/topoisomerase IV, subunit B	L	Replication, recombination and repair
NODE_21_length_43351_cov_5.895856_43	COG2197	225107	2.89e-16	26.882	CitB	DNA-binding response regulator, NarL/FixJ family, contains REC and HTH domains	T	Signal transduction mechanisms
NODE_21_length_43351_cov_5.895856_44	COG2197	225107	9.51e-23	29.032	CitB	DNA-binding response regulator, NarL/FixJ family, contains REC and HTH domains	T	Signal transduction mechanisms
NODE_21_length_43351_cov_5.895856_45	COG4585	226951	1.88e-27	27.23	ComP	Signal transduction histidine kinase ComP	T	Signal transduction mechanisms
NODE_22_length_43173_cov_5.596999_1	COG1696	224610	1.84e-51	43.229	DltB	D-alanyl-lipoteichoic acid acyltransferase DltB, MBOAT superfamily	M	Cell wall/membrane/envelope biogenesis
NODE_22_length_43173_cov_5.596999_3	COG2049	224960	7.13e-92	47.619	PxpB	5-oxoprolinase subunit B/Allophanate hydrolase subunit 1	E	Amino acid transport and metabolism
NODE_22_length_43173_cov_5.596999_4	COG1984	224895	1.14e-103	37.097	PxpC	5-oxoprolinase subunit C/Allophanate hydrolase subunit 2	E	Amino acid transport and metabolism
NODE_22_length_43173_cov_5.596999_5	COG1540	224457	9.99e-103	48.291	PxpA	5-oxoprolinase subunit A	E	Amino acid transport and metabolism
NODE_22_length_43173_cov_5.596999_6	COG1914	224826	7.4e-65	26.817	MntH	Mn2+ or Fe2+ transporter, NRAMP family	P	Inorganic ion transport and metabolism
NODE_22_length_43173_cov_5.596999_9	COG1807	224720	2.1e-21	22.687	ArnT	PMT family glycosyltransferase ArnT/Agl22, involved in glycosylation of proteins and lipid IVA	M	Cell wall/membrane/envelope biogenesis
NODE_22_length_43173_cov_5.596999_11	COG0468	223544	3.18e-104	58.657	RecA	RecA/RadA recombinase	L	Replication, recombination and repair
NODE_22_length_43173_cov_5.596999_12	COG0556	223630	0.0	61.357	UvrB	Excinuclease UvrABC helicase subunit UvrB	L	Replication, recombination and repair
NODE_22_length_43173_cov_5.596999_14	COG0749	223820	0.0	49.666	PolA	DNA polymerase I, 3'-5' exonuclease and polymerase domains	L	Replication, recombination and repair
NODE_22_length_43173_cov_5.596999_16	COG3000	225546	4.9e-27	30.818	ERG3	Sterol desaturase/sphingolipid hydroxylase, fatty acid hydroxylase superfamily	I	Lipid transport and metabolism
NODE_22_length_43173_cov_5.596999_17	COG3531	226062	3.02e-25	22.222		Predicted protein-disulfide isomerase, contains CxxC motif	O	Posttranslational modification, protein turnover, chaperones
NODE_22_length_43173_cov_5.596999_19	COG1212	224133	3.57e-84	39.256	KdsB	CMP-2-keto-3-deoxyoctulosonic acid synthetase	M	Cell wall/membrane/envelope biogenesis
NODE_22_length_43173_cov_5.596999_20	COG3000	225546	9.93e-26	26.906	ERG3	Sterol desaturase/sphingolipid hydroxylase, fatty acid hydroxylase superfamily	I	Lipid transport and metabolism
NODE_22_length_43173_cov_5.596999_22	COG0592	223665	5.63e-74	29.62	DnaN	DNA polymerase III sliding clamp (beta) subunit, PCNA homolog	L	Replication, recombination and repair
NODE_22_length_43173_cov_5.596999_23	COG1137	224060	5.37e-147	66.667	LptB	ABC-type lipopolysaccharide export system, ATPase component	M	Cell wall/membrane/envelope biogenesis
NODE_22_length_43173_cov_5.596999_26	COG1028	223959	2.65e-78	40.637	FabG	NAD(P)-dependent dehydrogenase, short-chain alcohol dehydrogenase family	I	Lipid transport and metabolism
NODE_22_length_43173_cov_5.596999_27	COG0122	223200	3.72e-45	34.659	AlkA	3-methyladenine DNA glycosylase/8-oxoguanine DNA glycosylase	L	Replication, recombination and repair
NODE_22_length_43173_cov_5.596999_28	COG1024	223955	1.94e-33	27.236	CaiD	Enoyl-CoA hydratase/carnithine racemase	I	Lipid transport and metabolism
NODE_22_length_43173_cov_5.596999_29	COG1012	223944	2.23e-51	22.737	AdhE	Acyl-CoA reductase or other NAD-dependent aldehyde dehydrogenase	I	Lipid transport and metabolism
NODE_22_length_43173_cov_5.596999_31	COG0563	223637	1.92e-62	36.757	Adk	Adenylate kinase or related kinase	F	Nucleotide transport and metabolism
NODE_22_length_43173_cov_5.596999_32	COG0229	223307	3.05e-73	53.175	MsrB	Peptide methionine sulfoxide reductase MsrB	O	Posttranslational modification, protein turnover, chaperones
NODE_22_length_43173_cov_5.596999_33	COG0553	223627	1.99e-105	38.421	HepA	Superfamily II DNA or RNA helicase, SNF2 family	K	Transcription
NODE_22_length_43173_cov_5.596999_34	COG1595	224511	6.21e-20	35.632	RpoE	DNA-directed RNA polymerase specialized sigma subunit, sigma24 family	K	Transcription
NODE_22_length_43173_cov_5.596999_35	COG1595	224511	1.92e-15	42.188	RpoE	DNA-directed RNA polymerase specialized sigma subunit, sigma24 family	K	Transcription
NODE_22_length_43173_cov_5.596999_40	COG2849	225405	4.15e-19	35.606	YwqK	Antitoxin component YwqK of the YwqJK toxin-antitoxin module	V	Defense mechanisms
NODE_22_length_43173_cov_5.596999_41	COG1999	224910	7.4e-26	23.744	Sco1	Cytochrome oxidase Cu insertion factor, SCO1/SenC/PrrC family	O	Posttranslational modification, protein turnover, chaperones
NODE_22_length_43173_cov_5.596999_42	COG2045	224956	2.77e-56	38.498	ComB	Phosphosulfolactate phosphohydrolase or related enzyme	H	Coenzyme transport and metabolism
NODE_22_length_43173_cov_5.596999_43	COG0404	223481	6.61e-152	44.293	GcvT	Glycine cleavage system protein T (aminomethyltransferase)	E	Amino acid transport and metabolism
NODE_22_length_43173_cov_5.596999_46	COG1983	224894	1.25e-19	40.0	PspC	Phage shock protein PspC (stress-responsive transcriptional regulator)	K	Transcription
NODE_22_length_43173_cov_5.596999_47	COG1695	224609	6.87e-22	36.111	PadR	DNA-binding transcriptional regulator, PadR family	K	Transcription
NODE_23_length_43059_cov_5.294856_4	COG0057	223135	7.21e-131	44.444	GapA	Glyceraldehyde-3-phosphate dehydrogenase/erythrose-4-phosphate dehydrogenase	G	Carbohydrate transport and metabolism
NODE_23_length_43059_cov_5.294856_7	COG0692	223764	8.61e-135	63.514	Ung	Uracil-DNA glycosylase	L	Replication, recombination and repair
NODE_23_length_43059_cov_5.294856_8	COG0204	223282	2.26e-30	26.549	PlsC	1-acyl-sn-glycerol-3-phosphate acyltransferase	I	Lipid transport and metabolism
NODE_23_length_43059_cov_5.294856_9	COG1452	224369	6.24e-19	17.339	LptD	LPS assembly outer membrane protein LptD (organic solvent tolerance protein OstA)	M	Cell wall/membrane/envelope biogenesis
NODE_23_length_43059_cov_5.294856_10	COG0860	223929	6.17e-34	25.09	AmiC	N-acetylmuramoyl-L-alanine amidase	M	Cell wall/membrane/envelope biogenesis
NODE_23_length_43059_cov_5.294856_11	COG1463	224380	2.43e-22	21.262	MlaD	Periplasmic subunit MlaD of the ABC-type intermembrane phospholipid transporter Mla	M	Cell wall/membrane/envelope biogenesis
NODE_23_length_43059_cov_5.294856_12	COG1452	224369	1.51e-05	19.565	LptD	LPS assembly outer membrane protein LptD (organic solvent tolerance protein OstA)	M	Cell wall/membrane/envelope biogenesis
NODE_23_length_43059_cov_5.294856_13	COG1055	223983	6.76e-46	22.096	ArsB	Na+/H+ antiporter NhaD or related arsenite permease	P	Inorganic ion transport and metabolism
NODE_23_length_43059_cov_5.294856_14	COG1349	224268	2.77e-69	34.4	GlpR	DNA-binding transcriptional regulator of sugar metabolism, DeoR/GlpR family	K	Transcription
NODE_23_length_43059_cov_5.294856_15	COG1629	224544	1.96e-17	14.06	CirA	Outer membrane receptor protein, Fe transport	P	Inorganic ion transport and metabolism
NODE_23_length_43059_cov_5.294856_18	COG2715	225336	7.01e-64	51.19	SpmA	Spore maturation protein SpmA (function unknown)	R	General function prediction only
NODE_23_length_43059_cov_5.294856_19	COG0012	223091	0.0	58.713	GTP1	Ribosome-binding ATPase YchF, GTP1/OBG family	J	Translation, ribosomal structure and biogenesis
NODE_23_length_43059_cov_5.294856_23	COG1506	224423	1.89e-39	19.813	DAP2	Dipeptidyl aminopeptidase/acylaminoacyl peptidase	E	Amino acid transport and metabolism
NODE_23_length_43059_cov_5.294856_24	COG0697	223769	1.75e-10	22.222	RhaT	Permease of the drug/metabolite transporter (DMT) superfamily	G	Carbohydrate transport and metabolism
NODE_23_length_43059_cov_5.294856_25	COG0671	223743	2.02e-14	29.508	PgpB	Membrane-associated phospholipid phosphatase	I	Lipid transport and metabolism
NODE_23_length_43059_cov_5.294856_29	COG0793	223864	1.68e-09	25.532	CtpA	C-terminal processing protease CtpA/Prc, contains a PDZ domain	O	Posttranslational modification, protein turnover, chaperones
NODE_23_length_43059_cov_5.294856_31	COG0413	223490	9.21e-144	56.654	PanB	Ketopantoate hydroxymethyltransferase	H	Coenzyme transport and metabolism
NODE_23_length_43059_cov_5.294856_32	COG4206	226664	1.14e-43	22.274	BtuB	Outer membrane cobalamin receptor protein BtuB	H	Coenzyme transport and metabolism
NODE_23_length_43059_cov_5.294856_33	COG1012	223944	6.98e-143	33.758	AdhE	Acyl-CoA reductase or other NAD-dependent aldehyde dehydrogenase	I	Lipid transport and metabolism
NODE_23_length_43059_cov_5.294856_35	COG0005	223084	4.81e-83	41.852	XapA	Purine nucleoside phosphorylase	F	Nucleotide transport and metabolism
NODE_23_length_43059_cov_5.294856_37	COG2366	225241	1.53e-94	24.093	PvdQ	Acyl-homoserine lactone (AHL) acylase PvdQ	Q	Secondary metabolites biosynthesis, transport and catabolism
NODE_23_length_43059_cov_5.294856_38	COG0045	223123	6.05e-173	53.202	SucC	Succinyl-CoA synthetase, beta subunit	C	Energy production and conversion
NODE_25_length_40606_cov_5.385983_1	COG4251	226702	1.87e-08	24.242		Bacteriophytochrome (light-regulated signal transduction histidine kinase)	T	Signal transduction mechanisms
NODE_25_length_40606_cov_5.385983_2	COG4251	226702	6.36e-34	40.769		Bacteriophytochrome (light-regulated signal transduction histidine kinase)	T	Signal transduction mechanisms
NODE_25_length_40606_cov_5.385983_3	COG4753	227095	6.18e-07	32.258	YesN	Two-component response regulator, YesN/AraC family, consists of REC and AraC-type DNA-binding domains	T	Signal transduction mechanisms
NODE_25_length_40606_cov_5.385983_4	COG0724	223796	2.47e-16	41.667	RRM	RNA recognition motif (RRM) domain	J	Translation, ribosomal structure and biogenesis
NODE_25_length_40606_cov_5.385983_9	COG0745	223816	2.81e-10	24.211	OmpR	DNA-binding response regulator, OmpR family, contains REC and winged-helix (wHTH) domain	T	Signal transduction mechanisms
NODE_25_length_40606_cov_5.385983_13	COG0232	223310	4.1e-77	30.635	Dgt	dGTP triphosphohydrolase	F	Nucleotide transport and metabolism
NODE_25_length_40606_cov_5.385983_14	COG0326	223403	1.26e-155	29.938	HtpG	Molecular chaperone, HSP90 family	O	Posttranslational modification, protein turnover, chaperones
NODE_25_length_40606_cov_5.385983_18	COG1836	224749	2.99e-39	38.298		Cytidylyltransferase family enzyme	R	General function prediction only
NODE_25_length_40606_cov_5.385983_26	COG0773	223844	2.9e-84	29.451	MurC	UDP-N-acetylmuramate-alanine ligase MurC and related ligases, MurC/Mpl family	M	Cell wall/membrane/envelope biogenesis
NODE_25_length_40606_cov_5.385983_27	COG0847	223916	1.45e-24	31.073	DnaQ	DNA polymerase III, epsilon subunit or related 3'-5' exonuclease	L	Replication, recombination and repair
NODE_25_length_40606_cov_5.385983_28	COG0463	223539	4.72e-20	21.514	WcaA	Glycosyltransferase involved in cell wall bisynthesis	M	Cell wall/membrane/envelope biogenesis
NODE_25_length_40606_cov_5.385983_29	COG2226	225136	7.25e-06	28.75	UbiE	Ubiquinone/menaquinone biosynthesis C-methylase UbiE/MenG	H	Coenzyme transport and metabolism
NODE_25_length_40606_cov_5.385983_30	COG0158	223236	2.81e-166	56.798	Fbp	Fructose-1,6-bisphosphatase	G	Carbohydrate transport and metabolism
NODE_25_length_40606_cov_5.385983_31	COG1131	224054	9.22e-92	43.295	CcmA	ABC-type multidrug transport system, ATPase component	V	Defense mechanisms
NODE_25_length_40606_cov_5.385983_32	COG0545	223619	2.82e-58	43.704	FkpA	FKBP-type peptidyl-prolyl cis-trans isomerase	O	Posttranslational modification, protein turnover, chaperones
NODE_25_length_40606_cov_5.385983_34	COG1051	223979	2.86e-12	28.302	YjhB	ADP-ribose pyrophosphatase YjhB, NUDIX family	F	Nucleotide transport and metabolism
NODE_25_length_40606_cov_5.385983_35	COG0285	223362	2.93e-138	37.413	FolC	Folylpolyglutamate synthase/Dihydropteroate synthase	H	Coenzyme transport and metabolism
NODE_25_length_40606_cov_5.385983_37	COG0300	223377	1.04e-36	26.482	YqjQ	Short-chain dehydrogenase	R	General function prediction only
NODE_25_length_40606_cov_5.385983_38	COG2814	225371	3.52e-06	21.091	AraJ	Predicted arabinose efflux permease AraJ, MFS family	G	Carbohydrate transport and metabolism
NODE_25_length_40606_cov_5.385983_39	COG0535	223609	1.16e-10	22.396	SkfB	Radical SAM superfamily maturase, SkfB/NifB/PqqE family	D	Cell cycle control, cell division, chromosome partitioning
NODE_25_length_40606_cov_5.385983_41	COG0010	223089	9.04e-52	25.817	SpeB	Arginase/agmatinase family enzyme	E	Amino acid transport and metabolism
NODE_25_length_40606_cov_5.385983_43	COG1138	224061	1.2e-77	25.299	CcmF	Cytochrome c biogenesis protein CcmF	C	Energy production and conversion
NODE_25_length_40606_cov_5.385983_45	COG0810	223880	0.000153	29.032	TonB	Periplasmic protein TonB, links inner and outer membranes	M	Cell wall/membrane/envelope biogenesis
NODE_25_length_40606_cov_5.385983_46	COG1595	224511	3.78e-18	27.273	RpoE	DNA-directed RNA polymerase specialized sigma subunit, sigma24 family	K	Transcription
NODE_25_length_40606_cov_5.385983_50	COG0265	223343	6.96e-85	45.329	DegQ	Periplasmic serine protease, S1-C subfamily, contain C-terminal PDZ domain	O	Posttranslational modification, protein turnover, chaperones
NODE_25_length_40606_cov_5.385983_52	COG1143	224066	9.84e-06	26.364	NuoI	Formate hydrogenlyase subunit 6/NADH:ubiquinone oxidoreductase 23 kD subunit (chain I)	C	Energy production and conversion
NODE_26_length_40313_cov_5.416273_1	COG3198	225739	0.000579	28.788		Uncharacterized conserved protein	S	Function unknown
NODE_26_length_40313_cov_5.416273_2	COG2836	225392	5.15e-13	38.462	DsbD	Uncharacterized membrane protein, DsbD domain	S	Function unknown
NODE_26_length_40313_cov_5.416273_4	COG0479	223555	9e-29	36.364	SdhB/FrdB	Succinate dehydrogenase/fumarate reductase, Fe-S protein subunit	C	Energy production and conversion
NODE_26_length_40313_cov_5.416273_5	COG1053	223981	1.25e-105	30.573	SdhA	Succinate dehydrogenase/fumarate reductase, flavoprotein subunit	C	Energy production and conversion
NODE_26_length_40313_cov_5.416273_9	COG2103	225014	6.18e-126	55.894	MurQ	N-acetylmuramic acid 6-phosphate (MurNAc-6-P) etherase	M	Cell wall/membrane/envelope biogenesis
NODE_26_length_40313_cov_5.416273_10	COG2971	225518	8.8e-14	28.485	BadF	BadF-type ATPase, related to human N-acetylglucosamine kinase	G	Carbohydrate transport and metabolism
NODE_26_length_40313_cov_5.416273_11	COG0793	223864	7.84e-91	41.975	CtpA	C-terminal processing protease CtpA/Prc, contains a PDZ domain	O	Posttranslational modification, protein turnover, chaperones
NODE_26_length_40313_cov_5.416273_13	COG1595	224511	4.18e-29	28.652	RpoE	DNA-directed RNA polymerase specialized sigma subunit, sigma24 family	K	Transcription
NODE_26_length_40313_cov_5.416273_16	COG4244	226695	2.74e-09	19.858		Uncharacterized membrane protein	S	Function unknown
NODE_26_length_40313_cov_5.416273_18	COG2183	225094	5.59e-33	51.111	Tex	Transcriptional accessory protein Tex/SPT6	K	Transcription
NODE_26_length_40313_cov_5.416273_19	COG2183	225094	5.29e-162	54.891	Tex	Transcriptional accessory protein Tex/SPT6	K	Transcription
NODE_26_length_40313_cov_5.416273_20	COG2183	225094	1.56e-66	45.813	Tex	Transcriptional accessory protein Tex/SPT6	K	Transcription
NODE_26_length_40313_cov_5.416273_21	COG0031	223110	1.67e-119	47.452	CysK	Cysteine synthase	E	Amino acid transport and metabolism
NODE_26_length_40313_cov_5.416273_25	COG2081	224992	4.04e-07	53.571	YhiN	Predicted flavoprotein YhiN	R	General function prediction only
NODE_26_length_40313_cov_5.416273_26	COG0596	223669	1.84e-09	38.462	MenH	2-succinyl-6-hydroxy-2,4-cyclohexadiene-1-carboxylate synthase MenH and related esterases, alpha/beta hydrolase fold	H	Coenzyme transport and metabolism
NODE_26_length_40313_cov_5.416273_29	COG1917	224829	1.06e-11	32.673	QdoI	Cupin domain protein related to quercetin dioxygenase	R	General function prediction only
NODE_26_length_40313_cov_5.416273_30	COG1956	224867	1.47e-70	55.405	MsrC	GAF domain-containing protein, putative methionine-R-sulfoxide reductase	V	Defense mechanisms
NODE_26_length_40313_cov_5.416273_32	COG0205	223283	3.34e-130	51.632	PfkA	6-phosphofructokinase	G	Carbohydrate transport and metabolism
NODE_26_length_40313_cov_5.416273_33	COG0469	223545	0.0	44.699	PykF	Pyruvate kinase	G	Carbohydrate transport and metabolism
NODE_26_length_40313_cov_5.416273_35	COG3537	226067	0.0	34.59		Putative alpha-1,2-mannosidase	G	Carbohydrate transport and metabolism
NODE_26_length_40313_cov_5.416273_36	COG3250	225789	1.85e-87	20.221	LacZ	Beta-galactosidase/beta-glucuronidase	G	Carbohydrate transport and metabolism
NODE_26_length_40313_cov_5.416273_37	COG3142	225684	6.41e-99	53.03	CutC	Copper homeostasis protein CutC	P	Inorganic ion transport and metabolism
NODE_26_length_40313_cov_5.416273_38	COG1446	224363	1.02e-86	35.811	IaaA	Isoaspartyl peptidase or L-asparaginase, Ntn-hydrolase superfamily	E	Amino acid transport and metabolism
NODE_26_length_40313_cov_5.416273_39	COG0431	223508	2.81e-33	30.857	SsuE	NAD(P)H-dependent FMN reductase	C	Energy production and conversion
NODE_26_length_40313_cov_5.416273_40	COG1741	224655	3.15e-50	34.615	YhaK	Redox-sensitive bicupin YhaK, pirin superfamily	R	General function prediction only
NODE_26_length_40313_cov_5.416273_42	COG1741	224655	1.29e-10	30.0	YhaK	Redox-sensitive bicupin YhaK, pirin superfamily	R	General function prediction only
NODE_27_length_40304_cov_5.665516_3	COG0299	223376	1.62e-58	35.079	PurN	Folate-dependent phosphoribosylglycinamide formyltransferase PurN	F	Nucleotide transport and metabolism
NODE_27_length_40304_cov_5.665516_5	COG3474	226005	6.13e-12	24.603	Cyc7	Cytochrome c2	C	Energy production and conversion
NODE_27_length_40304_cov_5.665516_6	COG0437	223514	5.82e-43	24.907	HybA	Fe-S-cluster-containing dehydrogenase component (DMSO reductase)	C	Energy production and conversion
NODE_27_length_40304_cov_5.665516_7	COG5557	227844	3.41e-14	19.324	HybB	Ni/Fe-hydrogenase 2 integral membrane subunit HybB	C	Energy production and conversion
NODE_27_length_40304_cov_5.665516_9	COG2010	224921	1.71e-08	27.35	CccA	Cytochrome c, mono- and diheme variants	C	Energy production and conversion
NODE_27_length_40304_cov_5.665516_11	COG1622	224537	8.89e-49	25.862	CyoA	Heme/copper-type cytochrome/quinol oxidase, subunit 2	C	Energy production and conversion
NODE_27_length_40304_cov_5.665516_12	COG0843	223913	0.0	42.504	CyoB	Heme/copper-type cytochrome/quinol oxidase, subunit 1	C	Energy production and conversion
NODE_27_length_40304_cov_5.665516_13	COG0109	223187	1.96e-73	34.722	CyoE	Polyprenyltransferase (heme O synthase)	H	Coenzyme transport and metabolism
NODE_27_length_40304_cov_5.665516_14	COG1845	224758	2.12e-33	27.684	CyoC	Heme/copper-type cytochrome/quinol oxidase, subunit 3	C	Energy production and conversion
NODE_27_length_40304_cov_5.665516_15	COG1845	224758	8.38e-43	35.323	CyoC	Heme/copper-type cytochrome/quinol oxidase, subunit 3	C	Energy production and conversion
NODE_27_length_40304_cov_5.665516_16	COG5605	227892	0.008	28.0	COX4	Cytochrome c oxidase subunit IV	C	Energy production and conversion
NODE_27_length_40304_cov_5.665516_17	COG1999	224910	4.25e-27	28.205	Sco1	Cytochrome oxidase Cu insertion factor, SCO1/SenC/PrrC family	O	Posttranslational modification, protein turnover, chaperones
NODE_27_length_40304_cov_5.665516_18	COG2322	225204	1.86e-31	34.831	YozB	Predicted membrane metallochaperone YozB (3H, Sco1 fusion), DUF420 family	R	General function prediction only
NODE_27_length_40304_cov_5.665516_19	COG1864	224777	6.65e-43	25.769	NUC1	DNA/RNA endonuclease G, NUC1	F	Nucleotide transport and metabolism
NODE_27_length_40304_cov_5.665516_20	COG0179	223257	1.09e-60	33.333	YcgM	2-keto-4-pentenoate hydratase/2-oxohepta-3-ene-1,7-dioic acid hydratase (catechol pathway)	Q	Secondary metabolites biosynthesis, transport and catabolism
NODE_27_length_40304_cov_5.665516_23	COG4948	227284	8.51e-85	32.353	RspA	L-alanine-DL-glutamate epimerase or related enzyme of enolase superfamily	M	Cell wall/membrane/envelope biogenesis
NODE_27_length_40304_cov_5.665516_25	COG3591	226119	0.002	39.286	eMpr	V8-like Glu-specific endopeptidase	O	Posttranslational modification, protein turnover, chaperones
NODE_27_length_40304_cov_5.665516_26	COG3325	225862	3.66e-23	24.382	ChiA	Chitinase, GH18 family	G	Carbohydrate transport and metabolism
NODE_27_length_40304_cov_5.665516_29	COG2321	225203	2.19e-141	55.017	YpfJ	Predicted metalloprotease	R	General function prediction only
NODE_27_length_40304_cov_5.665516_30	COG0009	223088	8.22e-64	42.079	TsaC	tRNA A37 threonylcarbamoyladenosine synthetase subunit TsaC/SUA5/YrdC	J	Translation, ribosomal structure and biogenesis
NODE_27_length_40304_cov_5.665516_31	COG0164	223242	5.78e-62	46.111	RnhB	Ribonuclease HII	L	Replication, recombination and repair
NODE_27_length_40304_cov_5.665516_33	COG1612	224528	1.92e-40	34.076	CtaA	Heme A synthase	H	Coenzyme transport and metabolism
NODE_27_length_40304_cov_5.665516_34	COG0300	223377	0.006	43.333	YqjQ	Short-chain dehydrogenase	R	General function prediction only
NODE_27_length_40304_cov_5.665516_35	COG1597	224513	3.13e-50	27.097	LCB5	Phosphatidylglycerol kinase, diacylglycerol kinase family	I	Lipid transport and metabolism
NODE_27_length_40304_cov_5.665516_38	COG1217	224138	0.0	58.0	TypA	Predicted membrane GTPase TypA/BipA involved in stress response	T	Signal transduction mechanisms
NODE_27_length_40304_cov_5.665516_39	COG4783	227122	7.98e-18	24.731	BepA	Outer membrane protein chaperone/metalloprotease BepA/YfgC, contains M48 and TPR domains	M	Cell wall/membrane/envelope biogenesis
NODE_27_length_40304_cov_5.665516_40	COG1819	224732	0.002	42.308	YjiC	UDP:flavonoid glycosyltransferase YjiC, YdhE family	G	Carbohydrate transport and metabolism
NODE_28_length_39271_cov_5.550541_1	COG4992	227325	1.8e-180	40.399	ArgD	Acetylornithine/succinyldiaminopimelate/putrescine aminotransferase	E	Amino acid transport and metabolism
NODE_28_length_39271_cov_5.550541_2	COG1814	224727	7.03e-21	27.477	Ccc1	Predicted Fe2+/Mn2+ transporter, VIT1/CCC1 family	P	Inorganic ion transport and metabolism
NODE_28_length_39271_cov_5.550541_3	COG3275	225814	9.23e-39	34.444	LytS	Sensor histidine kinase, LytS/YehU family	T	Signal transduction mechanisms
NODE_28_length_39271_cov_5.550541_4	COG3279	225818	4.51e-56	38.583	LytT	DNA-binding response regulator, LytR/AlgR family	K	Transcription
NODE_28_length_39271_cov_5.550541_5	COG0196	223274	4.14e-103	40.065	RibF	FAD synthase	H	Coenzyme transport and metabolism
NODE_28_length_39271_cov_5.550541_6	COG1466	224383	6.79e-40	29.114	HolA	DNA polymerase III, delta subunit	L	Replication, recombination and repair
NODE_28_length_39271_cov_5.550541_7	COG1196	224117	5.2e-08	20.567	Smc	Chromosome segregation ATPase Smc	D	Cell cycle control, cell division, chromosome partitioning
NODE_28_length_39271_cov_5.550541_8	COG1629	224544	2.79e-13	13.918	CirA	Outer membrane receptor protein, Fe transport	P	Inorganic ion transport and metabolism
NODE_28_length_39271_cov_5.550541_10	COG1120	224045	9.29e-68	35.683	FepC	ABC-type cobalamin/Fe3+-siderophores transport system, ATPase component	P	Inorganic ion transport and metabolism
NODE_28_length_39271_cov_5.550541_12	COG0609	223682	2.77e-61	39.823	FepD	ABC-type Fe3+-siderophore transport system, permease component	P	Inorganic ion transport and metabolism
NODE_28_length_39271_cov_5.550541_13	COG4558	226928	3.84e-58	34.322	ChuT	ABC-type hemin transport system, periplasmic component	P	Inorganic ion transport and metabolism
NODE_28_length_39271_cov_5.550541_14	COG1629	224544	1.43e-32	17.755	CirA	Outer membrane receptor protein, Fe transport	P	Inorganic ion transport and metabolism
NODE_28_length_39271_cov_5.550541_16	COG1054	223982	1.87e-126	41.693	TrhO	tRNA U34 5'-hydroxylase TrhO, rhodanese family	J	Translation, ribosomal structure and biogenesis
NODE_28_length_39271_cov_5.550541_19	COG2885	225439	9.63e-39	42.157	OmpA	Outer membrane protein OmpA and related peptidoglycan-associated (lipo)proteins	M	Cell wall/membrane/envelope biogenesis
NODE_28_length_39271_cov_5.550541_21	COG2366	225241	1.27e-139	30.61	PvdQ	Acyl-homoserine lactone (AHL) acylase PvdQ	Q	Secondary metabolites biosynthesis, transport and catabolism
NODE_28_length_39271_cov_5.550541_23	COG0488	223562	0.0	42.322	Uup	ATPase components of ABC transporters with duplicated ATPase domains	R	General function prediction only
NODE_28_length_39271_cov_5.550541_24	COG0010	223089	9.59e-15	19.243	SpeB	Arginase/agmatinase family enzyme	E	Amino acid transport and metabolism
NODE_28_length_39271_cov_5.550541_25	COG0475	223551	2.45e-06	25.581	KefB	Kef-type K+ transport system, membrane component KefB	P	Inorganic ion transport and metabolism
NODE_28_length_39271_cov_5.550541_26	COG1228	224149	3.73e-100	36.658	HutI	Imidazolonepropionase or related amidohydrolase	Q	Secondary metabolites biosynthesis, transport and catabolism
NODE_28_length_39271_cov_5.550541_27	COG0380	223457	0.0	45.607	OtsA	Trehalose-6-phosphate synthase, GT20 family	G	Carbohydrate transport and metabolism
NODE_28_length_39271_cov_5.550541_29	COG4225	226678	0.009	25.0	YesR	Rhamnogalacturonyl hydrolase YesR	G	Carbohydrate transport and metabolism
NODE_28_length_39271_cov_5.550541_33	COG2518	225316	1.7e-74	47.03	Pcm	Protein-L-isoaspartate O-methyltransferase	O	Posttranslational modification, protein turnover, chaperones
NODE_28_length_39271_cov_5.550541_34	COG2020	224931	7.48e-19	23.158	STE14	Protein-S-isoprenylcysteine O-methyltransferase Ste14	O	Posttranslational modification, protein turnover, chaperones
NODE_29_length_37948_cov_5.882384_1	COG0607	223680	0.000805	21.138	PspE	Rhodanese-related sulfurtransferase	P	Inorganic ion transport and metabolism
NODE_29_length_37948_cov_5.882384_2	COG2197	225107	2.96e-17	30.357	CitB	DNA-binding response regulator, NarL/FixJ family, contains REC and HTH domains	T	Signal transduction mechanisms
NODE_29_length_37948_cov_5.882384_4	COG3437	225971	4.52e-08	37.5	RpfG	Response regulator c-di-GMP phosphodiesterase, RpfG family, contains REC and HD-GYP domains	T	Signal transduction mechanisms
NODE_29_length_37948_cov_5.882384_11	COG1846	224759	1.1e-12	28.205	MarR	DNA-binding transcriptional regulator, MarR family	K	Transcription
NODE_29_length_37948_cov_5.882384_12	COG1649	224563	1.67e-85	29.812	YddW	Uncharacterized lipoprotein YddW, UPF0748 family	S	Function unknown
NODE_29_length_37948_cov_5.882384_13	COG0626	223699	0.0	53.728	MetC	Cystathionine beta-lyase/cystathionine gamma-synthase	E	Amino acid transport and metabolism
NODE_29_length_37948_cov_5.882384_19	COG0665	223737	7.01e-10	24.719	DadA	Glycine/D-amino acid oxidase (deaminating)	E	Amino acid transport and metabolism
NODE_29_length_37948_cov_5.882384_20	COG1446	224363	3.09e-08	44.681	IaaA	Isoaspartyl peptidase or L-asparaginase, Ntn-hydrolase superfamily	E	Amino acid transport and metabolism
NODE_29_length_37948_cov_5.882384_21	COG4977	227311	4.09e-67	29.278	GlxA	Transcriptional regulator GlxA, contains an amidase domain and an AraC-type DNA-binding HTH domain	K	Transcription
NODE_29_length_37948_cov_5.882384_22	COG2764	225356	1.24e-15	27.586	PhnB	Zn-dependent glyoxalase, PhnB family	C	Energy production and conversion
NODE_29_length_37948_cov_5.882384_24	COG0724	223796	2.56e-18	50.0	RRM	RNA recognition motif (RRM) domain	J	Translation, ribosomal structure and biogenesis
NODE_29_length_37948_cov_5.882384_26	COG1820	224733	1.45e-123	40.374	NagA	N-acetylglucosamine-6-phosphate deacetylase	G	Carbohydrate transport and metabolism
NODE_29_length_37948_cov_5.882384_27	COG0399	223476	4.23e-97	40.317	WecE	dTDP-4-amino-4,6-dideoxygalactose transaminase	M	Cell wall/membrane/envelope biogenesis
NODE_29_length_37948_cov_5.882384_28	COG2128	225039	0.007	29.167	YciW	Alkylhydroperoxidase family enzyme, contains CxxC motif	P	Inorganic ion transport and metabolism
NODE_29_length_37948_cov_5.882384_29	COG0450	223527	6.87e-75	40.957	AhpC	Alkyl hydroperoxide reductase subunit AhpC (peroxiredoxin)	V	Defense mechanisms
NODE_29_length_37948_cov_5.882384_30	COG3502	226033	8.15e-33	43.564		Uncharacterized conserved protein, DUF952 family	S	Function unknown
NODE_29_length_37948_cov_5.882384_31	COG4276	226726	1.69e-17	29.252	SRPBCC	Ligand-binding SRPBCC domain	R	General function prediction only
NODE_29_length_37948_cov_5.882384_35	COG2304	225187	7.89e-17	31.953	YfbK	Secreted protein containing bacterial Ig-like domain and vWFA domain	R	General function prediction only
NODE_29_length_37948_cov_5.882384_39	COG3579	226107	0.007	27.647	PepC	Aminopeptidase C	E	Amino acid transport and metabolism
NODE_29_length_37948_cov_5.882384_40	COG0845	223914	1.82e-29	24.855	AcrA	Multidrug efflux pump subunit AcrA (membrane-fusion protein)	M	Cell wall/membrane/envelope biogenesis
NODE_29_length_37948_cov_5.882384_41	COG4591	226957	1.23e-60	27.752	LolE	ABC-type transport system involved in lipoprotein release, permease component LolC	M	Cell wall/membrane/envelope biogenesis
NODE_29_length_37948_cov_5.882384_42	COG1136	224059	8.95e-100	45.701	LolD	ABC-type lipoprotein export system, ATPase component	M	Cell wall/membrane/envelope biogenesis
NODE_29_length_37948_cov_5.882384_44	COG3250	225789	1.02e-20	21.231	LacZ	Beta-galactosidase/beta-glucuronidase	G	Carbohydrate transport and metabolism
NODE_29_length_37948_cov_5.882384_50	COG2825	225381	7.02e-08	21.605	HlpA	Periplasmic chaperone for outer membrane proteins, Skp family	M	Cell wall/membrane/envelope biogenesis
NODE_29_length_37948_cov_5.882384_51	COG2825	225381	5.99e-17	25.61	HlpA	Periplasmic chaperone for outer membrane proteins, Skp family	M	Cell wall/membrane/envelope biogenesis
NODE_29_length_37948_cov_5.882384_52	COG4775	227116	6.99e-94	24.291	BamA	Outer membrane protein assembly factor BamA	M	Cell wall/membrane/envelope biogenesis
NODE_29_length_37948_cov_5.882384_53	COG0020	223099	1.75e-117	55.365	UppS	Undecaprenyl pyrophosphate synthase	I	Lipid transport and metabolism
NODE_30_length_37118_cov_5.700564_1	COG1012	223944	1.37e-105	30.323	AdhE	Acyl-CoA reductase or other NAD-dependent aldehyde dehydrogenase	I	Lipid transport and metabolism
NODE_30_length_37118_cov_5.700564_7	COG2065	224976	6.58e-60	46.328	PyrR	Pyrimidine operon attenuation protein PyrR/uracil phosphoribosyltransferase	F	Nucleotide transport and metabolism
NODE_30_length_37118_cov_5.700564_8	COG0248	223326	1.94e-52	27.961	GppA	Exopolyphosphatase/pppGpp-phosphohydrolase	F	Nucleotide transport and metabolism
NODE_30_length_37118_cov_5.700564_9	COG0855	223924	0.0	39.854	Ppk	Polyphosphate kinase	P	Inorganic ion transport and metabolism
NODE_30_length_37118_cov_5.700564_10	COG2870	225425	1.68e-62	50.649	RfaE	ADP-heptose synthase, bifunctional sugar kinase/adenylyltransferase	M	Cell wall/membrane/envelope biogenesis
NODE_30_length_37118_cov_5.700564_11	COG0392	223469	6.16e-06	17.188	AglD2	Predicted membrane flippase AglD2/YbhN, UPF0104 family	M	Cell wall/membrane/envelope biogenesis
NODE_30_length_37118_cov_5.700564_12	COG0853	223922	1.73e-57	61.468	PanD	Aspartate 1-decarboxylase	H	Coenzyme transport and metabolism
NODE_30_length_37118_cov_5.700564_13	COG0414	223491	2.3e-104	42.014	PanC	Panthothenate synthetase	H	Coenzyme transport and metabolism
NODE_30_length_37118_cov_5.700564_14	COG0297	223374	4.27e-23	28.324	GlgA	Glycogen synthase	G	Carbohydrate transport and metabolism
NODE_30_length_37118_cov_5.700564_16	COG0192	223270	0.0	56.386	MetK	S-adenosylmethionine synthetase	H	Coenzyme transport and metabolism
NODE_30_length_37118_cov_5.700564_17	COG0566	223640	4.51e-65	33.202	SpoU	tRNA G18 (ribose-2'-O)-methylase SpoU	J	Translation, ribosomal structure and biogenesis
NODE_30_length_37118_cov_5.700564_18	COG0119	223197	3.78e-24	21.575	LeuA	Isopropylmalate/homocitrate/citramalate synthases	E	Amino acid transport and metabolism
NODE_30_length_37118_cov_5.700564_20	COG4445	226853	7.48e-34	34.737	MiaE	tRNA isopentenyl-2-thiomethyl-A-37 hydroxylase MiaE (synthesis of 2-methylthio-cis-ribozeatin)	J	Translation, ribosomal structure and biogenesis
NODE_30_length_37118_cov_5.700564_21	COG0183	223261	5.72e-115	42.118	PaaJ	Acetyl-CoA acetyltransferase	I	Lipid transport and metabolism
NODE_30_length_37118_cov_5.700564_22	COG4095	226580	1.19e-12	35.443	SWEET	Sugar transporter, SemiSWEET family, contains PQ motif	G	Carbohydrate transport and metabolism
NODE_30_length_37118_cov_5.700564_25	COG0022	223101	3e-175	53.086	AcoB	Pyruvate/2-oxoglutarate/acetoin dehydrogenase complex, dehydrogenase (E1) component, beta subunit	C	Energy production and conversion
NODE_30_length_37118_cov_5.700564_26	COG2204	225114	0.0	51.444	AtoC	DNA-binding transcriptional response regulator, NtrC family, contains REC, AAA-type ATPase, and a Fis-type DNA-binding domains	T	Signal transduction mechanisms
NODE_30_length_37118_cov_5.700564_27	COG0789	223860	5.74e-09	33.333	SoxR	DNA-binding transcriptional regulator, MerR family	K	Transcription
NODE_30_length_37118_cov_5.700564_28	COG0681	223753	5.13e-19	29.508	LepB	Signal peptidase I	U	Intracellular trafficking, secretion, and vesicular transport
NODE_30_length_37118_cov_5.700564_29	COG0295	223372	1.56e-34	37.41	Cdd	Cytidine deaminase	F	Nucleotide transport and metabolism
NODE_30_length_37118_cov_5.700564_30	COG2041	224952	1.11e-35	35.252	MsrP	Molybdopterin-dependent catalytic subunit of periplasmic DMSO/TMAO and protein-methionine-sulfoxide reductases	C	Energy production and conversion
NODE_30_length_37118_cov_5.700564_31	COG4117	226602	8.37e-26	29.952	YdhU	Thiosulfate reductase cytochrome b subunit	P	Inorganic ion transport and metabolism
NODE_30_length_37118_cov_5.700564_32	COG2335	225214	1.66e-60	46.448	FAS1	Uncaracterized surface protein containing fasciclin (FAS1) repeats	R	General function prediction only
NODE_30_length_37118_cov_5.700564_34	COG2947	225498	8.74e-60	44.0	EVE	Predicted RNA-binding protein, contains EVE domain	R	General function prediction only
NODE_30_length_37118_cov_5.700564_38	COG0846	223915	6.53e-83	39.095	SIR2	NAD-dependent protein deacetylase, SIR2 family	O	Posttranslational modification, protein turnover, chaperones
NODE_30_length_37118_cov_5.700564_39	COG0662	223734	2.18e-07	28.0	ManC	Mannose-6-phosphate isomerase, cupin superfamily	G	Carbohydrate transport and metabolism
NODE_30_length_37118_cov_5.700564_40	COG1748	224662	6.07e-30	22.263	Lys9	Saccharopine dehydrogenase, NADP-dependent	E	Amino acid transport and metabolism
NODE_30_length_37118_cov_5.700564_41	COG0188	223266	0.0	52.632	GyrA	DNA gyrase/topoisomerase IV, subunit A	L	Replication, recombination and repair
NODE_31_length_35834_cov_5.599290_2	COG2911	225463	0.003	17.647	TamB	Autotransporter translocation and assembly protein TamB	U	Intracellular trafficking, secretion, and vesicular transport
NODE_31_length_35834_cov_5.599290_3	COG1127	224052	6.17e-89	44.118	MlaF	ATPase subunit MlaF of the ABC-type intermembrane phospholipid transporter Mla	M	Cell wall/membrane/envelope biogenesis
NODE_31_length_35834_cov_5.599290_4	COG0767	223838	1.14e-47	36.29	MlaE	Permease subunit MlaE of the ABC-type intermembrane phospholipid transporter Mla	M	Cell wall/membrane/envelope biogenesis
NODE_31_length_35834_cov_5.599290_5	COG0281	223358	0.0	52.064	SfcA	Malic enzyme	C	Energy production and conversion
NODE_31_length_35834_cov_5.599290_6	COG1473	224390	1.38e-147	42.931	AbgB	Metal-dependent amidase/aminoacylase/carboxypeptidase	R	General function prediction only
NODE_31_length_35834_cov_5.599290_8	COG0274	223351	5.52e-85	47.534	DeoC	Deoxyribose-phosphate aldolase	F	Nucleotide transport and metabolism
NODE_31_length_35834_cov_5.599290_9	COG1228	224149	2.76e-44	23.5	HutI	Imidazolonepropionase or related amidohydrolase	Q	Secondary metabolites biosynthesis, transport and catabolism
NODE_31_length_35834_cov_5.599290_10	COG1228	224149	1.64e-32	24.289	HutI	Imidazolonepropionase or related amidohydrolase	Q	Secondary metabolites biosynthesis, transport and catabolism
NODE_31_length_35834_cov_5.599290_11	COG0653	223726	0.0	40.523	SecA	Preprotein translocase subunit SecA (ATPase, RNA helicase)	U	Intracellular trafficking, secretion, and vesicular transport
NODE_31_length_35834_cov_5.599290_13	COG0224	223302	5.92e-108	43.599	AtpG	FoF1-type ATP synthase, gamma subunit	C	Energy production and conversion
NODE_31_length_35834_cov_5.599290_14	COG1386	224304	4.9e-46	39.412	ScpB	Chromosome segregation and condensation protein ScpB	K	Transcription
NODE_31_length_35834_cov_5.599290_15	COG0019	223098	6.92e-124	37.995	LysA	Diaminopimelate decarboxylase	E	Amino acid transport and metabolism
NODE_31_length_35834_cov_5.599290_17	COG2143	225054	0.001	22.449	SoxW	Thioredoxin-related protein SoxW	O	Posttranslational modification, protein turnover, chaperones
NODE_31_length_35834_cov_5.599290_20	COG4221	226674	9.07e-110	48.98	YdfG	NADP-dependent 3-hydroxy acid dehydrogenase YdfG	C	Energy production and conversion
NODE_31_length_35834_cov_5.599290_21	COG3291	225828	1.53e-08	23.5		Uncharacterized conserved protein, PKD repeat domain	S	Function unknown
NODE_31_length_35834_cov_5.599290_22	COG0596	223669	9.82e-33	24.286	MenH	2-succinyl-6-hydroxy-2,4-cyclohexadiene-1-carboxylate synthase MenH and related esterases, alpha/beta hydrolase fold	H	Coenzyme transport and metabolism
NODE_31_length_35834_cov_5.599290_24	COG5373	227665	0.002	29.032		Uncharacterized membrane protein	S	Function unknown
NODE_31_length_35834_cov_5.599290_25	COG5373	227665	0.000588	29.167		Uncharacterized membrane protein	S	Function unknown
NODE_31_length_35834_cov_5.599290_27	COG1236	224157	2.97e-96	30.388	YSH1	RNA processing exonuclease, beta-lactamase fold, Cft2 family	J	Translation, ribosomal structure and biogenesis
NODE_32_length_35404_cov_5.706357_1	COG4447	226855	0.004	20.982		Uncharacterized conserved protein related to plant photosystem II stability/assembly factor	R	General function prediction only
NODE_32_length_35404_cov_5.706357_4	COG0353	223430	2.39e-89	44.221	RecR	Recombinational DNA repair protein RecR	L	Replication, recombination and repair
NODE_32_length_35404_cov_5.706357_5	COG0646	223719	2.3e-159	58.333	MetH1	Methionine synthase I (cobalamin-dependent), methyltransferase domain	E	Amino acid transport and metabolism
NODE_32_length_35404_cov_5.706357_6	COG1410	224328	0.0	53.242	MetH2	Methionine synthase I, cobalamin-binding domain	E	Amino acid transport and metabolism
NODE_32_length_35404_cov_5.706357_7	COG1011	223943	1.64e-23	20.202	YigB	FMN and 5-amino-6-(5-phospho-D-ribitylamino)uracil phosphatase YigB, HAD superfamily (riboflavin biosynthesis)	H	Coenzyme transport and metabolism
NODE_32_length_35404_cov_5.706357_8	COG4095	226580	6.73e-14	42.045	SWEET	Sugar transporter, SemiSWEET family, contains PQ motif	G	Carbohydrate transport and metabolism
NODE_32_length_35404_cov_5.706357_10	COG1611	224527	6.98e-56	39.896	PpnN	Nucleotide monophosphate nucleosidase PpnN/YdgH, Lonely Guy (LOG) family	F	Nucleotide transport and metabolism
NODE_32_length_35404_cov_5.706357_11	COG0708	223780	1.41e-115	47.727	XthA	Exonuclease III	L	Replication, recombination and repair
NODE_32_length_35404_cov_5.706357_13	COG0776	223847	3.98e-35	55.056	HimA	Bacterial nucleoid DNA-binding protein IHF-alpha	L	Replication, recombination and repair
NODE_32_length_35404_cov_5.706357_15	COG0259	223337	7.73e-109	53.555	PdxH	Pyridoxine/pyridoxamine 5'-phosphate oxidase	H	Coenzyme transport and metabolism
NODE_32_length_35404_cov_5.706357_16	COG1196	224117	1.24e-06	25.82	Smc	Chromosome segregation ATPase Smc	D	Cell cycle control, cell division, chromosome partitioning
NODE_32_length_35404_cov_5.706357_17	COG0528	223602	7.91e-129	60.504	PyrH	Uridylate kinase	F	Nucleotide transport and metabolism
NODE_32_length_35404_cov_5.706357_18	COG0741	223812	1.24e-08	22.449	MltE	Soluble lytic murein transglycosylase or regulatory protein s ( may contain LysM/invasin domain)	M	Cell wall/membrane/envelope biogenesis
NODE_32_length_35404_cov_5.706357_20	COG4095	226580	4.56e-15	42.466	SWEET	Sugar transporter, SemiSWEET family, contains PQ motif	G	Carbohydrate transport and metabolism
NODE_32_length_35404_cov_5.706357_21	COG0456	223532	8.81e-10	33.333	RimI	Ribosomal protein S18 acetylase RimI and related acetyltransferases	J	Translation, ribosomal structure and biogenesis
NODE_32_length_35404_cov_5.706357_22	COG0590	223663	1.82e-61	51.007	TadA	tRNA(Arg) A34 adenosine deaminase TadA	J	Translation, ribosomal structure and biogenesis
NODE_32_length_35404_cov_5.706357_24	COG0605	223678	2.35e-109	55.34	SodA	Superoxide dismutase	P	Inorganic ion transport and metabolism
NODE_32_length_35404_cov_5.706357_25	COG0308	223385	3.07e-16	21.509	PepN	Aminopeptidase N, contains DUF3458 domain	E	Amino acid transport and metabolism
NODE_32_length_35404_cov_5.706357_27	COG1626	224541	1.55e-178	47.461	TreA	Neutral trehalase	G	Carbohydrate transport and metabolism
NODE_32_length_35404_cov_5.706357_28	COG0251	223329	3.17e-51	48.819	RidA	Enamine deaminase RidA, house cleaning of reactive enamine intermediates, YjgF/YER057c/UK114 family	V	Defense mechanisms
NODE_32_length_35404_cov_5.706357_29	COG1250	224170	7.87e-14	43.21	FadB	3-hydroxyacyl-CoA dehydrogenase	I	Lipid transport and metabolism
NODE_32_length_35404_cov_5.706357_30	COG0784	223855	1.44e-13	38.889	CheY	CheY-like REC (receiver) domain, includes chemotaxis protein CheY  and sporulation regulator Spo0F	T	Signal transduction mechanisms
NODE_32_length_35404_cov_5.706357_32	COG1579	224495	0.005	25.0	DR0291	Predicted nucleic acid-binding protein DR0291, contains C4-type Zn-ribbon domain	R	General function prediction only
NODE_33_length_34048_cov_5.604507_1	COG0482	223558	8.31e-140	41.322	MnmA	tRNA U34 2-thiouridine synthase MnmA/TrmU, contains the PP-loop ATPase domain	J	Translation, ribosomal structure and biogenesis
NODE_33_length_34048_cov_5.604507_5	COG2055	224966	4.45e-118	40.782	AllD	Malate/lactate/ureidoglycolate dehydrogenase, LDH2 family	C	Energy production and conversion
NODE_33_length_34048_cov_5.604507_6	COG0527	223601	3.27e-107	31.278	MetL1	Aspartate kinase	E	Amino acid transport and metabolism
NODE_33_length_34048_cov_5.604507_7	COG0809	223879	1.45e-168	48.997	QueA	S-adenosylmethionine:tRNA-ribosyltransferase-isomerase (queuine synthetase)	J	Translation, ribosomal structure and biogenesis
NODE_33_length_34048_cov_5.604507_8	COG0520	223594	4.88e-51	30.64	CsdA	Selenocysteine lyase/Cysteine desulfurase	E	Amino acid transport and metabolism
NODE_33_length_34048_cov_5.604507_10	COG0531	223605	5.66e-34	23.182	PotE	Serine transporter YbeC, amino acid:H+ symporter family	E	Amino acid transport and metabolism
NODE_33_length_34048_cov_5.604507_12	COG4242	226693	3.34e-16	20.755	CphB	Cyanophycinase and related exopeptidases	Q	Secondary metabolites biosynthesis, transport and catabolism
NODE_33_length_34048_cov_5.604507_13	COG4242	226693	5.39e-19	30.693	CphB	Cyanophycinase and related exopeptidases	Q	Secondary metabolites biosynthesis, transport and catabolism
NODE_33_length_34048_cov_5.604507_14	COG0162	223240	2.08e-160	44.393	TyrS	Tyrosyl-tRNA synthetase	J	Translation, ribosomal structure and biogenesis
NODE_33_length_34048_cov_5.604507_17	COG0443	223520	0.0	45.805	DnaK	Molecular chaperone DnaK (HSP70)	O	Posttranslational modification, protein turnover, chaperones
NODE_33_length_34048_cov_5.604507_19	COG0300	223377	3.16e-42	26.038	YqjQ	Short-chain dehydrogenase	R	General function prediction only
NODE_33_length_34048_cov_5.604507_20	COG0641	223714	9.4e-09	19.637	AslB	Sulfatase maturation enzyme AslB, radical SAM superfamily	O	Posttranslational modification, protein turnover, chaperones
NODE_33_length_34048_cov_5.604507_21	COG1835	224748	3.12e-22	23.208	OafA	Peptidoglycan/LPS O-acetylase OafA/YrhL, contains acyltransferase and SGNH-hydrolase domains	M	Cell wall/membrane/envelope biogenesis
NODE_33_length_34048_cov_5.604507_22	COG1835	224748	0.000165	24.37	OafA	Peptidoglycan/LPS O-acetylase OafA/YrhL, contains acyltransferase and SGNH-hydrolase domains	M	Cell wall/membrane/envelope biogenesis
NODE_33_length_34048_cov_5.604507_23	COG0307	223384	9.27e-78	43.386	RibC	Riboflavin synthase alpha chain	H	Coenzyme transport and metabolism
NODE_33_length_34048_cov_5.604507_25	COG4974	227308	2.33e-93	36.149	XerD	Site-specific recombinase XerD	L	Replication, recombination and repair
NODE_33_length_34048_cov_5.604507_27	COG0050	223128	0.0	78.734	TufA	Translation elongation factor EF-Tu, a GTPase	J	Translation, ribosomal structure and biogenesis
NODE_33_length_34048_cov_5.604507_28	COG0690	223762	1.43e-07	31.034	SecE	Preprotein translocase subunit SecE	U	Intracellular trafficking, secretion, and vesicular transport
NODE_33_length_34048_cov_5.604507_29	COG0250	223328	7.16e-41	38.764	NusG	Transcription termination/antitermination protein NusG	K	Transcription
NODE_34_length_33103_cov_5.384955_1	COG0540	223614	1.75e-136	46.885	PyrB	Aspartate carbamoyltransferase, catalytic subunit	F	Nucleotide transport and metabolism
NODE_34_length_33103_cov_5.384955_2	COG0777	223848	6.2e-140	52.669	AccD	Acetyl-CoA carboxylase beta subunit	I	Lipid transport and metabolism
NODE_34_length_33103_cov_5.384955_3	COG0691	223763	1.14e-69	57.143	SmpB	tmRNA-binding protein	O	Posttranslational modification, protein turnover, chaperones
NODE_34_length_33103_cov_5.384955_6	COG0025	223104	4.29e-30	35.26	NhaP	NhaP-type Na+/H+ or K+/H+ antiporter	P	Inorganic ion transport and metabolism
NODE_34_length_33103_cov_5.384955_7	COG0025	223104	1.09e-11	27.35	NhaP	NhaP-type Na+/H+ or K+/H+ antiporter	P	Inorganic ion transport and metabolism
NODE_34_length_33103_cov_5.384955_8	COG0188	223266	1.38e-105	32.028	GyrA	DNA gyrase/topoisomerase IV, subunit A	L	Replication, recombination and repair
NODE_34_length_33103_cov_5.384955_10	COG0187	223265	0.0	34.916	GyrB	DNA gyrase/topoisomerase IV, subunit B	L	Replication, recombination and repair
NODE_34_length_33103_cov_5.384955_13	COG0006	223085	0.007	24.194	PepP	Xaa-Pro aminopeptidase	E	Amino acid transport and metabolism
NODE_34_length_33103_cov_5.384955_14	COG0006	223085	4.98e-44	41.279	PepP	Xaa-Pro aminopeptidase	E	Amino acid transport and metabolism
NODE_34_length_33103_cov_5.384955_15	COG0747	223818	2.73e-94	29.231	DdpA	ABC-type transport system, periplasmic component	E	Amino acid transport and metabolism
NODE_34_length_33103_cov_5.384955_16	COG0308	223385	3.1e-40	21.687	PepN	Aminopeptidase N, contains DUF3458 domain	E	Amino acid transport and metabolism
NODE_34_length_33103_cov_5.384955_17	COG2244	225153	4.87e-16	19.917	RfbX	Membrane protein involved in the export of O-antigen and teichoic acid	M	Cell wall/membrane/envelope biogenesis
NODE_34_length_33103_cov_5.384955_18	COG0791	223862	3.32e-33	37.681	NlpC	Cell wall-associated hydrolase, NlpC_P60 family	M	Cell wall/membrane/envelope biogenesis
NODE_34_length_33103_cov_5.384955_19	COG0587	223660	0.0	42.857	DnaE	DNA polymerase III, alpha subunit	L	Replication, recombination and repair
NODE_34_length_33103_cov_5.384955_20	COG3118	225660	7.02e-31	45.055	CnoX	Chaperedoxin CnoX, contains thioredoxin-like and TPR-like domains, YbbN/TrxSC family	O	Posttranslational modification, protein turnover, chaperones
NODE_34_length_33103_cov_5.384955_23	COG1060	223988	2.91e-128	40.0	ThiH	2-iminoacetate synthase ThiH/Menaquinone biosynthesis enzymes MqnC and MqnE	H	Coenzyme transport and metabolism
NODE_34_length_33103_cov_5.384955_24	COG1760	224674	1.61e-106	43.493	SdaA	L-serine deaminase	E	Amino acid transport and metabolism
NODE_34_length_33103_cov_5.384955_25	COG0545	223619	7.65e-32	38.614	FkpA	FKBP-type peptidyl-prolyl cis-trans isomerase	O	Posttranslational modification, protein turnover, chaperones
NODE_34_length_33103_cov_5.384955_28	COG2820	225376	5.85e-34	26.277	Udp	Uridine phosphorylase	F	Nucleotide transport and metabolism
NODE_34_length_33103_cov_5.384955_29	COG0253	223331	1.76e-69	31.769	DapF	Diaminopimelate epimerase	E	Amino acid transport and metabolism
NODE_34_length_33103_cov_5.384955_30	COG1051	223979	6.28e-13	28.431	YjhB	ADP-ribose pyrophosphatase YjhB, NUDIX family	F	Nucleotide transport and metabolism
NODE_35_length_33028_cov_5.577988_2	COG1295	224214	2.2e-38	28.0	BrkB	Uncharacterized membrane protein, BrkB/YihY/UPF0761 family (not an RNase)	S	Function unknown
NODE_35_length_33028_cov_5.577988_3	COG1295	224214	8.77e-07	36.735	BrkB	Uncharacterized membrane protein, BrkB/YihY/UPF0761 family (not an RNase)	S	Function unknown
NODE_35_length_33028_cov_5.577988_4	COG2967	225515	4.23e-45	44.538	ApaG	Uncharacterized conserved protein ApaG affecting Mg2+/Co2+ transport	P	Inorganic ion transport and metabolism
NODE_35_length_33028_cov_5.577988_5	COG0473	223549	1.8e-128	42.33	LeuB	Isocitrate/isopropylmalate dehydrogenase	C	Energy production and conversion
NODE_35_length_33028_cov_5.577988_6	COG3592	226120	2.11e-12	28.169	YjdI	Uncharacterized Fe-S cluster protein YjdI	S	Function unknown
NODE_35_length_33028_cov_5.577988_7	COG0023	223102	2.26e-22	46.753	SUI1	Translation initiation factor 1 (eIF-1/SUI1)	J	Translation, ribosomal structure and biogenesis
NODE_35_length_33028_cov_5.577988_8	COG0157	223235	2.4e-115	47.331	NadC	Nicotinate-nucleotide pyrophosphorylase	H	Coenzyme transport and metabolism
NODE_35_length_33028_cov_5.577988_10	COG0696	223768	0.0	54.599	GpmI	Phosphoglycerate mutase (BPG-independent), AlkP superfamily	G	Carbohydrate transport and metabolism
NODE_35_length_33028_cov_5.577988_11	COG4430	226851	6.71e-34	50.0	YdeI	Uncharacterized conserved protein YdeI, YjbR/CyaY-like superfamily, DUF1801 family	S	Function unknown
NODE_35_length_33028_cov_5.577988_12	COG4430	226851	1.25e-26	47.5	YdeI	Uncharacterized conserved protein YdeI, YjbR/CyaY-like superfamily, DUF1801 family	S	Function unknown
NODE_35_length_33028_cov_5.577988_13	COG2244	225153	5.36e-18	17.996	RfbX	Membrane protein involved in the export of O-antigen and teichoic acid	M	Cell wall/membrane/envelope biogenesis
NODE_35_length_33028_cov_5.577988_15	COG1858	224771	5.47e-46	29.814	MauG	Cytochrome c peroxidase	O	Posttranslational modification, protein turnover, chaperones
NODE_35_length_33028_cov_5.577988_16	COG1186	224107	5.67e-21	28.125	PrfB	Protein chain release factor PrfB	J	Translation, ribosomal structure and biogenesis
NODE_35_length_33028_cov_5.577988_17	COG1490	224407	4.06e-74	58.904	Dtd	D-aminoacyl-tRNA deacylase	J	Translation, ribosomal structure and biogenesis
NODE_35_length_33028_cov_5.577988_18	COG2346	225223	1.41e-11	26.957	YjbI	Truncated hemoglobin YjbI	P	Inorganic ion transport and metabolism
NODE_35_length_33028_cov_5.577988_19	COG1694	224608	2.03e-13	28.713	MazG	NTP pyrophosphatase, house-cleaning of non-canonical NTPs	V	Defense mechanisms
NODE_35_length_33028_cov_5.577988_21	COG0035	223113	1.12e-61	37.5	Upp	Uracil phosphoribosyltransferase	F	Nucleotide transport and metabolism
NODE_35_length_33028_cov_5.577988_23	COG0286	223363	3.49e-13	35.556	HsdM	Type I restriction-modification system, DNA methylase subunit	V	Defense mechanisms
NODE_35_length_33028_cov_5.577988_26	COG0001	223080	0.0	56.103	HemL	Glutamate-1-semialdehyde aminotransferase	H	Coenzyme transport and metabolism
NODE_35_length_33028_cov_5.577988_27	COG2350	225225	1.58e-18	23.457	YciI	YciI superfamily enzyme, includes 5-CHQ dehydrochlorinase, contains active-site pHis	Q	Secondary metabolites biosynthesis, transport and catabolism
NODE_35_length_33028_cov_5.577988_28	COG0113	223191	0.0	59.568	HemB	Delta-aminolevulinic acid dehydratase, porphobilinogen synthase	H	Coenzyme transport and metabolism
NODE_35_length_33028_cov_5.577988_29	COG0408	223485	1.51e-148	56.04	HemF	Coproporphyrinogen-III oxidase HemH, oxygen-dependent	H	Coenzyme transport and metabolism
NODE_35_length_33028_cov_5.577988_30	COG0407	223484	2.33e-151	48.138	HemE	Uroporphyrinogen-III decarboxylase HemE	H	Coenzyme transport and metabolism
NODE_35_length_33028_cov_5.577988_31	COG1587	224503	2.15e-14	28.022	HemD	Uroporphyrinogen-III synthase	H	Coenzyme transport and metabolism
NODE_35_length_33028_cov_5.577988_32	COG0181	223259	1.71e-107	43.648	HemC	Porphobilinogen deaminase	H	Coenzyme transport and metabolism
NODE_35_length_33028_cov_5.577988_33	COG0373	223450	8.77e-90	31.477	HemA	Glutamyl-tRNA reductase	H	Coenzyme transport and metabolism
NODE_35_length_33028_cov_5.577988_34	COG0276	223353	1.63e-115	39.017	HemH	Protoheme ferro-lyase (ferrochelatase)	H	Coenzyme transport and metabolism
NODE_35_length_33028_cov_5.577988_35	COG1981	224892	2.52e-31	35.57	HemJ	Protoporphyrinogen oxidase HemJ (unrelated to HemG or HemY)	H	Coenzyme transport and metabolism
NODE_35_length_33028_cov_5.577988_36	COG4772	227113	1.48e-56	23.366	FecA	Outer membrane receptor for Fe3+-dicitrate	P	Inorganic ion transport and metabolism
NODE_35_length_33028_cov_5.577988_38	COG1295	224214	0.000654	19.444	BrkB	Uncharacterized membrane protein, BrkB/YihY/UPF0761 family (not an RNase)	S	Function unknown
NODE_35_length_33028_cov_5.577988_40	COG2204	225114	6.77e-07	30.0	AtoC	DNA-binding transcriptional response regulator, NtrC family, contains REC, AAA-type ATPase, and a Fis-type DNA-binding domains	T	Signal transduction mechanisms
NODE_35_length_33028_cov_5.577988_42	COG1215	224136	8.64e-19	21.371	BcsA	Glycosyltransferase, catalytic subunit of cellulose synthase and poly-beta-1,6-N-acetylglucosamine synthase	N	Cell motility
NODE_36_length_30556_cov_5.714632_1	COG1181	224102	5.76e-86	34.242	DdlA	D-alanine-D-alanine ligase or related ATP-grasp enzyme	M	Cell wall/membrane/envelope biogenesis
NODE_36_length_30556_cov_5.714632_2	COG2815	225372	1.09e-22	24.06	PASTA	PASTA domain, binds beta-lactams	M	Cell wall/membrane/envelope biogenesis
NODE_36_length_30556_cov_5.714632_3	COG0607	223680	5.98e-23	33.663	PspE	Rhodanese-related sulfurtransferase	P	Inorganic ion transport and metabolism
NODE_36_length_30556_cov_5.714632_4	COG0564	223638	4.11e-115	46.474	RluA	Pseudouridine synthase RluA, 23S rRNA- or tRNA-specific	J	Translation, ribosomal structure and biogenesis
NODE_36_length_30556_cov_5.714632_5	COG0321	223398	1.05e-85	38.75	LipB	Lipoate-protein ligase B	H	Coenzyme transport and metabolism
NODE_36_length_30556_cov_5.714632_7	COG2515	225313	4.29e-53	29.268	Acd	1-aminocyclopropane-1-carboxylate deaminase/D-cysteine desulfhydrase, PLP-dependent ACC family	E	Amino acid transport and metabolism
NODE_36_length_30556_cov_5.714632_8	COG1210	224131	6.28e-08	32.039	GalU	UTP-glucose-1-phosphate uridylyltransferase	M	Cell wall/membrane/envelope biogenesis
NODE_36_length_30556_cov_5.714632_9	COG0265	223343	1.79e-25	27.805	DegQ	Periplasmic serine protease, S1-C subfamily, contain C-terminal PDZ domain	O	Posttranslational modification, protein turnover, chaperones
NODE_36_length_30556_cov_5.714632_10	COG1595	224511	6.76e-13	19.774	RpoE	DNA-directed RNA polymerase specialized sigma subunit, sigma24 family	K	Transcription
NODE_36_length_30556_cov_5.714632_14	COG0513	223587	7.01e-154	38.395	SrmB	Superfamily II DNA and RNA helicase	L	Replication, recombination and repair
NODE_36_length_30556_cov_5.714632_15	COG0287	223364	2.08e-72	34.397	TyrA	Prephenate dehydrogenase	E	Amino acid transport and metabolism
NODE_36_length_30556_cov_5.714632_16	COG2876	225431	6.56e-53	39.024	AroGA	3-deoxy-D-arabino-heptulosonate 7-phosphate (DAHP) synthase	E	Amino acid transport and metabolism
NODE_36_length_30556_cov_5.714632_17	COG0337	223414	1.51e-115	41.108	AroB	3-dehydroquinate synthetase	E	Amino acid transport and metabolism
NODE_36_length_30556_cov_5.714632_18	COG0128	223206	1.07e-119	35.035	AroA	5-enolpyruvylshikimate-3-phosphate synthase	E	Amino acid transport and metabolism
NODE_36_length_30556_cov_5.714632_19	COG0082	223160	7.27e-157	45.584	AroC	Chorismate synthase	E	Amino acid transport and metabolism
NODE_36_length_30556_cov_5.714632_20	COG0011	223090	3.26e-15	25.556	YqgV	Thiamin-binding stress-response protein YqgV, UPF0045 family	H	Coenzyme transport and metabolism
NODE_36_length_30556_cov_5.714632_21	COG2173	225084	3.72e-50	37.853	DdpX	D-alanyl-D-alanine dipeptidase	M	Cell wall/membrane/envelope biogenesis
NODE_36_length_30556_cov_5.714632_22	COG2989	225536	6.11e-80	29.98	YcbB	Murein L,D-transpeptidase YcbB/YkuD	M	Cell wall/membrane/envelope biogenesis
NODE_36_length_30556_cov_5.714632_23	COG0797	223868	7.5e-37	45.455	RlpA	Peptidoglycan lytic transglycosylase RlpA, contains C-terminal SPOR domain	M	Cell wall/membrane/envelope biogenesis
NODE_36_length_30556_cov_5.714632_24	COG2885	225439	3.33e-43	38.843	OmpA	Outer membrane protein OmpA and related peptidoglycan-associated (lipo)proteins	M	Cell wall/membrane/envelope biogenesis
NODE_36_length_30556_cov_5.714632_25	COG0745	223816	3.6e-12	28.169	OmpR	DNA-binding response regulator, OmpR family, contains REC and winged-helix (wHTH) domain	T	Signal transduction mechanisms
NODE_36_length_30556_cov_5.714632_26	COG0744	223815	1.44e-156	29.139	MrcB	Penicillin-binding protein 1B/1F, peptidoglycan  transglycosylase/transpeptidase	M	Cell wall/membrane/envelope biogenesis
NODE_36_length_30556_cov_5.714632_29	COG1664	224578	3.56e-29	39.344	CcmA	Cytoskeletal protein CcmA, bactofilin family	Z	Cytoskeleton
NODE_36_length_30556_cov_5.714632_32	COG3091	225633	0.003	42.105	SprT	Predicted Zn-dependent metalloprotease, SprT family	R	General function prediction only
NODE_36_length_30556_cov_5.714632_33	COG0456	223532	4.25e-07	22.5	RimI	Ribosomal protein S18 acetylase RimI and related acetyltransferases	J	Translation, ribosomal structure and biogenesis
NODE_37_length_30440_cov_5.617410_3	COG2141	225052	9.42e-17	29.348	SsuD	Flavin-dependent oxidoreductase, luciferase family (includes alkanesulfonate monooxygenase SsuD and methylene tetrahydromethanopterin reductase)	H	Coenzyme transport and metabolism
NODE_37_length_30440_cov_5.617410_4	COG0030	223109	3.91e-84	46.032	RsmA	16S rRNA A1518 and A1519 N6-dimethyltransferase RsmA/KsgA/DIM1 (may also have DNA glycosylase/AP lyase activity)	J	Translation, ribosomal structure and biogenesis
NODE_37_length_30440_cov_5.617410_5	COG0111	223189	1.76e-94	36.538	SerA	Phosphoglycerate dehydrogenase or related dehydrogenase	H	Coenzyme transport and metabolism
NODE_37_length_30440_cov_5.617410_10	COG0782	223853	6.95e-43	42.282	GreA	Transcription elongation factor, GreA/GreB family	K	Transcription
NODE_37_length_30440_cov_5.617410_11	COG0537	223611	1.87e-38	40.288	HinT	Purine nucleoside phosphoramidase/Ap4A hydrolase, histidine triade (HIT) family	F	Nucleotide transport and metabolism
NODE_37_length_30440_cov_5.617410_12	COG0817	223887	5.17e-44	44.203	RuvC	Holliday junction resolvasome RuvABC endonuclease subunit RuvC	L	Replication, recombination and repair
NODE_37_length_30440_cov_5.617410_14	COG3858	226376	4.57e-05	17.266	SleL	Spore cortex hydrolase SleL/YaaH, N-acetylglucosaminidase of GH18 family	D	Cell cycle control, cell division, chromosome partitioning
NODE_37_length_30440_cov_5.617410_15	COG0491	223565	6.82e-14	17.308	GloB	Glyoxylase or a related metal-dependent hydrolase, beta-lactamase superfamily II	R	General function prediction only
NODE_37_length_30440_cov_5.617410_16	COG2270	225179	1.74e-84	30.58	BtlA	MFS-type transporter involved in bile tolerance, Atg22 family	R	General function prediction only
NODE_37_length_30440_cov_5.617410_17	COG1968	224879	1.58e-76	43.678	UppP	Undecaprenyl pyrophosphate phosphatase	I	Lipid transport and metabolism
NODE_37_length_30440_cov_5.617410_19	COG2177	225088	3.95e-28	29.204	FtsX	Cell division protein FtsX	D	Cell cycle control, cell division, chromosome partitioning
NODE_37_length_30440_cov_5.617410_20	COG0495	223569	0.0	37.45	LeuS	Leucyl-tRNA synthetase	J	Translation, ribosomal structure and biogenesis
NODE_37_length_30440_cov_5.617410_21	COG0793	223864	1.2e-17	21.525	CtpA	C-terminal processing protease CtpA/Prc, contains a PDZ domain	O	Posttranslational modification, protein turnover, chaperones
NODE_37_length_30440_cov_5.617410_22	COG0793	223864	3.61e-11	21.088	CtpA	C-terminal processing protease CtpA/Prc, contains a PDZ domain	O	Posttranslational modification, protein turnover, chaperones
NODE_37_length_30440_cov_5.617410_23	COG4946	227282	2.25e-22	22.318		Uncharacterized N-terminal domain of tricorn protease, contains WD40 repeats	S	Function unknown
NODE_37_length_30440_cov_5.617410_24	COG0739	223810	2.21e-15	24.0	NlpD	Murein DD-endopeptidase MepM and murein hydrolase activator NlpD, contains LysM domain	M	Cell wall/membrane/envelope biogenesis
NODE_37_length_30440_cov_5.617410_25	COG2085	224996	1.75e-34	30.18		Predicted dinucleotide-binding enzyme	R	General function prediction only
NODE_37_length_30440_cov_5.617410_26	COG2255	225164	0.0	63.323	RuvB	Holliday junction resolvasome RuvABC, ATP-dependent DNA helicase subunit RuvB	L	Replication, recombination and repair
NODE_37_length_30440_cov_5.617410_27	COG0745	223816	9.36e-62	37.991	OmpR	DNA-binding response regulator, OmpR family, contains REC and winged-helix (wHTH) domain	T	Signal transduction mechanisms
NODE_37_length_30440_cov_5.617410_29	COG1235	224156	8.12e-33	29.344	PhnP	Phosphoribosyl 1,2-cyclic phosphate phosphodiesterase	P	Inorganic ion transport and metabolism
NODE_37_length_30440_cov_5.617410_31	COG2204	225114	4.9e-24	25.397	AtoC	DNA-binding transcriptional response regulator, NtrC family, contains REC, AAA-type ATPase, and a Fis-type DNA-binding domains	T	Signal transduction mechanisms
NODE_37_length_30440_cov_5.617410_32	COG1078	224004	3.41e-79	35.115	YdhJ	HD superfamily phosphohydrolase	R	General function prediction only
NODE_37_length_30440_cov_5.617410_33	COG1044	223974	8.92e-107	42.56	LpxD	UDP-3-O-[3-hydroxymyristoyl] glucosamine N-acyltransferase	M	Cell wall/membrane/envelope biogenesis
NODE_38_length_28862_cov_5.375499_2	COG0029	223108	0.0	45.038	NadB	Aspartate oxidase	H	Coenzyme transport and metabolism
NODE_38_length_28862_cov_5.375499_5	COG2197	225107	5.01e-41	28.302	CitB	DNA-binding response regulator, NarL/FixJ family, contains REC and HTH domains	T	Signal transduction mechanisms
NODE_38_length_28862_cov_5.375499_6	COG1560	224476	4.25e-33	26.692	LpxP	Palmitoleoyl-ACP: Kdo2-lipid-IV acyltransferase (lipid A biosynthesis)	I	Lipid transport and metabolism
NODE_38_length_28862_cov_5.375499_7	COG0491	223565	5.8e-29	25.214	GloB	Glyoxylase or a related metal-dependent hydrolase, beta-lactamase superfamily II	R	General function prediction only
NODE_38_length_28862_cov_5.375499_8	COG0640	223713	2.82e-12	29.787	ArsR	DNA-binding transcriptional regulator, ArsR family	K	Transcription
NODE_38_length_28862_cov_5.375499_9	COG1214	224135	2.17e-40	28.507	TsaB	tRNA A37 threonylcarbamoyladenosine modification protein TsaB	J	Translation, ribosomal structure and biogenesis
NODE_38_length_28862_cov_5.375499_14	COG3023	225567	3.83e-47	33.838	AmpD	N-acetyl-anhydromuramyl-L-alanine amidase AmpD	M	Cell wall/membrane/envelope biogenesis
NODE_38_length_28862_cov_5.375499_15	COG0693	223765	2.26e-45	38.83	YajL	Protein/nucleotide deglycase, PfpI/YajL/DJ-1 family (repair of methylglyoxal-glycated proteins and nucleic acids)	V	Defense mechanisms
NODE_38_length_28862_cov_5.375499_16	COG0266	223344	7.43e-08	39.13	Nei	Formamidopyrimidine-DNA glycosylase	L	Replication, recombination and repair
NODE_38_length_28862_cov_5.375499_17	COG2267	225176	6.37e-11	19.203	PldB	Lysophospholipase, alpha-beta hydrolase superfamily	I	Lipid transport and metabolism
NODE_38_length_28862_cov_5.375499_18	COG0365	223442	0.0	40.32	Acs	Acyl-coenzyme A synthetase/AMP-(fatty) acid ligase	I	Lipid transport and metabolism
NODE_38_length_28862_cov_5.375499_21	COG0473	223549	4.9e-138	40.282	LeuB	Isocitrate/isopropylmalate dehydrogenase	C	Energy production and conversion
NODE_38_length_28862_cov_5.375499_23	COG0009	223088	2.07e-68	37.561	TsaC	tRNA A37 threonylcarbamoyladenosine synthetase subunit TsaC/SUA5/YrdC	J	Translation, ribosomal structure and biogenesis
NODE_38_length_28862_cov_5.375499_24	COG1396	224314	3.46e-09	27.941	HipB	Transcriptional regulator, contains XRE-family HTH domain	K	Transcription
NODE_38_length_28862_cov_5.375499_25	COG0288	223365	8.35e-76	40.513	CynT	Carbonic anhydrase	P	Inorganic ion transport and metabolism
NODE_38_length_28862_cov_5.375499_28	COG1131	224054	3.99e-104	40.196	CcmA	ABC-type multidrug transport system, ATPase component	V	Defense mechanisms
NODE_38_length_28862_cov_5.375499_29	COG0148	223226	0.0	65.155	Eno	Enolase	G	Carbohydrate transport and metabolism
NODE_38_length_28862_cov_5.375499_31	COG1670	224584	4.66e-13	33.333	RimL	Protein N-acetyltransferase, RimJ/RimL family	J	Translation, ribosomal structure and biogenesis
NODE_38_length_28862_cov_5.375499_32	COG2919	225471	0.000382	17.204	FtsB	Cell division protein FtsB	D	Cell cycle control, cell division, chromosome partitioning
NODE_38_length_28862_cov_5.375499_34	COG0177	223255	1.35e-101	50.725	Nth	Endonuclease III	L	Replication, recombination and repair
NODE_38_length_28862_cov_5.375499_36	COG0531	223605	5e-16	25.0	PotE	Serine transporter YbeC, amino acid:H+ symporter family	E	Amino acid transport and metabolism
NODE_39_length_24277_cov_5.618570_2	COG0664	223736	0.003	31.111	Crp	cAMP-binding domain of CRP or a regulatory subunit of cAMP-dependent protein kinases	T	Signal transduction mechanisms
NODE_39_length_24277_cov_5.618570_4	COG1508	224425	5.28e-109	34.677	RpoN	DNA-directed RNA polymerase specialized sigma subunit, sigma54 homolog	K	Transcription
NODE_39_length_24277_cov_5.618570_6	COG0367	223444	4.31e-112	31.01	AsnB	Asparagine synthetase B (glutamine-hydrolyzing)	E	Amino acid transport and metabolism
NODE_39_length_24277_cov_5.618570_9	COG3124	225666	2.18e-44	32.461	AcpH	Acyl carrier protein phosphodiesterase	I	Lipid transport and metabolism
NODE_39_length_24277_cov_5.618570_11	COG1899	224811	2.24e-23	23.734	DYS1	Deoxyhypusine synthase	O	Posttranslational modification, protein turnover, chaperones
NODE_39_length_24277_cov_5.618570_12	COG2234	225143	2.8e-27	22.603	Iap	Zn-dependent amino- or carboxypeptidase, M28 family	O	Posttranslational modification, protein turnover, chaperones
NODE_39_length_24277_cov_5.618570_13	COG0698	223770	8.57e-55	47.887	RpiB	Ribose 5-phosphate isomerase RpiB	G	Carbohydrate transport and metabolism
NODE_39_length_24277_cov_5.618570_14	COG0805	223876	2.76e-60	29.104	TatC	Twin-arginine protein secretion pathway component TatC	U	Intracellular trafficking, secretion, and vesicular transport
NODE_39_length_24277_cov_5.618570_19	COG1253	224173	1.56e-80	27.119	TlyC	Hemolysin-related protein, contains CBS domains, UPF0053 family	R	General function prediction only
NODE_39_length_24277_cov_5.618570_21	COG1506	224423	1.53e-71	25.301	DAP2	Dipeptidyl aminopeptidase/acylaminoacyl peptidase	E	Amino acid transport and metabolism
NODE_39_length_24277_cov_5.618570_22	COG4615	226968	0.004	22.68	PvdE	ABC-type siderophore export system, fused ATPase and permease components	P	Inorganic ion transport and metabolism
NODE_39_length_24277_cov_5.618570_23	COG0671	223743	0.000222	25.301	PgpB	Membrane-associated phospholipid phosphatase	I	Lipid transport and metabolism
NODE_39_length_24277_cov_5.618570_24	COG0674	223746	2.25e-76	30.491	PorA	Pyruvate:ferredoxin oxidoreductase or related 2-oxoacid:ferredoxin oxidoreductase, alpha subunit	C	Energy production and conversion
NODE_39_length_24277_cov_5.618570_25	COG4339	226789	0.000365	23.977		Predicted metal-dependent phosphohydrolase, HD superfamily	R	General function prediction only
NODE_39_length_24277_cov_5.618570_26	COG3204	225745	1.64e-07	24.18	YjiK	Uncharacterized Ca-binding beta-propeller protein YjiK	R	General function prediction only
NODE_40_length_21849_cov_5.535790_4	COG1629	224544	8.65e-07	13.037	CirA	Outer membrane receptor protein, Fe transport	P	Inorganic ion transport and metabolism
NODE_40_length_21849_cov_5.535790_6	COG0516	223590	3.8e-38	26.697	GuaB	IMP dehydrogenase/GMP reductase	F	Nucleotide transport and metabolism
NODE_40_length_21849_cov_5.535790_7	COG1463	224380	1.04e-19	19.048	MlaD	Periplasmic subunit MlaD of the ABC-type intermembrane phospholipid transporter Mla	M	Cell wall/membrane/envelope biogenesis
NODE_40_length_21849_cov_5.535790_8	COG1127	224052	2.64e-91	41.87	MlaF	ATPase subunit MlaF of the ABC-type intermembrane phospholipid transporter Mla	M	Cell wall/membrane/envelope biogenesis
NODE_40_length_21849_cov_5.535790_9	COG0767	223838	1.09e-67	36.179	MlaE	Permease subunit MlaE of the ABC-type intermembrane phospholipid transporter Mla	M	Cell wall/membrane/envelope biogenesis
NODE_40_length_21849_cov_5.535790_10	COG5637	227924	4.42e-54	38.028		Uncharacterized protein, contains SRPBCC domain	S	Function unknown
NODE_40_length_21849_cov_5.535790_11	COG0436	223513	9.72e-110	33.333	AspB	Aspartate/methionine/tyrosine aminotransferase	E	Amino acid transport and metabolism
NODE_40_length_21849_cov_5.535790_12	COG1512	224429	6.75e-43	32.759	YgcG	Uncharacterized membrane protein YgcG, contains a TPM-fold domain	S	Function unknown
NODE_40_length_21849_cov_5.535790_13	COG3762	226285	6.83e-25	26.866		Uncharacterized membrane protein	S	Function unknown
NODE_40_length_21849_cov_5.535790_14	COG1704	224618	4.56e-77	50.532	LemA	Magnetosome formation protein MamQ, lipoprotein antigen LemA family	M	Cell wall/membrane/envelope biogenesis
NODE_40_length_21849_cov_5.535790_15	COG0126	223204	0.0	54.293	Pgk	3-phosphoglycerate kinase	G	Carbohydrate transport and metabolism
NODE_40_length_21849_cov_5.535790_16	COG0057	223135	0.0	58.036	GapA	Glyceraldehyde-3-phosphate dehydrogenase/erythrose-4-phosphate dehydrogenase	G	Carbohydrate transport and metabolism
NODE_41_length_21784_cov_5.566662_1	COG0041	223119	6e-79	59.627	PurE	Phosphoribosylcarboxyaminoimidazole (NCAIR) mutase	F	Nucleotide transport and metabolism
NODE_41_length_21784_cov_5.566662_2	COG1538	224455	1.54e-39	21.667	TolC	Outer membrane protein TolC	M	Cell wall/membrane/envelope biogenesis
NODE_41_length_21784_cov_5.566662_3	COG0841	223911	0.0	39.783	AcrB	Multidrug efflux pump subunit AcrB	V	Defense mechanisms
NODE_41_length_21784_cov_5.566662_4	COG0845	223914	1.18e-36	30.514	AcrA	Multidrug efflux pump subunit AcrA (membrane-fusion protein)	M	Cell wall/membrane/envelope biogenesis
NODE_41_length_21784_cov_5.566662_5	COG0026	223105	1.22e-117	36.729	PurK	Phosphoribosylaminoimidazole carboxylase (NCAIR synthetase)	F	Nucleotide transport and metabolism
NODE_41_length_21784_cov_5.566662_6	COG2312	225194	1.12e-20	35.484	YbfO	Erythromycin esterase homolog	Q	Secondary metabolites biosynthesis, transport and catabolism
NODE_41_length_21784_cov_5.566662_7	COG2312	225194	2.18e-16	30.0	YbfO	Erythromycin esterase homolog	Q	Secondary metabolites biosynthesis, transport and catabolism
NODE_41_length_21784_cov_5.566662_8	COG2312	225194	2.37e-07	28.571	YbfO	Erythromycin esterase homolog	Q	Secondary metabolites biosynthesis, transport and catabolism
NODE_41_length_21784_cov_5.566662_9	COG3185	225726	1.77e-92	36.944	HppD	4-hydroxyphenylpyruvate dioxygenase and related hemolysins	E	Amino acid transport and metabolism
NODE_41_length_21784_cov_5.566662_10	COG3034	225577	5.22e-50	39.908	YafK	Murein L,D-transpeptidase YafK	M	Cell wall/membrane/envelope biogenesis
NODE_41_length_21784_cov_5.566662_11	COG0527	223601	1.51e-86	27.991	MetL1	Aspartate kinase	E	Amino acid transport and metabolism
NODE_41_length_21784_cov_5.566662_12	COG2353	225228	8.67e-24	41.284	YceI	Polyisoprenoid-binding periplasmic protein YceI	R	General function prediction only
NODE_41_length_21784_cov_5.566662_15	COG2072	224983	8.21e-17	22.222	CzcO	Predicted flavoprotein CzcO associated with the cation diffusion facilitator CzcD	P	Inorganic ion transport and metabolism
NODE_41_length_21784_cov_5.566662_16	COG3361	225897	1.65e-21	25.269	YqjF	Uncharacterized conserved protein YqjF, DUF2071 family	S	Function unknown
NODE_41_length_21784_cov_5.566662_17	COG1071	223997	2.13e-140	48.916	AcoA	TPP-dependent pyruvate or acetoin dehydrogenase subunit alpha	C	Energy production and conversion
NODE_41_length_21784_cov_5.566662_18	COG4649	226996	5.3e-07	25.243	TPR1	TPR-like repeat domain	S	Function unknown
NODE_41_length_21784_cov_5.566662_19	COG0054	223132	1.94e-50	41.06	RibE	6,7-dimethyl-8-ribityllumazine synthase (Riboflavin synthase beta chain)	H	Coenzyme transport and metabolism
NODE_41_length_21784_cov_5.566662_20	COG0247	223325	3.15e-56	30.29	GlpC	Fe-S cluster-containing oxidoreductase, includes glycolate oxidase subunit GlcF	C	Energy production and conversion
NODE_41_length_21784_cov_5.566662_21	COG0063	223141	1.33e-14	38.71	Nnr2	NAD(P)H-hydrate repair enzyme Nnr, NAD(P)H-hydrate dehydratase domain	F	Nucleotide transport and metabolism
NODE_41_length_21784_cov_5.566662_22	COG3197	225738	2.78e-05	48.148	FixS	Cytochrome oxidase maturation protein, CcoS/FixS family	O	Posttranslational modification, protein turnover, chaperones
NODE_41_length_21784_cov_5.566662_24	COG2217	225127	1.2e-07	29.333	ZntA	Cation-transporting P-type ATPase	P	Inorganic ion transport and metabolism
NODE_41_length_21784_cov_5.566662_25	COG2217	225127	1.48e-06	17.46	ZntA	Cation-transporting P-type ATPase	P	Inorganic ion transport and metabolism
NODE_41_length_21784_cov_5.566662_27	COG2217	225127	3.91e-39	25.101	ZntA	Cation-transporting P-type ATPase	P	Inorganic ion transport and metabolism
NODE_42_length_21244_cov_5.611497_6	COG1234	224155	1.28e-27	29.104	ElaC	Ribonuclease BN, tRNA processing enzyme	J	Translation, ribosomal structure and biogenesis
NODE_42_length_21244_cov_5.611497_7	COG1234	224155	8.07e-10	34.694	ElaC	Ribonuclease BN, tRNA processing enzyme	J	Translation, ribosomal structure and biogenesis
NODE_42_length_21244_cov_5.611497_8	COG1917	224829	2.69e-11	19.298	QdoI	Cupin domain protein related to quercetin dioxygenase	R	General function prediction only
NODE_42_length_21244_cov_5.611497_9	COG0667	223739	1.5e-100	40.367	PdxI	Pyridoxal reductase PdxI or related oxidoreductase, aldo/keto reductase family	H	Coenzyme transport and metabolism
NODE_42_length_21244_cov_5.611497_10	COG1028	223959	4.52e-47	31.224	FabG	NAD(P)-dependent dehydrogenase, short-chain alcohol dehydrogenase family	I	Lipid transport and metabolism
NODE_42_length_21244_cov_5.611497_12	COG1190	224111	0.0	55.929	LysU	Lysyl-tRNA synthetase (class II)	J	Translation, ribosomal structure and biogenesis
NODE_42_length_21244_cov_5.611497_15	COG3757	226280	2.87e-35	40.625	Acm	Lyzozyme M1 (1,4-beta-N-acetylmuramidase), GH25 family	M	Cell wall/membrane/envelope biogenesis
NODE_42_length_21244_cov_5.611497_16	COG1629	224544	5.73e-19	17.553	CirA	Outer membrane receptor protein, Fe transport	P	Inorganic ion transport and metabolism
NODE_42_length_21244_cov_5.611497_18	COG0584	223657	7.14e-21	23.221	UgpQ	Glycerophosphoryl diester phosphodiesterase	I	Lipid transport and metabolism
NODE_42_length_21244_cov_5.611497_21	COG0535	223609	5.02e-34	26.875	SkfB	Radical SAM superfamily maturase, SkfB/NifB/PqqE family	D	Cell cycle control, cell division, chromosome partitioning
NODE_43_length_20030_cov_5.382778_2	COG2355	225230	4.76e-95	33.058		Zn-dependent dipeptidase, microsomal dipeptidase homolog	O	Posttranslational modification, protein turnover, chaperones
NODE_43_length_20030_cov_5.382778_3	COG3548	226078	1.91e-08	28.0		Uncharacterized membrane protein	S	Function unknown
NODE_43_length_20030_cov_5.382778_5	COG1680	224594	2.41e-34	30.811	AmpC	CubicO group peptidase, beta-lactamase class C family	V	Defense mechanisms
NODE_43_length_20030_cov_5.382778_10	COG3503	226034	2.91e-21	27.703		Uncharacterized membrane protein, DUF1624 family	S	Function unknown
NODE_43_length_20030_cov_5.382778_11	COG3503	226034	1.07e-12	29.104		Uncharacterized membrane protein, DUF1624 family	S	Function unknown
NODE_43_length_20030_cov_5.382778_12	COG3653	226179	1.47e-108	29.983		N-acyl-D-aspartate/D-glutamate deacylase	Q	Secondary metabolites biosynthesis, transport and catabolism
NODE_43_length_20030_cov_5.382778_13	COG5485	227772	0.000839	41.026		Predicted ester cyclase	R	General function prediction only
NODE_43_length_20030_cov_5.382778_15	COG1945	224856	3.31e-23	38.961	PdaD	Pyruvoyl-dependent arginine decarboxylase	E	Amino acid transport and metabolism
NODE_43_length_20030_cov_5.382778_16	COG5531	227818	1.57e-18	34.021	Rsc6	DNA-binding SWIB/MDM2 domain	B	Chromatin structure and dynamics
NODE_43_length_20030_cov_5.382778_20	COG1680	224594	2.21e-48	25.326	AmpC	CubicO group peptidase, beta-lactamase class C family	V	Defense mechanisms
NODE_43_length_20030_cov_5.382778_21	COG1670	224584	6.05e-14	24.39	RimL	Protein N-acetyltransferase, RimJ/RimL family	J	Translation, ribosomal structure and biogenesis
NODE_43_length_20030_cov_5.382778_22	COG2080	224991	3.46e-87	60.667	CutS	Aldehyde, CO, or xanthine dehydrogenase, Fe-S subunit, CoxS/CutS family	C	Energy production and conversion
NODE_43_length_20030_cov_5.382778_23	COG1319	224238	1.35e-81	37.651	CutB	Aldehyde, CO, or xanthine dehydrogenase, FAD-binding subunit	C	Energy production and conversion
NODE_43_length_20030_cov_5.382778_24	COG1529	224446	0.0	32.794	CoxL	Aldehyde, CO or xanthine dehydrogenase, Mo-binding subunit	C	Energy production and conversion
NODE_44_length_17910_cov_5.497060_1	COG0210	223288	0.0	44.512	UvrD	Superfamily I DNA or RNA helicase	L	Replication, recombination and repair
NODE_44_length_17910_cov_5.497060_3	COG1158	224080	0.0	63.753	Rho	Transcription termination factor Rho	K	Transcription
NODE_44_length_17910_cov_5.497060_5	COG2603	225323	1.73e-37	33.878	SelU	tRNA 2-selenouridine synthase SelU, contains rhodanese domain	J	Translation, ribosomal structure and biogenesis
NODE_44_length_17910_cov_5.497060_7	COG0709	223781	1.34e-136	50.862	SelD	Selenophosphate synthase	E	Amino acid transport and metabolism
NODE_44_length_17910_cov_5.497060_8	COG2154	225065	6.88e-26	50.725	PhhB	Pterin-4a-carbinolamine dehydratase	H	Coenzyme transport and metabolism
NODE_44_length_17910_cov_5.497060_10	COG2234	225143	2.24e-36	23.711	Iap	Zn-dependent amino- or carboxypeptidase, M28 family	O	Posttranslational modification, protein turnover, chaperones
NODE_44_length_17910_cov_5.497060_11	COG0370	223447	0.0	37.411	FeoB	Fe2+ transporter FeoB	P	Inorganic ion transport and metabolism
NODE_44_length_17910_cov_5.497060_12	COG2367	225242	9.98e-14	24.057	PenP	Beta-lactamase class A	V	Defense mechanisms
NODE_44_length_17910_cov_5.497060_13	COG1473	224390	8.25e-153	44.307	AbgB	Metal-dependent amidase/aminoacylase/carboxypeptidase	R	General function prediction only
NODE_44_length_17910_cov_5.497060_15	COG3228	225769	8.24e-38	30.508	MtfA	Mlc titration factor MtfA, regulates ptsG expression	T	Signal transduction mechanisms
NODE_44_length_17910_cov_5.497060_17	COG1858	224771	1.28e-17	29.771	MauG	Cytochrome c peroxidase	O	Posttranslational modification, protein turnover, chaperones
NODE_45_length_17711_cov_5.154622_1	COG0514	223588	0.0	44.04	RecQ	Superfamily II DNA helicase RecQ	L	Replication, recombination and repair
NODE_45_length_17711_cov_5.154622_2	COG0794	223865	2.48e-78	45.729	GutQ	D-arabinose 5-phosphate isomerase GutQ	G	Carbohydrate transport and metabolism
NODE_45_length_17711_cov_5.154622_3	COG0836	223906	2.11e-131	39.759	CpsB	Mannose-1-phosphate guanylyltransferase	M	Cell wall/membrane/envelope biogenesis
NODE_45_length_17711_cov_5.154622_4	COG3359	225895	3.62e-08	22.464	YprB	Uncharacterized conserved protein YprB, contains RNaseH-like and TPR domains	R	General function prediction only
NODE_45_length_17711_cov_5.154622_5	COG0251	223329	2.15e-23	33.0	RidA	Enamine deaminase RidA, house cleaning of reactive enamine intermediates, YjgF/YER057c/UK114 family	V	Defense mechanisms
NODE_45_length_17711_cov_5.154622_6	COG2315	225197	2.58e-46	46.018	MmcQ	Predicted DNA-binding protein with ‘double-wing’ structural motif, MmcQ/YjbR family	K	Transcription
NODE_45_length_17711_cov_5.154622_7	COG0436	223513	2.67e-106	34.146	AspB	Aspartate/methionine/tyrosine aminotransferase	E	Amino acid transport and metabolism
NODE_45_length_17711_cov_5.154622_8	COG0640	223713	2.8e-15	48.333	ArsR	DNA-binding transcriptional regulator, ArsR family	K	Transcription
NODE_45_length_17711_cov_5.154622_9	COG0580	223653	1.78e-44	36.752	GlpF	Glycerol uptake facilitator or related aquaporin (Major Intrinsic protein Family)	G	Carbohydrate transport and metabolism
NODE_45_length_17711_cov_5.154622_10	COG0394	223471	1.67e-13	30.508	Wzb	Protein-tyrosine-phosphatase	T	Signal transduction mechanisms
NODE_45_length_17711_cov_5.154622_11	COG2314	225196	0.001	37.5	TM2	Uncharacterized membrane protein YozV, TM2 domain, contains pTyr	R	General function prediction only
NODE_45_length_17711_cov_5.154622_12	COG0379	223456	7.3e-160	51.948	NadA	Quinolinate synthase	H	Coenzyme transport and metabolism
NODE_45_length_17711_cov_5.154622_13	COG0760	223831	1.33e-09	29.078	SurA	Peptidyl-prolyl isomerase, parvulin family	O	Posttranslational modification, protein turnover, chaperones
NODE_45_length_17711_cov_5.154622_15	COG0598	223671	1.42e-79	32.722	CorA	Mg2+ and Co2+ transporter CorA	P	Inorganic ion transport and metabolism
NODE_45_length_17711_cov_5.154622_16	COG1454	224371	2.12e-48	26.266	EutG	Alcohol dehydrogenase, class IV	C	Energy production and conversion
NODE_46_length_16467_cov_5.333110_1	COG2911	225463	5.75e-10	18.947	TamB	Autotransporter translocation and assembly protein TamB	U	Intracellular trafficking, secretion, and vesicular transport
NODE_46_length_16467_cov_5.333110_2	COG4775	227116	3.99e-34	22.381	BamA	Outer membrane protein assembly factor BamA	M	Cell wall/membrane/envelope biogenesis
NODE_46_length_16467_cov_5.333110_3	COG0022	223101	2.36e-104	41.124	AcoB	Pyruvate/2-oxoglutarate/acetoin dehydrogenase complex, dehydrogenase (E1) component, beta subunit	C	Energy production and conversion
NODE_46_length_16467_cov_5.333110_4	COG0179	223257	1.21e-74	42.347	YcgM	2-keto-4-pentenoate hydratase/2-oxohepta-3-ene-1,7-dioic acid hydratase (catechol pathway)	Q	Secondary metabolites biosynthesis, transport and catabolism
NODE_46_length_16467_cov_5.333110_5	COG0193	223271	4.21e-62	41.081	Pth	Peptidyl-tRNA hydrolase	J	Translation, ribosomal structure and biogenesis
NODE_46_length_16467_cov_5.333110_6	COG1825	224738	3.32e-22	32.258	RplY	Ribosomal protein L25 (general stress protein Ctc)	J	Translation, ribosomal structure and biogenesis
NODE_46_length_16467_cov_5.333110_7	COG0462	223538	7.76e-126	52.581	PrsA	Phosphoribosylpyrophosphate synthetase	F	Nucleotide transport and metabolism
NODE_46_length_16467_cov_5.333110_9	COG2003	224914	8.39e-83	45.133	RadC	DNA repair protein RadC, contains a helix-hairpin-helix DNA-binding motif	L	Replication, recombination and repair
NODE_46_length_16467_cov_5.333110_13	COG1629	224544	1.5e-12	14.68	CirA	Outer membrane receptor protein, Fe transport	P	Inorganic ion transport and metabolism
NODE_47_length_16336_cov_5.057859_1	COG0101	223179	2.42e-81	36.293	TruA	tRNA U38,U39,U40 pseudouridine synthase TruA	J	Translation, ribosomal structure and biogenesis
NODE_47_length_16336_cov_5.057859_3	COG0308	223385	7.66e-89	23.256	PepN	Aminopeptidase N, contains DUF3458 domain	E	Amino acid transport and metabolism
NODE_47_length_16336_cov_5.057859_5	COG0239	223317	3e-18	45.098	CrcB	Fluoride ion exporter CrcB/FEX, affects chromosome condensation	D	Cell cycle control, cell division, chromosome partitioning
NODE_47_length_16336_cov_5.057859_6	COG0221	223299	4.82e-65	47.093	Ppa	Inorganic pyrophosphatase	C	Energy production and conversion
NODE_47_length_16336_cov_5.057859_7	COG0730	223802	3.19e-06	36.975	TauE	Sulfite exporter TauE/SafE/YfcA and related permeases, UPF0721 family	P	Inorganic ion transport and metabolism
NODE_47_length_16336_cov_5.057859_8	COG0791	223862	1.51e-17	37.0	NlpC	Cell wall-associated hydrolase, NlpC_P60 family	M	Cell wall/membrane/envelope biogenesis
NODE_47_length_16336_cov_5.057859_9	COG1595	224511	9.65e-19	25.0	RpoE	DNA-directed RNA polymerase specialized sigma subunit, sigma24 family	K	Transcription
NODE_47_length_16336_cov_5.057859_12	COG2814	225371	3.81e-13	29.808	AraJ	Predicted arabinose efflux permease AraJ, MFS family	G	Carbohydrate transport and metabolism
NODE_47_length_16336_cov_5.057859_13	COG4784	227123	1.04e-76	27.565		Putative Zn-dependent protease	R	General function prediction only
NODE_48_length_16237_cov_5.569725_2	COG0291	223368	1.9e-14	61.29	RpmI	Ribosomal protein L35	J	Translation, ribosomal structure and biogenesis
NODE_48_length_16237_cov_5.569725_3	COG0292	223369	4.53e-49	54.386	RplT	Ribosomal protein L20	J	Translation, ribosomal structure and biogenesis
NODE_48_length_16237_cov_5.569725_4	COG1166	224088	3.2e-30	20.107	SpeA	Arginine decarboxylase (spermidine biosynthesis)	E	Amino acid transport and metabolism
NODE_48_length_16237_cov_5.569725_6	COG0071	223149	3.28e-25	35.385	IbpA	Small heat shock protein IbpA, HSP20 family	O	Posttranslational modification, protein turnover, chaperones
NODE_48_length_16237_cov_5.569725_8	COG0682	223754	4.61e-25	22.069	Lgt	Prolipoprotein diacylglyceryltransferase	M	Cell wall/membrane/envelope biogenesis
NODE_48_length_16237_cov_5.569725_9	COG0568	223642	5.66e-84	38.811	RpoD	DNA-directed RNA polymerase, sigma subunit (sigma70/sigma32)	K	Transcription
NODE_48_length_16237_cov_5.569725_10	COG0436	223513	6.82e-138	38.718	AspB	Aspartate/methionine/tyrosine aminotransferase	E	Amino acid transport and metabolism
NODE_48_length_16237_cov_5.569725_11	COG0237	223315	2.52e-56	38.974	CoaE	Dephospho-CoA kinase	H	Coenzyme transport and metabolism
NODE_48_length_16237_cov_5.569725_12	COG1862	224775	9.92e-21	38.372	YajC	Protein translocase subunit YajC	U	Intracellular trafficking, secretion, and vesicular transport
NODE_48_length_16237_cov_5.569725_14	COG0781	223852	1.21e-26	41.489	NusB	Transcription antitermination protein NusB	K	Transcription
NODE_48_length_16237_cov_5.569725_15	COG0247	223325	5.48e-19	20.833	GlpC	Fe-S cluster-containing oxidoreductase, includes glycolate oxidase subunit GlcF	C	Energy production and conversion
NODE_48_length_16237_cov_5.569725_16	COG2065	224976	7.3e-25	31.707	PyrR	Pyrimidine operon attenuation protein PyrR/uracil phosphoribosyltransferase	F	Nucleotide transport and metabolism
NODE_48_length_16237_cov_5.569725_18	COG1109	224034	1.31e-117	25.234	ManB	Phosphomannomutase	G	Carbohydrate transport and metabolism
NODE_49_length_16235_cov_5.606651_1	COG0545	223619	2.11e-70	38.164	FkpA	FKBP-type peptidyl-prolyl cis-trans isomerase	O	Posttranslational modification, protein turnover, chaperones
NODE_49_length_16235_cov_5.606651_2	COG2814	225371	6.35e-08	17.742	AraJ	Predicted arabinose efflux permease AraJ, MFS family	G	Carbohydrate transport and metabolism
NODE_49_length_16235_cov_5.606651_3	COG0824	223894	5.65e-22	21.898	FadM	Acyl-CoA thioesterase FadM	I	Lipid transport and metabolism
NODE_49_length_16235_cov_5.606651_5	COG0847	223916	1.99e-43	34.783	DnaQ	DNA polymerase III, epsilon subunit or related 3'-5' exonuclease	L	Replication, recombination and repair
NODE_49_length_16235_cov_5.606651_6	COG1092	224017	1.17e-90	35.556	RlmK	23S rRNA G2069 N7-methylase RlmK or C1962 C5-methylase RlmI	J	Translation, ribosomal structure and biogenesis
NODE_49_length_16235_cov_5.606651_12	COG0039	223117	1.21e-126	46.474	Mdh	Malate/lactate dehydrogenase	C	Energy production and conversion
NODE_49_length_16235_cov_5.606651_14	COG1506	224423	1.48e-75	21.797	DAP2	Dipeptidyl aminopeptidase/acylaminoacyl peptidase	E	Amino acid transport and metabolism
NODE_49_length_16235_cov_5.606651_15	COG1032	223963	4.03e-22	21.798	YgiQ	Radical SAM superfamily enzyme YgiQ, UPF0313 family	R	General function prediction only
NODE_50_length_15545_cov_5.292576_1	COG1600	224516	6.89e-106	42.0	QueG	Epoxyqueuosine reductase QueG (queuosine biosynthesis)	J	Translation, ribosomal structure and biogenesis
NODE_50_length_15545_cov_5.292576_3	COG0842	223912	6.77e-20	28.0	YadH	ABC-type multidrug transport system, permease component	V	Defense mechanisms
NODE_50_length_15545_cov_5.292576_4	COG0616	223689	4.6e-89	42.529	SppA	Periplasmic serine protease, ClpP class	O	Posttranslational modification, protein turnover, chaperones
NODE_50_length_15545_cov_5.292576_5	COG0801	223872	5.74e-60	41.176	FolK	7,8-dihydro-6-hydroxymethylpterin pyrophosphokinase (folate biosynthesis)	H	Coenzyme transport and metabolism
NODE_50_length_15545_cov_5.292576_6	COG1428	224345	2.42e-47	35.784	Dck	Deoxyadenosine/deoxycytidine kinase	F	Nucleotide transport and metabolism
NODE_50_length_15545_cov_5.292576_7	COG1254	224174	9.26e-19	43.103	AcyP	Acylphosphatase	C	Energy production and conversion
NODE_50_length_15545_cov_5.292576_11	COG4430	226851	2.19e-05	28.09	YdeI	Uncharacterized conserved protein YdeI, YjbR/CyaY-like superfamily, DUF1801 family	S	Function unknown
NODE_50_length_15545_cov_5.292576_12	COG4775	227116	0.000633	26.923	BamA	Outer membrane protein assembly factor BamA	M	Cell wall/membrane/envelope biogenesis
NODE_50_length_15545_cov_5.292576_13	COG1629	224544	2.81e-15	15.278	CirA	Outer membrane receptor protein, Fe transport	P	Inorganic ion transport and metabolism
NODE_50_length_15545_cov_5.292576_14	COG0745	223816	6.21e-14	29.032	OmpR	DNA-binding response regulator, OmpR family, contains REC and winged-helix (wHTH) domain	T	Signal transduction mechanisms
NODE_50_length_15545_cov_5.292576_19	COG4251	226702	4e-61	42.213		Bacteriophytochrome (light-regulated signal transduction histidine kinase)	T	Signal transduction mechanisms
NODE_51_length_15451_cov_7.653416_3	COG0038	223116	5.7e-67	28.111	ClcA	H+/Cl- antiporter ClcA	P	Inorganic ion transport and metabolism
NODE_51_length_15451_cov_7.653416_5	COG0239	223317	4.85e-34	48.739	CrcB	Fluoride ion exporter CrcB/FEX, affects chromosome condensation	D	Cell cycle control, cell division, chromosome partitioning
NODE_51_length_15451_cov_7.653416_6	COG0589	223662	4.48e-29	33.775	UspA	Nucleotide-binding universal stress protein,  UspA family	T	Signal transduction mechanisms
NODE_51_length_15451_cov_7.653416_7	COG2814	225371	4.73e-05	18.468	AraJ	Predicted arabinose efflux permease AraJ, MFS family	G	Carbohydrate transport and metabolism
NODE_51_length_15451_cov_7.653416_9	COG0148	223226	0.0	60.849	Eno	Enolase	G	Carbohydrate transport and metabolism
NODE_51_length_15451_cov_7.653416_10	COG2510	225308	4.13e-39	48.905	RibN	Riboflavin transporter RibN, EamA domain	H	Coenzyme transport and metabolism
NODE_51_length_15451_cov_7.653416_11	COG0745	223816	2.05e-68	35.217	OmpR	DNA-binding response regulator, OmpR family, contains REC and winged-helix (wHTH) domain	T	Signal transduction mechanisms
NODE_51_length_15451_cov_7.653416_12	COG0642	223715	7.02e-24	24.39	BaeS	Signal transduction histidine kinase	T	Signal transduction mechanisms
NODE_51_length_15451_cov_7.653416_13	COG3391	225926	1.17e-06	23.741	YncE	DNA-binding beta-propeller fold protein YncE	R	General function prediction only
NODE_51_length_15451_cov_7.653416_14	COG1538	224455	2.33e-12	17.092	TolC	Outer membrane protein TolC	M	Cell wall/membrane/envelope biogenesis
NODE_51_length_15451_cov_7.653416_15	COG0845	223914	0.000269	17.166	AcrA	Multidrug efflux pump subunit AcrA (membrane-fusion protein)	M	Cell wall/membrane/envelope biogenesis
NODE_51_length_15451_cov_7.653416_16	COG0841	223911	0.0	26.634	AcrB	Multidrug efflux pump subunit AcrB	V	Defense mechanisms
NODE_52_length_14671_cov_4.902838_2	COG3039	225581	2.98e-08	23.711	IS5	Transposase and inactivated derivatives, IS5 family	X	Mobilome: prophages, transposons
NODE_52_length_14671_cov_4.902838_3	COG3039	225581	4.81e-08	26.389	IS5	Transposase and inactivated derivatives, IS5 family	X	Mobilome: prophages, transposons
NODE_52_length_14671_cov_4.902838_5	COG2129	225040	0.008	16.327		Predicted phosphoesterase, related to the Icc protein	R	General function prediction only
NODE_52_length_14671_cov_4.902838_10	COG3153	225695	3.43e-12	25.767	yhbS	Predicted N-acetyltransferase YhbS	R	General function prediction only
NODE_52_length_14671_cov_4.902838_11	COG0854	223923	7.91e-93	41.597	PdxJ	Pyridoxine 5'-phosphate synthase PdxJ	H	Coenzyme transport and metabolism
NODE_52_length_14671_cov_4.902838_13	COG0457	223533	0.000462	23.448	TPR	Tetratricopeptide (TPR) repeat	R	General function prediction only
NODE_52_length_14671_cov_4.902838_14	COG0491	223565	2.68e-23	24.413	GloB	Glyoxylase or a related metal-dependent hydrolase, beta-lactamase superfamily II	R	General function prediction only
NODE_52_length_14671_cov_4.902838_16	COG0156	223234	1.17e-111	33.079	BioF	7-keto-8-aminopelargonate synthetase or related enzyme	H	Coenzyme transport and metabolism
NODE_52_length_14671_cov_4.902838_18	COG1524	224441	5.51e-12	15.929	AtaC	c-di-AMP phosphodiesterase AtaC or nucleotide pyrophosphatase, AlkP superfamily	T	Signal transduction mechanisms
NODE_52_length_14671_cov_4.902838_22	COG0491	223565	1.94e-21	18.539	GloB	Glyoxylase or a related metal-dependent hydrolase, beta-lactamase superfamily II	R	General function prediction only
NODE_53_length_14294_cov_5.525809_1	COG0483	223559	8.89e-92	43.902	SuhB	Archaeal fructose-1,6-bisphosphatase or related enzyme, inositol monophosphatase family	G	Carbohydrate transport and metabolism
NODE_53_length_14294_cov_5.525809_2	COG1216	224137	1.57e-43	32.787	WcaE	Glycosyltransferase, GT2 family	G	Carbohydrate transport and metabolism
NODE_53_length_14294_cov_5.525809_4	COG1280	224199	1.48e-16	27.751	RhtB	Threonine/homoserine/homoserine lactone efflux protein	E	Amino acid transport and metabolism
NODE_53_length_14294_cov_5.525809_5	COG0744	223815	1.36e-67	28.0	MrcB	Penicillin-binding protein 1B/1F, peptidoglycan  transglycosylase/transpeptidase	M	Cell wall/membrane/envelope biogenesis
NODE_53_length_14294_cov_5.525809_6	COG1807	224720	2.47e-13	21.329	ArnT	PMT family glycosyltransferase ArnT/Agl22, involved in glycosylation of proteins and lipid IVA	M	Cell wall/membrane/envelope biogenesis
NODE_53_length_14294_cov_5.525809_7	COG3172	225713	3.45e-33	32.386	NadR3	Nicotinamide riboside kinase	H	Coenzyme transport and metabolism
NODE_53_length_14294_cov_5.525809_8	COG3201	225742	4.95e-24	25.51	PnuC	Nicotinamide riboside transporter PnuC	H	Coenzyme transport and metabolism
NODE_53_length_14294_cov_5.525809_9	COG0694	223766	1.32e-23	46.988	NifU	Fe-S cluster biogenesis protein NfuA, 4Fe-4S-binding domain	O	Posttranslational modification, protein turnover, chaperones
NODE_53_length_14294_cov_5.525809_12	COG0463	223539	4.57e-09	15.942	WcaA	Glycosyltransferase involved in cell wall bisynthesis	M	Cell wall/membrane/envelope biogenesis
NODE_53_length_14294_cov_5.525809_13	COG1807	224720	3e-39	27.451	ArnT	PMT family glycosyltransferase ArnT/Agl22, involved in glycosylation of proteins and lipid IVA	M	Cell wall/membrane/envelope biogenesis
NODE_54_length_13986_cov_5.544110_1	COG4447	226855	1.21e-05	19.244		Uncharacterized conserved protein related to plant photosystem II stability/assembly factor	R	General function prediction only
NODE_54_length_13986_cov_5.544110_3	COG1884	224796	0.0	36.084	Sbm	Methylmalonyl-CoA mutase, N-terminal domain/subunit	I	Lipid transport and metabolism
NODE_54_length_13986_cov_5.544110_4	COG1660	224574	1.31e-27	36.806	RapZ	RNase adaptor protein RapZ for GlmZ sRNA degradation, contains a P-loop ATPase domain	T	Signal transduction mechanisms
NODE_54_length_13986_cov_5.544110_5	COG1208	224129	1.27e-48	30.417	GCD1	NDP-sugar pyrophosphorylase, includes eIF-2Bgamma, eIF-2Bepsilon, and LPS biosynthesis protein s	J	Translation, ribosomal structure and biogenesis
NODE_54_length_13986_cov_5.544110_6	COG5587	227874	2.88e-32	26.267		Uncharacterized protein, contains DUF2461 domain	S	Function unknown
NODE_55_length_13755_cov_5.159635_2	COG3118	225660	2.71e-20	39.175	CnoX	Chaperedoxin CnoX, contains thioredoxin-like and TPR-like domains, YbbN/TrxSC family	O	Posttranslational modification, protein turnover, chaperones
NODE_55_length_13755_cov_5.159635_3	COG3391	225926	2.67e-17	21.277	YncE	DNA-binding beta-propeller fold protein YncE	R	General function prediction only
NODE_55_length_13755_cov_5.159635_4	COG3239	225779	4.62e-18	21.382	DesA	Fatty acid desaturase	I	Lipid transport and metabolism
NODE_55_length_13755_cov_5.159635_5	COG0204	223282	5.74e-11	21.097	PlsC	1-acyl-sn-glycerol-3-phosphate acyltransferase	I	Lipid transport and metabolism
NODE_55_length_13755_cov_5.159635_6	COG0784	223855	7.09e-06	27.397	CheY	CheY-like REC (receiver) domain, includes chemotaxis protein CheY  and sporulation regulator Spo0F	T	Signal transduction mechanisms
NODE_55_length_13755_cov_5.159635_7	COG2095	225006	1.85e-23	32.338	MarC	Small neutral amino acid transporter SnatA, MarC family	E	Amino acid transport and metabolism
NODE_55_length_13755_cov_5.159635_8	COG2102	225013	7.55e-50	31.308	Dph6	Diphthamide synthase (EF-2-diphthine--ammonia ligase)	J	Translation, ribosomal structure and biogenesis
NODE_55_length_13755_cov_5.159635_9	COG1629	224544	4.43e-05	13.019	CirA	Outer membrane receptor protein, Fe transport	P	Inorganic ion transport and metabolism
NODE_55_length_13755_cov_5.159635_13	COG1846	224759	0.001	16.304	MarR	DNA-binding transcriptional regulator, MarR family	K	Transcription
NODE_56_length_12526_cov_6.857670_2	COG2801	225361	2.81e-18	26.512	Tra5	Transposase InsO and inactivated derivatives	X	Mobilome: prophages, transposons
NODE_56_length_12526_cov_6.857670_3	COG5002	227335	4.07e-61	28.538	WalK	Sensor histidine kinase WalK	T	Signal transduction mechanisms
NODE_56_length_12526_cov_6.857670_4	COG2205	225115	1.34e-136	41.192	KdpD	K+-sensing histidine kinase KdpD	T	Signal transduction mechanisms
NODE_56_length_12526_cov_6.857670_6	COG2156	225067	1.41e-71	50.785	KdpC	K+-transporting ATPase, KdpC subunit	P	Inorganic ion transport and metabolism
NODE_56_length_12526_cov_6.857670_7	COG2216	225126	0.0	62.463	KdpB	K+ transport ATPase, ATPase subunit KdpB	P	Inorganic ion transport and metabolism
NODE_56_length_12526_cov_6.857670_8	COG2060	224971	0.0	48.862	KdpA	K+-transporting ATPase, KdpA subunit	P	Inorganic ion transport and metabolism
NODE_56_length_12526_cov_6.857670_9	COG2204	225114	0.0	45.633	AtoC	DNA-binding transcriptional response regulator, NtrC family, contains REC, AAA-type ATPase, and a Fis-type DNA-binding domains	T	Signal transduction mechanisms
NODE_57_length_12069_cov_5.757699_1	COG0652	223725	4.36e-51	36.634	PpiB	Peptidyl-prolyl cis-trans isomerase (rotamase) - cyclophilin family	O	Posttranslational modification, protein turnover, chaperones
NODE_57_length_12069_cov_5.757699_2	COG0509	223583	8.5e-58	51.587	GcvH	Glycine cleavage system protein H (lipoate-binding)	E	Amino acid transport and metabolism
NODE_57_length_12069_cov_5.757699_3	COG1595	224511	1.17e-25	28.333	RpoE	DNA-directed RNA polymerase specialized sigma subunit, sigma24 family	K	Transcription
NODE_57_length_12069_cov_5.757699_4	COG5343	227648	1.07e-11	22.266	RskA	Anti-sigma-K factor RskA	T	Signal transduction mechanisms
NODE_57_length_12069_cov_5.757699_5	COG5652	227939	0.001	29.114	VanZ	VanZ-like family protein (function unknown)	S	Function unknown
NODE_57_length_12069_cov_5.757699_6	COG0216	223294	4.83e-179	54.674	PrfA	Protein chain release factor RF1	J	Translation, ribosomal structure and biogenesis
NODE_57_length_12069_cov_5.757699_7	COG0402	223479	4.66e-25	21.836	SsnA	Cytosine/adenosine deaminase or related metal-dependent hydrolase	F	Nucleotide transport and metabolism
NODE_57_length_12069_cov_5.757699_8	COG1381	224299	9.15e-20	31.818	RecO	Recombinational DNA repair protein RecO (RecF pathway)	L	Replication, recombination and repair
NODE_57_length_12069_cov_5.757699_9	COG3292	225829	1.94e-09	19.856		Periplasmic ligand-binding sensor domain	T	Signal transduction mechanisms
NODE_57_length_12069_cov_5.757699_10	COG1033	223964	1.14e-49	22.379	MMPL	Predicted exporter protein, RND superfamily	R	General function prediction only
NODE_58_length_11896_cov_5.294232_1	COG4828	227165	3.97e-14	47.826		Uncharacterized membrane protein	S	Function unknown
NODE_58_length_11896_cov_5.294232_2	COG1038	223968	0.0	56.185	PycA	Pyruvate carboxylase	C	Energy production and conversion
NODE_58_length_11896_cov_5.294232_3	COG1196	224117	9.86e-09	21.965	Smc	Chromosome segregation ATPase Smc	D	Cell cycle control, cell division, chromosome partitioning
NODE_58_length_11896_cov_5.294232_4	COG3934	226444	0.003	20.755		Endo-1,4-beta-mannosidase	G	Carbohydrate transport and metabolism
NODE_58_length_11896_cov_5.294232_5	COG0153	223231	4.12e-148	43.377	GalK	Galactokinase	G	Carbohydrate transport and metabolism
NODE_58_length_11896_cov_5.294232_6	COG2017	224928	2.17e-87	39.017	GalM	Galactose mutarotase or related enzyme	G	Carbohydrate transport and metabolism
NODE_58_length_11896_cov_5.294232_7	COG0662	223734	3.62e-08	24.107	ManC	Mannose-6-phosphate isomerase, cupin superfamily	G	Carbohydrate transport and metabolism
NODE_58_length_11896_cov_5.294232_8	COG1193	224114	0.000369	33.333	MutS2	dsDNA-specific endonuclease/ATPase MutS2	L	Replication, recombination and repair
NODE_58_length_11896_cov_5.294232_10	COG4704	227048	1.38e-25	33.065		Uncharacterized conserved protein, DUF2141 family	S	Function unknown
NODE_58_length_11896_cov_5.294232_11	COG2197	225107	1.33e-19	25.203	CitB	DNA-binding response regulator, NarL/FixJ family, contains REC and HTH domains	T	Signal transduction mechanisms
NODE_59_length_10870_cov_5.722053_1	COG3104	225646	3.37e-127	34.902	PTR2	Dipeptide/tripeptide permease	E	Amino acid transport and metabolism
NODE_59_length_10870_cov_5.722053_2	COG1297	224216	9.12e-113	32.625	OPT	Predicted oligopeptide transporter, OPT family	R	General function prediction only
NODE_59_length_10870_cov_5.722053_3	COG4102	226587	5.26e-60	28.18		Uncharacterized conserved protein, DUF1501 family	S	Function unknown
NODE_59_length_10870_cov_5.722053_4	COG5267	227592	2.33e-62	30.363		Uncharacterized conserved protein, DUF1800 family	S	Function unknown
NODE_59_length_10870_cov_5.722053_5	COG3239	225779	0.000769	17.269	DesA	Fatty acid desaturase	I	Lipid transport and metabolism
NODE_59_length_10870_cov_5.722053_7	COG0172	223250	0.0	48.815	SerS	Seryl-tRNA synthetase	J	Translation, ribosomal structure and biogenesis
NODE_59_length_10870_cov_5.722053_8	COG4585	226951	4.86e-47	25.391	ComP	Signal transduction histidine kinase ComP	T	Signal transduction mechanisms
NODE_60_length_10396_cov_6.223769_2	COG1404	224322	7.09e-12	22.697	AprE	Serine protease, subtilisin family	O	Posttranslational modification, protein turnover, chaperones
NODE_60_length_10396_cov_6.223769_3	COG0144	223222	1.08e-40	29.88	RsmB	16S rRNA C967 or C1407 C5-methylase, RsmB/RsmF family	J	Translation, ribosomal structure and biogenesis
NODE_60_length_10396_cov_6.223769_5	COG0508	223582	1.59e-142	46.384	AceF	Pyruvate/2-oxoglutarate dehydrogenase complex, dihydrolipoamide acyltransferase (E2) component	C	Energy production and conversion
NODE_60_length_10396_cov_6.223769_6	COG0567	223641	0.0	48.265	SucA	2-oxoglutarate dehydrogenase complex, dehydrogenase (E1) component, and related enzymes	C	Energy production and conversion
NODE_60_length_10396_cov_6.223769_7	COG0268	223346	7.75e-14	43.678	RpsT	Ribosomal protein S20	J	Translation, ribosomal structure and biogenesis
NODE_61_length_9678_cov_5.534137_2	COG0611	223684	9.97e-88	35.224	ThiL	Thiamine monophosphate kinase	H	Coenzyme transport and metabolism
NODE_61_length_9678_cov_5.534137_3	COG0793	223864	1.42e-16	21.849	CtpA	C-terminal processing protease CtpA/Prc, contains a PDZ domain	O	Posttranslational modification, protein turnover, chaperones
NODE_61_length_9678_cov_5.534137_4	COG0388	223465	9.48e-61	33.955	Nit2	Omega-amidase YafV/Nit2, hydrolyzes alpha-ketoglutaramate	C	Energy production and conversion
NODE_61_length_9678_cov_5.534137_7	COG3340	225877	2.14e-43	42.529	PepE	Peptidase E	E	Amino acid transport and metabolism
NODE_61_length_9678_cov_5.534137_8	COG2989	225536	4.89e-43	31.844	YcbB	Murein L,D-transpeptidase YcbB/YkuD	M	Cell wall/membrane/envelope biogenesis
NODE_61_length_9678_cov_5.534137_11	COG4291	226741	1.01e-40	30.698		Uncharacterized membrane protein	S	Function unknown
NODE_61_length_9678_cov_5.534137_12	COG0431	223508	1.29e-22	26.111	SsuE	NAD(P)H-dependent FMN reductase	C	Energy production and conversion
NODE_61_length_9678_cov_5.534137_14	COG3285	225823	2e-15	30.0	LigD	Eukaryotic-type DNA primase	L	Replication, recombination and repair
NODE_61_length_9678_cov_5.534137_15	COG1917	224829	1.5e-08	23.611	QdoI	Cupin domain protein related to quercetin dioxygenase	R	General function prediction only
NODE_62_length_9098_cov_5.045334_1	COG1193	224114	1.65e-99	33.217	MutS2	dsDNA-specific endonuclease/ATPase MutS2	L	Replication, recombination and repair
NODE_62_length_9098_cov_5.045334_3	COG4974	227308	1.41e-12	47.17	XerD	Site-specific recombinase XerD	L	Replication, recombination and repair
NODE_62_length_9098_cov_5.045334_5	COG0742	223813	0.002	31.579	RsmD	16S rRNA G966 N2-methylase RsmD	J	Translation, ribosomal structure and biogenesis
NODE_62_length_9098_cov_5.045334_6	COG2189	225100	7.78e-23	50.0	Mod	Adenine specific DNA methylase Mod	L	Replication, recombination and repair
NODE_62_length_9098_cov_5.045334_7	COG3587	226115	0.000184	34.615	PM0699	Restriction endonuclease, type III RM system	V	Defense mechanisms
NODE_62_length_9098_cov_5.045334_9	COG0664	223736	1.11e-28	24.39	Crp	cAMP-binding domain of CRP or a regulatory subunit of cAMP-dependent protein kinases	T	Signal transduction mechanisms
NODE_62_length_9098_cov_5.045334_10	COG0730	223802	1.29e-12	25.431	TauE	Sulfite exporter TauE/SafE/YfcA and related permeases, UPF0721 family	P	Inorganic ion transport and metabolism
NODE_63_length_8597_cov_5.466050_1	COG0674	223746	2.23e-40	32.022	PorA	Pyruvate:ferredoxin oxidoreductase or related 2-oxoacid:ferredoxin oxidoreductase, alpha subunit	C	Energy production and conversion
NODE_63_length_8597_cov_5.466050_2	COG1149	224071	0.007	46.154		MinD superfamily P-loop ATPase, contains an inserted ferredoxin domain	R	General function prediction only
NODE_63_length_8597_cov_5.466050_5	COG1252	224172	2.01e-120	34.644	Ndh	NADH dehydrogenase, FAD-containing subunit	C	Energy production and conversion
NODE_63_length_8597_cov_5.466050_6	COG0111	223189	4.88e-101	41.534	SerA	Phosphoglycerate dehydrogenase or related dehydrogenase	H	Coenzyme transport and metabolism
NODE_63_length_8597_cov_5.466050_7	COG1680	224594	1.5e-48	24.217	AmpC	CubicO group peptidase, beta-lactamase class C family	V	Defense mechanisms
NODE_63_length_8597_cov_5.466050_8	COG0062	223140	1.13e-20	30.4	Nnr1	NAD(P)H-hydrate repair enzyme Nnr, NAD(P)H-hydrate epimerase domain	F	Nucleotide transport and metabolism
NODE_63_length_8597_cov_5.466050_9	COG0063	223141	1.11e-20	34.188	Nnr2	NAD(P)H-hydrate repair enzyme Nnr, NAD(P)H-hydrate dehydratase domain	F	Nucleotide transport and metabolism
NODE_64_length_8398_cov_5.573175_2	COG0438	223515	1e-31	21.827	RfaB	Glycosyltransferase involved in cell wall bisynthesis	M	Cell wall/membrane/envelope biogenesis
NODE_64_length_8398_cov_5.573175_4	COG1610	224526	4.22e-43	49.664	YqeY	Uncharacterized conserved protein YqeY, may have tRNA amino acid amidase activity	R	General function prediction only
NODE_64_length_8398_cov_5.573175_5	COG1286	224205	1.05e-05	23.179	CvpA	Colicin V production accessory protein CvpA, regulator of purF expression and biofilm formation	F	Nucleotide transport and metabolism
NODE_64_length_8398_cov_5.573175_6	COG0596	223669	1.43e-34	26.103	MenH	2-succinyl-6-hydroxy-2,4-cyclohexadiene-1-carboxylate synthase MenH and related esterases, alpha/beta hydrolase fold	H	Coenzyme transport and metabolism
NODE_64_length_8398_cov_5.573175_7	COG0517	223591	6.38e-13	25.862	CBS	CBS domain	T	Signal transduction mechanisms
NODE_64_length_8398_cov_5.573175_8	COG4775	227116	1.07e-14	18.14	BamA	Outer membrane protein assembly factor BamA	M	Cell wall/membrane/envelope biogenesis
NODE_64_length_8398_cov_5.573175_9	COG0061	223139	5.46e-66	34.783	NadK	NAD kinase	H	Coenzyme transport and metabolism
NODE_64_length_8398_cov_5.573175_10	COG3547	226077	6.69e-10	28.704		Transposase	X	Mobilome: prophages, transposons
NODE_66_length_7892_cov_5.279571_5	COG0488	223562	0.0	36.431	Uup	ATPase components of ABC transporters with duplicated ATPase domains	R	General function prediction only
NODE_66_length_7892_cov_5.279571_10	COG1505	224422	9.49e-120	56.25	PreP	Prolyl endopeptidase PreP, S9A serine peptidase family	E	Amino acid transport and metabolism
NODE_66_length_7892_cov_5.279571_11	COG1770	224684	1.14e-18	23.958	PtrB	Protease II	E	Amino acid transport and metabolism
NODE_66_length_7892_cov_5.279571_12	COG1505	224422	1.49e-07	31.343	PreP	Prolyl endopeptidase PreP, S9A serine peptidase family	E	Amino acid transport and metabolism
NODE_66_length_7892_cov_5.279571_13	COG1505	224422	1.29e-06	50.0	PreP	Prolyl endopeptidase PreP, S9A serine peptidase family	E	Amino acid transport and metabolism
NODE_66_length_7892_cov_5.279571_14	COG3040	225582	7e-58	44.444	Blc	Bacterial lipocalin Blc	M	Cell wall/membrane/envelope biogenesis
NODE_67_length_7696_cov_5.855909_1	COG1233	224154	1.22e-38	46.154		Phytoene dehydrogenase-related protein	Q	Secondary metabolites biosynthesis, transport and catabolism
NODE_67_length_7696_cov_5.855909_2	COG1595	224511	8.83e-34	31.098	RpoE	DNA-directed RNA polymerase specialized sigma subunit, sigma24 family	K	Transcription
NODE_67_length_7696_cov_5.855909_3	COG0789	223860	1.45e-07	21.687	SoxR	DNA-binding transcriptional regulator, MerR family	K	Transcription
NODE_67_length_7696_cov_5.855909_4	COG4464	226870	2.26e-43	30.256	YwqE	Tyrosine-protein phosphatase YwqE	T	Signal transduction mechanisms
NODE_67_length_7696_cov_5.855909_5	COG0438	223515	3.59e-39	27.381	RfaB	Glycosyltransferase involved in cell wall bisynthesis	M	Cell wall/membrane/envelope biogenesis
NODE_67_length_7696_cov_5.855909_7	COG0367	223444	6.53e-118	29.933	AsnB	Asparagine synthetase B (glutamine-hydrolyzing)	E	Amino acid transport and metabolism
NODE_68_length_7204_cov_5.924465_1	COG2197	225107	4.82e-53	28.169	CitB	DNA-binding response regulator, NarL/FixJ family, contains REC and HTH domains	T	Signal transduction mechanisms
NODE_68_length_7204_cov_5.924465_2	COG2057	224968	3.22e-110	58.182	AtoA	Acyl-CoA:acetate/3-ketoacid CoA transferase, beta subunit	I	Lipid transport and metabolism
NODE_68_length_7204_cov_5.924465_3	COG1788	224702	5.37e-110	52.582	AtoD	Acyl CoA:acetate/3-ketoacid CoA transferase, alpha subunit	I	Lipid transport and metabolism
NODE_68_length_7204_cov_5.924465_6	COG0452	223529	3.92e-146	47.859	CoaBC	Phosphopantothenoylcysteine synthetase/decarboxylase CoaBC	H	Coenzyme transport and metabolism
NODE_68_length_7204_cov_5.924465_7	COG1758	224672	0.000503	33.898	RpoZ	DNA-directed RNA polymerase, subunit K/omega	K	Transcription
NODE_68_length_7204_cov_5.924465_8	COG4105	226590	1.26e-11	21.088	BamD	Outer membrane protein assembly factor BamD, BamD/ComL family	M	Cell wall/membrane/envelope biogenesis
NODE_68_length_7204_cov_5.924465_9	COG2885	225439	1.89e-08	22.449	OmpA	Outer membrane protein OmpA and related peptidoglycan-associated (lipo)proteins	M	Cell wall/membrane/envelope biogenesis
NODE_69_length_7012_cov_5.998706_1	COG4898	227235	2.3e-58	63.393		Uncharacterized conserved protein	S	Function unknown
NODE_69_length_7012_cov_5.998706_2	COG0708	223780	9.23e-123	48.473	XthA	Exonuclease III	L	Replication, recombination and repair
NODE_69_length_7012_cov_5.998706_4	COG1950	224861	1.58e-13	43.86	YvlD	Uncharacterized membrane protein YvlD, DUF360 family	S	Function unknown
NODE_69_length_7012_cov_5.998706_5	COG0022	223101	5.71e-151	52.597	AcoB	Pyruvate/2-oxoglutarate/acetoin dehydrogenase complex, dehydrogenase (E1) component, beta subunit	C	Energy production and conversion
NODE_69_length_7012_cov_5.998706_7	COG3666	226192	4.83e-06	35.227		Transposase, IS1182 family	X	Mobilome: prophages, transposons
NODE_70_length_6777_cov_5.591193_4	COG0608	223681	8.17e-125	42.506	RecJ	ssDNA-specific exonuclease RecJ, DHH superfamily, may be involved in archaeal DNA replication intiation	L	Replication, recombination and repair
NODE_70_length_6777_cov_5.591193_5	COG0142	223220	1.01e-86	30.183	IspA	Geranylgeranyl pyrophosphate synthase	H	Coenzyme transport and metabolism
NODE_71_length_6635_cov_5.830395_2	COG1060	223988	8.73e-130	39.56	ThiH	2-iminoacetate synthase ThiH/Menaquinone biosynthesis enzymes MqnC and MqnE	H	Coenzyme transport and metabolism
NODE_71_length_6635_cov_5.830395_3	COG3975	226483	3.22e-08	32.099		Predicted metalloprotease, contains C-terminal PDZ domain	R	General function prediction only
NODE_71_length_6635_cov_5.830395_4	COG0612	223685	2.38e-65	26.379	PqqL	Predicted Zn-dependent peptidase, M16 family	R	General function prediction only
NODE_71_length_6635_cov_5.830395_5	COG0612	223685	6.48e-58	23.832	PqqL	Predicted Zn-dependent peptidase, M16 family	R	General function prediction only
NODE_72_length_6382_cov_5.345503_1	COG0534	223608	7.69e-38	32.512	NorM	Na+-driven multidrug efflux pump, DinF/NorM/MATE family	V	Defense mechanisms
NODE_72_length_6382_cov_5.345503_2	COG0534	223608	6.97e-40	37.143	NorM	Na+-driven multidrug efflux pump, DinF/NorM/MATE family	V	Defense mechanisms
NODE_72_length_6382_cov_5.345503_3	COG0628	223701	1.41e-27	21.886	PerM	Predicted PurR-regulated permease PerM	R	General function prediction only
NODE_72_length_6382_cov_5.345503_5	COG0745	223816	4.22e-62	35.841	OmpR	DNA-binding response regulator, OmpR family, contains REC and winged-helix (wHTH) domain	T	Signal transduction mechanisms
NODE_72_length_6382_cov_5.345503_6	COG0642	223715	6.02e-45	34.615	BaeS	Signal transduction histidine kinase	T	Signal transduction mechanisms
NODE_73_length_5582_cov_5.040166_2	COG0017	223096	0.0	42.531	AsnS	Aspartyl/asparaginyl-tRNA synthetase	J	Translation, ribosomal structure and biogenesis
NODE_73_length_5582_cov_5.040166_3	COG0589	223662	2.54e-21	30.0	UspA	Nucleotide-binding universal stress protein,  UspA family	T	Signal transduction mechanisms
NODE_73_length_5582_cov_5.040166_5	COG3491	226022	1.98e-78	33.742	PcbC	Isopenicillin N synthase and related dioxygenases	Q	Secondary metabolites biosynthesis, transport and catabolism
NODE_74_length_4808_cov_3.884915_2	COG1629	224544	2.19e-14	14.207	CirA	Outer membrane receptor protein, Fe transport	P	Inorganic ion transport and metabolism
NODE_75_length_4783_cov_5.732657_1	COG0363	223440	2.39e-78	37.5	NagB	6-phosphogluconolactonase/Glucosamine-6-phosphate isomerase/deaminase	G	Carbohydrate transport and metabolism
NODE_75_length_4783_cov_5.732657_2	COG3525	226056	1e-132	34.426	Chb	N-acetyl-beta-hexosaminidase	G	Carbohydrate transport and metabolism
NODE_75_length_4783_cov_5.732657_3	COG2936	225487	2.72e-54	27.177		Predicted acyl esterase	R	General function prediction only
NODE_76_length_4240_cov_4.608602_1	COG2801	225361	1.3e-09	25.581	Tra5	Transposase InsO and inactivated derivatives	X	Mobilome: prophages, transposons
NODE_76_length_4240_cov_4.608602_3	COG0210	223288	1.73e-99	26.0	UvrD	Superfamily I DNA or RNA helicase	L	Replication, recombination and repair
NODE_77_length_4137_cov_8.436796_3	COG0796	223867	8.15e-86	37.091	MurI	Glutamate racemase	M	Cell wall/membrane/envelope biogenesis
NODE_77_length_4137_cov_8.436796_4	COG1801	224714	8.89e-66	35.409	YecE	Sugar isomerase-related protein YecE, UPF0759/DUF72 family	R	General function prediction only
NODE_77_length_4137_cov_8.436796_6	COG1437	224354	4.08e-23	29.714	CyaB	Adenylate cyclase class IV, CYTH domain (includes archaeal enzymes of unknown function)	T	Signal transduction mechanisms
NODE_78_length_4123_cov_3.555064_2	COG3093	225635	4.38e-32	49.367	VapI	Plasmid maintenance system antidote protein VapI, contains XRE-type HTH domain	V	Defense mechanisms
NODE_78_length_4123_cov_3.555064_3	COG3549	226079	7.53e-30	43.617	HigB	Plasmid maintenance system killer protein	V	Defense mechanisms
NODE_78_length_4123_cov_3.555064_7	COG1479	224396	2.06e-07	21.111	GmrSD	DNAse/DNA nickase specific for phosphorothioated or glycosylated phage DNA, GmrSD/DndB/SspE family, contains DUF262 and HNH nuclease domains	V	Defense mechanisms
NODE_79_length_3467_cov_6.548945_1	COG0265	223343	1.35e-37	37.778	DegQ	Periplasmic serine protease, S1-C subfamily, contain C-terminal PDZ domain	O	Posttranslational modification, protein turnover, chaperones
NODE_79_length_3467_cov_6.548945_2	COG2137	225048	8.47e-16	28.169	RecX	SOS response regulatory protein OraA/RecX, interacts with RecA	O	Posttranslational modification, protein turnover, chaperones
NODE_79_length_3467_cov_6.548945_3	COG4221	226674	3.81e-07	53.333	YdfG	NADP-dependent 3-hydroxy acid dehydrogenase YdfG	C	Energy production and conversion
NODE_79_length_3467_cov_6.548945_4	COG4221	226674	3.21e-44	38.415	YdfG	NADP-dependent 3-hydroxy acid dehydrogenase YdfG	C	Energy production and conversion
NODE_79_length_3467_cov_6.548945_5	COG2361	225236	6.4e-08	36.364	HEPN	HEPN domain protein, predicted toxin of MNT-HEPN system	V	Defense mechanisms
NODE_80_length_3407_cov_4.622912_2	COG0230	223308	1.07e-11	70.455	RpmH	Ribosomal protein L34	J	Translation, ribosomal structure and biogenesis
NODE_80_length_3407_cov_4.622912_3	COG0594	223667	5.18e-12	41.892	RnpA	RNase P protein component	J	Translation, ribosomal structure and biogenesis
NODE_80_length_3407_cov_4.622912_4	COG2259	225168	0.002	30.12	DoxX	Uncharacterized membrane protein YphA, DoxX/SURF4 family	S	Function unknown
NODE_80_length_3407_cov_4.622912_6	COG0664	223736	7.15e-14	24.779	Crp	cAMP-binding domain of CRP or a regulatory subunit of cAMP-dependent protein kinases	T	Signal transduction mechanisms
NODE_81_length_3056_cov_4.507831_2	COG1720	224634	1.68e-38	34.416	TrmO	tRNA (Thr-GGU) A37 N6-methylase	J	Translation, ribosomal structure and biogenesis
NODE_81_length_3056_cov_4.507831_3	COG0308	223385	2.99e-17	25.738	PepN	Aminopeptidase N, contains DUF3458 domain	E	Amino acid transport and metabolism
NODE_82_length_2868_cov_4.155350_5	COG2987	225534	0.004	30.864	HutU	Urocanate hydratase	E	Amino acid transport and metabolism
NODE_84_length_1983_cov_3.365145_1	COG3344	225881	4e-56	34.386	YkfC	Retron-type reverse transcriptase	X	Mobilome: prophages, transposons
NODE_85_length_1921_cov_1.898714_1	COG0491	223565	1.77e-26	27.442	GloB	Glyoxylase or a related metal-dependent hydrolase, beta-lactamase superfamily II	R	General function prediction only
NODE_85_length_1921_cov_1.898714_2	COG3391	225926	9.78e-10	25.714	YncE	DNA-binding beta-propeller fold protein YncE	R	General function prediction only
NODE_86_length_1917_cov_4.590226_2	COG2391	225264	5.81e-10	25.967	YedE	Uncharacterized membrane protein YedE/YeeE, contains two sulfur transport domains	R	General function prediction only
NODE_86_length_1917_cov_4.590226_5	COG0607	223680	2.4e-22	39.759	PspE	Rhodanese-related sulfurtransferase	P	Inorganic ion transport and metabolism
NODE_89_length_570_cov_17.984466_1	COG2801	225361	3.7e-09	27.586	Tra5	Transposase InsO and inactivated derivatives	X	Mobilome: prophages, transposons
