QUERY_ID	COG_ID	CDD_ID	EVALUE	IDENTITY	GENE_NAME	COG_NAME	COG_LETTER	COG_DESCRIPTION
NODE_1499_length_33794_cov_10.601381_3	COG1180	224101	4.02e-54	32.411	PflA	Pyruvate-formate lyase-activating enzyme	O	Posttranslational modification, protein turnover, chaperones
NODE_1499_length_33794_cov_10.601381_4	COG4248	226699	1.87e-68	32.277	YegI	Uncharacterized conserved protein YegI with protein kinase and helix-hairpin-helix DNA-binding domains	R	General function prediction only
NODE_1499_length_33794_cov_10.601381_5	COG0631	223704	3.58e-05	26.95	PTC1	Serine/threonine protein phosphatase PrpC	T	Signal transduction mechanisms
NODE_1499_length_33794_cov_10.601381_6	COG4245	226696	8.05e-82	49.275	TerY	Uncharacterized conserved protein YegL, contains vWA domain of TerY type	S	Function unknown
NODE_1499_length_33794_cov_10.601381_8	COG2319	225201	5.24e-23	33.103	WD40	WD40 repeat	R	General function prediction only
NODE_1499_length_33794_cov_10.601381_9	COG2319	225201	6.21e-32	40.491	WD40	WD40 repeat	R	General function prediction only
NODE_1499_length_33794_cov_10.601381_10	COG0792	223863	4.2e-26	43.103	YraN	Predicted endonuclease distantly related to archaeal Holliday junction resolvase, YraN/UPF0102 family	L	Replication, recombination and repair
NODE_1499_length_33794_cov_10.601381_13	COG0006	223085	2.43e-85	38.243	PepP	Xaa-Pro aminopeptidase	E	Amino acid transport and metabolism
NODE_1499_length_33794_cov_10.601381_15	COG0382	223459	1.36e-11	23.443	UbiA	4-hydroxybenzoate polyprenyltransferase	H	Coenzyme transport and metabolism
NODE_1499_length_33794_cov_10.601381_16	COG0456	223532	0.000171	22.222	RimI	Ribosomal protein S18 acetylase RimI and related acetyltransferases	J	Translation, ribosomal structure and biogenesis
NODE_1499_length_33794_cov_10.601381_18	COG1508	224425	6.29e-80	30.309	RpoN	DNA-directed RNA polymerase specialized sigma subunit, sigma54 homolog	K	Transcription
NODE_1499_length_33794_cov_10.601381_20	COG1012	223944	0.0	51.351	AdhE	Acyl-CoA reductase or other NAD-dependent aldehyde dehydrogenase	I	Lipid transport and metabolism
NODE_1499_length_33794_cov_10.601381_21	COG0614	223687	8.14e-48	27.273	FepB	ABC-type Fe3+-hydroxamate transport system, periplasmic component	P	Inorganic ion transport and metabolism
NODE_1499_length_33794_cov_10.601381_22	COG2340	225218	9.86e-30	33.708	YkwD	Spore germination protein YkwD and related proteins with CAP (CSP/antigen 5/PR1) domain	D	Cell cycle control, cell division, chromosome partitioning
NODE_1499_length_33794_cov_10.601381_23	COG1914	224826	1.23e-52	24.424	MntH	Mn2+ or Fe2+ transporter, NRAMP family	P	Inorganic ion transport and metabolism
NODE_1499_length_33794_cov_10.601381_24	COG1449	224366	3.88e-13	20.13		Alpha-amylase/alpha-mannosidase, GH57 family	G	Carbohydrate transport and metabolism
NODE_1499_length_33794_cov_10.601381_26	COG2207	225117	2.63e-27	33.613	AraC	AraC-type DNA-binding domain and AraC-containing proteins	K	Transcription
NODE_1499_length_33794_cov_10.601381_27	COG5621	227908	4.16e-59	28.495	CrtC	Predicted lipocalin, contains AttH/CrtC domain	R	General function prediction only
NODE_1499_length_33794_cov_10.601381_28	COG3860	226378	1.42e-26	44.578		Uncharacterized conserved protein, DUF2087 family	S	Function unknown
NODE_1499_length_33794_cov_10.601381_31	COG0604	223677	5.06e-88	43.598	Qor	NADPH:quinone reductase or related Zn-dependent oxidoreductase	C	Energy production and conversion
NODE_1499_length_33794_cov_10.601381_32	COG1250	224170	1.64e-109	46.528	FadB	3-hydroxyacyl-CoA dehydrogenase	I	Lipid transport and metabolism
NODE_1499_length_33794_cov_10.601381_33	COG0451	223528	3.05e-73	38.272	WcaG	Nucleoside-diphosphate-sugar epimerase	M	Cell wall/membrane/envelope biogenesis
NODE_1499_length_33794_cov_10.601381_34	COG2226	225136	3.02e-25	24.752	UbiE	Ubiquinone/menaquinone biosynthesis C-methylase UbiE/MenG	H	Coenzyme transport and metabolism
NODE_1499_length_33794_cov_10.601381_36	COG0640	223713	2.5e-08	37.879	ArsR	DNA-binding transcriptional regulator, ArsR family	K	Transcription
NODE_4294_length_17973_cov_5.442572_1	COG1884	224796	1.74e-177	58.101	Sbm	Methylmalonyl-CoA mutase, N-terminal domain/subunit	I	Lipid transport and metabolism
NODE_4294_length_17973_cov_5.442572_2	COG4585	226951	1.33e-56	30.952	ComP	Signal transduction histidine kinase ComP	T	Signal transduction mechanisms
NODE_4294_length_17973_cov_5.442572_3	COG2197	225107	3.65e-82	42.991	CitB	DNA-binding response regulator, NarL/FixJ family, contains REC and HTH domains	T	Signal transduction mechanisms
NODE_4294_length_17973_cov_5.442572_4	COG4581	226947	3.39e-139	42.549	Dob10	Superfamily II RNA helicase	L	Replication, recombination and repair
NODE_4294_length_17973_cov_5.442572_6	COG5553	227840	1.7e-06	20.219		Predicted metal-dependent enzyme of the double-stranded beta helix superfamily	R	General function prediction only
NODE_4294_length_17973_cov_5.442572_7	COG0491	223565	5.14e-18	27.128	GloB	Glyoxylase or a related metal-dependent hydrolase, beta-lactamase superfamily II	R	General function prediction only
NODE_4294_length_17973_cov_5.442572_8	COG4974	227308	1.09e-96	42.5	XerD	Site-specific recombinase XerD	L	Replication, recombination and repair
NODE_4294_length_17973_cov_5.442572_9	COG2340	225218	2.58e-27	32.418	YkwD	Spore germination protein YkwD and related proteins with CAP (CSP/antigen 5/PR1) domain	D	Cell cycle control, cell division, chromosome partitioning
NODE_4294_length_17973_cov_5.442572_10	COG2837	225393	2.81e-91	35.093	EfeB	Periplasmic deferrochelatase/peroxidase EfeB	P	Inorganic ion transport and metabolism
NODE_4294_length_17973_cov_5.442572_11	COG0406	223483	2.62e-46	33.493	PhoE	Broad specificity phosphatase PhoE	G	Carbohydrate transport and metabolism
NODE_4294_length_17973_cov_5.442572_12	COG0630	223703	1.2e-13	27.815	VirB11	Type IV secretory pathway ATPase VirB11/Archaellum biosynthesis ATPase ArlI/FlaI	N	Cell motility
NODE_4294_length_17973_cov_5.442572_13	COG1262	224182	4.18e-22	39.437	YfmG	Formylglycine-generating enzyme, required for sulfatase activity, contains SUMF1/FGE domain	O	Posttranslational modification, protein turnover, chaperones
NODE_4294_length_17973_cov_5.442572_14	COG1262	224182	9.76e-08	42.5	YfmG	Formylglycine-generating enzyme, required for sulfatase activity, contains SUMF1/FGE domain	O	Posttranslational modification, protein turnover, chaperones
NODE_4294_length_17973_cov_5.442572_15	COG3344	225881	0.000167	20.0	YkfC	Retron-type reverse transcriptase	X	Mobilome: prophages, transposons
NODE_4375_length_17768_cov_5.172698_2	COG3387	225922	1.93e-108	28.771	SGA1	Glucoamylase (glucan-1,4-alpha-glucosidase), GH15 family	G	Carbohydrate transport and metabolism
NODE_4375_length_17768_cov_5.172698_5	COG2319	225201	9.71e-47	30.392	WD40	WD40 repeat	R	General function prediction only
NODE_4375_length_17768_cov_5.172698_6	COG0842	223912	4.19e-05	25.243	YadH	ABC-type multidrug transport system, permease component	V	Defense mechanisms
NODE_4375_length_17768_cov_5.172698_7	COG1131	224054	1.24e-85	34.049	CcmA	ABC-type multidrug transport system, ATPase component	V	Defense mechanisms
NODE_4375_length_17768_cov_5.172698_8	COG0842	223912	1.49e-07	24.405	YadH	ABC-type multidrug transport system, permease component	V	Defense mechanisms
NODE_4375_length_17768_cov_5.172698_9	COG1131	224054	4.52e-79	43.231	CcmA	ABC-type multidrug transport system, ATPase component	V	Defense mechanisms
NODE_4375_length_17768_cov_5.172698_10	COG2334	225213	3.51e-13	24.265	SrkA	Ser/Thr protein kinase RdoA involved in Cpx stress response, MazF antagonist	T	Signal transduction mechanisms
NODE_4375_length_17768_cov_5.172698_11	COG0840	223910	9.06e-07	18.182	Tar	Methyl-accepting chemotaxis protein (MCP)	T	Signal transduction mechanisms
NODE_4375_length_17768_cov_5.172698_12	COG4889	227226	1.89e-39	22.492		Predicted helicase	R	General function prediction only
NODE_4375_length_17768_cov_5.172698_15	COG4425	226849	0.006	43.182		Uncharacterized membrane protein	S	Function unknown
NODE_4375_length_17768_cov_5.172698_16	COG1071	223997	4.23e-12	27.152	AcoA	TPP-dependent pyruvate or acetoin dehydrogenase subunit alpha	C	Energy production and conversion
NODE_4763_length_16614_cov_5.249713_3	COG3278	225817	1.9e-08	20.139	CcoN	Cbb3-type cytochrome oxidase, subunit 1	C	Energy production and conversion
NODE_4763_length_16614_cov_5.249713_4	COG0277	223354	5.38e-128	41.649	GlcD	FAD/FMN-containing lactate dehydrogenase/glycolate oxidase	C	Energy production and conversion
NODE_4763_length_16614_cov_5.249713_5	COG0277	223354	1.6e-63	29.348	GlcD	FAD/FMN-containing lactate dehydrogenase/glycolate oxidase	C	Energy production and conversion
NODE_4763_length_16614_cov_5.249713_6	COG0247	223325	4.54e-92	30.383	GlpC	Fe-S cluster-containing oxidoreductase, includes glycolate oxidase subunit GlcF	C	Energy production and conversion
NODE_4763_length_16614_cov_5.249713_7	COG2409	225272	3.65e-77	26.502	YdfJ	Predicted lipid transporter YdfJ, MMPL/SSD domain, RND superfamily	R	General function prediction only
NODE_4763_length_16614_cov_5.249713_9	COG1695	224609	2.67e-24	39.216	PadR	DNA-binding transcriptional regulator, PadR family	K	Transcription
NODE_4763_length_16614_cov_5.249713_10	COG4817	227154	6.53e-36	44.118	GINS	DNA-binding ferritin-like protein (Dps family)	L	Replication, recombination and repair
NODE_4763_length_16614_cov_5.249713_11	COG1131	224054	1.96e-98	45.455	CcmA	ABC-type multidrug transport system, ATPase component	V	Defense mechanisms
NODE_4763_length_16614_cov_5.249713_12	COG0842	223912	6.16e-12	22.594	YadH	ABC-type multidrug transport system, permease component	V	Defense mechanisms
NODE_4763_length_16614_cov_5.249713_13	COG0745	223816	4.33e-80	42.616	OmpR	DNA-binding response regulator, OmpR family, contains REC and winged-helix (wHTH) domain	T	Signal transduction mechanisms
NODE_4763_length_16614_cov_5.249713_14	COG0642	223715	1.27e-59	44.194	BaeS	Signal transduction histidine kinase	T	Signal transduction mechanisms
NODE_4763_length_16614_cov_5.249713_15	COG5010	227343	0.004	21.875	TadD	Flp pilus assembly protein TadD, contains TPR repeats	U	Intracellular trafficking, secretion, and vesicular transport
NODE_5349_length_15238_cov_5.833235_3	COG0209	223287	5.07e-78	36.494	NrdA	Ribonucleotide reductase alpha subunit	F	Nucleotide transport and metabolism
NODE_5349_length_15238_cov_5.833235_4	COG2197	225107	1.39e-77	49.282	CitB	DNA-binding response regulator, NarL/FixJ family, contains REC and HTH domains	T	Signal transduction mechanisms
NODE_5349_length_15238_cov_5.833235_5	COG4585	226951	1.86e-43	46.032	ComP	Signal transduction histidine kinase ComP	T	Signal transduction mechanisms
NODE_5349_length_15238_cov_5.833235_6	COG3127	225669	9.92e-15	20.868	YbbP	Predicted ABC-type transport system involved in lysophospholipase L1 biosynthesis, permease component	Q	Secondary metabolites biosynthesis, transport and catabolism
NODE_5349_length_15238_cov_5.833235_7	COG1136	224059	2.64e-93	46.188	LolD	ABC-type lipoprotein export system, ATPase component	M	Cell wall/membrane/envelope biogenesis
NODE_5349_length_15238_cov_5.833235_8	COG3903	226418	0.000289	30.469		Predicted ATPase	R	General function prediction only
NODE_5834_length_14154_cov_5.349599_2	COG5621	227908	5.71e-54	32.0	CrtC	Predicted lipocalin, contains AttH/CrtC domain	R	General function prediction only
NODE_5834_length_14154_cov_5.349599_6	COG1345	224264	2.84e-25	25.073	FliD	Flagellar capping protein FliD	N	Cell motility
NODE_5834_length_14154_cov_5.349599_7	COG1551	224468	4.97e-15	44.262	CsrA	sRNA-binding carbon storage regulator CsrA	T	Signal transduction mechanisms
NODE_5834_length_14154_cov_5.349599_8	COG1699	224613	8.13e-17	28.689	FliW	Flagellar assembly factor FliW	N	Cell motility
NODE_5834_length_14154_cov_5.349599_11	COG1247	224168	5.85e-05	27.027	MnaT	L-amino acid N-acyltransferase MnaT	E	Amino acid transport and metabolism
NODE_5834_length_14154_cov_5.349599_13	COG1598	224514	3.67e-17	42.857	HicB	Antitoxin component HicB of the HicAB toxin-antitoxin system	V	Defense mechanisms
NODE_6079_length_13709_cov_5.050608_1	COG2865	225420	4.35e-09	22.111		Predicted transcriptional regulator, contains HTH domain	K	Transcription
NODE_6079_length_13709_cov_5.050608_2	COG2072	224983	1.64e-61	29.012	CzcO	Predicted flavoprotein CzcO associated with the cation diffusion facilitator CzcD	P	Inorganic ion transport and metabolism
NODE_6079_length_13709_cov_5.050608_3	COG0515	223589	4.04e-52	32.407	SPS1	Serine/threonine protein kinase	T	Signal transduction mechanisms
NODE_6079_length_13709_cov_5.050608_4	COG0346	223423	3.97e-05	22.727	GloA	Catechol 2,3-dioxygenase or related enzyme, vicinal oxygen chelate (VOC) family	Q	Secondary metabolites biosynthesis, transport and catabolism
NODE_6079_length_13709_cov_5.050608_5	COG5267	227592	8.19e-63	29.073		Uncharacterized conserved protein, DUF1800 family	S	Function unknown
NODE_6079_length_13709_cov_5.050608_6	COG4102	226587	5.68e-60	29.587		Uncharacterized conserved protein, DUF1501 family	S	Function unknown
NODE_6079_length_13709_cov_5.050608_8	COG3794	226317	1.1e-07	22.581	PetE	Plastocyanin	C	Energy production and conversion
NODE_6079_length_13709_cov_5.050608_9	COG0603	223676	1.21e-100	56.0	QueC	7-cyano-7-deazaguanine synthase (queuosine biosynthesis)	J	Translation, ribosomal structure and biogenesis
NODE_6079_length_13709_cov_5.050608_10	COG2271	225180	1.15e-19	22.476	UhpC	Sugar phosphate permease	G	Carbohydrate transport and metabolism
NODE_6079_length_13709_cov_5.050608_11	COG4636	226983	2.29e-14	23.0	Uma2	Endonuclease, Uma2 family (restriction endonuclease fold)	R	General function prediction only
NODE_6090_length_13689_cov_4.940590_1	COG4248	226699	4.42e-06	28.0	YegI	Uncharacterized conserved protein YegI with protein kinase and helix-hairpin-helix DNA-binding domains	R	General function prediction only
NODE_6090_length_13689_cov_4.940590_2	COG2423	225280	2.92e-90	44.904	OCDMu	Ornithine cyclodeaminase/archaeal alanine dehydrogenase, mu-crystallin family	E	Amino acid transport and metabolism
NODE_6090_length_13689_cov_4.940590_3	COG0265	223343	3.52e-66	37.117	DegQ	Periplasmic serine protease, S1-C subfamily, contain C-terminal PDZ domain	O	Posttranslational modification, protein turnover, chaperones
NODE_6090_length_13689_cov_4.940590_5	COG0840	223910	3.73e-49	28.443	Tar	Methyl-accepting chemotaxis protein (MCP)	T	Signal transduction mechanisms
NODE_6090_length_13689_cov_4.940590_6	COG0568	223642	1.25e-100	49.455	RpoD	DNA-directed RNA polymerase, sigma subunit (sigma70/sigma32)	K	Transcription
NODE_6090_length_13689_cov_4.940590_7	COG5495	227782	1.24e-29	27.986		Predicted oxidoreductase, contains short-chain dehydrogenase (SDR) and DUF2520 domains	R	General function prediction only
NODE_6090_length_13689_cov_4.940590_8	COG2823	225379	8.58e-06	28.966	OsmY	Osmotically-inducible protein OsmY, contains BON domain	M	Cell wall/membrane/envelope biogenesis
NODE_6090_length_13689_cov_4.940590_9	COG0491	223565	3.67e-26	27.234	GloB	Glyoxylase or a related metal-dependent hydrolase, beta-lactamase superfamily II	R	General function prediction only
NODE_6090_length_13689_cov_4.940590_12	COG2267	225176	1.24e-09	21.395	PldB	Lysophospholipase, alpha-beta hydrolase superfamily	I	Lipid transport and metabolism
NODE_6318_length_13294_cov_5.653070_1	COG0009	223088	5.95e-35	42.623	TsaC	tRNA A37 threonylcarbamoyladenosine synthetase subunit TsaC/SUA5/YrdC	J	Translation, ribosomal structure and biogenesis
NODE_6318_length_13294_cov_5.653070_2	COG2206	225116	7.34e-61	43.86	HDGYP	HD-GYP domain, c-di-GMP phosphodiesterase class II (or its inactivated variant)	T	Signal transduction mechanisms
NODE_6318_length_13294_cov_5.653070_4	COG2814	225371	4.57e-13	24.789	AraJ	Predicted arabinose efflux permease AraJ, MFS family	G	Carbohydrate transport and metabolism
NODE_6318_length_13294_cov_5.653070_5	COG0494	223568	1.97e-13	22.517	MutT	8-oxo-dGTP pyrophosphatase MutT and related house-cleaning NTP pyrophosphohydrolases, NUDIX family	V	Defense mechanisms
NODE_6318_length_13294_cov_5.653070_6	COG4636	226983	3.67e-21	25.773	Uma2	Endonuclease, Uma2 family (restriction endonuclease fold)	R	General function prediction only
NODE_6318_length_13294_cov_5.653070_7	COG0221	223299	4.32e-06	37.5	Ppa	Inorganic pyrophosphatase	C	Energy production and conversion
NODE_6318_length_13294_cov_5.653070_8	COG1376	224294	5.77e-07	19.463	ErfK	Lipoprotein-anchoring transpeptidase ErfK/SrfK	M	Cell wall/membrane/envelope biogenesis
NODE_6318_length_13294_cov_5.653070_9	COG1234	224155	3.34e-46	28.125	ElaC	Ribonuclease BN, tRNA processing enzyme	J	Translation, ribosomal structure and biogenesis
NODE_6318_length_13294_cov_5.653070_12	COG0062	223140	1.5e-22	27.67	Nnr1	NAD(P)H-hydrate repair enzyme Nnr, NAD(P)H-hydrate epimerase domain	F	Nucleotide transport and metabolism
NODE_6356_length_13248_cov_8.497612_1	COG0823	223893	9.47e-06	38.889	TolB	Periplasmic component TolB of the Tol biopolymer transport system	U	Intracellular trafficking, secretion, and vesicular transport
NODE_6356_length_13248_cov_8.497612_2	COG2814	225371	3.38e-19	23.721	AraJ	Predicted arabinose efflux permease AraJ, MFS family	G	Carbohydrate transport and metabolism
NODE_6356_length_13248_cov_8.497612_3	COG1309	224228	3.84e-06	15.476	AcrR	DNA-binding protein, AcrR family, includes nucleoid occlusion protein SlmA	K	Transcription
NODE_6356_length_13248_cov_8.497612_5	COG0745	223816	4.78e-18	30.0	OmpR	DNA-binding response regulator, OmpR family, contains REC and winged-helix (wHTH) domain	T	Signal transduction mechanisms
NODE_6356_length_13248_cov_8.497612_6	COG0336	223413	1.1e-125	57.377	TrmD	tRNA G37 N-methylase TrmD	J	Translation, ribosomal structure and biogenesis
NODE_6356_length_13248_cov_8.497612_7	COG0420	223497	8.43e-40	20.872	SbcD	DNA repair exonuclease SbcCD nuclease subunit	L	Replication, recombination and repair
NODE_6356_length_13248_cov_8.497612_8	COG0642	223715	1.94e-46	29.167	BaeS	Signal transduction histidine kinase	T	Signal transduction mechanisms
NODE_6356_length_13248_cov_8.497612_10	COG2204	225114	2.25e-23	35.345	AtoC	DNA-binding transcriptional response regulator, NtrC family, contains REC, AAA-type ATPase, and a Fis-type DNA-binding domains	T	Signal transduction mechanisms
NODE_6356_length_13248_cov_8.497612_11	COG1446	224363	1.45e-88	44.118	IaaA	Isoaspartyl peptidase or L-asparaginase, Ntn-hydrolase superfamily	E	Amino acid transport and metabolism
NODE_6356_length_13248_cov_8.497612_12	COG1937	224848	4.29e-22	40.789	FrmR	DNA-binding transcriptional regulator, FrmR family	K	Transcription
NODE_6356_length_13248_cov_8.497612_13	COG2217	225127	0.0	49.513	ZntA	Cation-transporting P-type ATPase	P	Inorganic ion transport and metabolism
NODE_6432_length_13114_cov_5.535186_2	COG4934	227270	9.58e-18	20.608		Serine protease, subtilase family	O	Posttranslational modification, protein turnover, chaperones
NODE_6432_length_13114_cov_5.535186_3	COG2723	225343	4.08e-177	42.952	BglB	Beta-glucosidase/6-phospho-beta-glucosidase/beta-galactosidase	G	Carbohydrate transport and metabolism
NODE_6432_length_13114_cov_5.535186_4	COG0395	223472	6.14e-72	37.41	UgpE	ABC-type glycerol-3-phosphate transport system, permease component	G	Carbohydrate transport and metabolism
NODE_6432_length_13114_cov_5.535186_5	COG1175	224096	1.41e-56	30.743	UgpA	ABC-type sugar transport system, permease component	G	Carbohydrate transport and metabolism
NODE_6432_length_13114_cov_5.535186_6	COG1653	224567	3.88e-43	24.538	UgpB	ABC-type glycerol-3-phosphate transport system, periplasmic component	G	Carbohydrate transport and metabolism
NODE_6432_length_13114_cov_5.535186_7	COG1609	224525	4.53e-111	43.02	PurR	DNA-binding transcriptional regulator, LacI/PurR family	K	Transcription
NODE_6432_length_13114_cov_5.535186_8	COG2723	225343	4.35e-115	47.037	BglB	Beta-glucosidase/6-phospho-beta-glucosidase/beta-galactosidase	G	Carbohydrate transport and metabolism
NODE_6469_length_13038_cov_5.612647_2	COG2246	225155	1.33e-12	28.058	GtrA	Putative flippase GtrA (transmembrane translocase of bactoprenol-linked glucose)	I	Lipid transport and metabolism
NODE_6469_length_13038_cov_5.612647_3	COG1520	224437	1.38e-15	22.084	PQQ	Outer membrane protein assembly factor BamB, contains PQQ-like beta-propeller repeat	M	Cell wall/membrane/envelope biogenesis
NODE_6469_length_13038_cov_5.612647_4	COG1520	224437	7.81e-13	20.681	PQQ	Outer membrane protein assembly factor BamB, contains PQQ-like beta-propeller repeat	M	Cell wall/membrane/envelope biogenesis
NODE_6469_length_13038_cov_5.612647_6	COG1357	224276	2.78e-21	41.096	YjbI	Uncharacterized conserved protein YjbI, contains pentapeptide repeats	S	Function unknown
NODE_6469_length_13038_cov_5.612647_8	COG0103	223181	5.36e-48	62.903	RpsI	Ribosomal protein S9	J	Translation, ribosomal structure and biogenesis
NODE_6469_length_13038_cov_5.612647_9	COG0102	223180	3.38e-79	59.286	RplM	Ribosomal protein L13	J	Translation, ribosomal structure and biogenesis
NODE_6469_length_13038_cov_5.612647_10	COG0101	223179	7.11e-95	44.531	TruA	tRNA U38,U39,U40 pseudouridine synthase TruA	J	Translation, ribosomal structure and biogenesis
NODE_6469_length_13038_cov_5.612647_12	COG0202	223280	1.01e-110	43.182	RpoA	DNA-directed RNA polymerase, alpha subunit/40 kD subunit	K	Transcription
NODE_6469_length_13038_cov_5.612647_13	COG0522	223596	3.41e-10	38.0	RpsD	Ribosomal protein S4 or related protein	J	Translation, ribosomal structure and biogenesis
NODE_6677_length_12742_cov_5.781982_1	COG4245	226696	2.04e-26	28.155	TerY	Uncharacterized conserved protein YegL, contains vWA domain of TerY type	S	Function unknown
NODE_6677_length_12742_cov_5.781982_2	COG4245	226696	1.12e-50	36.216	TerY	Uncharacterized conserved protein YegL, contains vWA domain of TerY type	S	Function unknown
NODE_6677_length_12742_cov_5.781982_3	COG4245	226696	7.07e-26	27.982	TerY	Uncharacterized conserved protein YegL, contains vWA domain of TerY type	S	Function unknown
NODE_6677_length_12742_cov_5.781982_4	COG4372	226809	0.00016	26.733		Uncharacterized protein, contains DUF3084 domain	S	Function unknown
NODE_6677_length_12742_cov_5.781982_5	COG4248	226699	9.56e-13	22.687	YegI	Uncharacterized conserved protein YegI with protein kinase and helix-hairpin-helix DNA-binding domains	R	General function prediction only
NODE_6677_length_12742_cov_5.781982_9	COG0640	223713	3.05e-15	38.095	ArsR	DNA-binding transcriptional regulator, ArsR family	K	Transcription
NODE_6677_length_12742_cov_5.781982_10	COG1132	224055	0.0	42.042	MdlB	ABC-type multidrug transport system, ATPase and permease component	V	Defense mechanisms
NODE_6677_length_12742_cov_5.781982_11	COG0318	223395	6.07e-179	34.955	MenE/FadK	O-succinylbenzoic acid-CoA ligase MenE or related acyl-CoA synthetase (AMP-forming)	I	Lipid transport and metabolism
NODE_6711_length_12693_cov_5.689429_1	COG3255	225794	0.001	27.451	SCP2	Putative sterol carrier protein, contains SCP2 domain	I	Lipid transport and metabolism
NODE_6711_length_12693_cov_5.689429_3	COG4978	227312	7.88e-10	20.261	BltR2	GyrI-like small molecule binding domain	T	Signal transduction mechanisms
NODE_6711_length_12693_cov_5.689429_8	COG0334	223411	0.0	51.442	GdhA	Glutamate dehydrogenase/leucine dehydrogenase	E	Amino acid transport and metabolism
NODE_6711_length_12693_cov_5.689429_12	COG1005	223937	3.54e-111	44.568	NuoH	NADH:ubiquinone oxidoreductase subunit 1 (chain H)	C	Energy production and conversion
NODE_6711_length_12693_cov_5.689429_13	COG0649	223722	5.82e-175	48.628	NuoD	NADH:ubiquinone oxidoreductase 49 kD subunit (chain D)	C	Energy production and conversion
NODE_6711_length_12693_cov_5.689429_14	COG0852	223921	1.23e-31	52.0	NuoC	NADH:ubiquinone oxidoreductase 27 kD subunit (chain C)	C	Energy production and conversion
NODE_6793_length_12558_cov_4.729105_3	COG1197	224118	0.0	43.289	Mfd	Transcription-repair coupling factor (superfamily II helicase)	L	Replication, recombination and repair
NODE_6793_length_12558_cov_4.729105_5	COG3794	226317	1.45e-06	26.05	PetE	Plastocyanin	C	Energy production and conversion
NODE_6793_length_12558_cov_4.729105_7	COG1131	224054	2.89e-98	39.61	CcmA	ABC-type multidrug transport system, ATPase component	V	Defense mechanisms
NODE_6793_length_12558_cov_4.729105_8	COG1668	224582	1.59e-09	25.833	NatB	ABC-type Na+ efflux pump, permease component NatB	C	Energy production and conversion
NODE_6793_length_12558_cov_4.729105_9	COG1520	224437	5.15e-10	19.101	PQQ	Outer membrane protein assembly factor BamB, contains PQQ-like beta-propeller repeat	M	Cell wall/membrane/envelope biogenesis
NODE_6793_length_12558_cov_4.729105_10	COG5646	227933	9.96e-08	21.505	Fra	Iron-binding protein Fra/YdhG, frataxin family (Fe-S cluster biosynthesis)	O	Posttranslational modification, protein turnover, chaperones
NODE_7251_length_11904_cov_5.774749_1	COG0533	223607	2.04e-144	51.754	TsaD	tRNA A37 threonylcarbamoyltransferase TsaD	J	Translation, ribosomal structure and biogenesis
NODE_7251_length_11904_cov_5.774749_2	COG0642	223715	7.21e-39	24.862	BaeS	Signal transduction histidine kinase	T	Signal transduction mechanisms
NODE_7251_length_11904_cov_5.774749_3	COG3391	225926	1.52e-21	26.266	YncE	DNA-binding beta-propeller fold protein YncE	R	General function prediction only
NODE_7251_length_11904_cov_5.774749_4	COG4447	226855	0.00013	21.875		Uncharacterized conserved protein related to plant photosystem II stability/assembly factor	R	General function prediction only
NODE_7251_length_11904_cov_5.774749_5	COG1472	224389	1.59e-55	29.412	BglX	Periplasmic beta-glucosidase and related glycosidases	G	Carbohydrate transport and metabolism
NODE_7251_length_11904_cov_5.774749_6	COG1132	224055	0.0	39.243	MdlB	ABC-type multidrug transport system, ATPase and permease component	V	Defense mechanisms
NODE_7251_length_11904_cov_5.774749_7	COG1132	224055	2.65e-167	36.077	MdlB	ABC-type multidrug transport system, ATPase and permease component	V	Defense mechanisms
NODE_7251_length_11904_cov_5.774749_8	COG1309	224228	4.7e-17	27.368	AcrR	DNA-binding protein, AcrR family, includes nucleoid occlusion protein SlmA	K	Transcription
NODE_7497_length_11546_cov_5.701854_1	COG0673	223745	4.71e-12	32.609	MviM	Predicted dehydrogenase	R	General function prediction only
NODE_7497_length_11546_cov_5.701854_4	COG2204	225114	2.54e-17	36.765	AtoC	DNA-binding transcriptional response regulator, NtrC family, contains REC, AAA-type ATPase, and a Fis-type DNA-binding domains	T	Signal transduction mechanisms
NODE_7497_length_11546_cov_5.701854_5	COG1940	224851	1.06e-23	28.682	NagC	Sugar kinase of the NBD/HSP70 family, may contain an N-terminal HTH domain	G	Carbohydrate transport and metabolism
NODE_7497_length_11546_cov_5.701854_6	COG0515	223589	2.11e-14	19.512	SPS1	Serine/threonine protein kinase	T	Signal transduction mechanisms
NODE_7497_length_11546_cov_5.701854_7	COG0005	223084	5.77e-74	41.245	XapA	Purine nucleoside phosphorylase	F	Nucleotide transport and metabolism
NODE_7497_length_11546_cov_5.701854_8	COG4934	227270	1.24e-45	23.652		Serine protease, subtilase family	O	Posttranslational modification, protein turnover, chaperones
NODE_7497_length_11546_cov_5.701854_9	COG1560	224476	2.7e-42	25.614	LpxP	Palmitoleoyl-ACP: Kdo2-lipid-IV acyltransferase (lipid A biosynthesis)	I	Lipid transport and metabolism
NODE_7497_length_11546_cov_5.701854_10	COG1560	224476	2.48e-06	20.155	LpxP	Palmitoleoyl-ACP: Kdo2-lipid-IV acyltransferase (lipid A biosynthesis)	I	Lipid transport and metabolism
NODE_7530_length_11504_cov_4.819984_1	COG0342	223419	2.9e-98	42.547	SecD	Preprotein translocase subunit SecD	U	Intracellular trafficking, secretion, and vesicular transport
NODE_7530_length_11504_cov_4.819984_3	COG2093	225004	0.004	38.095	Spt4	RNA polymerase subunit RPABC4/transcription elongation factor Spt4	K	Transcription
NODE_7530_length_11504_cov_4.819984_4	COG3689	226214	7.19e-12	26.042	YcgQ	Uncharacterized membrane protein YcgQ,  UPF0703/DUF1980 family	S	Function unknown
NODE_7530_length_11504_cov_4.819984_6	COG4447	226855	2.3e-05	18.056		Uncharacterized conserved protein related to plant photosystem II stability/assembly factor	R	General function prediction only
NODE_7530_length_11504_cov_4.819984_10	COG0739	223810	3.77e-34	25.292	NlpD	Murein DD-endopeptidase MepM and murein hydrolase activator NlpD, contains LysM domain	M	Cell wall/membrane/envelope biogenesis
NODE_7530_length_11504_cov_4.819984_11	COG0463	223539	4.67e-28	29.341	WcaA	Glycosyltransferase involved in cell wall bisynthesis	M	Cell wall/membrane/envelope biogenesis
NODE_7697_length_11296_cov_5.272485_2	COG1804	224717	3.72e-128	40.609	CaiB	Crotonobetainyl-CoA:carnitine CoA-transferase CaiB and related acyl-CoA transferases	I	Lipid transport and metabolism
NODE_7697_length_11296_cov_5.272485_3	COG2301	225184	2.64e-64	42.553	CitE	Citrate lyase beta subunit	G	Carbohydrate transport and metabolism
NODE_7697_length_11296_cov_5.272485_4	COG0559	223633	1.37e-53	35.473	LivH	Branched-chain amino acid ABC-type transport system, permease component	E	Amino acid transport and metabolism
NODE_7697_length_11296_cov_5.272485_5	COG4177	226645	6.82e-58	36.977	LivM	ABC-type branched-chain amino acid transport system, permease component	E	Amino acid transport and metabolism
NODE_7697_length_11296_cov_5.272485_6	COG0411	223488	2.47e-107	44.269	LivG	ABC-type branched-chain amino acid transport system, ATPase component LivG	E	Amino acid transport and metabolism
NODE_7697_length_11296_cov_5.272485_7	COG0410	223487	8.37e-94	38.889	LivF	ABC-type branched-chain amino acid transport system, ATPase component LivF	E	Amino acid transport and metabolism
NODE_7697_length_11296_cov_5.272485_8	COG0683	223755	5.94e-29	20.25	LivK	ABC-type branched-chain amino acid transport system, periplasmic component	E	Amino acid transport and metabolism
NODE_7697_length_11296_cov_5.272485_9	COG1804	224717	1.38e-127	40.494	CaiB	Crotonobetainyl-CoA:carnitine CoA-transferase CaiB and related acyl-CoA transferases	I	Lipid transport and metabolism
NODE_7697_length_11296_cov_5.272485_10	COG1940	224851	1.03e-63	32.827	NagC	Sugar kinase of the NBD/HSP70 family, may contain an N-terminal HTH domain	G	Carbohydrate transport and metabolism
NODE_7697_length_11296_cov_5.272485_11	COG0673	223745	1.34e-55	30.114	MviM	Predicted dehydrogenase	R	General function prediction only
NODE_7780_length_11208_cov_5.478974_1	COG0515	223589	7.53e-22	25.283	SPS1	Serine/threonine protein kinase	T	Signal transduction mechanisms
NODE_7780_length_11208_cov_5.478974_2	COG0675	223747	3.02e-26	19.211	InsQ	Transposase	X	Mobilome: prophages, transposons
NODE_7780_length_11208_cov_5.478974_3	COG2452	225296	1.2e-44	36.458		Predicted site-specific integrase-resolvase	X	Mobilome: prophages, transposons
NODE_7780_length_11208_cov_5.478974_5	COG0542	223616	0.0	48.564	ClpA	ATP-dependent Clp protease, ATP-binding subunit ClpA	O	Posttranslational modification, protein turnover, chaperones
NODE_7780_length_11208_cov_5.478974_7	COG1595	224511	5.53e-23	29.932	RpoE	DNA-directed RNA polymerase specialized sigma subunit, sigma24 family	K	Transcription
NODE_7780_length_11208_cov_5.478974_8	COG3889	226406	0.000374	32.5		Extracellular solute-binding protein, contains Ig-fold domain	R	General function prediction only
NODE_7780_length_11208_cov_5.478974_10	COG0552	223626	1.8e-26	66.038	FtsY	Signal recognition particle GTPase FtsY	U	Intracellular trafficking, secretion, and vesicular transport
NODE_7833_length_11152_cov_5.324322_1	COG0681	223753	4.54e-09	23.2	LepB	Signal peptidase I	U	Intracellular trafficking, secretion, and vesicular transport
NODE_7833_length_11152_cov_5.324322_2	COG1357	224276	7.01e-23	38.971	YjbI	Uncharacterized conserved protein YjbI, contains pentapeptide repeats	S	Function unknown
NODE_7833_length_11152_cov_5.324322_3	COG3864	226382	5.78e-77	24.156		Predicted metal-dependent peptidase	R	General function prediction only
NODE_7833_length_11152_cov_5.324322_4	COG0714	223786	1.23e-17	20.796	MoxR	MoxR-like ATPase	R	General function prediction only
NODE_7833_length_11152_cov_5.324322_5	COG3688	226213	8.91e-16	36.111	Rae1	EndoRNase involved in mRNA decay, NYN (Nedd4-BP1/Rae1/YacP nuclease) family,  contains PIN domain	J	Translation, ribosomal structure and biogenesis
NODE_7833_length_11152_cov_5.324322_6	COG1233	224154	2.89e-92	30.483		Phytoene dehydrogenase-related protein	Q	Secondary metabolites biosynthesis, transport and catabolism
NODE_7833_length_11152_cov_5.324322_8	COG2730	225344	1.36e-10	24.224	BglC	Aryl-phospho-beta-D-glucosidase BglC, GH1 family	G	Carbohydrate transport and metabolism
NODE_7833_length_11152_cov_5.324322_9	COG0624	223697	3.03e-78	28.16	ArgE	Acetylornithine deacetylase/Succinyl-diaminopimelate desuccinylase or related deacylase	E	Amino acid transport and metabolism
NODE_7833_length_11152_cov_5.324322_10	COG0624	223697	1.23e-67	26.263	ArgE	Acetylornithine deacetylase/Succinyl-diaminopimelate desuccinylase or related deacylase	E	Amino acid transport and metabolism
NODE_7863_length_11116_cov_6.566404_1	COG0006	223085	9.99e-88	36.605	PepP	Xaa-Pro aminopeptidase	E	Amino acid transport and metabolism
NODE_7863_length_11116_cov_6.566404_2	COG0823	223893	2.75e-34	30.798	TolB	Periplasmic component TolB of the Tol biopolymer transport system	U	Intracellular trafficking, secretion, and vesicular transport
NODE_7863_length_11116_cov_6.566404_3	COG3393	225928	3.64e-25	36.667		Predicted acetyltransferase, GNAT family	R	General function prediction only
NODE_7863_length_11116_cov_6.566404_5	COG1173	224094	8.22e-74	43.448	DppC	ABC-type dipeptide/oligopeptide/nickel transport system, permease component	E	Amino acid transport and metabolism
NODE_7863_length_11116_cov_6.566404_6	COG0601	223674	1.31e-79	36.806	DppB	ABC-type dipeptide/oligopeptide/nickel transport system, permease component	E	Amino acid transport and metabolism
NODE_7863_length_11116_cov_6.566404_7	COG2068	224979	1.52e-34	33.673	MocA	CTP:molybdopterin cytidylyltransferase MocA	H	Coenzyme transport and metabolism
NODE_7863_length_11116_cov_6.566404_8	COG1975	224886	3.89e-59	35.758	XdhC	Molybdoenzyme maturation factor PaoD (Mo cofactor insertion), XdhC/CoxF family	O	Posttranslational modification, protein turnover, chaperones
NODE_7863_length_11116_cov_6.566404_9	COG4829	227166	3.08e-08	29.545	CatC1	Muconolactone delta-isomerase	Q	Secondary metabolites biosynthesis, transport and catabolism
NODE_7863_length_11116_cov_6.566404_10	COG2203	225113	8.31e-05	21.739	GAF	GAF domain	T	Signal transduction mechanisms
NODE_7863_length_11116_cov_6.566404_12	COG3829	226350	4.14e-28	33.784	RocR	RocR-type transcriptional regulator, contains PAS, AAA-type ATPase, and DNA-binding Fis domains	K	Transcription
NODE_7964_length_10988_cov_5.548797_1	COG0515	223589	6.92e-60	30.249	SPS1	Serine/threonine protein kinase	T	Signal transduction mechanisms
NODE_7964_length_10988_cov_5.548797_2	COG1894	224806	0.0	59.905	NuoF	NADH:ubiquinone oxidoreductase, NADH-binding 51 kD subunit (chain F)	C	Energy production and conversion
NODE_7964_length_10988_cov_5.548797_4	COG5464	227751	0.002	17.284	RpnC	Recombination-promoting DNA endonuclease RpnC/YadD	L	Replication, recombination and repair
NODE_7964_length_10988_cov_5.548797_5	COG3383	225918	0.0	32.759	YjgC	Predicted molibdopterin-dependent oxidoreductase YjgC	R	General function prediction only
NODE_7964_length_10988_cov_5.548797_6	COG1005	223937	1.35e-116	51.479	NuoH	NADH:ubiquinone oxidoreductase subunit 1 (chain H)	C	Energy production and conversion
NODE_7964_length_10988_cov_5.548797_7	COG1143	224066	1.45e-53	41.212	NuoI	Formate hydrogenlyase subunit 6/NADH:ubiquinone oxidoreductase 23 kD subunit (chain I)	C	Energy production and conversion
NODE_7964_length_10988_cov_5.548797_8	COG0745	223816	2.88e-21	31.933	OmpR	DNA-binding response regulator, OmpR family, contains REC and winged-helix (wHTH) domain	T	Signal transduction mechanisms
NODE_7964_length_10988_cov_5.548797_10	COG0745	223816	2.88e-21	31.933	OmpR	DNA-binding response regulator, OmpR family, contains REC and winged-helix (wHTH) domain	T	Signal transduction mechanisms
NODE_7964_length_10988_cov_5.548797_11	COG0566	223640	1.48e-68	45.161	SpoU	tRNA G18 (ribose-2'-O)-methylase SpoU	J	Translation, ribosomal structure and biogenesis
NODE_8064_length_10851_cov_5.389033_1	COG0277	223354	4.93e-07	19.78	GlcD	FAD/FMN-containing lactate dehydrogenase/glycolate oxidase	C	Energy production and conversion
NODE_8064_length_10851_cov_5.389033_2	COG3340	225877	6.2e-08	26.812	PepE	Peptidase E	E	Amino acid transport and metabolism
NODE_8064_length_10851_cov_5.389033_3	COG1796	224709	2.87e-98	40.061	PolX	DNA polymerase/3'-5' exonuclease PolX	L	Replication, recombination and repair
NODE_8064_length_10851_cov_5.389033_5	COG2128	225039	4.06e-36	35.766	YciW	Alkylhydroperoxidase family enzyme, contains CxxC motif	P	Inorganic ion transport and metabolism
NODE_8064_length_10851_cov_5.389033_6	COG1959	224870	3.34e-42	35.256	IscR	DNA-binding transcriptional regulator, IscR family	K	Transcription
NODE_8064_length_10851_cov_5.389033_7	COG2378	225253	8.22e-48	33.648	YobV	Predicted DNA-binding transcriptional regulator YobV, contains HTH and WYL domains	K	Transcription
NODE_8064_length_10851_cov_5.389033_8	COG0745	223816	9.85e-29	34.426	OmpR	DNA-binding response regulator, OmpR family, contains REC and winged-helix (wHTH) domain	T	Signal transduction mechanisms
NODE_8064_length_10851_cov_5.389033_9	COG1449	224366	1.79e-21	15.385		Alpha-amylase/alpha-mannosidase, GH57 family	G	Carbohydrate transport and metabolism
NODE_8064_length_10851_cov_5.389033_10	COG4257	226708	1.45e-28	28.667	Vgb	Streptogramin lyase	V	Defense mechanisms
NODE_8067_length_10850_cov_4.672256_3	COG1520	224437	3.63e-08	21.084	PQQ	Outer membrane protein assembly factor BamB, contains PQQ-like beta-propeller repeat	M	Cell wall/membrane/envelope biogenesis
NODE_8067_length_10850_cov_4.672256_4	COG1192	224113	1.41e-51	37.597	ParA	ParA-like ATPase involved in chromosome/plasmid partitioning or cellulose biosynthesis protein BcsQ	D	Cell cycle control, cell division, chromosome partitioning
NODE_8067_length_10850_cov_4.672256_8	COG4097	226582	1.39e-05	26.087		Predicted ferric reductase	P	Inorganic ion transport and metabolism
NODE_8067_length_10850_cov_4.672256_9	COG0239	223317	1.31e-25	43.697	CrcB	Fluoride ion exporter CrcB/FEX, affects chromosome condensation	D	Cell cycle control, cell division, chromosome partitioning
NODE_8067_length_10850_cov_4.672256_10	COG0239	223317	2.06e-21	35.577	CrcB	Fluoride ion exporter CrcB/FEX, affects chromosome condensation	D	Cell cycle control, cell division, chromosome partitioning
NODE_8067_length_10850_cov_4.672256_11	COG3863	226381	7.56e-12	31.25	YycO	Uncharacterized conserved protein YycO, NlpC/P60 family	S	Function unknown
NODE_8067_length_10850_cov_4.672256_13	COG0506	223580	1.12e-50	30.183	PutA	Proline dehydrogenase	E	Amino acid transport and metabolism
NODE_8067_length_10850_cov_4.672256_14	COG4867	227204	7.99e-74	30.663		Uncharacterized conserved protein, contains von Willebrand factor type A (vWFA) domain	S	Function unknown
NODE_8308_length_10603_cov_4.963311_1	COG0086	223164	0.0	46.566	RpoC	DNA-directed RNA polymerase, beta' subunit/160 kD subunit	K	Transcription
NODE_8308_length_10603_cov_4.963311_3	COG2220	225130	3.93e-16	22.692	UlaG	L-ascorbate lactonase UlaG, metallo-beta-lactamase superfamily	G	Carbohydrate transport and metabolism
NODE_8308_length_10603_cov_4.963311_4	COG1595	224511	1.5e-33	35.638	RpoE	DNA-directed RNA polymerase specialized sigma subunit, sigma24 family	K	Transcription
NODE_8308_length_10603_cov_4.963311_6	COG3127	225669	0.001	26.389	YbbP	Predicted ABC-type transport system involved in lysophospholipase L1 biosynthesis, permease component	Q	Secondary metabolites biosynthesis, transport and catabolism
NODE_8308_length_10603_cov_4.963311_7	COG2009	224920	5.23e-13	30.252	SdhC	Succinate dehydrogenase/fumarate reductase, cytochrome b subunit	C	Energy production and conversion
NODE_8308_length_10603_cov_4.963311_8	COG2142	225053	9.26e-16	37.624	SdhD	Succinate dehydrogenase, hydrophobic anchor subunit	C	Energy production and conversion
NODE_8308_length_10603_cov_4.963311_9	COG1053	223981	3.29e-146	52.198	SdhA	Succinate dehydrogenase/fumarate reductase, flavoprotein subunit	C	Energy production and conversion
NODE_8313_length_10598_cov_5.164280_1	COG2204	225114	9.28e-25	40.244	AtoC	DNA-binding transcriptional response regulator, NtrC family, contains REC, AAA-type ATPase, and a Fis-type DNA-binding domains	T	Signal transduction mechanisms
NODE_8313_length_10598_cov_5.164280_2	COG0642	223715	2.93e-48	29.721	BaeS	Signal transduction histidine kinase	T	Signal transduction mechanisms
NODE_8313_length_10598_cov_5.164280_4	COG2766	225357	2.97e-144	41.099	PrkA	Predicted Ser/Thr protein kinase	T	Signal transduction mechanisms
NODE_8313_length_10598_cov_5.164280_5	COG1317	224236	0.001	29.73	FliH	Flagellar biosynthesis/type III secretory pathway protein FliH	N	Cell motility
NODE_8313_length_10598_cov_5.164280_6	COG2718	225339	1.6e-135	34.699	YeaH	Uncharacterized conserved protein YeaH/YhbH, required for sporulation, DUF444 family	R	General function prediction only
NODE_8313_length_10598_cov_5.164280_7	COG2719	225340	7.36e-161	34.483	SpoVR	Stage V sporulation protein SpoVR/YcgB, involved in spore cortex formation (function unknown)	D	Cell cycle control, cell division, chromosome partitioning
NODE_8313_length_10598_cov_5.164280_8	COG0574	223647	3.18e-18	30.233	PpsA	Phosphoenolpyruvate synthase/pyruvate phosphate dikinase	G	Carbohydrate transport and metabolism
NODE_8313_length_10598_cov_5.164280_9	COG0574	223647	1.29e-46	28.682	PpsA	Phosphoenolpyruvate synthase/pyruvate phosphate dikinase	G	Carbohydrate transport and metabolism
NODE_8410_length_10514_cov_6.888517_3	COG0744	223815	8.57e-122	29.319	MrcB	Penicillin-binding protein 1B/1F, peptidoglycan  transglycosylase/transpeptidase	M	Cell wall/membrane/envelope biogenesis
NODE_8410_length_10514_cov_6.888517_5	COG1625	224540	1.44e-69	28.941	NifB	Fe-S oxidoreductase, related to NifB/MoaA family	C	Energy production and conversion
NODE_8418_length_10507_cov_8.765212_1	COG1343	224262	2.05e-18	40.26	Cas2	CRISPR/Cas system-associated endoribonuclease Cas2	V	Defense mechanisms
NODE_8418_length_10507_cov_8.765212_2	COG1518	224435	1.23e-80	34.503	Cas1	CRISPR-Cas system-associated integrase Cas1	V	Defense mechanisms
NODE_8418_length_10507_cov_8.765212_3	COG1468	224385	1.81e-18	26.404	Cas4	CRISPR/Cas system-associated exonuclease Cas4, RecB family	V	Defense mechanisms
NODE_8418_length_10507_cov_8.765212_4	COG3649	226175	6.33e-37	27.703	Cas7	CRISPR-Cas system type I effector complex subunit Cas7,  RAMP superfamily	V	Defense mechanisms
NODE_8418_length_10507_cov_8.765212_7	COG1203	224124	3.42e-55	25.245	Cas3	CRISPR-Cas type I system-associated endonuclease/helicase Cas3	V	Defense mechanisms
NODE_8437_length_10489_cov_4.930995_1	COG2046	224957	1.47e-85	43.946	MET3	ATP sulfurylase (sulfate adenylyltransferase)	P	Inorganic ion transport and metabolism
NODE_8437_length_10489_cov_4.930995_2	COG0529	223603	3.77e-91	49.718	CysC	Adenylylsulfate kinase or related kinase	P	Inorganic ion transport and metabolism
NODE_8437_length_10489_cov_4.930995_3	COG0155	223233	1.08e-133	39.865	CysI	Sulfite reductase, beta subunit (hemoprotein)	P	Inorganic ion transport and metabolism
NODE_8437_length_10489_cov_4.930995_4	COG0175	223253	4.98e-79	42.128	CysD	3'-phosphoadenosine 5'-phosphosulfate sulfotransferase (PAPS reductase)/FAD synthetase or related enzyme	E	Amino acid transport and metabolism
NODE_8437_length_10489_cov_4.930995_5	COG0730	223802	3.47e-14	30.12	TauE	Sulfite exporter TauE/SafE/YfcA and related permeases, UPF0721 family	P	Inorganic ion transport and metabolism
NODE_8437_length_10489_cov_4.930995_6	COG2162	225073	1.28e-66	40.476	NhoA	Arylamine N-acetyltransferase	Q	Secondary metabolites biosynthesis, transport and catabolism
NODE_8437_length_10489_cov_4.930995_7	COG0174	223252	2.18e-97	34.033	GlnA	Glutamine synthetase	E	Amino acid transport and metabolism
NODE_8437_length_10489_cov_4.930995_11	COG0675	223747	1.15e-25	40.157	InsQ	Transposase	X	Mobilome: prophages, transposons
NODE_8486_length_10430_cov_4.563470_1	COG1233	224154	1.01e-15	32.941		Phytoene dehydrogenase-related protein	Q	Secondary metabolites biosynthesis, transport and catabolism
NODE_8486_length_10430_cov_4.563470_3	COG0018	223097	1.27e-154	35.948	ArgS	Arginyl-tRNA synthetase	J	Translation, ribosomal structure and biogenesis
NODE_8486_length_10430_cov_4.563470_4	COG1521	224438	4.07e-64	36.863	CoaX	Pantothenate kinase type III	H	Coenzyme transport and metabolism
NODE_8486_length_10430_cov_4.563470_5	COG2261	225170	6.73e-08	35.897	YeaQ	Uncharacterized membrane protein YeaQ/YmgE, transglycosylase-associated protein family	R	General function prediction only
NODE_8486_length_10430_cov_4.563470_6	COG1398	224316	4.38e-65	33.574	OLE1	Fatty-acid desaturase	I	Lipid transport and metabolism
NODE_8486_length_10430_cov_4.563470_7	COG1011	223943	4.09e-28	23.077	YigB	FMN and 5-amino-6-(5-phospho-D-ribitylamino)uracil phosphatase YigB, HAD superfamily (riboflavin biosynthesis)	H	Coenzyme transport and metabolism
NODE_8486_length_10430_cov_4.563470_9	COG4208	226665	1.05e-74	44.167	CysW	ABC-type sulfate transport system, permease component	P	Inorganic ion transport and metabolism
NODE_8486_length_10430_cov_4.563470_10	COG1613	224529	1.15e-103	43.403	Sbp	ABC-type sulfate transport system, periplasmic component	P	Inorganic ion transport and metabolism
NODE_8486_length_10430_cov_4.563470_11	COG3842	226361	5.08e-130	42.938	PotA	ABC-type Fe3+/spermidine/putrescine transport systems, ATPase component	E	Amino acid transport and metabolism
NODE_8512_length_10407_cov_5.265842_1	COG0317	223394	5.63e-163	32.851	SpoT	(p)ppGpp synthase/hydrolase, HD superfamily	T	Signal transduction mechanisms
NODE_8512_length_10407_cov_5.265842_2	COG2141	225052	9.93e-33	26.119	SsuD	Flavin-dependent oxidoreductase, luciferase family (includes alkanesulfonate monooxygenase SsuD and methylene tetrahydromethanopterin reductase)	H	Coenzyme transport and metabolism
NODE_8512_length_10407_cov_5.265842_4	COG0683	223755	2.76e-35	27.974	LivK	ABC-type branched-chain amino acid transport system, periplasmic component	E	Amino acid transport and metabolism
NODE_8512_length_10407_cov_5.265842_5	COG1359	224278	2.4e-09	29.0	YgiN	Quinol monooxygenase YgiN	C	Energy production and conversion
NODE_8512_length_10407_cov_5.265842_6	COG2050	224961	4.04e-40	42.063	PaaI	Acyl-CoA thioesterase PaaI, contains HGG motif	Q	Secondary metabolites biosynthesis, transport and catabolism
NODE_8512_length_10407_cov_5.265842_7	COG1715	224629	1e-18	34.746	Mrr	Restriction endonuclease Mrr	V	Defense mechanisms
NODE_8512_length_10407_cov_5.265842_10	COG0669	223741	2.43e-66	49.686	CoaD	Phosphopantetheine adenylyltransferase	H	Coenzyme transport and metabolism
NODE_8512_length_10407_cov_5.265842_11	COG0476	223552	6.39e-71	45.382	ThiF	Molybdopterin or thiamine biosynthesis adenylyltransferase	H	Coenzyme transport and metabolism
NODE_8512_length_10407_cov_5.265842_12	COG2146	225057	1.69e-23	35.238	NirD	Ferredoxin subunit of nitrite reductase or a ring-hydroxylating dioxygenase	P	Inorganic ion transport and metabolism
NODE_8512_length_10407_cov_5.265842_13	COG0719	223791	7.28e-25	47.143	SufB	Fe-S cluster assembly scaffold protein SufB	O	Posttranslational modification, protein turnover, chaperones
NODE_8521_length_10400_cov_5.069309_1	COG1914	224826	5.22e-20	23.958	MntH	Mn2+ or Fe2+ transporter, NRAMP family	P	Inorganic ion transport and metabolism
NODE_8521_length_10400_cov_5.069309_2	COG1251	224171	3.88e-59	28.03	NirB	NAD(P)H-nitrite reductase, large subunit	C	Energy production and conversion
NODE_8521_length_10400_cov_5.069309_3	COG0484	223560	8.29e-12	43.478	DnaJ	DnaJ-class molecular chaperone with C-terminal Zn finger domain	O	Posttranslational modification, protein turnover, chaperones
NODE_8521_length_10400_cov_5.069309_6	COG1012	223944	1.34e-16	23.861	AdhE	Acyl-CoA reductase or other NAD-dependent aldehyde dehydrogenase	I	Lipid transport and metabolism
NODE_8521_length_10400_cov_5.069309_7	COG5464	227751	2.15e-06	17.143	RpnC	Recombination-promoting DNA endonuclease RpnC/YadD	L	Replication, recombination and repair
NODE_8521_length_10400_cov_5.069309_9	COG3901	226417	0.006	21.505	NosR	Transcriptional regulator NosR of nitric oxide reductase	K	Transcription
NODE_8521_length_10400_cov_5.069309_10	COG0465	223541	0.0	50.33	HflB	ATP-dependent Zn proteases	O	Posttranslational modification, protein turnover, chaperones
NODE_8529_length_10391_cov_5.871517_2	COG1131	224054	3.01e-98	48.696	CcmA	ABC-type multidrug transport system, ATPase component	V	Defense mechanisms
NODE_8529_length_10391_cov_5.871517_3	COG1309	224228	7.24e-18	25.698	AcrR	DNA-binding protein, AcrR family, includes nucleoid occlusion protein SlmA	K	Transcription
NODE_8529_length_10391_cov_5.871517_4	COG1597	224513	2.42e-54	35.739	LCB5	Phosphatidylglycerol kinase, diacylglycerol kinase family	I	Lipid transport and metabolism
NODE_8529_length_10391_cov_5.871517_5	COG1167	224089	7.46e-138	40.295	ARO8	DNA-binding transcriptional regulator, MocR family, contains an aminotransferase domain	K	Transcription
NODE_8529_length_10391_cov_5.871517_8	COG4585	226951	1.2e-39	25.155	ComP	Signal transduction histidine kinase ComP	T	Signal transduction mechanisms
NODE_8529_length_10391_cov_5.871517_9	COG2197	225107	1.02e-67	40.67	CitB	DNA-binding response regulator, NarL/FixJ family, contains REC and HTH domains	T	Signal transduction mechanisms
NODE_8529_length_10391_cov_5.871517_10	COG0596	223669	8.74e-39	25.517	MenH	2-succinyl-6-hydroxy-2,4-cyclohexadiene-1-carboxylate synthase MenH and related esterases, alpha/beta hydrolase fold	H	Coenzyme transport and metabolism
NODE_8529_length_10391_cov_5.871517_11	COG0642	223715	2.16e-42	31.2	BaeS	Signal transduction histidine kinase	T	Signal transduction mechanisms
NODE_8544_length_10370_cov_5.783422_1	COG0519	223593	6.51e-179	68.498	GuaA2	GMP synthase, PP-ATPase domain/subunit	F	Nucleotide transport and metabolism
NODE_8544_length_10370_cov_5.783422_3	COG0665	223737	2.77e-48	22.835	DadA	Glycine/D-amino acid oxidase (deaminating)	E	Amino acid transport and metabolism
NODE_8544_length_10370_cov_5.783422_5	COG1396	224314	7.45e-08	42.105	HipB	Transcriptional regulator, contains XRE-family HTH domain	K	Transcription
NODE_8544_length_10370_cov_5.783422_6	COG1012	223944	0.0	50.0	AdhE	Acyl-CoA reductase or other NAD-dependent aldehyde dehydrogenase	I	Lipid transport and metabolism
NODE_8544_length_10370_cov_5.783422_7	COG0259	223337	4.53e-116	58.491	PdxH	Pyridoxine/pyridoxamine 5'-phosphate oxidase	H	Coenzyme transport and metabolism
NODE_8544_length_10370_cov_5.783422_8	COG3903	226418	0.000633	23.273		Predicted ATPase	R	General function prediction only
NODE_8554_length_10356_cov_5.380351_1	COG1920	224831	3.16e-07	36.145		2-phospho-L-lactate guanylyltransferase, coenzyme F420 biosynthesis enzyme, CobY/MobA/RfbA family	H	Coenzyme transport and metabolism
NODE_8554_length_10356_cov_5.380351_2	COG0391	223468	3.67e-62	27.425	CofD	Archaeal 2-phospho-L-lactate transferase/Bacterial gluconeogenesis factor, CofD/UPF0052 family	G	Carbohydrate transport and metabolism
NODE_8554_length_10356_cov_5.380351_4	COG0675	223747	5.19e-28	29.108	InsQ	Transposase	X	Mobilome: prophages, transposons
NODE_8554_length_10356_cov_5.380351_6	COG1914	224826	4.02e-21	19.767	MntH	Mn2+ or Fe2+ transporter, NRAMP family	P	Inorganic ion transport and metabolism
NODE_8554_length_10356_cov_5.380351_7	COG3956	226465	4.3e-129	38.845	YabN	Uncharacterized conserved protein YabN, contains tetrapyrrole methylase and MazG-like pyrophosphatase domain	R	General function prediction only
NODE_8554_length_10356_cov_5.380351_8	COG2199	225109	6.98e-62	50.292	GGDEF	GGDEF domain, diguanylate cyclase (c-di-GMP synthetase) or its enzymatically inactive variants	T	Signal transduction mechanisms
NODE_8572_length_10333_cov_5.502530_1	COG1595	224511	3.46e-16	34.884	RpoE	DNA-directed RNA polymerase specialized sigma subunit, sigma24 family	K	Transcription
NODE_8572_length_10333_cov_5.502530_3	COG1595	224511	1.26e-30	31.461	RpoE	DNA-directed RNA polymerase specialized sigma subunit, sigma24 family	K	Transcription
NODE_8572_length_10333_cov_5.502530_4	COG1595	224511	1.03e-31	36.066	RpoE	DNA-directed RNA polymerase specialized sigma subunit, sigma24 family	K	Transcription
NODE_8572_length_10333_cov_5.502530_8	COG1595	224511	1.54e-07	30.108	RpoE	DNA-directed RNA polymerase specialized sigma subunit, sigma24 family	K	Transcription
NODE_8572_length_10333_cov_5.502530_9	COG4934	227270	2.5e-47	32.208		Serine protease, subtilase family	O	Posttranslational modification, protein turnover, chaperones
NODE_8572_length_10333_cov_5.502530_11	COG4591	226957	0.000124	31.429	LolE	ABC-type transport system involved in lipoprotein release, permease component LolC	M	Cell wall/membrane/envelope biogenesis
NODE_8579_length_10326_cov_5.641515_1	COG0568	223642	6.14e-116	49.679	RpoD	DNA-directed RNA polymerase, sigma subunit (sigma70/sigma32)	K	Transcription
NODE_8579_length_10326_cov_5.641515_2	COG5180	227507	6.56e-07	27.869	PBP1	PAB1-binding protein, interacts with poly(A)-binding protein	A	RNA processing and modification
NODE_8579_length_10326_cov_5.641515_5	COG2348	225224	2.99e-38	22.693	FmhB	Lipid II:glycine glycyltransferase (Peptidoglycan interpeptide bridge formation enzyme)	M	Cell wall/membrane/envelope biogenesis
NODE_8579_length_10326_cov_5.641515_6	COG0336	223413	2.79e-126	57.551	TrmD	tRNA G37 N-methylase TrmD	J	Translation, ribosomal structure and biogenesis
NODE_8579_length_10326_cov_5.641515_7	COG5180	227507	0.001	25.342	PBP1	PAB1-binding protein, interacts with poly(A)-binding protein	A	RNA processing and modification
NODE_8579_length_10326_cov_5.641515_10	COG1811	224724	1.24e-41	40.488	YqgA	Uncharacterized membrane protein YqgA, affects biofilm formation	S	Function unknown
NODE_8689_length_10210_cov_5.593205_2	COG1181	224102	1.24e-131	42.297	DdlA	D-alanine-D-alanine ligase or related ATP-grasp enzyme	M	Cell wall/membrane/envelope biogenesis
NODE_8689_length_10210_cov_5.593205_3	COG1304	224223	8.23e-108	41.292	LldD	FMN-dependent dehydrogenase, includes L-lactate dehydrogenase and type II isopentenyl diphosphate isomerase	C	Energy production and conversion
NODE_8689_length_10210_cov_5.593205_4	COG0500	223574	1.7e-09	27.338	SmtA	SAM-dependent methyltransferase	Q	Secondary metabolites biosynthesis, transport and catabolism
NODE_8689_length_10210_cov_5.593205_7	COG4934	227270	3.39e-06	27.523		Serine protease, subtilase family	O	Posttranslational modification, protein turnover, chaperones
NODE_8689_length_10210_cov_5.593205_8	COG0642	223715	1.5e-39	36.437	BaeS	Signal transduction histidine kinase	T	Signal transduction mechanisms
NODE_8689_length_10210_cov_5.593205_9	COG0745	223816	2.28e-29	35.252	OmpR	DNA-binding response regulator, OmpR family, contains REC and winged-helix (wHTH) domain	T	Signal transduction mechanisms
NODE_8689_length_10210_cov_5.593205_13	COG1595	224511	1.08e-08	48.889	RpoE	DNA-directed RNA polymerase specialized sigma subunit, sigma24 family	K	Transcription
NODE_8770_length_10125_cov_4.921549_1	COG0251	223329	4.21e-08	50.0	RidA	Enamine deaminase RidA, house cleaning of reactive enamine intermediates, YjgF/YER057c/UK114 family	V	Defense mechanisms
NODE_8770_length_10125_cov_4.921549_2	COG0593	223666	3.52e-143	52.695	DnaA	Chromosomal replication initiation ATPase DnaA	L	Replication, recombination and repair
NODE_8770_length_10125_cov_4.921549_3	COG0647	223720	9.91e-75	39.7	NagD	Ribonucleotide monophosphatase NagD, HAD superfamily	F	Nucleotide transport and metabolism
NODE_8770_length_10125_cov_4.921549_4	COG0531	223605	3.46e-08	15.459	PotE	Serine transporter YbeC, amino acid:H+ symporter family	E	Amino acid transport and metabolism
NODE_8770_length_10125_cov_4.921549_6	COG0393	223470	2.1e-23	28.302	YbjQ	Uncharacterized pentameric protein YbjQ, UPF0145 family	S	Function unknown
NODE_8770_length_10125_cov_4.921549_7	COG1409	224327	0.000201	25.556	CpdA	3',5'-cyclic AMP phosphodiesterase CpdA	T	Signal transduction mechanisms
NODE_8770_length_10125_cov_4.921549_8	COG0190	223268	2.67e-117	49.638	FolD	5,10-methylene-tetrahydrofolate dehydrogenase/Methenyl tetrahydrofolate cyclohydrolase	H	Coenzyme transport and metabolism
NODE_8770_length_10125_cov_4.921549_9	COG3404	225939	9.39e-30	37.864	FtcD	Formiminotetrahydrofolate cyclodeaminase	E	Amino acid transport and metabolism
NODE_8770_length_10125_cov_4.921549_10	COG1595	224511	3.95e-34	35.519	RpoE	DNA-directed RNA polymerase specialized sigma subunit, sigma24 family	K	Transcription
NODE_8897_length_10000_cov_4.964806_1	COG2217	225127	1.2e-45	54.331	ZntA	Cation-transporting P-type ATPase	P	Inorganic ion transport and metabolism
NODE_8897_length_10000_cov_4.964806_2	COG2608	225328	7.13e-19	37.681	CopZ	Copper chaperone CopZ	P	Inorganic ion transport and metabolism
NODE_8897_length_10000_cov_4.964806_4	COG1457	224374	0.007	24.06	CodB	Purine-cytosine permease or related protein	F	Nucleotide transport and metabolism
NODE_8897_length_10000_cov_4.964806_5	COG0772	223843	7.77e-81	39.257	FtsW	Peptodoglycan polymerase FtsW/RodA/SpoVE	D	Cell cycle control, cell division, chromosome partitioning
NODE_8897_length_10000_cov_4.964806_6	COG1912	224824	1.56e-78	40.078		Stereoselective (R,S)-S-adenosylmethionine hydrolase (adenosine-forming)	H	Coenzyme transport and metabolism
NODE_8897_length_10000_cov_4.964806_7	COG2201	225111	4.59e-52	39.267	CheB	Chemotaxis response regulator CheB, contains REC and protein-glutamate methylesterase domains	T	Signal transduction mechanisms
NODE_8897_length_10000_cov_4.964806_8	COG0642	223715	4.45e-49	39.331	BaeS	Signal transduction histidine kinase	T	Signal transduction mechanisms
NODE_9277_length_9673_cov_5.470992_1	COG1157	224079	0.0	57.895	FliI	Flagellar biosynthesis/type III secretory pathway ATPase FliI	N	Cell motility
NODE_9277_length_9673_cov_5.470992_3	COG1815	224728	6.27e-21	33.858	FlgB	Flagellar basal body rod protein FlgB	N	Cell motility
NODE_9277_length_9673_cov_5.470992_5	COG1843	224756	5.1e-14	37.255	FlgD	Flagellar hook-capping protein FlgD	N	Cell motility
NODE_9277_length_9673_cov_5.470992_6	COG4786	227125	1e-52	28.193	FlgG	Flagellar basal body rod protein FlgG	N	Cell motility
NODE_9277_length_9673_cov_5.470992_7	COG4934	227270	1.63e-11	24.51		Serine protease, subtilase family	O	Posttranslational modification, protein turnover, chaperones
NODE_9277_length_9673_cov_5.470992_8	COG4934	227270	2.07e-52	29.508		Serine protease, subtilase family	O	Posttranslational modification, protein turnover, chaperones
NODE_9277_length_9673_cov_5.470992_9	COG4934	227270	3.66e-28	23.868		Serine protease, subtilase family	O	Posttranslational modification, protein turnover, chaperones
NODE_9337_length_9621_cov_5.902885_1	COG1230	224151	1.58e-22	40.964	CzcD	Co/Zn/Cd efflux system component	P	Inorganic ion transport and metabolism
NODE_9337_length_9621_cov_5.902885_2	COG0164	223242	3.83e-75	48.5	RnhB	Ribonuclease HII	L	Replication, recombination and repair
NODE_9337_length_9621_cov_5.902885_3	COG0335	223412	2.3e-49	54.955	RplS	Ribosomal protein L19	J	Translation, ribosomal structure and biogenesis
NODE_9337_length_9621_cov_5.902885_5	COG1321	224240	6.37e-51	46.207	MntR	Mn-dependent transcriptional regulator MntR, DtxR family	K	Transcription
NODE_9337_length_9621_cov_5.902885_6	COG0428	223505	7.37e-10	30.872	ZupT	Zinc transporter ZupT	P	Inorganic ion transport and metabolism
NODE_9337_length_9621_cov_5.902885_9	COG1126	224051	1.27e-166	63.745	GlnQ	ABC-type polar amino acid transport system, ATPase component	E	Amino acid transport and metabolism
NODE_9337_length_9621_cov_5.902885_10	COG0765	223836	7.22e-66	39.496	HisM	ABC-type amino acid transport system, permease component	E	Amino acid transport and metabolism
NODE_9337_length_9621_cov_5.902885_11	COG0834	223904	6.97e-36	30.403	HisJ	ABC-type amino acid transport/signal transduction system, periplasmic component/domain	E	Amino acid transport and metabolism
NODE_9337_length_9621_cov_5.902885_12	COG1695	224609	1.86e-12	37.662	PadR	DNA-binding transcriptional regulator, PadR family	K	Transcription
NODE_9514_length_9464_cov_4.716335_2	COG0089	223167	4.32e-20	32.673	RplW	Ribosomal protein L23	J	Translation, ribosomal structure and biogenesis
NODE_9514_length_9464_cov_4.716335_3	COG0088	223166	4.94e-73	43.396	RplD	Ribosomal protein L4	J	Translation, ribosomal structure and biogenesis
NODE_9514_length_9464_cov_4.716335_4	COG0087	223165	1.61e-82	37.956	RplC	Ribosomal protein L3	J	Translation, ribosomal structure and biogenesis
NODE_9514_length_9464_cov_4.716335_5	COG0051	223129	1.19e-50	63.366	RpsJ	Ribosomal protein S10	J	Translation, ribosomal structure and biogenesis
NODE_9514_length_9464_cov_4.716335_6	COG0480	223556	0.0	64.511	FusA	Translation elongation factor EF-G, a GTPase	J	Translation, ribosomal structure and biogenesis
NODE_9514_length_9464_cov_4.716335_7	COG0049	223127	2.94e-65	51.923	RpsG	Ribosomal protein S7	J	Translation, ribosomal structure and biogenesis
NODE_9514_length_9464_cov_4.716335_8	COG0048	223126	4.82e-68	69.118	RpsL	Ribosomal protein S12	J	Translation, ribosomal structure and biogenesis
NODE_9514_length_9464_cov_4.716335_9	COG4636	226983	1.1e-19	26.531	Uma2	Endonuclease, Uma2 family (restriction endonuclease fold)	R	General function prediction only
NODE_9625_length_9366_cov_5.109226_1	COG0558	223632	2.84e-05	28.571	PgsA	Phosphatidylglycerophosphate synthase	I	Lipid transport and metabolism
NODE_9625_length_9366_cov_5.109226_2	COG3237	225777	4.65e-07	26.667	yjbJ	Uncharacterized conserved protein YjbJ, UPF0337 family	S	Function unknown
NODE_9625_length_9366_cov_5.109226_4	COG0569	223643	1.14e-21	28.571	TrkA	Trk/Ktr K+ transport system regulatory component TrkA/KtrA/KtrC, RCK domain	P	Inorganic ion transport and metabolism
NODE_9625_length_9366_cov_5.109226_5	COG2986	225533	0.0	55.07	HutH	Histidine ammonia-lyase	E	Amino acid transport and metabolism
NODE_9625_length_9366_cov_5.109226_6	COG4745	227088	8.44e-43	26.019	PMT	Predicted membrane-bound mannosyltransferase, involved in protein glycosylation	R	General function prediction only
NODE_9625_length_9366_cov_5.109226_7	COG5427	227714	2.65e-34	31.618		Predicted membrane glycosyltransferase AF0583, Arch_YYY/DUF2298 family	S	Function unknown
NODE_9818_length_9193_cov_4.503721_2	COG1401	224319	4.19e-20	29.775	McrB	5-methylcytosine-specific restriction endonuclease McrBC, GTP-binding regulatory subunit McrB	V	Defense mechanisms
NODE_9818_length_9193_cov_4.503721_3	COG4268	226718	1.31e-21	24.324	McrC	5-methylcytosine-specific restriction endonuclease McrBC, regulatory subunit McrC	V	Defense mechanisms
NODE_9818_length_9193_cov_4.503721_5	COG0789	223860	5.05e-24	36.036	SoxR	DNA-binding transcriptional regulator, MerR family	K	Transcription
NODE_9818_length_9193_cov_4.503721_7	COG2945	225496	1.97e-51	39.904		Alpha/beta superfamily hydrolase	R	General function prediction only
NODE_9818_length_9193_cov_4.503721_9	COG0596	223669	1.18e-21	23.849	MenH	2-succinyl-6-hydroxy-2,4-cyclohexadiene-1-carboxylate synthase MenH and related esterases, alpha/beta hydrolase fold	H	Coenzyme transport and metabolism
NODE_9818_length_9193_cov_4.503721_10	COG1573	224489	1.41e-48	43.114	Udg4	Uracil-DNA glycosylase	L	Replication, recombination and repair
NODE_9879_length_9156_cov_4.817053_1	COG0696	223768	3.56e-34	53.571	GpmI	Phosphoglycerate mutase (BPG-independent), AlkP superfamily	G	Carbohydrate transport and metabolism
NODE_9879_length_9156_cov_4.817053_3	COG1595	224511	1.67e-16	31.356	RpoE	DNA-directed RNA polymerase specialized sigma subunit, sigma24 family	K	Transcription
NODE_9879_length_9156_cov_4.817053_4	COG0842	223912	4.36e-23	30.769	YadH	ABC-type multidrug transport system, permease component	V	Defense mechanisms
NODE_9879_length_9156_cov_4.817053_5	COG1131	224054	1.07e-98	39.934	CcmA	ABC-type multidrug transport system, ATPase component	V	Defense mechanisms
NODE_9879_length_9156_cov_4.817053_6	COG0640	223713	1.75e-07	23.958	ArsR	DNA-binding transcriptional regulator, ArsR family	K	Transcription
NODE_9879_length_9156_cov_4.817053_8	COG1413	224331	0.009	21.379	HEAT	HEAT repeat	R	General function prediction only
NODE_9879_length_9156_cov_4.817053_11	COG1040	223970	0.001	29.167	ComFC	DNA utilization protein ComFC/GntX, contains phosphoribosyltransferase domain	R	General function prediction only
NODE_9908_length_9131_cov_6.268951_3	COG1262	224182	4.13e-47	32.222	YfmG	Formylglycine-generating enzyme, required for sulfatase activity, contains SUMF1/FGE domain	O	Posttranslational modification, protein turnover, chaperones
NODE_9908_length_9131_cov_6.268951_4	COG3344	225881	6.26e-07	20.814	YkfC	Retron-type reverse transcriptase	X	Mobilome: prophages, transposons
NODE_9908_length_9131_cov_6.268951_6	COG4680	227025	3.3e-23	29.348	HigB	mRNA-degrading endonuclease (mRNA interferase) HigB, toxic component of the HigAB toxin-antitoxin module	J	Translation, ribosomal structure and biogenesis
NODE_9981_length_9075_cov_4.841242_1	COG2170	225081	0.006	26.19	YbdK	Gamma-glutamyl:cysteine ligase YbdK, ATP-grasp superfamily	O	Posttranslational modification, protein turnover, chaperones
NODE_9981_length_9075_cov_4.841242_3	COG1196	224117	1.14e-162	28.314	Smc	Chromosome segregation ATPase Smc	D	Cell cycle control, cell division, chromosome partitioning
NODE_9981_length_9075_cov_4.841242_4	COG0073	223151	8.06e-21	27.826	EMAP	tRNA-binding EMAP/Myf domain	J	Translation, ribosomal structure and biogenesis
NODE_9981_length_9075_cov_4.841242_5	COG1472	224389	7.98e-45	28.94	BglX	Periplasmic beta-glucosidase and related glycosidases	G	Carbohydrate transport and metabolism
NODE_9981_length_9075_cov_4.841242_6	COG1846	224759	1.24e-06	33.871	MarR	DNA-binding transcriptional regulator, MarR family	K	Transcription
NODE_10135_length_8962_cov_5.258112_1	COG4992	227325	3.06e-10	35.556	ArgD	Acetylornithine/succinyldiaminopimelate/putrescine aminotransferase	E	Amino acid transport and metabolism
NODE_10135_length_8962_cov_5.258112_2	COG0247	223325	1.25e-84	30.856	GlpC	Fe-S cluster-containing oxidoreductase, includes glycolate oxidase subunit GlcF	C	Energy production and conversion
NODE_10135_length_8962_cov_5.258112_3	COG1191	224112	3.07e-07	23.256	FliA	DNA-directed RNA polymerase specialized sigma subunit	K	Transcription
NODE_10135_length_8962_cov_5.258112_6	COG0183	223261	1.04e-105	40.314	PaaJ	Acetyl-CoA acetyltransferase	I	Lipid transport and metabolism
NODE_10135_length_8962_cov_5.258112_7	COG4894	227231	2.28e-34	34.194	YxjI	Putative phospholipid scramblase YxjI, Tubby2 superfamily	I	Lipid transport and metabolism
NODE_10135_length_8962_cov_5.258112_8	COG0596	223669	0.001	34.328	MenH	2-succinyl-6-hydroxy-2,4-cyclohexadiene-1-carboxylate synthase MenH and related esterases, alpha/beta hydrolase fold	H	Coenzyme transport and metabolism
NODE_10135_length_8962_cov_5.258112_10	COG3832	226353	1.88e-37	42.0	YndB	Chalcone/flavanone-binding protein YndB, AHSA1/START/SRPBCC domain	I	Lipid transport and metabolism
NODE_10135_length_8962_cov_5.258112_11	COG0640	223713	6.47e-20	36.0	ArsR	DNA-binding transcriptional regulator, ArsR family	K	Transcription
NODE_10135_length_8962_cov_5.258112_12	COG0784	223855	7.33e-06	41.509	CheY	CheY-like REC (receiver) domain, includes chemotaxis protein CheY  and sporulation regulator Spo0F	T	Signal transduction mechanisms
NODE_10135_length_8962_cov_5.258112_13	COG5464	227751	4.51e-05	33.929	RpnC	Recombination-promoting DNA endonuclease RpnC/YadD	L	Replication, recombination and repair
NODE_10135_length_8962_cov_5.258112_14	COG0542	223616	1.28e-112	56.897	ClpA	ATP-dependent Clp protease, ATP-binding subunit ClpA	O	Posttranslational modification, protein turnover, chaperones
NODE_10204_length_8902_cov_4.697638_4	COG1595	224511	2.9e-28	29.762	RpoE	DNA-directed RNA polymerase specialized sigma subunit, sigma24 family	K	Transcription
NODE_10204_length_8902_cov_4.697638_8	COG2339	225217	1.45e-15	25.381	PrsW	Membrane proteinase PrsW, cleaves anti-sigma factor RsiW, M82 family	T	Signal transduction mechanisms
NODE_10204_length_8902_cov_4.697638_9	COG2334	225213	7.59e-17	26.904	SrkA	Ser/Thr protein kinase RdoA involved in Cpx stress response, MazF antagonist	T	Signal transduction mechanisms
NODE_10251_length_8868_cov_5.415749_1	COG0553	223627	7.13e-65	35.821	HepA	Superfamily II DNA or RNA helicase, SNF2 family	K	Transcription
NODE_10251_length_8868_cov_5.415749_5	COG0526	223600	3.89e-17	26.016	TrxA	Thiol-disulfide isomerase or thioredoxin	O	Posttranslational modification, protein turnover, chaperones
NODE_10251_length_8868_cov_5.415749_6	COG0531	223605	1.01e-30	20.238	PotE	Serine transporter YbeC, amino acid:H+ symporter family	E	Amino acid transport and metabolism
NODE_10251_length_8868_cov_5.415749_8	COG1598	224514	3.41e-07	26.923	HicB	Antitoxin component HicB of the HicAB toxin-antitoxin system	V	Defense mechanisms
NODE_10303_length_8834_cov_5.837339_1	COG0004	223083	5.46e-32	55.0	AmtB	Ammonia channel protein AmtB	P	Inorganic ion transport and metabolism
NODE_10303_length_8834_cov_5.837339_2	COG2226	225136	2.6e-17	27.222	UbiE	Ubiquinone/menaquinone biosynthesis C-methylase UbiE/MenG	H	Coenzyme transport and metabolism
NODE_10303_length_8834_cov_5.837339_3	COG1752	224666	1.74e-39	30.375	RssA	Predicted acylesterase/phospholipase RssA, containd patatin domain	R	General function prediction only
NODE_10303_length_8834_cov_5.837339_4	COG0596	223669	1.21e-21	23.723	MenH	2-succinyl-6-hydroxy-2,4-cyclohexadiene-1-carboxylate synthase MenH and related esterases, alpha/beta hydrolase fold	H	Coenzyme transport and metabolism
NODE_10303_length_8834_cov_5.837339_5	COG0406	223483	6.74e-30	29.032	PhoE	Broad specificity phosphatase PhoE	G	Carbohydrate transport and metabolism
NODE_10303_length_8834_cov_5.837339_6	COG1695	224609	3.86e-13	26.168	PadR	DNA-binding transcriptional regulator, PadR family	K	Transcription
NODE_10303_length_8834_cov_5.837339_7	COG0725	223797	5.28e-42	34.711	ModA	ABC-type molybdate transport system, periplasmic Mo-binding protein ModA	P	Inorganic ion transport and metabolism
NODE_10303_length_8834_cov_5.837339_9	COG2259	225168	1.27e-08	21.831	DoxX	Uncharacterized membrane protein YphA, DoxX/SURF4 family	S	Function unknown
NODE_10323_length_8821_cov_4.417408_1	COG0515	223589	1.31e-43	32.414	SPS1	Serine/threonine protein kinase	T	Signal transduction mechanisms
NODE_10323_length_8821_cov_4.417408_2	COG0613	223686	1.35e-19	26.996	YciV	5'-3' exoribonuclease TrpH/YciV (RNase AM), contains PHP domain	F	Nucleotide transport and metabolism
NODE_10323_length_8821_cov_4.417408_4	COG1917	224829	1.01e-27	35.537	QdoI	Cupin domain protein related to quercetin dioxygenase	R	General function prediction only
NODE_10323_length_8821_cov_4.417408_5	COG0667	223739	3.9e-111	45.104	PdxI	Pyridoxal reductase PdxI or related oxidoreductase, aldo/keto reductase family	H	Coenzyme transport and metabolism
NODE_10323_length_8821_cov_4.417408_6	COG0667	223739	3.35e-22	42.373	PdxI	Pyridoxal reductase PdxI or related oxidoreductase, aldo/keto reductase family	H	Coenzyme transport and metabolism
NODE_10323_length_8821_cov_4.417408_7	COG0442	223519	9.05e-150	33.468	ProS	Prolyl-tRNA synthetase	J	Translation, ribosomal structure and biogenesis
NODE_10330_length_8816_cov_6.504965_1	COG2309	225191	7.42e-75	33.916	AmpS	Leucyl aminopeptidase (aminopeptidase T)	E	Amino acid transport and metabolism
NODE_10330_length_8816_cov_6.504965_2	COG2771	225360	2.5e-08	46.154	CsgD	DNA-binding transcriptional regulator, CsgD family	K	Transcription
NODE_10330_length_8816_cov_6.504965_4	COG3209	225750	1.4e-05	16.864	RhsA	Uncharacterized conserved protein RhaS, contains 28 RHS repeats	R	General function prediction only
NODE_10330_length_8816_cov_6.504965_6	COG1045	223975	9.34e-21	30.263	CysE	Serine acetyltransferase	E	Amino acid transport and metabolism
NODE_10330_length_8816_cov_6.504965_7	COG1321	224240	2.12e-50	44.304	MntR	Mn-dependent transcriptional regulator MntR, DtxR family	K	Transcription
NODE_10412_length_8741_cov_5.434723_2	COG0349	223426	5.52e-30	39.61	Rnd	Ribonuclease D	J	Translation, ribosomal structure and biogenesis
NODE_10412_length_8741_cov_5.434723_3	COG2226	225136	7.7e-17	29.412	UbiE	Ubiquinone/menaquinone biosynthesis C-methylase UbiE/MenG	H	Coenzyme transport and metabolism
NODE_10412_length_8741_cov_5.434723_6	COG0318	223395	1.26e-148	39.171	MenE/FadK	O-succinylbenzoic acid-CoA ligase MenE or related acyl-CoA synthetase (AMP-forming)	I	Lipid transport and metabolism
NODE_10412_length_8741_cov_5.434723_7	COG4948	227284	4.09e-53	29.016	RspA	L-alanine-DL-glutamate epimerase or related enzyme of enolase superfamily	M	Cell wall/membrane/envelope biogenesis
NODE_10412_length_8741_cov_5.434723_8	COG0447	223524	0.0	72.143	MenB	1,4-Dihydroxy-2-naphthoyl-CoA synthase	H	Coenzyme transport and metabolism
NODE_10412_length_8741_cov_5.434723_9	COG0596	223669	4.18e-24	29.123	MenH	2-succinyl-6-hydroxy-2,4-cyclohexadiene-1-carboxylate synthase MenH and related esterases, alpha/beta hydrolase fold	H	Coenzyme transport and metabolism
NODE_10412_length_8741_cov_5.434723_10	COG1165	224087	9.11e-88	38.768	MenD	2-succinyl-5-enolpyruvyl-6-hydroxy-3-cyclohexene-1-carboxylate synthase	H	Coenzyme transport and metabolism
NODE_10588_length_8627_cov_5.009333_1	COG2239	225148	0.000464	25.203	MgtE	Mg/Co/Ni transporter MgtE (contains CBS domain)	P	Inorganic ion transport and metabolism
NODE_10588_length_8627_cov_5.009333_2	COG2226	225136	1.38e-18	37.5	UbiE	Ubiquinone/menaquinone biosynthesis C-methylase UbiE/MenG	H	Coenzyme transport and metabolism
NODE_10588_length_8627_cov_5.009333_4	COG2021	224932	2.24e-148	51.351	MET2	Homoserine O-acetyltransferase	E	Amino acid transport and metabolism
NODE_10588_length_8627_cov_5.009333_5	COG2873	225428	0.0	69.789	MET17	O-acetylhomoserine/O-acetylserine sulfhydrylase, pyridoxal phosphate-dependent	E	Amino acid transport and metabolism
NODE_10588_length_8627_cov_5.009333_6	COG0527	223601	1.96e-61	37.179	MetL1	Aspartate kinase	E	Amino acid transport and metabolism
NODE_10616_length_8609_cov_4.882043_3	COG2755	225353	6.42e-15	26.087	TesA	Lysophospholipase L1 or related esterase. Includes spore coat protein LipC/YcsK	D	Cell cycle control, cell division, chromosome partitioning
NODE_10616_length_8609_cov_4.882043_4	COG4782	227121	1.27e-16	28.369		Esterase/lipase superfamily enzyme	R	General function prediction only
NODE_10616_length_8609_cov_4.882043_5	COG3576	226105	0.008	18.978		Predicted flavin-nucleotide-binding protein, pyridoxine 5'-phosphate oxidase superfamily	R	General function prediction only
NODE_10616_length_8609_cov_4.882043_6	COG5428	227715	3.14e-10	38.776	YuzE	Predicted antitoxin component YuzE of a toxin-antitoxin system, DUF2283 family	V	Defense mechanisms
NODE_10616_length_8609_cov_4.882043_8	COG0554	223628	0.0	49.398	GlpK	Glycerol kinase	C	Energy production and conversion
NODE_10616_length_8609_cov_4.882043_9	COG0624	223697	7.12e-55	24.565	ArgE	Acetylornithine deacetylase/Succinyl-diaminopimelate desuccinylase or related deacylase	E	Amino acid transport and metabolism
NODE_10616_length_8609_cov_4.882043_10	COG5373	227665	0.005	24.615		Uncharacterized membrane protein	S	Function unknown
NODE_10626_length_8600_cov_5.537624_1	COG0742	223813	5.58e-23	33.884	RsmD	16S rRNA G966 N2-methylase RsmD	J	Translation, ribosomal structure and biogenesis
NODE_10626_length_8600_cov_5.537624_5	COG1994	224905	9.32e-09	25.714	SpoIVFB	Zn-dependent protease (includes sporulation protein SpoIVFB)	O	Posttranslational modification, protein turnover, chaperones
NODE_10626_length_8600_cov_5.537624_7	COG3694	226218	7.06e-33	24.436		ABC-type uncharacterized transport system, permease component	R	General function prediction only
NODE_10626_length_8600_cov_5.537624_8	COG4587	226953	1.09e-31	24.621		ABC-type uncharacterized transport system, permease component	R	General function prediction only
NODE_10638_length_8593_cov_4.664676_1	COG0643	223716	3.33e-23	29.078	CheA	Chemotaxis protein histidine kinase CheA	T	Signal transduction mechanisms
NODE_10638_length_8593_cov_4.664676_2	COG0840	223910	5.46e-73	37.879	Tar	Methyl-accepting chemotaxis protein (MCP)	T	Signal transduction mechanisms
NODE_10638_length_8593_cov_4.664676_3	COG0835	223905	1.24e-28	36.029	CheW	Chemotaxis signal transduction protein CheW	T	Signal transduction mechanisms
NODE_10638_length_8593_cov_4.664676_4	COG0745	223816	1.8e-29	39.831	OmpR	DNA-binding response regulator, OmpR family, contains REC and winged-helix (wHTH) domain	T	Signal transduction mechanisms
NODE_10638_length_8593_cov_4.664676_5	COG0745	223816	2.61e-35	37.594	OmpR	DNA-binding response regulator, OmpR family, contains REC and winged-helix (wHTH) domain	T	Signal transduction mechanisms
NODE_10638_length_8593_cov_4.664676_7	COG1846	224759	1.06e-15	28.333	MarR	DNA-binding transcriptional regulator, MarR family	K	Transcription
NODE_10638_length_8593_cov_4.664676_8	COG1131	224054	1.81e-37	42.609	CcmA	ABC-type multidrug transport system, ATPase component	V	Defense mechanisms
NODE_10644_length_8586_cov_4.516821_2	COG0566	223640	1.08e-61	34.559	SpoU	tRNA G18 (ribose-2'-O)-methylase SpoU	J	Translation, ribosomal structure and biogenesis
NODE_10644_length_8586_cov_4.516821_3	COG0292	223369	1.23e-41	63.248	RplT	Ribosomal protein L20	J	Translation, ribosomal structure and biogenesis
NODE_10644_length_8586_cov_4.516821_5	COG1192	224113	5.65e-25	24.567	ParA	ParA-like ATPase involved in chromosome/plasmid partitioning or cellulose biosynthesis protein BcsQ	D	Cell cycle control, cell division, chromosome partitioning
NODE_10644_length_8586_cov_4.516821_6	COG3064	225606	1.85e-05	24.359	TolA	Membrane protein TolA involved in colicin uptake	M	Cell wall/membrane/envelope biogenesis
NODE_10644_length_8586_cov_4.516821_8	COG4934	227270	1.13e-35	21.113		Serine protease, subtilase family	O	Posttranslational modification, protein turnover, chaperones
NODE_10644_length_8586_cov_4.516821_9	COG0285	223362	4.44e-11	36.735	FolC	Folylpolyglutamate synthase/Dihydropteroate synthase	H	Coenzyme transport and metabolism
NODE_10701_length_8549_cov_5.639863_1	COG0488	223562	6.24e-30	45.0	Uup	ATPase components of ABC transporters with duplicated ATPase domains	R	General function prediction only
NODE_10701_length_8549_cov_5.639863_3	COG0484	223560	2.11e-06	28.205	DnaJ	DnaJ-class molecular chaperone with C-terminal Zn finger domain	O	Posttranslational modification, protein turnover, chaperones
NODE_10701_length_8549_cov_5.639863_6	COG1653	224567	7.26e-51	27.315	UgpB	ABC-type glycerol-3-phosphate transport system, periplasmic component	G	Carbohydrate transport and metabolism
NODE_10701_length_8549_cov_5.639863_7	COG3585	226113	4.28e-20	46.377	MopI	Molybdopterin-binding protein MopI	H	Coenzyme transport and metabolism
NODE_10701_length_8549_cov_5.639863_8	COG1695	224609	5.43e-13	24.219	PadR	DNA-binding transcriptional regulator, PadR family	K	Transcription
NODE_10701_length_8549_cov_5.639863_10	COG0755	223826	2.08e-31	33.08	CcmC	ABC-type transport system involved in cytochrome c biogenesis, permease component	O	Posttranslational modification, protein turnover, chaperones
NODE_10701_length_8549_cov_5.639863_11	COG0745	223816	3.27e-79	38.362	OmpR	DNA-binding response regulator, OmpR family, contains REC and winged-helix (wHTH) domain	T	Signal transduction mechanisms
NODE_10786_length_8480_cov_6.147062_1	COG3903	226418	3.25e-05	28.152		Predicted ATPase	R	General function prediction only
NODE_10786_length_8480_cov_6.147062_2	COG1051	223979	3.82e-18	37.864	YjhB	ADP-ribose pyrophosphatase YjhB, NUDIX family	F	Nucleotide transport and metabolism
NODE_10786_length_8480_cov_6.147062_6	COG1228	224149	2.2e-35	28.401	HutI	Imidazolonepropionase or related amidohydrolase	Q	Secondary metabolites biosynthesis, transport and catabolism
NODE_10786_length_8480_cov_6.147062_7	COG0675	223747	8.4e-50	30.337	InsQ	Transposase	X	Mobilome: prophages, transposons
NODE_10786_length_8480_cov_6.147062_9	COG1595	224511	1.92e-31	32.558	RpoE	DNA-directed RNA polymerase specialized sigma subunit, sigma24 family	K	Transcription
NODE_10786_length_8480_cov_6.147062_10	COG5662	227949	3.23e-07	35.385	RsiW	Transmembrane transcriptional regulator RsiW (anti-sigma-W factor)	K	Transcription
NODE_10868_length_8416_cov_5.947614_1	COG0642	223715	1.72e-08	25.735	BaeS	Signal transduction histidine kinase	T	Signal transduction mechanisms
NODE_10868_length_8416_cov_5.947614_2	COG2378	225253	8.42e-50	29.653	YobV	Predicted DNA-binding transcriptional regulator YobV, contains HTH and WYL domains	K	Transcription
NODE_10868_length_8416_cov_5.947614_4	COG0316	223393	9.52e-51	50.0	IscA	Fe-S cluster assembly iron-binding protein IscA	O	Posttranslational modification, protein turnover, chaperones
NODE_10868_length_8416_cov_5.947614_5	COG3467	225998	7.78e-09	33.333	NimA	Nitroimidazole reductase NimA or a related FMN-containing flavoprotein, pyridoxamine 5'-phosphate oxidase superfamily	V	Defense mechanisms
NODE_10868_length_8416_cov_5.947614_6	COG4934	227270	6.87e-51	25.17		Serine protease, subtilase family	O	Posttranslational modification, protein turnover, chaperones
NODE_10868_length_8416_cov_5.947614_9	COG0537	223611	7.57e-08	25.472	HinT	Purine nucleoside phosphoramidase/Ap4A hydrolase, histidine triade (HIT) family	F	Nucleotide transport and metabolism
NODE_10868_length_8416_cov_5.947614_10	COG1250	224170	1.82e-31	37.383	FadB	3-hydroxyacyl-CoA dehydrogenase	I	Lipid transport and metabolism
NODE_10882_length_8410_cov_4.862358_1	COG1198	224119	5.06e-07	51.429	PriA	Primosomal protein N' (replication factor Y) - superfamily II helicase	L	Replication, recombination and repair
NODE_10882_length_8410_cov_4.862358_6	COG0104	223182	0.0	52.804	PurA	Adenylosuccinate synthase	F	Nucleotide transport and metabolism
NODE_10882_length_8410_cov_4.862358_8	COG1825	224738	1.01e-19	39.785	RplY	Ribosomal protein L25 (general stress protein Ctc)	J	Translation, ribosomal structure and biogenesis
NODE_10882_length_8410_cov_4.862358_9	COG1989	224900	0.000341	26.519	PulO	Prepilin signal peptidase PulO (type II secretory pathway) or related peptidase	N	Cell motility
NODE_10882_length_8410_cov_4.862358_10	COG2897	225450	3.27e-111	38.305	SseA	3-mercaptopyruvate sulfurtransferase SseA, contains two rhodanese domains	P	Inorganic ion transport and metabolism
NODE_10882_length_8410_cov_4.862358_11	COG0822	223892	3.12e-14	30.488	IscU	Fe-S cluster assembly scaffold protein IscU, NifU family	O	Posttranslational modification, protein turnover, chaperones
NODE_10882_length_8410_cov_4.862358_12	COG1233	224154	2.67e-05	23.913		Phytoene dehydrogenase-related protein	Q	Secondary metabolites biosynthesis, transport and catabolism
NODE_10920_length_8384_cov_5.346140_1	COG0521	223595	2.49e-32	45.263	MoaB	Molybdopterin biosynthesis enzyme MoaB/MogA	H	Coenzyme transport and metabolism
NODE_10920_length_8384_cov_5.346140_2	COG1215	224136	3.28e-52	23.853	BcsA	Glycosyltransferase, catalytic subunit of cellulose synthase and poly-beta-1,6-N-acetylglucosamine synthase	N	Cell motility
NODE_10920_length_8384_cov_5.346140_3	COG1807	224720	0.003	23.529	ArnT	PMT family glycosyltransferase ArnT/Agl22, involved in glycosylation of proteins and lipid IVA	M	Cell wall/membrane/envelope biogenesis
NODE_10920_length_8384_cov_5.346140_4	COG1520	224437	3.66e-16	23.026	PQQ	Outer membrane protein assembly factor BamB, contains PQQ-like beta-propeller repeat	M	Cell wall/membrane/envelope biogenesis
NODE_10920_length_8384_cov_5.346140_5	COG2730	225344	2.07e-09	18.831	BglC	Aryl-phospho-beta-D-glucosidase BglC, GH1 family	G	Carbohydrate transport and metabolism
NODE_11088_length_8272_cov_4.984666_1	COG0346	223423	7.79e-09	31.655	GloA	Catechol 2,3-dioxygenase or related enzyme, vicinal oxygen chelate (VOC) family	Q	Secondary metabolites biosynthesis, transport and catabolism
NODE_11088_length_8272_cov_4.984666_2	COG1846	224759	3.85e-18	31.496	MarR	DNA-binding transcriptional regulator, MarR family	K	Transcription
NODE_11088_length_8272_cov_4.984666_3	COG0456	223532	7.12e-05	26.316	RimI	Ribosomal protein S18 acetylase RimI and related acetyltransferases	J	Translation, ribosomal structure and biogenesis
NODE_11088_length_8272_cov_4.984666_5	COG0812	223882	1.23e-102	38.73	MurB	UDP-N-acetylenolpyruvoylglucosamine reductase	M	Cell wall/membrane/envelope biogenesis
NODE_11088_length_8272_cov_4.984666_6	COG1595	224511	4.49e-19	37.647	RpoE	DNA-directed RNA polymerase specialized sigma subunit, sigma24 family	K	Transcription
NODE_11088_length_8272_cov_4.984666_7	COG1595	224511	2.42e-08	39.286	RpoE	DNA-directed RNA polymerase specialized sigma subunit, sigma24 family	K	Transcription
NODE_11088_length_8272_cov_4.984666_8	COG1028	223959	1.65e-22	25.573	FabG	NAD(P)-dependent dehydrogenase, short-chain alcohol dehydrogenase family	I	Lipid transport and metabolism
NODE_11088_length_8272_cov_4.984666_9	COG4934	227270	2.48e-52	31.347		Serine protease, subtilase family	O	Posttranslational modification, protein turnover, chaperones
NODE_11130_length_8240_cov_5.033232_2	COG0205	223283	7.9e-46	24.496	PfkA	6-phosphofructokinase	G	Carbohydrate transport and metabolism
NODE_11130_length_8240_cov_5.033232_4	COG2226	225136	4.48e-11	30.631	UbiE	Ubiquinone/menaquinone biosynthesis C-methylase UbiE/MenG	H	Coenzyme transport and metabolism
NODE_11130_length_8240_cov_5.033232_5	COG1987	224898	4.35e-23	48.864	FliQ	Flagellar biosynthesis protein FliQ	N	Cell motility
NODE_11130_length_8240_cov_5.033232_6	COG1684	224598	4.22e-26	34.513	FliR	Flagellar biosynthesis protein FliR	N	Cell motility
NODE_11130_length_8240_cov_5.033232_7	COG1377	224295	8.59e-108	43.305	FlhB	Flagellar biosynthesis protein FlhB	N	Cell motility
NODE_11130_length_8240_cov_5.033232_8	COG0463	223539	5.04e-28	33.121	WcaA	Glycosyltransferase involved in cell wall bisynthesis	M	Cell wall/membrane/envelope biogenesis
NODE_11200_length_8191_cov_5.277286_1	COG0161	223239	0.000367	29.73	BioA	Adenosylmethionine-8-amino-7-oxononanoate aminotransferase	H	Coenzyme transport and metabolism
NODE_11200_length_8191_cov_5.277286_2	COG3903	226418	3.31e-62	37.011		Predicted ATPase	R	General function prediction only
NODE_11200_length_8191_cov_5.277286_4	COG0231	223309	2.14e-38	40.769	Efp	Translation elongation factor P (EF-P)/translation initiation factor 5A (eIF-5A)	J	Translation, ribosomal structure and biogenesis
NODE_11200_length_8191_cov_5.277286_5	COG2244	225153	3.69e-20	18.465	RfbX	Membrane protein involved in the export of O-antigen and teichoic acid	M	Cell wall/membrane/envelope biogenesis
NODE_11200_length_8191_cov_5.277286_6	COG3307	225844	0.002	19.289	RfaL	O-antigen ligase	M	Cell wall/membrane/envelope biogenesis
NODE_11276_length_8148_cov_5.850488_2	COG1357	224276	3.67e-21	27.128	YjbI	Uncharacterized conserved protein YjbI, contains pentapeptide repeats	S	Function unknown
NODE_11276_length_8148_cov_5.850488_7	COG0515	223589	2.73e-40	28.617	SPS1	Serine/threonine protein kinase	T	Signal transduction mechanisms
NODE_11276_length_8148_cov_5.850488_8	COG0624	223697	5.12e-14	37.037	ArgE	Acetylornithine deacetylase/Succinyl-diaminopimelate desuccinylase or related deacylase	E	Amino acid transport and metabolism
NODE_11323_length_8117_cov_6.165468_1	COG0488	223562	2.88e-16	23.711	Uup	ATPase components of ABC transporters with duplicated ATPase domains	R	General function prediction only
NODE_11323_length_8117_cov_6.165468_2	COG0491	223565	2.31e-10	20.725	GloB	Glyoxylase or a related metal-dependent hydrolase, beta-lactamase superfamily II	R	General function prediction only
NODE_11323_length_8117_cov_6.165468_4	COG4980	227313	0.00012	42.857	GvpP	Gas vesicle protein YhaH	R	General function prediction only
NODE_11323_length_8117_cov_6.165468_5	COG1136	224059	4.24e-105	50.679	LolD	ABC-type lipoprotein export system, ATPase component	M	Cell wall/membrane/envelope biogenesis
NODE_11323_length_8117_cov_6.165468_6	COG3127	225669	9.33e-38	21.466	YbbP	Predicted ABC-type transport system involved in lysophospholipase L1 biosynthesis, permease component	Q	Secondary metabolites biosynthesis, transport and catabolism
NODE_11323_length_8117_cov_6.165468_7	COG2204	225114	7.15e-15	28.814	AtoC	DNA-binding transcriptional response regulator, NtrC family, contains REC, AAA-type ATPase, and a Fis-type DNA-binding domains	T	Signal transduction mechanisms
NODE_11323_length_8117_cov_6.165468_8	COG0387	223464	9.05e-43	28.784	ChaA	Cation (Ca2+/Na+/K+)/H+ antiporter ChaA	P	Inorganic ion transport and metabolism
NODE_11393_length_8061_cov_4.755433_1	COG0358	223435	1.63e-34	45.161	DnaG	DNA primase (bacterial type)	L	Replication, recombination and repair
NODE_11393_length_8061_cov_4.755433_2	COG0707	223779	8.9e-97	35.735	MurG	UDP-N-acetylglucosamine:LPS N-acetylglucosamine transferase	M	Cell wall/membrane/envelope biogenesis
NODE_11393_length_8061_cov_4.755433_3	COG0457	223533	2.71e-06	21.675	TPR	Tetratricopeptide (TPR) repeat	R	General function prediction only
NODE_11393_length_8061_cov_4.755433_4	COG2018	224929	2.27e-06	33.019		Predicted regulator of Ras-like GTPase activity, Roadblock/LC7/MglB family	T	Signal transduction mechanisms
NODE_11393_length_8061_cov_4.755433_5	COG0105	223183	1.38e-75	60.0	Ndk	Nucleoside diphosphate kinase	F	Nucleotide transport and metabolism
NODE_11393_length_8061_cov_4.755433_6	COG0172	223250	3e-128	45.098	SerS	Seryl-tRNA synthetase	J	Translation, ribosomal structure and biogenesis
NODE_11393_length_8061_cov_4.755433_8	COG0329	223406	2.16e-53	34.752	DapA	4-hydroxy-tetrahydrodipicolinate synthase/N-acetylneuraminate lyase	E	Amino acid transport and metabolism
NODE_11393_length_8061_cov_4.755433_9	COG0624	223697	0.004	29.412	ArgE	Acetylornithine deacetylase/Succinyl-diaminopimelate desuccinylase or related deacylase	E	Amino acid transport and metabolism
NODE_11428_length_8041_cov_4.793764_1	COG1344	224263	1.78e-08	18.8	FlgL	Flagellin and related hook-associated protein FlgL	N	Cell motility
NODE_11428_length_8041_cov_4.793764_2	COG0604	223677	1.98e-76	31.627	Qor	NADPH:quinone reductase or related Zn-dependent oxidoreductase	C	Energy production and conversion
NODE_11428_length_8041_cov_4.793764_3	COG2409	225272	1.08e-76	25.644	YdfJ	Predicted lipid transporter YdfJ, MMPL/SSD domain, RND superfamily	R	General function prediction only
NODE_11428_length_8041_cov_4.793764_6	COG1057	223985	9.91e-16	28.856	NadD	Nicotinate-nucleotide adenylyltransferase NadD	H	Coenzyme transport and metabolism
NODE_11428_length_8041_cov_4.793764_7	COG0789	223860	6.29e-08	33.333	SoxR	DNA-binding transcriptional regulator, MerR family	K	Transcription
NODE_11435_length_8032_cov_5.718817_1	COG1196	224117	0.003	22.5	Smc	Chromosome segregation ATPase Smc	D	Cell cycle control, cell division, chromosome partitioning
NODE_11435_length_8032_cov_5.718817_3	COG0438	223515	4.58e-28	21.446	RfaB	Glycosyltransferase involved in cell wall bisynthesis	M	Cell wall/membrane/envelope biogenesis
NODE_11435_length_8032_cov_5.718817_4	COG1449	224366	5.28e-37	27.298		Alpha-amylase/alpha-mannosidase, GH57 family	G	Carbohydrate transport and metabolism
NODE_11435_length_8032_cov_5.718817_6	COG0546	223620	3.55e-16	22.613	Gph	Phosphoglycolate phosphatase, HAD superfamily	C	Energy production and conversion
NODE_11464_length_8016_cov_5.374953_2	COG0082	223160	6.42e-147	46.632	AroC	Chorismate synthase	E	Amino acid transport and metabolism
NODE_11464_length_8016_cov_5.374953_3	COG1921	224832	7.48e-88	43.603	SelA	Seryl-tRNA(Sec) selenium transferase	J	Translation, ribosomal structure and biogenesis
NODE_11464_length_8016_cov_5.374953_4	COG2226	225136	1.69e-19	30.952	UbiE	Ubiquinone/menaquinone biosynthesis C-methylase UbiE/MenG	H	Coenzyme transport and metabolism
NODE_11464_length_8016_cov_5.374953_5	COG1834	224747	2.73e-38	32.27	DdaH	N-Dimethylarginine dimethylaminohydrolase	E	Amino acid transport and metabolism
NODE_11464_length_8016_cov_5.374953_9	COG5428	227715	0.000153	32.609	YuzE	Predicted antitoxin component YuzE of a toxin-antitoxin system, DUF2283 family	V	Defense mechanisms
NODE_11464_length_8016_cov_5.374953_10	COG0444	223521	5.11e-121	40.597	DppD	ABC-type dipeptide/oligopeptide/nickel transport system, ATPase component	E	Amino acid transport and metabolism
NODE_11464_length_8016_cov_5.374953_11	COG0444	223521	4.01e-152	54.194	DppD	ABC-type dipeptide/oligopeptide/nickel transport system, ATPase component	E	Amino acid transport and metabolism
NODE_11468_length_8013_cov_5.010807_2	COG0637	223710	3.82e-50	33.023	YcjU	Beta-phosphoglucomutase, HAD superfamily	G	Carbohydrate transport and metabolism
NODE_11468_length_8013_cov_5.010807_4	COG0515	223589	1.39e-42	29.054	SPS1	Serine/threonine protein kinase	T	Signal transduction mechanisms
NODE_11468_length_8013_cov_5.010807_6	COG2814	225371	5.54e-12	25.503	AraJ	Predicted arabinose efflux permease AraJ, MFS family	G	Carbohydrate transport and metabolism
NODE_11468_length_8013_cov_5.010807_7	COG1309	224228	2.35e-17	26.5	AcrR	DNA-binding protein, AcrR family, includes nucleoid occlusion protein SlmA	K	Transcription
NODE_11468_length_8013_cov_5.010807_8	COG0489	223563	2.48e-60	36.91	Mrp	Fe-S cluster carrier ATPase, Mrp/ApbC/NBP35 family	D	Cell cycle control, cell division, chromosome partitioning
NODE_11496_length_7993_cov_4.586924_2	COG0364	223441	0.0	56.313	Zwf	Glucose-6-phosphate 1-dehydrogenase	G	Carbohydrate transport and metabolism
NODE_11496_length_7993_cov_4.586924_3	COG1023	223954	2.13e-153	60.067	YqeC	6-phosphogluconate dehydrogenase (decarboxylating)	G	Carbohydrate transport and metabolism
NODE_11496_length_7993_cov_4.586924_4	COG0176	223254	6.67e-38	20.442	TalA	Transaldolase/fructose-6-phosphate aldolase	G	Carbohydrate transport and metabolism
NODE_11496_length_7993_cov_4.586924_5	COG0698	223770	1.06e-61	49.324	RpiB	Ribose 5-phosphate isomerase RpiB	G	Carbohydrate transport and metabolism
NODE_11496_length_7993_cov_4.586924_6	COG0021	223100	0.0	55.963	TktA	Transketolase	G	Carbohydrate transport and metabolism
NODE_11563_length_7950_cov_5.566688_1	COG0433	223510	1.86e-33	34.078	HerA	Archaeal DNA helicase HerA or a related bacterial ATPase, contains HAS-barrel and ATPase domains	L	Replication, recombination and repair
NODE_11563_length_7950_cov_5.566688_2	COG1899	224811	1.23e-104	38.889	DYS1	Deoxyhypusine synthase	O	Posttranslational modification, protein turnover, chaperones
NODE_11563_length_7950_cov_5.566688_3	COG0210	223288	2.18e-16	19.82	UvrD	Superfamily I DNA or RNA helicase	L	Replication, recombination and repair
NODE_11563_length_7950_cov_5.566688_4	COG1201	224122	1.36e-113	25.856	Lhr	Lhr-like helicase	L	Replication, recombination and repair
NODE_11652_length_7898_cov_5.087339_1	COG0174	223252	2.13e-88	45.817	GlnA	Glutamine synthetase	E	Amino acid transport and metabolism
NODE_11652_length_7898_cov_5.087339_2	COG4639	226986	1.34e-15	35.652		Predicted kinase	R	General function prediction only
NODE_11652_length_7898_cov_5.087339_3	COG0768	223839	8.91e-61	26.18	FtsI	Cell division protein FtsI, peptidoglycan transpeptidase (Penicillin-binding protein 2)	D	Cell cycle control, cell division, chromosome partitioning
NODE_11652_length_7898_cov_5.087339_4	COG5542	227829	7.56e-08	23.81		Mannosyltransferase related to Gpi18	G	Carbohydrate transport and metabolism
NODE_11652_length_7898_cov_5.087339_5	COG1569	224485	2.21e-05	23.853		Predicted nucleic acid-binding protein, contains PIN domain	R	General function prediction only
NODE_11652_length_7898_cov_5.087339_9	COG3903	226418	2.41e-63	42.779		Predicted ATPase	R	General function prediction only
NODE_11673_length_7884_cov_4.889897_2	COG1562	224478	6.15e-72	44.803	ERG9	Phytoene/squalene synthetase	I	Lipid transport and metabolism
NODE_11673_length_7884_cov_4.889897_3	COG0003	223082	1.08e-93	40.994	ArsA	Anion-transporting ATPase, ArsA/GET3 family	P	Inorganic ion transport and metabolism
NODE_11673_length_7884_cov_4.889897_4	COG2204	225114	1.14e-21	32.8	AtoC	DNA-binding transcriptional response regulator, NtrC family, contains REC, AAA-type ATPase, and a Fis-type DNA-binding domains	T	Signal transduction mechanisms
NODE_11673_length_7884_cov_4.889897_10	COG0068	223146	0.005	46.667	HypF	Hydrogenase maturation factor HypF (carbamoyltransferase)	O	Posttranslational modification, protein turnover, chaperones
NODE_11821_length_7791_cov_5.756075_1	COG4213	226668	3.65e-17	35.052	XylF	ABC-type xylose transport system, periplasmic component	G	Carbohydrate transport and metabolism
NODE_11821_length_7791_cov_5.756075_2	COG2259	225168	6.54e-05	20.988	DoxX	Uncharacterized membrane protein YphA, DoxX/SURF4 family	S	Function unknown
NODE_11821_length_7791_cov_5.756075_3	COG0531	223605	5.09e-26	20.213	PotE	Serine transporter YbeC, amino acid:H+ symporter family	E	Amino acid transport and metabolism
NODE_11821_length_7791_cov_5.756075_5	COG4402	226836	3.94e-07	21.912		Uncharacterized conserved protein, DUF2330 domain	S	Function unknown
NODE_11861_length_7762_cov_6.033476_6	COG4249	226700	3.58e-12	25.837		Uncharacterized conserved protein, contains caspase domain	R	General function prediction only
NODE_11861_length_7762_cov_6.033476_9	COG1506	224423	4.25e-62	31.119	DAP2	Dipeptidyl aminopeptidase/acylaminoacyl peptidase	E	Amino acid transport and metabolism
NODE_11930_length_7721_cov_5.618054_3	COG1738	224652	0.001	15.217	YhhQ	Queuosine precursor transporter YhhQ, DUF165 family	J	Translation, ribosomal structure and biogenesis
NODE_11930_length_7721_cov_5.618054_5	COG1004	223936	0.0	52.37	Ugd	UDP-glucose 6-dehydrogenase	M	Cell wall/membrane/envelope biogenesis
NODE_11930_length_7721_cov_5.618054_6	COG1309	224228	2.08e-14	26.804	AcrR	DNA-binding protein, AcrR family, includes nucleoid occlusion protein SlmA	K	Transcription
NODE_11930_length_7721_cov_5.618054_7	COG2230	225139	3.25e-05	30.769	Cfa	Cyclopropane fatty-acyl-phospholipid synthase and related methyltransferases	I	Lipid transport and metabolism
NODE_11930_length_7721_cov_5.618054_8	COG4278	226728	0.000624	28.0		Uncharacterized conserved protein	S	Function unknown
NODE_11930_length_7721_cov_5.618054_9	COG2227	225137	1.2e-20	37.615	UbiG	2-polyprenyl-3-methyl-5-hydroxy-6-metoxy-1,4-benzoquinol methylase	H	Coenzyme transport and metabolism
NODE_11988_length_7690_cov_5.031303_3	COG0689	223761	4.77e-102	57.203	Rph	Ribonuclease PH	J	Translation, ribosomal structure and biogenesis
NODE_11988_length_7690_cov_5.031303_5	COG1917	224829	4e-06	28.75	QdoI	Cupin domain protein related to quercetin dioxygenase	R	General function prediction only
NODE_11988_length_7690_cov_5.031303_7	COG2127	225038	2.61e-13	28.0	ClpS	ATP-dependent Clp protease adapter protein ClpS	O	Posttranslational modification, protein turnover, chaperones
NODE_11988_length_7690_cov_5.031303_8	COG0646	223719	5.47e-101	41.158	MetH1	Methionine synthase I (cobalamin-dependent), methyltransferase domain	E	Amino acid transport and metabolism
NODE_11988_length_7690_cov_5.031303_9	COG0754	223825	2.07e-24	30.102	Gsp	Glutathionylspermidine synthase, CHAP domain	E	Amino acid transport and metabolism
NODE_11988_length_7690_cov_5.031303_11	COG4260	226711	0.000394	34.211	YdjI	Membrane protease subunit, stomatin/prohibitin family, contains C-terminal Zn-ribbon domain	O	Posttranslational modification, protein turnover, chaperones
NODE_12012_length_7680_cov_4.769049_2	COG1777	224691	3.28e-07	39.655		Predicted transcriptional regulator, ArsR family	K	Transcription
NODE_12012_length_7680_cov_4.769049_3	COG2319	225201	5.55e-36	34.135	WD40	WD40 repeat	R	General function prediction only
NODE_12012_length_7680_cov_4.769049_4	COG0079	223157	2.01e-95	37.43	HisC	Histidinol-phosphate/aromatic aminotransferase or cobyric acid decarboxylase	E	Amino acid transport and metabolism
NODE_12012_length_7680_cov_4.769049_5	COG2226	225136	7.58e-23	28.788	UbiE	Ubiquinone/menaquinone biosynthesis C-methylase UbiE/MenG	H	Coenzyme transport and metabolism
NODE_12012_length_7680_cov_4.769049_6	COG2814	225371	0.000664	19.174	AraJ	Predicted arabinose efflux permease AraJ, MFS family	G	Carbohydrate transport and metabolism
NODE_12012_length_7680_cov_4.769049_7	COG0640	223713	4.32e-09	37.681	ArsR	DNA-binding transcriptional regulator, ArsR family	K	Transcription
NODE_12012_length_7680_cov_4.769049_8	COG2246	225155	4.08e-15	24.427	GtrA	Putative flippase GtrA (transmembrane translocase of bactoprenol-linked glucose)	I	Lipid transport and metabolism
NODE_12035_length_7670_cov_6.016152_1	COG1344	224263	1.21e-39	33.681	FlgL	Flagellin and related hook-associated protein FlgL	N	Cell motility
NODE_12035_length_7670_cov_6.016152_2	COG0745	223816	2.33e-19	34.167	OmpR	DNA-binding response regulator, OmpR family, contains REC and winged-helix (wHTH) domain	T	Signal transduction mechanisms
NODE_12035_length_7670_cov_6.016152_4	COG1196	224117	7.75e-06	17.791	Smc	Chromosome segregation ATPase Smc	D	Cell cycle control, cell division, chromosome partitioning
NODE_12035_length_7670_cov_6.016152_5	COG1028	223959	1.24e-40	34.498	FabG	NAD(P)-dependent dehydrogenase, short-chain alcohol dehydrogenase family	I	Lipid transport and metabolism
NODE_12035_length_7670_cov_6.016152_6	COG0515	223589	6.41e-50	32.0	SPS1	Serine/threonine protein kinase	T	Signal transduction mechanisms
NODE_12072_length_7645_cov_4.093939_1	COG1013	223945	1.38e-57	30.249	PorB	Pyruvate:ferredoxin oxidoreductase or related 2-oxoacid:ferredoxin oxidoreductase, beta subunit	C	Energy production and conversion
NODE_12072_length_7645_cov_4.093939_2	COG0674	223746	2.31e-54	28.866	PorA	Pyruvate:ferredoxin oxidoreductase or related 2-oxoacid:ferredoxin oxidoreductase, alpha subunit	C	Energy production and conversion
NODE_12072_length_7645_cov_4.093939_3	COG0583	223656	6.25e-27	25.914	LysR	DNA-binding transcriptional regulator, LysR family	K	Transcription
NODE_12072_length_7645_cov_4.093939_4	COG3729	226252	0.005	28.358	GsiB	General stress protein YciG, contains tandem KGG domains	R	General function prediction only
NODE_12072_length_7645_cov_4.093939_5	COG1691	224605	2.5e-81	46.667		NCAIR mutase (PurE)-related protein	F	Nucleotide transport and metabolism
NODE_12072_length_7645_cov_4.093939_6	COG5373	227665	0.01	26.389		Uncharacterized membrane protein	S	Function unknown
NODE_12197_length_7576_cov_5.638080_1	COG3063	225605	0.000218	23.684	PilF	Type IV pilus assembly protein PilF/PilW	N	Cell motility
NODE_12197_length_7576_cov_5.638080_2	COG2226	225136	7.31e-12	27.193	UbiE	Ubiquinone/menaquinone biosynthesis C-methylase UbiE/MenG	H	Coenzyme transport and metabolism
NODE_12197_length_7576_cov_5.638080_3	COG1595	224511	7.39e-38	32.099	RpoE	DNA-directed RNA polymerase specialized sigma subunit, sigma24 family	K	Transcription
NODE_12197_length_7576_cov_5.638080_4	COG5662	227949	3.81e-05	22.314	RsiW	Transmembrane transcriptional regulator RsiW (anti-sigma-W factor)	K	Transcription
NODE_12197_length_7576_cov_5.638080_6	COG3153	225695	1.93e-08	24.648	yhbS	Predicted N-acetyltransferase YhbS	R	General function prediction only
NODE_12197_length_7576_cov_5.638080_7	COG1917	224829	0.001	27.273	QdoI	Cupin domain protein related to quercetin dioxygenase	R	General function prediction only
NODE_12197_length_7576_cov_5.638080_8	COG2197	225107	5.56e-19	36.275	CitB	DNA-binding response regulator, NarL/FixJ family, contains REC and HTH domains	T	Signal transduction mechanisms
NODE_12259_length_7546_cov_4.364704_1	COG1609	224525	1.13e-119	44.012	PurR	DNA-binding transcriptional regulator, LacI/PurR family	K	Transcription
NODE_12259_length_7546_cov_4.364704_2	COG0265	223343	1.23e-74	41.693	DegQ	Periplasmic serine protease, S1-C subfamily, contain C-terminal PDZ domain	O	Posttranslational modification, protein turnover, chaperones
NODE_12259_length_7546_cov_4.364704_4	COG1846	224759	1.25e-17	30.508	MarR	DNA-binding transcriptional regulator, MarR family	K	Transcription
NODE_12259_length_7546_cov_4.364704_5	COG2350	225225	1.08e-07	33.333	YciI	YciI superfamily enzyme, includes 5-CHQ dehydrochlorinase, contains active-site pHis	Q	Secondary metabolites biosynthesis, transport and catabolism
NODE_12259_length_7546_cov_4.364704_6	COG1309	224228	1.96e-15	22.727	AcrR	DNA-binding protein, AcrR family, includes nucleoid occlusion protein SlmA	K	Transcription
NODE_12259_length_7546_cov_4.364704_7	COG3127	225669	5.82e-33	25.151	YbbP	Predicted ABC-type transport system involved in lysophospholipase L1 biosynthesis, permease component	Q	Secondary metabolites biosynthesis, transport and catabolism
NODE_12355_length_7487_cov_5.397336_2	COG2120	225031	5.48e-39	30.894	LmbE	N-acetylglucosaminyl deacetylase, LmbE family	G	Carbohydrate transport and metabolism
NODE_12355_length_7487_cov_5.397336_3	COG1520	224437	3.62e-10	18.529	PQQ	Outer membrane protein assembly factor BamB, contains PQQ-like beta-propeller repeat	M	Cell wall/membrane/envelope biogenesis
NODE_12355_length_7487_cov_5.397336_4	COG1595	224511	3.99e-28	32.749	RpoE	DNA-directed RNA polymerase specialized sigma subunit, sigma24 family	K	Transcription
NODE_12355_length_7487_cov_5.397336_5	COG1225	224146	5.31e-58	56.731	Bcp	Peroxiredoxin	O	Posttranslational modification, protein turnover, chaperones
NODE_12355_length_7487_cov_5.397336_6	COG1225	224146	4.28e-08	47.826	Bcp	Peroxiredoxin	O	Posttranslational modification, protein turnover, chaperones
NODE_12355_length_7487_cov_5.397336_7	COG2246	225155	9.66e-10	26.119	GtrA	Putative flippase GtrA (transmembrane translocase of bactoprenol-linked glucose)	I	Lipid transport and metabolism
NODE_12355_length_7487_cov_5.397336_9	COG0745	223816	2.86e-08	33.333	OmpR	DNA-binding response regulator, OmpR family, contains REC and winged-helix (wHTH) domain	T	Signal transduction mechanisms
NODE_12360_length_7485_cov_6.196904_1	COG0601	223674	5.96e-114	43.027	DppB	ABC-type dipeptide/oligopeptide/nickel transport system, permease component	E	Amino acid transport and metabolism
NODE_12360_length_7485_cov_6.196904_3	COG0642	223715	1.45e-64	35.922	BaeS	Signal transduction histidine kinase	T	Signal transduction mechanisms
NODE_12360_length_7485_cov_6.196904_4	COG0745	223816	3.16e-82	46.087	OmpR	DNA-binding response regulator, OmpR family, contains REC and winged-helix (wHTH) domain	T	Signal transduction mechanisms
NODE_12360_length_7485_cov_6.196904_6	COG1075	224001	2.34e-11	24.0	EstA	Triacylglycerol esterase/lipase EstA, alpha/beta hydrolase fold	I	Lipid transport and metabolism
NODE_12360_length_7485_cov_6.196904_7	COG1240	224161	0.00029	22.543	ChlD	vWFA (von Willebrand factor type A) domain of Mg and Co chelatases	H	Coenzyme transport and metabolism
NODE_12439_length_7437_cov_5.081279_1	COG2170	225081	4.95e-13	33.333	YbdK	Gamma-glutamyl:cysteine ligase YbdK, ATP-grasp superfamily	O	Posttranslational modification, protein turnover, chaperones
NODE_12439_length_7437_cov_5.081279_2	COG0451	223528	4.65e-09	23.026	WcaG	Nucleoside-diphosphate-sugar epimerase	M	Cell wall/membrane/envelope biogenesis
NODE_12439_length_7437_cov_5.081279_3	COG1309	224228	4.72e-09	21.925	AcrR	DNA-binding protein, AcrR family, includes nucleoid occlusion protein SlmA	K	Transcription
NODE_12439_length_7437_cov_5.081279_4	COG0187	223265	0.0	56.713	GyrB	DNA gyrase/topoisomerase IV, subunit B	L	Replication, recombination and repair
NODE_12439_length_7437_cov_5.081279_5	COG0463	223539	7.99e-25	24.434	WcaA	Glycosyltransferase involved in cell wall bisynthesis	M	Cell wall/membrane/envelope biogenesis
NODE_12453_length_7425_cov_5.267164_2	COG0838	223908	7.78e-31	41.026	NuoA	NADH:ubiquinone oxidoreductase subunit 3 (chain A)	C	Energy production and conversion
NODE_12453_length_7425_cov_5.267164_3	COG0377	223454	4e-93	69.178	NuoB	NADH:ubiquinone oxidoreductase 20 kD subunit (chain B) or related Fe-S oxidoreductase	C	Energy production and conversion
NODE_12453_length_7425_cov_5.267164_5	COG0852	223921	7.15e-58	54.015	NuoC	NADH:ubiquinone oxidoreductase 27 kD subunit (chain C)	C	Energy production and conversion
NODE_12453_length_7425_cov_5.267164_6	COG5649	227936	0.003	33.962		Uncharacterized conserved protein, DUF1801 domain	S	Function unknown
NODE_12453_length_7425_cov_5.267164_7	COG0649	223722	0.0	56.923	NuoD	NADH:ubiquinone oxidoreductase 49 kD subunit (chain D)	C	Energy production and conversion
NODE_12453_length_7425_cov_5.267164_8	COG1905	224817	3.74e-59	42.208	NuoE	NADH:ubiquinone oxidoreductase 24 kD subunit (chain E)	C	Energy production and conversion
NODE_12530_length_7381_cov_5.462599_1	COG1220	224141	2.51e-80	68.841	HslU	ATP-dependent protease HslVU (ClpYQ), ATPase subunit HslU	O	Posttranslational modification, protein turnover, chaperones
NODE_12530_length_7381_cov_5.462599_2	COG5405	227692	3.89e-89	60.0	HslV	ATP-dependent protease HslVU (ClpYQ), peptidase subunit	O	Posttranslational modification, protein turnover, chaperones
NODE_12530_length_7381_cov_5.462599_3	COG0551	223625	1.89e-08	43.548	YrdD	DNA topoisomerase I, ssDNA-binding Zn-finger and Zn-ribbon domains	L	Replication, recombination and repair
NODE_12530_length_7381_cov_5.462599_4	COG0550	223624	0.0	45.813	TopA	DNA topoisomerase IA	L	Replication, recombination and repair
NODE_12530_length_7381_cov_5.462599_5	COG3536	226066	5.74e-12	27.66		Uncharacterized conserved protein, DUF971 family	S	Function unknown
NODE_12530_length_7381_cov_5.462599_6	COG1828	224741	4.07e-30	45.679	PurS	Phosphoribosylformylglycinamidine (FGAM) synthase, PurS subunit	F	Nucleotide transport and metabolism
NODE_12530_length_7381_cov_5.462599_8	COG3448	225979	2.59e-06	23.958		CBS-domain-containing membrane protein	T	Signal transduction mechanisms
NODE_12530_length_7381_cov_5.462599_11	COG1814	224727	6.73e-12	38.158	Ccc1	Predicted Fe2+/Mn2+ transporter, VIT1/CCC1 family	P	Inorganic ion transport and metabolism
NODE_12555_length_7370_cov_6.097198_1	COG0145	223223	1.6e-87	45.118	HyuA	N-methylhydantoinase A/oxoprolinase/acetone carboxylase, beta subunit	E	Amino acid transport and metabolism
NODE_12555_length_7370_cov_6.097198_3	COG1268	224187	1.05e-34	43.137	BioY	Biotin transporter BioY	H	Coenzyme transport and metabolism
NODE_12555_length_7370_cov_6.097198_5	COG0789	223860	8.81e-25	34.545	SoxR	DNA-binding transcriptional regulator, MerR family	K	Transcription
NODE_12555_length_7370_cov_6.097198_7	COG1194	224115	2.01e-93	44.068	MutY	Adenine-specific DNA glycosylase, acts on AG and A-oxoG pairs	L	Replication, recombination and repair
NODE_12709_length_7297_cov_6.031345_1	COG0206	223284	6.11e-31	45.263	FtsZ	Cell division GTPase FtsZ	D	Cell cycle control, cell division, chromosome partitioning
NODE_12709_length_7297_cov_6.031345_3	COG0400	223477	8.57e-11	22.449	YpfH	Predicted esterase	R	General function prediction only
NODE_12709_length_7297_cov_6.031345_4	COG0541	223615	0.0	56.319	Ffh	Signal recognition particle GTPase	U	Intracellular trafficking, secretion, and vesicular transport
NODE_12709_length_7297_cov_6.031345_5	COG0598	223671	1.01e-41	26.087	CorA	Mg2+ and Co2+ transporter CorA	P	Inorganic ion transport and metabolism
NODE_12709_length_7297_cov_6.031345_6	COG3439	225972	1.24e-16	34.375		Uncharacterized conserved protein, DUF302 family	S	Function unknown
NODE_12709_length_7297_cov_6.031345_8	COG0675	223747	3.19e-08	23.837	InsQ	Transposase	X	Mobilome: prophages, transposons
NODE_12732_length_7282_cov_6.210876_1	COG1432	224349	1.2e-25	32.919	LabA	NYN domain, predicted PIN-related RNAse, tRNA/rRNA maturation	R	General function prediction only
NODE_12732_length_7282_cov_6.210876_4	COG0596	223669	5.23e-29	28.72	MenH	2-succinyl-6-hydroxy-2,4-cyclohexadiene-1-carboxylate synthase MenH and related esterases, alpha/beta hydrolase fold	H	Coenzyme transport and metabolism
NODE_12732_length_7282_cov_6.210876_5	COG0702	223774	7.71e-34	26.69	YbjT	Uncharacterized conserved protein YbjT, contains NAD(P)-binding and DUF2867 domains	R	General function prediction only
NODE_12836_length_7235_cov_5.743454_3	COG5635	227922	1.85e-05	39.13	NACHT	Predicted NTPase, NACHT family domain	T	Signal transduction mechanisms
NODE_12836_length_7235_cov_5.743454_7	COG0166	223244	0.0	49.383	Pgi	Glucose-6-phosphate isomerase	G	Carbohydrate transport and metabolism
NODE_12891_length_7207_cov_3.918904_1	COG1208	224129	2.33e-122	38.172	GCD1	NDP-sugar pyrophosphorylase, includes eIF-2Bgamma, eIF-2Bepsilon, and LPS biosynthesis protein s	J	Translation, ribosomal structure and biogenesis
NODE_12891_length_7207_cov_3.918904_2	COG5542	227829	1.34e-11	26.667		Mannosyltransferase related to Gpi18	G	Carbohydrate transport and metabolism
NODE_12891_length_7207_cov_3.918904_3	COG2812	225369	1.35e-131	46.526	DnaX	DNA polymerase III, gamma/tau subunits	L	Replication, recombination and repair
NODE_12905_length_7196_cov_5.666433_1	COG0784	223855	2.42e-29	42.735	CheY	CheY-like REC (receiver) domain, includes chemotaxis protein CheY  and sporulation regulator Spo0F	T	Signal transduction mechanisms
NODE_12905_length_7196_cov_5.666433_7	COG0744	223815	2.03e-104	26.996	MrcB	Penicillin-binding protein 1B/1F, peptidoglycan  transglycosylase/transpeptidase	M	Cell wall/membrane/envelope biogenesis
NODE_12945_length_7176_cov_5.332116_1	COG1814	224727	3.86e-05	24.752	Ccc1	Predicted Fe2+/Mn2+ transporter, VIT1/CCC1 family	P	Inorganic ion transport and metabolism
NODE_12945_length_7176_cov_5.332116_4	COG0031	223110	2.4e-144	57.333	CysK	Cysteine synthase	E	Amino acid transport and metabolism
NODE_12945_length_7176_cov_5.332116_5	COG1274	224193	0.0	55.946	PepCK	Phosphoenolpyruvate carboxykinase, GTP-dependent	C	Energy production and conversion
NODE_12945_length_7176_cov_5.332116_6	COG2226	225136	2.53e-19	33.654	UbiE	Ubiquinone/menaquinone biosynthesis C-methylase UbiE/MenG	H	Coenzyme transport and metabolism
NODE_12945_length_7176_cov_5.332116_7	COG2442	225291	2.25e-12	37.255		Predicted antitoxin component of a toxin-antitoxin system, DUF433 family	V	Defense mechanisms
NODE_13054_length_7112_cov_5.313731_1	COG0451	223528	3.96e-30	39.041	WcaG	Nucleoside-diphosphate-sugar epimerase	M	Cell wall/membrane/envelope biogenesis
NODE_13054_length_7112_cov_5.313731_3	COG4221	226674	3.48e-76	45.85	YdfG	NADP-dependent 3-hydroxy acid dehydrogenase YdfG	C	Energy production and conversion
NODE_13071_length_7102_cov_5.801618_1	COG1611	224527	4.3e-30	47.436	PpnN	Nucleotide monophosphate nucleosidase PpnN/YdgH, Lonely Guy (LOG) family	F	Nucleotide transport and metabolism
NODE_13071_length_7102_cov_5.801618_2	COG1550	224467	7.94e-24	38.71	YlxP	Stress-induced protein YlxP, DUF503 family	S	Function unknown
NODE_13071_length_7102_cov_5.801618_3	COG1432	224349	8.87e-09	30.682	LabA	NYN domain, predicted PIN-related RNAse, tRNA/rRNA maturation	R	General function prediction only
NODE_13071_length_7102_cov_5.801618_4	COG1403	224321	1e-09	23.636	McrA	5-methylcytosine-specific restriction endonuclease McrA	V	Defense mechanisms
NODE_13071_length_7102_cov_5.801618_5	COG4319	226769	2.04e-05	26.667	YybH	Ketosteroid isomerase homolog YybH	R	General function prediction only
NODE_13121_length_7078_cov_9.691727_1	COG0265	223343	7.16e-06	33.333	DegQ	Periplasmic serine protease, S1-C subfamily, contain C-terminal PDZ domain	O	Posttranslational modification, protein turnover, chaperones
NODE_13121_length_7078_cov_9.691727_2	COG2197	225107	1.16e-41	33.79	CitB	DNA-binding response regulator, NarL/FixJ family, contains REC and HTH domains	T	Signal transduction mechanisms
NODE_13121_length_7078_cov_9.691727_3	COG1164	224086	1.44e-69	32.143	PepF	Oligoendopeptidase F	E	Amino acid transport and metabolism
NODE_13121_length_7078_cov_9.691727_6	COG1092	224017	7.3e-133	46.939	RlmK	23S rRNA G2069 N7-methylase RlmK or C1962 C5-methylase RlmI	J	Translation, ribosomal structure and biogenesis
NODE_13121_length_7078_cov_9.691727_7	COG0823	223893	1.81e-06	26.087	TolB	Periplasmic component TolB of the Tol biopolymer transport system	U	Intracellular trafficking, secretion, and vesicular transport
NODE_13121_length_7078_cov_9.691727_8	COG0179	223257	4.03e-106	46.768	YcgM	2-keto-4-pentenoate hydratase/2-oxohepta-3-ene-1,7-dioic acid hydratase (catechol pathway)	Q	Secondary metabolites biosynthesis, transport and catabolism
NODE_13162_length_7059_cov_5.656910_2	COG1943	224854	1.8e-12	26.05	RAYT	REP element-mobilizing transposase RayT	X	Mobilome: prophages, transposons
NODE_13162_length_7059_cov_5.656910_3	COG3278	225817	2.58e-106	32.548	CcoN	Cbb3-type cytochrome oxidase, subunit 1	C	Energy production and conversion
NODE_13162_length_7059_cov_5.656910_5	COG2993	225540	7.1e-34	41.964	CcoO	Cbb3-type cytochrome oxidase, cytochrome c subunit FixO	C	Energy production and conversion
NODE_13162_length_7059_cov_5.656910_11	COG0053	223131	0.002	31.034	FieF	Divalent metal cation (Fe/Co/Zn/Cd) efflux pump	P	Inorganic ion transport and metabolism
NODE_13165_length_7058_cov_4.644438_1	COG0629	223702	7.89e-31	45.946	Ssb	Single-stranded DNA-binding protein	L	Replication, recombination and repair
NODE_13165_length_7058_cov_4.644438_2	COG0360	223437	2.94e-26	38.636	RpsF	Ribosomal protein S6	J	Translation, ribosomal structure and biogenesis
NODE_13165_length_7058_cov_4.644438_3	COG1309	224228	4.16e-09	25.143	AcrR	DNA-binding protein, AcrR family, includes nucleoid occlusion protein SlmA	K	Transcription
NODE_13165_length_7058_cov_4.644438_5	COG0675	223747	5.24e-27	17.742	InsQ	Transposase	X	Mobilome: prophages, transposons
NODE_13165_length_7058_cov_4.644438_6	COG0618	223691	7.21e-43	26.408	NrnA	nanoRNase/pAp phosphatase, hydrolyzes c-di-AMP and oligoRNAs	F	Nucleotide transport and metabolism
NODE_13165_length_7058_cov_4.644438_7	COG0858	223927	1.08e-39	42.105	RbfA	Ribosome-binding factor RbfA	J	Translation, ribosomal structure and biogenesis
NODE_13165_length_7058_cov_4.644438_8	COG0532	223606	0.0	58.847	InfB	Translation initiation factor IF-2, a GTPase	J	Translation, ribosomal structure and biogenesis
NODE_13231_length_7018_cov_6.191153_2	COG4995	227328	3.64e-46	32.27		Uncharacterized conserved protein, contains CHAT domain	S	Function unknown
NODE_13231_length_7018_cov_6.191153_3	COG1404	224322	0.000555	20.619	AprE	Serine protease, subtilisin family	O	Posttranslational modification, protein turnover, chaperones
NODE_13231_length_7018_cov_6.191153_4	COG1807	224720	2.03e-06	20.0	ArnT	PMT family glycosyltransferase ArnT/Agl22, involved in glycosylation of proteins and lipid IVA	M	Cell wall/membrane/envelope biogenesis
NODE_13275_length_6995_cov_5.229395_2	COG0030	223109	3.59e-53	29.921	RsmA	16S rRNA A1518 and A1519 N6-dimethyltransferase RsmA/KsgA/DIM1 (may also have DNA glycosylase/AP lyase activity)	J	Translation, ribosomal structure and biogenesis
NODE_13275_length_6995_cov_5.229395_4	COG2442	225291	8.01e-05	23.636		Predicted antitoxin component of a toxin-antitoxin system, DUF433 family	V	Defense mechanisms
NODE_13275_length_6995_cov_5.229395_7	COG1007	223939	4.14e-107	39.876	NuoN	NADH:ubiquinone oxidoreductase subunit 2 (chain N)	C	Energy production and conversion
NODE_13275_length_6995_cov_5.229395_8	COG1008	223940	2.77e-155	42.829	NuoM	NADH:ubiquinone oxidoreductase subunit 4 (chain M)	C	Energy production and conversion
NODE_13290_length_6989_cov_4.539515_5	COG3752	226275	2.17e-38	30.268		Steroid 5-alpha reductase family enzyme	R	General function prediction only
NODE_13290_length_6989_cov_4.539515_8	COG2226	225136	3.74e-13	24.806	UbiE	Ubiquinone/menaquinone biosynthesis C-methylase UbiE/MenG	H	Coenzyme transport and metabolism
NODE_13306_length_6979_cov_4.950607_1	COG2146	225057	4.01e-10	38.333	NirD	Ferredoxin subunit of nitrite reductase or a ring-hydroxylating dioxygenase	P	Inorganic ion transport and metabolism
NODE_13306_length_6979_cov_4.950607_2	COG1752	224666	2e-42	28.571	RssA	Predicted acylesterase/phospholipase RssA, containd patatin domain	R	General function prediction only
NODE_13306_length_6979_cov_4.950607_3	COG2246	225155	2.24e-12	26.119	GtrA	Putative flippase GtrA (transmembrane translocase of bactoprenol-linked glucose)	I	Lipid transport and metabolism
NODE_13306_length_6979_cov_4.950607_4	COG1695	224609	1.75e-24	41.86	PadR	DNA-binding transcriptional regulator, PadR family	K	Transcription
NODE_13306_length_6979_cov_4.950607_5	COG1652	224566	8.72e-05	32.258	XkdP	Cytoplasmic potassium-binding protein Kbp/XkdP/YgaU, contains LysM domain	P	Inorganic ion transport and metabolism
NODE_13306_length_6979_cov_4.950607_7	COG1131	224054	1e-102	38.138	CcmA	ABC-type multidrug transport system, ATPase component	V	Defense mechanisms
NODE_13335_length_6962_cov_4.415955_1	COG2274	225183	6.64e-49	60.748	SunT	ABC-type bacteriocin/lantibiotic exporters, contain an N-terminal double-glycine peptidase domain	V	Defense mechanisms
NODE_13335_length_6962_cov_4.415955_2	COG1764	224678	1.58e-17	22.535	OsmC	Organic hydroperoxide reductase OsmC/OhrA	V	Defense mechanisms
NODE_13335_length_6962_cov_4.415955_3	COG0607	223680	1.31e-28	45.455	PspE	Rhodanese-related sulfurtransferase	P	Inorganic ion transport and metabolism
NODE_13335_length_6962_cov_4.415955_4	COG3576	226105	5.91e-05	21.429		Predicted flavin-nucleotide-binding protein, pyridoxine 5'-phosphate oxidase superfamily	R	General function prediction only
NODE_13335_length_6962_cov_4.415955_5	COG1804	224717	5.01e-157	50.758	CaiB	Crotonobetainyl-CoA:carnitine CoA-transferase CaiB and related acyl-CoA transferases	I	Lipid transport and metabolism
NODE_13335_length_6962_cov_4.415955_6	COG1070	223996	2.89e-129	39.794	XylB	Sugar (pentulose or hexulose) kinase	G	Carbohydrate transport and metabolism
NODE_13335_length_6962_cov_4.415955_7	COG1233	224154	5.02e-103	31.845		Phytoene dehydrogenase-related protein	Q	Secondary metabolites biosynthesis, transport and catabolism
NODE_13509_length_6879_cov_5.992233_1	COG4934	227270	9.11e-56	28.596		Serine protease, subtilase family	O	Posttranslational modification, protein turnover, chaperones
NODE_13509_length_6879_cov_5.992233_3	COG4412	226841	3.08e-19	26.829		Bacillopeptidase F, M6 metalloprotease family	O	Posttranslational modification, protein turnover, chaperones
NODE_13509_length_6879_cov_5.992233_4	COG1082	224007	0.000831	35.484	YcjR	Sugar phosphate isomerase/epimerase	G	Carbohydrate transport and metabolism
NODE_13608_length_6835_cov_5.653835_1	COG0654	223727	4.48e-15	37.5	UbiH	2-polyprenyl-6-methoxyphenol hydroxylase and related FAD-dependent oxidoreductases	H	Coenzyme transport and metabolism
NODE_13608_length_6835_cov_5.653835_2	COG2814	225371	2.26e-19	21.827	AraJ	Predicted arabinose efflux permease AraJ, MFS family	G	Carbohydrate transport and metabolism
NODE_13608_length_6835_cov_5.653835_3	COG2124	225035	1.61e-64	35.127	CypX	Cytochrome P450	Q	Secondary metabolites biosynthesis, transport and catabolism
NODE_13608_length_6835_cov_5.653835_4	COG4552	226925	1.44e-05	35.294	Eis	Predicted acetyltransferase	R	General function prediction only
NODE_13608_length_6835_cov_5.653835_5	COG1449	224366	7.64e-86	33.492		Alpha-amylase/alpha-mannosidase, GH57 family	G	Carbohydrate transport and metabolism
NODE_13632_length_6821_cov_5.277712_2	COG2936	225487	1.82e-141	39.333		Predicted acyl esterase	R	General function prediction only
NODE_13632_length_6821_cov_5.277712_3	COG0622	223695	3.93e-09	19.048	YfcE	Predicted phosphodiesterase, calcineurin family	R	General function prediction only
NODE_13632_length_6821_cov_5.277712_4	COG0424	223501	4.1e-70	46.667	Maf	7-methyl-GTP pyrophosphatase and related NTP pyrophosphatases, Maf/HAM1 superfamily	Q	Secondary metabolites biosynthesis, transport and catabolism
NODE_13632_length_6821_cov_5.277712_5	COG1996	224907	0.003	43.333	RPC10	DNA-directed RNA polymerase, subunit RPC12/RpoP, contains C4-type Zn-finger	K	Transcription
NODE_13652_length_6812_cov_4.733314_1	COG1028	223959	8.24e-48	35.448	FabG	NAD(P)-dependent dehydrogenase, short-chain alcohol dehydrogenase family	I	Lipid transport and metabolism
NODE_13652_length_6812_cov_4.733314_2	COG3875	226392	1.72e-35	25.843	LarA	Nickel-dependent lactate racemase	M	Cell wall/membrane/envelope biogenesis
NODE_13652_length_6812_cov_4.733314_3	COG1028	223959	9.71e-59	41.961	FabG	NAD(P)-dependent dehydrogenase, short-chain alcohol dehydrogenase family	I	Lipid transport and metabolism
NODE_13652_length_6812_cov_4.733314_4	COG2423	225280	1.11e-101	41.641	OCDMu	Ornithine cyclodeaminase/archaeal alanine dehydrogenase, mu-crystallin family	E	Amino acid transport and metabolism
NODE_13652_length_6812_cov_4.733314_5	COG2361	225236	1.04e-26	37.168	HEPN	HEPN domain protein, predicted toxin of MNT-HEPN system	V	Defense mechanisms
NODE_13652_length_6812_cov_4.733314_6	COG1669	224583	6.7e-24	46.237	MJ0435	Predicted nucleotidyltransferase MJ0435	R	General function prediction only
NODE_13652_length_6812_cov_4.733314_7	COG0745	223816	9.33e-25	33.058	OmpR	DNA-binding response regulator, OmpR family, contains REC and winged-helix (wHTH) domain	T	Signal transduction mechanisms
NODE_13652_length_6812_cov_4.733314_8	COG0642	223715	7.36e-46	34.158	BaeS	Signal transduction histidine kinase	T	Signal transduction mechanisms
NODE_13712_length_6785_cov_5.394799_2	COG1716	224630	3.87e-12	39.394	FHA	Forkhead associated (FHA) domain, binds pSer, pThr, pTyr	T	Signal transduction mechanisms
NODE_13712_length_6785_cov_5.394799_3	COG0515	223589	1.58e-61	33.451	SPS1	Serine/threonine protein kinase	T	Signal transduction mechanisms
NODE_13712_length_6785_cov_5.394799_4	COG0613	223686	3.16e-28	28.436	YciV	5'-3' exoribonuclease TrpH/YciV (RNase AM), contains PHP domain	F	Nucleotide transport and metabolism
NODE_13712_length_6785_cov_5.394799_7	COG0743	223814	0.0	51.571	Dxr	1-deoxy-D-xylulose 5-phosphate reductoisomerase	I	Lipid transport and metabolism
NODE_13712_length_6785_cov_5.394799_8	COG0750	223821	2.42e-59	34.921	RseP	Membrane-associated protease RseP, regulator of RpoE activity	O	Posttranslational modification, protein turnover, chaperones
NODE_13712_length_6785_cov_5.394799_9	COG0491	223565	4.39e-09	44.068	GloB	Glyoxylase or a related metal-dependent hydrolase, beta-lactamase superfamily II	R	General function prediction only
NODE_13732_length_6776_cov_4.599018_1	COG0457	223533	7.44e-05	21.477	TPR	Tetratricopeptide (TPR) repeat	R	General function prediction only
NODE_13732_length_6776_cov_4.599018_2	COG1835	224748	5.02e-24	21.588	OafA	Peptidoglycan/LPS O-acetylase OafA/YrhL, contains acyltransferase and SGNH-hydrolase domains	M	Cell wall/membrane/envelope biogenesis
NODE_13853_length_6710_cov_4.634861_1	COG1559	224475	5.48e-30	23.052	MltG	Endolytic transglycosylase MltG, terminates peptidoglycan polymerization	M	Cell wall/membrane/envelope biogenesis
NODE_13853_length_6710_cov_4.634861_2	COG1559	224475	1.28e-37	22.274	MltG	Endolytic transglycosylase MltG, terminates peptidoglycan polymerization	M	Cell wall/membrane/envelope biogenesis
NODE_13853_length_6710_cov_4.634861_3	COG0816	223886	3.7e-37	40.0	YqgF	YqgF/RuvX protein, pre-16S rRNA maturation RNase/Holliday junction resolvase/anti-termination factor	J	Translation, ribosomal structure and biogenesis
NODE_13853_length_6710_cov_4.634861_4	COG0789	223860	3.32e-11	23.288	SoxR	DNA-binding transcriptional regulator, MerR family	K	Transcription
NODE_13853_length_6710_cov_4.634861_5	COG0007	223086	1.96e-116	63.008	CysG	Uroporphyrinogen-III methylase (siroheme synthase)	H	Coenzyme transport and metabolism
NODE_13921_length_6686_cov_5.346705_1	COG0420	223497	3.9e-19	33.784	SbcD	DNA repair exonuclease SbcCD nuclease subunit	L	Replication, recombination and repair
NODE_13921_length_6686_cov_5.346705_2	COG4636	226983	9.56e-16	27.895	Uma2	Endonuclease, Uma2 family (restriction endonuclease fold)	R	General function prediction only
NODE_13921_length_6686_cov_5.346705_3	COG3153	225695	5.18e-05	33.333	yhbS	Predicted N-acetyltransferase YhbS	R	General function prediction only
NODE_13921_length_6686_cov_5.346705_4	COG4453	226860	3.3e-18	41.772		Uncharacterized conserved protein, DUF1778 family	S	Function unknown
NODE_13921_length_6686_cov_5.346705_8	COG0761	223832	1.9e-110	45.238	IspH	4-Hydroxy-3-methylbut-2-enyl diphosphate reductase IspH	I	Lipid transport and metabolism
NODE_13921_length_6686_cov_5.346705_9	COG1506	224423	2.06e-15	42.029	DAP2	Dipeptidyl aminopeptidase/acylaminoacyl peptidase	E	Amino acid transport and metabolism
NODE_13985_length_6655_cov_5.657576_3	COG2343	225220	4.57e-39	43.878		Uncharacterized conserved protein, DUF427 family	S	Function unknown
NODE_13985_length_6655_cov_5.657576_4	COG0516	223590	1.21e-36	51.02	GuaB	IMP dehydrogenase/GMP reductase	F	Nucleotide transport and metabolism
NODE_13985_length_6655_cov_5.657576_6	COG2070	224981	5.63e-86	42.566	YrpB	NAD(P)H-dependent flavin oxidoreductase YrpB, nitropropane dioxygenase family	R	General function prediction only
NODE_13985_length_6655_cov_5.657576_7	COG0456	223532	1.75e-10	18.182	RimI	Ribosomal protein S18 acetylase RimI and related acetyltransferases	J	Translation, ribosomal structure and biogenesis
NODE_13985_length_6655_cov_5.657576_8	COG4705	227049	5.89e-15	37.5		Uncharacterized membrane-anchored protein	S	Function unknown
NODE_13986_length_6655_cov_5.571364_2	COG4692	227036	0.01	32.857		Predicted neuraminidase (sialidase)	G	Carbohydrate transport and metabolism
NODE_13986_length_6655_cov_5.571364_3	COG1669	224583	6.36e-05	28.947	MJ0435	Predicted nucleotidyltransferase MJ0435	R	General function prediction only
NODE_13986_length_6655_cov_5.571364_7	COG1403	224321	2.94e-06	33.333	McrA	5-methylcytosine-specific restriction endonuclease McrA	V	Defense mechanisms
NODE_14005_length_6649_cov_4.868972_1	COG0022	223101	1.07e-92	59.358	AcoB	Pyruvate/2-oxoglutarate/acetoin dehydrogenase complex, dehydrogenase (E1) component, beta subunit	C	Energy production and conversion
NODE_14005_length_6649_cov_4.868972_2	COG1071	223997	5.55e-95	41.06	AcoA	TPP-dependent pyruvate or acetoin dehydrogenase subunit alpha	C	Energy production and conversion
NODE_14005_length_6649_cov_4.868972_5	COG1403	224321	3.09e-10	36.538	McrA	5-methylcytosine-specific restriction endonuclease McrA	V	Defense mechanisms
NODE_14005_length_6649_cov_4.868972_7	COG0463	223539	8.31e-21	21.277	WcaA	Glycosyltransferase involved in cell wall bisynthesis	M	Cell wall/membrane/envelope biogenesis
NODE_14008_length_6648_cov_5.295768_2	COG0006	223085	3.13e-23	23.28	PepP	Xaa-Pro aminopeptidase	E	Amino acid transport and metabolism
NODE_14008_length_6648_cov_5.295768_4	COG2204	225114	2.89e-18	35.246	AtoC	DNA-binding transcriptional response regulator, NtrC family, contains REC, AAA-type ATPase, and a Fis-type DNA-binding domains	T	Signal transduction mechanisms
NODE_14008_length_6648_cov_5.295768_6	COG1472	224389	7.25e-59	30.499	BglX	Periplasmic beta-glucosidase and related glycosidases	G	Carbohydrate transport and metabolism
NODE_14008_length_6648_cov_5.295768_7	COG1472	224389	1.16e-54	31.232	BglX	Periplasmic beta-glucosidase and related glycosidases	G	Carbohydrate transport and metabolism
NODE_14008_length_6648_cov_5.295768_8	COG1595	224511	2.65e-14	32.432	RpoE	DNA-directed RNA polymerase specialized sigma subunit, sigma24 family	K	Transcription
NODE_14132_length_6594_cov_5.262425_1	COG0411	223488	4.99e-80	33.978	LivG	ABC-type branched-chain amino acid transport system, ATPase component LivG	E	Amino acid transport and metabolism
NODE_14132_length_6594_cov_5.262425_3	COG2128	225039	2.88e-05	37.879	YciW	Alkylhydroperoxidase family enzyme, contains CxxC motif	P	Inorganic ion transport and metabolism
NODE_14132_length_6594_cov_5.262425_4	COG0784	223855	3.56e-17	30.0	CheY	CheY-like REC (receiver) domain, includes chemotaxis protein CheY  and sporulation regulator Spo0F	T	Signal transduction mechanisms
NODE_14132_length_6594_cov_5.262425_5	COG0784	223855	2.27e-15	30.579	CheY	CheY-like REC (receiver) domain, includes chemotaxis protein CheY  and sporulation regulator Spo0F	T	Signal transduction mechanisms
NODE_14153_length_6583_cov_4.768229_1	COG0593	223666	2.46e-110	38.083	DnaA	Chromosomal replication initiation ATPase DnaA	L	Replication, recombination and repair
NODE_14153_length_6583_cov_4.768229_2	COG1484	224401	1.56e-29	31.443	DnaC	DNA replication protein DnaC	L	Replication, recombination and repair
NODE_14153_length_6583_cov_4.768229_3	COG3935	226445	7.49e-09	36.923	DnaD	DNA replication protein DnaD	L	Replication, recombination and repair
NODE_14153_length_6583_cov_4.768229_4	COG0305	223382	2.67e-168	51.036	DnaB	Replicative DNA helicase	L	Replication, recombination and repair
NODE_14290_length_6527_cov_5.207664_1	COG1968	224879	1.09e-14	28.689	UppP	Undecaprenyl pyrophosphate phosphatase	I	Lipid transport and metabolism
NODE_14290_length_6527_cov_5.207664_3	COG2312	225194	4.04e-16	28.467	YbfO	Erythromycin esterase homolog	Q	Secondary metabolites biosynthesis, transport and catabolism
NODE_14290_length_6527_cov_5.207664_4	COG2041	224952	8.56e-30	31.646	MsrP	Molybdopterin-dependent catalytic subunit of periplasmic DMSO/TMAO and protein-methionine-sulfoxide reductases	C	Energy production and conversion
NODE_14301_length_6521_cov_4.865759_3	COG0383	223460	1.15e-179	33.722	MngB	Alpha-mannosidase	G	Carbohydrate transport and metabolism
NODE_14301_length_6521_cov_4.865759_4	COG3568	226098	1.28e-15	22.985	ElsH	Metal-dependent hydrolase, endonuclease/exonuclease/phosphatase family	R	General function prediction only
NODE_14320_length_6512_cov_5.867121_1	COG1190	224111	0.0	51.67	LysU	Lysyl-tRNA synthetase (class II)	J	Translation, ribosomal structure and biogenesis
NODE_14320_length_6512_cov_5.867121_2	COG4591	226957	0.005	25.974	LolE	ABC-type transport system involved in lipoprotein release, permease component LolC	M	Cell wall/membrane/envelope biogenesis
NODE_14320_length_6512_cov_5.867121_4	COG0861	223930	1.55e-24	23.457	TerC	Tellurite resistance membrane protein TerC	P	Inorganic ion transport and metabolism
NODE_14320_length_6512_cov_5.867121_5	COG0456	223532	0.005	23.077	RimI	Ribosomal protein S18 acetylase RimI and related acetyltransferases	J	Translation, ribosomal structure and biogenesis
NODE_14435_length_6467_cov_5.003743_1	COG0465	223541	2.29e-109	50.495	HflB	ATP-dependent Zn proteases	O	Posttranslational modification, protein turnover, chaperones
NODE_14435_length_6467_cov_5.003743_2	COG0514	223588	0.0	47.954	RecQ	Superfamily II DNA helicase RecQ	L	Replication, recombination and repair
NODE_14435_length_6467_cov_5.003743_3	COG0236	223314	4.23e-20	56.338	AcpP	Acyl carrier protein	I	Lipid transport and metabolism
NODE_14435_length_6467_cov_5.003743_4	COG0781	223852	3.73e-34	37.143	NusB	Transcription antitermination protein NusB	K	Transcription
NODE_14435_length_6467_cov_5.003743_5	COG1302	224221	2.8e-19	26.415	YloU	Uncharacterized conserved protein YloU, alkaline shock protein (Asp23) family	S	Function unknown
NODE_14435_length_6467_cov_5.003743_6	COG1028	223959	1.8e-67	51.587	FabG	NAD(P)-dependent dehydrogenase, short-chain alcohol dehydrogenase family	I	Lipid transport and metabolism
NODE_14435_length_6467_cov_5.003743_8	COG0331	223408	1.67e-20	42.169	FabD	Malonyl CoA-acyl carrier protein transacylase	I	Lipid transport and metabolism
NODE_14554_length_6422_cov_4.756871_1	COG0723	223795	6.16e-15	20.0	QcrA/PetC	Rieske Fe-S protein	C	Energy production and conversion
NODE_14554_length_6422_cov_4.756871_2	COG1290	224209	1.84e-10	26.613	QcrB/PetB	Cytochrome b subunit of the bc complex	C	Energy production and conversion
NODE_14554_length_6422_cov_4.756871_3	COG1290	224209	4.05e-49	36.449	QcrB/PetB	Cytochrome b subunit of the bc complex	C	Energy production and conversion
NODE_14554_length_6422_cov_4.756871_4	COG3685	226210	4.62e-24	30.201	YciE	Ferritin-like metal-binding protein YciE	P	Inorganic ion transport and metabolism
NODE_14554_length_6422_cov_4.756871_5	COG0842	223912	1.93e-08	22.979	YadH	ABC-type multidrug transport system, permease component	V	Defense mechanisms
NODE_14554_length_6422_cov_4.756871_6	COG1131	224054	2.29e-92	40.55	CcmA	ABC-type multidrug transport system, ATPase component	V	Defense mechanisms
NODE_14555_length_6421_cov_6.188501_1	COG0061	223139	1.75e-75	36.429	NadK	NAD kinase	H	Coenzyme transport and metabolism
NODE_14555_length_6421_cov_6.188501_2	COG4636	226983	3.67e-08	26.168	Uma2	Endonuclease, Uma2 family (restriction endonuclease fold)	R	General function prediction only
NODE_14555_length_6421_cov_6.188501_3	COG2442	225291	2.85e-13	42.222		Predicted antitoxin component of a toxin-antitoxin system, DUF433 family	V	Defense mechanisms
NODE_14555_length_6421_cov_6.188501_5	COG0210	223288	3.87e-110	41.769	UvrD	Superfamily I DNA or RNA helicase	L	Replication, recombination and repair
NODE_14560_length_6419_cov_5.200974_1	COG1403	224321	3.38e-09	35.938	McrA	5-methylcytosine-specific restriction endonuclease McrA	V	Defense mechanisms
NODE_14560_length_6419_cov_5.200974_2	COG0294	223371	3.37e-73	43.066	FolP	Dihydropteroate synthase	H	Coenzyme transport and metabolism
NODE_14560_length_6419_cov_5.200974_3	COG1331	224250	0.000551	25.51	YyaL	Uncharacterized conserved protein YyaL, SSP411 family, contains thoiredoxin and six-hairpin glycosidase-like domains	R	General function prediction only
NODE_14560_length_6419_cov_5.200974_4	COG0564	223638	1.4e-104	48.464	RluA	Pseudouridine synthase RluA, 23S rRNA- or tRNA-specific	J	Translation, ribosomal structure and biogenesis
NODE_14560_length_6419_cov_5.200974_5	COG0597	223670	1.18e-43	37.908	LspA	Lipoprotein signal peptidase	M	Cell wall/membrane/envelope biogenesis
NODE_14560_length_6419_cov_5.200974_6	COG1734	224648	4.75e-15	27.273	DksA	RNA polymerase-binding transcription factor DksA	K	Transcription
NODE_14566_length_6415_cov_5.438050_1	COG0300	223377	2.36e-48	27.675	YqjQ	Short-chain dehydrogenase	R	General function prediction only
NODE_14566_length_6415_cov_5.438050_2	COG0745	223816	1.59e-20	33.613	OmpR	DNA-binding response regulator, OmpR family, contains REC and winged-helix (wHTH) domain	T	Signal transduction mechanisms
NODE_14566_length_6415_cov_5.438050_3	COG0467	223543	1.86e-08	19.853	RAD55	RecA-superfamily ATPase, KaiC/GvpD/RAD55 family	T	Signal transduction mechanisms
NODE_14566_length_6415_cov_5.438050_4	COG0467	223543	5.5e-11	51.064	RAD55	RecA-superfamily ATPase, KaiC/GvpD/RAD55 family	T	Signal transduction mechanisms
NODE_14566_length_6415_cov_5.438050_5	COG0467	223543	1.02e-12	29.008	RAD55	RecA-superfamily ATPase, KaiC/GvpD/RAD55 family	T	Signal transduction mechanisms
NODE_14572_length_6413_cov_4.089965_1	COG0463	223539	2.61e-25	23.651	WcaA	Glycosyltransferase involved in cell wall bisynthesis	M	Cell wall/membrane/envelope biogenesis
NODE_14572_length_6413_cov_4.089965_2	COG1807	224720	4.33e-08	27.731	ArnT	PMT family glycosyltransferase ArnT/Agl22, involved in glycosylation of proteins and lipid IVA	M	Cell wall/membrane/envelope biogenesis
NODE_14572_length_6413_cov_4.089965_3	COG1696	224610	1.49e-71	43.06	DltB	D-alanyl-lipoteichoic acid acyltransferase DltB, MBOAT superfamily	M	Cell wall/membrane/envelope biogenesis
NODE_14586_length_6407_cov_4.185453_1	COG0515	223589	6.46e-39	36.5	SPS1	Serine/threonine protein kinase	T	Signal transduction mechanisms
NODE_14586_length_6407_cov_4.185453_4	COG2324	225206	7.99e-20	32.402		Uncharacterized membrane protein	S	Function unknown
NODE_14586_length_6407_cov_4.185453_5	COG1647	224561	4.03e-40	28.75	YvaK	Esterase/lipase	Q	Secondary metabolites biosynthesis, transport and catabolism
NODE_14586_length_6407_cov_4.185453_6	COG0642	223715	3.08e-11	22.831	BaeS	Signal transduction histidine kinase	T	Signal transduction mechanisms
NODE_14586_length_6407_cov_4.185453_7	COG5637	227924	2.99e-64	43.946		Uncharacterized protein, contains SRPBCC domain	S	Function unknown
NODE_14623_length_6390_cov_4.076875_1	COG3387	225922	5.98e-11	25.688	SGA1	Glucoamylase (glucan-1,4-alpha-glucosidase), GH15 family	G	Carbohydrate transport and metabolism
NODE_14623_length_6390_cov_4.076875_2	COG0380	223457	9.36e-101	31.707	OtsA	Trehalose-6-phosphate synthase, GT20 family	G	Carbohydrate transport and metabolism
NODE_14623_length_6390_cov_4.076875_5	COG3258	225797	0.001	32.432	TsdA	Thiosulfate dehydrogenase TsdA, contains C-terminal cytochrome c domain	P	Inorganic ion transport and metabolism
NODE_14623_length_6390_cov_4.076875_6	COG0431	223508	2.39e-51	37.949	SsuE	NAD(P)H-dependent FMN reductase	C	Energy production and conversion
NODE_14623_length_6390_cov_4.076875_7	COG2267	225176	3.99e-13	25.984	PldB	Lysophospholipase, alpha-beta hydrolase superfamily	I	Lipid transport and metabolism
NODE_14623_length_6390_cov_4.076875_8	COG0473	223549	1.14e-65	38.308	LeuB	Isocitrate/isopropylmalate dehydrogenase	C	Energy production and conversion
NODE_14735_length_6348_cov_6.505323_3	COG0438	223515	1.2e-26	22.54	RfaB	Glycosyltransferase involved in cell wall bisynthesis	M	Cell wall/membrane/envelope biogenesis
NODE_14735_length_6348_cov_6.505323_4	COG0677	223749	0.002	25.0	WecC	UDP-N-acetyl-D-mannosaminuronate dehydrogenase	M	Cell wall/membrane/envelope biogenesis
NODE_14818_length_6318_cov_7.539198_1	COG1846	224759	8.14e-07	40.0	MarR	DNA-binding transcriptional regulator, MarR family	K	Transcription
NODE_14818_length_6318_cov_7.539198_3	COG1520	224437	5.89e-09	21.245	PQQ	Outer membrane protein assembly factor BamB, contains PQQ-like beta-propeller repeat	M	Cell wall/membrane/envelope biogenesis
NODE_14818_length_6318_cov_7.539198_6	COG0675	223747	1.01e-27	27.014	InsQ	Transposase	X	Mobilome: prophages, transposons
NODE_14818_length_6318_cov_7.539198_9	COG0544	223618	3.41e-41	34.928	Tig	FKBP-type peptidyl-prolyl cis-trans isomerase (trigger factor)	O	Posttranslational modification, protein turnover, chaperones
NODE_14870_length_6299_cov_5.149904_2	COG0604	223677	1.56e-96	43.902	Qor	NADPH:quinone reductase or related Zn-dependent oxidoreductase	C	Energy production and conversion
NODE_14870_length_6299_cov_5.149904_3	COG0611	223684	3.66e-85	41.818	ThiL	Thiamine monophosphate kinase	H	Coenzyme transport and metabolism
NODE_14870_length_6299_cov_5.149904_4	COG0704	223776	2.18e-05	24.39	PhoU	Phosphate uptake regulator PhoU	P	Inorganic ion transport and metabolism
NODE_14870_length_6299_cov_5.149904_5	COG2319	225201	1.01e-62	37.584	WD40	WD40 repeat	R	General function prediction only
NODE_14870_length_6299_cov_5.149904_6	COG1403	224321	3.82e-20	35.338	McrA	5-methylcytosine-specific restriction endonuclease McrA	V	Defense mechanisms
NODE_14874_length_6298_cov_4.881627_1	COG1529	224446	1.13e-164	36.433	CoxL	Aldehyde, CO or xanthine dehydrogenase, Mo-binding subunit	C	Energy production and conversion
NODE_14874_length_6298_cov_4.881627_4	COG0563	223637	3.08e-06	25.714	Adk	Adenylate kinase or related kinase	F	Nucleotide transport and metabolism
NODE_14874_length_6298_cov_4.881627_6	COG1132	224055	6.21e-43	35.514	MdlB	ABC-type multidrug transport system, ATPase and permease component	V	Defense mechanisms
NODE_14874_length_6298_cov_4.881627_7	COG1132	224055	5.49e-44	42.105	MdlB	ABC-type multidrug transport system, ATPase and permease component	V	Defense mechanisms
NODE_14887_length_6293_cov_6.481244_2	COG2856	225412	6.66e-08	28.125	ImmA	Zn-dependent peptidase ImmA, M78 family	O	Posttranslational modification, protein turnover, chaperones
NODE_14887_length_6293_cov_6.481244_4	COG3903	226418	1.35e-65	41.16		Predicted ATPase	R	General function prediction only
NODE_14887_length_6293_cov_6.481244_5	COG2897	225450	2.2e-99	39.209	SseA	3-mercaptopyruvate sulfurtransferase SseA, contains two rhodanese domains	P	Inorganic ion transport and metabolism
NODE_14923_length_6277_cov_6.272581_2	COG2226	225136	4.34e-12	49.057	UbiE	Ubiquinone/menaquinone biosynthesis C-methylase UbiE/MenG	H	Coenzyme transport and metabolism
NODE_14923_length_6277_cov_6.272581_3	COG2271	225180	0.002	25.547	UhpC	Sugar phosphate permease	G	Carbohydrate transport and metabolism
NODE_14923_length_6277_cov_6.272581_4	COG0634	223707	2.26e-88	57.865	HptA	Hypoxanthine-guanine phosphoribosyltransferase	F	Nucleotide transport and metabolism
NODE_14923_length_6277_cov_6.272581_7	COG2226	225136	1.18e-11	30.476	UbiE	Ubiquinone/menaquinone biosynthesis C-methylase UbiE/MenG	H	Coenzyme transport and metabolism
NODE_14923_length_6277_cov_6.272581_8	COG1131	224054	7.82e-97	39.073	CcmA	ABC-type multidrug transport system, ATPase component	V	Defense mechanisms
NODE_14934_length_6274_cov_5.132497_4	COG4680	227025	1.29e-22	30.435	HigB	mRNA-degrading endonuclease (mRNA interferase) HigB, toxic component of the HigAB toxin-antitoxin module	J	Translation, ribosomal structure and biogenesis
NODE_14945_length_6269_cov_4.649984_1	COG0457	223533	1.13e-12	19.907	TPR	Tetratricopeptide (TPR) repeat	R	General function prediction only
NODE_14945_length_6269_cov_4.649984_2	COG3364	225899	0.002	26.761		Predicted  nucleic acid-binding protein, contains Zn-ribbon domain	R	General function prediction only
NODE_14945_length_6269_cov_4.649984_3	COG0745	223816	2.52e-42	34.348	OmpR	DNA-binding response regulator, OmpR family, contains REC and winged-helix (wHTH) domain	T	Signal transduction mechanisms
NODE_14945_length_6269_cov_4.649984_4	COG1970	224881	2.19e-31	44.144	MscL	Large-conductance mechanosensitive channel	M	Cell wall/membrane/envelope biogenesis
NODE_14945_length_6269_cov_4.649984_5	COG0633	223706	1.57e-08	29.293	Fdx	Ferredoxin	C	Energy production and conversion
NODE_14945_length_6269_cov_4.649984_7	COG1247	224168	1.09e-14	28.276	MnaT	L-amino acid N-acyltransferase MnaT	E	Amino acid transport and metabolism
NODE_14945_length_6269_cov_4.649984_8	COG2378	225253	3.55e-18	26.351	YobV	Predicted DNA-binding transcriptional regulator YobV, contains HTH and WYL domains	K	Transcription
NODE_14953_length_6266_cov_4.702785_1	COG3383	225918	1.64e-51	36.316	YjgC	Predicted molibdopterin-dependent oxidoreductase YjgC	R	General function prediction only
NODE_14953_length_6266_cov_4.702785_3	COG1275	224194	1.67e-06	16.304	TehA	Tellurite resistance protein TehA and related permeases	V	Defense mechanisms
NODE_14953_length_6266_cov_4.702785_4	COG1275	224194	3.55e-11	19.643	TehA	Tellurite resistance protein TehA and related permeases	V	Defense mechanisms
NODE_14953_length_6266_cov_4.702785_6	COG3794	226317	5.44e-09	21.324	PetE	Plastocyanin	C	Energy production and conversion
NODE_14953_length_6266_cov_4.702785_7	COG0664	223736	3.76e-43	29.717	Crp	cAMP-binding domain of CRP or a regulatory subunit of cAMP-dependent protein kinases	T	Signal transduction mechanisms
NODE_14958_length_6264_cov_5.780158_2	COG1520	224437	1.87e-30	29.63	PQQ	Outer membrane protein assembly factor BamB, contains PQQ-like beta-propeller repeat	M	Cell wall/membrane/envelope biogenesis
NODE_14958_length_6264_cov_5.780158_4	COG1974	224885	2.88e-48	37.327	LexA	SOS-response transcriptional repressor LexA (RecA-mediated autopeptidase)	K	Transcription
NODE_14958_length_6264_cov_5.780158_5	COG1259	224179	4.82e-32	43.697		Bifunctional DNase/RNase	R	General function prediction only
NODE_14958_length_6264_cov_5.780158_8	COG2252	225161	1.71e-70	41.284	NCS2	Xanthine/guanine/uracil/vitamin C permease GhxP/GhxQ, nucleobase:cation symporter 2 ( NCS2) family	F	Nucleotide transport and metabolism
NODE_14983_length_6253_cov_5.999355_1	COG3889	226406	1.2e-05	34.848		Extracellular solute-binding protein, contains Ig-fold domain	R	General function prediction only
NODE_14983_length_6253_cov_5.999355_2	COG1173	224094	8.14e-68	34.839	DppC	ABC-type dipeptide/oligopeptide/nickel transport system, permease component	E	Amino acid transport and metabolism
NODE_14983_length_6253_cov_5.999355_3	COG0601	223674	2.04e-71	34.884	DppB	ABC-type dipeptide/oligopeptide/nickel transport system, permease component	E	Amino acid transport and metabolism
NODE_14983_length_6253_cov_5.999355_4	COG3358	225894	1.26e-48	36.17		Uncharacterized conserved protein, DUF1684 family	S	Function unknown
NODE_14983_length_6253_cov_5.999355_5	COG0697	223769	1.74e-12	23.891	RhaT	Permease of the drug/metabolite transporter (DMT) superfamily	G	Carbohydrate transport and metabolism
NODE_14983_length_6253_cov_5.999355_6	COG2050	224961	2.06e-36	30.0	PaaI	Acyl-CoA thioesterase PaaI, contains HGG motif	Q	Secondary metabolites biosynthesis, transport and catabolism
NODE_15024_length_6237_cov_6.292138_1	COG1520	224437	7.98e-16	24.436	PQQ	Outer membrane protein assembly factor BamB, contains PQQ-like beta-propeller repeat	M	Cell wall/membrane/envelope biogenesis
NODE_15099_length_6204_cov_4.570987_2	COG0515	223589	3.17e-45	28.621	SPS1	Serine/threonine protein kinase	T	Signal transduction mechanisms
NODE_15099_length_6204_cov_4.570987_3	COG2226	225136	1.05e-27	34.868	UbiE	Ubiquinone/menaquinone biosynthesis C-methylase UbiE/MenG	H	Coenzyme transport and metabolism
NODE_15099_length_6204_cov_4.570987_4	COG0613	223686	7.37e-55	39.683	YciV	5'-3' exoribonuclease TrpH/YciV (RNase AM), contains PHP domain	F	Nucleotide transport and metabolism
NODE_15101_length_6204_cov_4.342169_1	COG1132	224055	1.06e-95	31.56	MdlB	ABC-type multidrug transport system, ATPase and permease component	V	Defense mechanisms
NODE_15101_length_6204_cov_4.342169_3	COG0717	223789	1.09e-11	24.365	Dcd	dCTP deaminase	F	Nucleotide transport and metabolism
NODE_15101_length_6204_cov_4.342169_4	COG0717	223789	2.4e-22	31.325	Dcd	dCTP deaminase	F	Nucleotide transport and metabolism
NODE_15101_length_6204_cov_4.342169_5	COG0596	223669	1.88e-14	29.032	MenH	2-succinyl-6-hydroxy-2,4-cyclohexadiene-1-carboxylate synthase MenH and related esterases, alpha/beta hydrolase fold	H	Coenzyme transport and metabolism
NODE_15134_length_6193_cov_4.886771_2	COG2151	225062	5.23e-38	40.909	PaaD	Metal-sulfur cluster biosynthetic enzyme	O	Posttranslational modification, protein turnover, chaperones
NODE_15134_length_6193_cov_4.886771_3	COG4309	226759	1.28e-27	47.436		SirA-like two-layered alpha/beta sandwich domain, DUF2249 family	R	General function prediction only
NODE_15134_length_6193_cov_4.886771_4	COG2846	225402	0.000156	22.34	RIC	Iron-sulfur cluster repair protein YtfE, RIC family, contains ScdAN and hemerythrin domains	O	Posttranslational modification, protein turnover, chaperones
NODE_15134_length_6193_cov_4.886771_5	COG4974	227308	3.9e-14	26.23	XerD	Site-specific recombinase XerD	L	Replication, recombination and repair
NODE_15134_length_6193_cov_4.886771_6	COG2115	225026	7.12e-34	29.513	XylA	Xylose isomerase	G	Carbohydrate transport and metabolism
NODE_15362_length_6112_cov_5.380717_2	COG4257	226708	4.89e-27	31.142	Vgb	Streptogramin lyase	V	Defense mechanisms
NODE_15383_length_6106_cov_5.278632_1	COG4639	226986	2.94e-52	39.053		Predicted kinase	R	General function prediction only
NODE_15383_length_6106_cov_5.278632_2	COG0728	223800	1.26e-66	29.135	MurJ	Lipid II flippase MurJ/MviN (peptidoglycan biosynthesis)	M	Cell wall/membrane/envelope biogenesis
NODE_15383_length_6106_cov_5.278632_3	COG0853	223922	6.98e-62	60.345	PanD	Aspartate 1-decarboxylase	H	Coenzyme transport and metabolism
NODE_15383_length_6106_cov_5.278632_4	COG0681	223753	3.83e-15	26.573	LepB	Signal peptidase I	U	Intracellular trafficking, secretion, and vesicular transport
NODE_15385_length_6105_cov_6.018347_2	COG2814	225371	0.000129	18.329	AraJ	Predicted arabinose efflux permease AraJ, MFS family	G	Carbohydrate transport and metabolism
NODE_15385_length_6105_cov_6.018347_3	COG0640	223713	2.08e-06	30.0	ArsR	DNA-binding transcriptional regulator, ArsR family	K	Transcription
NODE_15385_length_6105_cov_6.018347_4	COG1718	224632	9.7e-50	31.799	RIO1	Serine/threonine-protein kinase RIO1	T	Signal transduction mechanisms
NODE_15385_length_6105_cov_6.018347_5	COG1813	224726	0.000147	23.611	aMBF1	Archaeal ribosome-binding protein aMBF1, putative translation factor, contains Zn-ribbon and HTH domains	J	Translation, ribosomal structure and biogenesis
NODE_15386_length_6105_cov_4.757851_1	COG4447	226855	1.19e-05	23.358		Uncharacterized conserved protein related to plant photosystem II stability/assembly factor	R	General function prediction only
NODE_15386_length_6105_cov_4.757851_2	COG2096	225007	3.78e-60	45.455	PduO	Cob(II)alamin adenosyltransferase	H	Coenzyme transport and metabolism
NODE_15386_length_6105_cov_4.757851_4	COG1597	224513	5.44e-63	33.333	LCB5	Phosphatidylglycerol kinase, diacylglycerol kinase family	I	Lipid transport and metabolism
NODE_15386_length_6105_cov_4.757851_5	COG1595	224511	4.18e-33	37.059	RpoE	DNA-directed RNA polymerase specialized sigma subunit, sigma24 family	K	Transcription
NODE_15386_length_6105_cov_4.757851_6	COG5662	227949	6.79e-09	27.473	RsiW	Transmembrane transcriptional regulator RsiW (anti-sigma-W factor)	K	Transcription
NODE_15386_length_6105_cov_4.757851_7	COG3387	225922	4.27e-90	33.333	SGA1	Glucoamylase (glucan-1,4-alpha-glucosidase), GH15 family	G	Carbohydrate transport and metabolism
NODE_15405_length_6097_cov_5.349553_1	COG1309	224228	1.15e-12	17.895	AcrR	DNA-binding protein, AcrR family, includes nucleoid occlusion protein SlmA	K	Transcription
NODE_15405_length_6097_cov_5.349553_2	COG1131	224054	8.12e-64	49.133	CcmA	ABC-type multidrug transport system, ATPase component	V	Defense mechanisms
NODE_15405_length_6097_cov_5.349553_4	COG0842	223912	5.8e-11	19.731	YadH	ABC-type multidrug transport system, permease component	V	Defense mechanisms
NODE_15405_length_6097_cov_5.349553_5	COG1048	223977	0.0	59.586	AcnA	Aconitase A	C	Energy production and conversion
NODE_15434_length_6089_cov_5.467020_2	COG0405	223482	0.0	40.631	Ggt	Gamma-glutamyltranspeptidase	E	Amino acid transport and metabolism
NODE_15434_length_6089_cov_5.467020_3	COG2124	225035	2.34e-71	34.0	CypX	Cytochrome P450	Q	Secondary metabolites biosynthesis, transport and catabolism
NODE_15434_length_6089_cov_5.467020_4	COG0143	223221	0.0	41.947	MetG	Methionyl-tRNA synthetase	J	Translation, ribosomal structure and biogenesis
NODE_15434_length_6089_cov_5.467020_5	COG0644	223717	9.49e-07	24.375	FixC	Dehydrogenase (flavoprotein)	C	Energy production and conversion
NODE_15450_length_6084_cov_6.649527_1	COG1595	224511	9.26e-22	31.852	RpoE	DNA-directed RNA polymerase specialized sigma subunit, sigma24 family	K	Transcription
NODE_15450_length_6084_cov_6.649527_2	COG0412	223489	3.15e-07	28.244	DLH	Dienelactone hydrolase	Q	Secondary metabolites biosynthesis, transport and catabolism
NODE_15450_length_6084_cov_6.649527_3	COG1506	224423	8.83e-05	25.0	DAP2	Dipeptidyl aminopeptidase/acylaminoacyl peptidase	E	Amino acid transport and metabolism
NODE_15450_length_6084_cov_6.649527_5	COG0524	223598	1.45e-69	42.222	RbsK	Sugar or nucleoside kinase, ribokinase family	G	Carbohydrate transport and metabolism
NODE_15450_length_6084_cov_6.649527_6	COG0235	223313	8.38e-32	34.343	AraD	5-methylthioribulose/5-deoxyribulose/Fuculose 1-phosphate aldolase (methionine salvage, sugar degradation)	E	Amino acid transport and metabolism
NODE_15450_length_6084_cov_6.649527_7	COG0025	223104	4.06e-22	33.913	NhaP	NhaP-type Na+/H+ or K+/H+ antiporter	P	Inorganic ion transport and metabolism
NODE_15450_length_6084_cov_6.649527_8	COG4585	226951	1.49e-26	31.646	ComP	Signal transduction histidine kinase ComP	T	Signal transduction mechanisms
NODE_15470_length_6079_cov_5.328353_3	COG3729	226252	0.000514	39.394	GsiB	General stress protein YciG, contains tandem KGG domains	R	General function prediction only
NODE_15470_length_6079_cov_5.328353_4	COG1585	224501	0.000207	25.676	YbbJ	Membrane protein implicated in regulation of membrane protease activity	O	Posttranslational modification, protein turnover, chaperones
NODE_15470_length_6079_cov_5.328353_6	COG0210	223288	9.36e-18	26.633	UvrD	Superfamily I DNA or RNA helicase	L	Replication, recombination and repair
NODE_15481_length_6075_cov_5.446179_2	COG4257	226708	6.76e-27	29.63	Vgb	Streptogramin lyase	V	Defense mechanisms
NODE_15481_length_6075_cov_5.446179_3	COG3127	225669	9.39e-05	21.603	YbbP	Predicted ABC-type transport system involved in lysophospholipase L1 biosynthesis, permease component	Q	Secondary metabolites biosynthesis, transport and catabolism
NODE_15481_length_6075_cov_5.446179_4	COG1669	224583	7.76e-06	51.724	MJ0435	Predicted nucleotidyltransferase MJ0435	R	General function prediction only
NODE_15519_length_6058_cov_6.067133_1	COG0834	223904	7.35e-37	27.863	HisJ	ABC-type amino acid transport/signal transduction system, periplasmic component/domain	E	Amino acid transport and metabolism
NODE_15519_length_6058_cov_6.067133_4	COG0719	223791	1.02e-49	53.285	SufB	Fe-S cluster assembly scaffold protein SufB	O	Posttranslational modification, protein turnover, chaperones
NODE_15540_length_6051_cov_5.602902_1	COG3505	226036	4.5e-11	20.354	VirD4	Type IV secretory pathway, VirD4 component, TraG/TraD family ATPase	U	Intracellular trafficking, secretion, and vesicular transport
NODE_15540_length_6051_cov_5.602902_5	COG2814	225371	1.23e-13	21.93	AraJ	Predicted arabinose efflux permease AraJ, MFS family	G	Carbohydrate transport and metabolism
NODE_15540_length_6051_cov_5.602902_6	COG0667	223739	2.88e-81	36.308	PdxI	Pyridoxal reductase PdxI or related oxidoreductase, aldo/keto reductase family	H	Coenzyme transport and metabolism
NODE_15561_length_6043_cov_5.607882_1	COG0642	223715	1.06e-12	31.746	BaeS	Signal transduction histidine kinase	T	Signal transduction mechanisms
NODE_15561_length_6043_cov_5.607882_2	COG0745	223816	9.48e-28	37.607	OmpR	DNA-binding response regulator, OmpR family, contains REC and winged-helix (wHTH) domain	T	Signal transduction mechanisms
NODE_15561_length_6043_cov_5.607882_3	COG2226	225136	2.74e-16	31.343	UbiE	Ubiquinone/menaquinone biosynthesis C-methylase UbiE/MenG	H	Coenzyme transport and metabolism
NODE_15561_length_6043_cov_5.607882_4	COG0076	223154	1.32e-70	28.758	GadA	Glutamate or tyrosine decarboxylase or a related PLP-dependent protein	E	Amino acid transport and metabolism
NODE_15561_length_6043_cov_5.607882_5	COG0124	223202	1.94e-165	45.137	HisS	Histidyl-tRNA synthetase	J	Translation, ribosomal structure and biogenesis
NODE_15679_length_6002_cov_5.675130_1	COG0663	223735	1.57e-55	55.814	PaaY	Carbonic anhydrase or acetyltransferase, isoleucine patch superfamily	R	General function prediction only
NODE_15679_length_6002_cov_5.675130_2	COG0457	223533	1.76e-12	25.0	TPR	Tetratricopeptide (TPR) repeat	R	General function prediction only
NODE_15679_length_6002_cov_5.675130_8	COG1196	224117	0.002	25.0	Smc	Chromosome segregation ATPase Smc	D	Cell cycle control, cell division, chromosome partitioning
NODE_15688_length_5999_cov_4.726952_1	COG0778	223849	1.9e-23	26.882	NfnB	Nitroreductase	C	Energy production and conversion
NODE_15688_length_5999_cov_4.726952_2	COG3391	225926	0.002	21.875	YncE	DNA-binding beta-propeller fold protein YncE	R	General function prediction only
NODE_15688_length_5999_cov_4.726952_3	COG1595	224511	9.36e-10	24.731	RpoE	DNA-directed RNA polymerase specialized sigma subunit, sigma24 family	K	Transcription
NODE_15688_length_5999_cov_4.726952_4	COG0606	223679	5.68e-18	63.265	YifB	Predicted Mg-chelatase, contains ChlI-like and ATPase domains, YifB family	O	Posttranslational modification, protein turnover, chaperones
NODE_15719_length_5988_cov_6.533457_1	COG1305	224224	3.65e-16	24.121	YebA	Transglutaminase-like enzyme, putative cysteine protease	O	Posttranslational modification, protein turnover, chaperones
NODE_15719_length_5988_cov_6.533457_2	COG1595	224511	1.62e-38	35.556	RpoE	DNA-directed RNA polymerase specialized sigma subunit, sigma24 family	K	Transcription
NODE_15719_length_5988_cov_6.533457_3	COG5343	227648	7.43e-08	33.333	RskA	Anti-sigma-K factor RskA	T	Signal transduction mechanisms
NODE_15719_length_5988_cov_6.533457_4	COG2261	225170	3.03e-09	35.366	YeaQ	Uncharacterized membrane protein YeaQ/YmgE, transglycosylase-associated protein family	R	General function prediction only
NODE_15719_length_5988_cov_6.533457_5	COG0580	223653	6.22e-37	38.428	GlpF	Glycerol uptake facilitator or related aquaporin (Major Intrinsic protein Family)	G	Carbohydrate transport and metabolism
NODE_15719_length_5988_cov_6.533457_6	COG1670	224584	2.5e-07	17.964	RimL	Protein N-acetyltransferase, RimJ/RimL family	J	Translation, ribosomal structure and biogenesis
NODE_15719_length_5988_cov_6.533457_7	COG1171	224092	1.67e-81	35.238	IlvA	Threonine deaminase	E	Amino acid transport and metabolism
NODE_15836_length_5948_cov_5.668929_7	COG0441	223518	0.0	49.725	ThrS	Threonyl-tRNA synthetase	J	Translation, ribosomal structure and biogenesis
NODE_15843_length_5947_cov_5.417515_1	COG3396	225931	9.28e-33	30.366	YdbO	1,2-phenylacetyl-CoA epoxidase, catalytic subunit	Q	Secondary metabolites biosynthesis, transport and catabolism
NODE_15843_length_5947_cov_5.417515_2	COG1309	224228	3.18e-16	22.439	AcrR	DNA-binding protein, AcrR family, includes nucleoid occlusion protein SlmA	K	Transcription
NODE_15843_length_5947_cov_5.417515_4	COG1167	224089	2.8e-95	42.249	ARO8	DNA-binding transcriptional regulator, MocR family, contains an aminotransferase domain	K	Transcription
NODE_15843_length_5947_cov_5.417515_5	COG1902	224814	5.31e-142	42.74	FadH	2,4-dienoyl-CoA reductase or related NADH-dependent reductase, Old Yellow Enzyme (OYE) family	C	Energy production and conversion
NODE_15843_length_5947_cov_5.417515_6	COG0167	223245	1.47e-104	42.857	PyrD	Dihydroorotate dehydrogenase	F	Nucleotide transport and metabolism
NODE_15843_length_5947_cov_5.417515_7	COG0284	223361	6.56e-07	43.243	PyrF	Orotidine-5'-phosphate decarboxylase	F	Nucleotide transport and metabolism
NODE_16076_length_5869_cov_5.845373_4	COG2945	225496	7.5e-23	34.694		Alpha/beta superfamily hydrolase	R	General function prediction only
NODE_16076_length_5869_cov_5.845373_5	COG1061	223989	3.74e-102	36.652	SSL2	Superfamily II DNA or RNA helicase	K	Transcription
NODE_16076_length_5869_cov_5.845373_6	COG1132	224055	1.11e-143	39.571	MdlB	ABC-type multidrug transport system, ATPase and permease component	V	Defense mechanisms
NODE_16134_length_5854_cov_5.799966_2	COG3595	226123	1.84e-06	25.949	YvlB	Uncharacterized conserved protein YvlB, contains  DUF4097 and DUF4098 domains	S	Function unknown
NODE_16134_length_5854_cov_5.799966_3	COG0456	223532	1.68e-09	29.56	RimI	Ribosomal protein S18 acetylase RimI and related acetyltransferases	J	Translation, ribosomal structure and biogenesis
NODE_16134_length_5854_cov_5.799966_7	COG1733	224647	1.42e-38	50.0	HxlR	DNA-binding transcriptional regulator, HxlR family	K	Transcription
NODE_16134_length_5854_cov_5.799966_8	COG0461	223537	2.16e-22	26.601	PyrE	Orotate phosphoribosyltransferase	F	Nucleotide transport and metabolism
NODE_16143_length_5850_cov_5.034858_1	COG1529	224446	3.35e-148	36.874	CoxL	Aldehyde, CO or xanthine dehydrogenase, Mo-binding subunit	C	Energy production and conversion
NODE_16143_length_5850_cov_5.034858_2	COG2226	225136	1.21e-11	31.818	UbiE	Ubiquinone/menaquinone biosynthesis C-methylase UbiE/MenG	H	Coenzyme transport and metabolism
NODE_16143_length_5850_cov_5.034858_3	COG1073	223999	2.04e-06	29.412	FrsA	Fermentation-respiration switch esterase FrsA, DUF1100 family	T	Signal transduction mechanisms
NODE_16143_length_5850_cov_5.034858_4	COG1506	224423	0.001	23.333	DAP2	Dipeptidyl aminopeptidase/acylaminoacyl peptidase	E	Amino acid transport and metabolism
NODE_16143_length_5850_cov_5.034858_5	COG0410	223487	5e-88	43.644	LivF	ABC-type branched-chain amino acid transport system, ATPase component LivF	E	Amino acid transport and metabolism
NODE_16143_length_5850_cov_5.034858_6	COG0411	223488	9.13e-110	51.613	LivG	ABC-type branched-chain amino acid transport system, ATPase component LivG	E	Amino acid transport and metabolism
NODE_16143_length_5850_cov_5.034858_7	COG4177	226645	0.000428	37.931	LivM	ABC-type branched-chain amino acid transport system, permease component	E	Amino acid transport and metabolism
NODE_16147_length_5849_cov_6.099413_1	COG0513	223587	5.19e-119	47.761	SrmB	Superfamily II DNA and RNA helicase	L	Replication, recombination and repair
NODE_16147_length_5849_cov_6.099413_3	COG2140	225051	0.003	41.667	OxdD	Oxalate decarboxylase/archaeal phosphoglucose isomerase, cupin superfamily	G	Carbohydrate transport and metabolism
NODE_16147_length_5849_cov_6.099413_4	COG2020	224931	2.42e-10	35.065	STE14	Protein-S-isoprenylcysteine O-methyltransferase Ste14	O	Posttranslational modification, protein turnover, chaperones
NODE_16147_length_5849_cov_6.099413_6	COG3899	226415	1.11e-11	21.6		Predicted ATPase	R	General function prediction only
NODE_16234_length_5819_cov_5.834837_2	COG2159	225070	1.01e-26	34.579	LigW	5-carboxyvanillate decarboxylase LigW (lignin degradation), amidohydro domain	G	Carbohydrate transport and metabolism
NODE_16234_length_5819_cov_5.834837_4	COG1028	223959	5.05e-15	40.964	FabG	NAD(P)-dependent dehydrogenase, short-chain alcohol dehydrogenase family	I	Lipid transport and metabolism
NODE_16234_length_5819_cov_5.834837_5	COG0300	223377	1.38e-08	40.0	YqjQ	Short-chain dehydrogenase	R	General function prediction only
NODE_16234_length_5819_cov_5.834837_6	COG0583	223656	1.35e-46	37.954	LysR	DNA-binding transcriptional regulator, LysR family	K	Transcription
NODE_16234_length_5819_cov_5.834837_8	COG1154	224076	9.74e-37	42.373	Dxs	Deoxyxylulose-5-phosphate synthase	H	Coenzyme transport and metabolism
NODE_16312_length_5796_cov_6.100505_1	COG1078	224004	8.82e-51	37.083	YdhJ	HD superfamily phosphohydrolase	R	General function prediction only
NODE_16312_length_5796_cov_6.100505_2	COG1403	224321	1.34e-08	29.31	McrA	5-methylcytosine-specific restriction endonuclease McrA	V	Defense mechanisms
NODE_16312_length_5796_cov_6.100505_4	COG1607	224523	1.08e-51	38.926	YciA	Acyl-CoA hydrolase	I	Lipid transport and metabolism
NODE_16312_length_5796_cov_6.100505_7	COG0787	223858	2.71e-141	43.432	Alr	Alanine racemase	M	Cell wall/membrane/envelope biogenesis
NODE_16329_length_5792_cov_5.835803_2	COG1250	224170	7.28e-115	47.405	FadB	3-hydroxyacyl-CoA dehydrogenase	I	Lipid transport and metabolism
NODE_16329_length_5792_cov_5.835803_6	COG2170	225081	1.07e-60	35.081	YbdK	Gamma-glutamyl:cysteine ligase YbdK, ATP-grasp superfamily	O	Posttranslational modification, protein turnover, chaperones
NODE_16330_length_5792_cov_5.730695_2	COG2041	224952	9.16e-64	37.563	MsrP	Molybdopterin-dependent catalytic subunit of periplasmic DMSO/TMAO and protein-methionine-sulfoxide reductases	C	Energy production and conversion
NODE_16330_length_5792_cov_5.730695_3	COG1520	224437	8.01e-19	19.571	PQQ	Outer membrane protein assembly factor BamB, contains PQQ-like beta-propeller repeat	M	Cell wall/membrane/envelope biogenesis
NODE_16330_length_5792_cov_5.730695_4	COG0338	223415	1e-86	46.154	Dam	DNA-adenine methylase	L	Replication, recombination and repair
NODE_16330_length_5792_cov_5.730695_5	COG0537	223611	4.32e-35	37.719	HinT	Purine nucleoside phosphoramidase/Ap4A hydrolase, histidine triade (HIT) family	F	Nucleotide transport and metabolism
NODE_16330_length_5792_cov_5.730695_7	COG1884	224796	0.0	66.204	Sbm	Methylmalonyl-CoA mutase, N-terminal domain/subunit	I	Lipid transport and metabolism
NODE_16341_length_5790_cov_4.914734_1	COG0008	223087	1.1e-33	51.899	GlnS	Glutamyl- or glutaminyl-tRNA synthetase	J	Translation, ribosomal structure and biogenesis
NODE_16341_length_5790_cov_4.914734_2	COG1070	223996	5.48e-77	31.463	XylB	Sugar (pentulose or hexulose) kinase	G	Carbohydrate transport and metabolism
NODE_16341_length_5790_cov_4.914734_3	COG0432	223509	3.19e-40	42.975	YjbQ	Thiamin phosphate synthase YjbQ, UPF0047 family	H	Coenzyme transport and metabolism
NODE_16341_length_5790_cov_4.914734_4	COG1309	224228	4.73e-11	22.881	AcrR	DNA-binding protein, AcrR family, includes nucleoid occlusion protein SlmA	K	Transcription
NODE_16341_length_5790_cov_4.914734_5	COG1225	224146	6.58e-59	44.586	Bcp	Peroxiredoxin	O	Posttranslational modification, protein turnover, chaperones
NODE_16341_length_5790_cov_4.914734_6	COG2226	225136	2.21e-30	39.437	UbiE	Ubiquinone/menaquinone biosynthesis C-methylase UbiE/MenG	H	Coenzyme transport and metabolism
NODE_16341_length_5790_cov_4.914734_7	COG1309	224228	2.83e-13	21.348	AcrR	DNA-binding protein, AcrR family, includes nucleoid occlusion protein SlmA	K	Transcription
NODE_16341_length_5790_cov_4.914734_8	COG0789	223860	4.97e-23	34.615	SoxR	DNA-binding transcriptional regulator, MerR family	K	Transcription
NODE_16377_length_5776_cov_4.192624_2	COG0849	223918	7.84e-114	42.105	FtsA	Cell division ATPase FtsA	D	Cell cycle control, cell division, chromosome partitioning
NODE_16377_length_5776_cov_4.192624_4	COG0114	223192	0.0	61.508	FumC	Fumarate hydratase class II	C	Energy production and conversion
NODE_16377_length_5776_cov_4.192624_5	COG0468	223544	3.1e-117	64.664	RecA	RecA/RadA recombinase	L	Replication, recombination and repair
NODE_16478_length_5751_cov_5.583919_1	COG0842	223912	5.68e-23	34.404	YadH	ABC-type multidrug transport system, permease component	V	Defense mechanisms
NODE_16478_length_5751_cov_5.583919_3	COG1309	224228	1.12e-13	26.562	AcrR	DNA-binding protein, AcrR family, includes nucleoid occlusion protein SlmA	K	Transcription
NODE_16478_length_5751_cov_5.583919_4	COG2072	224983	6.07e-147	36.947	CzcO	Predicted flavoprotein CzcO associated with the cation diffusion facilitator CzcD	P	Inorganic ion transport and metabolism
NODE_16546_length_5730_cov_6.492511_1	COG2225	225135	6.09e-39	44.144	AceB	Malate synthase	C	Energy production and conversion
NODE_16546_length_5730_cov_6.492511_2	COG3355	225891	7.42e-06	28.205		Predicted transcriptional regulator	K	Transcription
NODE_16550_length_5729_cov_5.117730_2	COG3293	225830	8.51e-11	29.762		Transposase	X	Mobilome: prophages, transposons
NODE_16550_length_5729_cov_5.117730_3	COG2326	225207	2.26e-91	35.081	PPK2	Polyphosphate kinase 2, PPK2 family	C	Energy production and conversion
NODE_16550_length_5729_cov_5.117730_5	COG0006	223085	2.35e-52	28.877	PepP	Xaa-Pro aminopeptidase	E	Amino acid transport and metabolism
NODE_16550_length_5729_cov_5.117730_6	COG0673	223745	1.54e-54	36.771	MviM	Predicted dehydrogenase	R	General function prediction only
NODE_16559_length_5725_cov_6.287125_3	COG1595	224511	9.57e-21	25.806	RpoE	DNA-directed RNA polymerase specialized sigma subunit, sigma24 family	K	Transcription
NODE_16559_length_5725_cov_6.287125_5	COG1868	224781	3.75e-61	30.114	FliM	Flagellar motor switch protein FliM	N	Cell motility
NODE_16559_length_5725_cov_6.287125_6	COG0251	223329	6.14e-29	34.375	RidA	Enamine deaminase RidA, house cleaning of reactive enamine intermediates, YjgF/YER057c/UK114 family	V	Defense mechanisms
NODE_16614_length_5711_cov_5.430516_2	COG3794	226317	5.39e-14	33.036	PetE	Plastocyanin	C	Energy production and conversion
NODE_16614_length_5711_cov_5.430516_5	COG2204	225114	2.31e-21	30.435	AtoC	DNA-binding transcriptional response regulator, NtrC family, contains REC, AAA-type ATPase, and a Fis-type DNA-binding domains	T	Signal transduction mechanisms
NODE_16614_length_5711_cov_5.430516_6	COG0642	223715	2.34e-46	27.353	BaeS	Signal transduction histidine kinase	T	Signal transduction mechanisms
NODE_16614_length_5711_cov_5.430516_7	COG0627	223700	5.53e-13	26.087	FrmB	S-formylglutathione hydrolase FrmB	V	Defense mechanisms
NODE_16653_length_5698_cov_5.567960_1	COG2226	225136	1.77e-13	33.636	UbiE	Ubiquinone/menaquinone biosynthesis C-methylase UbiE/MenG	H	Coenzyme transport and metabolism
NODE_16653_length_5698_cov_5.567960_2	COG0840	223910	0.000305	18.881	Tar	Methyl-accepting chemotaxis protein (MCP)	T	Signal transduction mechanisms
NODE_16653_length_5698_cov_5.567960_6	COG1595	224511	2.01e-16	32.381	RpoE	DNA-directed RNA polymerase specialized sigma subunit, sigma24 family	K	Transcription
NODE_16653_length_5698_cov_5.567960_7	COG1595	224511	0.004	45.946	RpoE	DNA-directed RNA polymerase specialized sigma subunit, sigma24 family	K	Transcription
NODE_16661_length_5693_cov_5.748670_1	COG0391	223468	1.59e-82	37.982	CofD	Archaeal 2-phospho-L-lactate transferase/Bacterial gluconeogenesis factor, CofD/UPF0052 family	G	Carbohydrate transport and metabolism
NODE_16661_length_5693_cov_5.748670_2	COG1506	224423	8.89e-19	22.526	DAP2	Dipeptidyl aminopeptidase/acylaminoacyl peptidase	E	Amino acid transport and metabolism
NODE_16661_length_5693_cov_5.748670_5	COG1695	224609	2.74e-18	24.031	PadR	DNA-binding transcriptional regulator, PadR family	K	Transcription
NODE_16661_length_5693_cov_5.748670_6	COG0515	223589	1.04e-27	27.5	SPS1	Serine/threonine protein kinase	T	Signal transduction mechanisms
NODE_16721_length_5678_cov_4.945936_1	COG0406	223483	4.1e-05	32.558	PhoE	Broad specificity phosphatase PhoE	G	Carbohydrate transport and metabolism
NODE_16721_length_5678_cov_4.945936_2	COG0117	223195	3.28e-70	60.714	RibD1	Riboflavin biosynthesis protein RibD, pyrimidine deaminase domain	H	Coenzyme transport and metabolism
NODE_16721_length_5678_cov_4.945936_4	COG1733	224647	1.85e-46	53.061	HxlR	DNA-binding transcriptional regulator, HxlR family	K	Transcription
NODE_16721_length_5678_cov_4.945936_5	COG2910	225462	0.007	29.73	YwnB	Putative NADH-flavin reductase	R	General function prediction only
NODE_16721_length_5678_cov_4.945936_6	COG0467	223543	2.28e-05	23.214	RAD55	RecA-superfamily ATPase, KaiC/GvpD/RAD55 family	T	Signal transduction mechanisms
NODE_16721_length_5678_cov_4.945936_7	COG0211	223289	2.47e-43	64.634	RpmA	Ribosomal protein L27	J	Translation, ribosomal structure and biogenesis
NODE_16794_length_5655_cov_4.946429_2	COG0039	223117	1.16e-129	44.625	Mdh	Malate/lactate dehydrogenase	C	Energy production and conversion
NODE_16794_length_5655_cov_4.946429_5	COG0735	223806	3.23e-44	38.806	Fur	Fe2+ or Zn2+ uptake regulation protein Fur/Zur	P	Inorganic ion transport and metabolism
NODE_16794_length_5655_cov_4.946429_6	COG0705	223777	8.99e-32	35.039	GlpG	Membrane-associated serine protease, rhomboid family	O	Posttranslational modification, protein turnover, chaperones
NODE_16794_length_5655_cov_4.946429_7	COG1007	223939	1.27e-106	44.66	NuoN	NADH:ubiquinone oxidoreductase subunit 2 (chain N)	C	Energy production and conversion
NODE_16857_length_5635_cov_4.797670_2	COG4221	226674	5.94e-78	44.98	YdfG	NADP-dependent 3-hydroxy acid dehydrogenase YdfG	C	Energy production and conversion
NODE_16857_length_5635_cov_4.797670_3	COG1595	224511	2.63e-32	32.749	RpoE	DNA-directed RNA polymerase specialized sigma subunit, sigma24 family	K	Transcription
NODE_16857_length_5635_cov_4.797670_5	COG0193	223271	4.2e-82	50.532	Pth	Peptidyl-tRNA hydrolase	J	Translation, ribosomal structure and biogenesis
NODE_16857_length_5635_cov_4.797670_6	COG0612	223685	4.52e-99	32.184	PqqL	Predicted Zn-dependent peptidase, M16 family	R	General function prediction only
NODE_16870_length_5630_cov_5.455247_4	COG1595	224511	8.9e-34	38.037	RpoE	DNA-directed RNA polymerase specialized sigma subunit, sigma24 family	K	Transcription
NODE_16870_length_5630_cov_5.455247_5	COG0031	223110	2.39e-49	65.556	CysK	Cysteine synthase	E	Amino acid transport and metabolism
NODE_16909_length_5621_cov_5.584621_1	COG0226	223304	1.44e-30	28.627	PstS	ABC-type phosphate transport system, periplasmic component	P	Inorganic ion transport and metabolism
NODE_16909_length_5621_cov_5.584621_4	COG1225	224146	1.52e-14	20.988	Bcp	Peroxiredoxin	O	Posttranslational modification, protein turnover, chaperones
NODE_16909_length_5621_cov_5.584621_5	COG2723	225343	1.06e-161	41.966	BglB	Beta-glucosidase/6-phospho-beta-glucosidase/beta-galactosidase	G	Carbohydrate transport and metabolism
NODE_16909_length_5621_cov_5.584621_6	COG2723	225343	9.08e-14	60.606	BglB	Beta-glucosidase/6-phospho-beta-glucosidase/beta-galactosidase	G	Carbohydrate transport and metabolism
NODE_16910_length_5620_cov_4.748787_1	COG0275	223352	2.72e-111	49.378	RmsH	16S rRNA C1402 N4-methylase RsmH	J	Translation, ribosomal structure and biogenesis
NODE_16910_length_5620_cov_4.748787_3	COG0768	223839	6.86e-123	32.601	FtsI	Cell division protein FtsI, peptidoglycan transpeptidase (Penicillin-binding protein 2)	D	Cell cycle control, cell division, chromosome partitioning
NODE_16910_length_5620_cov_4.748787_4	COG2810	225367	0.007	29.73		Predicted type IV restriction endonuclease	V	Defense mechanisms
NODE_16910_length_5620_cov_4.748787_5	COG1262	224182	3.14e-24	37.589	YfmG	Formylglycine-generating enzyme, required for sulfatase activity, contains SUMF1/FGE domain	O	Posttranslational modification, protein turnover, chaperones
NODE_16910_length_5620_cov_4.748787_6	COG1262	224182	4.03e-15	32.039	YfmG	Formylglycine-generating enzyme, required for sulfatase activity, contains SUMF1/FGE domain	O	Posttranslational modification, protein turnover, chaperones
NODE_16961_length_5606_cov_5.177806_4	COG1331	224250	0.0	48.603	YyaL	Uncharacterized conserved protein YyaL, SSP411 family, contains thoiredoxin and six-hairpin glycosidase-like domains	R	General function prediction only
NODE_16961_length_5606_cov_5.177806_5	COG4804	227141	6.39e-08	15.888	YhcG	Predicted nuclease of restriction endonuclease-like (RecB) superfamily,  DUF1016 family	R	General function prediction only
NODE_16961_length_5606_cov_5.177806_6	COG4804	227141	1.14e-37	41.732	YhcG	Predicted nuclease of restriction endonuclease-like (RecB) superfamily,  DUF1016 family	R	General function prediction only
NODE_16967_length_5604_cov_6.185259_1	COG0332	223409	6.73e-47	33.197	FabH	3-oxoacyl-[acyl-carrier-protein] synthase III	I	Lipid transport and metabolism
NODE_16967_length_5604_cov_6.185259_2	COG0501	223575	9.04e-18	19.923	HtpX	Zn-dependent protease with chaperone function	O	Posttranslational modification, protein turnover, chaperones
NODE_16967_length_5604_cov_6.185259_3	COG0745	223816	2.21e-30	43.651	OmpR	DNA-binding response regulator, OmpR family, contains REC and winged-helix (wHTH) domain	T	Signal transduction mechanisms
NODE_16967_length_5604_cov_6.185259_4	COG0745	223816	2.82e-62	36.441	OmpR	DNA-binding response regulator, OmpR family, contains REC and winged-helix (wHTH) domain	T	Signal transduction mechanisms
NODE_16973_length_5603_cov_5.124369_1	COG0112	223190	8.4e-91	33.538	GlyA	Glycine/serine hydroxymethyltransferase	E	Amino acid transport and metabolism
NODE_16973_length_5603_cov_5.124369_2	COG2813	225370	3.1e-54	32.394	RsmC	16S rRNA G1207 methylase RsmC	J	Translation, ribosomal structure and biogenesis
NODE_16973_length_5603_cov_5.124369_4	COG3695	226219	9.01e-18	45.455	Atl1	Alkylated DNA nucleotide flippase Atl1, participates in nucleotide excision repair, Ada-like DNA-binding domain	K	Transcription
NODE_16973_length_5603_cov_5.124369_6	COG0595	223668	5.03e-73	40.816	RnjA	mRNA degradation ribonuclease J1/J2	J	Translation, ribosomal structure and biogenesis
NODE_16977_length_5602_cov_5.453398_1	COG4245	226696	2.46e-41	45.946	TerY	Uncharacterized conserved protein YegL, contains vWA domain of TerY type	S	Function unknown
NODE_16977_length_5602_cov_5.453398_2	COG0111	223189	2.05e-78	35.37	SerA	Phosphoglycerate dehydrogenase or related dehydrogenase	H	Coenzyme transport and metabolism
NODE_16977_length_5602_cov_5.453398_4	COG0127	223205	4.14e-78	42.64	RdgB	Inosine/xanthosine triphosphate pyrophosphatase, all-alpha NTP-PPase family	F	Nucleotide transport and metabolism
NODE_16977_length_5602_cov_5.453398_5	COG3541	226071	3.04e-12	27.273	YcgL	Predicted nucleotidyltransferase YcgL	R	General function prediction only
NODE_16977_length_5602_cov_5.453398_6	COG1520	224437	9.37e-15	22.924	PQQ	Outer membrane protein assembly factor BamB, contains PQQ-like beta-propeller repeat	M	Cell wall/membrane/envelope biogenesis
NODE_17000_length_5593_cov_5.183640_2	COG0022	223101	3.37e-131	50.621	AcoB	Pyruvate/2-oxoglutarate/acetoin dehydrogenase complex, dehydrogenase (E1) component, beta subunit	C	Energy production and conversion
NODE_17000_length_5593_cov_5.183640_3	COG0586	223659	7.49e-29	29.651	DedA	Membrane integrity protein DedA, putative transporter, DedA/Tvp38 family	M	Cell wall/membrane/envelope biogenesis
NODE_17000_length_5593_cov_5.183640_5	COG2336	225215	0.000329	30.435	MazE	Antitoxin component MazE of the MazEF toxin-antitoxin module	V	Defense mechanisms
NODE_17000_length_5593_cov_5.183640_7	COG0495	223569	0.0	49.858	LeuS	Leucyl-tRNA synthetase	J	Translation, ribosomal structure and biogenesis
NODE_17018_length_5589_cov_9.631731_2	COG0221	223299	4.46e-66	49.045	Ppa	Inorganic pyrophosphatase	C	Energy production and conversion
NODE_17018_length_5589_cov_9.631731_3	COG4636	226983	1.16e-14	23.392	Uma2	Endonuclease, Uma2 family (restriction endonuclease fold)	R	General function prediction only
NODE_17018_length_5589_cov_9.631731_4	COG2141	225052	1.5e-53	28.571	SsuD	Flavin-dependent oxidoreductase, luciferase family (includes alkanesulfonate monooxygenase SsuD and methylene tetrahydromethanopterin reductase)	H	Coenzyme transport and metabolism
NODE_17018_length_5589_cov_9.631731_5	COG0366	223443	1.64e-125	40.754	AmyA	Glycosidase/amylase (phosphorylase)	G	Carbohydrate transport and metabolism
NODE_17091_length_5570_cov_6.056029_1	COG1847	224760	6.64e-40	36.184	Jag	Predicted RNA-binding protein Jag (SpoIIIJ-associated), conains KH and R3H domains	R	General function prediction only
NODE_17091_length_5570_cov_6.056029_2	COG0524	223598	9.34e-16	27.632	RbsK	Sugar or nucleoside kinase, ribokinase family	G	Carbohydrate transport and metabolism
NODE_17091_length_5570_cov_6.056029_4	COG0626	223699	0.0	53.985	MetC	Cystathionine beta-lyase/cystathionine gamma-synthase	E	Amino acid transport and metabolism
NODE_17103_length_5567_cov_4.857039_1	COG1293	224212	1.44e-52	27.619	RqcH	Ribosome quality control (RQC) protein RqcH, Rqc2/NEMF/Tae2 family, contains fibronectin-(FbpA) and RNA- (NFACT) binding domains	J	Translation, ribosomal structure and biogenesis
NODE_17103_length_5567_cov_4.857039_2	COG2814	225371	5.67e-08	21.448	AraJ	Predicted arabinose efflux permease AraJ, MFS family	G	Carbohydrate transport and metabolism
NODE_17103_length_5567_cov_4.857039_4	COG1304	224223	1.08e-87	39.945	LldD	FMN-dependent dehydrogenase, includes L-lactate dehydrogenase and type II isopentenyl diphosphate isomerase	C	Energy production and conversion
NODE_17103_length_5567_cov_4.857039_5	COG0745	223816	5e-22	36.885	OmpR	DNA-binding response regulator, OmpR family, contains REC and winged-helix (wHTH) domain	T	Signal transduction mechanisms
NODE_17103_length_5567_cov_4.857039_6	COG0265	223343	1.79e-16	40.86	DegQ	Periplasmic serine protease, S1-C subfamily, contain C-terminal PDZ domain	O	Posttranslational modification, protein turnover, chaperones
NODE_17131_length_5559_cov_4.839935_2	COG0624	223697	1.71e-42	27.11	ArgE	Acetylornithine deacetylase/Succinyl-diaminopimelate desuccinylase or related deacylase	E	Amino acid transport and metabolism
NODE_17131_length_5559_cov_4.839935_5	COG1595	224511	7.25e-30	27.219	RpoE	DNA-directed RNA polymerase specialized sigma subunit, sigma24 family	K	Transcription
NODE_17131_length_5559_cov_4.839935_6	COG5662	227949	0.00022	23.973	RsiW	Transmembrane transcriptional regulator RsiW (anti-sigma-W factor)	K	Transcription
NODE_17131_length_5559_cov_4.839935_8	COG0017	223096	9.14e-64	36.036	AsnS	Aspartyl/asparaginyl-tRNA synthetase	J	Translation, ribosomal structure and biogenesis
NODE_17171_length_5546_cov_5.130395_1	COG0644	223717	3.1e-25	27.298	FixC	Dehydrogenase (flavoprotein)	C	Energy production and conversion
NODE_17171_length_5546_cov_5.130395_2	COG3424	225958	4.51e-86	33.795	BH0617	Predicted naringenin-chalcone synthase	Q	Secondary metabolites biosynthesis, transport and catabolism
NODE_17171_length_5546_cov_5.130395_4	COG0500	223574	0.007	18.584	SmtA	SAM-dependent methyltransferase	Q	Secondary metabolites biosynthesis, transport and catabolism
NODE_17171_length_5546_cov_5.130395_5	COG0382	223459	1.83e-13	24.335	UbiA	4-hydroxybenzoate polyprenyltransferase	H	Coenzyme transport and metabolism
NODE_17174_length_5545_cov_5.712022_1	COG4639	226986	1.54e-28	30.07		Predicted kinase	R	General function prediction only
NODE_17174_length_5545_cov_5.712022_2	COG2442	225291	3.72e-20	36.486		Predicted antitoxin component of a toxin-antitoxin system, DUF433 family	V	Defense mechanisms
NODE_17174_length_5545_cov_5.712022_3	COG2409	225272	3.07e-83	26.394	YdfJ	Predicted lipid transporter YdfJ, MMPL/SSD domain, RND superfamily	R	General function prediction only
NODE_17174_length_5545_cov_5.712022_4	COG0691	223763	4.19e-79	52.414	SmpB	tmRNA-binding protein	O	Posttranslational modification, protein turnover, chaperones
NODE_17222_length_5531_cov_6.429328_1	COG0673	223745	1.46e-20	30.675	MviM	Predicted dehydrogenase	R	General function prediction only
NODE_17222_length_5531_cov_6.429328_3	COG0515	223589	2.5e-31	24.183	SPS1	Serine/threonine protein kinase	T	Signal transduction mechanisms
NODE_17222_length_5531_cov_6.429328_4	COG0542	223616	0.000339	22.764	ClpA	ATP-dependent Clp protease, ATP-binding subunit ClpA	O	Posttranslational modification, protein turnover, chaperones
NODE_17268_length_5520_cov_5.267887_2	COG1633	224548	3.3e-06	25.0	YhjR	Rubrerythrin, includes spore coat protein YhjR	P	Inorganic ion transport and metabolism
NODE_17268_length_5520_cov_5.267887_3	COG0735	223806	4.41e-30	29.054	Fur	Fe2+ or Zn2+ uptake regulation protein Fur/Zur	P	Inorganic ion transport and metabolism
NODE_17268_length_5520_cov_5.267887_4	COG4783	227122	6.32e-07	21.795	BepA	Outer membrane protein chaperone/metalloprotease BepA/YfgC, contains M48 and TPR domains	M	Cell wall/membrane/envelope biogenesis
NODE_17268_length_5520_cov_5.267887_5	COG1403	224321	1.52e-09	35.821	McrA	5-methylcytosine-specific restriction endonuclease McrA	V	Defense mechanisms
NODE_17310_length_5509_cov_4.515218_5	COG1877	224789	8.56e-25	27.407	OtsB	Trehalose-6-phosphate phosphatase	G	Carbohydrate transport and metabolism
NODE_17324_length_5504_cov_4.104606_2	COG1595	224511	2.55e-36	39.241	RpoE	DNA-directed RNA polymerase specialized sigma subunit, sigma24 family	K	Transcription
NODE_17324_length_5504_cov_4.104606_3	COG0524	223598	8.28e-23	25.387	RbsK	Sugar or nucleoside kinase, ribokinase family	G	Carbohydrate transport and metabolism
NODE_17324_length_5504_cov_4.104606_4	COG0499	223573	0.0	57.831	SAM1	S-adenosylhomocysteine hydrolase	H	Coenzyme transport and metabolism
NODE_17324_length_5504_cov_4.104606_5	COG0192	223270	0.0	66.751	MetK	S-adenosylmethionine synthetase	H	Coenzyme transport and metabolism
NODE_17324_length_5504_cov_4.104606_6	COG5552	227839	1.18e-24	56.338		Uncharacterized conserved protein, DUF2277 domain	S	Function unknown
NODE_17374_length_5490_cov_4.588224_3	COG3300	225837	0.008	23.853	MHYT	MHYT domain, NO-binding membrane sensor	T	Signal transduction mechanisms
NODE_17374_length_5490_cov_4.588224_4	COG1396	224314	4.6e-08	36.923	HipB	Transcriptional regulator, contains XRE-family HTH domain	K	Transcription
NODE_17374_length_5490_cov_4.588224_5	COG0642	223715	4.24e-39	24.862	BaeS	Signal transduction histidine kinase	T	Signal transduction mechanisms
NODE_17411_length_5478_cov_4.407892_1	COG1413	224331	1.51e-10	38.365	HEAT	HEAT repeat	R	General function prediction only
NODE_17411_length_5478_cov_4.407892_3	COG0584	223657	1.87e-53	34.926	UgpQ	Glycerophosphoryl diester phosphodiesterase	I	Lipid transport and metabolism
NODE_17411_length_5478_cov_4.407892_5	COG4770	227111	0.0	51.786	PccA	Acetyl/propionyl-CoA carboxylase, alpha subunit	I	Lipid transport and metabolism
NODE_17411_length_5478_cov_4.407892_6	COG1396	224314	8.9e-09	22.892	HipB	Transcriptional regulator, contains XRE-family HTH domain	K	Transcription
NODE_17512_length_5451_cov_4.207746_1	COG0839	223909	3e-21	40.116	NuoJ	NADH:ubiquinone oxidoreductase subunit 6 (chain J)	C	Energy production and conversion
NODE_17512_length_5451_cov_4.207746_6	COG3260	225799	1.09e-41	37.762	HycG	Ni,Fe-hydrogenase III small subunit	C	Energy production and conversion
NODE_17512_length_5451_cov_4.207746_7	COG5271	227596	3.6e-07	24.0	MDN1	Midasin, AAA ATPase with  vWA domain, involved in ribosome maturation	J	Translation, ribosomal structure and biogenesis
NODE_17523_length_5445_cov_5.032096_2	COG3255	225794	0.000233	22.857	SCP2	Putative sterol carrier protein, contains SCP2 domain	I	Lipid transport and metabolism
NODE_17523_length_5445_cov_5.032096_3	COG2211	225121	3.77e-10	17.157	MelB	Na+/melibiose symporter or related transporter	G	Carbohydrate transport and metabolism
NODE_17523_length_5445_cov_5.032096_4	COG3246	225785	9.96e-30	26.797		Uncharacterized conserved protein, DUF849 family	S	Function unknown
NODE_17523_length_5445_cov_5.032096_5	COG1028	223959	3.93e-65	42.412	FabG	NAD(P)-dependent dehydrogenase, short-chain alcohol dehydrogenase family	I	Lipid transport and metabolism
NODE_17523_length_5445_cov_5.032096_6	COG2206	225116	8.94e-60	44.311	HDGYP	HD-GYP domain, c-di-GMP phosphodiesterase class II (or its inactivated variant)	T	Signal transduction mechanisms
NODE_17591_length_5429_cov_5.655192_1	COG0366	223443	2.98e-58	29.61	AmyA	Glycosidase/amylase (phosphorylase)	G	Carbohydrate transport and metabolism
NODE_17591_length_5429_cov_5.655192_2	COG4014	226501	0.005	27.692		Uncharacterized protein MTH814, DUF2098 family	S	Function unknown
NODE_17591_length_5429_cov_5.655192_4	COG3324	225861	6e-23	37.168	VOC	Lactoylglutathione lyase-related enzyme, vicinal oxygen chelate (VOC) family	R	General function prediction only
NODE_17591_length_5429_cov_5.655192_5	COG0596	223669	7.11e-30	31.69	MenH	2-succinyl-6-hydroxy-2,4-cyclohexadiene-1-carboxylate synthase MenH and related esterases, alpha/beta hydrolase fold	H	Coenzyme transport and metabolism
NODE_17591_length_5429_cov_5.655192_7	COG0840	223910	6.72e-10	26.374	Tar	Methyl-accepting chemotaxis protein (MCP)	T	Signal transduction mechanisms
NODE_17607_length_5426_cov_6.121020_1	COG3209	225750	0.000189	35.385	RhsA	Uncharacterized conserved protein RhaS, contains 28 RHS repeats	R	General function prediction only
NODE_17607_length_5426_cov_6.121020_3	COG3209	225750	0.003	51.852	RhsA	Uncharacterized conserved protein RhaS, contains 28 RHS repeats	R	General function prediction only
NODE_17607_length_5426_cov_6.121020_6	COG1960	224871	8.96e-55	51.955	CaiA	Acyl-CoA dehydrogenase related to the alkylation response protein AidB	I	Lipid transport and metabolism
NODE_17650_length_5415_cov_4.379478_1	COG0443	223520	0.0	62.396	DnaK	Molecular chaperone DnaK (HSP70)	O	Posttranslational modification, protein turnover, chaperones
NODE_17650_length_5415_cov_4.379478_2	COG0484	223560	2.14e-157	49.062	DnaJ	DnaJ-class molecular chaperone with C-terminal Zn finger domain	O	Posttranslational modification, protein turnover, chaperones
NODE_17671_length_5408_cov_6.611620_1	COG0296	223373	1.73e-123	33.156	GlgB	1,4-alpha-glucan branching enzyme	G	Carbohydrate transport and metabolism
NODE_17671_length_5408_cov_6.611620_2	COG1396	224314	9.22e-10	43.284	HipB	Transcriptional regulator, contains XRE-family HTH domain	K	Transcription
NODE_17671_length_5408_cov_6.611620_6	COG1193	224114	1.34e-121	44.695	MutS2	dsDNA-specific endonuclease/ATPase MutS2	L	Replication, recombination and repair
NODE_17721_length_5396_cov_5.340011_1	COG0617	223690	4.75e-77	31.51	PcnB	tRNA nucleotidyltransferase/poly(A) polymerase	J	Translation, ribosomal structure and biogenesis
NODE_17721_length_5396_cov_5.340011_2	COG1132	224055	0.0	39.054	MdlB	ABC-type multidrug transport system, ATPase and permease component	V	Defense mechanisms
NODE_17721_length_5396_cov_5.340011_3	COG0525	223599	0.0	58.67	ValS	Valyl-tRNA synthetase	J	Translation, ribosomal structure and biogenesis
NODE_17858_length_5359_cov_6.229072_1	COG1143	224066	8.69e-20	45.714	NuoI	Formate hydrogenlyase subunit 6/NADH:ubiquinone oxidoreductase 23 kD subunit (chain I)	C	Energy production and conversion
NODE_17858_length_5359_cov_6.229072_2	COG1598	224514	5.75e-05	35.135	HicB	Antitoxin component HicB of the HicAB toxin-antitoxin system	V	Defense mechanisms
NODE_17858_length_5359_cov_6.229072_4	COG4409	226840	0.003	21.296	NanH	Neuraminidase (sialidase) NanH, contains C-terminal autotransporter domain	G	Carbohydrate transport and metabolism
NODE_17858_length_5359_cov_6.229072_5	COG1024	223955	4.18e-64	42.412	CaiD	Enoyl-CoA hydratase/carnithine racemase	I	Lipid transport and metabolism
NODE_17858_length_5359_cov_6.229072_6	COG1505	224422	2.17e-30	30.964	PreP	Prolyl endopeptidase PreP, S9A serine peptidase family	E	Amino acid transport and metabolism
NODE_17907_length_5342_cov_5.094572_1	COG0083	223161	1.84e-83	42.258	ThrB	Homoserine kinase	E	Amino acid transport and metabolism
NODE_17907_length_5342_cov_5.094572_2	COG0863	223931	2.56e-05	58.065	YhdJ	DNA modification methylase	L	Replication, recombination and repair
NODE_17907_length_5342_cov_5.094572_4	COG0337	223414	2.48e-146	47.778	AroB	3-dehydroquinate synthetase	E	Amino acid transport and metabolism
NODE_17970_length_5327_cov_5.159143_1	COG4585	226951	4.52e-13	32.292	ComP	Signal transduction histidine kinase ComP	T	Signal transduction mechanisms
NODE_17970_length_5327_cov_5.159143_5	COG1136	224059	1.08e-88	49.01	LolD	ABC-type lipoprotein export system, ATPase component	M	Cell wall/membrane/envelope biogenesis
NODE_17970_length_5327_cov_5.159143_7	COG1487	224404	2.55e-14	28.244	VapC	Ribonuclease/mRNA interferase VapC, contains PIN domain	V	Defense mechanisms
NODE_17970_length_5327_cov_5.159143_9	COG0008	223087	1.94e-100	36.74	GlnS	Glutamyl- or glutaminyl-tRNA synthetase	J	Translation, ribosomal structure and biogenesis
NODE_18103_length_5292_cov_4.138438_1	COG1234	224155	0.000271	25.292	ElaC	Ribonuclease BN, tRNA processing enzyme	J	Translation, ribosomal structure and biogenesis
NODE_18103_length_5292_cov_4.138438_2	COG1242	224163	0.002	26.882	YhcC	Radical SAM superfamily enzyme	R	General function prediction only
NODE_18103_length_5292_cov_4.138438_4	COG2204	225114	5.61e-19	39.669	AtoC	DNA-binding transcriptional response regulator, NtrC family, contains REC, AAA-type ATPase, and a Fis-type DNA-binding domains	T	Signal transduction mechanisms
NODE_18103_length_5292_cov_4.138438_6	COG1574	224490	3.17e-140	40.335	YtcJ	Predicted amidohydrolase YtcJ	R	General function prediction only
NODE_18103_length_5292_cov_4.138438_8	COG0524	223598	1.04e-12	43.284	RbsK	Sugar or nucleoside kinase, ribokinase family	G	Carbohydrate transport and metabolism
NODE_18230_length_5257_cov_4.964437_1	COG1131	224054	8.91e-99	39.264	CcmA	ABC-type multidrug transport system, ATPase component	V	Defense mechanisms
NODE_18230_length_5257_cov_4.964437_2	COG0842	223912	1.33e-11	23.301	YadH	ABC-type multidrug transport system, permease component	V	Defense mechanisms
NODE_18230_length_5257_cov_4.964437_3	COG0842	223912	1.65e-13	22.785	YadH	ABC-type multidrug transport system, permease component	V	Defense mechanisms
NODE_18230_length_5257_cov_4.964437_5	COG1487	224404	1.41e-14	29.545	VapC	Ribonuclease/mRNA interferase VapC, contains PIN domain	V	Defense mechanisms
NODE_18395_length_5212_cov_5.027729_3	COG1779	224693	4.54e-06	28.205	Zpr1	C4-type Zn-finger protein	R	General function prediction only
NODE_18395_length_5212_cov_5.027729_4	COG2319	225201	1.48e-33	34.156	WD40	WD40 repeat	R	General function prediction only
NODE_18395_length_5212_cov_5.027729_6	COG1211	224132	4.54e-26	28.646	IspD	2-C-methyl-D-erythritol 4-phosphate cytidylyltransferase	I	Lipid transport and metabolism
NODE_18395_length_5212_cov_5.027729_7	COG5662	227949	6.8e-06	24.051	RsiW	Transmembrane transcriptional regulator RsiW (anti-sigma-W factor)	K	Transcription
NODE_18395_length_5212_cov_5.027729_8	COG1595	224511	1.22e-39	33.005	RpoE	DNA-directed RNA polymerase specialized sigma subunit, sigma24 family	K	Transcription
NODE_18547_length_5177_cov_5.525771_1	COG0747	223818	6.66e-46	20.466	DdpA	ABC-type transport system, periplasmic component	E	Amino acid transport and metabolism
NODE_18547_length_5177_cov_5.525771_3	COG1595	224511	9.52e-20	29.612	RpoE	DNA-directed RNA polymerase specialized sigma subunit, sigma24 family	K	Transcription
NODE_18547_length_5177_cov_5.525771_4	COG1249	224169	6.39e-103	48.148	Lpd	Dihydrolipoamide dehydrogenase (E3) component of pyruvate/2-oxoglutarate dehydrogenase complex or glutathione oxidoreductase	C	Energy production and conversion
NODE_18566_length_5173_cov_4.442946_4	COG0477	223553	0.002	19.874	ProP	MFS family permease, includes anhydromuropeptide permease AmpG	G	Carbohydrate transport and metabolism
NODE_18566_length_5173_cov_4.442946_5	COG4818	227155	8.39e-07	33.654		Uncharacterized membrane protein MJ1443, UPF0132 family	S	Function unknown
NODE_18566_length_5173_cov_4.442946_6	COG0357	223434	8.8e-61	42.268	RsmG	16S rRNA G527 N7-methylase RsmG (former glucose-inhibited division protein B)	J	Translation, ribosomal structure and biogenesis
NODE_18575_length_5171_cov_5.319977_1	COG0675	223747	2.96e-15	40.26	InsQ	Transposase	X	Mobilome: prophages, transposons
NODE_18575_length_5171_cov_5.319977_4	COG2205	225115	3.49e-159	49.114	KdpD	K+-sensing histidine kinase KdpD	T	Signal transduction mechanisms
NODE_18575_length_5171_cov_5.319977_5	COG2060	224971	9.3e-180	55.024	KdpA	K+-transporting ATPase, KdpA subunit	P	Inorganic ion transport and metabolism
NODE_18575_length_5171_cov_5.319977_6	COG2156	225067	3.94e-16	55.556	KdpC	K+-transporting ATPase, KdpC subunit	P	Inorganic ion transport and metabolism
NODE_18621_length_5158_cov_3.966490_2	COG2148	225059	4.19e-72	45.957	WcaJ	Sugar transferase involved in LPS biosynthesis (colanic, teichoic acid)	M	Cell wall/membrane/envelope biogenesis
NODE_18621_length_5158_cov_3.966490_3	COG0438	223515	2.24e-48	26.842	RfaB	Glycosyltransferase involved in cell wall bisynthesis	M	Cell wall/membrane/envelope biogenesis
NODE_18621_length_5158_cov_3.966490_4	COG0631	223704	1.31e-77	43.651	PTC1	Serine/threonine protein phosphatase PrpC	T	Signal transduction mechanisms
NODE_18635_length_5155_cov_5.685686_1	COG5662	227949	2.24e-06	25.694	RsiW	Transmembrane transcriptional regulator RsiW (anti-sigma-W factor)	K	Transcription
NODE_18635_length_5155_cov_5.685686_2	COG1595	224511	3.79e-35	33.696	RpoE	DNA-directed RNA polymerase specialized sigma subunit, sigma24 family	K	Transcription
NODE_18635_length_5155_cov_5.685686_3	COG2897	225450	3.68e-89	41.754	SseA	3-mercaptopyruvate sulfurtransferase SseA, contains two rhodanese domains	P	Inorganic ion transport and metabolism
NODE_18635_length_5155_cov_5.685686_5	COG1199	224120	2.86e-43	28.571	DinG	Rad3-related DNA helicase DinG	L	Replication, recombination and repair
NODE_18680_length_5143_cov_4.614387_2	COG0675	223747	3.84e-21	21.397	InsQ	Transposase	X	Mobilome: prophages, transposons
NODE_18680_length_5143_cov_4.614387_4	COG1387	224305	2.96e-33	25.714	HIS2	Histidinol phosphatase or related hydrolase of the PHP family	E	Amino acid transport and metabolism
NODE_18680_length_5143_cov_4.614387_5	COG0491	223565	1.79e-26	24.107	GloB	Glyoxylase or a related metal-dependent hydrolase, beta-lactamase superfamily II	R	General function prediction only
NODE_18741_length_5125_cov_5.224852_4	COG0393	223470	2.12e-28	37.383	YbjQ	Uncharacterized pentameric protein YbjQ, UPF0145 family	S	Function unknown
NODE_18741_length_5125_cov_5.224852_5	COG1335	224254	9.14e-08	17.822	PncA	Nicotinamidase-related amidase	H	Coenzyme transport and metabolism
NODE_18741_length_5125_cov_5.224852_6	COG2814	225371	0.000105	18.045	AraJ	Predicted arabinose efflux permease AraJ, MFS family	G	Carbohydrate transport and metabolism
NODE_18755_length_5122_cov_5.243734_1	COG1100	224025	2.04e-13	27.857	Gem1	GTPase SAR1 family domain	R	General function prediction only
NODE_18755_length_5122_cov_5.243734_3	COG1641	224556	3.7e-48	46.0	LarC	CTP-dependent cyclometallase, nickel-pincer nucleotide (NPN) cofactor biosynthesis	H	Coenzyme transport and metabolism
NODE_18755_length_5122_cov_5.243734_4	COG0681	223753	3.49e-13	23.27	LepB	Signal peptidase I	U	Intracellular trafficking, secretion, and vesicular transport
NODE_18755_length_5122_cov_5.243734_5	COG0449	223526	3.78e-57	28.61	GlmS	Glucosamine 6-phosphate synthetase, contains amidotransferase and phosphosugar isomerase domains	M	Cell wall/membrane/envelope biogenesis
NODE_18755_length_5122_cov_5.243734_6	COG0836	223906	9.95e-18	62.857	CpsB	Mannose-1-phosphate guanylyltransferase	M	Cell wall/membrane/envelope biogenesis
NODE_18770_length_5119_cov_4.796406_1	COG1262	224182	8e-17	29.915	YfmG	Formylglycine-generating enzyme, required for sulfatase activity, contains SUMF1/FGE domain	O	Posttranslational modification, protein turnover, chaperones
NODE_18770_length_5119_cov_4.796406_2	COG1830	224743	9.84e-63	35.789	FbaB	Fructose-bisphosphate aldolase class Ia, DhnA family	G	Carbohydrate transport and metabolism
NODE_18770_length_5119_cov_4.796406_4	COG0456	223532	5.27e-12	21.341	RimI	Ribosomal protein S18 acetylase RimI and related acetyltransferases	J	Translation, ribosomal structure and biogenesis
NODE_18770_length_5119_cov_4.796406_7	COG2262	225171	0.004	29.63	HflX	50S ribosomal subunit-associated GTPase HflX	J	Translation, ribosomal structure and biogenesis
NODE_18785_length_5116_cov_4.900020_2	COG1250	224170	1.56e-109	52.809	FadB	3-hydroxyacyl-CoA dehydrogenase	I	Lipid transport and metabolism
NODE_18785_length_5116_cov_4.900020_5	COG1186	224107	5.11e-123	53.138	PrfB	Protein chain release factor PrfB	J	Translation, ribosomal structure and biogenesis
NODE_18785_length_5116_cov_4.900020_6	COG0484	223560	1.83e-05	37.838	DnaJ	DnaJ-class molecular chaperone with C-terminal Zn finger domain	O	Posttranslational modification, protein turnover, chaperones
NODE_18785_length_5116_cov_4.900020_7	COG0515	223589	1.29e-49	29.897	SPS1	Serine/threonine protein kinase	T	Signal transduction mechanisms
NODE_18795_length_5114_cov_5.275746_1	COG0840	223910	3.66e-35	34.685	Tar	Methyl-accepting chemotaxis protein (MCP)	T	Signal transduction mechanisms
NODE_18795_length_5114_cov_5.275746_2	COG3391	225926	2.61e-33	34.629	YncE	DNA-binding beta-propeller fold protein YncE	R	General function prediction only
NODE_18795_length_5114_cov_5.275746_3	COG0745	223816	1.06e-84	45.175	OmpR	DNA-binding response regulator, OmpR family, contains REC and winged-helix (wHTH) domain	T	Signal transduction mechanisms
NODE_18795_length_5114_cov_5.275746_4	COG0642	223715	5.06e-72	40.594	BaeS	Signal transduction histidine kinase	T	Signal transduction mechanisms
NODE_18815_length_5107_cov_4.871536_1	COG0411	223488	3.29e-60	51.449	LivG	ABC-type branched-chain amino acid transport system, ATPase component LivG	E	Amino acid transport and metabolism
NODE_18815_length_5107_cov_4.871536_2	COG4177	226645	2.8e-70	41.04	LivM	ABC-type branched-chain amino acid transport system, permease component	E	Amino acid transport and metabolism
NODE_18815_length_5107_cov_4.871536_3	COG0559	223633	3.07e-72	43.0	LivH	Branched-chain amino acid ABC-type transport system, permease component	E	Amino acid transport and metabolism
NODE_18815_length_5107_cov_4.871536_4	COG0683	223755	2.47e-35	27.321	LivK	ABC-type branched-chain amino acid transport system, periplasmic component	E	Amino acid transport and metabolism
NODE_18815_length_5107_cov_4.871536_5	COG0145	223223	1.07e-53	39.271	HyuA	N-methylhydantoinase A/oxoprolinase/acetone carboxylase, beta subunit	E	Amino acid transport and metabolism
NODE_18834_length_5102_cov_4.966911_1	COG0593	223666	0.000131	34.783	DnaA	Chromosomal replication initiation ATPase DnaA	L	Replication, recombination and repair
NODE_18834_length_5102_cov_4.966911_3	COG0508	223582	1.93e-89	48.416	AceF	Pyruvate/2-oxoglutarate dehydrogenase complex, dihydrolipoamide acyltransferase (E2) component	C	Energy production and conversion
NODE_18904_length_5085_cov_5.264612_1	COG1554	224471	2.72e-27	25.439	ATH1	Kojibiose phosphorylase YcjT	G	Carbohydrate transport and metabolism
NODE_18904_length_5085_cov_5.264612_4	COG0456	223532	1.53e-13	23.837	RimI	Ribosomal protein S18 acetylase RimI and related acetyltransferases	J	Translation, ribosomal structure and biogenesis
NODE_18904_length_5085_cov_5.264612_5	COG0771	223842	3.17e-76	35.806	MurD	UDP-N-acetylmuramoylalanine-D-glutamate ligase	M	Cell wall/membrane/envelope biogenesis
NODE_18984_length_5066_cov_4.911195_1	COG1960	224871	3.11e-29	49.398	CaiA	Acyl-CoA dehydrogenase related to the alkylation response protein AidB	I	Lipid transport and metabolism
NODE_18984_length_5066_cov_4.911195_2	COG2746	225351	5.53e-68	38.889	YokD	Aminoglycoside N3'-acetyltransferase	V	Defense mechanisms
NODE_18984_length_5066_cov_4.911195_3	COG0125	223203	9.3e-71	42.534	Tmk	Thymidylate kinase	F	Nucleotide transport and metabolism
NODE_18984_length_5066_cov_4.911195_4	COG0642	223715	3.28e-37	25.967	BaeS	Signal transduction histidine kinase	T	Signal transduction mechanisms
NODE_18984_length_5066_cov_4.911195_5	COG0745	223816	2.14e-29	38.596	OmpR	DNA-binding response regulator, OmpR family, contains REC and winged-helix (wHTH) domain	T	Signal transduction mechanisms
NODE_19022_length_5058_cov_7.140516_1	COG0675	223747	2.89e-44	26.5	InsQ	Transposase	X	Mobilome: prophages, transposons
NODE_19022_length_5058_cov_7.140516_3	COG0693	223765	4.98e-34	33.333	YajL	Protein/nucleotide deglycase, PfpI/YajL/DJ-1 family (repair of methylglyoxal-glycated proteins and nucleic acids)	V	Defense mechanisms
NODE_19022_length_5058_cov_7.140516_4	COG1009	223941	3.93e-155	43.307	NuoL	Membrane H+-translocase/NADH:ubiquinone oxidoreductase subunit 5 (chain L)/Multisubunit Na+/H+ antiporter, MnhA subunit	C	Energy production and conversion
NODE_19022_length_5058_cov_7.140516_5	COG0713	223785	8.44e-34	54.545	NuoK	NADH:ubiquinone oxidoreductase subunit 11 or 4L (chain K)	C	Energy production and conversion
NODE_19197_length_5023_cov_4.740137_1	COG0177	223255	1.28e-45	35.747	Nth	Endonuclease III	L	Replication, recombination and repair
NODE_19197_length_5023_cov_4.740137_3	COG0501	223575	6.47e-44	28.289	HtpX	Zn-dependent protease with chaperone function	O	Posttranslational modification, protein turnover, chaperones
NODE_19197_length_5023_cov_4.740137_5	COG2226	225136	4.41e-20	29.134	UbiE	Ubiquinone/menaquinone biosynthesis C-methylase UbiE/MenG	H	Coenzyme transport and metabolism
NODE_19214_length_5019_cov_5.396656_2	COG0614	223687	3.03e-48	29.968	FepB	ABC-type Fe3+-hydroxamate transport system, periplasmic component	P	Inorganic ion transport and metabolism
NODE_19214_length_5019_cov_5.396656_3	COG1520	224437	2.37e-09	22.957	PQQ	Outer membrane protein assembly factor BamB, contains PQQ-like beta-propeller repeat	M	Cell wall/membrane/envelope biogenesis
NODE_19289_length_5000_cov_5.321941_1	COG0518	223592	2.64e-73	47.191	GuaA1	GMP synthase, glutamine amidotransferase domain	F	Nucleotide transport and metabolism
NODE_19289_length_5000_cov_5.321941_3	COG1846	224759	1.45e-15	26.4	MarR	DNA-binding transcriptional regulator, MarR family	K	Transcription
NODE_19289_length_5000_cov_5.321941_5	COG1012	223944	0.0	51.899	AdhE	Acyl-CoA reductase or other NAD-dependent aldehyde dehydrogenase	I	Lipid transport and metabolism
NODE_19289_length_5000_cov_5.321941_6	COG1062	223990	3.2e-114	44.142	FrmA	Zn-dependent alcohol/formaldehyde dehydrogenase	C	Energy production and conversion
NODE_19521_length_4943_cov_4.784370_1	COG0515	223589	1.63e-38	35.354	SPS1	Serine/threonine protein kinase	T	Signal transduction mechanisms
NODE_19521_length_4943_cov_4.784370_2	COG0303	223380	2.64e-133	47.188	MoeA	Molybdopterin Mo-transferase (molybdopterin biosynthesis)	H	Coenzyme transport and metabolism
NODE_19521_length_4943_cov_4.784370_6	COG0320	223397	0.0	61.837	LipA	Lipoate synthase	H	Coenzyme transport and metabolism
NODE_19587_length_4926_cov_5.420242_2	COG1595	224511	4.93e-15	26.351	RpoE	DNA-directed RNA polymerase specialized sigma subunit, sigma24 family	K	Transcription
NODE_19587_length_4926_cov_5.420242_3	COG1547	224464	8.88e-06	31.707	YpuF	Predicted metal-dependent hydrolase	S	Function unknown
NODE_19587_length_4926_cov_5.420242_6	COG2815	225372	2.68e-07	32.258	PASTA	PASTA domain, binds beta-lactams	M	Cell wall/membrane/envelope biogenesis
NODE_19611_length_4921_cov_4.943896_1	COG1132	224055	3.47e-173	45.776	MdlB	ABC-type multidrug transport system, ATPase and permease component	V	Defense mechanisms
NODE_19611_length_4921_cov_4.943896_2	COG1132	224055	0.0	42.657	MdlB	ABC-type multidrug transport system, ATPase and permease component	V	Defense mechanisms
NODE_19611_length_4921_cov_4.943896_3	COG2207	225117	1.59e-33	41.228	AraC	AraC-type DNA-binding domain and AraC-containing proteins	K	Transcription
NODE_19618_length_4919_cov_5.373561_3	COG0840	223910	3.87e-32	45.522	Tar	Methyl-accepting chemotaxis protein (MCP)	T	Signal transduction mechanisms
NODE_19618_length_4919_cov_5.373561_5	COG1595	224511	1.82e-26	30.147	RpoE	DNA-directed RNA polymerase specialized sigma subunit, sigma24 family	K	Transcription
NODE_19618_length_4919_cov_5.373561_7	COG1695	224609	3.29e-10	29.412	PadR	DNA-binding transcriptional regulator, PadR family	K	Transcription
NODE_19619_length_4919_cov_4.931743_1	COG1192	224113	2.03e-16	59.574	ParA	ParA-like ATPase involved in chromosome/plasmid partitioning or cellulose biosynthesis protein BcsQ	D	Cell cycle control, cell division, chromosome partitioning
NODE_19619_length_4919_cov_4.931743_2	COG1192	224113	8.01e-11	27.273	ParA	ParA-like ATPase involved in chromosome/plasmid partitioning or cellulose biosynthesis protein BcsQ	D	Cell cycle control, cell division, chromosome partitioning
NODE_19619_length_4919_cov_4.931743_5	COG2410	225273	3.85e-06	28.767		Predicted nuclease (RNAse H fold)	R	General function prediction only
NODE_19619_length_4919_cov_4.931743_6	COG0561	223635	1.79e-52	28.464	Cof	Hydroxymethylpyrimidine pyrophosphatase and other HAD family phosphatases	H	Coenzyme transport and metabolism
NODE_19619_length_4919_cov_4.931743_7	COG1641	224556	1.26e-64	44.444	LarC	CTP-dependent cyclometallase, nickel-pincer nucleotide (NPN) cofactor biosynthesis	H	Coenzyme transport and metabolism
NODE_19663_length_4912_cov_6.112827_1	COG0387	223464	7.63e-38	29.795	ChaA	Cation (Ca2+/Na+/K+)/H+ antiporter ChaA	P	Inorganic ion transport and metabolism
NODE_19663_length_4912_cov_6.112827_3	COG1012	223944	0.0	49.688	AdhE	Acyl-CoA reductase or other NAD-dependent aldehyde dehydrogenase	I	Lipid transport and metabolism
NODE_19663_length_4912_cov_6.112827_4	COG2248	225157	0.009	25.0		Predicted hydrolase, metallo-beta-lactamase superfamily	R	General function prediction only
NODE_19689_length_4908_cov_6.042654_1	COG2896	225449	2.32e-100	46.124	MoaA	GTP 3',8-cyclase (molybdenum cofactor biosynthesis protein MoaA)	H	Coenzyme transport and metabolism
NODE_19689_length_4908_cov_6.042654_2	COG4934	227270	2.04e-15	26.357		Serine protease, subtilase family	O	Posttranslational modification, protein turnover, chaperones
NODE_19689_length_4908_cov_6.042654_5	COG0654	223727	2.41e-43	28.165	UbiH	2-polyprenyl-6-methoxyphenol hydroxylase and related FAD-dependent oxidoreductases	H	Coenzyme transport and metabolism
NODE_19745_length_4896_cov_6.920884_1	COG2823	225379	5.08e-08	27.632	OsmY	Osmotically-inducible protein OsmY, contains BON domain	M	Cell wall/membrane/envelope biogenesis
NODE_19745_length_4896_cov_6.920884_4	COG3808	226330	0.0	46.107	OVP1	Na+ or H+-translocating membrane pyrophosphatase	C	Energy production and conversion
NODE_19812_length_4882_cov_4.161591_2	COG1200	224121	0.0	47.714	RecG	RecG-like helicase	L	Replication, recombination and repair
NODE_19822_length_4879_cov_5.547886_4	COG0823	223893	7.34e-08	21.239	TolB	Periplasmic component TolB of the Tol biopolymer transport system	U	Intracellular trafficking, secretion, and vesicular transport
NODE_19822_length_4879_cov_5.547886_5	COG0265	223343	2.15e-06	18.495	DegQ	Periplasmic serine protease, S1-C subfamily, contain C-terminal PDZ domain	O	Posttranslational modification, protein turnover, chaperones
NODE_19822_length_4879_cov_5.547886_7	COG1235	224156	0.01	27.273	PhnP	Phosphoribosyl 1,2-cyclic phosphate phosphodiesterase	P	Inorganic ion transport and metabolism
NODE_19898_length_4862_cov_4.512378_2	COG0179	223257	1.18e-67	32.753	YcgM	2-keto-4-pentenoate hydratase/2-oxohepta-3-ene-1,7-dioic acid hydratase (catechol pathway)	Q	Secondary metabolites biosynthesis, transport and catabolism
NODE_19898_length_4862_cov_4.512378_5	COG1598	224514	2.85e-08	29.412	HicB	Antitoxin component HicB of the HicAB toxin-antitoxin system	V	Defense mechanisms
NODE_19898_length_4862_cov_4.512378_8	COG3617	226144	0.000245	26.0		Prophage antirepressor	X	Mobilome: prophages, transposons
NODE_20020_length_4841_cov_5.321145_1	COG0366	223443	4.28e-47	22.642	AmyA	Glycosidase/amylase (phosphorylase)	G	Carbohydrate transport and metabolism
NODE_20020_length_4841_cov_5.321145_2	COG0115	223193	3.21e-82	35.172	IlvE	Branched-chain amino acid aminotransferase/4-amino-4-deoxychorismate lyase	E	Amino acid transport and metabolism
NODE_20020_length_4841_cov_5.321145_3	COG0697	223769	8.65e-17	29.066	RhaT	Permease of the drug/metabolite transporter (DMT) superfamily	G	Carbohydrate transport and metabolism
NODE_20020_length_4841_cov_5.321145_4	COG0251	223329	2e-31	39.496	RidA	Enamine deaminase RidA, house cleaning of reactive enamine intermediates, YjgF/YER057c/UK114 family	V	Defense mechanisms
NODE_20053_length_4834_cov_4.997489_4	COG4449	226857	0.003	21.023		Predicted protease, Abi (CAAX) family	R	General function prediction only
NODE_20053_length_4834_cov_4.997489_6	COG1131	224054	1.31e-39	32.0	CcmA	ABC-type multidrug transport system, ATPase component	V	Defense mechanisms
NODE_20053_length_4834_cov_4.997489_7	COG1725	224639	5.35e-28	30.088	YhcF	DNA-binding transcriptional regulator YhcF, GntR family	K	Transcription
NODE_20053_length_4834_cov_4.997489_8	COG1668	224582	2.12e-22	26.484	NatB	ABC-type Na+ efflux pump, permease component NatB	C	Energy production and conversion
NODE_20087_length_4827_cov_5.435247_1	COG3899	226415	1.7e-40	23.347		Predicted ATPase	R	General function prediction only
NODE_20087_length_4827_cov_5.435247_3	COG3534	226064	9.73e-05	24.242	AbfA	Alpha-L-arabinofuranosidase	G	Carbohydrate transport and metabolism
NODE_20119_length_4820_cov_5.073662_1	COG0642	223715	1.01e-16	23.043	BaeS	Signal transduction histidine kinase	T	Signal transduction mechanisms
NODE_20119_length_4820_cov_5.073662_2	COG3437	225971	1.26e-28	36.957	RpfG	Response regulator c-di-GMP phosphodiesterase, RpfG family, contains REC and HD-GYP domains	T	Signal transduction mechanisms
NODE_20119_length_4820_cov_5.073662_4	COG1668	224582	0.002	17.874	NatB	ABC-type Na+ efflux pump, permease component NatB	C	Energy production and conversion
NODE_20119_length_4820_cov_5.073662_5	COG1131	224054	1.97e-97	39.404	CcmA	ABC-type multidrug transport system, ATPase component	V	Defense mechanisms
NODE_20133_length_4816_cov_4.928376_2	COG0668	223740	1.93e-35	30.112	MscS	Small-conductance mechanosensitive channel	M	Cell wall/membrane/envelope biogenesis
NODE_20133_length_4816_cov_4.928376_4	COG0172	223250	0.0	46.911	SerS	Seryl-tRNA synthetase	J	Translation, ribosomal structure and biogenesis
NODE_20133_length_4816_cov_4.928376_5	COG0365	223442	2.32e-27	50.617	Acs	Acyl-coenzyme A synthetase/AMP-(fatty) acid ligase	I	Lipid transport and metabolism
NODE_20136_length_4816_cov_4.403067_2	COG0764	223835	1.69e-61	48.936	FabA	3-hydroxymyristoyl/3-hydroxydecanoyl-(acyl carrier protein) dehydratase	I	Lipid transport and metabolism
NODE_20136_length_4816_cov_4.403067_3	COG3815	226336	0.003	40.0		Uncharacterized membrane protein	S	Function unknown
NODE_20136_length_4816_cov_4.403067_4	COG0785	223856	8.07e-38	40.084	CcdA	Cytochrome c biogenesis protein CcdA	C	Energy production and conversion
NODE_20136_length_4816_cov_4.403067_9	COG1252	224172	1.16e-81	46.396	Ndh	NADH dehydrogenase, FAD-containing subunit	C	Energy production and conversion
NODE_20180_length_4805_cov_3.772000_1	COG0419	223496	1.66e-15	17.587	SbcC	DNA repair exonuclease SbcCD ATPase subunit	L	Replication, recombination and repair
NODE_20180_length_4805_cov_3.772000_2	COG0420	223497	1.31e-14	23.729	SbcD	DNA repair exonuclease SbcCD nuclease subunit	L	Replication, recombination and repair
NODE_20185_length_4804_cov_4.993893_2	COG1316	224235	1.75e-51	34.536	Cps2a	Anionic cell wall polymer biosynthesis enzyme TagV/TagU,  LytR-Cps2A-Psr (LCP) family (peptidoglycan teichoic acid transferase)	M	Cell wall/membrane/envelope biogenesis
NODE_20185_length_4804_cov_4.993893_3	COG2755	225353	1.73e-10	21.849	TesA	Lysophospholipase L1 or related esterase. Includes spore coat protein LipC/YcsK	D	Cell cycle control, cell division, chromosome partitioning
NODE_20185_length_4804_cov_4.993893_4	COG2909	225461	1.62e-112	42.317	MalT	ATP-, maltotriose- and DNA-dependent transcriptional regulator MalT	K	Transcription
NODE_20265_length_4785_cov_5.634038_1	COG0225	223303	2.22e-87	57.595	MsrA	Peptide methionine sulfoxide reductase MsrA	O	Posttranslational modification, protein turnover, chaperones
NODE_20265_length_4785_cov_5.634038_2	COG1280	224199	1.73e-41	37.255	RhtB	Threonine/homoserine/homoserine lactone efflux protein	E	Amino acid transport and metabolism
NODE_20265_length_4785_cov_5.634038_4	COG0251	223329	2.63e-32	38.636	RidA	Enamine deaminase RidA, house cleaning of reactive enamine intermediates, YjgF/YER057c/UK114 family	V	Defense mechanisms
NODE_20265_length_4785_cov_5.634038_5	COG0365	223442	3.21e-75	42.925	Acs	Acyl-coenzyme A synthetase/AMP-(fatty) acid ligase	I	Lipid transport and metabolism
NODE_20265_length_4785_cov_5.634038_6	COG0365	223442	2.64e-10	28.0	Acs	Acyl-coenzyme A synthetase/AMP-(fatty) acid ligase	I	Lipid transport and metabolism
NODE_20350_length_4768_cov_5.874390_1	COG0062	223140	1.38e-14	35.616	Nnr1	NAD(P)H-hydrate repair enzyme Nnr, NAD(P)H-hydrate epimerase domain	F	Nucleotide transport and metabolism
NODE_20350_length_4768_cov_5.874390_2	COG0387	223464	2.53e-34	24.169	ChaA	Cation (Ca2+/Na+/K+)/H+ antiporter ChaA	P	Inorganic ion transport and metabolism
NODE_20350_length_4768_cov_5.874390_5	COG0379	223456	7.22e-125	38.776	NadA	Quinolinate synthase	H	Coenzyme transport and metabolism
NODE_20351_length_4768_cov_4.519414_1	COG2159	225070	3.81e-49	31.769	LigW	5-carboxyvanillate decarboxylase LigW (lignin degradation), amidohydro domain	G	Carbohydrate transport and metabolism
NODE_20351_length_4768_cov_4.519414_2	COG0449	223526	0.0	51.447	GlmS	Glucosamine 6-phosphate synthetase, contains amidotransferase and phosphosugar isomerase domains	M	Cell wall/membrane/envelope biogenesis
NODE_20351_length_4768_cov_4.519414_3	COG1639	224554	5.87e-18	25.781	HDOD	HD-like signal output (HDOD) domain, no enzymatic activity	T	Signal transduction mechanisms
NODE_20432_length_4752_cov_6.572919_7	COG4977	227311	1.37e-46	31.633	GlxA	Transcriptional regulator GlxA, contains an amidase domain and an AraC-type DNA-binding HTH domain	K	Transcription
NODE_20432_length_4752_cov_6.572919_10	COG0531	223605	3.5e-17	22.581	PotE	Serine transporter YbeC, amino acid:H+ symporter family	E	Amino acid transport and metabolism
NODE_20438_length_4751_cov_6.324532_1	COG2319	225201	2.4e-49	25.631	WD40	WD40 repeat	R	General function prediction only
NODE_20453_length_4748_cov_4.552951_3	COG0740	223811	7.23e-110	60.309	ClpP	ATP-dependent protease ClpP, protease subunit	O	Posttranslational modification, protein turnover, chaperones
NODE_20453_length_4748_cov_4.552951_4	COG1695	224609	8.21e-10	21.6	PadR	DNA-binding transcriptional regulator, PadR family	K	Transcription
NODE_20453_length_4748_cov_4.552951_5	COG4063	226549	6.92e-41	43.558	MtrA	Tetrahydromethanopterin S-methyltransferase, subunit A	H	Coenzyme transport and metabolism
NODE_20453_length_4748_cov_4.552951_6	COG3307	225844	5.4e-07	24.0	RfaL	O-antigen ligase	M	Cell wall/membrane/envelope biogenesis
NODE_20489_length_4743_cov_4.914036_2	COG1472	224389	1.27e-61	35.103	BglX	Periplasmic beta-glucosidase and related glycosidases	G	Carbohydrate transport and metabolism
NODE_20489_length_4743_cov_4.914036_3	COG1961	224872	0.003	31.579	SpoIVCA	Site-specific DNA recombinase SpoIVCA/DNA invertase PinE	L	Replication, recombination and repair
NODE_20489_length_4743_cov_4.914036_5	COG0302	223379	9.32e-82	31.977	FolE	GTP cyclohydrolase I	H	Coenzyme transport and metabolism
NODE_20489_length_4743_cov_4.914036_6	COG1606	224522	1.18e-81	40.964		ATP-utilizing enzyme, PP-loop superfamily	R	General function prediction only
NODE_20548_length_4733_cov_4.738136_1	COG3865	226383	4.63e-57	48.026		Glyoxalase superfamily enzyme, possible 3-demethylubiquinone-9 3-methyltransferase	R	General function prediction only
NODE_20548_length_4733_cov_4.738136_2	COG0438	223515	7.31e-44	30.818	RfaB	Glycosyltransferase involved in cell wall bisynthesis	M	Cell wall/membrane/envelope biogenesis
NODE_20548_length_4733_cov_4.738136_5	COG2230	225139	1.32e-54	58.12	Cfa	Cyclopropane fatty-acyl-phospholipid synthase and related methyltransferases	I	Lipid transport and metabolism
NODE_20613_length_4720_cov_5.838156_1	COG2204	225114	0.001	39.474	AtoC	DNA-binding transcriptional response regulator, NtrC family, contains REC, AAA-type ATPase, and a Fis-type DNA-binding domains	T	Signal transduction mechanisms
NODE_20613_length_4720_cov_5.838156_2	COG1313	224232	2.07e-104	42.123	PflX	Radical SAM superfamily enzyme PflX	R	General function prediction only
NODE_20613_length_4720_cov_5.838156_6	COG5010	227343	7.77e-08	30.986	TadD	Flp pilus assembly protein TadD, contains TPR repeats	U	Intracellular trafficking, secretion, and vesicular transport
NODE_20613_length_4720_cov_5.838156_7	COG0180	223258	4.69e-147	50.962	TrpS	Tryptophanyl-tRNA synthetase	J	Translation, ribosomal structure and biogenesis
NODE_20615_length_4720_cov_5.293462_2	COG0640	223713	8.19e-17	33.333	ArsR	DNA-binding transcriptional regulator, ArsR family	K	Transcription
NODE_20615_length_4720_cov_5.293462_5	COG0136	223214	0.000391	26.733	Asd	Aspartate-semialdehyde dehydrogenase	E	Amino acid transport and metabolism
NODE_20615_length_4720_cov_5.293462_6	COG4230	226683	0.007	48.649	PutA2	Delta 1-pyrroline-5-carboxylate dehydrogenase	E	Amino acid transport and metabolism
NODE_20757_length_4693_cov_6.372574_2	COG1403	224321	9.73e-09	26.923	McrA	5-methylcytosine-specific restriction endonuclease McrA	V	Defense mechanisms
NODE_20757_length_4693_cov_6.372574_3	COG0799	223870	1.43e-41	44.954	RsfS	Ribosomal silencing factor RsfS, regulates association of 30S and 50S subunits	J	Translation, ribosomal structure and biogenesis
NODE_20757_length_4693_cov_6.372574_4	COG2317	225199	0.0	47.561	YpwA	Zn-dependent carboxypeptidase, M32 family	O	Posttranslational modification, protein turnover, chaperones
NODE_20757_length_4693_cov_6.372574_5	COG3706	226229	3.06e-20	31.967	PleD	Two-component response regulator, PleD family, consists of two REC domains and a diguanylate cyclase (GGDEF) domain	T	Signal transduction mechanisms
NODE_20801_length_4684_cov_5.408944_2	COG2814	225371	5.99e-14	26.257	AraJ	Predicted arabinose efflux permease AraJ, MFS family	G	Carbohydrate transport and metabolism
NODE_20801_length_4684_cov_5.408944_3	COG0705	223777	1.58e-27	28.947	GlpG	Membrane-associated serine protease, rhomboid family	O	Posttranslational modification, protein turnover, chaperones
NODE_20801_length_4684_cov_5.408944_4	COG2329	225209	0.000276	18.182	HmoA	Heme-degrading monooxygenase HmoA and related ABM domain proteins	H	Coenzyme transport and metabolism
NODE_20913_length_4665_cov_6.322993_3	COG1729	224643	0.000323	23.529	CpoB	Cell division protein CpoB, coordinates peptidoglycan biosynthesis and outer membrane constriction	D	Cell cycle control, cell division, chromosome partitioning
NODE_20913_length_4665_cov_6.322993_6	COG2723	225343	1.11e-54	34.551	BglB	Beta-glucosidase/6-phospho-beta-glucosidase/beta-galactosidase	G	Carbohydrate transport and metabolism
NODE_20939_length_4660_cov_4.774810_2	COG0346	223423	4.63e-05	36.364	GloA	Catechol 2,3-dioxygenase or related enzyme, vicinal oxygen chelate (VOC) family	Q	Secondary metabolites biosynthesis, transport and catabolism
NODE_20939_length_4660_cov_4.774810_5	COG4447	226855	9.98e-06	20.0		Uncharacterized conserved protein related to plant photosystem II stability/assembly factor	R	General function prediction only
NODE_20961_length_4655_cov_4.585435_2	COG0745	223816	9.88e-94	44.589	OmpR	DNA-binding response regulator, OmpR family, contains REC and winged-helix (wHTH) domain	T	Signal transduction mechanisms
NODE_20961_length_4655_cov_4.585435_3	COG0642	223715	7.31e-46	30.417	BaeS	Signal transduction histidine kinase	T	Signal transduction mechanisms
NODE_20961_length_4655_cov_4.585435_4	COG0642	223715	2.38e-56	37.363	BaeS	Signal transduction histidine kinase	T	Signal transduction mechanisms
NODE_20974_length_4653_cov_5.223793_1	COG0621	223694	5.97e-21	34.615	MiaB	tRNA A37 methylthiotransferase MiaB	J	Translation, ribosomal structure and biogenesis
NODE_20974_length_4653_cov_5.223793_5	COG0116	223194	1.56e-41	25.0	RlmL	23S rRNA G2445 N2-methylase RlmL	J	Translation, ribosomal structure and biogenesis
NODE_20986_length_4651_cov_5.759356_1	COG4608	226967	1.11e-148	55.161	AppF	ABC-type oligopeptide transport system, ATPase component	E	Amino acid transport and metabolism
NODE_20986_length_4651_cov_5.759356_2	COG0444	223521	0.0	60.377	DppD	ABC-type dipeptide/oligopeptide/nickel transport system, ATPase component	E	Amino acid transport and metabolism
NODE_20986_length_4651_cov_5.759356_3	COG1173	224094	6.61e-96	47.099	DppC	ABC-type dipeptide/oligopeptide/nickel transport system, permease component	E	Amino acid transport and metabolism
NODE_20986_length_4651_cov_5.759356_4	COG0601	223674	1.67e-108	42.183	DppB	ABC-type dipeptide/oligopeptide/nickel transport system, permease component	E	Amino acid transport and metabolism
NODE_21005_length_4648_cov_5.217940_1	COG0520	223594	3.36e-137	55.629	CsdA	Selenocysteine lyase/Cysteine desulfurase	E	Amino acid transport and metabolism
NODE_21005_length_4648_cov_5.217940_2	COG0396	223473	1.62e-142	60.377	SufC	Fe-S cluster assembly ATPase SufC	O	Posttranslational modification, protein turnover, chaperones
NODE_21005_length_4648_cov_5.217940_3	COG1959	224870	1.45e-38	37.226	IscR	DNA-binding transcriptional regulator, IscR family	K	Transcription
NODE_21005_length_4648_cov_5.217940_4	COG1247	224168	6.17e-14	29.054	MnaT	L-amino acid N-acyltransferase MnaT	E	Amino acid transport and metabolism
NODE_21005_length_4648_cov_5.217940_5	COG0548	223622	4.42e-76	43.629	ArgB	N-acetylglutamate kinase	E	Amino acid transport and metabolism
NODE_21005_length_4648_cov_5.217940_6	COG0002	223081	2.4e-92	50.463	ArgC	N-acetyl-gamma-glutamylphosphate reductase	E	Amino acid transport and metabolism
NODE_21011_length_4647_cov_4.110845_2	COG2261	225170	7.73e-08	47.5	YeaQ	Uncharacterized membrane protein YeaQ/YmgE, transglycosylase-associated protein family	R	General function prediction only
NODE_21011_length_4647_cov_4.110845_3	COG0665	223737	1.24e-11	22.286	DadA	Glycine/D-amino acid oxidase (deaminating)	E	Amino acid transport and metabolism
NODE_21011_length_4647_cov_4.110845_4	COG4638	226985	8.68e-54	24.728	HcaE	Phenylpropionate dioxygenase or related ring-hydroxylating dioxygenase, large terminal subunit	P	Inorganic ion transport and metabolism
NODE_21011_length_4647_cov_4.110845_5	COG2258	225167	5.34e-52	34.328	YiiM	N-hydroxylaminopurine reductase YiiM, contains MOSC domain	F	Nucleotide transport and metabolism
NODE_21011_length_4647_cov_4.110845_6	COG0745	223816	1.18e-58	49.412	OmpR	DNA-binding response regulator, OmpR family, contains REC and winged-helix (wHTH) domain	T	Signal transduction mechanisms
NODE_21058_length_4636_cov_5.446846_1	COG1185	224106	0.0	58.638	Pnp	Polyribonucleotide nucleotidyltransferase (polynucleotide phosphorylase)	J	Translation, ribosomal structure and biogenesis
NODE_21058_length_4636_cov_5.446846_2	COG0184	223262	1.08e-31	51.136	RpsO	Ribosomal protein S15P/S13E	J	Translation, ribosomal structure and biogenesis
NODE_21058_length_4636_cov_5.446846_4	COG1217	224138	0.0	63.613	TypA	Predicted membrane GTPase TypA/BipA involved in stress response	T	Signal transduction mechanisms
NODE_21077_length_4633_cov_6.649410_2	COG0642	223715	6.01e-44	33.333	BaeS	Signal transduction histidine kinase	T	Signal transduction mechanisms
NODE_21077_length_4633_cov_6.649410_3	COG1246	224167	1.59e-07	25.333	ArgA	N-acetylglutamate synthase or related acetyltransferase, GNAT family	E	Amino acid transport and metabolism
NODE_21077_length_4633_cov_6.649410_4	COG3393	225928	4.68e-10	27.778		Predicted acetyltransferase, GNAT family	R	General function prediction only
NODE_21145_length_4620_cov_5.118729_1	COG4934	227270	3.93e-55	25.65		Serine protease, subtilase family	O	Posttranslational modification, protein turnover, chaperones
NODE_21145_length_4620_cov_5.118729_2	COG2956	225504	1.07e-05	25.837	LapB	Lipopolysaccharide biosynthesis regulator YciM/LapB, contains six TPR domains and a C-terminal metal-binding domain	M	Cell wall/membrane/envelope biogenesis
NODE_21170_length_4616_cov_5.693708_2	COG0515	223589	8.3e-32	23.446	SPS1	Serine/threonine protein kinase	T	Signal transduction mechanisms
NODE_21170_length_4616_cov_5.693708_3	COG4783	227122	0.000563	30.645	BepA	Outer membrane protein chaperone/metalloprotease BepA/YfgC, contains M48 and TPR domains	M	Cell wall/membrane/envelope biogenesis
NODE_21170_length_4616_cov_5.693708_4	COG1508	224425	2.43e-94	31.501	RpoN	DNA-directed RNA polymerase specialized sigma subunit, sigma54 homolog	K	Transcription
NODE_21238_length_4600_cov_6.132013_1	COG0793	223864	1.74e-17	29.592	CtpA	C-terminal processing protease CtpA/Prc, contains a PDZ domain	O	Posttranslational modification, protein turnover, chaperones
NODE_21238_length_4600_cov_6.132013_4	COG5464	227751	4.8e-10	19.417	RpnC	Recombination-promoting DNA endonuclease RpnC/YadD	L	Replication, recombination and repair
NODE_21238_length_4600_cov_6.132013_6	COG0361	223438	1.63e-28	55.405	InfA	Translation initiation factor IF-1	J	Translation, ribosomal structure and biogenesis
NODE_21238_length_4600_cov_6.132013_7	COG0257	223335	1.21e-10	73.684	RpmJ	Ribosomal protein L36	J	Translation, ribosomal structure and biogenesis
NODE_21238_length_4600_cov_6.132013_8	COG0099	223177	8.45e-53	63.025	RpsM	Ribosomal protein S13	J	Translation, ribosomal structure and biogenesis
NODE_21238_length_4600_cov_6.132013_9	COG0100	223178	4.43e-67	64.567	RpsK	Ribosomal protein S11	J	Translation, ribosomal structure and biogenesis
NODE_21238_length_4600_cov_6.132013_10	COG0522	223596	9.42e-49	55.738	RpsD	Ribosomal protein S4 or related protein	J	Translation, ribosomal structure and biogenesis
NODE_21269_length_4595_cov_5.211894_1	COG0707	223779	1.73e-34	24.138	MurG	UDP-N-acetylglucosamine:LPS N-acetylglucosamine transferase	M	Cell wall/membrane/envelope biogenesis
NODE_21269_length_4595_cov_5.211894_2	COG0254	223332	2.7e-30	53.623	RpmE	Ribosomal protein L31	J	Translation, ribosomal structure and biogenesis
NODE_21269_length_4595_cov_5.211894_3	COG0594	223667	8.59e-15	40.299	RnpA	RNase P protein component	J	Translation, ribosomal structure and biogenesis
NODE_21269_length_4595_cov_5.211894_4	COG0759	223830	3.3e-33	61.429	YidD	Membrane-anchored protein YidD, putatitve component of membrane protein insertase Oxa1/YidC/SpoIIIJ	M	Cell wall/membrane/envelope biogenesis
NODE_21269_length_4595_cov_5.211894_5	COG0706	223778	1.75e-49	29.134	YidC	Membrane protein insertase Oxa1/YidC/SpoIIIJ	M	Cell wall/membrane/envelope biogenesis
NODE_21269_length_4595_cov_5.211894_6	COG1847	224760	1.01e-09	39.216	Jag	Predicted RNA-binding protein Jag (SpoIIIJ-associated), conains KH and R3H domains	R	General function prediction only
NODE_21274_length_4594_cov_5.088125_1	COG0149	223227	2.93e-99	47.843	TpiA	Triosephosphate isomerase	G	Carbohydrate transport and metabolism
NODE_21274_length_4594_cov_5.088125_2	COG0126	223204	0.0	57.035	Pgk	3-phosphoglycerate kinase	G	Carbohydrate transport and metabolism
NODE_21274_length_4594_cov_5.088125_3	COG0057	223135	1.15e-171	58.407	GapA	Glyceraldehyde-3-phosphate dehydrogenase/erythrose-4-phosphate dehydrogenase	G	Carbohydrate transport and metabolism
NODE_21274_length_4594_cov_5.088125_4	COG3393	225928	0.000362	32.812		Predicted acetyltransferase, GNAT family	R	General function prediction only
NODE_21287_length_4591_cov_4.195988_3	COG4552	226925	0.003	27.451	Eis	Predicted acetyltransferase	R	General function prediction only
NODE_21287_length_4591_cov_4.195988_4	COG4552	226925	0.002	20.0	Eis	Predicted acetyltransferase	R	General function prediction only
NODE_21287_length_4591_cov_4.195988_5	COG0456	223532	1.62e-05	23.529	RimI	Ribosomal protein S18 acetylase RimI and related acetyltransferases	J	Translation, ribosomal structure and biogenesis
NODE_21311_length_4588_cov_4.326053_1	COG0457	223533	1.34e-09	35.256	TPR	Tetratricopeptide (TPR) repeat	R	General function prediction only
NODE_21311_length_4588_cov_4.326053_2	COG3884	226401	5.73e-23	23.485	FatA	Acyl-ACP thioesterase	I	Lipid transport and metabolism
NODE_21311_length_4588_cov_4.326053_4	COG2229	225138	3.41e-16	27.119	Srp102	Signal recognition particle receptor subunit beta, a GTPase	U	Intracellular trafficking, secretion, and vesicular transport
NODE_21311_length_4588_cov_4.326053_5	COG2018	224929	0.000107	25.862		Predicted regulator of Ras-like GTPase activity, Roadblock/LC7/MglB family	T	Signal transduction mechanisms
NODE_21311_length_4588_cov_4.326053_6	COG0640	223713	1.2e-19	46.269	ArsR	DNA-binding transcriptional regulator, ArsR family	K	Transcription
NODE_21311_length_4588_cov_4.326053_7	COG0500	223574	0.001	44.444	SmtA	SAM-dependent methyltransferase	Q	Secondary metabolites biosynthesis, transport and catabolism
NODE_21328_length_4584_cov_5.704791_1	COG5427	227714	9.35e-31	22.004		Predicted membrane glycosyltransferase AF0583, Arch_YYY/DUF2298 family	S	Function unknown
NODE_21328_length_4584_cov_5.704791_2	COG0583	223656	9.28e-55	40.667	LysR	DNA-binding transcriptional regulator, LysR family	K	Transcription
NODE_21328_length_4584_cov_5.704791_4	COG1381	224299	4.6e-39	29.661	RecO	Recombinational DNA repair protein RecO (RecF pathway)	L	Replication, recombination and repair
NODE_21469_length_4556_cov_4.313042_3	COG0142	223220	2.88e-63	39.076	IspA	Geranylgeranyl pyrophosphate synthase	H	Coenzyme transport and metabolism
NODE_21469_length_4556_cov_4.313042_4	COG0515	223589	5.32e-18	20.623	SPS1	Serine/threonine protein kinase	T	Signal transduction mechanisms
NODE_21504_length_4549_cov_4.358255_1	COG0076	223154	2.02e-18	28.049	GadA	Glutamate or tyrosine decarboxylase or a related PLP-dependent protein	E	Amino acid transport and metabolism
NODE_21504_length_4549_cov_4.358255_3	COG0034	223112	0.0	55.292	PurF	Glutamine phosphoribosylpyrophosphate amidotransferase	F	Nucleotide transport and metabolism
NODE_21504_length_4549_cov_4.358255_4	COG0406	223483	4.17e-18	25.463	PhoE	Broad specificity phosphatase PhoE	G	Carbohydrate transport and metabolism
NODE_21504_length_4549_cov_4.358255_5	COG1511	224428	0.006	20.952	YhgE	Uncharacterized membrane protein YhgE, phage infection protein (PIP) family	S	Function unknown
NODE_21504_length_4549_cov_4.358255_6	COG2141	225052	1.83e-24	38.889	SsuD	Flavin-dependent oxidoreductase, luciferase family (includes alkanesulfonate monooxygenase SsuD and methylene tetrahydromethanopterin reductase)	H	Coenzyme transport and metabolism
NODE_21520_length_4546_cov_5.294812_2	COG4993	227326	3.68e-08	21.859	Gcd	Glucose dehydrogenase, PQQ-dependent	G	Carbohydrate transport and metabolism
NODE_21520_length_4546_cov_5.294812_3	COG0745	223816	1.35e-85	44.69	OmpR	DNA-binding response regulator, OmpR family, contains REC and winged-helix (wHTH) domain	T	Signal transduction mechanisms
NODE_21520_length_4546_cov_5.294812_4	COG0520	223594	1.07e-70	26.972	CsdA	Selenocysteine lyase/Cysteine desulfurase	E	Amino acid transport and metabolism
NODE_21538_length_4542_cov_5.331402_2	COG1067	223994	1.59e-136	38.365	LonB	Predicted ATP-dependent protease	O	Posttranslational modification, protein turnover, chaperones
NODE_21538_length_4542_cov_5.331402_3	COG0624	223697	2.59e-51	26.895	ArgE	Acetylornithine deacetylase/Succinyl-diaminopimelate desuccinylase or related deacylase	E	Amino acid transport and metabolism
NODE_21549_length_4540_cov_5.054627_1	COG0473	223549	1.35e-72	49.367	LeuB	Isocitrate/isopropylmalate dehydrogenase	C	Energy production and conversion
NODE_21549_length_4540_cov_5.054627_3	COG0840	223910	0.002	20.408	Tar	Methyl-accepting chemotaxis protein (MCP)	T	Signal transduction mechanisms
NODE_21549_length_4540_cov_5.054627_5	COG3467	225998	0.008	38.298	NimA	Nitroimidazole reductase NimA or a related FMN-containing flavoprotein, pyridoxamine 5'-phosphate oxidase superfamily	V	Defense mechanisms
NODE_21549_length_4540_cov_5.054627_6	COG3280	225819	0.0	45.286	TreY	Maltooligosyltrehalose synthase	G	Carbohydrate transport and metabolism
NODE_21585_length_4534_cov_4.435588_1	COG0215	223293	1.65e-10	31.343	CysS	Cysteinyl-tRNA synthetase	J	Translation, ribosomal structure and biogenesis
NODE_21585_length_4534_cov_4.435588_2	COG2197	225107	1.73e-77	44.493	CitB	DNA-binding response regulator, NarL/FixJ family, contains REC and HTH domains	T	Signal transduction mechanisms
NODE_21585_length_4534_cov_4.435588_3	COG4585	226951	1.67e-28	46.154	ComP	Signal transduction histidine kinase ComP	T	Signal transduction mechanisms
NODE_21585_length_4534_cov_4.435588_4	COG1131	224054	5.16e-93	40.273	CcmA	ABC-type multidrug transport system, ATPase component	V	Defense mechanisms
NODE_21585_length_4534_cov_4.435588_5	COG0842	223912	5.94e-21	29.231	YadH	ABC-type multidrug transport system, permease component	V	Defense mechanisms
NODE_21606_length_4531_cov_4.650804_1	COG1319	224238	0.000128	46.0	CutB	Aldehyde, CO, or xanthine dehydrogenase, FAD-binding subunit	C	Energy production and conversion
NODE_21606_length_4531_cov_4.650804_2	COG2080	224991	9.02e-81	59.868	CutS	Aldehyde, CO, or xanthine dehydrogenase, Fe-S subunit, CoxS/CutS family	C	Energy production and conversion
NODE_21606_length_4531_cov_4.650804_3	COG1558	224474	2.14e-54	40.789	FlgC	Flagellar basal body rod protein FlgC	N	Cell motility
NODE_21606_length_4531_cov_4.650804_4	COG1677	224591	1.33e-16	35.455	FliE	Flagellar hook-basal body complex protein FliE	N	Cell motility
NODE_21606_length_4531_cov_4.650804_5	COG1766	224680	5.92e-115	31.304	FliF	Flagellar biosynthesis/type III secretory pathway M-ring protein FliF/YscJ	N	Cell motility
NODE_21606_length_4531_cov_4.650804_6	COG1536	224453	1.91e-93	43.787	FliG	Flagellar motor switch protein FliG	N	Cell motility
NODE_21609_length_4530_cov_4.680000_1	COG4257	226708	2.49e-30	33.054	Vgb	Streptogramin lyase	V	Defense mechanisms
NODE_21609_length_4530_cov_4.680000_2	COG2267	225176	2.29e-13	22.989	PldB	Lysophospholipase, alpha-beta hydrolase superfamily	I	Lipid transport and metabolism
NODE_21609_length_4530_cov_4.680000_3	COG0745	223816	2.19e-20	36.296	OmpR	DNA-binding response regulator, OmpR family, contains REC and winged-helix (wHTH) domain	T	Signal transduction mechanisms
NODE_21609_length_4530_cov_4.680000_5	COG0343	223420	2.43e-101	36.164	Tgt	Queuine/archaeosine tRNA-ribosyltransferase	J	Translation, ribosomal structure and biogenesis
NODE_21618_length_4528_cov_5.270512_4	COG1385	224303	4.57e-61	34.432	RsmE	16S rRNA U1498 N3-methylase RsmE	J	Translation, ribosomal structure and biogenesis
NODE_21636_length_4524_cov_4.863057_3	COG0015	223094	2.47e-179	46.241	PurB	Adenylosuccinate lyase	F	Nucleotide transport and metabolism
NODE_21636_length_4524_cov_4.863057_4	COG0359	223436	8.81e-51	39.865	RplI	Ribosomal protein L9	J	Translation, ribosomal structure and biogenesis
NODE_21643_length_4523_cov_4.676589_2	COG0325	223402	9.69e-98	52.423	YggS	Pyridoxal 5'-phosphate homeostasis protein YggS, UPF0001 family	H	Coenzyme transport and metabolism
NODE_21643_length_4523_cov_4.676589_5	COG0258	223336	2.3e-91	40.278	ExoIX	5'-3' exonuclease Xni/ExoIX (flap endonuclease)	L	Replication, recombination and repair
NODE_21651_length_4522_cov_3.921424_4	COG5427	227714	2.43e-55	23.822		Predicted membrane glycosyltransferase AF0583, Arch_YYY/DUF2298 family	S	Function unknown
NODE_21656_length_4521_cov_4.526198_1	COG0642	223715	2.52e-22	21.399	BaeS	Signal transduction histidine kinase	T	Signal transduction mechanisms
NODE_21656_length_4521_cov_4.526198_2	COG0628	223701	1.25e-49	31.724	PerM	Predicted PurR-regulated permease PerM	R	General function prediction only
NODE_21656_length_4521_cov_4.526198_4	COG0642	223715	2.49e-29	45.833	BaeS	Signal transduction histidine kinase	T	Signal transduction mechanisms
NODE_21740_length_4507_cov_4.711590_2	COG2814	225371	2.29e-06	20.058	AraJ	Predicted arabinose efflux permease AraJ, MFS family	G	Carbohydrate transport and metabolism
NODE_21740_length_4507_cov_4.711590_3	COG2345	225222	2.1e-10	28.777		Predicted transcriptional regulator, ArsR family	K	Transcription
NODE_21740_length_4507_cov_4.711590_4	COG1116	224041	3.35e-109	50.602	TauB	ABC-type nitrate/sulfonate/bicarbonate transport system, ATPase component	P	Inorganic ion transport and metabolism
NODE_21740_length_4507_cov_4.711590_5	COG0600	223673	2.72e-69	39.922	TauC	ABC-type nitrate/sulfonate/bicarbonate transport system, permease component	P	Inorganic ion transport and metabolism
NODE_21740_length_4507_cov_4.711590_6	COG0715	223787	0.002	30.952	TauA	ABC-type nitrate/sulfonate/bicarbonate transport system, periplasmic component	P	Inorganic ion transport and metabolism
NODE_21745_length_4506_cov_4.543698_1	COG3649	226175	2.17e-41	26.087	Cas7	CRISPR-Cas system type I effector complex subunit Cas7,  RAMP superfamily	V	Defense mechanisms
NODE_21745_length_4506_cov_4.543698_4	COG1203	224124	8.2e-18	38.356	Cas3	CRISPR-Cas type I system-associated endonuclease/helicase Cas3	V	Defense mechanisms
NODE_21809_length_4492_cov_5.073473_1	COG1112	224037	7.75e-26	43.802	DNA2	Superfamily I DNA and/or RNA helicase	L	Replication, recombination and repair
NODE_21809_length_4492_cov_5.073473_2	COG3462	225993	3.5e-10	27.16	TM0315	Uncharacterized protein, contains short C-terminal (SHOCT) domain	S	Function unknown
NODE_21837_length_4487_cov_6.499323_3	COG4257	226708	0.000465	27.132	Vgb	Streptogramin lyase	V	Defense mechanisms
NODE_21837_length_4487_cov_6.499323_4	COG2124	225035	2.74e-58	30.115	CypX	Cytochrome P450	Q	Secondary metabolites biosynthesis, transport and catabolism
NODE_21837_length_4487_cov_6.499323_5	COG2093	225004	0.006	47.368	Spt4	RNA polymerase subunit RPABC4/transcription elongation factor Spt4	K	Transcription
NODE_21838_length_4487_cov_6.204197_1	COG2378	225253	5.94e-06	37.143	YobV	Predicted DNA-binding transcriptional regulator YobV, contains HTH and WYL domains	K	Transcription
NODE_21838_length_4487_cov_6.204197_2	COG3324	225861	1.34e-10	28.689	VOC	Lactoylglutathione lyase-related enzyme, vicinal oxygen chelate (VOC) family	R	General function prediction only
NODE_21838_length_4487_cov_6.204197_5	COG4634	226981	3.01e-07	27.523		Predicted nuclease, contains PIN domain, potential toxin-antitoxin system component	R	General function prediction only
NODE_21838_length_4487_cov_6.204197_6	COG2442	225291	1.33e-20	50.794		Predicted antitoxin component of a toxin-antitoxin system, DUF433 family	V	Defense mechanisms
NODE_21838_length_4487_cov_6.204197_7	COG0249	223327	6.25e-40	29.515	MutS	DNA mismatch repair ATPase MutS	L	Replication, recombination and repair
NODE_21872_length_4481_cov_5.863082_3	COG0457	223533	3.41e-11	33.862	TPR	Tetratricopeptide (TPR) repeat	R	General function prediction only
NODE_21872_length_4481_cov_5.863082_4	COG0675	223747	6.64e-28	24.036	InsQ	Transposase	X	Mobilome: prophages, transposons
NODE_21883_length_4480_cov_3.953446_1	COG2890	225443	4.08e-69	43.636	HemK	Methylase of polypeptide chain release factors	J	Translation, ribosomal structure and biogenesis
NODE_21883_length_4480_cov_3.953446_3	COG3729	226252	0.003	30.909	GsiB	General stress protein YciG, contains tandem KGG domains	R	General function prediction only
NODE_21883_length_4480_cov_3.953446_4	COG2226	225136	1.68e-12	42.667	UbiE	Ubiquinone/menaquinone biosynthesis C-methylase UbiE/MenG	H	Coenzyme transport and metabolism
NODE_21883_length_4480_cov_3.953446_5	COG2159	225070	1.01e-57	41.981	LigW	5-carboxyvanillate decarboxylase LigW (lignin degradation), amidohydro domain	G	Carbohydrate transport and metabolism
NODE_21883_length_4480_cov_3.953446_6	COG0406	223483	7.88e-22	30.864	PhoE	Broad specificity phosphatase PhoE	G	Carbohydrate transport and metabolism
NODE_21896_length_4476_cov_5.463922_1	COG0784	223855	1.04e-27	39.516	CheY	CheY-like REC (receiver) domain, includes chemotaxis protein CheY  and sporulation regulator Spo0F	T	Signal transduction mechanisms
NODE_21896_length_4476_cov_5.463922_2	COG0642	223715	2.41e-40	24.566	BaeS	Signal transduction histidine kinase	T	Signal transduction mechanisms
NODE_21896_length_4476_cov_5.463922_3	COG0683	223755	5.13e-43	32.246	LivK	ABC-type branched-chain amino acid transport system, periplasmic component	E	Amino acid transport and metabolism
NODE_21943_length_4467_cov_5.110834_1	COG2205	225115	1.88e-06	19.828	KdpD	K+-sensing histidine kinase KdpD	T	Signal transduction mechanisms
NODE_21943_length_4467_cov_5.110834_2	COG3868	226386	2.19e-39	23.585		Predicted glycosyl hydrolase, GH114 family	G	Carbohydrate transport and metabolism
NODE_21943_length_4467_cov_5.110834_3	COG3291	225828	9.71e-12	33.333		Uncharacterized conserved protein, PKD repeat domain	S	Function unknown
NODE_21943_length_4467_cov_5.110834_4	COG1087	224012	0.0	54.103	GalE	UDP-glucose 4-epimerase	M	Cell wall/membrane/envelope biogenesis
NODE_22030_length_4452_cov_5.240846_1	COG3920	226434	4.08e-36	27.143		Two-component sensor histidine kinase, HisKA and HATPase domains	T	Signal transduction mechanisms
NODE_22030_length_4452_cov_5.240846_3	COG0457	223533	0.000888	18.803	TPR	Tetratricopeptide (TPR) repeat	R	General function prediction only
NODE_22041_length_4449_cov_5.556896_2	COG1309	224228	3.35e-17	23.464	AcrR	DNA-binding protein, AcrR family, includes nucleoid occlusion protein SlmA	K	Transcription
NODE_22041_length_4449_cov_5.556896_5	COG0789	223860	1.87e-16	32.258	SoxR	DNA-binding transcriptional regulator, MerR family	K	Transcription
NODE_22041_length_4449_cov_5.556896_6	COG0071	223149	1.71e-28	28.667	IbpA	Small heat shock protein IbpA, HSP20 family	O	Posttranslational modification, protein turnover, chaperones
NODE_22041_length_4449_cov_5.556896_7	COG0217	223295	2.48e-114	51.02	TACO1	Transcriptional and/or translational regulatory protein YebC/TACO1	K	Transcription
NODE_22041_length_4449_cov_5.556896_8	COG0817	223887	1.79e-19	37.288	RuvC	Holliday junction resolvasome RuvABC endonuclease subunit RuvC	L	Replication, recombination and repair
NODE_22047_length_4448_cov_5.795584_1	COG0183	223261	6.35e-101	43.02	PaaJ	Acetyl-CoA acetyltransferase	I	Lipid transport and metabolism
NODE_22047_length_4448_cov_5.795584_2	COG4934	227270	4.72e-47	24.238		Serine protease, subtilase family	O	Posttranslational modification, protein turnover, chaperones
NODE_22047_length_4448_cov_5.795584_3	COG0428	223505	6.8e-16	26.984	ZupT	Zinc transporter ZupT	P	Inorganic ion transport and metabolism
NODE_22056_length_4447_cov_4.316712_2	COG0683	223755	2.74e-43	28.531	LivK	ABC-type branched-chain amino acid transport system, periplasmic component	E	Amino acid transport and metabolism
NODE_22056_length_4447_cov_4.316712_3	COG1012	223944	6.25e-144	42.437	AdhE	Acyl-CoA reductase or other NAD-dependent aldehyde dehydrogenase	I	Lipid transport and metabolism
NODE_22056_length_4447_cov_4.316712_4	COG0508	223582	7.38e-82	46.444	AceF	Pyruvate/2-oxoglutarate dehydrogenase complex, dihydrolipoamide acyltransferase (E2) component	C	Energy production and conversion
NODE_22175_length_4426_cov_6.168611_1	COG1940	224851	1.49e-35	42.593	NagC	Sugar kinase of the NBD/HSP70 family, may contain an N-terminal HTH domain	G	Carbohydrate transport and metabolism
NODE_22175_length_4426_cov_6.168611_3	COG0095	223173	5.32e-43	32.389	LplA	Lipoate-protein ligase A	H	Coenzyme transport and metabolism
NODE_22183_length_4424_cov_4.636988_1	COG0111	223189	5.04e-94	38.838	SerA	Phosphoglycerate dehydrogenase or related dehydrogenase	H	Coenzyme transport and metabolism
NODE_22183_length_4424_cov_4.636988_2	COG1725	224639	1.07e-28	35.772	YhcF	DNA-binding transcriptional regulator YhcF, GntR family	K	Transcription
NODE_22183_length_4424_cov_4.636988_3	COG4194	226657	7.09e-25	26.836		Uncharacterized membrane protein, DUF1648 family	S	Function unknown
NODE_22183_length_4424_cov_4.636988_4	COG3815	226336	4.02e-19	42.553		Uncharacterized membrane protein	S	Function unknown
NODE_22183_length_4424_cov_4.636988_6	COG0498	223572	6.4e-41	37.569	ThrC	Threonine synthase	E	Amino acid transport and metabolism
NODE_22199_length_4422_cov_3.718571_1	COG2606	225326	1.26e-12	38.983	EbsC	Cys-tRNA(Pro) deacylase, prolyl-tRNA editing enzyme YbaK/EbsC	J	Translation, ribosomal structure and biogenesis
NODE_22199_length_4422_cov_3.718571_2	COG2094	225005	4.94e-72	49.0	Mpg	3-methyladenine DNA glycosylase Mpg	L	Replication, recombination and repair
NODE_22199_length_4422_cov_3.718571_3	COG1280	224199	6.13e-12	28.641	RhtB	Threonine/homoserine/homoserine lactone efflux protein	E	Amino acid transport and metabolism
NODE_22199_length_4422_cov_3.718571_4	COG0457	223533	0.005	23.196	TPR	Tetratricopeptide (TPR) repeat	R	General function prediction only
NODE_22199_length_4422_cov_3.718571_5	COG3903	226418	6.47e-44	34.644		Predicted ATPase	R	General function prediction only
NODE_22253_length_4412_cov_5.860913_2	COG3794	226317	0.009	34.211	PetE	Plastocyanin	C	Energy production and conversion
NODE_22253_length_4412_cov_5.860913_4	COG1132	224055	1.43e-172	37.931	MdlB	ABC-type multidrug transport system, ATPase and permease component	V	Defense mechanisms
NODE_22317_length_4401_cov_5.455821_1	COG0741	223812	0.000254	24.731	MltE	Soluble lytic murein transglycosylase or regulatory protein s ( may contain LysM/invasin domain)	M	Cell wall/membrane/envelope biogenesis
NODE_22317_length_4401_cov_5.455821_4	COG3889	226406	5.34e-05	22.162		Extracellular solute-binding protein, contains Ig-fold domain	R	General function prediction only
NODE_22396_length_4389_cov_4.657822_1	COG0153	223231	4.76e-26	41.593	GalK	Galactokinase	G	Carbohydrate transport and metabolism
NODE_22396_length_4389_cov_4.657822_3	COG2148	225059	4.41e-84	45.249	WcaJ	Sugar transferase involved in LPS biosynthesis (colanic, teichoic acid)	M	Cell wall/membrane/envelope biogenesis
NODE_22443_length_4382_cov_4.272706_1	COG0623	223696	9.77e-56	60.0	FabI	Enoyl-[acyl-carrier-protein] reductase FabI	I	Lipid transport and metabolism
NODE_22443_length_4382_cov_4.272706_3	COG1595	224511	1.58e-26	28.736	RpoE	DNA-directed RNA polymerase specialized sigma subunit, sigma24 family	K	Transcription
NODE_22443_length_4382_cov_4.272706_4	COG5662	227949	1.28e-06	40.816	RsiW	Transmembrane transcriptional regulator RsiW (anti-sigma-W factor)	K	Transcription
NODE_22480_length_4376_cov_4.469336_2	COG0720	223792	1.41e-15	25.564	QueD	6-pyruvoyl-tetrahydropterin synthase	H	Coenzyme transport and metabolism
NODE_22480_length_4376_cov_4.469336_3	COG0334	223411	0.0	49.515	GdhA	Glutamate dehydrogenase/leucine dehydrogenase	E	Amino acid transport and metabolism
NODE_22480_length_4376_cov_4.469336_4	COG1505	224422	3.77e-163	42.549	PreP	Prolyl endopeptidase PreP, S9A serine peptidase family	E	Amino acid transport and metabolism
NODE_22491_length_4374_cov_5.039592_1	COG2230	225139	2.05e-53	44.079	Cfa	Cyclopropane fatty-acyl-phospholipid synthase and related methyltransferases	I	Lipid transport and metabolism
NODE_22491_length_4374_cov_5.039592_4	COG2224	225134	0.0	71.795	AceA	Isocitrate lyase	C	Energy production and conversion
NODE_22491_length_4374_cov_5.039592_5	COG2225	225135	9.72e-177	51.688	AceB	Malate synthase	C	Energy production and conversion
NODE_22500_length_4373_cov_4.463409_3	COG2041	224952	9.99e-44	32.796	MsrP	Molybdopterin-dependent catalytic subunit of periplasmic DMSO/TMAO and protein-methionine-sulfoxide reductases	C	Energy production and conversion
NODE_22500_length_4373_cov_4.463409_4	COG4948	227284	6.83e-52	34.072	RspA	L-alanine-DL-glutamate epimerase or related enzyme of enolase superfamily	M	Cell wall/membrane/envelope biogenesis
NODE_22500_length_4373_cov_4.463409_5	COG1595	224511	1.67e-28	34.161	RpoE	DNA-directed RNA polymerase specialized sigma subunit, sigma24 family	K	Transcription
NODE_22551_length_4365_cov_6.386775_3	COG4961	227296	1.85e-09	31.387	TadG	Flp pilus assembly protein TadG, includes N-terminal TadE domain	U	Intracellular trafficking, secretion, and vesicular transport
NODE_22551_length_4365_cov_6.386775_4	COG2064	224975	1.13e-18	26.761	TadC	Flp pilus assembly protein TadC	W	Extracellular structures
NODE_22551_length_4365_cov_6.386775_5	COG4965	227300	4.65e-37	24.742	TadB	Flp pilus assembly protein TadB	U	Intracellular trafficking, secretion, and vesicular transport
NODE_22573_length_4360_cov_6.639257_1	COG2226	225136	2.95e-13	29.412	UbiE	Ubiquinone/menaquinone biosynthesis C-methylase UbiE/MenG	H	Coenzyme transport and metabolism
NODE_22573_length_4360_cov_6.639257_3	COG0318	223395	1.36e-157	37.567	MenE/FadK	O-succinylbenzoic acid-CoA ligase MenE or related acyl-CoA synthetase (AMP-forming)	I	Lipid transport and metabolism
NODE_22573_length_4360_cov_6.639257_4	COG2202	225112	4.12e-06	16.957	PAS	PAS domain	T	Signal transduction mechanisms
NODE_22633_length_4350_cov_5.227241_2	COG2334	225213	6.57e-21	21.036	SrkA	Ser/Thr protein kinase RdoA involved in Cpx stress response, MazF antagonist	T	Signal transduction mechanisms
NODE_22633_length_4350_cov_5.227241_3	COG0675	223747	2.15e-53	29.639	InsQ	Transposase	X	Mobilome: prophages, transposons
NODE_22692_length_4341_cov_6.555996_1	COG3429	225963	5e-33	35.404	OpcA	Glucose-6-phosphate dehydrogenase assembly protein OpcA, contains a peptidoglycan-binding domain	G	Carbohydrate transport and metabolism
NODE_22692_length_4341_cov_6.555996_2	COG0363	223440	3.71e-64	34.63	NagB	6-phosphogluconolactonase/Glucosamine-6-phosphate isomerase/deaminase	G	Carbohydrate transport and metabolism
NODE_22692_length_4341_cov_6.555996_3	COG0036	223114	2.67e-83	44.091	Rpe	Pentose-5-phosphate-3-epimerase	G	Carbohydrate transport and metabolism
NODE_22692_length_4341_cov_6.555996_5	COG1695	224609	4.61e-12	36.145	PadR	DNA-binding transcriptional regulator, PadR family	K	Transcription
NODE_22705_length_4339_cov_5.004669_1	COG0745	223816	5.78e-25	37.288	OmpR	DNA-binding response regulator, OmpR family, contains REC and winged-helix (wHTH) domain	T	Signal transduction mechanisms
NODE_22705_length_4339_cov_5.004669_2	COG0642	223715	4.11e-40	25.967	BaeS	Signal transduction histidine kinase	T	Signal transduction mechanisms
NODE_22705_length_4339_cov_5.004669_3	COG1171	224092	1.33e-117	42.991	IlvA	Threonine deaminase	E	Amino acid transport and metabolism
NODE_22762_length_4328_cov_5.286216_1	COG4934	227270	3.44e-15	23.047		Serine protease, subtilase family	O	Posttranslational modification, protein turnover, chaperones
NODE_22762_length_4328_cov_5.286216_3	COG3942	226451	0.000182	28.455		Surface antigen	M	Cell wall/membrane/envelope biogenesis
NODE_22762_length_4328_cov_5.286216_4	COG2205	225115	2.87e-55	27.356	KdpD	K+-sensing histidine kinase KdpD	T	Signal transduction mechanisms
NODE_22782_length_4325_cov_4.859485_1	COG2303	225186	2.54e-46	23.596	BetA	Choline dehydrogenase or related flavoprotein	I	Lipid transport and metabolism
NODE_22782_length_4325_cov_4.859485_2	COG0081	223159	1.8e-107	58.85	RplA	Ribosomal protein L1	J	Translation, ribosomal structure and biogenesis
NODE_22782_length_4325_cov_4.859485_3	COG0155	223233	0.003	31.579	CysI	Sulfite reductase, beta subunit (hemoprotein)	P	Inorganic ion transport and metabolism
NODE_22846_length_4314_cov_6.072317_1	COG4913	227250	3.63e-06	22.0		Uncharacterized conserved protein, contains a C-terminal ATPase domain	S	Function unknown
NODE_22846_length_4314_cov_6.072317_2	COG1598	224514	3.82e-14	33.333	HicB	Antitoxin component HicB of the HicAB toxin-antitoxin system	V	Defense mechanisms
NODE_22846_length_4314_cov_6.072317_3	COG0596	223669	6.45e-32	25.795	MenH	2-succinyl-6-hydroxy-2,4-cyclohexadiene-1-carboxylate synthase MenH and related esterases, alpha/beta hydrolase fold	H	Coenzyme transport and metabolism
NODE_22866_length_4310_cov_6.247239_1	COG4995	227328	4.92e-28	27.919		Uncharacterized conserved protein, contains CHAT domain	S	Function unknown
NODE_22866_length_4310_cov_6.247239_3	COG4783	227122	2.87e-07	27.273	BepA	Outer membrane protein chaperone/metalloprotease BepA/YfgC, contains M48 and TPR domains	M	Cell wall/membrane/envelope biogenesis
NODE_22866_length_4310_cov_6.247239_4	COG0507	223581	3.54e-131	35.165	RecD	ATPase/5’-3’ helicase helicase subunit RecD of the DNA repair enzyme RecBCD (exonuclease V)	L	Replication, recombination and repair
NODE_22883_length_4309_cov_4.275740_1	COG0006	223085	1.01e-37	28.862	PepP	Xaa-Pro aminopeptidase	E	Amino acid transport and metabolism
NODE_22883_length_4309_cov_4.275740_2	COG0438	223515	2.18e-47	27.877	RfaB	Glycosyltransferase involved in cell wall bisynthesis	M	Cell wall/membrane/envelope biogenesis
NODE_22883_length_4309_cov_4.275740_3	COG0740	223811	3.22e-100	54.922	ClpP	ATP-dependent protease ClpP, protease subunit	O	Posttranslational modification, protein turnover, chaperones
NODE_22883_length_4309_cov_4.275740_5	COG1396	224314	2.05e-08	33.871	HipB	Transcriptional regulator, contains XRE-family HTH domain	K	Transcription
NODE_22895_length_4307_cov_5.985419_1	COG0060	223138	7.31e-87	39.695	IleS	Isoleucyl-tRNA synthetase	J	Translation, ribosomal structure and biogenesis
NODE_22895_length_4307_cov_5.985419_2	COG2872	225427	1.14e-54	35.874	AlaX	Ser-tRNA(Ala) deacylase AlaX (editing enzyme)	J	Translation, ribosomal structure and biogenesis
NODE_22895_length_4307_cov_5.985419_3	COG0318	223395	0.0	45.0	MenE/FadK	O-succinylbenzoic acid-CoA ligase MenE or related acyl-CoA synthetase (AMP-forming)	I	Lipid transport and metabolism
NODE_22941_length_4299_cov_4.074929_1	COG0665	223737	3.81e-22	26.25	DadA	Glycine/D-amino acid oxidase (deaminating)	E	Amino acid transport and metabolism
NODE_22941_length_4299_cov_4.074929_2	COG1472	224389	8.69e-60	31.805	BglX	Periplasmic beta-glucosidase and related glycosidases	G	Carbohydrate transport and metabolism
NODE_22941_length_4299_cov_4.074929_5	COG0517	223591	2.53e-07	34.375	CBS	CBS domain	T	Signal transduction mechanisms
NODE_22978_length_4293_cov_4.956819_1	COG0248	223326	5.04e-46	28.0	GppA	Exopolyphosphatase/pppGpp-phosphohydrolase	F	Nucleotide transport and metabolism
NODE_22978_length_4293_cov_4.956819_3	COG4934	227270	7.78e-48	26.829		Serine protease, subtilase family	O	Posttranslational modification, protein turnover, chaperones
NODE_22991_length_4292_cov_4.644088_1	COG0675	223747	0.000838	13.83	InsQ	Transposase	X	Mobilome: prophages, transposons
NODE_22991_length_4292_cov_4.644088_4	COG2159	225070	6.61e-19	29.536	LigW	5-carboxyvanillate decarboxylase LigW (lignin degradation), amidohydro domain	G	Carbohydrate transport and metabolism
NODE_23060_length_4280_cov_4.734438_2	COG1595	224511	1.24e-25	32.075	RpoE	DNA-directed RNA polymerase specialized sigma subunit, sigma24 family	K	Transcription
NODE_23060_length_4280_cov_4.734438_4	COG5635	227922	0.000221	30.216	NACHT	Predicted NTPase, NACHT family domain	T	Signal transduction mechanisms
NODE_23071_length_4279_cov_3.621922_1	COG4097	226582	2.22e-05	25.773		Predicted ferric reductase	P	Inorganic ion transport and metabolism
NODE_23071_length_4279_cov_3.621922_2	COG0026	223105	2.06e-152	49.858	PurK	Phosphoribosylaminoimidazole carboxylase (NCAIR synthetase)	F	Nucleotide transport and metabolism
NODE_23071_length_4279_cov_3.621922_3	COG0041	223119	1.87e-80	61.111	PurE	Phosphoribosylcarboxyaminoimidazole (NCAIR) mutase	F	Nucleotide transport and metabolism
NODE_23071_length_4279_cov_3.621922_4	COG0770	223841	6.01e-87	35.269	MurF	UDP-N-acetylmuramyl pentapeptide synthase	M	Cell wall/membrane/envelope biogenesis
NODE_23128_length_4270_cov_4.079715_1	COG3358	225894	1.3e-29	36.943		Uncharacterized conserved protein, DUF1684 family	S	Function unknown
NODE_23128_length_4270_cov_4.079715_2	COG2814	225371	1.2e-11	28.042	AraJ	Predicted arabinose efflux permease AraJ, MFS family	G	Carbohydrate transport and metabolism
NODE_23128_length_4270_cov_4.079715_3	COG1249	224169	1.25e-155	35.23	Lpd	Dihydrolipoamide dehydrogenase (E3) component of pyruvate/2-oxoglutarate dehydrogenase complex or glutathione oxidoreductase	C	Energy production and conversion
NODE_23141_length_4268_cov_6.530738_1	COG1024	223955	4.99e-32	33.146	CaiD	Enoyl-CoA hydratase/carnithine racemase	I	Lipid transport and metabolism
NODE_23141_length_4268_cov_6.530738_3	COG1192	224113	1.14e-38	28.571	ParA	ParA-like ATPase involved in chromosome/plasmid partitioning or cellulose biosynthesis protein BcsQ	D	Cell cycle control, cell division, chromosome partitioning
NODE_23141_length_4268_cov_6.530738_4	COG1902	224814	7.47e-138	41.322	FadH	2,4-dienoyl-CoA reductase or related NADH-dependent reductase, Old Yellow Enzyme (OYE) family	C	Energy production and conversion
NODE_23206_length_4259_cov_5.126784_1	COG0410	223487	1.42e-25	49.153	LivF	ABC-type branched-chain amino acid transport system, ATPase component LivF	E	Amino acid transport and metabolism
NODE_23206_length_4259_cov_5.126784_2	COG0411	223488	2.51e-109	49.012	LivG	ABC-type branched-chain amino acid transport system, ATPase component LivG	E	Amino acid transport and metabolism
NODE_23206_length_4259_cov_5.126784_3	COG4177	226645	7.97e-22	48.913	LivM	ABC-type branched-chain amino acid transport system, permease component	E	Amino acid transport and metabolism
NODE_23206_length_4259_cov_5.126784_4	COG4177	226645	5.36e-21	38.095	LivM	ABC-type branched-chain amino acid transport system, permease component	E	Amino acid transport and metabolism
NODE_23206_length_4259_cov_5.126784_5	COG0559	223633	3.04e-47	36.634	LivH	Branched-chain amino acid ABC-type transport system, permease component	E	Amino acid transport and metabolism
NODE_23206_length_4259_cov_5.126784_6	COG0683	223755	1.76e-41	29.496	LivK	ABC-type branched-chain amino acid transport system, periplasmic component	E	Amino acid transport and metabolism
NODE_23212_length_4258_cov_4.837973_1	COG0216	223294	0.0	54.722	PrfA	Protein chain release factor RF1	J	Translation, ribosomal structure and biogenesis
NODE_23212_length_4258_cov_4.837973_4	COG3806	226328	0.009	23.529	ChrR	Anti-sigma factor ChrR, cupin superfamily	T	Signal transduction mechanisms
NODE_23213_length_4258_cov_4.203426_1	COG0863	223931	4.98e-06	20.101	YhdJ	DNA modification methylase	L	Replication, recombination and repair
NODE_23213_length_4258_cov_4.203426_2	COG0365	223442	0.0	41.947	Acs	Acyl-coenzyme A synthetase/AMP-(fatty) acid ligase	I	Lipid transport and metabolism
NODE_23213_length_4258_cov_4.203426_3	COG0148	223226	0.0	63.981	Eno	Enolase	G	Carbohydrate transport and metabolism
NODE_23228_length_4255_cov_5.715238_3	COG1598	224514	1.87e-10	37.5	HicB	Antitoxin component HicB of the HicAB toxin-antitoxin system	V	Defense mechanisms
NODE_23228_length_4255_cov_5.715238_7	COG3324	225861	0.00028	37.931	VOC	Lactoylglutathione lyase-related enzyme, vicinal oxygen chelate (VOC) family	R	General function prediction only
NODE_23240_length_4254_cov_5.381758_2	COG1846	224759	4.6e-10	27.778	MarR	DNA-binding transcriptional regulator, MarR family	K	Transcription
NODE_23240_length_4254_cov_5.381758_3	COG0745	223816	1.21e-20	36.29	OmpR	DNA-binding response regulator, OmpR family, contains REC and winged-helix (wHTH) domain	T	Signal transduction mechanisms
NODE_23240_length_4254_cov_5.381758_6	COG2060	224971	0.0	57.639	KdpA	K+-transporting ATPase, KdpA subunit	P	Inorganic ion transport and metabolism
NODE_23240_length_4254_cov_5.381758_7	COG2216	225126	5.44e-66	55.09	KdpB	K+ transport ATPase, ATPase subunit KdpB	P	Inorganic ion transport and metabolism
NODE_23270_length_4250_cov_3.659833_1	COG0621	223694	2.87e-96	41.86	MiaB	tRNA A37 methylthiotransferase MiaB	J	Translation, ribosomal structure and biogenesis
NODE_23270_length_4250_cov_3.659833_3	COG2353	225228	5.24e-61	43.889	YceI	Polyisoprenoid-binding periplasmic protein YceI	R	General function prediction only
NODE_23371_length_4235_cov_5.358373_1	COG3858	226376	3.24e-05	24.242	SleL	Spore cortex hydrolase SleL/YaaH, N-acetylglucosaminidase of GH18 family	D	Cell cycle control, cell division, chromosome partitioning
NODE_23371_length_4235_cov_5.358373_2	COG1502	224419	3.98e-28	19.73	Cls	Phosphatidylserine/phosphatidylglycerophosphate/cardiolipin synthase	I	Lipid transport and metabolism
NODE_23371_length_4235_cov_5.358373_3	COG1388	224306	9.38e-06	24.419	LysM	LysM repeat	M	Cell wall/membrane/envelope biogenesis
NODE_23371_length_4235_cov_5.358373_5	COG0215	223293	6.31e-32	30.769	CysS	Cysteinyl-tRNA synthetase	J	Translation, ribosomal structure and biogenesis
NODE_23378_length_4234_cov_9.061977_1	COG1357	224276	1.07e-17	30.769	YjbI	Uncharacterized conserved protein YjbI, contains pentapeptide repeats	S	Function unknown
NODE_23378_length_4234_cov_9.061977_2	COG2723	225343	2.95e-08	26.087	BglB	Beta-glucosidase/6-phospho-beta-glucosidase/beta-galactosidase	G	Carbohydrate transport and metabolism
NODE_23396_length_4232_cov_4.591573_2	COG2197	225107	9.13e-80	46.19	CitB	DNA-binding response regulator, NarL/FixJ family, contains REC and HTH domains	T	Signal transduction mechanisms
NODE_23396_length_4232_cov_4.591573_4	COG0789	223860	1.09e-19	35.043	SoxR	DNA-binding transcriptional regulator, MerR family	K	Transcription
NODE_23396_length_4232_cov_4.591573_6	COG2120	225031	3.3e-30	27.863	LmbE	N-acetylglucosaminyl deacetylase, LmbE family	G	Carbohydrate transport and metabolism
NODE_23427_length_4227_cov_3.590364_1	COG2872	225427	2.81e-41	38.503	AlaX	Ser-tRNA(Ala) deacylase AlaX (editing enzyme)	J	Translation, ribosomal structure and biogenesis
NODE_23427_length_4227_cov_3.590364_2	COG5330	227638	9.15e-06	22.794		Uncharacterized conserved protein, DUF2336 family	S	Function unknown
NODE_23444_length_4224_cov_5.510914_1	COG0642	223715	6.37e-24	42.308	BaeS	Signal transduction histidine kinase	T	Signal transduction mechanisms
NODE_23444_length_4224_cov_5.510914_2	COG3655	226181	4.47e-06	27.941	YozG	DNA-binding transcriptional regulator, XRE family	K	Transcription
NODE_23444_length_4224_cov_5.510914_5	COG1266	224185	3.9e-05	20.395	YdiL	Membrane protease YdiL, CAAX protease family	O	Posttranslational modification, protein turnover, chaperones
NODE_23444_length_4224_cov_5.510914_6	COG1063	223991	6.09e-24	23.377	Tdh	Threonine dehydrogenase or related Zn-dependent dehydrogenase	E	Amino acid transport and metabolism
NODE_23502_length_4217_cov_5.719366_1	COG0581	223654	6.87e-59	40.909	PstA	ABC-type phosphate transport system, permease component	P	Inorganic ion transport and metabolism
NODE_23502_length_4217_cov_5.719366_2	COG0573	223646	1.7e-67	33.775	PstC	ABC-type phosphate transport system, permease component	P	Inorganic ion transport and metabolism
NODE_23502_length_4217_cov_5.719366_3	COG0226	223304	3.93e-34	26.937	PstS	ABC-type phosphate transport system, periplasmic component	P	Inorganic ion transport and metabolism
NODE_23502_length_4217_cov_5.719366_4	COG0642	223715	7.99e-33	38.424	BaeS	Signal transduction histidine kinase	T	Signal transduction mechanisms
NODE_23555_length_4210_cov_6.495548_1	COG4705	227049	5.37e-40	37.342		Uncharacterized membrane-anchored protein	S	Function unknown
NODE_23555_length_4210_cov_6.495548_2	COG1846	224759	2.48e-13	35.714	MarR	DNA-binding transcriptional regulator, MarR family	K	Transcription
NODE_23555_length_4210_cov_6.495548_3	COG1716	224630	8.14e-08	43.75	FHA	Forkhead associated (FHA) domain, binds pSer, pThr, pTyr	T	Signal transduction mechanisms
NODE_23555_length_4210_cov_6.495548_4	COG0515	223589	2.43e-53	33.684	SPS1	Serine/threonine protein kinase	T	Signal transduction mechanisms
NODE_23612_length_4202_cov_3.241379_2	COG2814	225371	3.95e-18	28.283	AraJ	Predicted arabinose efflux permease AraJ, MFS family	G	Carbohydrate transport and metabolism
NODE_23612_length_4202_cov_3.241379_3	COG1116	224041	3.64e-108	49.219	TauB	ABC-type nitrate/sulfonate/bicarbonate transport system, ATPase component	P	Inorganic ion transport and metabolism
NODE_23612_length_4202_cov_3.241379_4	COG4986	227319	1.16e-37	45.802		ABC-type anion transport system, duplicated permease component	P	Inorganic ion transport and metabolism
NODE_23698_length_4189_cov_4.403725_2	COG0493	223567	1.69e-102	36.952	GltD	NADPH-dependent glutamate synthase beta chain or related oxidoreductase	E	Amino acid transport and metabolism
NODE_23698_length_4189_cov_4.403725_3	COG5006	227339	1.92e-78	46.667	RhtA	Threonine/homoserine efflux transporter RhtA	E	Amino acid transport and metabolism
NODE_23698_length_4189_cov_4.403725_4	COG1959	224870	6.85e-32	34.351	IscR	DNA-binding transcriptional regulator, IscR family	K	Transcription
NODE_23724_length_4185_cov_5.307264_2	COG0377	223454	5.53e-89	59.091	NuoB	NADH:ubiquinone oxidoreductase 20 kD subunit (chain B) or related Fe-S oxidoreductase	C	Energy production and conversion
NODE_23724_length_4185_cov_5.307264_3	COG1403	224321	1.12e-09	37.097	McrA	5-methylcytosine-specific restriction endonuclease McrA	V	Defense mechanisms
NODE_23724_length_4185_cov_5.307264_4	COG1143	224066	8.13e-16	34.568	NuoI	Formate hydrogenlyase subunit 6/NADH:ubiquinone oxidoreductase 23 kD subunit (chain I)	C	Energy production and conversion
NODE_23724_length_4185_cov_5.307264_5	COG1894	224806	1.84e-49	30.375	NuoF	NADH:ubiquinone oxidoreductase, NADH-binding 51 kD subunit (chain F)	C	Energy production and conversion
NODE_23758_length_4180_cov_4.683636_1	COG0188	223266	0.0	54.132	GyrA	DNA gyrase/topoisomerase IV, subunit A	L	Replication, recombination and repair
NODE_23758_length_4180_cov_4.683636_2	COG0482	223558	6.11e-46	46.154	MnmA	tRNA U34 2-thiouridine synthase MnmA/TrmU, contains the PP-loop ATPase domain	J	Translation, ribosomal structure and biogenesis
NODE_23824_length_4170_cov_4.790765_1	COG4177	226645	3.18e-08	31.646	LivM	ABC-type branched-chain amino acid transport system, permease component	E	Amino acid transport and metabolism
NODE_23824_length_4170_cov_4.790765_2	COG0683	223755	1.24e-37	22.823	LivK	ABC-type branched-chain amino acid transport system, periplasmic component	E	Amino acid transport and metabolism
NODE_23824_length_4170_cov_4.790765_3	COG1309	224228	8.31e-18	27.485	AcrR	DNA-binding protein, AcrR family, includes nucleoid occlusion protein SlmA	K	Transcription
NODE_23824_length_4170_cov_4.790765_4	COG1028	223959	1.18e-70	46.484	FabG	NAD(P)-dependent dehydrogenase, short-chain alcohol dehydrogenase family	I	Lipid transport and metabolism
NODE_23824_length_4170_cov_4.790765_5	COG1960	224871	2.77e-48	40.704	CaiA	Acyl-CoA dehydrogenase related to the alkylation response protein AidB	I	Lipid transport and metabolism
NODE_23825_length_4170_cov_4.788092_3	COG0635	223708	8e-142	43.89	HemN	Coproporphyrinogen-III oxidase HemN  (oxygen-independent) or related Fe-S oxidoreductase	H	Coenzyme transport and metabolism
NODE_23825_length_4170_cov_4.788092_4	COG0760	223831	3.8e-05	18.43	SurA	Peptidyl-prolyl isomerase, parvulin family	O	Posttranslational modification, protein turnover, chaperones
NODE_23825_length_4170_cov_4.788092_5	COG0238	223316	2.15e-28	65.0	RpsR	Ribosomal protein S18	J	Translation, ribosomal structure and biogenesis
NODE_23885_length_4160_cov_4.218514_3	COG0612	223685	2.38e-107	33.021	PqqL	Predicted Zn-dependent peptidase, M16 family	R	General function prediction only
NODE_23885_length_4160_cov_4.218514_4	COG3511	226042	6.29e-56	24.235	PlcC	Phospholipase C	M	Cell wall/membrane/envelope biogenesis
NODE_23919_length_4154_cov_4.745304_1	COG2204	225114	8.83e-22	42.708	AtoC	DNA-binding transcriptional response regulator, NtrC family, contains REC, AAA-type ATPase, and a Fis-type DNA-binding domains	T	Signal transduction mechanisms
NODE_23919_length_4154_cov_4.745304_2	COG0739	223810	2.23e-26	25.391	NlpD	Murein DD-endopeptidase MepM and murein hydrolase activator NlpD, contains LysM domain	M	Cell wall/membrane/envelope biogenesis
NODE_23919_length_4154_cov_4.745304_3	COG0561	223635	4.15e-64	30.038	Cof	Hydroxymethylpyrimidine pyrophosphatase and other HAD family phosphatases	H	Coenzyme transport and metabolism
NODE_23919_length_4154_cov_4.745304_4	COG1211	224132	2.82e-60	39.565	IspD	2-C-methyl-D-erythritol 4-phosphate cytidylyltransferase	I	Lipid transport and metabolism
NODE_23923_length_4153_cov_6.041728_1	COG1235	224156	3.65e-22	29.665	PhnP	Phosphoribosyl 1,2-cyclic phosphate phosphodiesterase	P	Inorganic ion transport and metabolism
NODE_23923_length_4153_cov_6.041728_2	COG2442	225291	9.89e-21	46.377		Predicted antitoxin component of a toxin-antitoxin system, DUF433 family	V	Defense mechanisms
NODE_23923_length_4153_cov_6.041728_3	COG1722	224636	2.51e-13	40.58	XseB	Exonuclease VII small subunit	L	Replication, recombination and repair
NODE_23923_length_4153_cov_6.041728_4	COG1670	224584	1.86e-29	31.953	RimL	Protein N-acetyltransferase, RimJ/RimL family	J	Translation, ribosomal structure and biogenesis
NODE_23923_length_4153_cov_6.041728_6	COG0484	223560	4.12e-12	40.0	DnaJ	DnaJ-class molecular chaperone with C-terminal Zn finger domain	O	Posttranslational modification, protein turnover, chaperones
NODE_23923_length_4153_cov_6.041728_7	COG1269	224188	0.002	32.609	NtpI	Archaeal/vacuolar-type H+-ATPase subunit I/STV1	C	Energy production and conversion
NODE_24032_length_4137_cov_5.340519_2	COG3088	225630	0.002	35.556	NrfF	Cytochrome c-type biogenesis protein CcmH/NrfF	C	Energy production and conversion
NODE_24032_length_4137_cov_5.340519_3	COG3801	226323	3.07e-30	39.286		Uncharacterized conserved protein	S	Function unknown
NODE_24032_length_4137_cov_5.340519_4	COG2114	225025	1.03e-23	28.837	AcyC	Adenylate cyclase, class 3	T	Signal transduction mechanisms
NODE_24032_length_4137_cov_5.340519_6	COG0773	223844	4.52e-65	43.434	MurC	UDP-N-acetylmuramate-alanine ligase MurC and related ligases, MurC/Mpl family	M	Cell wall/membrane/envelope biogenesis
NODE_24061_length_4133_cov_5.178274_1	COG3247	225786	0.002	33.333	HdeD	Acid resistance membrane protein HdeD, DUF308 family	R	General function prediction only
NODE_24061_length_4133_cov_5.178274_2	COG0642	223715	8.61e-49	30.897	BaeS	Signal transduction histidine kinase	T	Signal transduction mechanisms
NODE_24061_length_4133_cov_5.178274_3	COG0546	223620	3.59e-33	30.0	Gph	Phosphoglycolate phosphatase, HAD superfamily	C	Energy production and conversion
NODE_24061_length_4133_cov_5.178274_4	COG0642	223715	2.68e-41	26.316	BaeS	Signal transduction histidine kinase	T	Signal transduction mechanisms
NODE_24074_length_4131_cov_5.005643_1	COG3718	226241	1.56e-78	39.777	IolB	5-deoxy-D-glucuronate isomerase	G	Carbohydrate transport and metabolism
NODE_24074_length_4131_cov_5.005643_2	COG1177	224098	2.92e-42	30.741	PotC	ABC-type spermidine/putrescine transport system, permease component II	E	Amino acid transport and metabolism
NODE_24074_length_4131_cov_5.005643_3	COG1175	224096	7.19e-38	27.778	UgpA	ABC-type sugar transport system, permease component	G	Carbohydrate transport and metabolism
NODE_24074_length_4131_cov_5.005643_4	COG3842	226361	1.03e-142	45.915	PotA	ABC-type Fe3+/spermidine/putrescine transport systems, ATPase component	E	Amino acid transport and metabolism
NODE_24087_length_4129_cov_5.358861_2	COG3745	226268	1.81e-07	23.137	CpaB	Flp pilus assembly protein CpaB	U	Intracellular trafficking, secretion, and vesicular transport
NODE_24087_length_4129_cov_5.358861_4	COG4585	226951	2.64e-29	30.332	ComP	Signal transduction histidine kinase ComP	T	Signal transduction mechanisms
NODE_24087_length_4129_cov_5.358861_5	COG2197	225107	2.5e-62	35.909	CitB	DNA-binding response regulator, NarL/FixJ family, contains REC and HTH domains	T	Signal transduction mechanisms
NODE_24096_length_4128_cov_4.351584_2	COG2854	225410	0.003	21.519	MlaC	Periplasmic subunit MlaC of the ABC-type intermembrane phospholipid transporter Mla	M	Cell wall/membrane/envelope biogenesis
NODE_24096_length_4128_cov_4.351584_4	COG0479	223555	1.05e-111	53.947	SdhB/FrdB	Succinate dehydrogenase/fumarate reductase, Fe-S protein subunit	C	Energy production and conversion
NODE_24096_length_4128_cov_4.351584_5	COG1053	223981	2.93e-79	47.639	SdhA	Succinate dehydrogenase/fumarate reductase, flavoprotein subunit	C	Energy production and conversion
NODE_24104_length_4127_cov_5.964145_1	COG0577	223650	2.54e-08	33.898	SalY	ABC-type antimicrobial peptide transport system, permease component	V	Defense mechanisms
NODE_24104_length_4127_cov_5.964145_2	COG1136	224059	6.25e-107	49.558	LolD	ABC-type lipoprotein export system, ATPase component	M	Cell wall/membrane/envelope biogenesis
NODE_24104_length_4127_cov_5.964145_3	COG1695	224609	8.46e-19	35.833	PadR	DNA-binding transcriptional regulator, PadR family	K	Transcription
NODE_24104_length_4127_cov_5.964145_5	COG4257	226708	2.74e-21	30.233	Vgb	Streptogramin lyase	V	Defense mechanisms
NODE_24112_length_4126_cov_6.835421_1	COG1003	223935	0.002	20.588	GcvP2	Glycine cleavage system protein P (pyridoxal-binding), C-terminal domain	E	Amino acid transport and metabolism
NODE_24112_length_4126_cov_6.835421_3	COG0515	223589	3.62e-30	29.278	SPS1	Serine/threonine protein kinase	T	Signal transduction mechanisms
NODE_24112_length_4126_cov_6.835421_4	COG4783	227122	2.9e-09	24.06	BepA	Outer membrane protein chaperone/metalloprotease BepA/YfgC, contains M48 and TPR domains	M	Cell wall/membrane/envelope biogenesis
NODE_24112_length_4126_cov_6.835421_5	COG0511	223585	4.9e-25	36.486	AccB	Biotin carboxyl carrier protein	I	Lipid transport and metabolism
NODE_24114_length_4126_cov_6.267011_1	COG0477	223553	1.73e-08	21.595	ProP	MFS family permease, includes anhydromuropeptide permease AmpG	G	Carbohydrate transport and metabolism
NODE_24114_length_4126_cov_6.267011_2	COG1309	224228	1.15e-14	23.267	AcrR	DNA-binding protein, AcrR family, includes nucleoid occlusion protein SlmA	K	Transcription
NODE_24114_length_4126_cov_6.267011_3	COG2230	225139	0.002	25.904	Cfa	Cyclopropane fatty-acyl-phospholipid synthase and related methyltransferases	I	Lipid transport and metabolism
NODE_24162_length_4120_cov_4.206150_2	COG0823	223893	1.19e-07	19.205	TolB	Periplasmic component TolB of the Tol biopolymer transport system	U	Intracellular trafficking, secretion, and vesicular transport
NODE_24162_length_4120_cov_4.206150_3	COG0739	223810	5.55e-20	34.058	NlpD	Murein DD-endopeptidase MepM and murein hydrolase activator NlpD, contains LysM domain	M	Cell wall/membrane/envelope biogenesis
NODE_24167_length_4118_cov_5.421364_1	COG0113	223191	3.71e-98	56.614	HemB	Delta-aminolevulinic acid dehydratase, porphobilinogen synthase	H	Coenzyme transport and metabolism
NODE_24167_length_4118_cov_5.421364_2	COG0456	223532	1.13e-17	21.739	RimI	Ribosomal protein S18 acetylase RimI and related acetyltransferases	J	Translation, ribosomal structure and biogenesis
NODE_24167_length_4118_cov_5.421364_4	COG1396	224314	9.38e-05	39.062	HipB	Transcriptional regulator, contains XRE-family HTH domain	K	Transcription
NODE_24167_length_4118_cov_5.421364_5	COG2508	225306	7.28e-18	24.339	PucR	DNA-binding transcriptional regulator, PucR/PutR family	K	Transcription
NODE_24178_length_4117_cov_5.188331_1	COG0525	223599	0.0	46.286	ValS	Valyl-tRNA synthetase	J	Translation, ribosomal structure and biogenesis
NODE_24178_length_4117_cov_5.188331_2	COG4934	227270	6.38e-11	26.49		Serine protease, subtilase family	O	Posttranslational modification, protein turnover, chaperones
NODE_24178_length_4117_cov_5.188331_3	COG4934	227270	7.58e-11	26.087		Serine protease, subtilase family	O	Posttranslational modification, protein turnover, chaperones
NODE_24178_length_4117_cov_5.188331_4	COG1055	223983	5.11e-59	33.235	ArsB	Na+/H+ antiporter NhaD or related arsenite permease	P	Inorganic ion transport and metabolism
NODE_24180_length_4117_cov_4.834564_1	COG2084	224995	3.66e-11	30.769	MmsB	3-hydroxyisobutyrate dehydrogenase or related beta-hydroxyacid dehydrogenase	I	Lipid transport and metabolism
NODE_24180_length_4117_cov_4.834564_2	COG1071	223997	4.99e-119	45.045	AcoA	TPP-dependent pyruvate or acetoin dehydrogenase subunit alpha	C	Energy production and conversion
NODE_24180_length_4117_cov_4.834564_3	COG0022	223101	2.57e-170	53.106	AcoB	Pyruvate/2-oxoglutarate/acetoin dehydrogenase complex, dehydrogenase (E1) component, beta subunit	C	Energy production and conversion
NODE_24180_length_4117_cov_4.834564_4	COG0006	223085	5.28e-51	28.608	PepP	Xaa-Pro aminopeptidase	E	Amino acid transport and metabolism
NODE_24180_length_4117_cov_4.834564_5	COG0508	223582	1.09e-27	43.878	AceF	Pyruvate/2-oxoglutarate dehydrogenase complex, dihydrolipoamide acyltransferase (E2) component	C	Energy production and conversion
NODE_24200_length_4115_cov_3.770197_1	COG0528	223602	1.7e-123	61.017	PyrH	Uridylate kinase	F	Nucleotide transport and metabolism
NODE_24200_length_4115_cov_3.770197_2	COG0233	223311	5.48e-85	56.216	Frr	Ribosome recycling factor	J	Translation, ribosomal structure and biogenesis
NODE_24200_length_4115_cov_3.770197_3	COG0020	223099	1.7e-114	58.333	UppS	Undecaprenyl pyrophosphate synthase	I	Lipid transport and metabolism
NODE_24200_length_4115_cov_3.770197_4	COG0575	223648	1.83e-46	33.585	CdsA	CDP-diglyceride synthetase	I	Lipid transport and metabolism
NODE_24200_length_4115_cov_3.770197_5	COG2987	225534	1.44e-26	61.905	HutU	Urocanate hydratase	E	Amino acid transport and metabolism
NODE_24286_length_4100_cov_5.474660_2	COG1403	224321	1.49e-08	32.812	McrA	5-methylcytosine-specific restriction endonuclease McrA	V	Defense mechanisms
NODE_24286_length_4100_cov_5.474660_3	COG0277	223354	8.43e-126	43.696	GlcD	FAD/FMN-containing lactate dehydrogenase/glycolate oxidase	C	Energy production and conversion
NODE_24311_length_4097_cov_4.324344_1	COG1058	223986	2.92e-16	56.41	CinA	ADP-ribose pyrophosphatase domain of DNA damage- and competence-inducible protein CinA	L	Replication, recombination and repair
NODE_24311_length_4097_cov_4.324344_2	COG0718	223790	1.82e-21	38.053	YbaB	DNA-binding nucleoid-associated protein YbaB/EfbC	K	Transcription
NODE_24311_length_4097_cov_4.324344_3	COG0353	223430	1.73e-98	58.115	RecR	Recombinational DNA repair protein RecR	L	Replication, recombination and repair
NODE_24311_length_4097_cov_4.324344_4	COG0736	223807	1.22e-41	50.42	AcpS	Phosphopantetheinyl transferase (holo-ACP synthase)	I	Lipid transport and metabolism
NODE_24311_length_4097_cov_4.324344_5	COG1208	224129	2.06e-23	24.286	GCD1	NDP-sugar pyrophosphorylase, includes eIF-2Bgamma, eIF-2Bepsilon, and LPS biosynthesis protein s	J	Translation, ribosomal structure and biogenesis
NODE_24311_length_4097_cov_4.324344_6	COG2807	225365	1.36e-28	29.032	CynX	Cyanate permease	P	Inorganic ion transport and metabolism
NODE_24377_length_4087_cov_5.069196_1	COG1309	224228	3.35e-10	25.773	AcrR	DNA-binding protein, AcrR family, includes nucleoid occlusion protein SlmA	K	Transcription
NODE_24377_length_4087_cov_5.069196_2	COG0300	223377	1.27e-56	32.824	YqjQ	Short-chain dehydrogenase	R	General function prediction only
NODE_24377_length_4087_cov_5.069196_3	COG0596	223669	1.11e-35	32.394	MenH	2-succinyl-6-hydroxy-2,4-cyclohexadiene-1-carboxylate synthase MenH and related esterases, alpha/beta hydrolase fold	H	Coenzyme transport and metabolism
NODE_24377_length_4087_cov_5.069196_4	COG1075	224001	1.34e-08	24.46	EstA	Triacylglycerol esterase/lipase EstA, alpha/beta hydrolase fold	I	Lipid transport and metabolism
NODE_24392_length_4084_cov_4.881857_2	COG0515	223589	3.85e-45	27.458	SPS1	Serine/threonine protein kinase	T	Signal transduction mechanisms
NODE_24392_length_4084_cov_4.881857_3	COG2319	225201	1.94e-07	21.574	WD40	WD40 repeat	R	General function prediction only
NODE_24409_length_4082_cov_5.127887_3	COG5340	227645	4.04e-16	30.061	AbiEi	Abortive phage infection protein AbiEi, antitoxin conponent of an AbiEi-AbiEii TA system	V	Defense mechanisms
NODE_24409_length_4082_cov_5.127887_4	COG2253	225162	0.000303	21.782		Predicted nucleotidyltransferase component of viral defense system	V	Defense mechanisms
NODE_24409_length_4082_cov_5.127887_5	COG0466	223542	0.0	53.271	Lon	ATP-dependent Lon protease, bacterial type	O	Posttranslational modification, protein turnover, chaperones
NODE_24459_length_4074_cov_6.819607_1	COG2061	224972	2.44e-08	27.143		Uncharacterized conserved protein, contains ACT domain	R	General function prediction only
NODE_24459_length_4074_cov_6.819607_2	COG2361	225236	4.65e-33	36.283	HEPN	HEPN domain protein, predicted toxin of MNT-HEPN system	V	Defense mechanisms
NODE_24459_length_4074_cov_6.819607_3	COG1669	224583	2.95e-23	36.471	MJ0435	Predicted nucleotidyltransferase MJ0435	R	General function prediction only
NODE_24460_length_4074_cov_4.669072_1	COG1846	224759	9.3e-17	33.0	MarR	DNA-binding transcriptional regulator, MarR family	K	Transcription
NODE_24460_length_4074_cov_4.669072_2	COG2182	225093	2.14e-76	31.64	MalE	Maltose-binding periplasmic protein MalE	G	Carbohydrate transport and metabolism
NODE_24460_length_4074_cov_4.669072_3	COG1175	224096	4.62e-60	41.339	UgpA	ABC-type sugar transport system, permease component	G	Carbohydrate transport and metabolism
NODE_24460_length_4074_cov_4.669072_4	COG3833	226354	5.6e-74	37.857	MalG	ABC-type maltose transport system, permease component MalG	G	Carbohydrate transport and metabolism
NODE_24526_length_4064_cov_5.538039_3	COG4392	226827	2.88e-14	41.414	AzlD2	Branched-chain amino acid transport protein	E	Amino acid transport and metabolism
NODE_24526_length_4064_cov_5.538039_4	COG1296	224215	3.39e-48	35.714	AzlC	Predicted branched-chain amino acid permease (azaleucine resistance)	E	Amino acid transport and metabolism
NODE_24526_length_4064_cov_5.538039_7	COG0745	223816	6.07e-81	52.863	OmpR	DNA-binding response regulator, OmpR family, contains REC and winged-helix (wHTH) domain	T	Signal transduction mechanisms
NODE_24527_length_4064_cov_4.670242_1	COG0596	223669	1.32e-40	27.018	MenH	2-succinyl-6-hydroxy-2,4-cyclohexadiene-1-carboxylate synthase MenH and related esterases, alpha/beta hydrolase fold	H	Coenzyme transport and metabolism
NODE_24527_length_4064_cov_4.670242_4	COG1520	224437	1.14e-06	23.423	PQQ	Outer membrane protein assembly factor BamB, contains PQQ-like beta-propeller repeat	M	Cell wall/membrane/envelope biogenesis
NODE_24527_length_4064_cov_4.670242_5	COG0037	223115	3.48e-45	35.034	TilS	tRNA(Ile)-lysidine synthase TilS/MesJ	J	Translation, ribosomal structure and biogenesis
NODE_24644_length_4048_cov_4.632106_1	COG4770	227111	1e-137	41.489	PccA	Acetyl/propionyl-CoA carboxylase, alpha subunit	I	Lipid transport and metabolism
NODE_24644_length_4048_cov_4.632106_2	COG0584	223657	4.99e-53	35.06	UgpQ	Glycerophosphoryl diester phosphodiesterase	I	Lipid transport and metabolism
NODE_24659_length_4046_cov_5.002756_1	COG4102	226587	7.6e-61	30.28		Uncharacterized conserved protein, DUF1501 family	S	Function unknown
NODE_24659_length_4046_cov_5.002756_2	COG5267	227592	2.04e-71	31.436		Uncharacterized conserved protein, DUF1800 family	S	Function unknown
NODE_24659_length_4046_cov_5.002756_3	COG0642	223715	2.69e-64	38.006	BaeS	Signal transduction histidine kinase	T	Signal transduction mechanisms
NODE_24701_length_4039_cov_4.933735_1	COG1674	224588	2.4e-86	29.797	FtsK	DNA segregation ATPase FtsK/SpoIIIE or related protein	D	Cell cycle control, cell division, chromosome partitioning
NODE_24701_length_4039_cov_4.933735_3	COG1240	224161	3.31e-08	22.794	ChlD	vWFA (von Willebrand factor type A) domain of Mg and Co chelatases	H	Coenzyme transport and metabolism
NODE_24748_length_4032_cov_5.629872_1	COG2220	225130	3.6e-21	22.318	UlaG	L-ascorbate lactonase UlaG, metallo-beta-lactamase superfamily	G	Carbohydrate transport and metabolism
NODE_24748_length_4032_cov_5.629872_4	COG0300	223377	2.05e-42	27.931	YqjQ	Short-chain dehydrogenase	R	General function prediction only
NODE_24754_length_4032_cov_3.804878_1	COG1403	224321	2.49e-10	35.484	McrA	5-methylcytosine-specific restriction endonuclease McrA	V	Defense mechanisms
NODE_24754_length_4032_cov_3.804878_2	COG2226	225136	1.06e-09	15.976	UbiE	Ubiquinone/menaquinone biosynthesis C-methylase UbiE/MenG	H	Coenzyme transport and metabolism
NODE_24754_length_4032_cov_3.804878_3	COG0304	223381	3.48e-169	52.53	FabB	3-oxoacyl-(acyl-carrier-protein) synthase	I	Lipid transport and metabolism
NODE_24754_length_4032_cov_3.804878_4	COG2030	224941	2.01e-34	37.975	MaoC	Acyl-CoA dehydratase PaaZ	I	Lipid transport and metabolism
NODE_24800_length_4025_cov_4.884887_2	COG0366	223443	6.39e-68	24.953	AmyA	Glycosidase/amylase (phosphorylase)	G	Carbohydrate transport and metabolism
NODE_24800_length_4025_cov_4.884887_3	COG1203	224124	5.77e-25	19.506	Cas3	CRISPR-Cas type I system-associated endonuclease/helicase Cas3	V	Defense mechanisms
NODE_24812_length_4023_cov_5.130040_1	COG1502	224419	2.98e-38	21.763	Cls	Phosphatidylserine/phosphatidylglycerophosphate/cardiolipin synthase	I	Lipid transport and metabolism
NODE_24812_length_4023_cov_5.130040_2	COG4783	227122	5.16e-07	24.806	BepA	Outer membrane protein chaperone/metalloprotease BepA/YfgC, contains M48 and TPR domains	M	Cell wall/membrane/envelope biogenesis
NODE_24812_length_4023_cov_5.130040_5	COG1396	224314	0.000516	33.333	HipB	Transcriptional regulator, contains XRE-family HTH domain	K	Transcription
NODE_24995_length_3998_cov_3.783160_1	COG0658	223731	3.75e-12	26.407	ComEC	DNA uptake channel protein ComEC, N-terminal domain	U	Intracellular trafficking, secretion, and vesicular transport
NODE_25027_length_3993_cov_4.011935_1	COG3280	225819	1.2e-109	44.164	TreY	Maltooligosyltrehalose synthase	G	Carbohydrate transport and metabolism
NODE_25027_length_3993_cov_4.011935_2	COG1449	224366	1.58e-08	18.382		Alpha-amylase/alpha-mannosidase, GH57 family	G	Carbohydrate transport and metabolism
NODE_25052_length_3990_cov_5.543329_2	COG1066	223993	0.0	51.528	Sms	DNA repair protein RadA/Sms, contains AAA+ ATPase domain	L	Replication, recombination and repair
NODE_25052_length_3990_cov_5.543329_3	COG0421	223498	7.44e-20	24.121	SpeE	Spermidine synthase (polyamine aminopropyltransferase)	E	Amino acid transport and metabolism
NODE_25052_length_3990_cov_5.543329_4	COG0215	223293	2.56e-154	42.564	CysS	Cysteinyl-tRNA synthetase	J	Translation, ribosomal structure and biogenesis
NODE_25151_length_3974_cov_4.649145_1	COG4770	227111	4.07e-86	63.918	PccA	Acetyl/propionyl-CoA carboxylase, alpha subunit	I	Lipid transport and metabolism
NODE_25151_length_3974_cov_4.649145_2	COG0436	223513	4.36e-36	27.879	AspB	Aspartate/methionine/tyrosine aminotransferase	E	Amino acid transport and metabolism
NODE_25151_length_3974_cov_4.649145_3	COG1028	223959	3.56e-51	38.554	FabG	NAD(P)-dependent dehydrogenase, short-chain alcohol dehydrogenase family	I	Lipid transport and metabolism
NODE_25151_length_3974_cov_4.649145_4	COG0745	223816	8.73e-17	36.134	OmpR	DNA-binding response regulator, OmpR family, contains REC and winged-helix (wHTH) domain	T	Signal transduction mechanisms
NODE_25151_length_3974_cov_4.649145_5	COG0776	223847	1.56e-29	45.652	HimA	Bacterial nucleoid DNA-binding protein IHF-alpha	L	Replication, recombination and repair
NODE_25190_length_3969_cov_6.080225_1	COG2333	225212	2.53e-13	21.171	ComEC	DNA uptake channel protein ComEC C-terminal domain, metallo-beta-lactamase superfamily	U	Intracellular trafficking, secretion, and vesicular transport
NODE_25190_length_3969_cov_6.080225_2	COG1835	224748	6.04e-26	24.886	OafA	Peptidoglycan/LPS O-acetylase OafA/YrhL, contains acyltransferase and SGNH-hydrolase domains	M	Cell wall/membrane/envelope biogenesis
NODE_25242_length_3961_cov_3.376344_2	COG0714	223786	5.37e-20	23.116	MoxR	MoxR-like ATPase	R	General function prediction only
NODE_25242_length_3961_cov_3.376344_3	COG3864	226382	3.83e-64	21.134		Predicted metal-dependent peptidase	R	General function prediction only
NODE_25242_length_3961_cov_3.376344_4	COG4447	226855	0.003	17.021		Uncharacterized conserved protein related to plant photosystem II stability/assembly factor	R	General function prediction only
NODE_25327_length_3951_cov_5.267710_1	COG1960	224871	6.63e-92	50.427	CaiA	Acyl-CoA dehydrogenase related to the alkylation response protein AidB	I	Lipid transport and metabolism
NODE_25327_length_3951_cov_5.267710_4	COG1309	224228	3.28e-18	25.758	AcrR	DNA-binding protein, AcrR family, includes nucleoid occlusion protein SlmA	K	Transcription
NODE_25327_length_3951_cov_5.267710_5	COG4586	226952	1.07e-55	48.551		ABC-type uncharacterized transport system, ATPase component	R	General function prediction only
NODE_25398_length_3940_cov_4.559331_1	COG0805	223876	4e-46	36.111	TatC	Twin-arginine protein secretion pathway component TatC	U	Intracellular trafficking, secretion, and vesicular transport
NODE_25398_length_3940_cov_4.559331_2	COG0710	223782	3.46e-46	34.052	AroD	3-dehydroquinate dehydratase	E	Amino acid transport and metabolism
NODE_25398_length_3940_cov_4.559331_4	COG0469	223545	1.53e-128	51.864	PykF	Pyruvate kinase	G	Carbohydrate transport and metabolism
NODE_25447_length_3934_cov_5.447538_1	COG0072	223150	1.3e-149	33.391	PheT	Phenylalanyl-tRNA synthetase beta subunit	J	Translation, ribosomal structure and biogenesis
NODE_25447_length_3934_cov_5.447538_3	COG1595	224511	3.79e-17	27.778	RpoE	DNA-directed RNA polymerase specialized sigma subunit, sigma24 family	K	Transcription
NODE_25502_length_3926_cov_5.052700_1	COG0262	223340	1.04e-05	29.31	FolA	Dihydrofolate reductase	H	Coenzyme transport and metabolism
NODE_25502_length_3926_cov_5.052700_2	COG2823	225379	4.39e-09	24.224	OsmY	Osmotically-inducible protein OsmY, contains BON domain	M	Cell wall/membrane/envelope biogenesis
NODE_25502_length_3926_cov_5.052700_3	COG1092	224017	1.5e-37	24.176	RlmK	23S rRNA G2069 N7-methylase RlmK or C1962 C5-methylase RlmI	J	Translation, ribosomal structure and biogenesis
NODE_25529_length_3922_cov_5.584691_1	COG0515	223589	4.46e-36	29.693	SPS1	Serine/threonine protein kinase	T	Signal transduction mechanisms
NODE_25529_length_3922_cov_5.584691_3	COG1674	224588	5.57e-30	20.974	FtsK	DNA segregation ATPase FtsK/SpoIIIE or related protein	D	Cell cycle control, cell division, chromosome partitioning
NODE_25548_length_3919_cov_4.439959_2	COG0119	223197	1.93e-56	26.75	LeuA	Isopropylmalate/homocitrate/citramalate synthases	E	Amino acid transport and metabolism
NODE_25548_length_3919_cov_4.439959_3	COG0372	223449	2.13e-65	32.782	GltA	Citrate synthase	C	Energy production and conversion
NODE_25597_length_3914_cov_4.925369_1	COG2971	225518	2.51e-48	36.0	BadF	BadF-type ATPase, related to human N-acetylglucosamine kinase	G	Carbohydrate transport and metabolism
NODE_25597_length_3914_cov_4.925369_2	COG2103	225014	1.79e-120	57.388	MurQ	N-acetylmuramic acid 6-phosphate (MurNAc-6-P) etherase	M	Cell wall/membrane/envelope biogenesis
NODE_25597_length_3914_cov_4.925369_3	COG2188	225099	2.12e-80	46.61	MngR	DNA-binding transcriptional regulator, GntR family	K	Transcription
NODE_25597_length_3914_cov_4.925369_4	COG1820	224733	9.56e-80	38.29	NagA	N-acetylglucosamine-6-phosphate deacetylase	G	Carbohydrate transport and metabolism
NODE_25651_length_3907_cov_4.150312_1	COG1917	224829	0.000159	21.053	QdoI	Cupin domain protein related to quercetin dioxygenase	R	General function prediction only
NODE_25651_length_3907_cov_4.150312_2	COG2348	225224	4.47e-35	22.084	FmhB	Lipid II:glycine glycyltransferase (Peptidoglycan interpeptide bridge formation enzyme)	M	Cell wall/membrane/envelope biogenesis
NODE_25651_length_3907_cov_4.150312_3	COG0628	223701	1.11e-45	30.124	PerM	Predicted PurR-regulated permease PerM	R	General function prediction only
NODE_25758_length_3892_cov_4.437581_1	COG3437	225971	1.52e-20	33.884	RpfG	Response regulator c-di-GMP phosphodiesterase, RpfG family, contains REC and HD-GYP domains	T	Signal transduction mechanisms
NODE_25758_length_3892_cov_4.437581_2	COG2205	225115	1.07e-41	30.69	KdpD	K+-sensing histidine kinase KdpD	T	Signal transduction mechanisms
NODE_25758_length_3892_cov_4.437581_3	COG1132	224055	1.84e-66	32.905	MdlB	ABC-type multidrug transport system, ATPase and permease component	V	Defense mechanisms
NODE_25758_length_3892_cov_4.437581_4	COG1132	224055	4.9e-49	29.536	MdlB	ABC-type multidrug transport system, ATPase and permease component	V	Defense mechanisms
NODE_25854_length_3880_cov_8.563137_2	COG2141	225052	2.01e-26	25.6	SsuD	Flavin-dependent oxidoreductase, luciferase family (includes alkanesulfonate monooxygenase SsuD and methylene tetrahydromethanopterin reductase)	H	Coenzyme transport and metabolism
NODE_25854_length_3880_cov_8.563137_3	COG0684	223756	8.36e-39	33.929	RraA	RNA degradosome component RraA (regulator of RNase E activity)	J	Translation, ribosomal structure and biogenesis
NODE_25854_length_3880_cov_8.563137_4	COG4934	227270	4.59e-41	25.221		Serine protease, subtilase family	O	Posttranslational modification, protein turnover, chaperones
NODE_25896_length_3875_cov_5.407853_1	COG0045	223123	2.18e-146	50.943	SucC	Succinyl-CoA synthetase, beta subunit	C	Energy production and conversion
NODE_25896_length_3875_cov_5.407853_2	COG0074	223152	8.4e-137	60.825	SucD	Succinyl-CoA synthetase, alpha subunit	C	Energy production and conversion
NODE_26036_length_3857_cov_6.507891_1	COG2169	225080	0.000692	34.146	AdaA	Methylphosphotriester-DNA--protein-cysteine methyltransferase (N-terminal fragment of Ada), contains Zn-binding and two AraC-type DNA-binding domains	L	Replication, recombination and repair
NODE_26036_length_3857_cov_6.507891_3	COG1506	224423	1.63e-70	32.919	DAP2	Dipeptidyl aminopeptidase/acylaminoacyl peptidase	E	Amino acid transport and metabolism
NODE_26045_length_3856_cov_4.706656_1	COG0304	223381	8.64e-115	66.184	FabB	3-oxoacyl-(acyl-carrier-protein) synthase	I	Lipid transport and metabolism
NODE_26045_length_3856_cov_4.706656_2	COG0511	223585	1.6e-25	37.415	AccB	Biotin carboxyl carrier protein	I	Lipid transport and metabolism
NODE_26045_length_3856_cov_4.706656_3	COG0675	223747	3.13e-41	41.209	InsQ	Transposase	X	Mobilome: prophages, transposons
NODE_26045_length_3856_cov_4.706656_4	COG4634	226981	3.23e-06	37.288		Predicted nuclease, contains PIN domain, potential toxin-antitoxin system component	R	General function prediction only
NODE_26045_length_3856_cov_4.706656_5	COG2442	225291	1.57e-14	42.188		Predicted antitoxin component of a toxin-antitoxin system, DUF433 family	V	Defense mechanisms
NODE_26045_length_3856_cov_4.706656_6	COG0130	223208	5.22e-77	39.662	TruB	tRNA U55 pseudouridine synthase TruB, may also work on U342 of tmRNA	J	Translation, ribosomal structure and biogenesis
NODE_26052_length_3855_cov_5.104737_1	COG2197	225107	6.26e-21	37.736	CitB	DNA-binding response regulator, NarL/FixJ family, contains REC and HTH domains	T	Signal transduction mechanisms
NODE_26052_length_3855_cov_5.104737_4	COG3450	225981	8.09e-06	31.111		Predicted enzyme of the cupin superfamily	R	General function prediction only
NODE_26052_length_3855_cov_5.104737_5	COG2814	225371	0.000262	19.701	AraJ	Predicted arabinose efflux permease AraJ, MFS family	G	Carbohydrate transport and metabolism
NODE_26052_length_3855_cov_5.104737_6	COG2059	224970	1.35e-10	26.891	ChrA	Chromate transport protein ChrA	P	Inorganic ion transport and metabolism
NODE_26116_length_3847_cov_4.652162_1	COG4715	227059	5.25e-06	15.556	SWIM	Uncharacterized protein, contains SWIM-type Zn finger domain	S	Function unknown
NODE_26116_length_3847_cov_4.652162_2	COG0596	223669	2.98e-17	23.97	MenH	2-succinyl-6-hydroxy-2,4-cyclohexadiene-1-carboxylate synthase MenH and related esterases, alpha/beta hydrolase fold	H	Coenzyme transport and metabolism
NODE_26116_length_3847_cov_4.652162_3	COG1285	224204	7.99e-33	40.361	SapB	Magnesium uptake protein YhiD/SapB, involved in acid resistance	P	Inorganic ion transport and metabolism
NODE_26116_length_3847_cov_4.652162_4	COG1914	224826	6.83e-54	26.536	MntH	Mn2+ or Fe2+ transporter, NRAMP family	P	Inorganic ion transport and metabolism
NODE_26198_length_3838_cov_6.860693_2	COG0404	223481	7.25e-162	49.062	GcvT	Glycine cleavage system protein T (aminomethyltransferase)	E	Amino acid transport and metabolism
NODE_26198_length_3838_cov_6.860693_3	COG0509	223583	2.19e-52	50.0	GcvH	Glycine cleavage system protein H (lipoate-binding)	E	Amino acid transport and metabolism
NODE_26198_length_3838_cov_6.860693_4	COG0403	223480	2.97e-30	33.028	GcvP1	Glycine cleavage system protein P (pyridoxal-binding), N-terminal domain	E	Amino acid transport and metabolism
NODE_26246_length_3831_cov_5.553496_1	COG4977	227311	8.49e-42	34.637	GlxA	Transcriptional regulator GlxA, contains an amidase domain and an AraC-type DNA-binding HTH domain	K	Transcription
NODE_26246_length_3831_cov_5.553496_2	COG1167	224089	4.83e-118	33.267	ARO8	DNA-binding transcriptional regulator, MocR family, contains an aminotransferase domain	K	Transcription
NODE_26246_length_3831_cov_5.553496_3	COG2223	225133	7.71e-13	23.051	NarK	Nitrate/nitrite transporter NarK	P	Inorganic ion transport and metabolism
NODE_26252_length_3830_cov_5.572185_1	COG1069	223995	1.15e-42	36.691	AraB	Ribulose kinase	G	Carbohydrate transport and metabolism
NODE_26252_length_3830_cov_5.572185_2	COG1129	224053	2.73e-91	41.975	MglA	ABC-type sugar transport system, ATPase component	G	Carbohydrate transport and metabolism
NODE_26252_length_3830_cov_5.572185_3	COG1172	224093	1.35e-56	36.05	AraH	Ribose/xylose/arabinose/galactoside ABC-type transport system, permease component	G	Carbohydrate transport and metabolism
NODE_26252_length_3830_cov_5.572185_4	COG1879	224791	5.29e-37	27.157	RbsB	ABC-type sugar transport system, periplasmic component, contains N-terminal xre family HTH domain	G	Carbohydrate transport and metabolism
NODE_26297_length_3824_cov_4.734147_1	COG0210	223288	3.43e-96	37.74	UvrD	Superfamily I DNA or RNA helicase	L	Replication, recombination and repair
NODE_26297_length_3824_cov_4.734147_3	COG1203	224124	4.84e-22	27.5	Cas3	CRISPR-Cas type I system-associated endonuclease/helicase Cas3	V	Defense mechanisms
NODE_26318_length_3820_cov_5.968127_1	COG0809	223879	4.83e-137	50.685	QueA	S-adenosylmethionine:tRNA-ribosyltransferase-isomerase (queuine synthetase)	J	Translation, ribosomal structure and biogenesis
NODE_26318_length_3820_cov_5.968127_3	COG1388	224306	0.004	40.0	LysM	LysM repeat	M	Cell wall/membrane/envelope biogenesis
NODE_26318_length_3820_cov_5.968127_4	COG3893	226409	0.005	34.783		Inactivated superfamily I helicase	L	Replication, recombination and repair
NODE_26318_length_3820_cov_5.968127_5	COG4946	227282	5.98e-81	41.502		Uncharacterized N-terminal domain of tricorn protease, contains WD40 repeats	S	Function unknown
NODE_26393_length_3810_cov_3.563515_1	COG0643	223716	1.08e-130	47.962	CheA	Chemotaxis protein histidine kinase CheA	T	Signal transduction mechanisms
NODE_26393_length_3810_cov_3.563515_2	COG1776	224690	6.03e-22	25.359	CheC	Phosphoaspartate phosphatase CheC, specific for CheY-P	T	Signal transduction mechanisms
NODE_26393_length_3810_cov_3.563515_3	COG1871	224783	1.66e-33	36.184	CheD	Chemotaxis receptor (MCP) glutamine deamidase CheD	T	Signal transduction mechanisms
NODE_26393_length_3810_cov_3.563515_4	COG2204	225114	1.07e-31	43.59	AtoC	DNA-binding transcriptional response regulator, NtrC family, contains REC, AAA-type ATPase, and a Fis-type DNA-binding domains	T	Signal transduction mechanisms
NODE_26393_length_3810_cov_3.563515_5	COG2201	225111	1.7e-125	51.929	CheB	Chemotaxis response regulator CheB, contains REC and protein-glutamate methylesterase domains	T	Signal transduction mechanisms
NODE_26425_length_3806_cov_4.284991_2	COG2258	225167	7.74e-27	24.725	YiiM	N-hydroxylaminopurine reductase YiiM, contains MOSC domain	F	Nucleotide transport and metabolism
NODE_26425_length_3806_cov_4.284991_3	COG0596	223669	6.94e-19	27.273	MenH	2-succinyl-6-hydroxy-2,4-cyclohexadiene-1-carboxylate synthase MenH and related esterases, alpha/beta hydrolase fold	H	Coenzyme transport and metabolism
NODE_26425_length_3806_cov_4.284991_4	COG0604	223677	3.8e-56	36.474	Qor	NADPH:quinone reductase or related Zn-dependent oxidoreductase	C	Energy production and conversion
NODE_26425_length_3806_cov_4.284991_5	COG0446	223523	6.73e-13	27.742	FadH2	NADPH-dependent 2,4-dienoyl-CoA reductase, sulfur reductase, or a related oxidoreductase	I	Lipid transport and metabolism
NODE_26510_length_3796_cov_4.207698_1	COG0515	223589	1.01e-44	30.634	SPS1	Serine/threonine protein kinase	T	Signal transduction mechanisms
NODE_26510_length_3796_cov_4.207698_2	COG1109	224034	5.29e-139	37.418	ManB	Phosphomannomutase	G	Carbohydrate transport and metabolism
NODE_26510_length_3796_cov_4.207698_3	COG1011	223943	1.03e-25	26.471	YigB	FMN and 5-amino-6-(5-phospho-D-ribitylamino)uracil phosphatase YigB, HAD superfamily (riboflavin biosynthesis)	H	Coenzyme transport and metabolism
NODE_26510_length_3796_cov_4.207698_4	COG3393	225928	2.36e-17	42.105		Predicted acetyltransferase, GNAT family	R	General function prediction only
NODE_26527_length_3794_cov_4.081305_1	COG1164	224086	7.15e-94	39.812	PepF	Oligoendopeptidase F	E	Amino acid transport and metabolism
NODE_26527_length_3794_cov_4.081305_2	COG3276	225815	1.48e-108	37.259	SelB	Selenocysteine-specific translation elongation factor SelB	J	Translation, ribosomal structure and biogenesis
NODE_26541_length_3792_cov_4.166711_2	COG0772	223843	1.25e-69	32.812	FtsW	Peptodoglycan polymerase FtsW/RodA/SpoVE	D	Cell cycle control, cell division, chromosome partitioning
NODE_26541_length_3792_cov_4.166711_3	COG1716	224630	1.02e-12	36.364	FHA	Forkhead associated (FHA) domain, binds pSer, pThr, pTyr	T	Signal transduction mechanisms
NODE_26541_length_3792_cov_4.166711_4	COG1716	224630	7e-16	45.588	FHA	Forkhead associated (FHA) domain, binds pSer, pThr, pTyr	T	Signal transduction mechanisms
NODE_26541_length_3792_cov_4.166711_5	COG0196	223274	8.59e-72	41.256	RibF	FAD synthase	H	Coenzyme transport and metabolism
NODE_26562_length_3790_cov_5.221419_1	COG0574	223647	2.16e-148	29.983	PpsA	Phosphoenolpyruvate synthase/pyruvate phosphate dikinase	G	Carbohydrate transport and metabolism
NODE_26589_length_3786_cov_5.369874_3	COG1364	224283	1.46e-170	49.631	ArgJ	Glutamate N-acetyltransferase (ornithine transacetylase)	E	Amino acid transport and metabolism
NODE_26589_length_3786_cov_5.369874_4	COG0673	223745	3.45e-13	20.707	MviM	Predicted dehydrogenase	R	General function prediction only
NODE_26635_length_3781_cov_4.521471_1	COG2445	225293	4.86e-05	20.909	YutE	Uncharacterized HEPN domain protein YutE, UPF0331/DUF86 family	R	General function prediction only
NODE_26635_length_3781_cov_4.521471_2	COG0456	223532	0.003	28.866	RimI	Ribosomal protein S18 acetylase RimI and related acetyltransferases	J	Translation, ribosomal structure and biogenesis
NODE_26686_length_3775_cov_5.088978_1	COG1228	224149	1.5e-67	38.796	HutI	Imidazolonepropionase or related amidohydrolase	Q	Secondary metabolites biosynthesis, transport and catabolism
NODE_26686_length_3775_cov_5.088978_2	COG0780	223851	1.59e-48	46.552	QueFC	NADPH-dependent 7-cyano-7-deazaguanine reductase QueF, C-terminal domain, T-fold superfamily	J	Translation, ribosomal structure and biogenesis
NODE_26686_length_3775_cov_5.088978_4	COG1363	224282	1.51e-125	43.642	FrvX	Putative aminopeptidase FrvX	E	Amino acid transport and metabolism
NODE_26843_length_3755_cov_5.886486_1	COG0515	223589	3.19e-33	26.246	SPS1	Serine/threonine protein kinase	T	Signal transduction mechanisms
NODE_26901_length_3749_cov_4.387385_2	COG0070	223148	9.43e-98	52.444	GltB3	Glutamate synthase domain 3	E	Amino acid transport and metabolism
NODE_26901_length_3749_cov_4.387385_3	COG0069	223147	3.64e-179	53.207	GltB2	Glutamate synthase domain 2	E	Amino acid transport and metabolism
NODE_27030_length_3735_cov_4.757609_2	COG1136	224059	7.89e-77	45.614	LolD	ABC-type lipoprotein export system, ATPase component	M	Cell wall/membrane/envelope biogenesis
NODE_27030_length_3735_cov_4.757609_3	COG1136	224059	2.13e-98	43.75	LolD	ABC-type lipoprotein export system, ATPase component	M	Cell wall/membrane/envelope biogenesis
NODE_27030_length_3735_cov_4.757609_4	COG1524	224441	0.000206	33.333	AtaC	c-di-AMP phosphodiesterase AtaC or nucleotide pyrophosphatase, AlkP superfamily	T	Signal transduction mechanisms
NODE_27057_length_3731_cov_5.078618_1	COG2206	225116	1.89e-62	42.614	HDGYP	HD-GYP domain, c-di-GMP phosphodiesterase class II (or its inactivated variant)	T	Signal transduction mechanisms
NODE_27083_length_3727_cov_3.477669_2	COG0312	223389	4.2e-43	24.891	TldD	Zn-dependent protease PmbA/TldA or its inactivated homolog	R	General function prediction only
NODE_27083_length_3727_cov_3.477669_4	COG2120	225031	1.43e-35	31.28	LmbE	N-acetylglucosaminyl deacetylase, LmbE family	G	Carbohydrate transport and metabolism
NODE_27083_length_3727_cov_3.477669_5	COG1406	224324	5.51e-37	33.987	CheX	Chemotaxis protein CheX, a CheY~P-specific phosphatase	N	Cell motility
NODE_27111_length_3722_cov_5.828197_1	COG2059	224970	2.55e-37	38.122	ChrA	Chromate transport protein ChrA	P	Inorganic ion transport and metabolism
NODE_27111_length_3722_cov_5.828197_2	COG2876	225431	6.66e-134	59.857	AroGA	3-deoxy-D-arabino-heptulosonate 7-phosphate (DAHP) synthase	E	Amino acid transport and metabolism
NODE_27111_length_3722_cov_5.828197_3	COG1403	224321	9.09e-10	35.484	McrA	5-methylcytosine-specific restriction endonuclease McrA	V	Defense mechanisms
NODE_27128_length_3720_cov_4.582265_2	COG0745	223816	6.91e-91	45.852	OmpR	DNA-binding response regulator, OmpR family, contains REC and winged-helix (wHTH) domain	T	Signal transduction mechanisms
NODE_27128_length_3720_cov_4.582265_3	COG2205	225115	1.24e-56	37.023	KdpD	K+-sensing histidine kinase KdpD	T	Signal transduction mechanisms
NODE_27142_length_3718_cov_4.765493_1	COG0451	223528	1.19e-06	22.951	WcaG	Nucleoside-diphosphate-sugar epimerase	M	Cell wall/membrane/envelope biogenesis
NODE_27142_length_3718_cov_4.765493_2	COG0823	223893	1.96e-17	20.588	TolB	Periplasmic component TolB of the Tol biopolymer transport system	U	Intracellular trafficking, secretion, and vesicular transport
NODE_27142_length_3718_cov_4.765493_3	COG3694	226218	4.1e-54	36.434		ABC-type uncharacterized transport system, permease component	R	General function prediction only
NODE_27142_length_3718_cov_4.765493_4	COG4587	226953	2.04e-31	28.195		ABC-type uncharacterized transport system, permease component	R	General function prediction only
NODE_27142_length_3718_cov_4.765493_5	COG4586	226952	2.36e-74	42.5		ABC-type uncharacterized transport system, ATPase component	R	General function prediction only
NODE_27161_length_3715_cov_6.264754_1	COG2814	225371	2.58e-10	29.545	AraJ	Predicted arabinose efflux permease AraJ, MFS family	G	Carbohydrate transport and metabolism
NODE_27161_length_3715_cov_6.264754_2	COG0438	223515	2.2e-45	31.538	RfaB	Glycosyltransferase involved in cell wall bisynthesis	M	Cell wall/membrane/envelope biogenesis
NODE_27161_length_3715_cov_6.264754_3	COG1963	224874	3.69e-45	49.296	YuiD	Acid phosphatase family membrane protein YuiD	R	General function prediction only
NODE_27195_length_3711_cov_4.013129_1	COG2317	225199	3.02e-166	43.349	YpwA	Zn-dependent carboxypeptidase, M32 family	O	Posttranslational modification, protein turnover, chaperones
NODE_27195_length_3711_cov_4.013129_2	COG0626	223699	1.57e-166	42.965	MetC	Cystathionine beta-lyase/cystathionine gamma-synthase	E	Amino acid transport and metabolism
NODE_27263_length_3703_cov_4.084704_1	COG0644	223717	1.05e-07	18.475	FixC	Dehydrogenase (flavoprotein)	C	Energy production and conversion
NODE_27263_length_3703_cov_4.084704_2	COG2128	225039	4.69e-25	36.937	YciW	Alkylhydroperoxidase family enzyme, contains CxxC motif	P	Inorganic ion transport and metabolism
NODE_27263_length_3703_cov_4.084704_3	COG1595	224511	6.56e-27	27.879	RpoE	DNA-directed RNA polymerase specialized sigma subunit, sigma24 family	K	Transcription
NODE_27293_length_3700_cov_5.037311_1	COG0531	223605	2.83e-17	28.571	PotE	Serine transporter YbeC, amino acid:H+ symporter family	E	Amino acid transport and metabolism
NODE_27293_length_3700_cov_5.037311_2	COG0350	223427	7.29e-38	38.667	AdaB	DNA repair enzyme Ada (O6-methylguanine-DNA--protein-cysteine methyltransferase)	L	Replication, recombination and repair
NODE_27293_length_3700_cov_5.037311_3	COG0491	223565	1.45e-28	28.037	GloB	Glyoxylase or a related metal-dependent hydrolase, beta-lactamase superfamily II	R	General function prediction only
NODE_27293_length_3700_cov_5.037311_4	COG2050	224961	2.04e-31	31.429	PaaI	Acyl-CoA thioesterase PaaI, contains HGG motif	Q	Secondary metabolites biosynthesis, transport and catabolism
NODE_27388_length_3690_cov_4.815406_1	COG2814	225371	0.00013	29.268	AraJ	Predicted arabinose efflux permease AraJ, MFS family	G	Carbohydrate transport and metabolism
NODE_27388_length_3690_cov_4.815406_3	COG1733	224647	3.87e-40	50.943	HxlR	DNA-binding transcriptional regulator, HxlR family	K	Transcription
NODE_27388_length_3690_cov_4.815406_4	COG4295	226745	1.69e-87	42.342		Predicted RNA repair component, a phosphatase of H2Macro superfamily, DUF2263 family	R	General function prediction only
NODE_27388_length_3690_cov_4.815406_6	COG0648	223721	2.09e-30	41.88	Nfo	Endonuclease IV	L	Replication, recombination and repair
NODE_27411_length_3687_cov_5.543227_2	COG0071	223149	3.45e-22	30.909	IbpA	Small heat shock protein IbpA, HSP20 family	O	Posttranslational modification, protein turnover, chaperones
NODE_27423_length_3686_cov_4.511705_4	COG4934	227270	2.01e-23	23.592		Serine protease, subtilase family	O	Posttranslational modification, protein turnover, chaperones
NODE_27478_length_3679_cov_5.788631_1	COG4585	226951	1.27e-45	37.313	ComP	Signal transduction histidine kinase ComP	T	Signal transduction mechanisms
NODE_27478_length_3679_cov_5.788631_2	COG2197	225107	2.4e-70	42.593	CitB	DNA-binding response regulator, NarL/FixJ family, contains REC and HTH domains	T	Signal transduction mechanisms
NODE_27511_length_3674_cov_5.940868_1	COG1232	224153	4.34e-76	24.353	HemY	Protoporphyrinogen oxidase HemY/PPOX	H	Coenzyme transport and metabolism
NODE_27511_length_3674_cov_5.940868_2	COG2848	225404	2.99e-54	26.392		Uncharacterized conserved protein, UPF0210 family	D	Cell cycle control, cell division, chromosome partitioning
NODE_27511_length_3674_cov_5.940868_3	COG3236	225776	1.73e-62	53.741	RibX	N-glycosidase YbiA/RibX (riboflavin biosynthesis, damage control), NADAR superfamily	H	Coenzyme transport and metabolism
NODE_27526_length_3673_cov_5.163626_1	COG0537	223611	1.62e-44	34.507	HinT	Purine nucleoside phosphoramidase/Ap4A hydrolase, histidine triade (HIT) family	F	Nucleotide transport and metabolism
NODE_27526_length_3673_cov_5.163626_2	COG4636	226983	3.02e-23	29.016	Uma2	Endonuclease, Uma2 family (restriction endonuclease fold)	R	General function prediction only
NODE_27526_length_3673_cov_5.163626_3	COG2124	225035	1.21e-109	39.633	CypX	Cytochrome P450	Q	Secondary metabolites biosynthesis, transport and catabolism
NODE_27526_length_3673_cov_5.163626_4	COG0244	223322	2.26e-28	31.214	RplJ	Ribosomal protein L10	J	Translation, ribosomal structure and biogenesis
NODE_27614_length_3662_cov_5.903798_1	COG3291	225828	4.14e-08	22.745		Uncharacterized conserved protein, PKD repeat domain	S	Function unknown
NODE_27627_length_3661_cov_4.414309_2	COG1666	224580	7.42e-63	45.122	YajQ	Cyclic di-GMP-binding protein YajQ, UPF0234 family	T	Signal transduction mechanisms
NODE_27627_length_3661_cov_4.414309_3	COG0420	223497	0.007	34.545	SbcD	DNA repair exonuclease SbcCD nuclease subunit	L	Replication, recombination and repair
NODE_27869_length_3633_cov_5.211291_1	COG1165	224087	1.29e-114	43.598	MenD	2-succinyl-5-enolpyruvyl-6-hydroxy-3-cyclohexene-1-carboxylate synthase	H	Coenzyme transport and metabolism
NODE_27869_length_3633_cov_5.211291_2	COG1169	224091	1.49e-130	38.428	MenF	Isochorismate synthase EntC	H	Coenzyme transport and metabolism
NODE_27915_length_3628_cov_5.133781_1	COG0196	223274	5.14e-18	41.667	RibF	FAD synthase	H	Coenzyme transport and metabolism
NODE_27915_length_3628_cov_5.133781_2	COG0248	223326	1.82e-54	27.723	GppA	Exopolyphosphatase/pppGpp-phosphohydrolase	F	Nucleotide transport and metabolism
NODE_27915_length_3628_cov_5.133781_4	COG2442	225291	3.38e-18	45.205		Predicted antitoxin component of a toxin-antitoxin system, DUF433 family	V	Defense mechanisms
NODE_27935_length_3626_cov_4.966116_1	COG2114	225025	3.33e-40	28.182	AcyC	Adenylate cyclase, class 3	T	Signal transduction mechanisms
NODE_27935_length_3626_cov_4.966116_2	COG0586	223659	2.63e-43	31.746	DedA	Membrane integrity protein DedA, putative transporter, DedA/Tvp38 family	M	Cell wall/membrane/envelope biogenesis
NODE_28055_length_3612_cov_5.143379_1	COG1402	224320	3.66e-25	32.673	ArfB	Creatinine amidohydrolase/Fe(II)-dependent FAPy formamide hydrolase (riboflavin and F420 biosynthesis)	H	Coenzyme transport and metabolism
NODE_28055_length_3612_cov_5.143379_2	COG1694	224608	2.12e-10	36.25	MazG	NTP pyrophosphatase, house-cleaning of non-canonical NTPs	V	Defense mechanisms
NODE_28055_length_3612_cov_5.143379_3	COG1131	224054	3.43e-38	38.938	CcmA	ABC-type multidrug transport system, ATPase component	V	Defense mechanisms
NODE_28055_length_3612_cov_5.143379_4	COG2261	225170	0.000174	43.21	YeaQ	Uncharacterized membrane protein YeaQ/YmgE, transglycosylase-associated protein family	R	General function prediction only
NODE_28058_length_3612_cov_3.829632_1	COG0094	223172	2.14e-87	58.71	RplE	Ribosomal protein L5	J	Translation, ribosomal structure and biogenesis
NODE_28058_length_3612_cov_3.829632_2	COG0198	223276	5.22e-29	48.182	RplX	Ribosomal protein L24	J	Translation, ribosomal structure and biogenesis
NODE_28058_length_3612_cov_3.829632_3	COG0093	223171	5.46e-69	68.852	RplN	Ribosomal protein L14	J	Translation, ribosomal structure and biogenesis
NODE_28058_length_3612_cov_3.829632_4	COG0186	223264	1.16e-33	59.211	RpsQ	Ribosomal protein S17	J	Translation, ribosomal structure and biogenesis
NODE_28058_length_3612_cov_3.829632_5	COG0255	223333	2.25e-06	37.736	RpmC	Ribosomal protein L29	J	Translation, ribosomal structure and biogenesis
NODE_28058_length_3612_cov_3.829632_6	COG0197	223275	1.39e-72	59.31	RplP	Ribosomal protein L16/L10AE	J	Translation, ribosomal structure and biogenesis
NODE_28058_length_3612_cov_3.829632_7	COG0092	223170	2.33e-95	58.209	RpsC	Ribosomal protein S3	J	Translation, ribosomal structure and biogenesis
NODE_28179_length_3597_cov_5.377188_1	COG0071	223149	3.99e-32	33.793	IbpA	Small heat shock protein IbpA, HSP20 family	O	Posttranslational modification, protein turnover, chaperones
NODE_28179_length_3597_cov_5.377188_2	COG1271	224190	3.13e-126	38.568	AppC	Cytochrome bd-type quinol oxidase, subunit 1	C	Energy production and conversion
NODE_28179_length_3597_cov_5.377188_3	COG1294	224213	1.44e-41	27.027	AppB	Cytochrome bd-type quinol oxidase, subunit 2	C	Energy production and conversion
NODE_28271_length_3587_cov_4.135617_1	COG1609	224525	1.13e-90	34.561	PurR	DNA-binding transcriptional regulator, LacI/PurR family	K	Transcription
NODE_28271_length_3587_cov_4.135617_2	COG1104	224029	0.0	54.474	NifS	Cysteine desulfurase/Cysteine sulfinate desulfinase IscS or related enzyme, NifS family	E	Amino acid transport and metabolism
NODE_28283_length_3586_cov_4.030303_1	COG4106	226591	1.43e-52	39.521	Tam	Trans-aconitate methyltransferase	C	Energy production and conversion
NODE_28283_length_3586_cov_4.030303_2	COG3147	225689	0.008	22.472	DedD	Cell division protein DedD (periplasmic protein involved in septation)	D	Cell cycle control, cell division, chromosome partitioning
NODE_28283_length_3586_cov_4.030303_3	COG0642	223715	4.98e-67	34.824	BaeS	Signal transduction histidine kinase	T	Signal transduction mechanisms
NODE_28352_length_3578_cov_5.962532_1	COG0272	223350	0.0	47.453	Lig	NAD-dependent DNA ligase	L	Replication, recombination and repair
NODE_28352_length_3578_cov_5.962532_2	COG3664	226190	0.01	22.131	XynB	Beta-xylosidase	G	Carbohydrate transport and metabolism
NODE_28352_length_3578_cov_5.962532_3	COG1732	224646	4.55e-26	31.897	OsmF	Periplasmic glycine betaine/choline-binding (lipo)protein of an ABC-type transport system (osmoprotectant binding protein)	M	Cell wall/membrane/envelope biogenesis
NODE_28363_length_3577_cov_5.632595_1	COG2265	225174	4.03e-22	36.792	TrmA	tRNA/tmRNA/rRNA uracil-C5-methylase, TrmA/RlmC/RlmD family	J	Translation, ribosomal structure and biogenesis
NODE_28363_length_3577_cov_5.632595_2	COG2178	225089	4.45e-54	36.898		Predicted RNA- or ssDNA-binding protein, translin family	R	General function prediction only
NODE_28363_length_3577_cov_5.632595_4	COG2319	225201	1.97e-07	25.728	WD40	WD40 repeat	R	General function prediction only
NODE_28364_length_3577_cov_5.277683_1	COG2442	225291	9.03e-19	45.763		Predicted antitoxin component of a toxin-antitoxin system, DUF433 family	V	Defense mechanisms
NODE_28364_length_3577_cov_5.277683_2	COG0714	223786	4.98e-96	45.048	MoxR	MoxR-like ATPase	R	General function prediction only
NODE_28364_length_3577_cov_5.277683_3	COG1721	224635	2.55e-41	24.694	YeaD2	Uncharacterized conserved protein, DUF58 family, contains vWF domain	S	Function unknown
NODE_28387_length_3574_cov_4.517761_1	COG1158	224080	0.0	60.142	Rho	Transcription termination factor Rho	K	Transcription
NODE_28387_length_3574_cov_4.517761_3	COG3764	226287	8.17e-18	37.121	SrtA	Sortase (surface protein transpeptidase)	M	Cell wall/membrane/envelope biogenesis
NODE_28406_length_3571_cov_5.966439_2	COG0494	223568	3.4e-06	24.038	MutT	8-oxo-dGTP pyrophosphatase MutT and related house-cleaning NTP pyrophosphohydrolases, NUDIX family	V	Defense mechanisms
NODE_28406_length_3571_cov_5.966439_3	COG0539	223613	5.18e-118	41.322	RpsA	Ribosomal protein S1	J	Translation, ribosomal structure and biogenesis
NODE_28406_length_3571_cov_5.966439_4	COG1571	224487	0.002	22.807	TiaS	tRNA(Ile2) C34 agmatinyltransferase TiaS	J	Translation, ribosomal structure and biogenesis
NODE_28423_length_3570_cov_5.405405_1	COG0644	223717	1.53e-42	29.25	FixC	Dehydrogenase (flavoprotein)	C	Energy production and conversion
NODE_28423_length_3570_cov_5.405405_2	COG0589	223662	7.37e-20	34.437	UspA	Nucleotide-binding universal stress protein,  UspA family	T	Signal transduction mechanisms
NODE_28461_length_3566_cov_5.472515_1	COG0601	223674	5.19e-34	32.99	DppB	ABC-type dipeptide/oligopeptide/nickel transport system, permease component	E	Amino acid transport and metabolism
NODE_28461_length_3566_cov_5.472515_2	COG0747	223818	2.64e-63	22.464	DdpA	ABC-type transport system, periplasmic component	E	Amino acid transport and metabolism
NODE_28461_length_3566_cov_5.472515_3	COG2222	225132	9.19e-39	33.529	AgaS	Fructoselysine-6-P-deglycase FrlB or related protein, duplicated sugar isomerase (SIS) domain	M	Cell wall/membrane/envelope biogenesis
NODE_28470_length_3565_cov_5.220798_1	COG1506	224423	4.55e-15	38.372	DAP2	Dipeptidyl aminopeptidase/acylaminoacyl peptidase	E	Amino acid transport and metabolism
NODE_28470_length_3565_cov_5.220798_2	COG2120	225031	4e-09	21.983	LmbE	N-acetylglucosaminyl deacetylase, LmbE family	G	Carbohydrate transport and metabolism
NODE_28470_length_3565_cov_5.220798_3	COG0564	223638	1.65e-78	44.7	RluA	Pseudouridine synthase RluA, 23S rRNA- or tRNA-specific	J	Translation, ribosomal structure and biogenesis
NODE_28470_length_3565_cov_5.220798_4	COG4636	226983	0.002	25.263	Uma2	Endonuclease, Uma2 family (restriction endonuclease fold)	R	General function prediction only
NODE_28470_length_3565_cov_5.220798_5	COG0461	223537	1.21e-40	33.831	PyrE	Orotate phosphoribosyltransferase	F	Nucleotide transport and metabolism
NODE_28516_length_3560_cov_5.850499_2	COG5662	227949	0.000379	31.818	RsiW	Transmembrane transcriptional regulator RsiW (anti-sigma-W factor)	K	Transcription
NODE_28516_length_3560_cov_5.850499_3	COG1595	224511	2.24e-09	40.816	RpoE	DNA-directed RNA polymerase specialized sigma subunit, sigma24 family	K	Transcription
NODE_28583_length_3554_cov_6.722778_2	COG2226	225136	1.29e-10	22.751	UbiE	Ubiquinone/menaquinone biosynthesis C-methylase UbiE/MenG	H	Coenzyme transport and metabolism
NODE_28583_length_3554_cov_6.722778_3	COG3569	226099	6.33e-124	48.795	Top1	DNA topoisomerase IB	L	Replication, recombination and repair
NODE_28583_length_3554_cov_6.722778_4	COG5637	227924	2.99e-32	32.877		Uncharacterized protein, contains SRPBCC domain	S	Function unknown
NODE_28583_length_3554_cov_6.722778_5	COG1063	223991	9.74e-24	52.439	Tdh	Threonine dehydrogenase or related Zn-dependent dehydrogenase	E	Amino acid transport and metabolism
NODE_28584_length_3554_cov_6.209488_1	COG1228	224149	1.14e-61	30.959	HutI	Imidazolonepropionase or related amidohydrolase	Q	Secondary metabolites biosynthesis, transport and catabolism
NODE_28584_length_3554_cov_6.209488_3	COG0328	223405	1.1e-61	54.861	RnhA	Ribonuclease HI	L	Replication, recombination and repair
NODE_28631_length_3549_cov_6.075844_1	COG0313	223390	1.62e-99	48.085	RsmI	16S rRNA C1402 (ribose-2'-O) methylase RsmI	J	Translation, ribosomal structure and biogenesis
NODE_28631_length_3549_cov_6.075844_2	COG1246	224167	1.33e-08	21.379	ArgA	N-acetylglutamate synthase or related acetyltransferase, GNAT family	E	Amino acid transport and metabolism
NODE_28631_length_3549_cov_6.075844_6	COG5010	227343	1.62e-07	26.19	TadD	Flp pilus assembly protein TadD, contains TPR repeats	U	Intracellular trafficking, secretion, and vesicular transport
NODE_28727_length_3539_cov_4.791332_1	COG0249	223327	0.0	53.394	MutS	DNA mismatch repair ATPase MutS	L	Replication, recombination and repair
NODE_28727_length_3539_cov_4.791332_2	COG1399	224317	3.58e-21	26.923	YceD	23S rRNA accumulation protein YceD (essential in plants, uncharacterized in bacteria)	J	Translation, ribosomal structure and biogenesis
NODE_28764_length_3534_cov_5.933889_1	COG5009	227342	4.88e-05	42.424	MrcA	Membrane carboxypeptidase/penicillin-binding protein	M	Cell wall/membrane/envelope biogenesis
NODE_28764_length_3534_cov_5.933889_2	COG2764	225356	4.05e-15	29.371	PhnB	Zn-dependent glyoxalase, PhnB family	C	Energy production and conversion
NODE_28764_length_3534_cov_5.933889_3	COG2135	225046	2.56e-79	45.575	SRAP	ssDNA abasic site-binding protein YedK/HMCES, SRAP family	L	Replication, recombination and repair
NODE_28764_length_3534_cov_5.933889_4	COG4315	226765	2.7e-09	31.731		Predicted lipoprotein with conserved Yx(FWY)xxD motif (function unknown)	S	Function unknown
NODE_28844_length_3526_cov_5.538750_5	COG1225	224146	2.77e-12	21.512	Bcp	Peroxiredoxin	O	Posttranslational modification, protein turnover, chaperones
NODE_28844_length_3526_cov_5.538750_7	COG0782	223853	3.99e-46	47.297	GreA	Transcription elongation factor, GreA/GreB family	K	Transcription
NODE_28940_length_3515_cov_4.606936_1	COG4995	227328	3.8e-22	26.493		Uncharacterized conserved protein, contains CHAT domain	S	Function unknown
NODE_28940_length_3515_cov_4.606936_2	COG1846	224759	1.95e-15	31.25	MarR	DNA-binding transcriptional regulator, MarR family	K	Transcription
NODE_28940_length_3515_cov_4.606936_3	COG0477	223553	0.000198	16.838	ProP	MFS family permease, includes anhydromuropeptide permease AmpG	G	Carbohydrate transport and metabolism
NODE_28984_length_3509_cov_5.369137_1	COG0643	223716	4.62e-84	35.027	CheA	Chemotaxis protein histidine kinase CheA	T	Signal transduction mechanisms
NODE_29065_length_3502_cov_4.040035_1	COG0642	223715	3.13e-05	22.0	BaeS	Signal transduction histidine kinase	T	Signal transduction mechanisms
NODE_29073_length_3501_cov_6.403656_1	COG1914	224826	1.25e-13	31.343	MntH	Mn2+ or Fe2+ transporter, NRAMP family	P	Inorganic ion transport and metabolism
NODE_29073_length_3501_cov_6.403656_3	COG1764	224678	2.36e-30	32.09	OsmC	Organic hydroperoxide reductase OsmC/OhrA	V	Defense mechanisms
NODE_29073_length_3501_cov_6.403656_4	COG0438	223515	5.93e-08	35.0	RfaB	Glycosyltransferase involved in cell wall bisynthesis	M	Cell wall/membrane/envelope biogenesis
NODE_29215_length_3486_cov_3.920431_1	COG0458	223534	0.0	65.296	CarB	Carbamoylphosphate synthase large subunit	E	Amino acid transport and metabolism
NODE_29215_length_3486_cov_3.920431_2	COG0505	223579	6.43e-97	50.515	CarA	Carbamoylphosphate synthase small subunit	E	Amino acid transport and metabolism
NODE_29223_length_3485_cov_6.914286_1	COG1804	224717	4.26e-16	56.522	CaiB	Crotonobetainyl-CoA:carnitine CoA-transferase CaiB and related acyl-CoA transferases	I	Lipid transport and metabolism
NODE_29223_length_3485_cov_6.914286_2	COG0793	223864	3.05e-78	34.026	CtpA	C-terminal processing protease CtpA/Prc, contains a PDZ domain	O	Posttranslational modification, protein turnover, chaperones
NODE_29223_length_3485_cov_6.914286_3	COG0346	223423	8.95e-11	24.648	GloA	Catechol 2,3-dioxygenase or related enzyme, vicinal oxygen chelate (VOC) family	Q	Secondary metabolites biosynthesis, transport and catabolism
NODE_29237_length_3484_cov_3.855935_1	COG4257	226708	1.34e-09	26.471	Vgb	Streptogramin lyase	V	Defense mechanisms
NODE_29237_length_3484_cov_3.855935_2	COG1187	224108	3.38e-73	45.868	RsuA	Pseudouridylate synthase RsuA, specific for 16S rRNA U516  and 23S rRNA U2605	J	Translation, ribosomal structure and biogenesis
NODE_29237_length_3484_cov_3.855935_3	COG1832	224745	2.61e-57	50.0	YccU	Predicted CoA-binding protein	R	General function prediction only
NODE_29237_length_3484_cov_3.855935_4	COG0406	223483	8.76e-43	32.105	PhoE	Broad specificity phosphatase PhoE	G	Carbohydrate transport and metabolism
NODE_29237_length_3484_cov_3.855935_5	COG2265	225174	8.6e-69	46.286	TrmA	tRNA/tmRNA/rRNA uracil-C5-methylase, TrmA/RlmC/RlmD family	J	Translation, ribosomal structure and biogenesis
NODE_29428_length_3466_cov_4.868953_1	COG0606	223679	1.19e-162	52.991	YifB	Predicted Mg-chelatase, contains ChlI-like and ATPase domains, YifB family	O	Posttranslational modification, protein turnover, chaperones
NODE_29428_length_3466_cov_4.868953_2	COG1167	224089	2.84e-112	39.011	ARO8	DNA-binding transcriptional regulator, MocR family, contains an aminotransferase domain	K	Transcription
NODE_29428_length_3466_cov_4.868953_3	COG3467	225998	4.52e-26	27.879	NimA	Nitroimidazole reductase NimA or a related FMN-containing flavoprotein, pyridoxamine 5'-phosphate oxidase superfamily	V	Defense mechanisms
NODE_29430_length_3466_cov_3.881266_3	COG1721	224635	3.07e-17	26.781	YeaD2	Uncharacterized conserved protein, DUF58 family, contains vWF domain	S	Function unknown
NODE_29430_length_3466_cov_3.881266_4	COG0714	223786	9.95e-28	40.94	MoxR	MoxR-like ATPase	R	General function prediction only
NODE_29480_length_3460_cov_6.090749_1	COG4636	226983	5.91e-13	24.365	Uma2	Endonuclease, Uma2 family (restriction endonuclease fold)	R	General function prediction only
NODE_29480_length_3460_cov_6.090749_5	COG1309	224228	3.25e-10	19.324	AcrR	DNA-binding protein, AcrR family, includes nucleoid occlusion protein SlmA	K	Transcription
NODE_29480_length_3460_cov_6.090749_6	COG2814	225371	2.76e-20	33.962	AraJ	Predicted arabinose efflux permease AraJ, MFS family	G	Carbohydrate transport and metabolism
NODE_29485_length_3460_cov_4.175918_2	COG1112	224037	4.48e-05	30.952	DNA2	Superfamily I DNA and/or RNA helicase	L	Replication, recombination and repair
NODE_29512_length_3457_cov_5.252792_2	COG0053	223131	5.02e-76	34.708	FieF	Divalent metal cation (Fe/Co/Zn/Cd) efflux pump	P	Inorganic ion transport and metabolism
NODE_29512_length_3457_cov_5.252792_4	COG2226	225136	2.23e-15	29.714	UbiE	Ubiquinone/menaquinone biosynthesis C-methylase UbiE/MenG	H	Coenzyme transport and metabolism
NODE_29512_length_3457_cov_5.252792_5	COG3662	226188	1.38e-42	30.627		Uncharacterized conserved protein, DUF2236 family	S	Function unknown
NODE_29561_length_3452_cov_5.014130_1	COG3261	225800	9.72e-21	40.0	HycE2	Ni,Fe-hydrogenase III large subunit	C	Energy production and conversion
NODE_29561_length_3452_cov_5.014130_2	COG0463	223539	1.96e-19	21.466	WcaA	Glycosyltransferase involved in cell wall bisynthesis	M	Cell wall/membrane/envelope biogenesis
NODE_29561_length_3452_cov_5.014130_3	COG0632	223705	1.19e-57	42.051	RuvA	Holliday junction resolvasome RuvABC DNA-binding subunit	L	Replication, recombination and repair
NODE_29561_length_3452_cov_5.014130_5	COG0683	223755	1.52e-16	31.088	LivK	ABC-type branched-chain amino acid transport system, periplasmic component	E	Amino acid transport and metabolism
NODE_29609_length_3448_cov_4.152962_2	COG2367	225242	1.51e-06	21.905	PenP	Beta-lactamase class A	V	Defense mechanisms
NODE_29609_length_3448_cov_4.152962_4	COG2030	224941	1.23e-09	32.323	MaoC	Acyl-CoA dehydratase PaaZ	I	Lipid transport and metabolism
NODE_29609_length_3448_cov_4.152962_5	COG0784	223855	5.33e-17	28.829	CheY	CheY-like REC (receiver) domain, includes chemotaxis protein CheY  and sporulation regulator Spo0F	T	Signal transduction mechanisms
NODE_29615_length_3447_cov_7.959906_1	COG4799	227136	3.37e-34	34.783	MmdA	Acetyl-CoA carboxylase, carboxyltransferase component	I	Lipid transport and metabolism
NODE_29615_length_3447_cov_7.959906_2	COG2336	225215	3.96e-12	34.286	MazE	Antitoxin component MazE of the MazEF toxin-antitoxin module	V	Defense mechanisms
NODE_29615_length_3447_cov_7.959906_3	COG0675	223747	3.66e-12	25.0	InsQ	Transposase	X	Mobilome: prophages, transposons
NODE_29660_length_3443_cov_5.058737_2	COG0207	223285	0.005	25.203	ThyA	Thymidylate synthase	F	Nucleotide transport and metabolism
NODE_29660_length_3443_cov_5.058737_3	COG0586	223659	1.13e-21	29.255	DedA	Membrane integrity protein DedA, putative transporter, DedA/Tvp38 family	M	Cell wall/membrane/envelope biogenesis
NODE_29660_length_3443_cov_5.058737_4	COG0451	223528	8.42e-30	23.273	WcaG	Nucleoside-diphosphate-sugar epimerase	M	Cell wall/membrane/envelope biogenesis
NODE_29689_length_3440_cov_4.594682_1	COG1136	224059	6.96e-43	49.451	LolD	ABC-type lipoprotein export system, ATPase component	M	Cell wall/membrane/envelope biogenesis
NODE_29689_length_3440_cov_4.594682_2	COG4591	226957	9.09e-17	35.088	LolE	ABC-type transport system involved in lipoprotein release, permease component LolC	M	Cell wall/membrane/envelope biogenesis
NODE_29706_length_3438_cov_4.564883_1	COG0545	223619	7.8e-54	57.143	FkpA	FKBP-type peptidyl-prolyl cis-trans isomerase	O	Posttranslational modification, protein turnover, chaperones
NODE_29750_length_3433_cov_4.756069_4	COG0457	223533	3.53e-07	24.188	TPR	Tetratricopeptide (TPR) repeat	R	General function prediction only
NODE_29890_length_3419_cov_6.536266_1	COG0520	223594	3e-71	27.378	CsdA	Selenocysteine lyase/Cysteine desulfurase	E	Amino acid transport and metabolism
NODE_29890_length_3419_cov_6.536266_5	COG1600	224516	9.35e-24	40.299	QueG	Epoxyqueuosine reductase QueG (queuosine biosynthesis)	J	Translation, ribosomal structure and biogenesis
NODE_29903_length_3418_cov_4.787690_2	COG0745	223816	2.45e-22	34.711	OmpR	DNA-binding response regulator, OmpR family, contains REC and winged-helix (wHTH) domain	T	Signal transduction mechanisms
NODE_29903_length_3418_cov_4.787690_3	COG0642	223715	8.55e-39	25.356	BaeS	Signal transduction histidine kinase	T	Signal transduction mechanisms
NODE_29948_length_3415_cov_4.944048_1	COG0653	223726	0.0	52.982	SecA	Preprotein translocase subunit SecA (ATPase, RNA helicase)	U	Intracellular trafficking, secretion, and vesicular transport
NODE_29963_length_3414_cov_3.493599_1	COG0596	223669	2.59e-18	26.633	MenH	2-succinyl-6-hydroxy-2,4-cyclohexadiene-1-carboxylate synthase MenH and related esterases, alpha/beta hydrolase fold	H	Coenzyme transport and metabolism
NODE_29963_length_3414_cov_3.493599_2	COG0792	223863	4.03e-34	43.86	YraN	Predicted endonuclease distantly related to archaeal Holliday junction resolvase, YraN/UPF0102 family	L	Replication, recombination and repair
NODE_29963_length_3414_cov_3.493599_3	COG5459	227746	1.38e-69	34.974	Rsm22	Ribosomal protein RSM22 (predicted mitochondrial rRNA methylase)	J	Translation, ribosomal structure and biogenesis
NODE_29963_length_3414_cov_3.493599_4	COG1554	224471	9.27e-145	42.748	ATH1	Kojibiose phosphorylase YcjT	G	Carbohydrate transport and metabolism
NODE_30084_length_3403_cov_5.303763_4	COG1807	224720	0.003	16.216	ArnT	PMT family glycosyltransferase ArnT/Agl22, involved in glycosylation of proteins and lipid IVA	M	Cell wall/membrane/envelope biogenesis
NODE_30084_length_3403_cov_5.303763_5	COG0318	223395	1.42e-50	52.448	MenE/FadK	O-succinylbenzoic acid-CoA ligase MenE or related acyl-CoA synthetase (AMP-forming)	I	Lipid transport and metabolism
NODE_30111_length_3400_cov_7.278625_1	COG4842	227179	2.67e-17	33.333	EsxA	Secreted virulence factor YukE/EsxA, WXG100 family	V	Defense mechanisms
NODE_30111_length_3400_cov_7.278625_2	COG0515	223589	1.3e-06	20.346	SPS1	Serine/threonine protein kinase	T	Signal transduction mechanisms
NODE_30111_length_3400_cov_7.278625_4	COG4245	226696	1.55e-07	21.705	TerY	Uncharacterized conserved protein YegL, contains vWA domain of TerY type	S	Function unknown
NODE_30193_length_3391_cov_4.964628_1	COG4986	227319	8.69e-88	31.49		ABC-type anion transport system, duplicated permease component	P	Inorganic ion transport and metabolism
NODE_30193_length_3391_cov_4.964628_3	COG1846	224759	1.55e-14	36.986	MarR	DNA-binding transcriptional regulator, MarR family	K	Transcription
NODE_30235_length_3388_cov_4.938494_1	COG4267	226717	2.15e-55	30.504		Uncharacterized membrane protein	S	Function unknown
NODE_30319_length_3381_cov_3.976248_2	COG4447	226855	1.04e-07	17.183		Uncharacterized conserved protein related to plant photosystem II stability/assembly factor	R	General function prediction only
NODE_30361_length_3377_cov_4.442505_1	COG0445	223522	0.0	54.915	MnmG	tRNA U34 5-carboxymethylaminomethyl modifying enzyme MnmG/GidA	J	Translation, ribosomal structure and biogenesis
NODE_30361_length_3377_cov_4.442505_4	COG3342	225879	7.24e-66	44.589		Uncharacterized conserved protein, Ntn-hydrolase superfamily	R	General function prediction only
NODE_30372_length_3376_cov_4.653117_2	COG2329	225209	9.74e-20	33.663	HmoA	Heme-degrading monooxygenase HmoA and related ABM domain proteins	H	Coenzyme transport and metabolism
NODE_30372_length_3376_cov_4.653117_4	COG0394	223471	7.32e-49	41.135	Wzb	Protein-tyrosine-phosphatase	T	Signal transduction mechanisms
NODE_30372_length_3376_cov_4.653117_5	COG0580	223653	1.25e-47	35.443	GlpF	Glycerol uptake facilitator or related aquaporin (Major Intrinsic protein Family)	G	Carbohydrate transport and metabolism
NODE_30454_length_3368_cov_6.348325_2	COG5207	227532	0.001	25.641	UBP14	Uncharacterized Zn-finger protein, UBP-type	R	General function prediction only
NODE_30454_length_3368_cov_6.348325_3	COG0622	223695	9.88e-08	26.437	YfcE	Predicted phosphodiesterase, calcineurin family	R	General function prediction only
NODE_30454_length_3368_cov_6.348325_6	COG1595	224511	2.35e-12	31.325	RpoE	DNA-directed RNA polymerase specialized sigma subunit, sigma24 family	K	Transcription
NODE_30523_length_3361_cov_5.143073_1	COG0277	223354	4.07e-07	25.899	GlcD	FAD/FMN-containing lactate dehydrogenase/glycolate oxidase	C	Energy production and conversion
NODE_30523_length_3361_cov_5.143073_3	COG0642	223715	8.1e-12	18.828	BaeS	Signal transduction histidine kinase	T	Signal transduction mechanisms
NODE_30523_length_3361_cov_5.143073_4	COG2352	225227	3.8e-88	41.463	Ppc	Phosphoenolpyruvate carboxylase	C	Energy production and conversion
NODE_30632_length_3350_cov_5.188164_1	COG1171	224092	2.19e-39	48.031	IlvA	Threonine deaminase	E	Amino acid transport and metabolism
NODE_30632_length_3350_cov_5.188164_2	COG1171	224092	2.29e-14	33.333	IlvA	Threonine deaminase	E	Amino acid transport and metabolism
NODE_30632_length_3350_cov_5.188164_3	COG5002	227335	3.03e-42	28.117	WalK	Sensor histidine kinase WalK	T	Signal transduction mechanisms
NODE_30632_length_3350_cov_5.188164_4	COG0009	223088	4.85e-18	44.928	TsaC	tRNA A37 threonylcarbamoyladenosine synthetase subunit TsaC/SUA5/YrdC	J	Translation, ribosomal structure and biogenesis
NODE_30634_length_3350_cov_4.996965_1	COG1040	223970	0.01	23.529	ComFC	DNA utilization protein ComFC/GntX, contains phosphoribosyltransferase domain	R	General function prediction only
NODE_30634_length_3350_cov_4.996965_2	COG1160	224082	0.0	52.516	Der	Double Era-like domain GTPase Der	J	Translation, ribosomal structure and biogenesis
NODE_30651_length_3348_cov_4.767689_1	COG1051	223979	1.33e-07	29.545	YjhB	ADP-ribose pyrophosphatase YjhB, NUDIX family	F	Nucleotide transport and metabolism
NODE_30651_length_3348_cov_4.767689_2	COG0025	223104	2.58e-48	37.607	NhaP	NhaP-type Na+/H+ or K+/H+ antiporter	P	Inorganic ion transport and metabolism
NODE_30651_length_3348_cov_4.767689_3	COG0232	223310	8.11e-104	36.277	Dgt	dGTP triphosphohydrolase	F	Nucleotide transport and metabolism
NODE_30697_length_3344_cov_7.678626_1	COG4123	226608	1.53e-06	29.825	TrmN6	tRNA1(Val) A37 N6-methylase TrmN6	J	Translation, ribosomal structure and biogenesis
NODE_30697_length_3344_cov_7.678626_3	COG1003	223935	1.58e-83	50.0	GcvP2	Glycine cleavage system protein P (pyridoxal-binding), C-terminal domain	E	Amino acid transport and metabolism
NODE_30705_length_3343_cov_5.061740_1	COG0411	223488	9.3e-106	49.801	LivG	ABC-type branched-chain amino acid transport system, ATPase component LivG	E	Amino acid transport and metabolism
NODE_30705_length_3343_cov_5.061740_2	COG0410	223487	2.38e-108	52.697	LivF	ABC-type branched-chain amino acid transport system, ATPase component LivF	E	Amino acid transport and metabolism
NODE_30705_length_3343_cov_5.061740_3	COG0657	223730	1.3e-65	40.86	Aes	Acetyl esterase/lipase	I	Lipid transport and metabolism
NODE_30791_length_3336_cov_4.727217_1	COG2211	225121	1.53e-08	25.731	MelB	Na+/melibiose symporter or related transporter	G	Carbohydrate transport and metabolism
NODE_30791_length_3336_cov_4.727217_2	COG0343	223420	0.0	57.735	Tgt	Queuine/archaeosine tRNA-ribosyltransferase	J	Translation, ribosomal structure and biogenesis
NODE_30924_length_3324_cov_4.137657_2	COG1670	224584	1.42e-24	33.588	RimL	Protein N-acetyltransferase, RimJ/RimL family	J	Translation, ribosomal structure and biogenesis
NODE_30924_length_3324_cov_4.137657_3	COG0046	223124	0.0	45.662	PurL1	Phosphoribosylformylglycinamidine (FGAM) synthase, synthetase domain	F	Nucleotide transport and metabolism
NODE_31021_length_3314_cov_4.468855_4	COG2339	225217	8.11e-13	28.221	PrsW	Membrane proteinase PrsW, cleaves anti-sigma factor RsiW, M82 family	T	Signal transduction mechanisms
NODE_31195_length_3297_cov_6.630167_1	COG0323	223400	7.4e-75	51.572	MutL	DNA mismatch repair ATPase MutL	L	Replication, recombination and repair
NODE_31195_length_3297_cov_6.630167_3	COG0338	223415	6.47e-12	18.431	Dam	DNA-adenine methylase	L	Replication, recombination and repair
NODE_31195_length_3297_cov_6.630167_4	COG0446	223523	6.79e-37	33.149	FadH2	NADPH-dependent 2,4-dienoyl-CoA reductase, sulfur reductase, or a related oxidoreductase	I	Lipid transport and metabolism
NODE_31256_length_3292_cov_5.394501_1	COG1403	224321	6.11e-09	37.736	McrA	5-methylcytosine-specific restriction endonuclease McrA	V	Defense mechanisms
NODE_31256_length_3292_cov_5.394501_2	COG0569	223643	1.14e-46	33.023	TrkA	Trk/Ktr K+ transport system regulatory component TrkA/KtrA/KtrC, RCK domain	P	Inorganic ion transport and metabolism
NODE_31256_length_3292_cov_5.394501_3	COG4552	226925	2.35e-06	19.433	Eis	Predicted acetyltransferase	R	General function prediction only
NODE_31455_length_3274_cov_4.428705_1	COG2226	225136	5.26e-13	22.93	UbiE	Ubiquinone/menaquinone biosynthesis C-methylase UbiE/MenG	H	Coenzyme transport and metabolism
NODE_31455_length_3274_cov_4.428705_3	COG4021	226508	8.45e-47	34.818	Thg1	tRNA(His) 5'-end guanylyltransferase	J	Translation, ribosomal structure and biogenesis
NODE_31455_length_3274_cov_4.428705_4	COG0484	223560	8.18e-13	45.833	DnaJ	DnaJ-class molecular chaperone with C-terminal Zn finger domain	O	Posttranslational modification, protein turnover, chaperones
NODE_31455_length_3274_cov_4.428705_5	COG0243	223321	4.18e-13	29.885	BisC	Anaerobic selenocysteine-containing dehydrogenase	C	Energy production and conversion
NODE_31488_length_3271_cov_3.537002_1	COG0553	223627	2.41e-49	31.138	HepA	Superfamily II DNA or RNA helicase, SNF2 family	K	Transcription
NODE_31488_length_3271_cov_3.537002_3	COG0237	223315	2.69e-10	31.579	CoaE	Dephospho-CoA kinase	H	Coenzyme transport and metabolism
NODE_31529_length_3267_cov_4.856787_1	COG0064	223142	1.83e-23	50.0	GatB	Asp-tRNAAsn/Glu-tRNAGln amidotransferase B subunit	J	Translation, ribosomal structure and biogenesis
NODE_31529_length_3267_cov_4.856787_2	COG4572	226938	2.89e-21	55.263	ChaB	Cation transport regulator ChaB	P	Inorganic ion transport and metabolism
NODE_31617_length_3259_cov_4.978152_3	COG4941	227277	2.67e-25	59.184		Predicted RNA polymerase sigma factor, contains C-terminal TPR domain	K	Transcription
NODE_31617_length_3259_cov_4.978152_4	COG4639	226986	2.91e-21	27.16		Predicted kinase	R	General function prediction only
NODE_31697_length_3252_cov_4.039099_1	COG0769	223840	9.66e-122	38.499	MurE	UDP-N-acetylmuramyl tripeptide synthase	M	Cell wall/membrane/envelope biogenesis
NODE_31697_length_3252_cov_4.039099_3	COG0784	223855	4.97e-17	29.134	CheY	CheY-like REC (receiver) domain, includes chemotaxis protein CheY  and sporulation regulator Spo0F	T	Signal transduction mechanisms
NODE_31708_length_3251_cov_5.177409_2	COG2202	225112	1.2e-10	23.721	PAS	PAS domain	T	Signal transduction mechanisms
NODE_31708_length_3251_cov_5.177409_3	COG0642	223715	5.03e-57	38.636	BaeS	Signal transduction histidine kinase	T	Signal transduction mechanisms
NODE_31708_length_3251_cov_5.177409_5	COG0188	223266	1.85e-30	38.931	GyrA	DNA gyrase/topoisomerase IV, subunit A	L	Replication, recombination and repair
NODE_31972_length_3231_cov_5.354534_2	COG2267	225176	7.57e-46	30.108	PldB	Lysophospholipase, alpha-beta hydrolase superfamily	I	Lipid transport and metabolism
NODE_31972_length_3231_cov_5.354534_4	COG0012	223091	4.48e-83	43.648	GTP1	Ribosome-binding ATPase YchF, GTP1/OBG family	J	Translation, ribosomal structure and biogenesis
NODE_32051_length_3224_cov_4.615967_1	COG1819	224732	2.81e-32	33.163	YjiC	UDP:flavonoid glycosyltransferase YjiC, YdhE family	G	Carbohydrate transport and metabolism
NODE_32051_length_3224_cov_4.615967_2	COG2205	225115	1.52e-54	29.582	KdpD	K+-sensing histidine kinase KdpD	T	Signal transduction mechanisms
NODE_32051_length_3224_cov_4.615967_3	COG0745	223816	5.64e-62	44.211	OmpR	DNA-binding response regulator, OmpR family, contains REC and winged-helix (wHTH) domain	T	Signal transduction mechanisms
NODE_32116_length_3219_cov_4.658660_4	COG3189	225730	0.005	20.548	YeaO	Uncharacterized conserved protein YeaO, DUF488 family	S	Function unknown
NODE_32334_length_3202_cov_5.515729_4	COG0473	223549	1.06e-176	51.124	LeuB	Isocitrate/isopropylmalate dehydrogenase	C	Energy production and conversion
NODE_32402_length_3197_cov_5.327498_1	COG0463	223539	5.73e-26	26.111	WcaA	Glycosyltransferase involved in cell wall bisynthesis	M	Cell wall/membrane/envelope biogenesis
NODE_32402_length_3197_cov_5.327498_2	COG5464	227751	0.00014	21.154	RpnC	Recombination-promoting DNA endonuclease RpnC/YadD	L	Replication, recombination and repair
NODE_32402_length_3197_cov_5.327498_3	COG0542	223616	2.43e-161	59.062	ClpA	ATP-dependent Clp protease, ATP-binding subunit ClpA	O	Posttranslational modification, protein turnover, chaperones
NODE_32426_length_3195_cov_5.628025_1	COG0631	223704	3.19e-62	33.721	PTC1	Serine/threonine protein phosphatase PrpC	T	Signal transduction mechanisms
NODE_32426_length_3195_cov_5.628025_3	COG0591	223664	1.37e-52	27.356	PutP	Na+/proline symporter	E	Amino acid transport and metabolism
NODE_32441_length_3194_cov_3.936285_2	COG0818	223888	9.72e-27	32.292	DgkA	Diacylglycerol kinase	I	Lipid transport and metabolism
NODE_32441_length_3194_cov_3.936285_3	COG0319	223396	5.87e-24	17.671	YbeY	ssRNA-specific RNase YbeY, 16S rRNA maturation enzyme	J	Translation, ribosomal structure and biogenesis
NODE_32441_length_3194_cov_3.936285_4	COG0828	223898	1.01e-10	46.552	RpsU	Ribosomal protein S21	J	Translation, ribosomal structure and biogenesis
NODE_32441_length_3194_cov_3.936285_6	COG1686	224600	2.13e-29	38.739	DacC	D-alanyl-D-alanine carboxypeptidase	M	Cell wall/membrane/envelope biogenesis
NODE_32514_length_3188_cov_4.847750_1	COG1052	223980	1.21e-90	45.935	LdhA	Lactate dehydrogenase or related 2-hydroxyacid dehydrogenase	C	Energy production and conversion
NODE_32571_length_3184_cov_3.704378_1	COG2514	225312	1.09e-59	51.534	CatE	Catechol-2,3-dioxygenase	Q	Secondary metabolites biosynthesis, transport and catabolism
NODE_32571_length_3184_cov_3.704378_2	COG0307	223384	3.76e-88	49.746	RibC	Riboflavin synthase alpha chain	H	Coenzyme transport and metabolism
NODE_32571_length_3184_cov_3.704378_3	COG0486	223561	2.01e-172	45.494	MnmE	tRNA U34 5-carboxymethylaminomethyl modifying GTPase MnmE/TrmE	J	Translation, ribosomal structure and biogenesis
NODE_32671_length_3175_cov_5.684615_1	COG0683	223755	1.66e-10	31.429	LivK	ABC-type branched-chain amino acid transport system, periplasmic component	E	Amino acid transport and metabolism
NODE_32671_length_3175_cov_5.684615_4	COG0333	223410	8.99e-20	51.852	RpmF	Ribosomal protein L32	J	Translation, ribosomal structure and biogenesis
NODE_32671_length_3175_cov_5.684615_5	COG0331	223408	7.68e-83	46.125	FabD	Malonyl CoA-acyl carrier protein transacylase	I	Lipid transport and metabolism
NODE_32691_length_3173_cov_4.908275_2	COG1473	224390	6.78e-141	46.524	AbgB	Metal-dependent amidase/aminoacylase/carboxypeptidase	R	General function prediction only
NODE_32691_length_3173_cov_4.908275_4	COG2226	225136	1.13e-17	27.517	UbiE	Ubiquinone/menaquinone biosynthesis C-methylase UbiE/MenG	H	Coenzyme transport and metabolism
NODE_32760_length_3168_cov_6.559268_1	COG1960	224871	7.63e-12	24.138	CaiA	Acyl-CoA dehydrogenase related to the alkylation response protein AidB	I	Lipid transport and metabolism
NODE_32760_length_3168_cov_6.559268_3	COG0457	223533	1.14e-08	23.985	TPR	Tetratricopeptide (TPR) repeat	R	General function prediction only
NODE_32815_length_3162_cov_5.310589_1	COG1117	224042	2.07e-33	67.273	PstB	ABC-type phosphate transport system, ATPase component	P	Inorganic ion transport and metabolism
NODE_32815_length_3162_cov_5.310589_2	COG0704	223776	1.75e-28	30.918	PhoU	Phosphate uptake regulator PhoU	P	Inorganic ion transport and metabolism
NODE_32815_length_3162_cov_5.310589_3	COG0745	223816	1.55e-93	52.381	OmpR	DNA-binding response regulator, OmpR family, contains REC and winged-helix (wHTH) domain	T	Signal transduction mechanisms
NODE_32815_length_3162_cov_5.310589_4	COG4257	226708	7.51e-19	33.051	Vgb	Streptogramin lyase	V	Defense mechanisms
NODE_32829_length_3161_cov_4.544752_1	COG0683	223755	6.17e-09	21.014	LivK	ABC-type branched-chain amino acid transport system, periplasmic component	E	Amino acid transport and metabolism
NODE_32829_length_3161_cov_4.544752_2	COG1304	224223	1.68e-50	34.31	LldD	FMN-dependent dehydrogenase, includes L-lactate dehydrogenase and type II isopentenyl diphosphate isomerase	C	Energy production and conversion
NODE_32920_length_3154_cov_5.399161_1	COG1228	224149	5.8e-25	43.636	HutI	Imidazolonepropionase or related amidohydrolase	Q	Secondary metabolites biosynthesis, transport and catabolism
NODE_32920_length_3154_cov_5.399161_2	COG0667	223739	4.04e-114	41.231	PdxI	Pyridoxal reductase PdxI or related oxidoreductase, aldo/keto reductase family	H	Coenzyme transport and metabolism
NODE_32920_length_3154_cov_5.399161_3	COG0596	223669	1.63e-21	23.358	MenH	2-succinyl-6-hydroxy-2,4-cyclohexadiene-1-carboxylate synthase MenH and related esterases, alpha/beta hydrolase fold	H	Coenzyme transport and metabolism
NODE_32920_length_3154_cov_5.399161_4	COG0284	223361	1e-51	46.632	PyrF	Orotidine-5'-phosphate decarboxylase	F	Nucleotide transport and metabolism
NODE_32991_length_3147_cov_4.115783_3	COG1680	224594	2.16e-11	26.582	AmpC	CubicO group peptidase, beta-lactamase class C family	V	Defense mechanisms
NODE_32991_length_3147_cov_4.115783_4	COG2987	225534	0.0	72.563	HutU	Urocanate hydratase	E	Amino acid transport and metabolism
NODE_33025_length_3144_cov_5.176109_1	COG0747	223818	4.09e-12	34.483	DdpA	ABC-type transport system, periplasmic component	E	Amino acid transport and metabolism
NODE_33025_length_3144_cov_5.176109_2	COG4166	226636	7.69e-08	17.708	OppA	ABC-type oligopeptide transport system, periplasmic component	E	Amino acid transport and metabolism
NODE_33025_length_3144_cov_5.176109_3	COG0715	223787	2.32e-35	24.484	TauA	ABC-type nitrate/sulfonate/bicarbonate transport system, periplasmic component	P	Inorganic ion transport and metabolism
NODE_33045_length_3142_cov_5.911889_2	COG0001	223080	0.0	63.158	HemL	Glutamate-1-semialdehyde aminotransferase	H	Coenzyme transport and metabolism
NODE_33052_length_3142_cov_3.909621_1	COG0200	223278	3.47e-16	58.182	RplO	Ribosomal protein L15	J	Translation, ribosomal structure and biogenesis
NODE_33052_length_3142_cov_3.909621_2	COG1841	224754	4.61e-17	50.909	RpmD	Ribosomal protein L30/L7E	J	Translation, ribosomal structure and biogenesis
NODE_33052_length_3142_cov_3.909621_3	COG0098	223176	4.93e-66	54.167	RpsE	Ribosomal protein S5	J	Translation, ribosomal structure and biogenesis
NODE_33052_length_3142_cov_3.909621_4	COG0256	223334	1.09e-45	48.227	RplR	Ribosomal protein L18	J	Translation, ribosomal structure and biogenesis
NODE_33052_length_3142_cov_3.909621_5	COG0097	223175	5.4e-80	56.069	RplF	Ribosomal protein L6P/L9E	J	Translation, ribosomal structure and biogenesis
NODE_33052_length_3142_cov_3.909621_6	COG0096	223174	6.4e-64	56.061	RpsH	Ribosomal protein S8	J	Translation, ribosomal structure and biogenesis
NODE_33052_length_3142_cov_3.909621_7	COG0199	223277	2.94e-25	54.098	RpsN	Ribosomal protein S14	J	Translation, ribosomal structure and biogenesis
NODE_33126_length_3136_cov_5.254787_1	COG3396	225931	6.35e-08	30.851	YdbO	1,2-phenylacetyl-CoA epoxidase, catalytic subunit	Q	Secondary metabolites biosynthesis, transport and catabolism
NODE_33126_length_3136_cov_5.254787_2	COG3677	226202	0.000552	21.429	InsA	Transposase InsA	X	Mobilome: prophages, transposons
NODE_33126_length_3136_cov_5.254787_3	COG1024	223955	5.3e-63	39.689	CaiD	Enoyl-CoA hydratase/carnithine racemase	I	Lipid transport and metabolism
NODE_33126_length_3136_cov_5.254787_4	COG0365	223442	2.66e-42	32.164	Acs	Acyl-coenzyme A synthetase/AMP-(fatty) acid ligase	I	Lipid transport and metabolism
NODE_33126_length_3136_cov_5.254787_5	COG0365	223442	1.79e-33	45.455	Acs	Acyl-coenzyme A synthetase/AMP-(fatty) acid ligase	I	Lipid transport and metabolism
NODE_33126_length_3136_cov_5.254787_6	COG0824	223894	1.47e-24	28.169	FadM	Acyl-CoA thioesterase FadM	I	Lipid transport and metabolism
NODE_33153_length_3134_cov_4.201364_2	COG2409	225272	4.88e-71	29.938	YdfJ	Predicted lipid transporter YdfJ, MMPL/SSD domain, RND superfamily	R	General function prediction only
NODE_33281_length_3124_cov_4.328772_1	COG1309	224228	1.16e-11	30.526	AcrR	DNA-binding protein, AcrR family, includes nucleoid occlusion protein SlmA	K	Transcription
NODE_33281_length_3124_cov_4.328772_4	COG1028	223959	4.96e-48	36.184	FabG	NAD(P)-dependent dehydrogenase, short-chain alcohol dehydrogenase family	I	Lipid transport and metabolism
NODE_33297_length_3123_cov_4.515645_1	COG4213	226668	8.07e-76	40.23	XylF	ABC-type xylose transport system, periplasmic component	G	Carbohydrate transport and metabolism
NODE_33297_length_3123_cov_4.515645_2	COG1129	224053	5.72e-112	43.019	MglA	ABC-type sugar transport system, ATPase component	G	Carbohydrate transport and metabolism
NODE_33297_length_3123_cov_4.515645_3	COG4214	226669	8.37e-78	37.265	XylH	ABC-type xylose transport system, permease component	G	Carbohydrate transport and metabolism
NODE_33306_length_3122_cov_5.942615_1	COG1171	224092	2.54e-34	40.157	IlvA	Threonine deaminase	E	Amino acid transport and metabolism
NODE_33306_length_3122_cov_5.942615_2	COG3253	225792	1.4e-59	33.628	HemQ	Coproheme decarboxylase/chlorite dismutase	H	Coenzyme transport and metabolism
NODE_33309_length_3122_cov_5.201500_1	COG1220	224141	2.7e-93	64.815	HslU	ATP-dependent protease HslVU (ClpYQ), ATPase subunit HslU	O	Posttranslational modification, protein turnover, chaperones
NODE_33309_length_3122_cov_5.201500_2	COG4636	226983	3.51e-16	25.521	Uma2	Endonuclease, Uma2 family (restriction endonuclease fold)	R	General function prediction only
NODE_33309_length_3122_cov_5.201500_3	COG0697	223769	9.07e-18	25.086	RhaT	Permease of the drug/metabolite transporter (DMT) superfamily	G	Carbohydrate transport and metabolism
NODE_33310_length_3122_cov_4.826215_2	COG3844	226363	3.27e-130	41.832	Bna5	Kynureninase	E	Amino acid transport and metabolism
NODE_33310_length_3122_cov_4.826215_3	COG0796	223867	1.76e-78	37.631	MurI	Glutamate racemase	M	Cell wall/membrane/envelope biogenesis
NODE_33379_length_3118_cov_7.093699_1	COG0675	223747	3.34e-05	25.862	InsQ	Transposase	X	Mobilome: prophages, transposons
NODE_33379_length_3118_cov_7.093699_2	COG0789	223860	2.34e-08	34.848	SoxR	DNA-binding transcriptional regulator, MerR family	K	Transcription
NODE_33379_length_3118_cov_7.093699_3	COG1307	224226	1.92e-21	26.974	DegV	Fatty acid-binding protein DegV (function unknown)	I	Lipid transport and metabolism
NODE_33448_length_3114_cov_3.929062_2	COG1225	224146	2.71e-49	39.752	Bcp	Peroxiredoxin	O	Posttranslational modification, protein turnover, chaperones
NODE_33448_length_3114_cov_3.929062_5	COG0436	223513	7.14e-134	38.889	AspB	Aspartate/methionine/tyrosine aminotransferase	E	Amino acid transport and metabolism
NODE_33504_length_3109_cov_4.852652_1	COG0463	223539	2.23e-26	28.767	WcaA	Glycosyltransferase involved in cell wall bisynthesis	M	Cell wall/membrane/envelope biogenesis
NODE_33504_length_3109_cov_4.852652_2	COG3408	225942	2.23e-104	30.195	GDB1	Glycogen debranching enzyme (alpha-1,6-glucosidase)	G	Carbohydrate transport and metabolism
NODE_33520_length_3108_cov_5.202096_1	COG1696	224610	1.02e-74	34.491	DltB	D-alanyl-lipoteichoic acid acyltransferase DltB, MBOAT superfamily	M	Cell wall/membrane/envelope biogenesis
NODE_33886_length_3081_cov_4.546596_1	COG2202	225112	9.15e-10	21.656	PAS	PAS domain	T	Signal transduction mechanisms
NODE_33886_length_3081_cov_4.546596_2	COG2137	225048	5.5e-21	29.07	RecX	SOS response regulatory protein OraA/RecX, interacts with RecA	O	Posttranslational modification, protein turnover, chaperones
NODE_33886_length_3081_cov_4.546596_3	COG0067	223145	9.61e-106	46.78	GltB1	Glutamate synthase domain 1	E	Amino acid transport and metabolism
NODE_34002_length_3073_cov_4.936382_5	COG2080	224991	1.68e-36	53.425	CutS	Aldehyde, CO, or xanthine dehydrogenase, Fe-S subunit, CoxS/CutS family	C	Energy production and conversion
NODE_34018_length_3071_cov_4.428050_2	COG1354	224273	4.26e-42	31.967	ScpA	Chromatin segregation and condensation protein Rec8/ScpA/Scc1, kleisin family	L	Replication, recombination and repair
NODE_34018_length_3071_cov_4.428050_3	COG0642	223715	1.26e-50	28.235	BaeS	Signal transduction histidine kinase	T	Signal transduction mechanisms
NODE_34143_length_3060_cov_5.392013_2	COG1472	224389	9.53e-55	28.182	BglX	Periplasmic beta-glucosidase and related glycosidases	G	Carbohydrate transport and metabolism
NODE_34143_length_3060_cov_5.392013_3	COG1494	224411	1.12e-73	64.0	GlpX	Fructose-1,6-bisphosphatase/sedoheptulose 1,7-bisphosphatase or related protein	G	Carbohydrate transport and metabolism
NODE_34152_length_3060_cov_3.955408_1	COG1232	224153	4.45e-16	23.364	HemY	Protoporphyrinogen oxidase HemY/PPOX	H	Coenzyme transport and metabolism
NODE_34165_length_3059_cov_5.863182_2	COG1506	224423	6.04e-111	26.706	DAP2	Dipeptidyl aminopeptidase/acylaminoacyl peptidase	E	Amino acid transport and metabolism
NODE_34165_length_3059_cov_5.863182_3	COG0261	223339	2.62e-24	49.153	RplU	Ribosomal protein L21	J	Translation, ribosomal structure and biogenesis
NODE_34256_length_3052_cov_5.275609_1	COG0201	223279	2.13e-41	37.64	SecY	Preprotein translocase subunit SecY	U	Intracellular trafficking, secretion, and vesicular transport
NODE_34256_length_3052_cov_5.275609_2	COG0563	223637	5.65e-55	35.211	Adk	Adenylate kinase or related kinase	F	Nucleotide transport and metabolism
NODE_34256_length_3052_cov_5.275609_3	COG0024	223103	1.23e-113	49.807	Map	Methionine aminopeptidase	J	Translation, ribosomal structure and biogenesis
NODE_34312_length_3048_cov_6.865018_1	COG1205	224126	4.08e-14	30.588	YprA	ATP-dependent helicase YprA,  contains C-terminal metal-binding DUF1998 domain	L	Replication, recombination and repair
NODE_34312_length_3048_cov_6.865018_2	COG1940	224851	6.39e-53	33.115	NagC	Sugar kinase of the NBD/HSP70 family, may contain an N-terminal HTH domain	G	Carbohydrate transport and metabolism
NODE_34312_length_3048_cov_6.865018_3	COG4134	226618	1.78e-17	29.67	YnjB	ABC-type uncharacterized transport system YnjBCD, periplasmic component	R	General function prediction only
NODE_34329_length_3047_cov_4.292781_1	COG0146	223224	4.34e-179	54.785	HyuB	N-methylhydantoinase B/oxoprolinase/acetone carboxylase, alpha subunit	E	Amino acid transport and metabolism
NODE_34339_length_3046_cov_5.501839_1	COG2814	225371	1.99e-07	29.104	AraJ	Predicted arabinose efflux permease AraJ, MFS family	G	Carbohydrate transport and metabolism
NODE_34339_length_3046_cov_5.501839_2	COG0667	223739	6.58e-58	34.298	PdxI	Pyridoxal reductase PdxI or related oxidoreductase, aldo/keto reductase family	H	Coenzyme transport and metabolism
NODE_34339_length_3046_cov_5.501839_3	COG0749	223820	0.0	48.929	PolA	DNA polymerase I, 3'-5' exonuclease and polymerase domains	L	Replication, recombination and repair
NODE_34399_length_3042_cov_5.868095_1	COG0481	223557	0.0	66.968	LepA	Translation elongation factor EF-4, membrane-bound GTPase	J	Translation, ribosomal structure and biogenesis
NODE_34399_length_3042_cov_5.868095_2	COG0646	223719	3.66e-132	44.904	MetH1	Methionine synthase I (cobalamin-dependent), methyltransferase domain	E	Amino acid transport and metabolism
NODE_34485_length_3035_cov_5.483557_3	COG0637	223710	3.46e-51	39.524	YcjU	Beta-phosphoglucomutase, HAD superfamily	G	Carbohydrate transport and metabolism
NODE_34485_length_3035_cov_5.483557_4	COG0823	223893	0.002	21.014	TolB	Periplasmic component TolB of the Tol biopolymer transport system	U	Intracellular trafficking, secretion, and vesicular transport
NODE_34541_length_3031_cov_4.497984_1	COG0443	223520	0.0	59.244	DnaK	Molecular chaperone DnaK (HSP70)	O	Posttranslational modification, protein turnover, chaperones
NODE_34541_length_3031_cov_4.497984_2	COG0576	223649	7.16e-41	32.402	GrpE	Molecular chaperone GrpE (heat shock protein HSP-70)	O	Posttranslational modification, protein turnover, chaperones
NODE_34541_length_3031_cov_4.497984_3	COG0484	223560	6.13e-37	70.0	DnaJ	DnaJ-class molecular chaperone with C-terminal Zn finger domain	O	Posttranslational modification, protein turnover, chaperones
NODE_34589_length_3027_cov_5.039367_2	COG1522	224439	1.04e-41	45.638	Lrp	DNA-binding transcriptional regulator, Lrp family	K	Transcription
NODE_34589_length_3027_cov_5.039367_3	COG0697	223769	8.21e-18	24.08	RhaT	Permease of the drug/metabolite transporter (DMT) superfamily	G	Carbohydrate transport and metabolism
NODE_34589_length_3027_cov_5.039367_4	COG0836	223906	5.5e-102	35.616	CpsB	Mannose-1-phosphate guanylyltransferase	M	Cell wall/membrane/envelope biogenesis
NODE_34646_length_3022_cov_4.217054_1	COG1560	224476	3.53e-14	30.631	LpxP	Palmitoleoyl-ACP: Kdo2-lipid-IV acyltransferase (lipid A biosynthesis)	I	Lipid transport and metabolism
NODE_34646_length_3022_cov_4.217054_2	COG0438	223515	7.74e-62	28.718	RfaB	Glycosyltransferase involved in cell wall bisynthesis	M	Cell wall/membrane/envelope biogenesis
NODE_34646_length_3022_cov_4.217054_3	COG0558	223632	1.43e-22	29.381	PgsA	Phosphatidylglycerophosphate synthase	I	Lipid transport and metabolism
NODE_34744_length_3015_cov_5.424662_2	COG1032	223963	0.004	15.116	YgiQ	Radical SAM superfamily enzyme YgiQ, UPF0313 family	R	General function prediction only
NODE_34744_length_3015_cov_5.424662_3	COG4636	226983	2.27e-19	27.083	Uma2	Endonuclease, Uma2 family (restriction endonuclease fold)	R	General function prediction only
NODE_34744_length_3015_cov_5.424662_4	COG3570	226100	2.54e-28	31.276	StrB	Streptomycin 6-kinase	V	Defense mechanisms
NODE_34769_length_3014_cov_4.435958_1	COG0544	223618	1.68e-45	32.018	Tig	FKBP-type peptidyl-prolyl cis-trans isomerase (trigger factor)	O	Posttranslational modification, protein turnover, chaperones
NODE_34769_length_3014_cov_4.435958_2	COG1219	224140	0.0	63.145	ClpX	ATP-dependent protease Clp, ATPase subunit ClpX	O	Posttranslational modification, protein turnover, chaperones
NODE_34769_length_3014_cov_4.435958_3	COG0466	223542	2.47e-68	36.948	Lon	ATP-dependent Lon protease, bacterial type	O	Posttranslational modification, protein turnover, chaperones
NODE_34823_length_3010_cov_5.363452_1	COG3934	226444	0.008	25.301		Endo-1,4-beta-mannosidase	G	Carbohydrate transport and metabolism
NODE_34823_length_3010_cov_5.363452_2	COG1247	224168	6.22e-41	39.189	MnaT	L-amino acid N-acyltransferase MnaT	E	Amino acid transport and metabolism
NODE_34844_length_3009_cov_5.454638_1	COG0456	223532	3.26e-12	26.144	RimI	Ribosomal protein S18 acetylase RimI and related acetyltransferases	J	Translation, ribosomal structure and biogenesis
NODE_34844_length_3009_cov_5.454638_3	COG2003	224914	3.17e-83	43.694	RadC	DNA repair protein RadC, contains a helix-hairpin-helix DNA-binding motif	L	Replication, recombination and repair
NODE_34844_length_3009_cov_5.454638_4	COG2764	225356	9.04e-12	42.308	PhnB	Zn-dependent glyoxalase, PhnB family	C	Energy production and conversion
NODE_34961_length_3001_cov_4.056687_1	COG1344	224263	2.12e-29	24.096	FlgL	Flagellin and related hook-associated protein FlgL	N	Cell motility
NODE_34961_length_3001_cov_4.056687_2	COG1256	224176	2.61e-88	27.711	FlgK	Flagellar hook-associated protein FlgK	N	Cell motility
NODE_34961_length_3001_cov_4.056687_3	COG3418	225952	0.008	26.531	FlgN	Flagellar biosynthesis/type III secretory pathway chaperone FlgN	N	Cell motility
NODE_35139_length_2988_cov_6.399250_1	COG2348	225224	4.95e-18	19.919	FmhB	Lipid II:glycine glycyltransferase (Peptidoglycan interpeptide bridge formation enzyme)	M	Cell wall/membrane/envelope biogenesis
NODE_35445_length_2967_cov_4.734890_1	COG0458	223534	7.41e-13	33.333	CarB	Carbamoylphosphate synthase large subunit	E	Amino acid transport and metabolism
NODE_35445_length_2967_cov_4.734890_2	COG0778	223849	4.24e-26	24.413	NfnB	Nitroreductase	C	Energy production and conversion
NODE_35445_length_2967_cov_4.734890_3	COG2255	225164	0.0	61.994	RuvB	Holliday junction resolvasome RuvABC, ATP-dependent DNA helicase subunit RuvB	L	Replication, recombination and repair
NODE_35461_length_2966_cov_3.727241_2	COG0326	223403	7.12e-72	21.18	HtpG	Molecular chaperone, HSP90 family	O	Posttranslational modification, protein turnover, chaperones
NODE_35489_length_2964_cov_5.214850_1	COG2870	225425	4.46e-53	46.875	RfaE	ADP-heptose synthase, bifunctional sugar kinase/adenylyltransferase	M	Cell wall/membrane/envelope biogenesis
NODE_35489_length_2964_cov_5.214850_2	COG0728	223800	2.52e-39	30.404	MurJ	Lipid II flippase MurJ/MviN (peptidoglycan biosynthesis)	M	Cell wall/membrane/envelope biogenesis
NODE_35493_length_2964_cov_4.645926_1	COG1136	224059	1.76e-75	52.174	LolD	ABC-type lipoprotein export system, ATPase component	M	Cell wall/membrane/envelope biogenesis
NODE_35493_length_2964_cov_4.645926_2	COG3393	225928	1.67e-05	35.0		Predicted acetyltransferase, GNAT family	R	General function prediction only
NODE_35493_length_2964_cov_4.645926_4	COG0545	223619	8.42e-61	62.963	FkpA	FKBP-type peptidyl-prolyl cis-trans isomerase	O	Posttranslational modification, protein turnover, chaperones
NODE_35542_length_2960_cov_3.697074_1	COG2866	225421	0.000345	21.642	MpaA	Murein tripeptide amidase MpaA	M	Cell wall/membrane/envelope biogenesis
NODE_35542_length_2960_cov_3.697074_2	COG1487	224404	9.4e-07	39.286	VapC	Ribonuclease/mRNA interferase VapC, contains PIN domain	V	Defense mechanisms
NODE_35542_length_2960_cov_3.697074_3	COG0864	223932	1.3e-06	38.095	NikR	Metal-responsive transcriptional regulator, contains CopG/Arc/MetJ DNA-binding domain	K	Transcription
NODE_35601_length_2955_cov_6.039655_3	COG3376	225911	1.38e-125	49.231	HoxN	High-affinity nickel/cobalt permease	P	Inorganic ion transport and metabolism
NODE_35601_length_2955_cov_6.039655_4	COG1595	224511	1.14e-33	34.437	RpoE	DNA-directed RNA polymerase specialized sigma subunit, sigma24 family	K	Transcription
NODE_35647_length_2952_cov_7.293062_1	COG4447	226855	1.58e-05	25.792		Uncharacterized conserved protein related to plant photosystem II stability/assembly factor	R	General function prediction only
NODE_35737_length_2946_cov_7.207887_1	COG2373	225248	0.009	25.253	YfaS	Uncharacterized conserved protein YfaS, alpha-2-macroglobulin family	R	General function prediction only
NODE_35737_length_2946_cov_7.207887_5	COG0177	223255	1.47e-87	49.735	Nth	Endonuclease III	L	Replication, recombination and repair
NODE_35772_length_2944_cov_5.266182_1	COG5464	227751	0.003	18.605	RpnC	Recombination-promoting DNA endonuclease RpnC/YadD	L	Replication, recombination and repair
NODE_35772_length_2944_cov_5.266182_2	COG0614	223687	2.36e-35	25.902	FepB	ABC-type Fe3+-hydroxamate transport system, periplasmic component	P	Inorganic ion transport and metabolism
NODE_35772_length_2944_cov_5.266182_3	COG2812	225369	3.55e-39	34.444	DnaX	DNA polymerase III, gamma/tau subunits	L	Replication, recombination and repair
NODE_35861_length_2939_cov_4.236130_1	COG1674	224588	2.74e-110	27.211	FtsK	DNA segregation ATPase FtsK/SpoIIIE or related protein	D	Cell cycle control, cell division, chromosome partitioning
NODE_35896_length_2936_cov_4.971191_1	COG1486	224403	2.84e-128	37.838	CelF	Alpha-galactosidase/6-phospho-beta-glucosidase, family 4 of glycosyl hydrolase	G	Carbohydrate transport and metabolism
NODE_35896_length_2936_cov_4.971191_2	COG0444	223521	2.9e-103	40.063	DppD	ABC-type dipeptide/oligopeptide/nickel transport system, ATPase component	E	Amino acid transport and metabolism
NODE_35987_length_2930_cov_5.585739_1	COG0240	223318	2.94e-62	50.323	GpsA	Glycerol-3-phosphate dehydrogenase	C	Energy production and conversion
NODE_35991_length_2930_cov_4.452174_2	COG1520	224437	1.61e-11	25.389	PQQ	Outer membrane protein assembly factor BamB, contains PQQ-like beta-propeller repeat	M	Cell wall/membrane/envelope biogenesis
NODE_35991_length_2930_cov_4.452174_4	COG1409	224327	8.4e-09	37.037	CpdA	3',5'-cyclic AMP phosphodiesterase CpdA	T	Signal transduction mechanisms
NODE_35991_length_2930_cov_4.452174_5	COG2151	225062	1.63e-36	45.283	PaaD	Metal-sulfur cluster biosynthetic enzyme	O	Posttranslational modification, protein turnover, chaperones
NODE_36021_length_2928_cov_5.218935_1	COG4934	227270	2.72e-34	23.077		Serine protease, subtilase family	O	Posttranslational modification, protein turnover, chaperones
NODE_36070_length_2925_cov_4.990941_3	COG3214	225755	3.37e-115	45.524	YcaQ	DNA glycosylase YcaQ, repair of DNA interstrand crosslinks	L	Replication, recombination and repair
NODE_36162_length_2919_cov_3.881983_1	COG1575	224491	1.92e-49	32.353	MenA	1,4-dihydroxy-2-naphthoate polyprenyltransferase	H	Coenzyme transport and metabolism
NODE_36162_length_2919_cov_3.881983_3	COG0297	223374	1.53e-173	44.72	GlgA	Glycogen synthase	G	Carbohydrate transport and metabolism
NODE_36201_length_2917_cov_2.856394_1	COG0286	223363	1.44e-125	38.211	HsdM	Type I restriction-modification system, DNA methylase subunit	V	Defense mechanisms
NODE_36201_length_2917_cov_2.856394_2	COG0286	223363	7.56e-26	31.928	HsdM	Type I restriction-modification system, DNA methylase subunit	V	Defense mechanisms
NODE_36201_length_2917_cov_2.856394_3	COG0286	223363	1.24e-66	39.13	HsdM	Type I restriction-modification system, DNA methylase subunit	V	Defense mechanisms
NODE_36258_length_2913_cov_4.589573_1	COG0311	223388	4.2e-33	56.944	PdxT	Pyridoxal 5'-phosphate synthase subunit PdxT (glutamine amidotransferase)	H	Coenzyme transport and metabolism
NODE_36258_length_2913_cov_4.589573_2	COG0214	223292	0.0	67.785	PdxS	Pyridoxal 5'-phosphate synthase subunit PdxS	H	Coenzyme transport and metabolism
NODE_36258_length_2913_cov_4.589573_3	COG0268	223346	6.72e-21	47.727	RpsT	Ribosomal protein S20	J	Translation, ribosomal structure and biogenesis
NODE_36258_length_2913_cov_4.589573_4	COG0595	223668	8.33e-93	51.628	RnjA	mRNA degradation ribonuclease J1/J2	J	Translation, ribosomal structure and biogenesis
NODE_36298_length_2911_cov_3.703782_1	COG1968	224879	9.59e-33	42.609	UppP	Undecaprenyl pyrophosphate phosphatase	I	Lipid transport and metabolism
NODE_36298_length_2911_cov_3.703782_2	COG0054	223132	6.53e-63	57.353	RibE	6,7-dimethyl-8-ribityllumazine synthase (Riboflavin synthase beta chain)	H	Coenzyme transport and metabolism
NODE_36298_length_2911_cov_3.703782_4	COG1403	224321	3.86e-08	30.645	McrA	5-methylcytosine-specific restriction endonuclease McrA	V	Defense mechanisms
NODE_36355_length_2907_cov_6.267532_1	COG0654	223727	1.46e-12	18.889	UbiH	2-polyprenyl-6-methoxyphenol hydroxylase and related FAD-dependent oxidoreductases	H	Coenzyme transport and metabolism
NODE_36355_length_2907_cov_6.267532_3	COG1476	224393	1.44e-05	27.273	XRE	DNA-binding transcriptional regulator, XRE-family HTH domain	K	Transcription
NODE_36356_length_2907_cov_5.061711_1	COG1233	224154	2.25e-42	24.145		Phytoene dehydrogenase-related protein	Q	Secondary metabolites biosynthesis, transport and catabolism
NODE_36561_length_2895_cov_4.289437_1	COG0017	223096	3.11e-24	35.537	AsnS	Aspartyl/asparaginyl-tRNA synthetase	J	Translation, ribosomal structure and biogenesis
NODE_36561_length_2895_cov_4.289437_2	COG0498	223572	0.000296	23.762	ThrC	Threonine synthase	E	Amino acid transport and metabolism
NODE_36561_length_2895_cov_4.289437_3	COG1051	223979	3.21e-09	39.13	YjhB	ADP-ribose pyrophosphatase YjhB, NUDIX family	F	Nucleotide transport and metabolism
NODE_36564_length_2895_cov_4.156338_3	COG1198	224119	2.96e-124	46.154	PriA	Primosomal protein N' (replication factor Y) - superfamily II helicase	L	Replication, recombination and repair
NODE_36575_length_2894_cov_4.123635_2	COG2425	225281	7.64e-07	21.711	ViaA	Uncharacterized conserved protein, contains a von Willebrand factor type A (vWA) domain	S	Function unknown
NODE_36600_length_2892_cov_3.965456_1	COG2226	225136	1.43e-05	23.077	UbiE	Ubiquinone/menaquinone biosynthesis C-methylase UbiE/MenG	H	Coenzyme transport and metabolism
NODE_36600_length_2892_cov_3.965456_3	COG1030	223961	3.81e-06	36.066	NfeD	Membrane-bound serine protease NfeD, ClpP class	O	Posttranslational modification, protein turnover, chaperones
NODE_36600_length_2892_cov_3.965456_4	COG0330	223407	2.03e-50	41.706	HflC	Regulator of protease activity HflC, stomatin/prohibitin superfamily	O	Posttranslational modification, protein turnover, chaperones
NODE_36600_length_2892_cov_3.965456_5	COG1595	224511	2.37e-11	35.0	RpoE	DNA-directed RNA polymerase specialized sigma subunit, sigma24 family	K	Transcription
NODE_36960_length_2869_cov_4.410092_1	COG1929	224840	8.57e-133	50.263	GlxK	Glycerate kinase	G	Carbohydrate transport and metabolism
NODE_36960_length_2869_cov_4.410092_3	COG0410	223487	1.56e-123	53.165	LivF	ABC-type branched-chain amino acid transport system, ATPase component LivF	E	Amino acid transport and metabolism
NODE_36960_length_2869_cov_4.410092_4	COG0411	223488	4.36e-21	55.319	LivG	ABC-type branched-chain amino acid transport system, ATPase component LivG	E	Amino acid transport and metabolism
NODE_37321_length_2847_cov_4.736390_2	COG0465	223541	1.02e-68	30.975	HflB	ATP-dependent Zn proteases	O	Posttranslational modification, protein turnover, chaperones
NODE_37386_length_2842_cov_5.070327_1	COG2204	225114	4.7e-18	30.159	AtoC	DNA-binding transcriptional response regulator, NtrC family, contains REC, AAA-type ATPase, and a Fis-type DNA-binding domains	T	Signal transduction mechanisms
NODE_37386_length_2842_cov_5.070327_2	COG1210	224131	1.87e-146	51.389	GalU	UTP-glucose-1-phosphate uridylyltransferase	M	Cell wall/membrane/envelope biogenesis
NODE_37386_length_2842_cov_5.070327_3	COG0604	223677	1.27e-72	37.092	Qor	NADPH:quinone reductase or related Zn-dependent oxidoreductase	C	Energy production and conversion
NODE_37545_length_2833_cov_3.721022_1	COG1192	224113	6.24e-23	27.545	ParA	ParA-like ATPase involved in chromosome/plasmid partitioning or cellulose biosynthesis protein BcsQ	D	Cell cycle control, cell division, chromosome partitioning
NODE_37545_length_2833_cov_3.721022_3	COG2185	225096	9.96e-55	48.8	Sbm	Methylmalonyl-CoA mutase, C-terminal domain/subunit (cobalamin-binding)	I	Lipid transport and metabolism
NODE_37545_length_2833_cov_3.721022_4	COG1703	224617	4.22e-115	50.0	ArgK	GTPase of the G3E family (not a periplasmic protein kinase)	O	Posttranslational modification, protein turnover, chaperones
NODE_37574_length_2831_cov_5.452450_2	COG0477	223553	0.003	18.367	ProP	MFS family permease, includes anhydromuropeptide permease AmpG	G	Carbohydrate transport and metabolism
NODE_37574_length_2831_cov_5.452450_3	COG3191	225732	8.54e-72	41.824	DmpA	L-aminopeptidase/D-esterase	E	Amino acid transport and metabolism
NODE_37707_length_2823_cov_4.667991_1	COG0406	223483	2.96e-45	37.736	PhoE	Broad specificity phosphatase PhoE	G	Carbohydrate transport and metabolism
NODE_37707_length_2823_cov_4.667991_2	COG0266	223344	2.14e-95	39.721	Nei	Formamidopyrimidine-DNA glycosylase	L	Replication, recombination and repair
NODE_37714_length_2823_cov_3.512645_3	COG1670	224584	1.32e-16	37.209	RimL	Protein N-acetyltransferase, RimJ/RimL family	J	Translation, ribosomal structure and biogenesis
NODE_37738_length_2821_cov_5.656544_1	COG1403	224321	6.34e-08	31.25	McrA	5-methylcytosine-specific restriction endonuclease McrA	V	Defense mechanisms
NODE_37738_length_2821_cov_5.656544_6	COG1598	224514	8.43e-05	41.86	HicB	Antitoxin component HicB of the HicAB toxin-antitoxin system	V	Defense mechanisms
NODE_37780_length_2819_cov_4.645080_1	COG0571	223644	2.72e-67	50.0	Rnc	dsRNA-specific ribonuclease	K	Transcription
NODE_37780_length_2819_cov_4.645080_2	COG0709	223781	1.08e-90	38.462	SelD	Selenophosphate synthase	E	Amino acid transport and metabolism
NODE_37842_length_2815_cov_3.066667_1	COG4948	227284	2.77e-70	33.807	RspA	L-alanine-DL-glutamate epimerase or related enzyme of enolase superfamily	M	Cell wall/membrane/envelope biogenesis
NODE_37842_length_2815_cov_3.066667_3	COG1232	224153	4.52e-19	19.048	HemY	Protoporphyrinogen oxidase HemY/PPOX	H	Coenzyme transport and metabolism
NODE_37891_length_2812_cov_3.831701_1	COG0318	223395	5.31e-160	33.821	MenE/FadK	O-succinylbenzoic acid-CoA ligase MenE or related acyl-CoA synthetase (AMP-forming)	I	Lipid transport and metabolism
NODE_37891_length_2812_cov_3.831701_2	COG0515	223589	1.18e-35	32.075	SPS1	Serine/threonine protein kinase	T	Signal transduction mechanisms
NODE_37905_length_2811_cov_3.839260_1	COG0050	223128	3.56e-21	73.913	TufA	Translation elongation factor EF-Tu, a GTPase	J	Translation, ribosomal structure and biogenesis
NODE_37905_length_2811_cov_3.839260_2	COG0267	223345	3.66e-17	56.25	RpmG	Ribosomal protein L33	J	Translation, ribosomal structure and biogenesis
NODE_37905_length_2811_cov_3.839260_3	COG0690	223762	1.33e-13	25.0	SecE	Preprotein translocase subunit SecE	U	Intracellular trafficking, secretion, and vesicular transport
NODE_37905_length_2811_cov_3.839260_4	COG0250	223328	5.24e-62	46.667	NusG	Transcription termination/antitermination protein NusG	K	Transcription
NODE_37905_length_2811_cov_3.839260_5	COG0080	223158	1.67e-73	63.571	RplK	Ribosomal protein L11	J	Translation, ribosomal structure and biogenesis
NODE_37905_length_2811_cov_3.839260_6	COG1386	224304	2.25e-51	37.714	ScpB	Chromosome segregation and condensation protein ScpB	K	Transcription
NODE_37948_length_2808_cov_4.274610_2	COG2124	225035	4.96e-102	40.244	CypX	Cytochrome P450	Q	Secondary metabolites biosynthesis, transport and catabolism
NODE_37948_length_2808_cov_4.274610_3	COG3662	226188	2.44e-13	34.579		Uncharacterized conserved protein, DUF2236 family	S	Function unknown
NODE_37970_length_2807_cov_4.640625_1	COG0402	223479	6.35e-57	27.5	SsnA	Cytosine/adenosine deaminase or related metal-dependent hydrolase	F	Nucleotide transport and metabolism
NODE_37970_length_2807_cov_4.640625_2	COG2195	225106	5.6e-23	24.318	PepD2	Di- or tripeptidase	E	Amino acid transport and metabolism
NODE_38038_length_2803_cov_5.784571_2	COG0745	223816	1.55e-18	34.959	OmpR	DNA-binding response regulator, OmpR family, contains REC and winged-helix (wHTH) domain	T	Signal transduction mechanisms
NODE_38038_length_2803_cov_5.784571_4	COG2141	225052	9.29e-55	26.444	SsuD	Flavin-dependent oxidoreductase, luciferase family (includes alkanesulfonate monooxygenase SsuD and methylene tetrahydromethanopterin reductase)	H	Coenzyme transport and metabolism
NODE_38044_length_2803_cov_4.693959_1	COG2823	225379	0.0003	23.81	OsmY	Osmotically-inducible protein OsmY, contains BON domain	M	Cell wall/membrane/envelope biogenesis
NODE_38044_length_2803_cov_4.693959_3	COG0195	223273	1.44e-61	48.148	NusA	Transcription antitermination factor NusA, contains S1 and KH domains	K	Transcription
NODE_38044_length_2803_cov_4.693959_4	COG2740	225350	1.74e-22	41.86	YlxR	Nucleoid-associated protein YlxR, Predicted RNA-binding, DUF448 family	R	General function prediction only
NODE_38083_length_2800_cov_6.694353_1	COG0265	223343	1.96e-43	42.512	DegQ	Periplasmic serine protease, S1-C subfamily, contain C-terminal PDZ domain	O	Posttranslational modification, protein turnover, chaperones
NODE_38083_length_2800_cov_6.694353_2	COG1051	223979	3.29e-36	45.638	YjhB	ADP-ribose pyrophosphatase YjhB, NUDIX family	F	Nucleotide transport and metabolism
NODE_38083_length_2800_cov_6.694353_3	COG0574	223647	1.39e-35	15.194	PpsA	Phosphoenolpyruvate synthase/pyruvate phosphate dikinase	G	Carbohydrate transport and metabolism
NODE_38196_length_2794_cov_5.009493_1	COG0364	223441	2.15e-146	54.545	Zwf	Glucose-6-phosphate 1-dehydrogenase	G	Carbohydrate transport and metabolism
NODE_38196_length_2794_cov_5.009493_2	COG3429	225963	2.29e-28	27.526	OpcA	Glucose-6-phosphate dehydrogenase assembly protein OpcA, contains a peptidoglycan-binding domain	G	Carbohydrate transport and metabolism
NODE_38196_length_2794_cov_5.009493_3	COG2141	225052	4.28e-48	39.819	SsuD	Flavin-dependent oxidoreductase, luciferase family (includes alkanesulfonate monooxygenase SsuD and methylene tetrahydromethanopterin reductase)	H	Coenzyme transport and metabolism
NODE_38458_length_2779_cov_3.814611_1	COG2208	225118	2.23e-65	34.317	RsbU	Phosphoserine phosphatase RsbU, regulator of sigma subunit	T	Signal transduction mechanisms
NODE_38458_length_2779_cov_3.814611_2	COG1366	224285	9.37e-17	29.0	SpoIIAA	Anti-anti-sigma regulatory factor (antagonist of anti-sigma factor)	T	Signal transduction mechanisms
NODE_38458_length_2779_cov_3.814611_3	COG1366	224285	2.71e-10	31.868	SpoIIAA	Anti-anti-sigma regulatory factor (antagonist of anti-sigma factor)	T	Signal transduction mechanisms
NODE_38504_length_2776_cov_4.654906_1	COG0451	223528	2.95e-37	32.979	WcaG	Nucleoside-diphosphate-sugar epimerase	M	Cell wall/membrane/envelope biogenesis
NODE_38562_length_2774_cov_3.610519_2	COG0747	223818	6.35e-39	22.527	DdpA	ABC-type transport system, periplasmic component	E	Amino acid transport and metabolism
NODE_38572_length_2773_cov_6.128403_1	COG0008	223087	1.86e-58	41.667	GlnS	Glutamyl- or glutaminyl-tRNA synthetase	J	Translation, ribosomal structure and biogenesis
NODE_38572_length_2773_cov_6.128403_2	COG0466	223542	0.0	50.303	Lon	ATP-dependent Lon protease, bacterial type	O	Posttranslational modification, protein turnover, chaperones
NODE_38990_length_2749_cov_4.528582_1	COG0617	223690	5.19e-34	30.568	PcnB	tRNA nucleotidyltransferase/poly(A) polymerase	J	Translation, ribosomal structure and biogenesis
NODE_38990_length_2749_cov_4.528582_3	COG0249	223327	4.3e-66	49.091	MutS	DNA mismatch repair ATPase MutS	L	Replication, recombination and repair
NODE_38990_length_2749_cov_4.528582_4	COG0249	223327	8.69e-39	50.413	MutS	DNA mismatch repair ATPase MutS	L	Replication, recombination and repair
NODE_39127_length_2741_cov_5.918094_1	COG2141	225052	9.48e-11	25.325	SsuD	Flavin-dependent oxidoreductase, luciferase family (includes alkanesulfonate monooxygenase SsuD and methylene tetrahydromethanopterin reductase)	H	Coenzyme transport and metabolism
NODE_39127_length_2741_cov_5.918094_3	COG1813	224726	5.3e-11	40.385	aMBF1	Archaeal ribosome-binding protein aMBF1, putative translation factor, contains Zn-ribbon and HTH domains	J	Translation, ribosomal structure and biogenesis
NODE_39128_length_2741_cov_5.488831_1	COG1506	224423	9.9e-16	22.185	DAP2	Dipeptidyl aminopeptidase/acylaminoacyl peptidase	E	Amino acid transport and metabolism
NODE_39128_length_2741_cov_5.488831_2	COG2203	225113	1.18e-05	16.279	GAF	GAF domain	T	Signal transduction mechanisms
NODE_39140_length_2740_cov_5.165736_1	COG0643	223716	0.000146	55.0	CheA	Chemotaxis protein histidine kinase CheA	T	Signal transduction mechanisms
NODE_39140_length_2740_cov_5.165736_4	COG1396	224314	1.95e-08	45.455	HipB	Transcriptional regulator, contains XRE-family HTH domain	K	Transcription
NODE_39395_length_2726_cov_3.800824_1	COG3127	225669	1.31e-18	26.07	YbbP	Predicted ABC-type transport system involved in lysophospholipase L1 biosynthesis, permease component	Q	Secondary metabolites biosynthesis, transport and catabolism
NODE_39395_length_2726_cov_3.800824_2	COG4585	226951	1.63e-49	40.93	ComP	Signal transduction histidine kinase ComP	T	Signal transduction mechanisms
NODE_39590_length_2714_cov_4.423467_1	COG0480	223556	0.0	47.429	FusA	Translation elongation factor EF-G, a GTPase	J	Translation, ribosomal structure and biogenesis
NODE_39590_length_2714_cov_4.423467_2	COG0592	223665	3.21e-61	32.808	DnaN	DNA polymerase III sliding clamp (beta) subunit, PCNA homolog	L	Replication, recombination and repair
NODE_39813_length_2702_cov_4.152248_1	COG2814	225371	1.18e-05	18.841	AraJ	Predicted arabinose efflux permease AraJ, MFS family	G	Carbohydrate transport and metabolism
NODE_39813_length_2702_cov_4.152248_3	COG1595	224511	5.15e-26	33.333	RpoE	DNA-directed RNA polymerase specialized sigma subunit, sigma24 family	K	Transcription
NODE_39894_length_2698_cov_4.932652_1	COG2141	225052	1.24e-39	27.863	SsuD	Flavin-dependent oxidoreductase, luciferase family (includes alkanesulfonate monooxygenase SsuD and methylene tetrahydromethanopterin reductase)	H	Coenzyme transport and metabolism
NODE_39899_length_2698_cov_4.383655_2	COG3910	226425	3.75e-76	38.519		Predicted ATPase	R	General function prediction only
NODE_39905_length_2698_cov_3.885358_1	COG0488	223562	5.4e-124	36.758	Uup	ATPase components of ABC transporters with duplicated ATPase domains	R	General function prediction only
NODE_40010_length_2693_cov_3.358984_1	COG0527	223601	2.14e-07	27.551	MetL1	Aspartate kinase	E	Amino acid transport and metabolism
NODE_40010_length_2693_cov_3.358984_2	COG0136	223214	7.72e-101	37.568	Asd	Aspartate-semialdehyde dehydrogenase	E	Amino acid transport and metabolism
NODE_40010_length_2693_cov_3.358984_3	COG0491	223565	5.37e-24	26.033	GloB	Glyoxylase or a related metal-dependent hydrolase, beta-lactamase superfamily II	R	General function prediction only
NODE_40010_length_2693_cov_3.358984_4	COG3226	225767	0.000664	30.435	YbjK	DNA-binding transcriptional regulator YbjK	K	Transcription
NODE_40017_length_2692_cov_8.266591_1	COG4177	226645	2.22e-50	36.691	LivM	ABC-type branched-chain amino acid transport system, permease component	E	Amino acid transport and metabolism
NODE_40017_length_2692_cov_8.266591_2	COG0559	223633	7.3e-49	33.559	LivH	Branched-chain amino acid ABC-type transport system, permease component	E	Amino acid transport and metabolism
NODE_40017_length_2692_cov_8.266591_3	COG1403	224321	7.86e-09	37.736	McrA	5-methylcytosine-specific restriction endonuclease McrA	V	Defense mechanisms
NODE_40098_length_2688_cov_6.213445_1	COG1040	223970	4.41e-05	66.667	ComFC	DNA utilization protein ComFC/GntX, contains phosphoribosyltransferase domain	R	General function prediction only
NODE_40216_length_2683_cov_4.734018_1	COG2909	225461	2.47e-91	37.398	MalT	ATP-, maltotriose- and DNA-dependent transcriptional regulator MalT	K	Transcription
NODE_40216_length_2683_cov_4.734018_3	COG4187	226650	1.41e-25	29.87	RocB	Arginine utilization protein RocB	E	Amino acid transport and metabolism
NODE_40270_length_2680_cov_5.207619_2	COG0642	223715	3.35e-47	35.866	BaeS	Signal transduction histidine kinase	T	Signal transduction mechanisms
NODE_40270_length_2680_cov_5.207619_3	COG0675	223747	5.4e-06	34.568	InsQ	Transposase	X	Mobilome: prophages, transposons
NODE_40315_length_2678_cov_3.978650_1	COG0823	223893	5.01e-14	21.32	TolB	Periplasmic component TolB of the Tol biopolymer transport system	U	Intracellular trafficking, secretion, and vesicular transport
NODE_40315_length_2678_cov_3.978650_2	COG1012	223944	2.6e-114	50.179	AdhE	Acyl-CoA reductase or other NAD-dependent aldehyde dehydrogenase	I	Lipid transport and metabolism
NODE_40315_length_2678_cov_3.978650_3	COG1012	223944	3.06e-48	47.222	AdhE	Acyl-CoA reductase or other NAD-dependent aldehyde dehydrogenase	I	Lipid transport and metabolism
NODE_40315_length_2678_cov_3.978650_4	COG1420	224338	1.04e-13	46.809	HrcA	Transcriptional regulator of heat shock response	K	Transcription
NODE_40346_length_2676_cov_6.178558_1	COG0058	223136	8.61e-127	29.612	GlgP	Glucan phosphorylase	G	Carbohydrate transport and metabolism
NODE_40346_length_2676_cov_6.178558_2	COG1262	224182	2.23e-25	38.095	YfmG	Formylglycine-generating enzyme, required for sulfatase activity, contains SUMF1/FGE domain	O	Posttranslational modification, protein turnover, chaperones
NODE_40409_length_2673_cov_4.628342_1	COG0119	223197	1.78e-05	28.947	LeuA	Isopropylmalate/homocitrate/citramalate synthases	E	Amino acid transport and metabolism
NODE_40409_length_2673_cov_4.628342_3	COG3427	225961	1.48e-31	27.972	CoxG	Carbon monoxide dehydrogenase subunit CoxG	C	Energy production and conversion
NODE_40409_length_2673_cov_4.628342_5	COG2317	225199	4.44e-20	43.662	YpwA	Zn-dependent carboxypeptidase, M32 family	O	Posttranslational modification, protein turnover, chaperones
NODE_40480_length_2669_cov_5.320581_1	COG0128	223206	1.66e-61	34.034	AroA	5-enolpyruvylshikimate-3-phosphate synthase	E	Amino acid transport and metabolism
NODE_40480_length_2669_cov_5.320581_3	COG1595	224511	5.69e-29	30.769	RpoE	DNA-directed RNA polymerase specialized sigma subunit, sigma24 family	K	Transcription
NODE_40481_length_2669_cov_5.272762_1	COG4177	226645	3.77e-06	57.778	LivM	ABC-type branched-chain amino acid transport system, permease component	E	Amino acid transport and metabolism
NODE_40481_length_2669_cov_5.272762_2	COG0559	223633	1.01e-59	44.408	LivH	Branched-chain amino acid ABC-type transport system, permease component	E	Amino acid transport and metabolism
NODE_40481_length_2669_cov_5.272762_3	COG0683	223755	3.58e-10	21.667	LivK	ABC-type branched-chain amino acid transport system, periplasmic component	E	Amino acid transport and metabolism
NODE_40574_length_2664_cov_4.801840_1	COG1520	224437	1.79e-09	27.848	PQQ	Outer membrane protein assembly factor BamB, contains PQQ-like beta-propeller repeat	M	Cell wall/membrane/envelope biogenesis
NODE_40574_length_2664_cov_4.801840_4	COG0602	223675	1.92e-37	26.8	QueE	Organic radical activating enzyme NrdG/QueE	H	Coenzyme transport and metabolism
NODE_40574_length_2664_cov_4.801840_5	COG1670	224584	0.003	31.579	RimL	Protein N-acetyltransferase, RimJ/RimL family	J	Translation, ribosomal structure and biogenesis
NODE_40725_length_2656_cov_5.693579_1	COG0695	223767	2.76e-14	30.508	GrxC	Glutaredoxin	O	Posttranslational modification, protein turnover, chaperones
NODE_40725_length_2656_cov_5.693579_2	COG0171	223249	1.66e-86	41.935	NadE	NH3-dependent NAD+ synthetase	H	Coenzyme transport and metabolism
NODE_41190_length_2633_cov_7.401086_1	COG0553	223627	2.75e-75	41.026	HepA	Superfamily II DNA or RNA helicase, SNF2 family	K	Transcription
NODE_41190_length_2633_cov_7.401086_2	COG4279	226729	4.61e-41	30.534		Uncharacterized protein, contains SWIM-type Zn finger domain	S	Function unknown
NODE_41190_length_2633_cov_7.401086_3	COG1075	224001	1.19e-07	23.239	EstA	Triacylglycerol esterase/lipase EstA, alpha/beta hydrolase fold	I	Lipid transport and metabolism
NODE_41240_length_2631_cov_3.727096_1	COG1250	224170	3.23e-67	36.577	FadB	3-hydroxyacyl-CoA dehydrogenase	I	Lipid transport and metabolism
NODE_41240_length_2631_cov_3.727096_2	COG0183	223261	5.05e-32	50.962	PaaJ	Acetyl-CoA acetyltransferase	I	Lipid transport and metabolism
NODE_41359_length_2625_cov_4.660700_4	COG2309	225191	3.04e-66	30.449	AmpS	Leucyl aminopeptidase (aminopeptidase T)	E	Amino acid transport and metabolism
NODE_41382_length_2624_cov_5.580381_1	COG1980	224891	0.004	25.0	FbpA	Archaeal fructose 1,6-bisphosphatase	G	Carbohydrate transport and metabolism
NODE_41382_length_2624_cov_5.580381_2	COG2453	225297	3.35e-10	29.487	CDC14	Protein-tyrosine phosphatase	T	Signal transduction mechanisms
NODE_41382_length_2624_cov_5.580381_3	COG0778	223849	1.81e-22	24.537	NfnB	Nitroreductase	C	Energy production and conversion
NODE_41382_length_2624_cov_5.580381_4	COG0122	223200	8.51e-42	33.061	AlkA	3-methyladenine DNA glycosylase/8-oxoguanine DNA glycosylase	L	Replication, recombination and repair
NODE_41472_length_2619_cov_5.281981_1	COG0063	223141	7.98e-64	38.929	Nnr2	NAD(P)H-hydrate repair enzyme Nnr, NAD(P)H-hydrate dehydratase domain	F	Nucleotide transport and metabolism
NODE_41472_length_2619_cov_5.281981_2	COG1846	224759	2e-18	30.172	MarR	DNA-binding transcriptional regulator, MarR family	K	Transcription
NODE_41490_length_2618_cov_4.755365_3	COG1690	224604	6.84e-98	33.174	RtcB	RNA-splicing ligase RtcB, repairs tRNA damage	J	Translation, ribosomal structure and biogenesis
NODE_41947_length_2594_cov_4.326113_1	COG2226	225136	1.25e-18	27.922	UbiE	Ubiquinone/menaquinone biosynthesis C-methylase UbiE/MenG	H	Coenzyme transport and metabolism
NODE_41947_length_2594_cov_4.326113_2	COG1136	224059	8.86e-45	36.765	LolD	ABC-type lipoprotein export system, ATPase component	M	Cell wall/membrane/envelope biogenesis
NODE_41959_length_2594_cov_3.233557_1	COG0566	223640	8.47e-39	31.944	SpoU	tRNA G18 (ribose-2'-O)-methylase SpoU	J	Translation, ribosomal structure and biogenesis
NODE_41959_length_2594_cov_3.233557_3	COG3576	226105	0.008	22.785		Predicted flavin-nucleotide-binding protein, pyridoxine 5'-phosphate oxidase superfamily	R	General function prediction only
NODE_42066_length_2589_cov_6.172455_1	COG0318	223395	1.64e-160	42.777	MenE/FadK	O-succinylbenzoic acid-CoA ligase MenE or related acyl-CoA synthetase (AMP-forming)	I	Lipid transport and metabolism
NODE_42066_length_2589_cov_6.172455_3	COG1895	224807	0.000864	52.381	HEPN	HEPN domain protein, predicted toxin of MNT-HEPN system	V	Defense mechanisms
NODE_42091_length_2588_cov_4.204895_1	COG0047	223125	1.73e-100	56.5	PurL2	Phosphoribosylformylglycinamidine (FGAM) synthase, glutamine amidotransferase domain	F	Nucleotide transport and metabolism
NODE_42091_length_2588_cov_4.204895_3	COG0177	223255	1.17e-60	33.333	Nth	Endonuclease III	L	Replication, recombination and repair
NODE_42091_length_2588_cov_4.204895_4	COG0146	223224	3.21e-46	57.759	HyuB	N-methylhydantoinase B/oxoprolinase/acetone carboxylase, alpha subunit	E	Amino acid transport and metabolism
NODE_42259_length_2580_cov_5.293861_2	COG3794	226317	2.6e-15	32.468	PetE	Plastocyanin	C	Energy production and conversion
NODE_42281_length_2579_cov_4.555468_1	COG0178	223256	1.6e-88	63.694	UvrA	Excinuclease UvrABC ATPase subunit	L	Replication, recombination and repair
NODE_42377_length_2574_cov_3.009131_1	COG0547	223621	6.64e-139	51.917	TrpD	Anthranilate phosphoribosyltransferase, glycosyltransferase domain	E	Amino acid transport and metabolism
NODE_42377_length_2574_cov_3.009131_2	COG0512	223586	6.57e-117	63.636	PabA	Anthranilate/para-aminobenzoate synthase component II (glutamine amidotransferase)	E	Amino acid transport and metabolism
NODE_42377_length_2574_cov_3.009131_3	COG0147	223225	6.43e-61	63.91	TrpE	Anthranilate/para-aminobenzoate synthases component I	E	Amino acid transport and metabolism
NODE_42387_length_2573_cov_4.652105_1	COG0745	223816	1.3e-11	34.783	OmpR	DNA-binding response regulator, OmpR family, contains REC and winged-helix (wHTH) domain	T	Signal transduction mechanisms
NODE_42387_length_2573_cov_4.652105_2	COG1586	224502	5.3e-19	33.621	SpeD	S-adenosylmethionine decarboxylase	E	Amino acid transport and metabolism
NODE_42387_length_2573_cov_4.652105_4	COG1595	224511	1.08e-24	33.088	RpoE	DNA-directed RNA polymerase specialized sigma subunit, sigma24 family	K	Transcription
NODE_42449_length_2569_cov_5.819809_1	COG0642	223715	2.55e-43	32.422	BaeS	Signal transduction histidine kinase	T	Signal transduction mechanisms
NODE_42449_length_2569_cov_5.819809_2	COG1674	224588	6.79e-10	26.316	FtsK	DNA segregation ATPase FtsK/SpoIIIE or related protein	D	Cell cycle control, cell division, chromosome partitioning
NODE_42475_length_2568_cov_5.135296_1	COG1968	224879	2.08e-29	38.793	UppP	Undecaprenyl pyrophosphate phosphatase	I	Lipid transport and metabolism
NODE_42475_length_2568_cov_5.135296_2	COG3231	225771	2.9e-83	44.656	Aph	Aminoglycoside phosphotransferase	J	Translation, ribosomal structure and biogenesis
NODE_42475_length_2568_cov_5.135296_4	COG1159	224081	5.21e-19	34.211	Era	GTPase Era, involved in 16S rRNA processing	J	Translation, ribosomal structure and biogenesis
NODE_42549_length_2564_cov_6.261459_1	COG0215	223293	1.86e-61	49.624	CysS	Cysteinyl-tRNA synthetase	J	Translation, ribosomal structure and biogenesis
NODE_42563_length_2564_cov_3.070147_2	COG3548	226078	9.56e-25	28.289		Uncharacterized membrane protein	S	Function unknown
NODE_42563_length_2564_cov_3.070147_3	COG1231	224152	6.93e-62	34.219	YobN	Monoamine oxidase	E	Amino acid transport and metabolism
NODE_42633_length_2560_cov_4.597605_1	COG1215	224136	1.09e-15	23.529	BcsA	Glycosyltransferase, catalytic subunit of cellulose synthase and poly-beta-1,6-N-acetylglucosamine synthase	N	Cell motility
NODE_42633_length_2560_cov_4.597605_2	COG1215	224136	7.02e-15	23.622	BcsA	Glycosyltransferase, catalytic subunit of cellulose synthase and poly-beta-1,6-N-acetylglucosamine synthase	N	Cell motility
NODE_42802_length_2551_cov_4.135817_2	COG1595	224511	1.02e-25	33.526	RpoE	DNA-directed RNA polymerase specialized sigma subunit, sigma24 family	K	Transcription
NODE_42802_length_2551_cov_4.135817_3	COG4244	226695	2.93e-11	26.744		Uncharacterized membrane protein	S	Function unknown
NODE_42802_length_2551_cov_4.135817_4	COG0723	223795	5.89e-16	29.885	QcrA/PetC	Rieske Fe-S protein	C	Energy production and conversion
NODE_42847_length_2548_cov_6.782992_1	COG3093	225635	7.43e-18	31.683	VapI	Plasmid maintenance system antidote protein VapI, contains XRE-type HTH domain	V	Defense mechanisms
NODE_42847_length_2548_cov_6.782992_2	COG3549	226079	9.51e-14	33.75	HigB	Plasmid maintenance system killer protein	V	Defense mechanisms
NODE_42847_length_2548_cov_6.782992_3	COG2141	225052	2.33e-37	32.353	SsuD	Flavin-dependent oxidoreductase, luciferase family (includes alkanesulfonate monooxygenase SsuD and methylene tetrahydromethanopterin reductase)	H	Coenzyme transport and metabolism
NODE_42848_length_2548_cov_6.406739_1	COG1253	224173	4.58e-129	39.151	TlyC	Hemolysin-related protein, contains CBS domains, UPF0053 family	R	General function prediction only
NODE_42886_length_2546_cov_4.744681_2	COG3324	225861	7.83e-06	25.217	VOC	Lactoylglutathione lyase-related enzyme, vicinal oxygen chelate (VOC) family	R	General function prediction only
NODE_42886_length_2546_cov_4.744681_3	COG1024	223955	4.37e-55	39.301	CaiD	Enoyl-CoA hydratase/carnithine racemase	I	Lipid transport and metabolism
NODE_42886_length_2546_cov_4.744681_4	COG1217	224138	3.94e-115	53.982	TypA	Predicted membrane GTPase TypA/BipA involved in stress response	T	Signal transduction mechanisms
NODE_42923_length_2544_cov_5.010446_1	COG4636	226983	5.02e-18	20.297	Uma2	Endonuclease, Uma2 family (restriction endonuclease fold)	R	General function prediction only
NODE_42923_length_2544_cov_5.010446_2	COG0247	223325	2.11e-84	27.442	GlpC	Fe-S cluster-containing oxidoreductase, includes glycolate oxidase subunit GlcF	C	Energy production and conversion
NODE_42992_length_2540_cov_4.572233_2	COG2421	225279	5.91e-81	41.0	FmdA	Acetamidase/formamidase	C	Energy production and conversion
NODE_43012_length_2539_cov_3.575282_1	COG0154	223232	3.78e-66	40.506	GatA	Asp-tRNAAsn/Glu-tRNAGln amidotransferase A subunit or related amidase	J	Translation, ribosomal structure and biogenesis
NODE_43012_length_2539_cov_3.575282_2	COG1085	224010	1.25e-60	31.193	GalT	Galactose-1-phosphate uridylyltransferase	G	Carbohydrate transport and metabolism
NODE_43012_length_2539_cov_3.575282_3	COG0262	223340	0.000114	25.714	FolA	Dihydrofolate reductase	H	Coenzyme transport and metabolism
NODE_43029_length_2538_cov_3.923480_1	COG2183	225094	0.0	48.234	Tex	Transcriptional accessory protein Tex/SPT6	K	Transcription
NODE_43068_length_2536_cov_5.558243_1	COG4591	226957	0.00025	25.203	LolE	ABC-type transport system involved in lipoprotein release, permease component LolC	M	Cell wall/membrane/envelope biogenesis
NODE_43072_length_2536_cov_4.864974_1	COG1071	223997	1.9e-133	50.92	AcoA	TPP-dependent pyruvate or acetoin dehydrogenase subunit alpha	C	Energy production and conversion
NODE_43072_length_2536_cov_4.864974_3	COG1146	224069	7.02e-11	34.848	PreA	NAD-dependent dihydropyrimidine dehydrogenase, PreA subunit	F	Nucleotide transport and metabolism
NODE_43072_length_2536_cov_4.864974_6	COG1598	224514	6.27e-09	32.258	HicB	Antitoxin component HicB of the HicAB toxin-antitoxin system	V	Defense mechanisms
NODE_43075_length_2536_cov_3.875857_1	COG2259	225168	2.2e-06	23.226	DoxX	Uncharacterized membrane protein YphA, DoxX/SURF4 family	S	Function unknown
NODE_43075_length_2536_cov_3.875857_2	COG3877	226394	2.8e-24	36.09		Predicted DNA-binding transcriptional regulator with XRE-family HTH domain, DUF2089 family	K	Transcription
NODE_43075_length_2536_cov_3.875857_3	COG4758	227100	2.47e-08	26.882	LiaF	Membrane protein LiaF, inhibitor of the LiaRS two-component envelope stress sensory system	T	Signal transduction mechanisms
NODE_43287_length_2526_cov_4.877378_1	COG1584	224500	6.3e-38	41.711	SatP	Succinate-acetate transporter SatP	C	Energy production and conversion
NODE_43287_length_2526_cov_4.877378_2	COG0365	223442	0.0	46.218	Acs	Acyl-coenzyme A synthetase/AMP-(fatty) acid ligase	I	Lipid transport and metabolism
NODE_43363_length_2522_cov_4.927037_2	COG0714	223786	7.31e-23	28.571	MoxR	MoxR-like ATPase	R	General function prediction only
NODE_43458_length_2518_cov_4.152253_1	COG1432	224349	1.93e-11	31.132	LabA	NYN domain, predicted PIN-related RNAse, tRNA/rRNA maturation	R	General function prediction only
NODE_43458_length_2518_cov_4.152253_3	COG1595	224511	1.56e-18	34.426	RpoE	DNA-directed RNA polymerase specialized sigma subunit, sigma24 family	K	Transcription
NODE_43503_length_2516_cov_4.744007_1	COG0364	223441	0.0	44.093	Zwf	Glucose-6-phosphate 1-dehydrogenase	G	Carbohydrate transport and metabolism
NODE_43543_length_2514_cov_5.310289_1	COG4123	226608	3.79e-05	29.167	TrmN6	tRNA1(Val) A37 N6-methylase TrmN6	J	Translation, ribosomal structure and biogenesis
NODE_43543_length_2514_cov_5.310289_2	COG0438	223515	8.52e-40	24.485	RfaB	Glycosyltransferase involved in cell wall bisynthesis	M	Cell wall/membrane/envelope biogenesis
NODE_43582_length_2512_cov_5.801791_2	COG0596	223669	6.37e-29	26.298	MenH	2-succinyl-6-hydroxy-2,4-cyclohexadiene-1-carboxylate synthase MenH and related esterases, alpha/beta hydrolase fold	H	Coenzyme transport and metabolism
NODE_43619_length_2511_cov_4.792752_1	COG0671	223743	0.005	48.485	PgpB	Membrane-associated phospholipid phosphatase	I	Lipid transport and metabolism
NODE_43619_length_2511_cov_4.792752_4	COG0414	223491	4.56e-129	52.297	PanC	Panthothenate synthetase	H	Coenzyme transport and metabolism
NODE_43619_length_2511_cov_4.792752_5	COG5464	227751	0.005	22.826	RpnC	Recombination-promoting DNA endonuclease RpnC/YadD	L	Replication, recombination and repair
NODE_43856_length_2500_cov_4.323926_1	COG2334	225213	0.000489	25.714	SrkA	Ser/Thr protein kinase RdoA involved in Cpx stress response, MazF antagonist	T	Signal transduction mechanisms
NODE_43856_length_2500_cov_4.323926_2	COG2334	225213	3.79e-05	22.881	SrkA	Ser/Thr protein kinase RdoA involved in Cpx stress response, MazF antagonist	T	Signal transduction mechanisms
NODE_43856_length_2500_cov_4.323926_3	COG0583	223656	5.94e-14	50.0	LysR	DNA-binding transcriptional regulator, LysR family	K	Transcription
NODE_43856_length_2500_cov_4.323926_4	COG0631	223704	2.5e-61	35.484	PTC1	Serine/threonine protein phosphatase PrpC	T	Signal transduction mechanisms
NODE_43871_length_2499_cov_6.862520_1	COG0108	223186	4.41e-111	60.294	RibB	3,4-dihydroxy-2-butanone 4-phosphate synthase	H	Coenzyme transport and metabolism
NODE_43871_length_2499_cov_6.862520_2	COG4447	226855	0.006	20.946		Uncharacterized conserved protein related to plant photosystem II stability/assembly factor	R	General function prediction only
NODE_43954_length_2496_cov_3.648095_1	COG1466	224383	1.36e-32	27.437	HolA	DNA polymerase III, delta subunit	L	Replication, recombination and repair
NODE_43954_length_2496_cov_3.648095_4	COG0240	223318	4.57e-65	47.458	GpsA	Glycerol-3-phosphate dehydrogenase	C	Energy production and conversion
NODE_44084_length_2490_cov_4.230390_1	COG1468	224385	3.59e-20	27.807	Cas4	CRISPR/Cas system-associated exonuclease Cas4, RecB family	V	Defense mechanisms
NODE_44084_length_2490_cov_4.230390_2	COG1518	224435	1.2e-75	34.402	Cas1	CRISPR-Cas system-associated integrase Cas1	V	Defense mechanisms
NODE_44084_length_2490_cov_4.230390_3	COG1343	224262	1.4e-19	42.466	Cas2	CRISPR/Cas system-associated endoribonuclease Cas2	V	Defense mechanisms
NODE_44099_length_2489_cov_5.850041_1	COG0340	223417	2.22e-14	46.939	BirA2	Biotin-(acetyl-CoA carboxylase) ligase	H	Coenzyme transport and metabolism
NODE_44099_length_2489_cov_5.850041_2	COG1432	224349	2.66e-18	24.294	LabA	NYN domain, predicted PIN-related RNAse, tRNA/rRNA maturation	R	General function prediction only
NODE_44099_length_2489_cov_5.850041_3	COG2227	225137	7.77e-07	43.59	UbiG	2-polyprenyl-3-methyl-5-hydroxy-6-metoxy-1,4-benzoquinol methylase	H	Coenzyme transport and metabolism
NODE_44099_length_2489_cov_5.850041_5	COG1290	224209	1.36e-06	22.973	QcrB/PetB	Cytochrome b subunit of the bc complex	C	Energy production and conversion
NODE_44173_length_2486_cov_4.881119_2	COG3408	225942	7.97e-104	33.269	GDB1	Glycogen debranching enzyme (alpha-1,6-glucosidase)	G	Carbohydrate transport and metabolism
NODE_44197_length_2485_cov_5.062140_2	COG2217	225127	9.93e-15	20.402	ZntA	Cation-transporting P-type ATPase	P	Inorganic ion transport and metabolism
NODE_44235_length_2483_cov_5.273476_1	COG0441	223518	2.02e-11	32.653	ThrS	Threonyl-tRNA synthetase	J	Translation, ribosomal structure and biogenesis
NODE_44235_length_2483_cov_5.273476_4	COG1670	224584	0.001	25.6	RimL	Protein N-acetyltransferase, RimJ/RimL family	J	Translation, ribosomal structure and biogenesis
NODE_44235_length_2483_cov_5.273476_5	COG0456	223532	1.1e-10	27.778	RimI	Ribosomal protein S18 acetylase RimI and related acetyltransferases	J	Translation, ribosomal structure and biogenesis
NODE_44581_length_2468_cov_3.354745_1	COG1410	224328	0.0	36.201	MetH2	Methionine synthase I, cobalamin-binding domain	E	Amino acid transport and metabolism
NODE_44591_length_2467_cov_5.403400_2	COG0745	223816	3.11e-38	45.902	OmpR	DNA-binding response regulator, OmpR family, contains REC and winged-helix (wHTH) domain	T	Signal transduction mechanisms
NODE_44591_length_2467_cov_5.403400_3	COG1051	223979	1.51e-30	35.385	YjhB	ADP-ribose pyrophosphatase YjhB, NUDIX family	F	Nucleotide transport and metabolism
NODE_44593_length_2467_cov_4.905887_1	COG0515	223589	1.48e-33	29.104	SPS1	Serine/threonine protein kinase	T	Signal transduction mechanisms
NODE_44593_length_2467_cov_4.905887_2	COG1960	224871	1.04e-94	45.133	CaiA	Acyl-CoA dehydrogenase related to the alkylation response protein AidB	I	Lipid transport and metabolism
NODE_44846_length_2457_cov_5.028310_1	COG0183	223261	1.6e-89	43.771	PaaJ	Acetyl-CoA acetyltransferase	I	Lipid transport and metabolism
NODE_44846_length_2457_cov_5.028310_2	COG2050	224961	2.39e-07	37.5	PaaI	Acyl-CoA thioesterase PaaI, contains HGG motif	Q	Secondary metabolites biosynthesis, transport and catabolism
NODE_44846_length_2457_cov_5.028310_3	COG1960	224871	3.09e-16	48.0	CaiA	Acyl-CoA dehydrogenase related to the alkylation response protein AidB	I	Lipid transport and metabolism
NODE_45029_length_2449_cov_6.557644_1	COG1131	224054	2.67e-94	47.162	CcmA	ABC-type multidrug transport system, ATPase component	V	Defense mechanisms
NODE_45029_length_2449_cov_6.557644_3	COG1846	224759	5.77e-13	40.816	MarR	DNA-binding transcriptional regulator, MarR family	K	Transcription
NODE_45129_length_2445_cov_5.547280_1	COG1595	224511	4e-15	34.375	RpoE	DNA-directed RNA polymerase specialized sigma subunit, sigma24 family	K	Transcription
NODE_45129_length_2445_cov_5.547280_3	COG5646	227933	5.1e-36	38.462	Fra	Iron-binding protein Fra/YdhG, frataxin family (Fe-S cluster biosynthesis)	O	Posttranslational modification, protein turnover, chaperones
NODE_45133_length_2445_cov_4.792050_3	COG1295	224214	1.17e-20	25.547	BrkB	Uncharacterized membrane protein, BrkB/YihY/UPF0761 family (not an RNase)	S	Function unknown
NODE_45155_length_2444_cov_6.331519_1	COG0498	223572	9.39e-36	39.64	ThrC	Threonine synthase	E	Amino acid transport and metabolism
NODE_45155_length_2444_cov_6.331519_3	COG4974	227308	2.43e-35	30.657	XerD	Site-specific recombinase XerD	L	Replication, recombination and repair
NODE_45371_length_2435_cov_5.243697_1	COG1732	224646	1.8e-41	38.068	OsmF	Periplasmic glycine betaine/choline-binding (lipo)protein of an ABC-type transport system (osmoprotectant binding protein)	M	Cell wall/membrane/envelope biogenesis
NODE_45371_length_2435_cov_5.243697_2	COG1174	224095	5.88e-43	44.681	OpuBB	ABC-type proline/glycine betaine transport system, permease component	E	Amino acid transport and metabolism
NODE_45371_length_2435_cov_5.243697_3	COG1174	224095	3.53e-44	47.396	OpuBB	ABC-type proline/glycine betaine transport system, permease component	E	Amino acid transport and metabolism
NODE_45371_length_2435_cov_5.243697_4	COG1125	224050	1.34e-10	26.374	OpuBA	ABC-type proline/glycine betaine transport system, ATPase component	E	Amino acid transport and metabolism
NODE_45619_length_2424_cov_4.630224_1	COG2141	225052	7.42e-48	32.4	SsuD	Flavin-dependent oxidoreductase, luciferase family (includes alkanesulfonate monooxygenase SsuD and methylene tetrahydromethanopterin reductase)	H	Coenzyme transport and metabolism
NODE_45619_length_2424_cov_4.630224_2	COG4447	226855	1.59e-07	24.852		Uncharacterized conserved protein related to plant photosystem II stability/assembly factor	R	General function prediction only
NODE_45934_length_2411_cov_4.840407_1	COG0784	223855	5.6e-11	24.348	CheY	CheY-like REC (receiver) domain, includes chemotaxis protein CheY  and sporulation regulator Spo0F	T	Signal transduction mechanisms
NODE_45934_length_2411_cov_4.840407_2	COG2220	225130	6.32e-20	21.887	UlaG	L-ascorbate lactonase UlaG, metallo-beta-lactamase superfamily	G	Carbohydrate transport and metabolism
NODE_45965_length_2410_cov_4.775372_1	COG2205	225115	3.54e-30	30.396	KdpD	K+-sensing histidine kinase KdpD	T	Signal transduction mechanisms
NODE_45965_length_2410_cov_4.775372_2	COG0745	223816	5.58e-29	39.655	OmpR	DNA-binding response regulator, OmpR family, contains REC and winged-helix (wHTH) domain	T	Signal transduction mechanisms
NODE_45986_length_2409_cov_4.917162_1	COG1131	224054	1.13e-47	37.158	CcmA	ABC-type multidrug transport system, ATPase component	V	Defense mechanisms
NODE_45986_length_2409_cov_4.917162_3	COG1309	224228	6.87e-15	23.98	AcrR	DNA-binding protein, AcrR family, includes nucleoid occlusion protein SlmA	K	Transcription
NODE_46210_length_2400_cov_6.266098_2	COG1595	224511	2.66e-34	36.111	RpoE	DNA-directed RNA polymerase specialized sigma subunit, sigma24 family	K	Transcription
NODE_46362_length_2394_cov_5.439932_1	COG1357	224276	3.27e-19	31.293	YjbI	Uncharacterized conserved protein YjbI, contains pentapeptide repeats	S	Function unknown
NODE_46384_length_2393_cov_5.093670_1	COG0366	223443	1.01e-53	26.77	AmyA	Glycosidase/amylase (phosphorylase)	G	Carbohydrate transport and metabolism
NODE_46384_length_2393_cov_5.093670_2	COG3000	225546	4.98e-30	25.461	ERG3	Sterol desaturase/sphingolipid hydroxylase, fatty acid hydroxylase superfamily	I	Lipid transport and metabolism
NODE_46442_length_2391_cov_3.976027_3	COG2319	225201	1.32e-42	32.595	WD40	WD40 repeat	R	General function prediction only
NODE_46835_length_2374_cov_5.244071_1	COG1189	224110	3.84e-85	50.45	YqxC	Predicted rRNA methylase YqxC, contains S4 and FtsJ domains	J	Translation, ribosomal structure and biogenesis
NODE_46835_length_2374_cov_5.244071_4	COG0770	223841	2.13e-23	39.286	MurF	UDP-N-acetylmuramyl pentapeptide synthase	M	Cell wall/membrane/envelope biogenesis
NODE_47171_length_2360_cov_4.567028_1	COG0563	223637	1.24e-13	20.482	Adk	Adenylate kinase or related kinase	F	Nucleotide transport and metabolism
NODE_47171_length_2360_cov_4.567028_2	COG1501	224418	1.37e-103	33.787	YicI	Alpha-glucosidase/xylosidase, GH31 family	G	Carbohydrate transport and metabolism
NODE_47213_length_2358_cov_5.126791_3	COG2312	225194	0.005	21.429	YbfO	Erythromycin esterase homolog	Q	Secondary metabolites biosynthesis, transport and catabolism
NODE_47295_length_2355_cov_2.783478_3	COG5557	227844	2.57e-13	18.64	HybB	Ni/Fe-hydrogenase 2 integral membrane subunit HybB	C	Energy production and conversion
NODE_47343_length_2352_cov_5.454506_1	COG0642	223715	8.77e-19	36.486	BaeS	Signal transduction histidine kinase	T	Signal transduction mechanisms
NODE_47731_length_2338_cov_4.028471_3	COG0664	223736	1.22e-25	30.597	Crp	cAMP-binding domain of CRP or a regulatory subunit of cAMP-dependent protein kinases	T	Signal transduction mechanisms
NODE_47731_length_2338_cov_4.028471_4	COG2226	225136	6.05e-78	40.948	UbiE	Ubiquinone/menaquinone biosynthesis C-methylase UbiE/MenG	H	Coenzyme transport and metabolism
NODE_47731_length_2338_cov_4.028471_5	COG0142	223220	8.6e-49	29.744	IspA	Geranylgeranyl pyrophosphate synthase	H	Coenzyme transport and metabolism
NODE_47875_length_2332_cov_5.278876_1	COG0010	223089	3.02e-54	34.866	SpeB	Arginase/agmatinase family enzyme	E	Amino acid transport and metabolism
NODE_47875_length_2332_cov_5.278876_2	COG0492	223566	1.33e-129	52.614	TrxB	Thioredoxin reductase	O	Posttranslational modification, protein turnover, chaperones
NODE_47877_length_2332_cov_5.228810_2	COG1914	224826	5.99e-92	41.769	MntH	Mn2+ or Fe2+ transporter, NRAMP family	P	Inorganic ion transport and metabolism
NODE_47884_length_2332_cov_4.188845_2	COG0605	223678	1.19e-113	57.073	SodA	Superoxide dismutase	P	Inorganic ion transport and metabolism
NODE_47884_length_2332_cov_4.188845_4	COG2154	225065	1.38e-37	47.253	PhhB	Pterin-4a-carbinolamine dehydratase	H	Coenzyme transport and metabolism
NODE_47947_length_2329_cov_5.314864_2	COG2197	225107	1.02e-43	33.486	CitB	DNA-binding response regulator, NarL/FixJ family, contains REC and HTH domains	T	Signal transduction mechanisms
NODE_47947_length_2329_cov_5.314864_3	COG4585	226951	1.92e-32	25.132	ComP	Signal transduction histidine kinase ComP	T	Signal transduction mechanisms
NODE_47965_length_2328_cov_5.161461_1	COG2348	225224	0.006	28.07	FmhB	Lipid II:glycine glycyltransferase (Peptidoglycan interpeptide bridge formation enzyme)	M	Cell wall/membrane/envelope biogenesis
NODE_47965_length_2328_cov_5.161461_2	COG2204	225114	5.16e-17	32.479	AtoC	DNA-binding transcriptional response regulator, NtrC family, contains REC, AAA-type ATPase, and a Fis-type DNA-binding domains	T	Signal transduction mechanisms
NODE_47965_length_2328_cov_5.161461_3	COG1285	224204	8.9e-20	40.517	SapB	Magnesium uptake protein YhiD/SapB, involved in acid resistance	P	Inorganic ion transport and metabolism
NODE_47965_length_2328_cov_5.161461_4	COG1893	224805	1.94e-19	21.705	PanE	Ketopantoate reductase	H	Coenzyme transport and metabolism
NODE_47969_length_2328_cov_4.795864_3	COG3744	226267	5.67e-16	27.344		PIN domain nuclease, a component of toxin-antitoxin system (PIN domain)	V	Defense mechanisms
NODE_48176_length_2319_cov_4.882067_2	COG0842	223912	3.78e-15	20.426	YadH	ABC-type multidrug transport system, permease component	V	Defense mechanisms
NODE_48176_length_2319_cov_4.882067_3	COG1131	224054	2.72e-81	41.315	CcmA	ABC-type multidrug transport system, ATPase component	V	Defense mechanisms
NODE_48190_length_2319_cov_3.323763_1	COG3127	225669	8.16e-20	24.948	YbbP	Predicted ABC-type transport system involved in lysophospholipase L1 biosynthesis, permease component	Q	Secondary metabolites biosynthesis, transport and catabolism
NODE_48208_length_2318_cov_4.379585_1	COG0789	223860	5e-22	38.0	SoxR	DNA-binding transcriptional regulator, MerR family	K	Transcription
NODE_48208_length_2318_cov_4.379585_2	COG5504	227791	8.56e-33	34.615	YjaZ	Predicted Zn-dependent protease YjaZ, DUF2268 family	R	General function prediction only
NODE_48208_length_2318_cov_4.379585_3	COG0480	223556	4.63e-61	41.919	FusA	Translation elongation factor EF-G, a GTPase	J	Translation, ribosomal structure and biogenesis
NODE_48232_length_2317_cov_4.204686_1	COG0457	223533	2.73e-12	23.864	TPR	Tetratricopeptide (TPR) repeat	R	General function prediction only
NODE_48232_length_2317_cov_4.204686_2	COG2015	224926	6.3e-49	29.577	BDS1	Alkyl sulfatase BDS1 and related hydrolases, metallo-beta-lactamase superfamily	Q	Secondary metabolites biosynthesis, transport and catabolism
NODE_48280_length_2315_cov_5.576991_1	COG5464	227751	0.002	37.143	RpnC	Recombination-promoting DNA endonuclease RpnC/YadD	L	Replication, recombination and repair
NODE_48280_length_2315_cov_5.576991_2	COG0491	223565	6.4e-14	26.154	GloB	Glyoxylase or a related metal-dependent hydrolase, beta-lactamase superfamily II	R	General function prediction only
NODE_48287_length_2315_cov_4.453097_1	COG0568	223642	1.81e-40	41.317	RpoD	DNA-directed RNA polymerase, sigma subunit (sigma70/sigma32)	K	Transcription
NODE_48287_length_2315_cov_4.453097_3	COG1225	224146	5.31e-09	51.351	Bcp	Peroxiredoxin	O	Posttranslational modification, protein turnover, chaperones
NODE_48287_length_2315_cov_4.453097_4	COG1225	224146	6.88e-09	22.33	Bcp	Peroxiredoxin	O	Posttranslational modification, protein turnover, chaperones
NODE_48287_length_2315_cov_4.453097_5	COG0520	223594	5.33e-47	39.873	CsdA	Selenocysteine lyase/Cysteine desulfurase	E	Amino acid transport and metabolism
NODE_48346_length_2313_cov_5.019043_1	COG1960	224871	2.83e-52	48.824	CaiA	Acyl-CoA dehydrogenase related to the alkylation response protein AidB	I	Lipid transport and metabolism
NODE_48346_length_2313_cov_5.019043_2	COG2030	224941	3.5e-06	24.409	MaoC	Acyl-CoA dehydratase PaaZ	I	Lipid transport and metabolism
NODE_48346_length_2313_cov_5.019043_3	COG2030	224941	7.04e-19	32.414	MaoC	Acyl-CoA dehydratase PaaZ	I	Lipid transport and metabolism
NODE_48346_length_2313_cov_5.019043_4	COG0457	223533	8.31e-05	30.612	TPR	Tetratricopeptide (TPR) repeat	R	General function prediction only
NODE_48537_length_2306_cov_4.994669_2	COG5650	227937	8.42e-10	29.31		Uncharacterized membrane protein	S	Function unknown
NODE_48537_length_2306_cov_4.994669_3	COG1171	224092	9.34e-59	54.745	IlvA	Threonine deaminase	E	Amino acid transport and metabolism
NODE_48726_length_2299_cov_5.102050_1	COG1595	224511	1.33e-08	27.632	RpoE	DNA-directed RNA polymerase specialized sigma subunit, sigma24 family	K	Transcription
NODE_48726_length_2299_cov_5.102050_2	COG5662	227949	3.94e-08	17.6	RsiW	Transmembrane transcriptional regulator RsiW (anti-sigma-W factor)	K	Transcription
NODE_48726_length_2299_cov_5.102050_3	COG0652	223725	3.83e-44	48.387	PpiB	Peptidyl-prolyl cis-trans isomerase (rotamase) - cyclophilin family	O	Posttranslational modification, protein turnover, chaperones
NODE_48728_length_2299_cov_4.816399_2	COG0308	223385	2.71e-110	30.37	PepN	Aminopeptidase N, contains DUF3458 domain	E	Amino acid transport and metabolism
NODE_48798_length_2296_cov_6.066934_4	COG0285	223362	2.53e-100	38.42	FolC	Folylpolyglutamate synthase/Dihydropteroate synthase	H	Coenzyme transport and metabolism
NODE_48828_length_2295_cov_4.460714_1	COG0498	223572	1.36e-101	40.327	ThrC	Threonine synthase	E	Amino acid transport and metabolism
NODE_48828_length_2295_cov_4.460714_2	COG0527	223601	1.87e-72	38.889	MetL1	Aspartate kinase	E	Amino acid transport and metabolism
NODE_48831_length_2295_cov_3.768750_1	COG0840	223910	1.85e-48	37.945	Tar	Methyl-accepting chemotaxis protein (MCP)	T	Signal transduction mechanisms
NODE_48831_length_2295_cov_3.768750_2	COG0138	223216	1.24e-102	54.26	PurH	AICAR transformylase/IMP cyclohydrolase PurH	F	Nucleotide transport and metabolism
NODE_48976_length_2289_cov_5.179499_1	COG1729	224643	4.04e-05	26.897	CpoB	Cell division protein CpoB, coordinates peptidoglycan biosynthesis and outer membrane constriction	D	Cell cycle control, cell division, chromosome partitioning
NODE_48976_length_2289_cov_5.179499_3	COG0251	223329	4.11e-17	50.0	RidA	Enamine deaminase RidA, house cleaning of reactive enamine intermediates, YjgF/YER057c/UK114 family	V	Defense mechanisms
NODE_49232_length_2279_cov_5.319245_2	COG1520	224437	5.16e-06	26.786	PQQ	Outer membrane protein assembly factor BamB, contains PQQ-like beta-propeller repeat	M	Cell wall/membrane/envelope biogenesis
NODE_49435_length_2272_cov_4.042400_2	COG0248	223326	2.63e-23	42.188	GppA	Exopolyphosphatase/pppGpp-phosphohydrolase	F	Nucleotide transport and metabolism
NODE_49435_length_2272_cov_4.042400_3	COG5607	227894	6.83e-08	52.083	CHAD	CHAD domain, binds inorganic polyphosphates	S	Function unknown
NODE_49435_length_2272_cov_4.042400_4	COG5607	227894	2.59e-11	35.772	CHAD	CHAD domain, binds inorganic polyphosphates	S	Function unknown
NODE_49484_length_2270_cov_6.918284_2	COG3854	226372	3.86e-79	47.449	SpoIIIAA	Stage III sporulation protein SpoIIIAA	D	Cell cycle control, cell division, chromosome partitioning
NODE_49579_length_2267_cov_3.964286_3	COG2110	225021	1.21e-16	22.543	YmdB	O-acetyl-ADP-ribose deacetylase (regulator of RNase III), contains Macro domain	J	Translation, ribosomal structure and biogenesis
NODE_49579_length_2267_cov_3.964286_4	COG1309	224228	8.31e-13	36.0	AcrR	DNA-binding protein, AcrR family, includes nucleoid occlusion protein SlmA	K	Transcription
NODE_49637_length_2265_cov_4.156109_2	COG1396	224314	0.000783	32.558	HipB	Transcriptional regulator, contains XRE-family HTH domain	K	Transcription
NODE_49637_length_2265_cov_4.156109_3	COG0596	223669	2.4e-39	25.532	MenH	2-succinyl-6-hydroxy-2,4-cyclohexadiene-1-carboxylate synthase MenH and related esterases, alpha/beta hydrolase fold	H	Coenzyme transport and metabolism
NODE_49640_length_2265_cov_3.671946_1	COG0028	223107	0.0	41.231	IlvB	Acetolactate synthase large subunit or other thiamine pyrophosphate-requiring enzyme	E	Amino acid transport and metabolism
NODE_49640_length_2265_cov_3.671946_2	COG1012	223944	2.07e-45	41.026	AdhE	Acyl-CoA reductase or other NAD-dependent aldehyde dehydrogenase	I	Lipid transport and metabolism
NODE_49687_length_2263_cov_4.843297_1	COG0744	223815	0.002	70.588	MrcB	Penicillin-binding protein 1B/1F, peptidoglycan  transglycosylase/transpeptidase	M	Cell wall/membrane/envelope biogenesis
NODE_49687_length_2263_cov_4.843297_2	COG0730	223802	7.05e-21	28.75	TauE	Sulfite exporter TauE/SafE/YfcA and related permeases, UPF0721 family	P	Inorganic ion transport and metabolism
NODE_49687_length_2263_cov_4.843297_3	COG0583	223656	1.42e-33	39.735	LysR	DNA-binding transcriptional regulator, LysR family	K	Transcription
NODE_49974_length_2253_cov_4.816652_1	COG0741	223812	1.71e-16	31.304	MltE	Soluble lytic murein transglycosylase or regulatory protein s ( may contain LysM/invasin domain)	M	Cell wall/membrane/envelope biogenesis
NODE_49974_length_2253_cov_4.816652_2	COG1960	224871	1.87e-94	48.754	CaiA	Acyl-CoA dehydrogenase related to the alkylation response protein AidB	I	Lipid transport and metabolism
NODE_50005_length_2252_cov_5.002731_1	COG0675	223747	2.05e-25	28.846	InsQ	Transposase	X	Mobilome: prophages, transposons
NODE_50005_length_2252_cov_5.002731_3	COG2204	225114	1.89e-15	32.836	AtoC	DNA-binding transcriptional response regulator, NtrC family, contains REC, AAA-type ATPase, and a Fis-type DNA-binding domains	T	Signal transduction mechanisms
NODE_50005_length_2252_cov_5.002731_4	COG0701	223773	5.71e-28	29.796	YraQ	Uncharacterized membrane protein YraQ, UPF0718 family	S	Function unknown
NODE_50064_length_2250_cov_6.733030_2	COG1403	224321	1.67e-09	35.821	McrA	5-methylcytosine-specific restriction endonuclease McrA	V	Defense mechanisms
NODE_50064_length_2250_cov_6.733030_3	COG1006	223938	0.008	28.571	MnhC	Multisubunit Na+/H+ antiporter, MnhC subunit	P	Inorganic ion transport and metabolism
NODE_50066_length_2250_cov_5.605467_3	COG0596	223669	4.66e-29	28.72	MenH	2-succinyl-6-hydroxy-2,4-cyclohexadiene-1-carboxylate synthase MenH and related esterases, alpha/beta hydrolase fold	H	Coenzyme transport and metabolism
NODE_50091_length_2249_cov_6.375114_1	COG3209	225750	0.002	44.118	RhsA	Uncharacterized conserved protein RhaS, contains 28 RHS repeats	R	General function prediction only
NODE_50091_length_2249_cov_6.375114_2	COG0662	223734	3.18e-09	27.119	ManC	Mannose-6-phosphate isomerase, cupin superfamily	G	Carbohydrate transport and metabolism
NODE_50091_length_2249_cov_6.375114_4	COG0622	223695	3.05e-05	21.667	YfcE	Predicted phosphodiesterase, calcineurin family	R	General function prediction only
NODE_50091_length_2249_cov_6.375114_6	COG0769	223840	9.19e-16	35.616	MurE	UDP-N-acetylmuramyl tripeptide synthase	M	Cell wall/membrane/envelope biogenesis
NODE_50124_length_2248_cov_4.815777_1	COG0472	223548	3.4e-15	28.994	Rfe	UDP-N-acetylmuramyl pentapeptide phosphotransferase/UDP-N-acetylglucosamine-1-phosphate transferase	M	Cell wall/membrane/envelope biogenesis
NODE_50124_length_2248_cov_4.815777_3	COG0823	223893	0.003	15.385	TolB	Periplasmic component TolB of the Tol biopolymer transport system	U	Intracellular trafficking, secretion, and vesicular transport
NODE_50180_length_2245_cov_5.929224_3	COG1327	224246	1.04e-50	51.515	NrdR	Transcriptional regulator NrdR, contains Zn-ribbon and ATP-cone domains	K	Transcription
NODE_50438_length_2236_cov_4.430078_1	COG0644	223717	0.003	36.111	FixC	Dehydrogenase (flavoprotein)	C	Energy production and conversion
NODE_50438_length_2236_cov_4.430078_4	COG3461	225992	4.52e-37	50.485		Uncharacterized conserved protein	S	Function unknown
NODE_50567_length_2232_cov_6.331190_2	COG0587	223660	1.77e-155	53.034	DnaE	DNA polymerase III, alpha subunit	L	Replication, recombination and repair
NODE_50581_length_2232_cov_3.772164_2	COG0643	223716	3.91e-12	21.612	CheA	Chemotaxis protein histidine kinase CheA	T	Signal transduction mechanisms
NODE_50680_length_2228_cov_4.819144_1	COG1475	224392	3.14e-49	32.184	Spo0J	Chromosome segregation protein Spo0J, contains ParB-like nuclease domain	D	Cell cycle control, cell division, chromosome partitioning
NODE_50680_length_2228_cov_4.819144_2	COG1192	224113	9.84e-92	42.292	ParA	ParA-like ATPase involved in chromosome/plasmid partitioning or cellulose biosynthesis protein BcsQ	D	Cell cycle control, cell division, chromosome partitioning
NODE_50709_length_2227_cov_4.895028_1	COG1686	224600	0.000697	46.875	DacC	D-alanyl-D-alanine carboxypeptidase	M	Cell wall/membrane/envelope biogenesis
NODE_50709_length_2227_cov_4.895028_2	COG3852	226370	5.62e-17	25.362	NtrB	Signal transduction histidine kinase NtrB, nitrogen specific	T	Signal transduction mechanisms
NODE_50766_length_2225_cov_4.724885_1	COG0264	223342	1.07e-49	26.408	Tsf	Translation elongation factor EF-Ts	J	Translation, ribosomal structure and biogenesis
NODE_50766_length_2225_cov_4.724885_2	COG0052	223130	2.54e-135	58.333	RpsB	Ribosomal protein S2	J	Translation, ribosomal structure and biogenesis
NODE_50766_length_2225_cov_4.724885_3	COG2197	225107	8.75e-30	48.958	CitB	DNA-binding response regulator, NarL/FixJ family, contains REC and HTH domains	T	Signal transduction mechanisms
NODE_50845_length_2222_cov_5.790032_1	COG0438	223515	4.54e-17	41.026	RfaB	Glycosyltransferase involved in cell wall bisynthesis	M	Cell wall/membrane/envelope biogenesis
NODE_50851_length_2222_cov_4.550069_2	COG3118	225660	2.54e-36	44.144	CnoX	Chaperedoxin CnoX, contains thioredoxin-like and TPR-like domains, YbbN/TrxSC family	O	Posttranslational modification, protein turnover, chaperones
NODE_50851_length_2222_cov_4.550069_3	COG1937	224848	3.52e-20	46.774	FrmR	DNA-binding transcriptional regulator, FrmR family	K	Transcription
NODE_50851_length_2222_cov_4.550069_4	COG1482	224399	1.25e-28	44.915	ManA	Mannose-6-phosphate isomerase, class I	G	Carbohydrate transport and metabolism
NODE_50943_length_2219_cov_4.996765_1	COG2339	225217	1.61e-05	24.54	PrsW	Membrane proteinase PrsW, cleaves anti-sigma factor RsiW, M82 family	T	Signal transduction mechanisms
NODE_50943_length_2219_cov_4.996765_3	COG0477	223553	0.009	18.817	ProP	MFS family permease, includes anhydromuropeptide permease AmpG	G	Carbohydrate transport and metabolism
NODE_50980_length_2218_cov_4.641239_1	COG2204	225114	5.95e-15	29.508	AtoC	DNA-binding transcriptional response regulator, NtrC family, contains REC, AAA-type ATPase, and a Fis-type DNA-binding domains	T	Signal transduction mechanisms
NODE_50980_length_2218_cov_4.641239_2	COG2008	224919	7.36e-39	29.126	GLY1	Threonine aldolase	E	Amino acid transport and metabolism
NODE_51036_length_2216_cov_5.039334_2	COG0784	223855	8.28e-14	29.365	CheY	CheY-like REC (receiver) domain, includes chemotaxis protein CheY  and sporulation regulator Spo0F	T	Signal transduction mechanisms
NODE_51036_length_2216_cov_5.039334_3	COG0745	223816	7.53e-27	33.333	OmpR	DNA-binding response regulator, OmpR family, contains REC and winged-helix (wHTH) domain	T	Signal transduction mechanisms
NODE_51073_length_2215_cov_5.306019_3	COG0621	223694	8.15e-145	40.288	MiaB	tRNA A37 methylthiotransferase MiaB	J	Translation, ribosomal structure and biogenesis
NODE_51103_length_2214_cov_3.928208_1	COG2262	225171	2.13e-51	55.28	HflX	50S ribosomal subunit-associated GTPase HflX	J	Translation, ribosomal structure and biogenesis
NODE_51103_length_2214_cov_3.928208_2	COG4221	226674	1.4e-38	40.12	YdfG	NADP-dependent 3-hydroxy acid dehydrogenase YdfG	C	Energy production and conversion
NODE_51103_length_2214_cov_3.928208_3	COG1309	224228	4.11e-09	21.818	AcrR	DNA-binding protein, AcrR family, includes nucleoid occlusion protein SlmA	K	Transcription
NODE_51159_length_2212_cov_4.282800_1	COG0467	223543	1.05e-05	28.972	RAD55	RecA-superfamily ATPase, KaiC/GvpD/RAD55 family	T	Signal transduction mechanisms
NODE_51159_length_2212_cov_4.282800_2	COG1215	224136	7.44e-50	26.761	BcsA	Glycosyltransferase, catalytic subunit of cellulose synthase and poly-beta-1,6-N-acetylglucosamine synthase	N	Cell motility
NODE_51185_length_2211_cov_4.653525_1	COG2814	225371	1.21e-15	26.601	AraJ	Predicted arabinose efflux permease AraJ, MFS family	G	Carbohydrate transport and metabolism
NODE_51185_length_2211_cov_4.653525_2	COG0030	223109	1.97e-81	40.0	RsmA	16S rRNA A1518 and A1519 N6-dimethyltransferase RsmA/KsgA/DIM1 (may also have DNA glycosylase/AP lyase activity)	J	Translation, ribosomal structure and biogenesis
NODE_51231_length_2210_cov_3.460325_1	COG0463	223539	1.03e-30	40.777	WcaA	Glycosyltransferase involved in cell wall bisynthesis	M	Cell wall/membrane/envelope biogenesis
NODE_51231_length_2210_cov_3.460325_2	COG1595	224511	1.87e-31	32.353	RpoE	DNA-directed RNA polymerase specialized sigma subunit, sigma24 family	K	Transcription
NODE_51231_length_2210_cov_3.460325_3	COG5662	227949	0.001	32.143	RsiW	Transmembrane transcriptional regulator RsiW (anti-sigma-W factor)	K	Transcription
NODE_51465_length_2202_cov_3.725198_1	COG1461	224378	6.51e-155	40.816	YloV	Predicted kinase related to dihydroxyacetone kinase	R	General function prediction only
NODE_51465_length_2202_cov_3.725198_2	COG1307	224226	4.2e-63	41.237	DegV	Fatty acid-binding protein DegV (function unknown)	I	Lipid transport and metabolism
NODE_51720_length_2193_cov_5.016838_1	COG3383	225918	8.92e-53	29.279	YjgC	Predicted molibdopterin-dependent oxidoreductase YjgC	R	General function prediction only
NODE_51720_length_2193_cov_5.016838_2	COG0437	223514	1.71e-41	32.99	HybA	Fe-S-cluster-containing dehydrogenase component (DMSO reductase)	C	Energy production and conversion
NODE_51720_length_2193_cov_5.016838_3	COG0723	223795	4.1e-21	27.673	QcrA/PetC	Rieske Fe-S protein	C	Energy production and conversion
NODE_51817_length_2190_cov_5.430913_1	COG0840	223910	4.48e-07	20.497	Tar	Methyl-accepting chemotaxis protein (MCP)	T	Signal transduction mechanisms
NODE_51817_length_2190_cov_5.430913_2	COG0492	223566	3.18e-80	44.355	TrxB	Thioredoxin reductase	O	Posttranslational modification, protein turnover, chaperones
NODE_52002_length_2184_cov_3.634570_2	COG0300	223377	4.09e-57	31.939	YqjQ	Short-chain dehydrogenase	R	General function prediction only
NODE_52002_length_2184_cov_3.634570_3	COG1716	224630	4.25e-11	25.191	FHA	Forkhead associated (FHA) domain, binds pSer, pThr, pTyr	T	Signal transduction mechanisms
NODE_52071_length_2181_cov_6.227658_1	COG0631	223704	1.07e-14	41.176	PTC1	Serine/threonine protein phosphatase PrpC	T	Signal transduction mechanisms
NODE_52071_length_2181_cov_6.227658_2	COG1695	224609	6.44e-15	31.461	PadR	DNA-binding transcriptional regulator, PadR family	K	Transcription
NODE_52071_length_2181_cov_6.227658_3	COG2355	225230	2.74e-87	32.565		Zn-dependent dipeptidase, microsomal dipeptidase homolog	O	Posttranslational modification, protein turnover, chaperones
NODE_52097_length_2180_cov_5.111059_1	COG1293	224212	4.26e-40	35.897	RqcH	Ribosome quality control (RQC) protein RqcH, Rqc2/NEMF/Tae2 family, contains fibronectin-(FbpA) and RNA- (NFACT) binding domains	J	Translation, ribosomal structure and biogenesis
NODE_52097_length_2180_cov_5.111059_4	COG2205	225115	1.59e-39	47.059	KdpD	K+-sensing histidine kinase KdpD	T	Signal transduction mechanisms
NODE_52426_length_2169_cov_6.964049_3	COG2211	225121	0.007	24.845	MelB	Na+/melibiose symporter or related transporter	G	Carbohydrate transport and metabolism
NODE_52442_length_2169_cov_3.707190_1	COG0373	223450	2.85e-112	37.174	HemA	Glutamyl-tRNA reductase	H	Coenzyme transport and metabolism
NODE_52442_length_2169_cov_3.707190_2	COG1648	224562	4.94e-45	34.951	CysG2	Siroheme synthase (precorrin-2 oxidase/ferrochelatase domain)	H	Coenzyme transport and metabolism
NODE_52569_length_2164_cov_4.483167_1	COG3387	225922	1.39e-98	27.85	SGA1	Glucoamylase (glucan-1,4-alpha-glucosidase), GH15 family	G	Carbohydrate transport and metabolism
NODE_52571_length_2164_cov_4.338075_3	COG0463	223539	3.14e-30	27.426	WcaA	Glycosyltransferase involved in cell wall bisynthesis	M	Cell wall/membrane/envelope biogenesis
NODE_52571_length_2164_cov_4.338075_4	COG3729	226252	7.5e-05	30.357	GsiB	General stress protein YciG, contains tandem KGG domains	R	General function prediction only
NODE_52663_length_2161_cov_4.814815_1	COG2124	225035	1.49e-33	31.469	CypX	Cytochrome P450	Q	Secondary metabolites biosynthesis, transport and catabolism
NODE_52663_length_2161_cov_4.814815_2	COG1011	223943	9.31e-11	18.182	YigB	FMN and 5-amino-6-(5-phospho-D-ribitylamino)uracil phosphatase YigB, HAD superfamily (riboflavin biosynthesis)	H	Coenzyme transport and metabolism
NODE_52931_length_2153_cov_5.621544_1	COG1985	224896	3.13e-07	23.602	RibD	Pyrimidine reductase, riboflavin biosynthesis	H	Coenzyme transport and metabolism
NODE_52931_length_2153_cov_5.621544_3	COG1131	224054	5.33e-50	37.363	CcmA	ABC-type multidrug transport system, ATPase component	V	Defense mechanisms
NODE_52978_length_2152_cov_4.041965_1	COG2270	225179	1.97e-15	21.893	BtlA	MFS-type transporter involved in bile tolerance, Atg22 family	R	General function prediction only
NODE_52978_length_2152_cov_4.041965_2	COG2211	225121	1.79e-05	23.256	MelB	Na+/melibiose symporter or related transporter	G	Carbohydrate transport and metabolism
NODE_53123_length_2147_cov_6.164914_1	COG2909	225461	9.74e-29	26.503	MalT	ATP-, maltotriose- and DNA-dependent transcriptional regulator MalT	K	Transcription
NODE_53286_length_2142_cov_5.772880_1	COG2211	225121	7.8e-10	15.979	MelB	Na+/melibiose symporter or related transporter	G	Carbohydrate transport and metabolism
NODE_53286_length_2142_cov_5.772880_3	COG4280	226730	8.16e-23	31.111		Uncharacterized membrane protein	S	Function unknown
NODE_53316_length_2141_cov_4.587728_1	COG0322	223399	1.39e-79	46.753	UvrC	Excinuclease UvrABC, nuclease subunit	L	Replication, recombination and repair
NODE_53343_length_2140_cov_4.549161_1	COG1814	224727	0.000658	32.0	Ccc1	Predicted Fe2+/Mn2+ transporter, VIT1/CCC1 family	P	Inorganic ion transport and metabolism
NODE_53343_length_2140_cov_4.549161_2	COG1352	224271	2.03e-92	41.791	CheR	Methylase of chemotaxis methyl-accepting proteins	T	Signal transduction mechanisms
NODE_53362_length_2139_cov_6.041747_2	COG1357	224276	8.59e-35	39.81	YjbI	Uncharacterized conserved protein YjbI, contains pentapeptide repeats	S	Function unknown
NODE_53455_length_2136_cov_5.090822_1	COG0142	223220	6.99e-30	35.345	IspA	Geranylgeranyl pyrophosphate synthase	H	Coenzyme transport and metabolism
NODE_53455_length_2136_cov_5.090822_2	COG1403	224321	2.09e-08	37.5	McrA	5-methylcytosine-specific restriction endonuclease McrA	V	Defense mechanisms
NODE_53609_length_2131_cov_5.340559_3	COG2319	225201	3.04e-24	27.812	WD40	WD40 repeat	R	General function prediction only
NODE_53609_length_2131_cov_5.340559_4	COG1063	223991	1.67e-16	38.71	Tdh	Threonine dehydrogenase or related Zn-dependent dehydrogenase	E	Amino acid transport and metabolism
NODE_53663_length_2129_cov_7.863067_1	COG0491	223565	5.94e-07	27.5	GloB	Glyoxylase or a related metal-dependent hydrolase, beta-lactamase superfamily II	R	General function prediction only
NODE_53663_length_2129_cov_7.863067_2	COG2865	225420	3.16e-52	25.0		Predicted transcriptional regulator, contains HTH domain	K	Transcription
NODE_53771_length_2126_cov_4.156446_1	COG5485	227772	0.000158	30.882		Predicted ester cyclase	R	General function prediction only
NODE_53771_length_2126_cov_4.156446_4	COG4257	226708	2e-13	30.928	Vgb	Streptogramin lyase	V	Defense mechanisms
NODE_53838_length_2124_cov_3.913968_2	COG2814	225371	1.42e-17	25.248	AraJ	Predicted arabinose efflux permease AraJ, MFS family	G	Carbohydrate transport and metabolism
NODE_53935_length_2121_cov_4.368345_1	COG0460	223536	8.22e-62	38.462	ThrA	Homoserine dehydrogenase	E	Amino acid transport and metabolism
NODE_53935_length_2121_cov_4.368345_2	COG0016	223095	4.73e-155	52.199	PheS	Phenylalanyl-tRNA synthetase alpha subunit	J	Translation, ribosomal structure and biogenesis
NODE_54029_length_2118_cov_4.467281_1	COG1595	224511	5.69e-16	38.889	RpoE	DNA-directed RNA polymerase specialized sigma subunit, sigma24 family	K	Transcription
NODE_54079_length_2116_cov_6.081514_3	COG0341	223418	4.07e-42	38.974	SecF	Preprotein translocase subunit SecF	U	Intracellular trafficking, secretion, and vesicular transport
NODE_54182_length_2113_cov_3.719631_1	COG0768	223839	2.96e-67	25.308	FtsI	Cell division protein FtsI, peptidoglycan transpeptidase (Penicillin-binding protein 2)	D	Cell cycle control, cell division, chromosome partitioning
NODE_54182_length_2113_cov_3.719631_2	COG4974	227308	3.72e-10	26.531	XerD	Site-specific recombinase XerD	L	Replication, recombination and repair
NODE_54268_length_2110_cov_5.050122_3	COG0456	223532	1.78e-11	30.233	RimI	Ribosomal protein S18 acetylase RimI and related acetyltransferases	J	Translation, ribosomal structure and biogenesis
NODE_54268_length_2110_cov_5.050122_4	COG1520	224437	1.65e-06	37.288	PQQ	Outer membrane protein assembly factor BamB, contains PQQ-like beta-propeller repeat	M	Cell wall/membrane/envelope biogenesis
NODE_54335_length_2108_cov_4.132976_2	COG4805	227142	1.36e-06	22.439		Uncharacterized conserved protein, DUF885 family	S	Function unknown
NODE_54476_length_2104_cov_6.044900_1	COG0277	223354	1.91e-39	33.871	GlcD	FAD/FMN-containing lactate dehydrogenase/glycolate oxidase	C	Energy production and conversion
NODE_54476_length_2104_cov_6.044900_2	COG3217	225758	3.08e-83	44.944	YcbX	N-hydroxylaminopurine reductase subunit YcbX, contains MOSC domain	F	Nucleotide transport and metabolism
NODE_54572_length_2101_cov_4.228739_1	COG0609	223682	4.56e-28	47.619	FepD	ABC-type Fe3+-siderophore transport system, permease component	P	Inorganic ion transport and metabolism
NODE_54572_length_2101_cov_4.228739_2	COG4257	226708	9.18e-09	22.727	Vgb	Streptogramin lyase	V	Defense mechanisms
NODE_54572_length_2101_cov_4.228739_3	COG2314	225196	6.52e-07	40.541	TM2	Uncharacterized membrane protein YozV, TM2 domain, contains pTyr	R	General function prediction only
NODE_54901_length_2091_cov_5.253438_1	COG0713	223785	7.44e-09	57.447	NuoK	NADH:ubiquinone oxidoreductase subunit 11 or 4L (chain K)	C	Energy production and conversion
NODE_54901_length_2091_cov_5.253438_2	COG0839	223909	6.32e-22	34.302	NuoJ	NADH:ubiquinone oxidoreductase subunit 6 (chain J)	C	Energy production and conversion
NODE_54901_length_2091_cov_5.253438_3	COG0406	223483	4.29e-05	34.375	PhoE	Broad specificity phosphatase PhoE	G	Carbohydrate transport and metabolism
NODE_54901_length_2091_cov_5.253438_4	COG1106	224031	4.36e-11	41.667		ATPase/GTPase, AAA15 family	R	General function prediction only
NODE_55009_length_2088_cov_4.887359_1	COG4962	227297	1.42e-24	33.333	CpaF	Pilus assembly protein, ATPase of CpaF family	U	Intracellular trafficking, secretion, and vesicular transport
NODE_55058_length_2087_cov_3.570866_3	COG1670	224584	5.26e-19	27.451	RimL	Protein N-acetyltransferase, RimJ/RimL family	J	Translation, ribosomal structure and biogenesis
NODE_55157_length_2084_cov_3.789552_1	COG0365	223442	1.12e-32	25.871	Acs	Acyl-coenzyme A synthetase/AMP-(fatty) acid ligase	I	Lipid transport and metabolism
NODE_55157_length_2084_cov_3.789552_2	COG1960	224871	2.8e-95	42.932	CaiA	Acyl-CoA dehydrogenase related to the alkylation response protein AidB	I	Lipid transport and metabolism
NODE_55374_length_2077_cov_3.996044_1	COG3437	225971	5.77e-21	31.126	RpfG	Response regulator c-di-GMP phosphodiesterase, RpfG family, contains REC and HD-GYP domains	T	Signal transduction mechanisms
NODE_55374_length_2077_cov_3.996044_2	COG0784	223855	2.98e-31	45.669	CheY	CheY-like REC (receiver) domain, includes chemotaxis protein CheY  and sporulation regulator Spo0F	T	Signal transduction mechanisms
NODE_55499_length_2073_cov_4.099108_1	COG4946	227282	1.2e-81	31.507		Uncharacterized N-terminal domain of tricorn protease, contains WD40 repeats	S	Function unknown
NODE_55499_length_2073_cov_4.099108_2	COG0793	223864	5.05e-24	20.657	CtpA	C-terminal processing protease CtpA/Prc, contains a PDZ domain	O	Posttranslational modification, protein turnover, chaperones
NODE_55630_length_2069_cov_4.102284_1	COG0642	223715	4.54e-60	33.233	BaeS	Signal transduction histidine kinase	T	Signal transduction mechanisms
NODE_55630_length_2069_cov_4.102284_2	COG2442	225291	6.74e-18	37.5		Predicted antitoxin component of a toxin-antitoxin system, DUF433 family	V	Defense mechanisms
NODE_55630_length_2069_cov_4.102284_3	COG4634	226981	2.88e-09	32.584		Predicted nuclease, contains PIN domain, potential toxin-antitoxin system component	R	General function prediction only
NODE_55773_length_2065_cov_4.403483_1	COG0169	223247	7.62e-74	39.527	AroE	Shikimate 5-dehydrogenase	E	Amino acid transport and metabolism
NODE_55773_length_2065_cov_4.403483_3	COG0503	223577	1.37e-67	55.882	Apt	Adenine/guanine phosphoribosyltransferase or related PRPP-binding protein	F	Nucleotide transport and metabolism
NODE_55810_length_2064_cov_4.499253_2	COG0714	223786	4.71e-91	44.892	MoxR	MoxR-like ATPase	R	General function prediction only
NODE_55890_length_2062_cov_2.963627_1	COG0820	223890	7.28e-69	39.72	RlmN	Adenine C2-methylase RlmN of 23S rRNA A2503 and tRNA A37	J	Translation, ribosomal structure and biogenesis
NODE_55890_length_2062_cov_2.963627_3	COG0223	223301	3.49e-52	41.667	Fmt	Methionyl-tRNA formyltransferase	J	Translation, ribosomal structure and biogenesis
NODE_56042_length_2057_cov_4.263237_1	COG0642	223715	4.05e-32	25.287	BaeS	Signal transduction histidine kinase	T	Signal transduction mechanisms
NODE_56116_length_2055_cov_5.423000_1	COG1230	224151	1.22e-61	46.635	CzcD	Co/Zn/Cd efflux system component	P	Inorganic ion transport and metabolism
NODE_56116_length_2055_cov_5.423000_2	COG0456	223532	1.11e-07	30.435	RimI	Ribosomal protein S18 acetylase RimI and related acetyltransferases	J	Translation, ribosomal structure and biogenesis
NODE_56116_length_2055_cov_5.423000_3	COG0400	223477	7.68e-68	43.902	YpfH	Predicted esterase	R	General function prediction only
NODE_56407_length_2046_cov_5.451030_1	COG1074	224000	9.75e-07	27.273	RecB	3’-5’ helicase subunit RecB of the DNA repair enzyme RecBCD (exonuclease V)	L	Replication, recombination and repair
NODE_56407_length_2046_cov_5.451030_2	COG0580	223653	3.43e-23	43.529	GlpF	Glycerol uptake facilitator or related aquaporin (Major Intrinsic protein Family)	G	Carbohydrate transport and metabolism
NODE_56508_length_2043_cov_3.721831_2	COG1087	224012	1.05e-156	48.632	GalE	UDP-glucose 4-epimerase	M	Cell wall/membrane/envelope biogenesis
NODE_57205_length_2024_cov_4.452006_2	COG1994	224905	1.9e-31	30.918	SpoIVFB	Zn-dependent protease (includes sporulation protein SpoIVFB)	O	Posttranslational modification, protein turnover, chaperones
NODE_57389_length_2019_cov_3.230143_2	COG2898	225451	2.69e-75	27.14	MprF2	Lysylphosphatidylglycerol synthetase MprF, lysyl-tRNA-binding C-terminal domain	I	Lipid transport and metabolism
NODE_57406_length_2018_cov_4.757514_1	COG1295	224214	4.75e-30	30.279	BrkB	Uncharacterized membrane protein, BrkB/YihY/UPF0761 family (not an RNase)	S	Function unknown
NODE_57508_length_2015_cov_5.426020_1	COG1807	224720	0.007	19.681	ArnT	PMT family glycosyltransferase ArnT/Agl22, involved in glycosylation of proteins and lipid IVA	M	Cell wall/membrane/envelope biogenesis
NODE_57517_length_2015_cov_4.032653_1	COG0060	223138	7.97e-151	31.399	IleS	Isoleucyl-tRNA synthetase	J	Translation, ribosomal structure and biogenesis
NODE_57562_length_2014_cov_3.991833_1	COG1506	224423	9.01e-16	23.664	DAP2	Dipeptidyl aminopeptidase/acylaminoacyl peptidase	E	Amino acid transport and metabolism
NODE_57562_length_2014_cov_3.991833_2	COG0324	223401	5.65e-114	47.541	MiaA	tRNA A37 N6-isopentenylltransferase MiaA	J	Translation, ribosomal structure and biogenesis
NODE_57666_length_2011_cov_7.043456_1	COG0419	223496	1.51e-22	25.704	SbcC	DNA repair exonuclease SbcCD ATPase subunit	L	Replication, recombination and repair
NODE_57666_length_2011_cov_7.043456_2	COG2755	225353	1.76e-10	22.43	TesA	Lysophospholipase L1 or related esterase. Includes spore coat protein LipC/YcsK	D	Cell cycle control, cell division, chromosome partitioning
NODE_57731_length_2009_cov_5.720573_4	COG2065	224976	2.52e-73	61.184	PyrR	Pyrimidine operon attenuation protein PyrR/uracil phosphoribosyltransferase	F	Nucleotide transport and metabolism
NODE_57770_length_2008_cov_3.938556_1	COG0531	223605	3.48e-14	23.223	PotE	Serine transporter YbeC, amino acid:H+ symporter family	E	Amino acid transport and metabolism
NODE_57770_length_2008_cov_3.938556_2	COG0277	223354	1.59e-41	15.814	GlcD	FAD/FMN-containing lactate dehydrogenase/glycolate oxidase	C	Energy production and conversion
NODE_57871_length_2005_cov_4.654359_2	COG1214	224135	1.64e-35	29.339	TsaB	tRNA A37 threonylcarbamoyladenosine modification protein TsaB	J	Translation, ribosomal structure and biogenesis
NODE_57871_length_2005_cov_4.654359_3	COG0456	223532	7.82e-28	31.092	RimI	Ribosomal protein S18 acetylase RimI and related acetyltransferases	J	Translation, ribosomal structure and biogenesis
NODE_58012_length_2002_cov_3.302003_1	COG0642	223715	5.07e-07	18.09	BaeS	Signal transduction histidine kinase	T	Signal transduction mechanisms
NODE_58012_length_2002_cov_3.302003_2	COG0745	223816	1.28e-23	36.522	OmpR	DNA-binding response regulator, OmpR family, contains REC and winged-helix (wHTH) domain	T	Signal transduction mechanisms
NODE_58125_length_1999_cov_4.406379_1	COG0596	223669	1.85e-06	20.122	MenH	2-succinyl-6-hydroxy-2,4-cyclohexadiene-1-carboxylate synthase MenH and related esterases, alpha/beta hydrolase fold	H	Coenzyme transport and metabolism
NODE_58125_length_1999_cov_4.406379_2	COG3280	225819	0.001	25.234	TreY	Maltooligosyltrehalose synthase	G	Carbohydrate transport and metabolism
NODE_58166_length_1998_cov_4.388060_1	COG0456	223532	3.65e-05	32.812	RimI	Ribosomal protein S18 acetylase RimI and related acetyltransferases	J	Translation, ribosomal structure and biogenesis
NODE_58166_length_1998_cov_4.388060_4	COG4948	227284	1.32e-54	28.492	RspA	L-alanine-DL-glutamate epimerase or related enzyme of enolase superfamily	M	Cell wall/membrane/envelope biogenesis
NODE_58231_length_1996_cov_5.474498_2	COG1947	224858	9.88e-70	44.015	IspE	4-diphosphocytidyl-2C-methyl-D-erythritol kinase	I	Lipid transport and metabolism
NODE_58231_length_1996_cov_5.474498_3	COG0315	223392	5.01e-79	60.39	MoaC	Molybdenum cofactor biosynthesis enzyme MoaC	H	Coenzyme transport and metabolism
NODE_58288_length_1994_cov_6.342445_2	COG0766	223837	2.28e-170	40.046	MurA	UDP-N-acetylglucosamine enolpyruvyl transferase	M	Cell wall/membrane/envelope biogenesis
NODE_58413_length_1991_cov_4.226240_2	COG1804	224717	2.32e-108	46.11	CaiB	Crotonobetainyl-CoA:carnitine CoA-transferase CaiB and related acyl-CoA transferases	I	Lipid transport and metabolism
NODE_58450_length_1990_cov_4.348837_1	COG0084	223162	6.61e-67	45.588	TatD	3'->5' ssDNA/RNA exonuclease TatD	N	Cell motility
NODE_58450_length_1990_cov_4.348837_2	COG0704	223776	1.77e-24	32.039	PhoU	Phosphate uptake regulator PhoU	P	Inorganic ion transport and metabolism
NODE_58450_length_1990_cov_4.348837_3	COG3427	225961	2.2e-09	26.4	CoxG	Carbon monoxide dehydrogenase subunit CoxG	C	Energy production and conversion
NODE_58570_length_1987_cov_4.812112_1	COG4753	227095	0.005	50.0	YesN	Two-component response regulator, YesN/AraC family, consists of REC and AraC-type DNA-binding domains	T	Signal transduction mechanisms
NODE_58570_length_1987_cov_4.812112_2	COG3794	226317	3.01e-05	29.032	PetE	Plastocyanin	C	Energy production and conversion
NODE_58570_length_1987_cov_4.812112_3	COG3808	226330	5.17e-12	39.286	OVP1	Na+ or H+-translocating membrane pyrophosphatase	C	Energy production and conversion
NODE_58607_length_1986_cov_4.833765_1	COG0515	223589	7.74e-13	29.06	SPS1	Serine/threonine protein kinase	T	Signal transduction mechanisms
NODE_58761_length_1982_cov_4.265698_1	COG1131	224054	1.24e-50	38.824	CcmA	ABC-type multidrug transport system, ATPase component	V	Defense mechanisms
NODE_58761_length_1982_cov_4.265698_2	COG0842	223912	1.42e-11	19.481	YadH	ABC-type multidrug transport system, permease component	V	Defense mechanisms
NODE_58761_length_1982_cov_4.265698_3	COG2876	225431	8.95e-09	46.939	AroGA	3-deoxy-D-arabino-heptulosonate 7-phosphate (DAHP) synthase	E	Amino acid transport and metabolism
NODE_58764_length_1982_cov_3.585885_1	COG0474	223550	0.0	37.784	MgtA	Magnesium-transporting ATPase (P-type)	P	Inorganic ion transport and metabolism
NODE_59027_length_1975_cov_5.077604_1	COG3899	226415	1.31e-37	25.263		Predicted ATPase	R	General function prediction only
NODE_59311_length_1968_cov_3.573445_2	COG0604	223677	5.51e-94	45.872	Qor	NADPH:quinone reductase or related Zn-dependent oxidoreductase	C	Energy production and conversion
NODE_59311_length_1968_cov_3.573445_3	COG0665	223737	6.38e-15	23.313	DadA	Glycine/D-amino acid oxidase (deaminating)	E	Amino acid transport and metabolism
NODE_59443_length_1964_cov_3.610791_1	COG0379	223456	0.003	34.286	NadA	Quinolinate synthase	H	Coenzyme transport and metabolism
NODE_59443_length_1964_cov_3.610791_2	COG0157	223235	4.01e-115	52.381	NadC	Nicotinate-nucleotide pyrophosphorylase	H	Coenzyme transport and metabolism
NODE_59443_length_1964_cov_3.610791_3	COG0029	223108	5.74e-54	39.806	NadB	Aspartate oxidase	H	Coenzyme transport and metabolism
NODE_59545_length_1961_cov_5.722455_1	COG3127	225669	1.26e-21	24.209	YbbP	Predicted ABC-type transport system involved in lysophospholipase L1 biosynthesis, permease component	Q	Secondary metabolites biosynthesis, transport and catabolism
NODE_60045_length_1948_cov_4.461173_2	COG0451	223528	9.93e-73	38.629	WcaG	Nucleoside-diphosphate-sugar epimerase	M	Cell wall/membrane/envelope biogenesis
NODE_60122_length_1946_cov_5.136436_1	COG0085	223163	0.0	45.606	RpoB	DNA-directed RNA polymerase, beta subunit/140 kD subunit	K	Transcription
NODE_60127_length_1946_cov_4.135378_1	COG0467	223543	3.62e-26	31.356	RAD55	RecA-superfamily ATPase, KaiC/GvpD/RAD55 family	T	Signal transduction mechanisms
NODE_60127_length_1946_cov_4.135378_2	COG0784	223855	4.89e-19	34.127	CheY	CheY-like REC (receiver) domain, includes chemotaxis protein CheY  and sporulation regulator Spo0F	T	Signal transduction mechanisms
NODE_60203_length_1944_cov_4.330334_1	COG0438	223515	8.23e-16	20.207	RfaB	Glycosyltransferase involved in cell wall bisynthesis	M	Cell wall/membrane/envelope biogenesis
NODE_60203_length_1944_cov_4.330334_2	COG0515	223589	5.99e-44	32.323	SPS1	Serine/threonine protein kinase	T	Signal transduction mechanisms
NODE_60531_length_1936_cov_4.886231_2	COG2124	225035	8.35e-98	31.306	CypX	Cytochrome P450	Q	Secondary metabolites biosynthesis, transport and catabolism
NODE_60705_length_1932_cov_3.858284_1	COG1233	224154	4.32e-79	33.148		Phytoene dehydrogenase-related protein	Q	Secondary metabolites biosynthesis, transport and catabolism
NODE_60816_length_1929_cov_5.807898_2	COG1487	224404	1.27e-13	21.538	VapC	Ribonuclease/mRNA interferase VapC, contains PIN domain	V	Defense mechanisms
NODE_60860_length_1928_cov_3.429258_1	COG0318	223395	1.7e-96	35.971	MenE/FadK	O-succinylbenzoic acid-CoA ligase MenE or related acyl-CoA synthetase (AMP-forming)	I	Lipid transport and metabolism
NODE_60880_length_1927_cov_4.914530_2	COG1595	224511	9.54e-20	30.556	RpoE	DNA-directed RNA polymerase specialized sigma subunit, sigma24 family	K	Transcription
NODE_61261_length_1918_cov_4.592056_1	COG3899	226415	1.19e-52	23.679		Predicted ATPase	R	General function prediction only
NODE_61397_length_1915_cov_3.797312_1	COG4122	226607	1.1e-46	40.838	TrmR	tRNA 5-hydroxyU34 O-methylase TrmR/YrrM	J	Translation, ribosomal structure and biogenesis
NODE_61775_length_1905_cov_5.539459_1	COG4591	226957	5.05e-06	26.882	LolE	ABC-type transport system involved in lipoprotein release, permease component LolC	M	Cell wall/membrane/envelope biogenesis
NODE_61817_length_1904_cov_20.768524_1	COG0451	223528	2.89e-43	32.479	WcaG	Nucleoside-diphosphate-sugar epimerase	M	Cell wall/membrane/envelope biogenesis
NODE_61817_length_1904_cov_20.768524_2	COG0671	223743	2.99e-11	33.636	PgpB	Membrane-associated phospholipid phosphatase	I	Lipid transport and metabolism
NODE_61863_length_1903_cov_5.064394_2	COG0631	223704	4e-78	37.993	PTC1	Serine/threonine protein phosphatase PrpC	T	Signal transduction mechanisms
NODE_61905_length_1902_cov_6.218192_2	COG1376	224294	5.17e-10	26.519	ErfK	Lipoprotein-anchoring transpeptidase ErfK/SrfK	M	Cell wall/membrane/envelope biogenesis
NODE_61905_length_1902_cov_6.218192_4	COG2274	225183	6.9e-51	43.353	SunT	ABC-type bacteriocin/lantibiotic exporters, contain an N-terminal double-glycine peptidase domain	V	Defense mechanisms
NODE_62381_length_1891_cov_4.666122_1	COG4934	227270	7.71e-22	31.707		Serine protease, subtilase family	O	Posttranslational modification, protein turnover, chaperones
NODE_62427_length_1890_cov_4.208719_1	COG1199	224120	1.16e-83	30.783	DinG	Rad3-related DNA helicase DinG	L	Replication, recombination and repair
NODE_62623_length_1885_cov_4.551913_1	COG0299	223376	2.02e-29	56.338	PurN	Folate-dependent phosphoribosylglycinamide formyltransferase PurN	F	Nucleotide transport and metabolism
NODE_62623_length_1885_cov_4.551913_5	COG5483	227770	1.59e-18	31.429		Uncharacterized conserved protein, DUF488 family	S	Function unknown
NODE_62796_length_1881_cov_5.545455_2	COG3261	225800	4.17e-33	26.087	HycE2	Ni,Fe-hydrogenase III large subunit	C	Energy production and conversion
NODE_62839_length_1880_cov_4.642192_1	COG0777	223848	8.74e-69	65.152	AccD	Acetyl-CoA carboxylase beta subunit	I	Lipid transport and metabolism
NODE_62839_length_1880_cov_4.642192_2	COG0825	223895	4.74e-161	61.981	AccA	Acetyl-CoA carboxylase alpha subunit	I	Lipid transport and metabolism
NODE_63154_length_1872_cov_5.491469_1	COG4152	226631	1.3e-135	48.0	YhaQ	ABC-type uncharacterized transport system, ATPase component	R	General function prediction only
NODE_63154_length_1872_cov_5.491469_2	COG1668	224582	0.000295	19.266	NatB	ABC-type Na+ efflux pump, permease component NatB	C	Energy production and conversion
NODE_63460_length_1865_cov_4.621547_2	COG1774	224688	2.21e-84	47.012	YaaT	Cell fate regulator YaaT, PSP1 superfamily (controls sporulation, competence, biofilm development)	T	Signal transduction mechanisms
NODE_63460_length_1865_cov_4.621547_3	COG3707	226230	8.16e-59	43.158	AmiR	Two-component response regulator, AmiR/NasT family, consists of REC and RNA-binding antiterminator (ANTAR) domains	T	Signal transduction mechanisms
NODE_63467_length_1865_cov_4.149724_1	COG0462	223538	1.77e-28	47.475	PrsA	Phosphoribosylpyrophosphate synthetase	F	Nucleotide transport and metabolism
NODE_63467_length_1865_cov_4.149724_2	COG1028	223959	2.56e-27	31.298	FabG	NAD(P)-dependent dehydrogenase, short-chain alcohol dehydrogenase family	I	Lipid transport and metabolism
NODE_63467_length_1865_cov_4.149724_3	COG3595	226123	1.26e-06	18.898	YvlB	Uncharacterized conserved protein YvlB, contains  DUF4097 and DUF4098 domains	S	Function unknown
NODE_63511_length_1864_cov_4.684356_1	COG1894	224806	2.9e-30	38.053	NuoF	NADH:ubiquinone oxidoreductase, NADH-binding 51 kD subunit (chain F)	C	Energy production and conversion
NODE_63511_length_1864_cov_4.684356_2	COG0493	223567	2.57e-87	35.196	GltD	NADPH-dependent glutamate synthase beta chain or related oxidoreductase	E	Amino acid transport and metabolism
NODE_63555_length_1863_cov_5.062500_1	COG1164	224086	1.34e-167	42.279	PepF	Oligoendopeptidase F	E	Amino acid transport and metabolism
NODE_63640_length_1861_cov_5.621262_1	COG0491	223565	6.69e-22	26.154	GloB	Glyoxylase or a related metal-dependent hydrolase, beta-lactamase superfamily II	R	General function prediction only
NODE_63701_length_1860_cov_3.661496_1	COG1420	224338	2.09e-49	42.208	HrcA	Transcriptional regulator of heat shock response	K	Transcription
NODE_63922_length_1855_cov_5.832222_1	COG2211	225121	2.43e-06	25.275	MelB	Na+/melibiose symporter or related transporter	G	Carbohydrate transport and metabolism
NODE_63931_length_1855_cov_4.321667_1	COG5662	227949	6.94e-06	22.093	RsiW	Transmembrane transcriptional regulator RsiW (anti-sigma-W factor)	K	Transcription
NODE_63931_length_1855_cov_4.321667_2	COG1595	224511	5.54e-29	36.478	RpoE	DNA-directed RNA polymerase specialized sigma subunit, sigma24 family	K	Transcription
NODE_64099_length_1851_cov_4.887528_1	COG1920	224831	1.03e-11	31.183		2-phospho-L-lactate guanylyltransferase, coenzyme F420 biosynthesis enzyme, CobY/MobA/RfbA family	H	Coenzyme transport and metabolism
NODE_64099_length_1851_cov_4.887528_2	COG1478	224395	2.28e-78	47.2	CofE	F420-0:Gamma-glutamyl ligase (F420 biosynthesis)	H	Coenzyme transport and metabolism
NODE_64099_length_1851_cov_4.887528_4	COG1716	224630	4.33e-05	34.884	FHA	Forkhead associated (FHA) domain, binds pSer, pThr, pTyr	T	Signal transduction mechanisms
NODE_64288_length_1847_cov_4.259487_1	COG2124	225035	6.61e-76	38.129	CypX	Cytochrome P450	Q	Secondary metabolites biosynthesis, transport and catabolism
NODE_64288_length_1847_cov_4.259487_4	COG4992	227325	1.52e-44	41.27	ArgD	Acetylornithine/succinyldiaminopimelate/putrescine aminotransferase	E	Amino acid transport and metabolism
NODE_64376_length_1845_cov_3.850838_2	COG1595	224511	3.65e-32	34.731	RpoE	DNA-directed RNA polymerase specialized sigma subunit, sigma24 family	K	Transcription
NODE_64389_length_1845_cov_3.215642_1	COG0639	223712	2.59e-05	28.148	ApaH	Diadenosine tetraphosphatase ApaH/serine/threonine protein phosphatase, PP2A family	T	Signal transduction mechanisms
NODE_64600_length_1840_cov_4.736134_1	COG1291	224210	3.17e-46	38.889	MotA	Flagellar motor component MotA	N	Cell motility
NODE_64600_length_1840_cov_4.736134_2	COG1582	224498	3.48e-22	42.373	SwrD	Swarming motility protein SwrD	N	Cell motility
NODE_64600_length_1840_cov_4.736134_3	COG1516	224433	5.24e-32	40.0	FliS	Flagellin-specific chaperone FliS	N	Cell motility
NODE_64613_length_1840_cov_3.412325_1	COG1960	224871	4.85e-65	28.061	CaiA	Acyl-CoA dehydrogenase related to the alkylation response protein AidB	I	Lipid transport and metabolism
NODE_64638_length_1839_cov_4.638453_1	COG0162	223240	1.72e-23	46.988	TyrS	Tyrosyl-tRNA synthetase	J	Translation, ribosomal structure and biogenesis
NODE_64638_length_1839_cov_4.638453_2	COG0612	223685	4.94e-116	35.765	PqqL	Predicted Zn-dependent peptidase, M16 family	R	General function prediction only
NODE_64661_length_1839_cov_3.275785_2	COG0038	223116	1.24e-79	40.238	ClcA	H+/Cl- antiporter ClcA	P	Inorganic ion transport and metabolism
NODE_64746_length_1837_cov_3.758137_1	COG0332	223409	3.26e-16	47.17	FabH	3-oxoacyl-[acyl-carrier-protein] synthase III	I	Lipid transport and metabolism
NODE_64746_length_1837_cov_3.758137_2	COG1541	224458	2.51e-44	25.344	PaaK	Phenylacetate-coenzyme A ligase PaaK, adenylate-forming domain family	H	Coenzyme transport and metabolism
NODE_64979_length_1832_cov_5.356218_1	COG3415	225949	0.00013	27.184	Csa3	CRISPR-associated protein Csa3, CARF domain	V	Defense mechanisms
NODE_64979_length_1832_cov_5.356218_3	COG0290	223367	7.36e-76	52.98	InfC	Translation initiation factor IF-3	J	Translation, ribosomal structure and biogenesis
NODE_64986_length_1832_cov_4.579066_1	COG0119	223197	1.28e-41	25.543	LeuA	Isopropylmalate/homocitrate/citramalate synthases	E	Amino acid transport and metabolism
NODE_64986_length_1832_cov_4.579066_2	COG3291	225828	1.04e-11	23.176		Uncharacterized conserved protein, PKD repeat domain	S	Function unknown
NODE_65140_length_1829_cov_4.527057_1	COG0466	223542	0.0	56.414	Lon	ATP-dependent Lon protease, bacterial type	O	Posttranslational modification, protein turnover, chaperones
NODE_65174_length_1828_cov_6.544275_1	COG0675	223747	4.14e-14	42.188	InsQ	Transposase	X	Mobilome: prophages, transposons
NODE_65174_length_1828_cov_6.544275_2	COG0652	223725	3.35e-34	33.75	PpiB	Peptidyl-prolyl cis-trans isomerase (rotamase) - cyclophilin family	O	Posttranslational modification, protein turnover, chaperones
NODE_65174_length_1828_cov_6.544275_3	COG0322	223399	4.21e-33	50.0	UvrC	Excinuclease UvrABC, nuclease subunit	L	Replication, recombination and repair
NODE_65368_length_1824_cov_4.175806_1	COG1357	224276	1.9e-29	43.216	YjbI	Uncharacterized conserved protein YjbI, contains pentapeptide repeats	S	Function unknown
NODE_65368_length_1824_cov_4.175806_2	COG0665	223737	5.86e-09	30.233	DadA	Glycine/D-amino acid oxidase (deaminating)	E	Amino acid transport and metabolism
NODE_65412_length_1823_cov_4.906109_1	COG1073	223999	1.8e-07	30.864	FrsA	Fermentation-respiration switch esterase FrsA, DUF1100 family	T	Signal transduction mechanisms
NODE_65412_length_1823_cov_4.906109_2	COG2264	225173	8.46e-90	37.386	PrmA	Ribosomal protein L11 methylase PrmA	J	Translation, ribosomal structure and biogenesis
NODE_65412_length_1823_cov_4.906109_3	COG1598	224514	1.65e-09	31.148	HicB	Antitoxin component HicB of the HicAB toxin-antitoxin system	V	Defense mechanisms
NODE_65426_length_1823_cov_3.510747_1	COG4280	226730	5.23e-19	43.011		Uncharacterized membrane protein	S	Function unknown
NODE_65426_length_1823_cov_3.510747_3	COG1595	224511	7.01e-25	35.593	RpoE	DNA-directed RNA polymerase specialized sigma subunit, sigma24 family	K	Transcription
NODE_65459_length_1822_cov_5.727787_1	COG0715	223787	6.32e-42	25.726	TauA	ABC-type nitrate/sulfonate/bicarbonate transport system, periplasmic component	P	Inorganic ion transport and metabolism
NODE_65459_length_1822_cov_5.727787_2	COG1802	224715	3.53e-40	32.143	GntR	DNA-binding transcriptional regulator, GntR family	K	Transcription
NODE_65461_length_1822_cov_4.958121_1	COG1154	224076	0.0	54.932	Dxs	Deoxyxylulose-5-phosphate synthase	H	Coenzyme transport and metabolism
NODE_65465_length_1822_cov_4.354273_1	COG0484	223560	2.39e-23	56.25	DnaJ	DnaJ-class molecular chaperone with C-terminal Zn finger domain	O	Posttranslational modification, protein turnover, chaperones
NODE_65471_length_1822_cov_4.056593_1	COG4187	226650	6.62e-99	38.601	RocB	Arginine utilization protein RocB	E	Amino acid transport and metabolism
NODE_65668_length_1818_cov_4.440159_1	COG4401	226835	2.28e-35	41.228	AroH	Chorismate mutase AroH	E	Amino acid transport and metabolism
NODE_65668_length_1818_cov_4.440159_2	COG0500	223574	3.01e-07	16.867	SmtA	SAM-dependent methyltransferase	Q	Secondary metabolites biosynthesis, transport and catabolism
NODE_65668_length_1818_cov_4.440159_3	COG2876	225431	1.12e-90	65.772	AroGA	3-deoxy-D-arabino-heptulosonate 7-phosphate (DAHP) synthase	E	Amino acid transport and metabolism
NODE_66269_length_1805_cov_4.846857_1	COG2030	224941	3.59e-30	42.276	MaoC	Acyl-CoA dehydratase PaaZ	I	Lipid transport and metabolism
NODE_66269_length_1805_cov_4.846857_2	COG1028	223959	2.87e-46	34.802	FabG	NAD(P)-dependent dehydrogenase, short-chain alcohol dehydrogenase family	I	Lipid transport and metabolism
NODE_66269_length_1805_cov_4.846857_3	COG0410	223487	8.26e-81	56.707	LivF	ABC-type branched-chain amino acid transport system, ATPase component LivF	E	Amino acid transport and metabolism
NODE_66346_length_1804_cov_3.321898_3	COG0243	223321	2.12e-20	29.752	BisC	Anaerobic selenocysteine-containing dehydrogenase	C	Energy production and conversion
NODE_67264_length_1784_cov_4.260266_2	COG0745	223816	1.58e-26	35.075	OmpR	DNA-binding response regulator, OmpR family, contains REC and winged-helix (wHTH) domain	T	Signal transduction mechanisms
NODE_67265_length_1784_cov_4.206478_2	COG1595	224511	2.57e-36	34.27	RpoE	DNA-directed RNA polymerase specialized sigma subunit, sigma24 family	K	Transcription
NODE_67265_length_1784_cov_4.206478_3	COG0467	223543	5.83e-16	44.928	RAD55	RecA-superfamily ATPase, KaiC/GvpD/RAD55 family	T	Signal transduction mechanisms
NODE_67489_length_1779_cov_4.832947_1	COG0578	223651	3.22e-125	39.591	GlpA	Glycerol-3-phosphate dehydrogenase	C	Energy production and conversion
NODE_67527_length_1778_cov_4.942542_2	COG1215	224136	5.5e-42	25.0	BcsA	Glycosyltransferase, catalytic subunit of cellulose synthase and poly-beta-1,6-N-acetylglucosamine synthase	N	Cell motility
NODE_67797_length_1773_cov_3.890570_2	COG2206	225116	1.13e-59	39.773	HDGYP	HD-GYP domain, c-di-GMP phosphodiesterase class II (or its inactivated variant)	T	Signal transduction mechanisms
NODE_67834_length_1772_cov_4.663949_1	COG0452	223529	4.1e-41	48.872	CoaBC	Phosphopantothenoylcysteine synthetase/decarboxylase CoaBC	H	Coenzyme transport and metabolism
NODE_67834_length_1772_cov_4.663949_3	COG2267	225176	1.13e-08	23.616	PldB	Lysophospholipase, alpha-beta hydrolase superfamily	I	Lipid transport and metabolism
NODE_68089_length_1767_cov_5.665304_3	COG1338	224257	2.98e-74	60.256	FliP	Flagellar biosynthesis protein FliP	N	Cell motility
NODE_68090_length_1767_cov_5.334112_1	COG1566	224482	7.07e-27	27.148	EmrA	Multidrug resistance efflux pump EmrA	V	Defense mechanisms
NODE_68193_length_1765_cov_4.567836_1	COG1960	224871	5.76e-78	38.387	CaiA	Acyl-CoA dehydrogenase related to the alkylation response protein AidB	I	Lipid transport and metabolism
NODE_68193_length_1765_cov_4.567836_2	COG0501	223575	1.64e-21	28.177	HtpX	Zn-dependent protease with chaperone function	O	Posttranslational modification, protein turnover, chaperones
NODE_68493_length_1759_cov_4.607981_1	COG2968	225516	1.4e-16	35.433	YggE	Uncharacterized conserved protein YggE, contains kinase-interacting SIMPL domain	S	Function unknown
NODE_68788_length_1753_cov_5.437574_1	COG5662	227949	0.000525	30.986	RsiW	Transmembrane transcriptional regulator RsiW (anti-sigma-W factor)	K	Transcription
NODE_68788_length_1753_cov_5.437574_2	COG1595	224511	1.7e-27	34.247	RpoE	DNA-directed RNA polymerase specialized sigma subunit, sigma24 family	K	Transcription
NODE_68788_length_1753_cov_5.437574_3	COG0242	223320	1.03e-47	49.138	Def	Peptide deformylase	J	Translation, ribosomal structure and biogenesis
NODE_68977_length_1749_cov_5.512397_1	COG1136	224059	4.54e-73	51.634	LolD	ABC-type lipoprotein export system, ATPase component	M	Cell wall/membrane/envelope biogenesis
NODE_68977_length_1749_cov_5.512397_2	COG1011	223943	1.54e-24	20.476	YigB	FMN and 5-amino-6-(5-phospho-D-ribitylamino)uracil phosphatase YigB, HAD superfamily (riboflavin biosynthesis)	H	Coenzyme transport and metabolism
NODE_68977_length_1749_cov_5.512397_3	COG0631	223704	9.74e-54	46.207	PTC1	Serine/threonine protein phosphatase PrpC	T	Signal transduction mechanisms
NODE_69477_length_1739_cov_5.483967_1	COG3396	225931	0.006	22.5	YdbO	1,2-phenylacetyl-CoA epoxidase, catalytic subunit	Q	Secondary metabolites biosynthesis, transport and catabolism
NODE_69477_length_1739_cov_5.483967_2	COG4586	226952	3.02e-116	43.953		ABC-type uncharacterized transport system, ATPase component	R	General function prediction only
NODE_69588_length_1737_cov_4.932818_1	COG0601	223674	7.52e-105	36.111	DppB	ABC-type dipeptide/oligopeptide/nickel transport system, permease component	E	Amino acid transport and metabolism
NODE_69588_length_1737_cov_4.932818_2	COG1173	224094	3.1e-58	41.589	DppC	ABC-type dipeptide/oligopeptide/nickel transport system, permease component	E	Amino acid transport and metabolism
NODE_69589_length_1737_cov_4.801427_1	COG2156	225067	3.21e-59	50.685	KdpC	K+-transporting ATPase, KdpC subunit	P	Inorganic ion transport and metabolism
NODE_69589_length_1737_cov_4.801427_2	COG2216	225126	0.0	70.083	KdpB	K+ transport ATPase, ATPase subunit KdpB	P	Inorganic ion transport and metabolism
NODE_69847_length_1732_cov_5.511628_1	COG0859	223928	4.63e-16	35.652	RfaF	ADP-heptose:LPS heptosyltransferase	M	Cell wall/membrane/envelope biogenesis
NODE_69847_length_1732_cov_5.511628_2	COG0463	223539	1.36e-24	21.145	WcaA	Glycosyltransferase involved in cell wall bisynthesis	M	Cell wall/membrane/envelope biogenesis
NODE_69849_length_1732_cov_5.292188_1	COG1018	223949	2.03e-38	29.518	Fpr	Flavodoxin/ferredoxin--NADP reductase	C	Energy production and conversion
NODE_69849_length_1732_cov_5.292188_3	COG0243	223321	6.72e-08	21.379	BisC	Anaerobic selenocysteine-containing dehydrogenase	C	Energy production and conversion
NODE_69895_length_1731_cov_5.715990_1	COG0675	223747	1.85e-15	28.889	InsQ	Transposase	X	Mobilome: prophages, transposons
NODE_69895_length_1731_cov_5.715990_2	COG2072	224983	8.79e-49	29.067	CzcO	Predicted flavoprotein CzcO associated with the cation diffusion facilitator CzcD	P	Inorganic ion transport and metabolism
NODE_69895_length_1731_cov_5.715990_3	COG1228	224149	2.08e-09	38.776	HutI	Imidazolonepropionase or related amidohydrolase	Q	Secondary metabolites biosynthesis, transport and catabolism
NODE_69911_length_1731_cov_3.850239_2	COG1506	224423	6.5e-58	29.243	DAP2	Dipeptidyl aminopeptidase/acylaminoacyl peptidase	E	Amino acid transport and metabolism
NODE_69968_length_1730_cov_3.446567_1	COG0847	223916	9e-29	34.395	DnaQ	DNA polymerase III, epsilon subunit or related 3'-5' exonuclease	L	Replication, recombination and repair
NODE_70056_length_1728_cov_4.339510_1	COG0022	223101	4.16e-81	38.81	AcoB	Pyruvate/2-oxoglutarate/acetoin dehydrogenase complex, dehydrogenase (E1) component, beta subunit	C	Energy production and conversion
NODE_70235_length_1725_cov_4.341916_1	COG0508	223582	1.94e-39	36.5	AceF	Pyruvate/2-oxoglutarate dehydrogenase complex, dihydrolipoamide acyltransferase (E2) component	C	Energy production and conversion
NODE_70235_length_1725_cov_4.341916_2	COG0022	223101	4.46e-180	56.481	AcoB	Pyruvate/2-oxoglutarate/acetoin dehydrogenase complex, dehydrogenase (E1) component, beta subunit	C	Energy production and conversion
NODE_70338_length_1723_cov_5.132494_2	COG0340	223417	2.3e-38	38.411	BirA2	Biotin-(acetyl-CoA carboxylase) ligase	H	Coenzyme transport and metabolism
NODE_70623_length_1718_cov_5.010824_1	COG0746	223817	4.75e-22	40.952	MobA	Molybdopterin-guanine dinucleotide biosynthesis protein A	H	Coenzyme transport and metabolism
NODE_70623_length_1718_cov_5.010824_2	COG0789	223860	1.19e-14	26.23	SoxR	DNA-binding transcriptional regulator, MerR family	K	Transcription
NODE_70623_length_1718_cov_5.010824_4	COG0178	223256	3.61e-50	55.556	UvrA	Excinuclease UvrABC ATPase subunit	L	Replication, recombination and repair
NODE_70674_length_1717_cov_4.267750_1	COG0318	223395	7.05e-33	33.333	MenE/FadK	O-succinylbenzoic acid-CoA ligase MenE or related acyl-CoA synthetase (AMP-forming)	I	Lipid transport and metabolism
NODE_70674_length_1717_cov_4.267750_2	COG0332	223409	1.22e-49	29.129	FabH	3-oxoacyl-[acyl-carrier-protein] synthase III	I	Lipid transport and metabolism
NODE_70941_length_1712_cov_4.300543_1	COG0476	223552	4.46e-43	55.319	ThiF	Molybdopterin or thiamine biosynthesis adenylyltransferase	H	Coenzyme transport and metabolism
NODE_70941_length_1712_cov_4.300543_2	COG0372	223449	1.46e-93	41.406	GltA	Citrate synthase	C	Energy production and conversion
NODE_71006_length_1711_cov_4.536836_3	COG0640	223713	2.67e-05	32.759	ArsR	DNA-binding transcriptional regulator, ArsR family	K	Transcription
NODE_71366_length_1704_cov_6.655549_1	COG5010	227343	0.000705	22.785	TadD	Flp pilus assembly protein TadD, contains TPR repeats	U	Intracellular trafficking, secretion, and vesicular transport
NODE_71366_length_1704_cov_6.655549_2	COG0298	223375	0.002	30.0	HypC	Hydrogenase maturation factor HybG, HypC/HupF family	O	Posttranslational modification, protein turnover, chaperones
NODE_71366_length_1704_cov_6.655549_3	COG1162	224084	3.24e-71	47.253	RsgA	Ribosome biogenesis GTPase RsgA	J	Translation, ribosomal structure and biogenesis
NODE_71422_length_1703_cov_4.514563_1	COG2814	225371	1.39e-08	30.968	AraJ	Predicted arabinose efflux permease AraJ, MFS family	G	Carbohydrate transport and metabolism
NODE_71422_length_1703_cov_4.514563_2	COG1695	224609	6.36e-19	27.642	PadR	DNA-binding transcriptional regulator, PadR family	K	Transcription
NODE_71422_length_1703_cov_4.514563_3	COG0623	223696	1.9e-46	48.78	FabI	Enoyl-[acyl-carrier-protein] reductase FabI	I	Lipid transport and metabolism
NODE_71649_length_1699_cov_5.386861_1	COG4640	226987	0.005	36.364	YvbJ	Uncharacterized protein YvbJ, contains N-terminal Zn ribbon domain	S	Function unknown
NODE_71649_length_1699_cov_5.386861_3	COG2204	225114	3.24e-61	43.842	AtoC	DNA-binding transcriptional response regulator, NtrC family, contains REC, AAA-type ATPase, and a Fis-type DNA-binding domains	T	Signal transduction mechanisms
NODE_71677_length_1699_cov_3.132603_1	COG3975	226483	4.43e-75	33.123		Predicted metalloprotease, contains C-terminal PDZ domain	R	General function prediction only
NODE_71677_length_1699_cov_3.132603_2	COG0399	223476	4.2e-62	55.862	WecE	dTDP-4-amino-4,6-dideoxygalactose transaminase	M	Cell wall/membrane/envelope biogenesis
NODE_71815_length_1696_cov_4.413163_2	COG0123	223201	2.27e-108	47.181	AcuC	Acetoin utilization deacetylase AcuC or a related deacetylase	Q	Secondary metabolites biosynthesis, transport and catabolism
NODE_71815_length_1696_cov_4.413163_3	COG0746	223817	7.14e-07	41.667	MobA	Molybdopterin-guanine dinucleotide biosynthesis protein A	H	Coenzyme transport and metabolism
NODE_72138_length_1690_cov_6.716208_1	COG0745	223816	5.29e-28	36.752	OmpR	DNA-binding response regulator, OmpR family, contains REC and winged-helix (wHTH) domain	T	Signal transduction mechanisms
NODE_72138_length_1690_cov_6.716208_2	COG0473	223549	2.19e-134	46.032	LeuB	Isocitrate/isopropylmalate dehydrogenase	C	Energy production and conversion
NODE_72206_length_1689_cov_5.104651_1	COG2124	225035	1.33e-59	30.141	CypX	Cytochrome P450	Q	Secondary metabolites biosynthesis, transport and catabolism
NODE_72206_length_1689_cov_5.104651_2	COG3063	225605	0.007	31.25	PilF	Type IV pilus assembly protein PilF/PilW	N	Cell motility
NODE_72310_length_1687_cov_4.862745_2	COG1082	224007	1.98e-18	26.437	YcjR	Sugar phosphate isomerase/epimerase	G	Carbohydrate transport and metabolism
NODE_72426_length_1685_cov_4.942331_1	COG2203	225113	1.1e-07	24.706	GAF	GAF domain	T	Signal transduction mechanisms
NODE_72814_length_1678_cov_6.897104_2	COG0569	223643	6.42e-32	31.061	TrkA	Trk/Ktr K+ transport system regulatory component TrkA/KtrA/KtrC, RCK domain	P	Inorganic ion transport and metabolism
NODE_72822_length_1678_cov_4.492298_1	COG2334	225213	6.73e-21	28.571	SrkA	Ser/Thr protein kinase RdoA involved in Cpx stress response, MazF antagonist	T	Signal transduction mechanisms
NODE_72822_length_1678_cov_4.492298_3	COG0640	223713	5.16e-05	46.809	ArsR	DNA-binding transcriptional regulator, ArsR family	K	Transcription
NODE_72880_length_1677_cov_5.802713_2	COG1680	224594	1.46e-16	22.115	AmpC	CubicO group peptidase, beta-lactamase class C family	V	Defense mechanisms
NODE_72880_length_1677_cov_5.802713_3	COG0451	223528	2.46e-24	26.829	WcaG	Nucleoside-diphosphate-sugar epimerase	M	Cell wall/membrane/envelope biogenesis
NODE_72888_length_1677_cov_4.373613_1	COG0178	223256	0.0	68.306	UvrA	Excinuclease UvrABC ATPase subunit	L	Replication, recombination and repair
NODE_73502_length_1666_cov_5.413408_1	COG2453	225297	2.13e-23	32.039	CDC14	Protein-tyrosine phosphatase	T	Signal transduction mechanisms
NODE_73502_length_1666_cov_5.413408_2	COG0162	223240	7.41e-79	32.722	TyrS	Tyrosyl-tRNA synthetase	J	Translation, ribosomal structure and biogenesis
NODE_73537_length_1666_cov_3.458721_1	COG0587	223660	1.52e-68	33.628	DnaE	DNA polymerase III, alpha subunit	L	Replication, recombination and repair
NODE_73576_length_1665_cov_4.573913_1	COG0323	223400	9.11e-104	31.853	MutL	DNA mismatch repair ATPase MutL	L	Replication, recombination and repair
NODE_73892_length_1660_cov_3.799377_1	COG1195	224116	1.81e-63	32.5	RecF	Recombinational DNA repair ATPase RecF	L	Replication, recombination and repair
NODE_74158_length_1655_cov_5.253125_1	COG1231	224152	6.41e-22	44.792	YobN	Monoamine oxidase	E	Amino acid transport and metabolism
NODE_74158_length_1655_cov_5.253125_4	COG1113	224038	2.15e-07	25.0	AnsP	L-asparagine transporter or related permease	E	Amino acid transport and metabolism
NODE_74367_length_1651_cov_4.169799_1	COG0675	223747	2.4e-14	39.726	InsQ	Transposase	X	Mobilome: prophages, transposons
NODE_74743_length_1645_cov_2.401258_1	COG0809	223879	5.95e-83	32.418	QueA	S-adenosylmethionine:tRNA-ribosyltransferase-isomerase (queuine synthetase)	J	Translation, ribosomal structure and biogenesis
NODE_74743_length_1645_cov_2.401258_2	COG0300	223377	3.23e-13	32.143	YqjQ	Short-chain dehydrogenase	R	General function prediction only
NODE_74849_length_1643_cov_3.000630_1	COG1250	224170	2.26e-39	54.455	FadB	3-hydroxyacyl-CoA dehydrogenase	I	Lipid transport and metabolism
NODE_74849_length_1643_cov_3.000630_2	COG1215	224136	3.94e-27	26.686	BcsA	Glycosyltransferase, catalytic subunit of cellulose synthase and poly-beta-1,6-N-acetylglucosamine synthase	N	Cell motility
NODE_75081_length_1639_cov_6.510101_1	COG0178	223256	0.0	45.527	UvrA	Excinuclease UvrABC ATPase subunit	L	Replication, recombination and repair
NODE_75085_length_1639_cov_5.193813_2	COG3899	226415	1.93e-40	28.434		Predicted ATPase	R	General function prediction only
NODE_75126_length_1638_cov_4.835123_1	COG0456	223532	0.002	28.571	RimI	Ribosomal protein S18 acetylase RimI and related acetyltransferases	J	Translation, ribosomal structure and biogenesis
NODE_75126_length_1638_cov_4.835123_2	COG0173	223251	0.0	55.079	AspS	Aspartyl-tRNA synthetase	J	Translation, ribosomal structure and biogenesis
NODE_75150_length_1638_cov_3.495262_1	COG1674	224588	4.02e-48	31.954	FtsK	DNA segregation ATPase FtsK/SpoIIIE or related protein	D	Cell cycle control, cell division, chromosome partitioning
NODE_75199_length_1637_cov_3.285082_2	COG1418	224336	5.86e-62	45.536	RnaY	HD superfamily phosphodieaserase, includes HD domain of RNase Y	J	Translation, ribosomal structure and biogenesis
NODE_75199_length_1637_cov_3.285082_3	COG1094	224019	6.65e-05	36.232	Krr1	rRNA processing protein Krr1/Pno1, contains KH domain	J	Translation, ribosomal structure and biogenesis
NODE_75477_length_1632_cov_6.219404_1	COG1028	223959	2.55e-09	25.806	FabG	NAD(P)-dependent dehydrogenase, short-chain alcohol dehydrogenase family	I	Lipid transport and metabolism
NODE_75723_length_1628_cov_4.614113_1	COG0451	223528	1.48e-26	34.503	WcaG	Nucleoside-diphosphate-sugar epimerase	M	Cell wall/membrane/envelope biogenesis
NODE_75847_length_1626_cov_4.269892_3	COG1216	224137	1.36e-05	26.087	WcaE	Glycosyltransferase, GT2 family	G	Carbohydrate transport and metabolism
NODE_76031_length_1623_cov_4.842474_2	COG0608	223681	6.8e-66	31.854	RecJ	ssDNA-specific exonuclease RecJ, DHH superfamily, may be involved in archaeal DNA replication intiation	L	Replication, recombination and repair
NODE_76039_length_1623_cov_3.965561_1	COG2723	225343	2.53e-122	40.153	BglB	Beta-glucosidase/6-phospho-beta-glucosidase/beta-galactosidase	G	Carbohydrate transport and metabolism
NODE_76039_length_1623_cov_3.965561_2	COG0497	223571	9.59e-27	57.746	RecN	DNA repair ATPase RecN	L	Replication, recombination and repair
NODE_76210_length_1620_cov_4.207029_1	COG1009	223941	1.35e-130	44.769	NuoL	Membrane H+-translocase/NADH:ubiquinone oxidoreductase subunit 5 (chain L)/Multisubunit Na+/H+ antiporter, MnhA subunit	C	Energy production and conversion
NODE_76271_length_1619_cov_3.769821_1	COG1496	224413	7.21e-63	36.719	YfiH	Copper oxidase (laccase) domain	P	Inorganic ion transport and metabolism
NODE_76271_length_1619_cov_3.769821_2	COG1071	223997	8.7e-52	39.676	AcoA	TPP-dependent pyruvate or acetoin dehydrogenase subunit alpha	C	Energy production and conversion
NODE_76284_length_1619_cov_3.314578_1	COG1189	224110	0.000497	47.826	YqxC	Predicted rRNA methylase YqxC, contains S4 and FtsJ domains	J	Translation, ribosomal structure and biogenesis
NODE_76284_length_1619_cov_3.314578_3	COG0138	223216	1.48e-123	57.752	PurH	AICAR transformylase/IMP cyclohydrolase PurH	F	Nucleotide transport and metabolism
NODE_77241_length_1603_cov_5.599483_1	COG0277	223354	1.62e-30	35.398	GlcD	FAD/FMN-containing lactate dehydrogenase/glycolate oxidase	C	Energy production and conversion
NODE_77241_length_1603_cov_5.599483_2	COG5373	227665	0.000165	29.87		Uncharacterized membrane protein	S	Function unknown
NODE_77434_length_1600_cov_3.955340_1	COG4799	227136	5.67e-51	54.386	MmdA	Acetyl-CoA carboxylase, carboxyltransferase component	I	Lipid transport and metabolism
NODE_77434_length_1600_cov_3.955340_3	COG2124	225035	2.54e-34	25.85	CypX	Cytochrome P450	Q	Secondary metabolites biosynthesis, transport and catabolism
NODE_77477_length_1599_cov_5.889896_1	COG0596	223669	7.59e-24	23.343	MenH	2-succinyl-6-hydroxy-2,4-cyclohexadiene-1-carboxylate synthase MenH and related esterases, alpha/beta hydrolase fold	H	Coenzyme transport and metabolism
NODE_77477_length_1599_cov_5.889896_2	COG4567	226933	0.006	21.127		DNA-binding response regulator, ActR/RegA family, consists of REC and Fis-type HTH domains	T	Signal transduction mechanisms
NODE_77484_length_1599_cov_5.066710_1	COG1609	224525	3.6e-18	32.979	PurR	DNA-binding transcriptional regulator, LacI/PurR family	K	Transcription
NODE_77484_length_1599_cov_5.066710_2	COG2273	225182	3.51e-06	20.109	BglS	Beta-glucanase, GH16 family	G	Carbohydrate transport and metabolism
NODE_77525_length_1599_cov_2.678109_1	COG1609	224525	1.53e-59	46.667	PurR	DNA-binding transcriptional regulator, LacI/PurR family	K	Transcription
NODE_77525_length_1599_cov_2.678109_2	COG1653	224567	8.1e-35	28.019	UgpB	ABC-type glycerol-3-phosphate transport system, periplasmic component	G	Carbohydrate transport and metabolism
NODE_78691_length_1580_cov_4.593443_1	COG1565	224481	8.92e-75	30.846	MidA	SAM-dependent methyltransferase, MidA family	R	General function prediction only
NODE_78691_length_1580_cov_4.593443_2	COG1397	224315	1.16e-15	34.94	DraG	ADP-ribosylglycohydrolase	O	Posttranslational modification, protein turnover, chaperones
NODE_78696_length_1580_cov_4.043934_2	COG2146	225057	6.3e-23	31.633	NirD	Ferredoxin subunit of nitrite reductase or a ring-hydroxylating dioxygenase	P	Inorganic ion transport and metabolism
NODE_78750_length_1579_cov_4.951444_1	COG1003	223935	2.81e-97	51.942	GcvP2	Glycine cleavage system protein P (pyridoxal-binding), C-terminal domain	E	Amino acid transport and metabolism
NODE_78750_length_1579_cov_4.951444_2	COG0403	223480	9.6e-117	41.875	GcvP1	Glycine cleavage system protein P (pyridoxal-binding), N-terminal domain	E	Amino acid transport and metabolism
NODE_78872_length_1577_cov_5.540736_1	COG0053	223131	2.32e-74	34.201	FieF	Divalent metal cation (Fe/Co/Zn/Cd) efflux pump	P	Inorganic ion transport and metabolism
NODE_79619_length_1565_cov_5.852980_1	COG1262	224182	5.63e-51	34.416	YfmG	Formylglycine-generating enzyme, required for sulfatase activity, contains SUMF1/FGE domain	O	Posttranslational modification, protein turnover, chaperones
NODE_79708_length_1564_cov_3.809145_2	COG4242	226693	1.37e-05	23.81	CphB	Cyanophycinase and related exopeptidases	Q	Secondary metabolites biosynthesis, transport and catabolism
NODE_80037_length_1559_cov_4.480718_1	COG0515	223589	2.03e-20	28.025	SPS1	Serine/threonine protein kinase	T	Signal transduction mechanisms
NODE_80037_length_1559_cov_4.480718_2	COG0125	223203	1.8e-31	30.0	Tmk	Thymidylate kinase	F	Nucleotide transport and metabolism
NODE_80037_length_1559_cov_4.480718_3	COG0125	223203	7.99e-12	51.163	Tmk	Thymidylate kinase	F	Nucleotide transport and metabolism
NODE_80176_length_1557_cov_4.854194_1	COG0304	223381	1.22e-55	43.407	FabB	3-oxoacyl-(acyl-carrier-protein) synthase	I	Lipid transport and metabolism
NODE_80176_length_1557_cov_4.854194_2	COG0416	223493	3.33e-113	50.192	PlsX	Acyl-ACP:phosphate acyltransferase (fatty acid/phospholipid biosynthesis)	I	Lipid transport and metabolism
NODE_80178_length_1557_cov_4.804261_2	COG1611	224527	8.37e-37	33.333	PpnN	Nucleotide monophosphate nucleosidase PpnN/YdgH, Lonely Guy (LOG) family	F	Nucleotide transport and metabolism
NODE_80557_length_1552_cov_3.244489_1	COG4270	226720	2.41e-14	34.821		Uncharacterized membrane protein	S	Function unknown
NODE_80557_length_1552_cov_3.244489_2	COG0188	223266	1.06e-151	69.604	GyrA	DNA gyrase/topoisomerase IV, subunit A	L	Replication, recombination and repair
NODE_80609_length_1551_cov_4.249332_1	COG0517	223591	1.63e-19	31.356	CBS	CBS domain	T	Signal transduction mechanisms
NODE_80609_length_1551_cov_4.249332_2	COG1501	224418	5.77e-86	42.069	YicI	Alpha-glucosidase/xylosidase, GH31 family	G	Carbohydrate transport and metabolism
NODE_80968_length_1546_cov_5.415828_1	COG2267	225176	8.38e-06	21.212	PldB	Lysophospholipase, alpha-beta hydrolase superfamily	I	Lipid transport and metabolism
NODE_80968_length_1546_cov_5.415828_3	COG0675	223747	0.00035	33.333	InsQ	Transposase	X	Mobilome: prophages, transposons
NODE_81323_length_1541_cov_3.971736_1	COG2211	225121	4.04e-18	19.077	MelB	Na+/melibiose symporter or related transporter	G	Carbohydrate transport and metabolism
NODE_81516_length_1538_cov_4.778152_1	COG0643	223716	2.66e-28	24.859	CheA	Chemotaxis protein histidine kinase CheA	T	Signal transduction mechanisms
NODE_81526_length_1538_cov_4.204990_1	COG1112	224037	2.74e-41	29.242	DNA2	Superfamily I DNA and/or RNA helicase	L	Replication, recombination and repair
NODE_81878_length_1533_cov_4.029770_2	COG1310	224229	1.61e-17	30.0	Rri1	Proteasome lid subunit RPN8/RPN11, contains Jab1/MPN domain metalloenzyme (JAMM) motif	O	Posttranslational modification, protein turnover, chaperones
NODE_81878_length_1533_cov_4.029770_3	COG0031	223110	5.11e-66	46.117	CysK	Cysteine synthase	E	Amino acid transport and metabolism
NODE_81983_length_1532_cov_2.832092_1	COG3616	226143	1.41e-24	35.583	Dsd1	D-serine deaminase, pyridoxal phosphate-dependent	E	Amino acid transport and metabolism
NODE_81983_length_1532_cov_2.832092_2	COG1309	224228	1.96e-13	23.834	AcrR	DNA-binding protein, AcrR family, includes nucleoid occlusion protein SlmA	K	Transcription
NODE_82189_length_1529_cov_3.597015_1	COG4221	226674	1.77e-18	37.113	YdfG	NADP-dependent 3-hydroxy acid dehydrogenase YdfG	C	Energy production and conversion
NODE_82189_length_1529_cov_3.597015_2	COG1058	223986	2.24e-63	38.835	CinA	ADP-ribose pyrophosphatase domain of DNA damage- and competence-inducible protein CinA	L	Replication, recombination and repair
NODE_82652_length_1522_cov_4.449898_1	COG1132	224055	7.03e-118	51.118	MdlB	ABC-type multidrug transport system, ATPase and permease component	V	Defense mechanisms
NODE_82785_length_1520_cov_5.180205_2	COG0745	223816	4.43e-26	32.847	OmpR	DNA-binding response regulator, OmpR family, contains REC and winged-helix (wHTH) domain	T	Signal transduction mechanisms
NODE_82785_length_1520_cov_5.180205_3	COG1686	224600	5.2e-46	37.989	DacC	D-alanyl-D-alanine carboxypeptidase	M	Cell wall/membrane/envelope biogenesis
NODE_82856_length_1519_cov_6.741120_1	COG4257	226708	3.32e-48	32.484	Vgb	Streptogramin lyase	V	Defense mechanisms
NODE_82857_length_1519_cov_6.078552_1	COG5000	227333	5.09e-08	34.524	NtrY	Signal transduction histidine kinase NtrY involved in nitrogen fixation and metabolism regulation	T	Signal transduction mechanisms
NODE_83059_length_1516_cov_4.460643_1	COG3829	226350	2.53e-90	53.11	RocR	RocR-type transcriptional regulator, contains PAS, AAA-type ATPase, and DNA-binding Fis domains	K	Transcription
NODE_83059_length_1516_cov_4.460643_2	COG2262	225171	1.99e-80	44.545	HflX	50S ribosomal subunit-associated GTPase HflX	J	Translation, ribosomal structure and biogenesis
NODE_83216_length_1514_cov_4.529130_2	COG3264	225803	0.006	19.444	MscK	Small-conductance mechanosensitive channel MscK	M	Cell wall/membrane/envelope biogenesis
NODE_83358_length_1512_cov_4.345916_1	COG0504	223578	0.0	62.103	PyrG	CTP synthase (UTP-ammonia lyase)	F	Nucleotide transport and metabolism
NODE_83363_length_1512_cov_3.864791_1	COG2226	225136	1.05e-15	37.179	UbiE	Ubiquinone/menaquinone biosynthesis C-methylase UbiE/MenG	H	Coenzyme transport and metabolism
NODE_83363_length_1512_cov_3.864791_3	COG1940	224851	3.34e-19	41.414	NagC	Sugar kinase of the NBD/HSP70 family, may contain an N-terminal HTH domain	G	Carbohydrate transport and metabolism
NODE_83640_length_1508_cov_5.813489_1	COG1595	224511	1.3e-11	46.296	RpoE	DNA-directed RNA polymerase specialized sigma subunit, sigma24 family	K	Transcription
NODE_83853_length_1505_cov_6.044828_1	COG1125	224050	1.61e-121	64.878	OpuBA	ABC-type proline/glycine betaine transport system, ATPase component	E	Amino acid transport and metabolism
NODE_83853_length_1505_cov_6.044828_3	COG3059	225601	2.94e-08	26.316	YkgB	Reactive chlorine resistance protein RclC/YkgB, DUF417 family	V	Defense mechanisms
NODE_83870_length_1505_cov_4.142759_2	COG1024	223955	1.28e-53	37.302	CaiD	Enoyl-CoA hydratase/carnithine racemase	I	Lipid transport and metabolism
NODE_83952_length_1504_cov_3.972395_1	COG1067	223994	8.25e-80	32.294	LonB	Predicted ATP-dependent protease	O	Posttranslational modification, protein turnover, chaperones
NODE_84234_length_1501_cov_2.969571_1	COG0643	223716	2.71e-122	34.585	CheA	Chemotaxis protein histidine kinase CheA	T	Signal transduction mechanisms
