QUERY_ID	COG_ID	CDD_ID	EVALUE	IDENTITY	GENE_NAME	COG_NAME	COG_LETTER	COG_DESCRIPTION
NODE_448_length_60280_cov_7.765264_1	COG1413	224331	1.11e-06	31.472	HEAT	HEAT repeat	R	General function prediction only
NODE_448_length_60280_cov_7.765264_6	COG0568	223642	1.04e-129	51.966	RpoD	DNA-directed RNA polymerase, sigma subunit (sigma70/sigma32)	K	Transcription
NODE_448_length_60280_cov_7.765264_7	COG0358	223435	2.34e-127	36.364	DnaG	DNA primase (bacterial type)	L	Replication, recombination and repair
NODE_448_length_60280_cov_7.765264_8	COG0438	223515	1.43e-41	29.235	RfaB	Glycosyltransferase involved in cell wall bisynthesis	M	Cell wall/membrane/envelope biogenesis
NODE_448_length_60280_cov_7.765264_9	COG1287	224206	0.000104	18.868	Stt3	Asparagine N-glycosylation enzyme, membrane subunit Stt3	O	Posttranslational modification, protein turnover, chaperones
NODE_448_length_60280_cov_7.765264_11	COG0451	223528	1.8e-25	25.896	WcaG	Nucleoside-diphosphate-sugar epimerase	M	Cell wall/membrane/envelope biogenesis
NODE_448_length_60280_cov_7.765264_12	COG1208	224129	3.44e-68	30.827	GCD1	NDP-sugar pyrophosphorylase, includes eIF-2Bgamma, eIF-2Bepsilon, and LPS biosynthesis protein s	J	Translation, ribosomal structure and biogenesis
NODE_448_length_60280_cov_7.765264_14	COG1898	224810	2.11e-54	39.888	RfbC	dTDP-4-dehydrorhamnose 3,5-epimerase or related enzyme	M	Cell wall/membrane/envelope biogenesis
NODE_448_length_60280_cov_7.765264_15	COG0451	223528	1.85e-21	24.812	WcaG	Nucleoside-diphosphate-sugar epimerase	M	Cell wall/membrane/envelope biogenesis
NODE_448_length_60280_cov_7.765264_16	COG1045	223975	4.38e-10	26.724	CysE	Serine acetyltransferase	E	Amino acid transport and metabolism
NODE_448_length_60280_cov_7.765264_17	COG0463	223539	8.74e-19	19.333	WcaA	Glycosyltransferase involved in cell wall bisynthesis	M	Cell wall/membrane/envelope biogenesis
NODE_448_length_60280_cov_7.765264_18	COG0451	223528	8.91e-50	31.861	WcaG	Nucleoside-diphosphate-sugar epimerase	M	Cell wall/membrane/envelope biogenesis
NODE_448_length_60280_cov_7.765264_19	COG1898	224810	3.09e-64	48.538	RfbC	dTDP-4-dehydrorhamnose 3,5-epimerase or related enzyme	M	Cell wall/membrane/envelope biogenesis
NODE_448_length_60280_cov_7.765264_20	COG1091	224016	2.59e-95	39.51	RfbD	dTDP-4-dehydrorhamnose reductase	M	Cell wall/membrane/envelope biogenesis
NODE_448_length_60280_cov_7.765264_21	COG0548	223622	1.45e-72	46.591	ArgB	N-acetylglutamate kinase	E	Amino acid transport and metabolism
NODE_448_length_60280_cov_7.765264_22	COG1078	224004	4.07e-55	37.267	YdhJ	HD superfamily phosphohydrolase	R	General function prediction only
NODE_448_length_60280_cov_7.765264_23	COG0078	223156	1.15e-131	51.042	ArgF	Ornithine carbamoyltransferase	E	Amino acid transport and metabolism
NODE_448_length_60280_cov_7.765264_24	COG1438	224355	3.35e-48	36.842	ArgR	Arginine repressor	K	Transcription
NODE_448_length_60280_cov_7.765264_25	COG0137	223215	0.0	52.593	ArgG	Argininosuccinate synthase	E	Amino acid transport and metabolism
NODE_448_length_60280_cov_7.765264_26	COG0165	223243	6.7e-126	37.931	ArgH	Argininosuccinate lyase	E	Amino acid transport and metabolism
NODE_448_length_60280_cov_7.765264_27	COG0002	223081	5.15e-100	43.149	ArgC	N-acetyl-gamma-glutamylphosphate reductase	E	Amino acid transport and metabolism
NODE_448_length_60280_cov_7.765264_28	COG1364	224283	1.09e-157	49.373	ArgJ	Glutamate N-acetyltransferase (ornithine transacetylase)	E	Amino acid transport and metabolism
NODE_448_length_60280_cov_7.765264_29	COG4992	227325	9.05e-178	50.0	ArgD	Acetylornithine/succinyldiaminopimelate/putrescine aminotransferase	E	Amino acid transport and metabolism
NODE_448_length_60280_cov_7.765264_30	COG2200	225110	1.21e-89	49.407	EAL	EAL domain, c-di-GMP-specific phosphodiesterase class I (or its enzymatically inactive variant)	T	Signal transduction mechanisms
NODE_448_length_60280_cov_7.765264_31	COG0438	223515	1.22e-42	27.733	RfaB	Glycosyltransferase involved in cell wall bisynthesis	M	Cell wall/membrane/envelope biogenesis
NODE_448_length_60280_cov_7.765264_32	COG0438	223515	2.57e-28	26.984	RfaB	Glycosyltransferase involved in cell wall bisynthesis	M	Cell wall/membrane/envelope biogenesis
NODE_448_length_60280_cov_7.765264_34	COG1520	224437	1.84e-06	28.736	PQQ	Outer membrane protein assembly factor BamB, contains PQQ-like beta-propeller repeat	M	Cell wall/membrane/envelope biogenesis
NODE_448_length_60280_cov_7.765264_36	COG1216	224137	7.76e-14	19.331	WcaE	Glycosyltransferase, GT2 family	G	Carbohydrate transport and metabolism
NODE_448_length_60280_cov_7.765264_37	COG1835	224748	2.31e-33	27.568	OafA	Peptidoglycan/LPS O-acetylase OafA/YrhL, contains acyltransferase and SGNH-hydrolase domains	M	Cell wall/membrane/envelope biogenesis
NODE_448_length_60280_cov_7.765264_38	COG0463	223539	6.85e-26	22.467	WcaA	Glycosyltransferase involved in cell wall bisynthesis	M	Cell wall/membrane/envelope biogenesis
NODE_448_length_60280_cov_7.765264_39	COG2197	225107	2.69e-11	30.435	CitB	DNA-binding response regulator, NarL/FixJ family, contains REC and HTH domains	T	Signal transduction mechanisms
NODE_448_length_60280_cov_7.765264_41	COG1004	223936	2.81e-137	42.537	Ugd	UDP-glucose 6-dehydrogenase	M	Cell wall/membrane/envelope biogenesis
NODE_448_length_60280_cov_7.765264_42	COG0451	223528	3.39e-62	32.121	WcaG	Nucleoside-diphosphate-sugar epimerase	M	Cell wall/membrane/envelope biogenesis
NODE_448_length_60280_cov_7.765264_44	COG2244	225153	8.93e-14	20.681	RfbX	Membrane protein involved in the export of O-antigen and teichoic acid	M	Cell wall/membrane/envelope biogenesis
NODE_448_length_60280_cov_7.765264_45	COG4956	227292	0.008	31.081		Uncharacterized conserved protein YacL, contains PIN and TRAM domains	R	General function prediction only
NODE_448_length_60280_cov_7.765264_46	COG0438	223515	7.43e-43	25.203	RfaB	Glycosyltransferase involved in cell wall bisynthesis	M	Cell wall/membrane/envelope biogenesis
NODE_448_length_60280_cov_7.765264_49	COG0438	223515	1.73e-26	21.6	RfaB	Glycosyltransferase involved in cell wall bisynthesis	M	Cell wall/membrane/envelope biogenesis
NODE_611_length_52292_cov_7.761816_1	COG3875	226392	4.49e-05	22.603	LarA	Nickel-dependent lactate racemase	M	Cell wall/membrane/envelope biogenesis
NODE_611_length_52292_cov_7.761816_3	COG1108	224033	2.85e-20	32.218	ZnuB	ABC-type Mn2+/Zn2+ transport system, permease component	P	Inorganic ion transport and metabolism
NODE_611_length_52292_cov_7.761816_4	COG1108	224033	7.4e-29	31.933	ZnuB	ABC-type Mn2+/Zn2+ transport system, permease component	P	Inorganic ion transport and metabolism
NODE_611_length_52292_cov_7.761816_5	COG1121	224046	5.14e-73	36.508	ZnuC	ABC-type Mn2+/Zn2+ transport system, ATPase component	P	Inorganic ion transport and metabolism
NODE_611_length_52292_cov_7.761816_6	COG4430	226851	2.14e-32	28.877	YdeI	Uncharacterized conserved protein YdeI, YjbR/CyaY-like superfamily, DUF1801 family	S	Function unknown
NODE_611_length_52292_cov_7.761816_7	COG2226	225136	2.68e-15	36.29	UbiE	Ubiquinone/menaquinone biosynthesis C-methylase UbiE/MenG	H	Coenzyme transport and metabolism
NODE_611_length_52292_cov_7.761816_8	COG3695	226219	2.3e-13	38.202	Atl1	Alkylated DNA nucleotide flippase Atl1, participates in nucleotide excision repair, Ada-like DNA-binding domain	K	Transcription
NODE_611_length_52292_cov_7.761816_10	COG2814	225371	1.21e-08	25.581	AraJ	Predicted arabinose efflux permease AraJ, MFS family	G	Carbohydrate transport and metabolism
NODE_611_length_52292_cov_7.761816_11	COG1846	224759	3.96e-16	28.696	MarR	DNA-binding transcriptional regulator, MarR family	K	Transcription
NODE_611_length_52292_cov_7.761816_12	COG0492	223566	5.81e-52	33.437	TrxB	Thioredoxin reductase	O	Posttranslational modification, protein turnover, chaperones
NODE_611_length_52292_cov_7.761816_16	COG1670	224584	3.7e-23	25.862	RimL	Protein N-acetyltransferase, RimJ/RimL family	J	Translation, ribosomal structure and biogenesis
NODE_611_length_52292_cov_7.761816_17	COG3544	226074	7.6e-21	40.187		Uncharacterized conserved protein, DUF305 family	S	Function unknown
NODE_611_length_52292_cov_7.761816_18	COG0753	223824	0.0	51.775	KatE	Catalase	P	Inorganic ion transport and metabolism
NODE_611_length_52292_cov_7.761816_19	COG2764	225356	2.45e-22	30.0	PhnB	Zn-dependent glyoxalase, PhnB family	C	Energy production and conversion
NODE_611_length_52292_cov_7.761816_20	COG1309	224228	3.2e-09	23.958	AcrR	DNA-binding protein, AcrR family, includes nucleoid occlusion protein SlmA	K	Transcription
NODE_611_length_52292_cov_7.761816_22	COG4260	226711	1.23e-14	22.814	YdjI	Membrane protease subunit, stomatin/prohibitin family, contains C-terminal Zn-ribbon domain	O	Posttranslational modification, protein turnover, chaperones
NODE_611_length_52292_cov_7.761816_24	COG0415	223492	3.59e-94	29.485	PhrB	Deoxyribodipyrimidine photolyase	L	Replication, recombination and repair
NODE_611_length_52292_cov_7.761816_26	COG0534	223608	6.46e-29	24.355	NorM	Na+-driven multidrug efflux pump, DinF/NorM/MATE family	V	Defense mechanisms
NODE_611_length_52292_cov_7.761816_28	COG3424	225958	3.08e-96	40.115	BH0617	Predicted naringenin-chalcone synthase	Q	Secondary metabolites biosynthesis, transport and catabolism
NODE_611_length_52292_cov_7.761816_29	COG1755	224669	7.1e-34	29.448	YpbQ	Uncharacterized conserved protein YpbQ, isoprenylcysteine carboxyl methyltransferase (ICMT) family	S	Function unknown
NODE_611_length_52292_cov_7.761816_31	COG2814	225371	3.54e-10	25.0	AraJ	Predicted arabinose efflux permease AraJ, MFS family	G	Carbohydrate transport and metabolism
NODE_611_length_52292_cov_7.761816_32	COG2050	224961	1.05e-26	28.0	PaaI	Acyl-CoA thioesterase PaaI, contains HGG motif	Q	Secondary metabolites biosynthesis, transport and catabolism
NODE_611_length_52292_cov_7.761816_33	COG1309	224228	3.01e-15	24.737	AcrR	DNA-binding protein, AcrR family, includes nucleoid occlusion protein SlmA	K	Transcription
NODE_611_length_52292_cov_7.761816_34	COG0513	223587	2.57e-155	37.75	SrmB	Superfamily II DNA and RNA helicase	L	Replication, recombination and repair
NODE_611_length_52292_cov_7.761816_35	COG1629	224544	0.000325	16.203	CirA	Outer membrane receptor protein, Fe transport	P	Inorganic ion transport and metabolism
NODE_611_length_52292_cov_7.761816_37	COG0477	223553	0.007	15.646	ProP	MFS family permease, includes anhydromuropeptide permease AmpG	G	Carbohydrate transport and metabolism
NODE_611_length_52292_cov_7.761816_38	COG2609	225329	0.0	65.579	AceE	Pyruvate dehydrogenase complex, dehydrogenase (E1) component	C	Energy production and conversion
NODE_611_length_52292_cov_7.761816_39	COG0508	223582	4.37e-19	43.038	AceF	Pyruvate/2-oxoglutarate dehydrogenase complex, dihydrolipoamide acyltransferase (E2) component	C	Energy production and conversion
NODE_611_length_52292_cov_7.761816_40	COG0508	223582	8.31e-129	43.97	AceF	Pyruvate/2-oxoglutarate dehydrogenase complex, dihydrolipoamide acyltransferase (E2) component	C	Energy production and conversion
NODE_611_length_52292_cov_7.761816_42	COG1061	223989	4.05e-66	35.112	SSL2	Superfamily II DNA or RNA helicase	K	Transcription
NODE_611_length_52292_cov_7.761816_44	COG0294	223371	2.15e-68	42.857	FolP	Dihydropteroate synthase	H	Coenzyme transport and metabolism
NODE_611_length_52292_cov_7.761816_45	COG1469	224386	3.84e-78	38.079	FolE2	GTP cyclohydrolase FolE2	H	Coenzyme transport and metabolism
NODE_611_length_52292_cov_7.761816_46	COG2723	225343	5.66e-13	23.037	BglB	Beta-glucosidase/6-phospho-beta-glucosidase/beta-galactosidase	G	Carbohydrate transport and metabolism
NODE_611_length_52292_cov_7.761816_47	COG4430	226851	0.000628	40.678	YdeI	Uncharacterized conserved protein YdeI, YjbR/CyaY-like superfamily, DUF1801 family	S	Function unknown
NODE_611_length_52292_cov_7.761816_48	COG1295	224214	2.34e-47	29.71	BrkB	Uncharacterized membrane protein, BrkB/YihY/UPF0761 family (not an RNase)	S	Function unknown
NODE_611_length_52292_cov_7.761816_49	COG0438	223515	9.02e-08	25.325	RfaB	Glycosyltransferase involved in cell wall bisynthesis	M	Cell wall/membrane/envelope biogenesis
NODE_611_length_52292_cov_7.761816_51	COG0501	223575	3.09e-22	24.39	HtpX	Zn-dependent protease with chaperone function	O	Posttranslational modification, protein turnover, chaperones
NODE_630_length_51744_cov_7.903248_1	COG0065	223143	5.53e-88	48.718	LeuC	Homoaconitase/3-isopropylmalate dehydratase large subunit	E	Amino acid transport and metabolism
NODE_630_length_51744_cov_7.903248_2	COG0066	223144	1.13e-59	44.068	LeuD	3-isopropylmalate dehydratase small subunit	E	Amino acid transport and metabolism
NODE_630_length_51744_cov_7.903248_3	COG0810	223880	1.54e-08	24.0	TonB	Periplasmic protein TonB, links inner and outer membranes	M	Cell wall/membrane/envelope biogenesis
NODE_630_length_51744_cov_7.903248_4	COG1171	224092	6.39e-108	46.974	IlvA	Threonine deaminase	E	Amino acid transport and metabolism
NODE_630_length_51744_cov_7.903248_5	COG1999	224910	3.4e-31	35.032	Sco1	Cytochrome oxidase Cu insertion factor, SCO1/SenC/PrrC family	O	Posttranslational modification, protein turnover, chaperones
NODE_630_length_51744_cov_7.903248_8	COG3511	226042	1.69e-40	25.156	PlcC	Phospholipase C	M	Cell wall/membrane/envelope biogenesis
NODE_630_length_51744_cov_7.903248_9	COG0708	223780	2.05e-93	40.613	XthA	Exonuclease III	L	Replication, recombination and repair
NODE_630_length_51744_cov_7.903248_11	COG0300	223377	4.69e-34	26.786	YqjQ	Short-chain dehydrogenase	R	General function prediction only
NODE_630_length_51744_cov_7.903248_12	COG0343	223420	1.25e-180	55.493	Tgt	Queuine/archaeosine tRNA-ribosyltransferase	J	Translation, ribosomal structure and biogenesis
NODE_630_length_51744_cov_7.903248_13	COG0564	223638	9.2e-92	49.583	RluA	Pseudouridine synthase RluA, 23S rRNA- or tRNA-specific	J	Translation, ribosomal structure and biogenesis
NODE_630_length_51744_cov_7.903248_14	COG0597	223670	2.3e-33	34.228	LspA	Lipoprotein signal peptidase	M	Cell wall/membrane/envelope biogenesis
NODE_630_length_51744_cov_7.903248_15	COG0785	223856	5.84e-41	41.364	CcdA	Cytochrome c biogenesis protein CcdA	C	Energy production and conversion
NODE_630_length_51744_cov_7.903248_17	COG1235	224156	1.69e-11	28.571	PhnP	Phosphoribosyl 1,2-cyclic phosphate phosphodiesterase	P	Inorganic ion transport and metabolism
NODE_630_length_51744_cov_7.903248_18	COG0535	223609	3.18e-52	30.725	SkfB	Radical SAM superfamily maturase, SkfB/NifB/PqqE family	D	Cell cycle control, cell division, chromosome partitioning
NODE_630_length_51744_cov_7.903248_20	COG5424	227711	1.3e-52	37.089	PqqC	Pyrroloquinoline quinone (PQQ) biosynthesis protein C	H	Coenzyme transport and metabolism
NODE_630_length_51744_cov_7.903248_22	COG0682	223754	6.58e-45	32.292	Lgt	Prolipoprotein diacylglyceryltransferase	M	Cell wall/membrane/envelope biogenesis
NODE_630_length_51744_cov_7.903248_23	COG0325	223402	7.37e-78	43.612	YggS	Pyridoxal 5'-phosphate homeostasis protein YggS, UPF0001 family	H	Coenzyme transport and metabolism
NODE_630_length_51744_cov_7.903248_24	COG1799	224712	9.2e-22	27.439	SepF	Cell division protein SepF/YlmF, interacts with FtsZ	D	Cell cycle control, cell division, chromosome partitioning
NODE_630_length_51744_cov_7.903248_25	COG3599	226127	2.89e-12	28.025	DivIVA	Cell division septum initiation protein DivIVA, interacts with FtsZ and MinD	D	Cell cycle control, cell division, chromosome partitioning
NODE_630_length_51744_cov_7.903248_26	COG0473	223549	3.3e-141	49.711	LeuB	Isocitrate/isopropylmalate dehydrogenase	C	Energy production and conversion
NODE_630_length_51744_cov_7.903248_28	COG0747	223818	1.78e-83	27.839	DdpA	ABC-type transport system, periplasmic component	E	Amino acid transport and metabolism
NODE_630_length_51744_cov_7.903248_30	COG4280	226730	2.08e-52	41.704		Uncharacterized membrane protein	S	Function unknown
NODE_630_length_51744_cov_7.903248_31	COG3576	226105	1.15e-38	36.047		Predicted flavin-nucleotide-binding protein, pyridoxine 5'-phosphate oxidase superfamily	R	General function prediction only
NODE_630_length_51744_cov_7.903248_32	COG0612	223685	6.38e-77	29.438	PqqL	Predicted Zn-dependent peptidase, M16 family	R	General function prediction only
NODE_630_length_51744_cov_7.903248_33	COG4101	226586	2.9e-49	39.041	RmlC	Uncharacterized conserved protein, RmlC-like cupin domain	R	General function prediction only
NODE_630_length_51744_cov_7.903248_35	COG2172	225083	6.61e-07	24.719	RsbW	Anti-sigma regulatory factor (Ser/Thr protein kinase)	T	Signal transduction mechanisms
NODE_630_length_51744_cov_7.903248_37	COG0178	223256	0.0	39.71	UvrA	Excinuclease UvrABC ATPase subunit	L	Replication, recombination and repair
NODE_630_length_51744_cov_7.903248_38	COG0579	223652	2.86e-130	33.474	LhgO	L-2-hydroxyglutarate oxidase LhgO	G	Carbohydrate transport and metabolism
NODE_630_length_51744_cov_7.903248_39	COG2021	224932	1.23e-61	34.125	MET2	Homoserine O-acetyltransferase	E	Amino acid transport and metabolism
NODE_630_length_51744_cov_7.903248_40	COG2208	225118	3.16e-33	31.429	RsbU	Phosphoserine phosphatase RsbU, regulator of sigma subunit	T	Signal transduction mechanisms
NODE_630_length_51744_cov_7.903248_41	COG3483	226014	8.25e-108	60.385	TDO2	Tryptophan 2,3-dioxygenase (vermilion)	E	Amino acid transport and metabolism
NODE_630_length_51744_cov_7.903248_42	COG0596	223669	2.38e-19	25.874	MenH	2-succinyl-6-hydroxy-2,4-cyclohexadiene-1-carboxylate synthase MenH and related esterases, alpha/beta hydrolase fold	H	Coenzyme transport and metabolism
NODE_630_length_51744_cov_7.903248_43	COG2198	225108	8.51e-10	36.842	HPtr	HPt (histidine-containing phosphotransfer) domain	T	Signal transduction mechanisms
NODE_630_length_51744_cov_7.903248_44	COG0642	223715	1.16e-55	36.462	BaeS	Signal transduction histidine kinase	T	Signal transduction mechanisms
NODE_630_length_51744_cov_7.903248_46	COG0438	223515	4.23e-41	26.844	RfaB	Glycosyltransferase involved in cell wall bisynthesis	M	Cell wall/membrane/envelope biogenesis
NODE_630_length_51744_cov_7.903248_47	COG0745	223816	5.23e-30	44.915	OmpR	DNA-binding response regulator, OmpR family, contains REC and winged-helix (wHTH) domain	T	Signal transduction mechanisms
NODE_630_length_51744_cov_7.903248_49	COG0726	223798	5.15e-07	24.818	CDA1	Peptidoglycan/xylan/chitin deacetylase, PgdA/NodB/CDA1 family	G	Carbohydrate transport and metabolism
NODE_630_length_51744_cov_7.903248_50	COG3960	226469	0.0	62.111	Gcl	Glyoxylate carboligase	Q	Secondary metabolites biosynthesis, transport and catabolism
NODE_630_length_51744_cov_7.903248_51	COG3622	226149	1.87e-143	59.231	Hyi	Hydroxypyruvate/dehydroerythronate isomerase, Hyi/OtnI family	G	Carbohydrate transport and metabolism
NODE_630_length_51744_cov_7.903248_52	COG2084	224995	2.94e-123	50.0	MmsB	3-hydroxyisobutyrate dehydrogenase or related beta-hydroxyacid dehydrogenase	I	Lipid transport and metabolism
NODE_715_length_49131_cov_7.287921_1	COG1022	223953	8.13e-31	30.508	FAA1	Long-chain acyl-CoA synthetase (AMP-forming)	I	Lipid transport and metabolism
NODE_715_length_49131_cov_7.287921_2	COG2609	225329	0.0	57.961	AceE	Pyruvate dehydrogenase complex, dehydrogenase (E1) component	C	Energy production and conversion
NODE_715_length_49131_cov_7.287921_3	COG0388	223465	5.8e-44	28.47	Nit2	Omega-amidase YafV/Nit2, hydrolyzes alpha-ketoglutaramate	C	Energy production and conversion
NODE_715_length_49131_cov_7.287921_5	COG3631	226158	1.43e-08	24.409	YesE	Ketosteroid isomerase-related protein	R	General function prediction only
NODE_715_length_49131_cov_7.287921_8	COG4447	226855	7.96e-07	21.577		Uncharacterized conserved protein related to plant photosystem II stability/assembly factor	R	General function prediction only
NODE_715_length_49131_cov_7.287921_10	COG2226	225136	1.72e-16	38.182	UbiE	Ubiquinone/menaquinone biosynthesis C-methylase UbiE/MenG	H	Coenzyme transport and metabolism
NODE_715_length_49131_cov_7.287921_11	COG0702	223774	2.18e-20	26.812	YbjT	Uncharacterized conserved protein YbjT, contains NAD(P)-binding and DUF2867 domains	R	General function prediction only
NODE_715_length_49131_cov_7.287921_12	COG1846	224759	1.4e-11	28.182	MarR	DNA-binding transcriptional regulator, MarR family	K	Transcription
NODE_715_length_49131_cov_7.287921_13	COG3794	226317	5.74e-17	31.776	PetE	Plastocyanin	C	Energy production and conversion
NODE_715_length_49131_cov_7.287921_15	COG2152	225063	2.69e-18	25.0		Predicted glycosyl hydrolase, GH43/DUF377 family	G	Carbohydrate transport and metabolism
NODE_715_length_49131_cov_7.287921_17	COG0664	223736	6.8e-37	32.796	Crp	cAMP-binding domain of CRP or a regulatory subunit of cAMP-dependent protein kinases	T	Signal transduction mechanisms
NODE_715_length_49131_cov_7.287921_18	COG1011	223943	4.47e-09	22.013	YigB	FMN and 5-amino-6-(5-phospho-D-ribitylamino)uracil phosphatase YigB, HAD superfamily (riboflavin biosynthesis)	H	Coenzyme transport and metabolism
NODE_715_length_49131_cov_7.287921_19	COG0025	223104	4.2e-78	33.333	NhaP	NhaP-type Na+/H+ or K+/H+ antiporter	P	Inorganic ion transport and metabolism
NODE_715_length_49131_cov_7.287921_20	COG0596	223669	4.03e-45	30.662	MenH	2-succinyl-6-hydroxy-2,4-cyclohexadiene-1-carboxylate synthase MenH and related esterases, alpha/beta hydrolase fold	H	Coenzyme transport and metabolism
NODE_715_length_49131_cov_7.287921_21	COG0496	223570	3.29e-102	48.193	SurE	Broad specificity polyphosphatase and 5'/3'-nucleotidase SurE	L	Replication, recombination and repair
NODE_715_length_49131_cov_7.287921_22	COG1950	224861	2.48e-14	54.464	YvlD	Uncharacterized membrane protein YvlD, DUF360 family	S	Function unknown
NODE_715_length_49131_cov_7.287921_25	COG0322	223399	8.32e-93	40.256	UvrC	Excinuclease UvrABC, nuclease subunit	L	Replication, recombination and repair
NODE_715_length_49131_cov_7.287921_26	COG0322	223399	8.5e-105	44.056	UvrC	Excinuclease UvrABC, nuclease subunit	L	Replication, recombination and repair
NODE_715_length_49131_cov_7.287921_28	COG0586	223659	2.78e-35	35.714	DedA	Membrane integrity protein DedA, putative transporter, DedA/Tvp38 family	M	Cell wall/membrane/envelope biogenesis
NODE_715_length_49131_cov_7.287921_29	COG0542	223616	1.27e-14	22.388	ClpA	ATP-dependent Clp protease, ATP-binding subunit ClpA	O	Posttranslational modification, protein turnover, chaperones
NODE_715_length_49131_cov_7.287921_30	COG0569	223643	5.74e-44	27.727	TrkA	Trk/Ktr K+ transport system regulatory component TrkA/KtrA/KtrC, RCK domain	P	Inorganic ion transport and metabolism
NODE_715_length_49131_cov_7.287921_31	COG0569	223643	2.17e-27	28.23	TrkA	Trk/Ktr K+ transport system regulatory component TrkA/KtrA/KtrC, RCK domain	P	Inorganic ion transport and metabolism
NODE_715_length_49131_cov_7.287921_33	COG1695	224609	3.38e-13	28.947	PadR	DNA-binding transcriptional regulator, PadR family	K	Transcription
NODE_715_length_49131_cov_7.287921_35	COG2060	224971	0.0	58.961	KdpA	K+-transporting ATPase, KdpA subunit	P	Inorganic ion transport and metabolism
NODE_715_length_49131_cov_7.287921_36	COG2216	225126	0.0	70.235	KdpB	K+ transport ATPase, ATPase subunit KdpB	P	Inorganic ion transport and metabolism
NODE_715_length_49131_cov_7.287921_37	COG2156	225067	2.45e-85	51.892	KdpC	K+-transporting ATPase, KdpC subunit	P	Inorganic ion transport and metabolism
NODE_715_length_49131_cov_7.287921_40	COG2205	225115	3.88e-94	43.44	KdpD	K+-sensing histidine kinase KdpD	T	Signal transduction mechanisms
NODE_715_length_49131_cov_7.287921_41	COG0642	223715	2.98e-36	27.515	BaeS	Signal transduction histidine kinase	T	Signal transduction mechanisms
NODE_715_length_49131_cov_7.287921_42	COG2197	225107	1.43e-62	43.961	CitB	DNA-binding response regulator, NarL/FixJ family, contains REC and HTH domains	T	Signal transduction mechanisms
NODE_715_length_49131_cov_7.287921_44	COG4291	226741	0.004	25.114		Uncharacterized membrane protein	S	Function unknown
NODE_715_length_49131_cov_7.287921_45	COG0120	223198	3.11e-87	47.598	RpiA	Ribose 5-phosphate isomerase	G	Carbohydrate transport and metabolism
NODE_715_length_49131_cov_7.287921_46	COG0535	223609	1.21e-13	23.832	SkfB	Radical SAM superfamily maturase, SkfB/NifB/PqqE family	D	Cell cycle control, cell division, chromosome partitioning
NODE_715_length_49131_cov_7.287921_47	COG0253	223331	3.84e-61	41.199	DapF	Diaminopimelate epimerase	E	Amino acid transport and metabolism
NODE_715_length_49131_cov_7.287921_48	COG1923	224834	4.18e-26	42.647	Hfq	sRNA-binding regulator protein Hfq	T	Signal transduction mechanisms
NODE_715_length_49131_cov_7.287921_49	COG0324	223401	5.86e-79	39.933	MiaA	tRNA A37 N6-isopentenylltransferase MiaA	J	Translation, ribosomal structure and biogenesis
NODE_715_length_49131_cov_7.287921_50	COG0323	223400	1.45e-118	30.427	MutL	DNA mismatch repair ATPase MutL	L	Replication, recombination and repair
NODE_807_length_46047_cov_7.199752_1	COG2200	225110	1.81e-56	30.29	EAL	EAL domain, c-di-GMP-specific phosphodiesterase class I (or its enzymatically inactive variant)	T	Signal transduction mechanisms
NODE_807_length_46047_cov_7.199752_3	COG2070	224981	6.39e-51	36.336	YrpB	NAD(P)H-dependent flavin oxidoreductase YrpB, nitropropane dioxygenase family	R	General function prediction only
NODE_807_length_46047_cov_7.199752_5	COG2208	225118	1.2e-37	32.8	RsbU	Phosphoserine phosphatase RsbU, regulator of sigma subunit	T	Signal transduction mechanisms
NODE_807_length_46047_cov_7.199752_6	COG0071	223149	1.84e-17	25.926	IbpA	Small heat shock protein IbpA, HSP20 family	O	Posttranslational modification, protein turnover, chaperones
NODE_807_length_46047_cov_7.199752_9	COG2208	225118	4.51e-26	26.69	RsbU	Phosphoserine phosphatase RsbU, regulator of sigma subunit	T	Signal transduction mechanisms
NODE_807_length_46047_cov_7.199752_10	COG0740	223811	3.88e-97	58.706	ClpP	ATP-dependent protease ClpP, protease subunit	O	Posttranslational modification, protein turnover, chaperones
NODE_807_length_46047_cov_7.199752_11	COG1638	224553	4.67e-104	37.003	DctP	TRAP-type C4-dicarboxylate transport system, periplasmic component	G	Carbohydrate transport and metabolism
NODE_807_length_46047_cov_7.199752_12	COG1593	224509	2.14e-99	38.564	DctQ	TRAP-type C4-dicarboxylate transport system, large permease component	G	Carbohydrate transport and metabolism
NODE_807_length_46047_cov_7.199752_13	COG0086	223164	0.0	47.398	RpoC	DNA-directed RNA polymerase, beta' subunit/160 kD subunit	K	Transcription
NODE_807_length_46047_cov_7.199752_14	COG2197	225107	8.91e-07	35.593	CitB	DNA-binding response regulator, NarL/FixJ family, contains REC and HTH domains	T	Signal transduction mechanisms
NODE_807_length_46047_cov_7.199752_15	COG3093	225635	1.41e-28	36.893	VapI	Plasmid maintenance system antidote protein VapI, contains XRE-type HTH domain	V	Defense mechanisms
NODE_807_length_46047_cov_7.199752_17	COG0539	223613	1.12e-50	36.502	RpsA	Ribosomal protein S1	J	Translation, ribosomal structure and biogenesis
NODE_807_length_46047_cov_7.199752_27	COG0205	223283	1.15e-68	30.295	PfkA	6-phosphofructokinase	G	Carbohydrate transport and metabolism
NODE_807_length_46047_cov_7.199752_30	COG2200	225110	1.96e-87	45.038	EAL	EAL domain, c-di-GMP-specific phosphodiesterase class I (or its enzymatically inactive variant)	T	Signal transduction mechanisms
NODE_807_length_46047_cov_7.199752_31	COG0160	223238	1.88e-132	41.527	ArgD	Acetylornithine aminotransferase/4-aminobutyrate aminotransferase	E	Amino acid transport and metabolism
NODE_807_length_46047_cov_7.199752_32	COG0229	223307	3.52e-75	54.264	MsrB	Peptide methionine sulfoxide reductase MsrB	O	Posttranslational modification, protein turnover, chaperones
NODE_807_length_46047_cov_7.199752_34	COG0657	223730	2.66e-39	31.746	Aes	Acetyl esterase/lipase	I	Lipid transport and metabolism
NODE_807_length_46047_cov_7.199752_35	COG0300	223377	5.82e-45	29.818	YqjQ	Short-chain dehydrogenase	R	General function prediction only
NODE_807_length_46047_cov_7.199752_36	COG0667	223739	1.39e-125	45.016	PdxI	Pyridoxal reductase PdxI or related oxidoreductase, aldo/keto reductase family	H	Coenzyme transport and metabolism
NODE_807_length_46047_cov_7.199752_38	COG1940	224851	9.67e-50	37.255	NagC	Sugar kinase of the NBD/HSP70 family, may contain an N-terminal HTH domain	G	Carbohydrate transport and metabolism
NODE_807_length_46047_cov_7.199752_40	COG0235	223313	2.16e-60	35.533	AraD	5-methylthioribulose/5-deoxyribulose/Fuculose 1-phosphate aldolase (methionine salvage, sugar degradation)	E	Amino acid transport and metabolism
NODE_807_length_46047_cov_7.199752_41	COG2818	225374	4.16e-36	37.778	Tag	3-methyladenine DNA glycosylase Tag	L	Replication, recombination and repair
NODE_807_length_46047_cov_7.199752_42	COG0204	223282	7.09e-13	27.619	PlsC	1-acyl-sn-glycerol-3-phosphate acyltransferase	I	Lipid transport and metabolism
NODE_807_length_46047_cov_7.199752_43	COG2324	225206	2.05e-35	34.562		Uncharacterized membrane protein	S	Function unknown
NODE_807_length_46047_cov_7.199752_44	COG0463	223539	4.2e-18	19.649	WcaA	Glycosyltransferase involved in cell wall bisynthesis	M	Cell wall/membrane/envelope biogenesis
NODE_807_length_46047_cov_7.199752_45	COG1647	224561	5.08e-13	30.0	YvaK	Esterase/lipase	Q	Secondary metabolites biosynthesis, transport and catabolism
NODE_807_length_46047_cov_7.199752_46	COG1647	224561	6.35e-12	30.275	YvaK	Esterase/lipase	Q	Secondary metabolites biosynthesis, transport and catabolism
NODE_807_length_46047_cov_7.199752_48	COG1366	224285	0.004	25.893	SpoIIAA	Anti-anti-sigma regulatory factor (antagonist of anti-sigma factor)	T	Signal transduction mechanisms
NODE_807_length_46047_cov_7.199752_49	COG2261	225170	4.29e-06	53.061	YeaQ	Uncharacterized membrane protein YeaQ/YmgE, transglycosylase-associated protein family	R	General function prediction only
NODE_894_length_43720_cov_8.147738_1	COG2242	225151	2.04e-07	39.024	CobL	Precorrin-6B methylase 2	H	Coenzyme transport and metabolism
NODE_894_length_43720_cov_8.147738_2	COG0656	223729	1.24e-85	38.516	ARA1	Aldo/keto reductase, related to diketogulonate reductase	Q	Secondary metabolites biosynthesis, transport and catabolism
NODE_894_length_43720_cov_8.147738_3	COG1012	223944	4.99e-117	33.259	AdhE	Acyl-CoA reductase or other NAD-dependent aldehyde dehydrogenase	I	Lipid transport and metabolism
NODE_894_length_43720_cov_8.147738_4	COG0747	223818	2.72e-92	28.269	DdpA	ABC-type transport system, periplasmic component	E	Amino acid transport and metabolism
NODE_894_length_43720_cov_8.147738_5	COG1247	224168	2.16e-05	21.023	MnaT	L-amino acid N-acyltransferase MnaT	E	Amino acid transport and metabolism
NODE_894_length_43720_cov_8.147738_6	COG1522	224439	1.78e-32	40.31	Lrp	DNA-binding transcriptional regulator, Lrp family	K	Transcription
NODE_894_length_43720_cov_8.147738_7	COG1063	223991	9.25e-07	23.81	Tdh	Threonine dehydrogenase or related Zn-dependent dehydrogenase	E	Amino acid transport and metabolism
NODE_894_length_43720_cov_8.147738_8	COG1509	224426	4.69e-117	38.441	EpmB	L-lysine 2,3-aminomutase (EF-P beta-lysylation pathway)	E	Amino acid transport and metabolism
NODE_894_length_43720_cov_8.147738_10	COG0620	223693	6.78e-58	28.857	MetE	Methionine synthase II (cobalamin-independent)	E	Amino acid transport and metabolism
NODE_894_length_43720_cov_8.147738_11	COG1359	224278	7.17e-25	42.105	YgiN	Quinol monooxygenase YgiN	C	Energy production and conversion
NODE_894_length_43720_cov_8.147738_12	COG1770	224684	0.0	50.882	PtrB	Protease II	E	Amino acid transport and metabolism
NODE_894_length_43720_cov_8.147738_13	COG2764	225356	9.01e-34	37.313	PhnB	Zn-dependent glyoxalase, PhnB family	C	Energy production and conversion
NODE_894_length_43720_cov_8.147738_14	COG0451	223528	5.13e-23	23.684	WcaG	Nucleoside-diphosphate-sugar epimerase	M	Cell wall/membrane/envelope biogenesis
NODE_894_length_43720_cov_8.147738_15	COG0567	223641	0.0	45.97	SucA	2-oxoglutarate dehydrogenase complex, dehydrogenase (E1) component, and related enzymes	C	Energy production and conversion
NODE_894_length_43720_cov_8.147738_16	COG3794	226317	9.52e-17	36.905	PetE	Plastocyanin	C	Energy production and conversion
NODE_894_length_43720_cov_8.147738_17	COG1028	223959	4.2e-52	38.521	FabG	NAD(P)-dependent dehydrogenase, short-chain alcohol dehydrogenase family	I	Lipid transport and metabolism
NODE_894_length_43720_cov_8.147738_18	COG0697	223769	2.22e-16	25.524	RhaT	Permease of the drug/metabolite transporter (DMT) superfamily	G	Carbohydrate transport and metabolism
NODE_894_length_43720_cov_8.147738_19	COG0451	223528	2.69e-21	23.762	WcaG	Nucleoside-diphosphate-sugar epimerase	M	Cell wall/membrane/envelope biogenesis
NODE_894_length_43720_cov_8.147738_20	COG2814	225371	4.87e-28	24.194	AraJ	Predicted arabinose efflux permease AraJ, MFS family	G	Carbohydrate transport and metabolism
NODE_894_length_43720_cov_8.147738_21	COG1249	224169	7.4e-118	36.235	Lpd	Dihydrolipoamide dehydrogenase (E3) component of pyruvate/2-oxoglutarate dehydrogenase complex or glutathione oxidoreductase	C	Energy production and conversion
NODE_894_length_43720_cov_8.147738_24	COG1273	224192	6.44e-100	42.049	YkoV	Non-homologous end joining protein Ku, dsDNA break repair	L	Replication, recombination and repair
NODE_894_length_43720_cov_8.147738_25	COG1960	224871	1.98e-79	31.148	CaiA	Acyl-CoA dehydrogenase related to the alkylation response protein AidB	I	Lipid transport and metabolism
NODE_894_length_43720_cov_8.147738_26	COG3285	225823	1.28e-91	40.645	LigD	Eukaryotic-type DNA primase	L	Replication, recombination and repair
NODE_894_length_43720_cov_8.147738_27	COG1793	224706	4.78e-89	31.134	CDC9	ATP-dependent DNA ligase	L	Replication, recombination and repair
NODE_894_length_43720_cov_8.147738_32	COG0111	223189	2.98e-96	45.706	SerA	Phosphoglycerate dehydrogenase or related dehydrogenase	H	Coenzyme transport and metabolism
NODE_894_length_43720_cov_8.147738_33	COG0406	223483	2.79e-50	37.566	PhoE	Broad specificity phosphatase PhoE	G	Carbohydrate transport and metabolism
NODE_894_length_43720_cov_8.147738_35	COG0013	223092	0.0	44.607	AlaS	Alanyl-tRNA synthetase	J	Translation, ribosomal structure and biogenesis
NODE_894_length_43720_cov_8.147738_37	COG1191	224112	2.41e-63	41.964	FliA	DNA-directed RNA polymerase specialized sigma subunit	K	Transcription
NODE_894_length_43720_cov_8.147738_38	COG2172	225083	1.28e-10	22.414	RsbW	Anti-sigma regulatory factor (Ser/Thr protein kinase)	T	Signal transduction mechanisms
NODE_894_length_43720_cov_8.147738_39	COG1366	224285	2.92e-26	35.652	SpoIIAA	Anti-anti-sigma regulatory factor (antagonist of anti-sigma factor)	T	Signal transduction mechanisms
NODE_894_length_43720_cov_8.147738_40	COG4980	227313	5.89e-08	36.842	GvpP	Gas vesicle protein YhaH	R	General function prediction only
NODE_894_length_43720_cov_8.147738_42	COG1104	224029	1.41e-121	49.359	NifS	Cysteine desulfurase/Cysteine sulfinate desulfinase IscS or related enzyme, NifS family	E	Amino acid transport and metabolism
NODE_905_length_43482_cov_7.604117_2	COG1240	224161	5.33e-10	33.065	ChlD	vWFA (von Willebrand factor type A) domain of Mg and Co chelatases	H	Coenzyme transport and metabolism
NODE_905_length_43482_cov_7.604117_3	COG2814	225371	1.22e-13	21.854	AraJ	Predicted arabinose efflux permease AraJ, MFS family	G	Carbohydrate transport and metabolism
NODE_905_length_43482_cov_7.604117_5	COG1404	224322	2.34e-11	28.692	AprE	Serine protease, subtilisin family	O	Posttranslational modification, protein turnover, chaperones
NODE_905_length_43482_cov_7.604117_6	COG0259	223337	8.61e-103	53.623	PdxH	Pyridoxine/pyridoxamine 5'-phosphate oxidase	H	Coenzyme transport and metabolism
NODE_905_length_43482_cov_7.604117_7	COG2226	225136	1.46e-22	31.034	UbiE	Ubiquinone/menaquinone biosynthesis C-methylase UbiE/MenG	H	Coenzyme transport and metabolism
NODE_905_length_43482_cov_7.604117_8	COG3301	225838	9.83e-17	26.78	NrfD	Nitrite/polysulfide reductase, membrane component NrfD/PsrC	P	Inorganic ion transport and metabolism
NODE_905_length_43482_cov_7.604117_9	COG0437	223514	4.86e-43	33.831	HybA	Fe-S-cluster-containing dehydrogenase component (DMSO reductase)	C	Energy production and conversion
NODE_905_length_43482_cov_7.604117_10	COG0243	223321	4.9e-68	21.86	BisC	Anaerobic selenocysteine-containing dehydrogenase	C	Energy production and conversion
NODE_905_length_43482_cov_7.604117_11	COG3383	225918	2.44e-18	30.38	YjgC	Predicted molibdopterin-dependent oxidoreductase YjgC	R	General function prediction only
NODE_905_length_43482_cov_7.604117_12	COG3569	226099	5.83e-108	45.954	Top1	DNA topoisomerase IB	L	Replication, recombination and repair
NODE_905_length_43482_cov_7.604117_13	COG0122	223200	1.05e-27	26.316	AlkA	3-methyladenine DNA glycosylase/8-oxoguanine DNA glycosylase	L	Replication, recombination and repair
NODE_905_length_43482_cov_7.604117_15	COG2072	224983	1.61e-143	39.238	CzcO	Predicted flavoprotein CzcO associated with the cation diffusion facilitator CzcD	P	Inorganic ion transport and metabolism
NODE_905_length_43482_cov_7.604117_16	COG0458	223534	0.0	60.68	CarB	Carbamoylphosphate synthase large subunit	E	Amino acid transport and metabolism
NODE_905_length_43482_cov_7.604117_18	COG0674	223746	1.06e-65	32.308	PorA	Pyruvate:ferredoxin oxidoreductase or related 2-oxoacid:ferredoxin oxidoreductase, alpha subunit	C	Energy production and conversion
NODE_905_length_43482_cov_7.604117_19	COG1013	223945	1.71e-65	39.189	PorB	Pyruvate:ferredoxin oxidoreductase or related 2-oxoacid:ferredoxin oxidoreductase, beta subunit	C	Energy production and conversion
NODE_905_length_43482_cov_7.604117_20	COG0667	223739	8.93e-118	45.455	PdxI	Pyridoxal reductase PdxI or related oxidoreductase, aldo/keto reductase family	H	Coenzyme transport and metabolism
NODE_905_length_43482_cov_7.604117_22	COG0346	223423	7.15e-05	17.857	GloA	Catechol 2,3-dioxygenase or related enzyme, vicinal oxygen chelate (VOC) family	Q	Secondary metabolites biosynthesis, transport and catabolism
NODE_905_length_43482_cov_7.604117_24	COG1695	224609	3.55e-18	28.358	PadR	DNA-binding transcriptional regulator, PadR family	K	Transcription
NODE_905_length_43482_cov_7.604117_25	COG0154	223232	5.58e-97	33.984	GatA	Asp-tRNAAsn/Glu-tRNAGln amidotransferase A subunit or related amidase	J	Translation, ribosomal structure and biogenesis
NODE_905_length_43482_cov_7.604117_27	COG3794	226317	5.45e-10	23.171	PetE	Plastocyanin	C	Energy production and conversion
NODE_905_length_43482_cov_7.604117_29	COG0398	223475	1.69e-10	16.043	TVP38	Uncharacterized membrane protein YdjX, related to fungal oxalate transporter, TVP38/TMEM64 family	S	Function unknown
NODE_905_length_43482_cov_7.604117_31	COG0318	223395	1.79e-128	37.066	MenE/FadK	O-succinylbenzoic acid-CoA ligase MenE or related acyl-CoA synthetase (AMP-forming)	I	Lipid transport and metabolism
NODE_905_length_43482_cov_7.604117_32	COG1020	223951	1.98e-141	38.015	EntF	EntF, seryl-AMP synthase component  of non-ribosomal peptide synthetase	Q	Secondary metabolites biosynthesis, transport and catabolism
NODE_905_length_43482_cov_7.604117_33	COG3319	225856	5.64e-26	27.863	EntF2	Thioesterase domain of type I polyketide synthase or non-ribosomal peptide synthetase	Q	Secondary metabolites biosynthesis, transport and catabolism
NODE_905_length_43482_cov_7.604117_34	COG2091	225002	7.94e-23	31.579	Sfp	Phosphopantetheinyl transferase	H	Coenzyme transport and metabolism
NODE_905_length_43482_cov_7.604117_35	COG0845	223914	1.19e-07	23.675	AcrA	Multidrug efflux pump subunit AcrA (membrane-fusion protein)	M	Cell wall/membrane/envelope biogenesis
NODE_905_length_43482_cov_7.604117_36	COG0845	223914	0.007	30.0	AcrA	Multidrug efflux pump subunit AcrA (membrane-fusion protein)	M	Cell wall/membrane/envelope biogenesis
NODE_942_length_42768_cov_8.370004_1	COG1893	224805	8.66e-11	25.62	PanE	Ketopantoate reductase	H	Coenzyme transport and metabolism
NODE_942_length_42768_cov_8.370004_2	COG3253	225792	6.07e-55	29.588	HemQ	Coproheme decarboxylase/chlorite dismutase	H	Coenzyme transport and metabolism
NODE_942_length_42768_cov_8.370004_3	COG0730	223802	1.21e-14	24.286	TauE	Sulfite exporter TauE/SafE/YfcA and related permeases, UPF0721 family	P	Inorganic ion transport and metabolism
NODE_942_length_42768_cov_8.370004_4	COG0572	223645	8.45e-49	30.857	Udk	Uridine kinase	F	Nucleotide transport and metabolism
NODE_942_length_42768_cov_8.370004_6	COG2814	225371	1.04e-25	24.377	AraJ	Predicted arabinose efflux permease AraJ, MFS family	G	Carbohydrate transport and metabolism
NODE_942_length_42768_cov_8.370004_7	COG0220	223298	2.41e-06	27.632	TrmB	tRNA G46 N7-methylase TrmB	J	Translation, ribosomal structure and biogenesis
NODE_942_length_42768_cov_8.370004_8	COG0266	223344	1.22e-62	29.603	Nei	Formamidopyrimidine-DNA glycosylase	L	Replication, recombination and repair
NODE_942_length_42768_cov_8.370004_9	COG0606	223679	0.0	51.318	YifB	Predicted Mg-chelatase, contains ChlI-like and ATPase domains, YifB family	O	Posttranslational modification, protein turnover, chaperones
NODE_942_length_42768_cov_8.370004_10	COG2513	225311	1.95e-42	34.328	PrpB	2-Methylisocitrate lyase and related enzymes, PEP mutase family	G	Carbohydrate transport and metabolism
NODE_942_length_42768_cov_8.370004_11	COG0626	223699	1.93e-130	40.204	MetC	Cystathionine beta-lyase/cystathionine gamma-synthase	E	Amino acid transport and metabolism
NODE_942_length_42768_cov_8.370004_12	COG1879	224791	9.46e-57	34.831	RbsB	ABC-type sugar transport system, periplasmic component, contains N-terminal xre family HTH domain	G	Carbohydrate transport and metabolism
NODE_942_length_42768_cov_8.370004_13	COG1129	224053	0.0	55.888	MglA	ABC-type sugar transport system, ATPase component	G	Carbohydrate transport and metabolism
NODE_942_length_42768_cov_8.370004_14	COG1172	224093	6.93e-94	50.0	AraH	Ribose/xylose/arabinose/galactoside ABC-type transport system, permease component	G	Carbohydrate transport and metabolism
NODE_942_length_42768_cov_8.370004_15	COG2005	224916	2.82e-28	49.515	ModE	DNA-binding transcriptional regulator ModE (molybdenum-dependent)	K	Transcription
NODE_942_length_42768_cov_8.370004_16	COG0725	223797	3.09e-43	34.082	ModA	ABC-type molybdate transport system, periplasmic Mo-binding protein ModA	P	Inorganic ion transport and metabolism
NODE_942_length_42768_cov_8.370004_17	COG0555	223629	4.4e-58	43.805	CysU	ABC-type sulfate transport system, permease component	P	Inorganic ion transport and metabolism
NODE_942_length_42768_cov_8.370004_18	COG3842	226361	3.32e-78	43.602	PotA	ABC-type Fe3+/spermidine/putrescine transport systems, ATPase component	E	Amino acid transport and metabolism
NODE_942_length_42768_cov_8.370004_19	COG0589	223662	1.94e-07	26.19	UspA	Nucleotide-binding universal stress protein,  UspA family	T	Signal transduction mechanisms
NODE_942_length_42768_cov_8.370004_21	COG0531	223605	1.36e-40	24.895	PotE	Serine transporter YbeC, amino acid:H+ symporter family	E	Amino acid transport and metabolism
NODE_942_length_42768_cov_8.370004_22	COG0792	223863	2.48e-32	40.741	YraN	Predicted endonuclease distantly related to archaeal Holliday junction resolvase, YraN/UPF0102 family	L	Replication, recombination and repair
NODE_942_length_42768_cov_8.370004_23	COG0164	223242	6.73e-74	47.849	RnhB	Ribonuclease HII	L	Replication, recombination and repair
NODE_942_length_42768_cov_8.370004_24	COG1161	224083	2.93e-65	35.192	RbgA	Ribosome biogenesis GTPase RbgA	J	Translation, ribosomal structure and biogenesis
NODE_942_length_42768_cov_8.370004_25	COG0681	223753	3.11e-09	23.125	LepB	Signal peptidase I	U	Intracellular trafficking, secretion, and vesicular transport
NODE_942_length_42768_cov_8.370004_26	COG0681	223753	9.26e-16	24.118	LepB	Signal peptidase I	U	Intracellular trafficking, secretion, and vesicular transport
NODE_942_length_42768_cov_8.370004_27	COG0335	223412	2.29e-47	60.526	RplS	Ribosomal protein L19	J	Translation, ribosomal structure and biogenesis
NODE_942_length_42768_cov_8.370004_29	COG0336	223413	2.61e-104	48.23	TrmD	tRNA G37 N-methylase TrmD	J	Translation, ribosomal structure and biogenesis
NODE_942_length_42768_cov_8.370004_30	COG0457	223533	0.005	39.437	TPR	Tetratricopeptide (TPR) repeat	R	General function prediction only
NODE_942_length_42768_cov_8.370004_32	COG1826	224739	9.77e-11	28.571	TatA	Twin-arginine protein secretion pathway components TatA and TatB	U	Intracellular trafficking, secretion, and vesicular transport
NODE_942_length_42768_cov_8.370004_34	COG2868	225423	2.17e-17	32.727	YsxB	Uncharacterized conserved protein YsxB, DUF464 family	S	Function unknown
NODE_942_length_42768_cov_8.370004_35	COG0261	223339	8.66e-38	45.631	RplU	Ribosomal protein L21	J	Translation, ribosomal structure and biogenesis
NODE_942_length_42768_cov_8.370004_36	COG1834	224747	3.44e-70	35.821	DdaH	N-Dimethylarginine dimethylaminohydrolase	E	Amino acid transport and metabolism
NODE_942_length_42768_cov_8.370004_37	COG2146	225057	4.85e-25	34.286	NirD	Ferredoxin subunit of nitrite reductase or a ring-hydroxylating dioxygenase	P	Inorganic ion transport and metabolism
NODE_942_length_42768_cov_8.370004_38	COG1765	224679	5.75e-09	26.724	YhfA	Uncharacterized OsmC-related protein	R	General function prediction only
NODE_942_length_42768_cov_8.370004_40	COG0719	223791	4.07e-166	46.224	SufB	Fe-S cluster assembly scaffold protein SufB	O	Posttranslational modification, protein turnover, chaperones
NODE_942_length_42768_cov_8.370004_41	COG1586	224502	3.13e-51	46.667	SpeD	S-adenosylmethionine decarboxylase	E	Amino acid transport and metabolism
NODE_942_length_42768_cov_8.370004_43	COG0421	223498	2.47e-69	34.483	SpeE	Spermidine synthase (polyamine aminopropyltransferase)	E	Amino acid transport and metabolism
NODE_942_length_42768_cov_8.370004_44	COG2050	224961	4.4e-28	29.63	PaaI	Acyl-CoA thioesterase PaaI, contains HGG motif	Q	Secondary metabolites biosynthesis, transport and catabolism
NODE_942_length_42768_cov_8.370004_45	COG0404	223481	4.55e-138	47.606	GcvT	Glycine cleavage system protein T (aminomethyltransferase)	E	Amino acid transport and metabolism
NODE_942_length_42768_cov_8.370004_46	COG0509	223583	1e-55	56.0	GcvH	Glycine cleavage system protein H (lipoate-binding)	E	Amino acid transport and metabolism
NODE_942_length_42768_cov_8.370004_47	COG0403	223480	7.66e-155	39.387	GcvP1	Glycine cleavage system protein P (pyridoxal-binding), N-terminal domain	E	Amino acid transport and metabolism
NODE_942_length_42768_cov_8.370004_48	COG1003	223935	0.0	49.17	GcvP2	Glycine cleavage system protein P (pyridoxal-binding), C-terminal domain	E	Amino acid transport and metabolism
NODE_942_length_42768_cov_8.370004_50	COG1051	223979	2.36e-09	40.351	YjhB	ADP-ribose pyrophosphatase YjhB, NUDIX family	F	Nucleotide transport and metabolism
NODE_942_length_42768_cov_8.370004_51	COG1354	224273	2.38e-25	30.093	ScpA	Chromatin segregation and condensation protein Rec8/ScpA/Scc1, kleisin family	L	Replication, recombination and repair
NODE_942_length_42768_cov_8.370004_52	COG1386	224304	3.57e-56	46.471	ScpB	Chromosome segregation and condensation protein ScpB	K	Transcription
NODE_942_length_42768_cov_8.370004_53	COG1200	224121	3.5e-17	24.691	RecG	RecG-like helicase	L	Replication, recombination and repair
NODE_942_length_42768_cov_8.370004_54	COG0648	223721	1.23e-32	29.834	Nfo	Endonuclease IV	L	Replication, recombination and repair
NODE_969_length_42138_cov_7.621082_1	COG0476	223552	4.36e-05	40.741	ThiF	Molybdopterin or thiamine biosynthesis adenylyltransferase	H	Coenzyme transport and metabolism
NODE_969_length_42138_cov_7.621082_2	COG2267	225176	3.83e-07	31.783	PldB	Lysophospholipase, alpha-beta hydrolase superfamily	I	Lipid transport and metabolism
NODE_969_length_42138_cov_7.621082_3	COG0314	223391	7.83e-48	51.562	MoaE	Molybdopterin synthase catalytic subunit MoaE	H	Coenzyme transport and metabolism
NODE_969_length_42138_cov_7.621082_4	COG1977	224888	1.6e-11	32.143	MoaD	Molybdopterin synthase sulfur carrier subunit MoaD	H	Coenzyme transport and metabolism
NODE_969_length_42138_cov_7.621082_6	COG0561	223635	4.75e-60	33.208	Cof	Hydroxymethylpyrimidine pyrophosphatase and other HAD family phosphatases	H	Coenzyme transport and metabolism
NODE_969_length_42138_cov_7.621082_10	COG0704	223776	2.95e-42	37.624	PhoU	Phosphate uptake regulator PhoU	P	Inorganic ion transport and metabolism
NODE_969_length_42138_cov_7.621082_11	COG1024	223955	2.5e-81	52.734	CaiD	Enoyl-CoA hydratase/carnithine racemase	I	Lipid transport and metabolism
NODE_969_length_42138_cov_7.621082_12	COG0747	223818	5.25e-76	29.885	DdpA	ABC-type transport system, periplasmic component	E	Amino acid transport and metabolism
NODE_969_length_42138_cov_7.621082_13	COG0664	223736	2.11e-26	22.43	Crp	cAMP-binding domain of CRP or a regulatory subunit of cAMP-dependent protein kinases	T	Signal transduction mechanisms
NODE_969_length_42138_cov_7.621082_14	COG3480	226011	2.52e-57	35.69	SdrC	Predicted secreted protein YlbL, contains PDZ domain	T	Signal transduction mechanisms
NODE_969_length_42138_cov_7.621082_16	COG0669	223741	1.14e-61	53.896	CoaD	Phosphopantetheine adenylyltransferase	H	Coenzyme transport and metabolism
NODE_969_length_42138_cov_7.621082_17	COG0742	223813	2.57e-52	36.559	RsmD	16S rRNA G966 N2-methylase RsmD	J	Translation, ribosomal structure and biogenesis
NODE_969_length_42138_cov_7.621082_18	COG1011	223943	4.18e-24	28.017	YigB	FMN and 5-amino-6-(5-phospho-D-ribitylamino)uracil phosphatase YigB, HAD superfamily (riboflavin biosynthesis)	H	Coenzyme transport and metabolism
NODE_969_length_42138_cov_7.621082_19	COG1200	224121	0.0	45.979	RecG	RecG-like helicase	L	Replication, recombination and repair
NODE_969_length_42138_cov_7.621082_20	COG0139	223217	2.88e-52	60.606	HisI1	Phosphoribosyl-AMP cyclohydrolase	E	Amino acid transport and metabolism
NODE_969_length_42138_cov_7.621082_21	COG0107	223185	6.54e-130	63.672	HisF	Imidazole glycerol phosphate synthase subunit HisF	E	Amino acid transport and metabolism
NODE_969_length_42138_cov_7.621082_22	COG2208	225118	6.6e-33	32.245	RsbU	Phosphoserine phosphatase RsbU, regulator of sigma subunit	T	Signal transduction mechanisms
NODE_969_length_42138_cov_7.621082_23	COG1846	224759	6.04e-17	32.8	MarR	DNA-binding transcriptional regulator, MarR family	K	Transcription
NODE_969_length_42138_cov_7.621082_26	COG3903	226418	9.66e-69	39.952		Predicted ATPase	R	General function prediction only
NODE_969_length_42138_cov_7.621082_28	COG0778	223849	8.95e-20	25.683	NfnB	Nitroreductase	C	Energy production and conversion
NODE_969_length_42138_cov_7.621082_30	COG4783	227122	0.003	22.535	BepA	Outer membrane protein chaperone/metalloprotease BepA/YfgC, contains M48 and TPR domains	M	Cell wall/membrane/envelope biogenesis
NODE_969_length_42138_cov_7.621082_31	COG0824	223894	1.88e-24	25.385	FadM	Acyl-CoA thioesterase FadM	I	Lipid transport and metabolism
NODE_969_length_42138_cov_7.621082_35	COG0667	223739	4.09e-85	37.075	PdxI	Pyridoxal reductase PdxI or related oxidoreductase, aldo/keto reductase family	H	Coenzyme transport and metabolism
NODE_969_length_42138_cov_7.621082_36	COG3238	225778	1.68e-29	50.725	ydcZ	Uncharacterized membrane protein YdcZ, DUF606 family	S	Function unknown
NODE_969_length_42138_cov_7.621082_38	COG0441	223518	0.0	50.521	ThrS	Threonyl-tRNA synthetase	J	Translation, ribosomal structure and biogenesis
NODE_969_length_42138_cov_7.621082_39	COG4805	227142	1.3e-17	21.509		Uncharacterized conserved protein, DUF885 family	S	Function unknown
NODE_969_length_42138_cov_7.621082_41	COG1352	224271	1.33e-33	26.838	CheR	Methylase of chemotaxis methyl-accepting proteins	T	Signal transduction mechanisms
NODE_969_length_42138_cov_7.621082_42	COG0642	223715	1.23e-54	30.994	BaeS	Signal transduction histidine kinase	T	Signal transduction mechanisms
NODE_969_length_42138_cov_7.621082_43	COG2770	225359	1.29e-10	26.506	HAMP	HAMP domain	T	Signal transduction mechanisms
NODE_981_length_41845_cov_7.891457_1	COG0213	223291	1.67e-58	36.823	DeoA	Thymidine phosphorylase	F	Nucleotide transport and metabolism
NODE_981_length_41845_cov_7.891457_2	COG0463	223539	1.4e-32	29.856	WcaA	Glycosyltransferase involved in cell wall bisynthesis	M	Cell wall/membrane/envelope biogenesis
NODE_981_length_41845_cov_7.891457_3	COG1915	224827	9.79e-05	40.0		Uncharacterized conserved protein AF1278, contains saccharopine dehydrogenase N-terminal (SDHN) domain	S	Function unknown
NODE_981_length_41845_cov_7.891457_5	COG1691	224605	4.88e-79	53.023		NCAIR mutase (PurE)-related protein	F	Nucleotide transport and metabolism
NODE_981_length_41845_cov_7.891457_7	COG1452	224369	0.001	30.769	LptD	LPS assembly outer membrane protein LptD (organic solvent tolerance protein OstA)	M	Cell wall/membrane/envelope biogenesis
NODE_981_length_41845_cov_7.891457_10	COG1015	223947	9.23e-159	49.87	DeoB	Phosphopentomutase	G	Carbohydrate transport and metabolism
NODE_981_length_41845_cov_7.891457_11	COG2148	225059	5.13e-73	43.147	WcaJ	Sugar transferase involved in LPS biosynthesis (colanic, teichoic acid)	M	Cell wall/membrane/envelope biogenesis
NODE_981_length_41845_cov_7.891457_12	COG0728	223800	3.91e-71	31.703	MurJ	Lipid II flippase MurJ/MviN (peptidoglycan biosynthesis)	M	Cell wall/membrane/envelope biogenesis
NODE_981_length_41845_cov_7.891457_13	COG2244	225153	4.86e-08	17.812	RfbX	Membrane protein involved in the export of O-antigen and teichoic acid	M	Cell wall/membrane/envelope biogenesis
NODE_981_length_41845_cov_7.891457_14	COG0381	223458	3.1e-98	34.933	WecB	UDP-N-acetylglucosamine 2-epimerase	M	Cell wall/membrane/envelope biogenesis
NODE_981_length_41845_cov_7.891457_15	COG0399	223476	6.4e-133	47.453	WecE	dTDP-4-amino-4,6-dideoxygalactose transaminase	M	Cell wall/membrane/envelope biogenesis
NODE_981_length_41845_cov_7.891457_16	COG0673	223745	6.41e-37	27.954	MviM	Predicted dehydrogenase	R	General function prediction only
NODE_981_length_41845_cov_7.891457_17	COG0663	223735	8.1e-18	30.814	PaaY	Carbonic anhydrase or acetyltransferase, isoleucine patch superfamily	R	General function prediction only
NODE_981_length_41845_cov_7.891457_20	COG5662	227949	4.28e-06	25.175	RsiW	Transmembrane transcriptional regulator RsiW (anti-sigma-W factor)	K	Transcription
NODE_981_length_41845_cov_7.891457_21	COG1595	224511	1.06e-34	32.973	RpoE	DNA-directed RNA polymerase specialized sigma subunit, sigma24 family	K	Transcription
NODE_981_length_41845_cov_7.891457_23	COG5012	227345	3.35e-20	23.629	MtbC1	Methanogenic corrinoid protein MtbC1	C	Energy production and conversion
NODE_981_length_41845_cov_7.891457_24	COG2027	224938	3.4e-67	31.429	DacB	D-alanyl-D-alanine carboxypeptidase	M	Cell wall/membrane/envelope biogenesis
NODE_981_length_41845_cov_7.891457_25	COG0449	223526	5.3e-38	29.395	GlmS	Glucosamine 6-phosphate synthetase, contains amidotransferase and phosphosugar isomerase domains	M	Cell wall/membrane/envelope biogenesis
NODE_981_length_41845_cov_7.891457_26	COG0006	223085	3.48e-57	27.007	PepP	Xaa-Pro aminopeptidase	E	Amino acid transport and metabolism
NODE_981_length_41845_cov_7.891457_27	COG1089	224014	0.0	56.725	Gmd	GDP-D-mannose dehydratase	M	Cell wall/membrane/envelope biogenesis
NODE_981_length_41845_cov_7.891457_28	COG0451	223528	1.65e-59	30.255	WcaG	Nucleoside-diphosphate-sugar epimerase	M	Cell wall/membrane/envelope biogenesis
NODE_981_length_41845_cov_7.891457_29	COG1641	224556	3.45e-96	37.25	LarC	CTP-dependent cyclometallase, nickel-pincer nucleotide (NPN) cofactor biosynthesis	H	Coenzyme transport and metabolism
NODE_981_length_41845_cov_7.891457_30	COG1606	224522	1.34e-78	41.985		ATP-utilizing enzyme, PP-loop superfamily	R	General function prediction only
NODE_981_length_41845_cov_7.891457_31	COG2020	224931	9.97e-14	30.612	STE14	Protein-S-isoprenylcysteine O-methyltransferase Ste14	O	Posttranslational modification, protein turnover, chaperones
NODE_981_length_41845_cov_7.891457_32	COG1629	224544	6.63e-10	13.194	CirA	Outer membrane receptor protein, Fe transport	P	Inorganic ion transport and metabolism
NODE_981_length_41845_cov_7.891457_35	COG0183	223261	1.2e-83	37.168	PaaJ	Acetyl-CoA acetyltransferase	I	Lipid transport and metabolism
NODE_981_length_41845_cov_7.891457_36	COG1250	224170	3.49e-120	52.128	FadB	3-hydroxyacyl-CoA dehydrogenase	I	Lipid transport and metabolism
NODE_981_length_41845_cov_7.891457_37	COG1960	224871	2.04e-128	49.871	CaiA	Acyl-CoA dehydrogenase related to the alkylation response protein AidB	I	Lipid transport and metabolism
NODE_981_length_41845_cov_7.891457_38	COG4447	226855	1.21e-08	17.544		Uncharacterized conserved protein related to plant photosystem II stability/assembly factor	R	General function prediction only
NODE_1035_length_40889_cov_7.448891_1	COG3643	226169	2.28e-06	40.0	GluFT	Glutamate formiminotransferase	E	Amino acid transport and metabolism
NODE_1035_length_40889_cov_7.448891_2	COG1012	223944	4.25e-149	41.685	AdhE	Acyl-CoA reductase or other NAD-dependent aldehyde dehydrogenase	I	Lipid transport and metabolism
NODE_1035_length_40889_cov_7.448891_3	COG0346	223423	6.54e-06	21.429	GloA	Catechol 2,3-dioxygenase or related enzyme, vicinal oxygen chelate (VOC) family	Q	Secondary metabolites biosynthesis, transport and catabolism
NODE_1035_length_40889_cov_7.448891_4	COG2199	225109	3.01e-42	45.405	GGDEF	GGDEF domain, diguanylate cyclase (c-di-GMP synthetase) or its enzymatically inactive variants	T	Signal transduction mechanisms
NODE_1035_length_40889_cov_7.448891_6	COG0436	223513	1.66e-71	31.081	AspB	Aspartate/methionine/tyrosine aminotransferase	E	Amino acid transport and metabolism
NODE_1035_length_40889_cov_7.448891_7	COG2171	225082	6.06e-69	34.643	DapD	Tetrahydrodipicolinate N-succinyltransferase	E	Amino acid transport and metabolism
NODE_1035_length_40889_cov_7.448891_8	COG0021	223100	0.0	56.884	TktA	Transketolase	G	Carbohydrate transport and metabolism
NODE_1035_length_40889_cov_7.448891_9	COG0176	223254	1.98e-45	27.653	TalA	Transaldolase/fructose-6-phosphate aldolase	G	Carbohydrate transport and metabolism
NODE_1035_length_40889_cov_7.448891_10	COG1023	223954	4.63e-151	58.108	YqeC	6-phosphogluconate dehydrogenase (decarboxylating)	G	Carbohydrate transport and metabolism
NODE_1035_length_40889_cov_7.448891_11	COG0364	223441	0.0	53.213	Zwf	Glucose-6-phosphate 1-dehydrogenase	G	Carbohydrate transport and metabolism
NODE_1035_length_40889_cov_7.448891_12	COG3429	225963	4.01e-14	26.064	OpcA	Glucose-6-phosphate dehydrogenase assembly protein OpcA, contains a peptidoglycan-binding domain	G	Carbohydrate transport and metabolism
NODE_1035_length_40889_cov_7.448891_13	COG0363	223440	1.4e-50	35.417	NagB	6-phosphogluconolactonase/Glucosamine-6-phosphate isomerase/deaminase	G	Carbohydrate transport and metabolism
NODE_1035_length_40889_cov_7.448891_14	COG0583	223656	5.11e-47	38.079	LysR	DNA-binding transcriptional regulator, LysR family	K	Transcription
NODE_1035_length_40889_cov_7.448891_15	COG0376	223453	0.0	71.016	KatG	Catalase (peroxidase I)	P	Inorganic ion transport and metabolism
NODE_1035_length_40889_cov_7.448891_16	COG3011	225556	1.42e-37	48.438	YuxK	Predicted thiol-disulfide oxidoreductase YuxK, DCC family	R	General function prediction only
NODE_1035_length_40889_cov_7.448891_17	COG3361	225897	1.33e-47	33.036	YqjF	Uncharacterized conserved protein YqjF, DUF2071 family	S	Function unknown
NODE_1035_length_40889_cov_7.448891_18	COG1538	224455	2.46e-18	20.18	TolC	Outer membrane protein TolC	M	Cell wall/membrane/envelope biogenesis
NODE_1035_length_40889_cov_7.448891_19	COG2814	225371	3.41e-11	24.54	AraJ	Predicted arabinose efflux permease AraJ, MFS family	G	Carbohydrate transport and metabolism
NODE_1035_length_40889_cov_7.448891_20	COG1566	224482	4.68e-62	29.452	EmrA	Multidrug resistance efflux pump EmrA	V	Defense mechanisms
NODE_1035_length_40889_cov_7.448891_21	COG1309	224228	8.04e-12	25.926	AcrR	DNA-binding protein, AcrR family, includes nucleoid occlusion protein SlmA	K	Transcription
NODE_1035_length_40889_cov_7.448891_22	COG1366	224285	3.32e-07	31.034	SpoIIAA	Anti-anti-sigma regulatory factor (antagonist of anti-sigma factor)	T	Signal transduction mechanisms
NODE_1035_length_40889_cov_7.448891_23	COG2367	225242	7.87e-19	29.167	PenP	Beta-lactamase class A	V	Defense mechanisms
NODE_1035_length_40889_cov_7.448891_24	COG0683	223755	3.48e-46	33.333	LivK	ABC-type branched-chain amino acid transport system, periplasmic component	E	Amino acid transport and metabolism
NODE_1035_length_40889_cov_7.448891_25	COG0559	223633	4.86e-55	40.741	LivH	Branched-chain amino acid ABC-type transport system, permease component	E	Amino acid transport and metabolism
NODE_1035_length_40889_cov_7.448891_26	COG4177	226645	2.78e-35	38.078	LivM	ABC-type branched-chain amino acid transport system, permease component	E	Amino acid transport and metabolism
NODE_1035_length_40889_cov_7.448891_27	COG0411	223488	6.93e-99	50.202	LivG	ABC-type branched-chain amino acid transport system, ATPase component LivG	E	Amino acid transport and metabolism
NODE_1035_length_40889_cov_7.448891_28	COG0410	223487	7.17e-106	52.542	LivF	ABC-type branched-chain amino acid transport system, ATPase component LivF	E	Amino acid transport and metabolism
NODE_1035_length_40889_cov_7.448891_31	COG2378	225253	7.94e-34	26.042	YobV	Predicted DNA-binding transcriptional regulator YobV, contains HTH and WYL domains	K	Transcription
NODE_1035_length_40889_cov_7.448891_32	COG0683	223755	5.15e-45	26.479	LivK	ABC-type branched-chain amino acid transport system, periplasmic component	E	Amino acid transport and metabolism
NODE_1035_length_40889_cov_7.448891_33	COG0318	223395	4.48e-178	37.383	MenE/FadK	O-succinylbenzoic acid-CoA ligase MenE or related acyl-CoA synthetase (AMP-forming)	I	Lipid transport and metabolism
NODE_1035_length_40889_cov_7.448891_35	COG0553	223627	9.53e-104	38.866	HepA	Superfamily II DNA or RNA helicase, SNF2 family	K	Transcription
NODE_1058_length_40225_cov_7.382300_1	COG2812	225369	2.67e-06	21.495	DnaX	DNA polymerase III, gamma/tau subunits	L	Replication, recombination and repair
NODE_1058_length_40225_cov_7.382300_2	COG0718	223790	6.7e-17	43.478	YbaB	DNA-binding nucleoid-associated protein YbaB/EfbC	K	Transcription
NODE_1058_length_40225_cov_7.382300_3	COG0353	223430	8.72e-97	56.18	RecR	Recombinational DNA repair protein RecR	L	Replication, recombination and repair
NODE_1058_length_40225_cov_7.382300_4	COG3217	225758	4.06e-23	29.008	YcbX	N-hydroxylaminopurine reductase subunit YcbX, contains MOSC domain	F	Nucleotide transport and metabolism
NODE_1058_length_40225_cov_7.382300_8	COG0714	223786	5.31e-88	46.914	MoxR	MoxR-like ATPase	R	General function prediction only
NODE_1058_length_40225_cov_7.382300_9	COG1721	224635	1.88e-60	30.26	YeaD2	Uncharacterized conserved protein, DUF58 family, contains vWF domain	S	Function unknown
NODE_1058_length_40225_cov_7.382300_10	COG1670	224584	2.2e-29	30.601	RimL	Protein N-acetyltransferase, RimJ/RimL family	J	Translation, ribosomal structure and biogenesis
NODE_1058_length_40225_cov_7.382300_11	COG1473	224390	1.02e-144	46.335	AbgB	Metal-dependent amidase/aminoacylase/carboxypeptidase	R	General function prediction only
NODE_1058_length_40225_cov_7.382300_12	COG1300	224219	4.57e-38	37.824	SpoIIM	Stage II sporulation protein SpoIIM, component of the engulfment complex	D	Cell cycle control, cell division, chromosome partitioning
NODE_1058_length_40225_cov_7.382300_13	COG1714	224628	3.05e-17	28.652	YckC	Uncharacterized membrane protein YckC, RDD family	S	Function unknown
NODE_1058_length_40225_cov_7.382300_14	COG3597	226125	9.11e-05	28.75		Uncharacterized conserved protein, DUF697 family	S	Function unknown
NODE_1058_length_40225_cov_7.382300_15	COG4783	227122	5.38e-31	22.526	BepA	Outer membrane protein chaperone/metalloprotease BepA/YfgC, contains M48 and TPR domains	M	Cell wall/membrane/envelope biogenesis
NODE_1058_length_40225_cov_7.382300_16	COG0850	223919	3.35e-28	34.109	MinC	Septum site-determining protein MinC	D	Cell cycle control, cell division, chromosome partitioning
NODE_1058_length_40225_cov_7.382300_17	COG2894	225447	3.37e-135	53.875	MinD	Septum site-determining ATPase MinD	D	Cell cycle control, cell division, chromosome partitioning
NODE_1058_length_40225_cov_7.382300_18	COG2894	225447	4e-121	50.923	MinD	Septum site-determining ATPase MinD	D	Cell cycle control, cell division, chromosome partitioning
NODE_1058_length_40225_cov_7.382300_19	COG0851	223920	2.98e-16	36.782	MinE	Septum formation topological specificity factor MinE	D	Cell cycle control, cell division, chromosome partitioning
NODE_1058_length_40225_cov_7.382300_20	COG0772	223843	3.63e-93	39.617	FtsW	Peptodoglycan polymerase FtsW/RodA/SpoVE	D	Cell cycle control, cell division, chromosome partitioning
NODE_1058_length_40225_cov_7.382300_21	COG2764	225356	2.11e-31	38.406	PhnB	Zn-dependent glyoxalase, PhnB family	C	Energy production and conversion
NODE_1058_length_40225_cov_7.382300_22	COG3565	226095	4.75e-07	41.667		Predicted dioxygenase of extradiol dioxygenase family	R	General function prediction only
NODE_1058_length_40225_cov_7.382300_23	COG1530	224447	5.64e-140	40.695	CafA	Ribonuclease G or E	J	Translation, ribosomal structure and biogenesis
NODE_1058_length_40225_cov_7.382300_24	COG4359	226802	5.4e-37	28.708	MtnX	2-hydroxy-3-keto-5-methylthiopentenyl-1-phosphate phosphatase (methionine salvage)	E	Amino acid transport and metabolism
NODE_1058_length_40225_cov_7.382300_25	COG1881	224793	1.02e-55	44.848	PEBP	Uncharacterized conserved protein, phosphatidylethanolamine-binding protein (PEBP) family	R	General function prediction only
NODE_1058_length_40225_cov_7.382300_26	COG0793	223864	1.19e-112	42.274	CtpA	C-terminal processing protease CtpA/Prc, contains a PDZ domain	O	Posttranslational modification, protein turnover, chaperones
NODE_1058_length_40225_cov_7.382300_27	COG0793	223864	3.04e-113	43.925	CtpA	C-terminal processing protease CtpA/Prc, contains a PDZ domain	O	Posttranslational modification, protein turnover, chaperones
NODE_1058_length_40225_cov_7.382300_28	COG0739	223810	6.74e-47	40.588	NlpD	Murein DD-endopeptidase MepM and murein hydrolase activator NlpD, contains LysM domain	M	Cell wall/membrane/envelope biogenesis
NODE_1058_length_40225_cov_7.382300_29	COG2177	225088	9.05e-57	35.374	FtsX	Cell division protein FtsX	D	Cell cycle control, cell division, chromosome partitioning
NODE_1058_length_40225_cov_7.382300_30	COG2884	225438	7.25e-118	55.856	FtsE	Cell division ATPase FtsE	D	Cell cycle control, cell division, chromosome partitioning
NODE_1058_length_40225_cov_7.382300_31	COG1960	224871	5.49e-135	43.846	CaiA	Acyl-CoA dehydrogenase related to the alkylation response protein AidB	I	Lipid transport and metabolism
NODE_1058_length_40225_cov_7.382300_32	COG1225	224146	2.72e-40	34.94	Bcp	Peroxiredoxin	O	Posttranslational modification, protein turnover, chaperones
NODE_1058_length_40225_cov_7.382300_34	COG0419	223496	4.61e-11	19.345	SbcC	DNA repair exonuclease SbcCD ATPase subunit	L	Replication, recombination and repair
NODE_1058_length_40225_cov_7.382300_35	COG0420	223497	2.57e-29	21.981	SbcD	DNA repair exonuclease SbcCD nuclease subunit	L	Replication, recombination and repair
NODE_1058_length_40225_cov_7.382300_36	COG0412	223489	1.89e-55	36.709	DLH	Dienelactone hydrolase	Q	Secondary metabolites biosynthesis, transport and catabolism
NODE_1058_length_40225_cov_7.382300_37	COG0031	223110	3.68e-75	44.878	CysK	Cysteine synthase	E	Amino acid transport and metabolism
NODE_1058_length_40225_cov_7.382300_39	COG3548	226078	5.92e-13	31.395		Uncharacterized membrane protein	S	Function unknown
NODE_1058_length_40225_cov_7.382300_40	COG0587	223660	1.77e-55	31.773	DnaE	DNA polymerase III, alpha subunit	L	Replication, recombination and repair
NODE_1178_length_38225_cov_8.200079_2	COG2048	224959	9.75e-83	39.236	HdrB	Heterodisulfide reductase, subunit B	C	Energy production and conversion
NODE_1178_length_38225_cov_8.200079_3	COG0479	223555	1.05e-78	39.394	SdhB/FrdB	Succinate dehydrogenase/fumarate reductase, Fe-S protein subunit	C	Energy production and conversion
NODE_1178_length_38225_cov_8.200079_4	COG1053	223981	0.0	53.775	SdhA	Succinate dehydrogenase/fumarate reductase, flavoprotein subunit	C	Energy production and conversion
NODE_1178_length_38225_cov_8.200079_5	COG3590	226118	0.0	38.567	PepO	Predicted metalloendopeptidase	O	Posttranslational modification, protein turnover, chaperones
NODE_1178_length_38225_cov_8.200079_6	COG2132	225043	1.17e-11	30.556	SufI	Multicopper oxidase with three cupredoxin domains (includes cell division protein FtsP and spore coat protein CotA)	D	Cell cycle control, cell division, chromosome partitioning
NODE_1178_length_38225_cov_8.200079_7	COG0587	223660	0.0	48.049	DnaE	DNA polymerase III, alpha subunit	L	Replication, recombination and repair
NODE_1178_length_38225_cov_8.200079_8	COG0124	223202	6.24e-79	33.673	HisS	Histidyl-tRNA synthetase	J	Translation, ribosomal structure and biogenesis
NODE_1178_length_38225_cov_8.200079_9	COG0040	223118	1.3e-67	44.444	HisG	ATP phosphoribosyltransferase	E	Amino acid transport and metabolism
NODE_1178_length_38225_cov_8.200079_10	COG0141	223219	8.28e-151	42.691	HisD	Histidinol dehydrogenase	E	Amino acid transport and metabolism
NODE_1178_length_38225_cov_8.200079_11	COG0561	223635	9.95e-66	29.151	Cof	Hydroxymethylpyrimidine pyrophosphatase and other HAD family phosphatases	H	Coenzyme transport and metabolism
NODE_1178_length_38225_cov_8.200079_12	COG1589	224505	6.71e-16	20.992	FtsQ	Cell division septal protein FtsQ	D	Cell cycle control, cell division, chromosome partitioning
NODE_1178_length_38225_cov_8.200079_13	COG0849	223918	3e-128	41.667	FtsA	Cell division ATPase FtsA	D	Cell cycle control, cell division, chromosome partitioning
NODE_1178_length_38225_cov_8.200079_14	COG0206	223284	4.96e-114	56.869	FtsZ	Cell division GTPase FtsZ	D	Cell cycle control, cell division, chromosome partitioning
NODE_1178_length_38225_cov_8.200079_16	COG1232	224153	1.38e-39	21.778	HemY	Protoporphyrinogen oxidase HemY/PPOX	H	Coenzyme transport and metabolism
NODE_1178_length_38225_cov_8.200079_17	COG1473	224390	2.66e-148	47.074	AbgB	Metal-dependent amidase/aminoacylase/carboxypeptidase	R	General function prediction only
NODE_1178_length_38225_cov_8.200079_18	COG1595	224511	9.62e-34	37.662	RpoE	DNA-directed RNA polymerase specialized sigma subunit, sigma24 family	K	Transcription
NODE_1178_length_38225_cov_8.200079_20	COG2331	225210	8.82e-22	44.156		Predicted nucleic acid-binding protein, contains Zn-ribbon domain	R	General function prediction only
NODE_1178_length_38225_cov_8.200079_22	COG0128	223206	1.94e-135	41.745	AroA	5-enolpyruvylshikimate-3-phosphate synthase	E	Amino acid transport and metabolism
NODE_1178_length_38225_cov_8.200079_23	COG0531	223605	1.55e-42	22.553	PotE	Serine transporter YbeC, amino acid:H+ symporter family	E	Amino acid transport and metabolism
NODE_1178_length_38225_cov_8.200079_24	COG2382	225256	1.16e-12	27.778	Fes	Enterochelin esterase or related enzyme	P	Inorganic ion transport and metabolism
NODE_1178_length_38225_cov_8.200079_26	COG0626	223699	0.0	53.846	MetC	Cystathionine beta-lyase/cystathionine gamma-synthase	E	Amino acid transport and metabolism
NODE_1178_length_38225_cov_8.200079_27	COG4206	226664	1.81e-34	23.77	BtuB	Outer membrane cobalamin receptor protein BtuB	H	Coenzyme transport and metabolism
NODE_1178_length_38225_cov_8.200079_28	COG0031	223110	4.03e-138	54.276	CysK	Cysteine synthase	E	Amino acid transport and metabolism
NODE_1178_length_38225_cov_8.200079_31	COG1929	224840	4.49e-84	55.187	GlxK	Glycerate kinase	G	Carbohydrate transport and metabolism
NODE_1207_length_37914_cov_8.545498_1	COG2971	225518	1.19e-22	33.862	BadF	BadF-type ATPase, related to human N-acetylglucosamine kinase	G	Carbohydrate transport and metabolism
NODE_1207_length_37914_cov_8.545498_2	COG3010	225555	9.65e-59	44.595	NanE	Putative N-acetylmannosamine-6-phosphate epimerase	G	Carbohydrate transport and metabolism
NODE_1207_length_37914_cov_8.545498_3	COG1622	224537	5.49e-62	35.16	CyoA	Heme/copper-type cytochrome/quinol oxidase, subunit 2	C	Energy production and conversion
NODE_1207_length_37914_cov_8.545498_4	COG0843	223913	0.0	52.849	CyoB	Heme/copper-type cytochrome/quinol oxidase, subunit 1	C	Energy production and conversion
NODE_1207_length_37914_cov_8.545498_5	COG1845	224758	1.08e-47	37.43	CyoC	Heme/copper-type cytochrome/quinol oxidase, subunit 3	C	Energy production and conversion
NODE_1207_length_37914_cov_8.545498_9	COG1999	224910	6.12e-19	28.571	Sco1	Cytochrome oxidase Cu insertion factor, SCO1/SenC/PrrC family	O	Posttranslational modification, protein turnover, chaperones
NODE_1207_length_37914_cov_8.545498_11	COG2814	225371	5.16e-21	30.189	AraJ	Predicted arabinose efflux permease AraJ, MFS family	G	Carbohydrate transport and metabolism
NODE_1207_length_37914_cov_8.545498_12	COG0109	223187	3.03e-102	53.952	CyoE	Polyprenyltransferase (heme O synthase)	H	Coenzyme transport and metabolism
NODE_1207_length_37914_cov_8.545498_13	COG1612	224528	4.24e-28	30.719	CtaA	Heme A synthase	H	Coenzyme transport and metabolism
NODE_1207_length_37914_cov_8.545498_16	COG2152	225063	9.27e-36	30.747		Predicted glycosyl hydrolase, GH43/DUF377 family	G	Carbohydrate transport and metabolism
NODE_1207_length_37914_cov_8.545498_18	COG4108	226593	0.0	52.996	PrfC	Peptide chain release factor RF-3	J	Translation, ribosomal structure and biogenesis
NODE_1207_length_37914_cov_8.545498_20	COG1171	224092	5.03e-119	49.844	IlvA	Threonine deaminase	E	Amino acid transport and metabolism
NODE_1207_length_37914_cov_8.545498_21	COG1846	224759	1.38e-17	33.708	MarR	DNA-binding transcriptional regulator, MarR family	K	Transcription
NODE_1207_length_37914_cov_8.545498_22	COG1595	224511	5.99e-35	37.569	RpoE	DNA-directed RNA polymerase specialized sigma subunit, sigma24 family	K	Transcription
NODE_1207_length_37914_cov_8.545498_23	COG2128	225039	3.44e-25	30.058	YciW	Alkylhydroperoxidase family enzyme, contains CxxC motif	P	Inorganic ion transport and metabolism
NODE_1207_length_37914_cov_8.545498_24	COG1233	224154	2.28e-91	31.569		Phytoene dehydrogenase-related protein	Q	Secondary metabolites biosynthesis, transport and catabolism
NODE_1207_length_37914_cov_8.545498_27	COG1473	224390	4.6e-153	50.891	AbgB	Metal-dependent amidase/aminoacylase/carboxypeptidase	R	General function prediction only
NODE_1207_length_37914_cov_8.545498_28	COG1940	224851	5.14e-44	38.535	NagC	Sugar kinase of the NBD/HSP70 family, may contain an N-terminal HTH domain	G	Carbohydrate transport and metabolism
NODE_1207_length_37914_cov_8.545498_29	COG2199	225109	1.1e-53	48.864	GGDEF	GGDEF domain, diguanylate cyclase (c-di-GMP synthetase) or its enzymatically inactive variants	T	Signal transduction mechanisms
NODE_1207_length_37914_cov_8.545498_30	COG0707	223779	5.96e-29	23.81	MurG	UDP-N-acetylglucosamine:LPS N-acetylglucosamine transferase	M	Cell wall/membrane/envelope biogenesis
NODE_1207_length_37914_cov_8.545498_32	COG0741	223812	6.82e-09	30.631	MltE	Soluble lytic murein transglycosylase or regulatory protein s ( may contain LysM/invasin domain)	M	Cell wall/membrane/envelope biogenesis
NODE_1207_length_37914_cov_8.545498_33	COG1505	224422	1.38e-156	35.917	PreP	Prolyl endopeptidase PreP, S9A serine peptidase family	E	Amino acid transport and metabolism
NODE_1207_length_37914_cov_8.545498_34	COG0412	223489	1.6e-60	37.037	DLH	Dienelactone hydrolase	Q	Secondary metabolites biosynthesis, transport and catabolism
NODE_1207_length_37914_cov_8.545498_35	COG4301	226751	2.94e-95	43.168		Uncharacterized protein, contains predicted SAM-dependent methyltransferase domain	R	General function prediction only
NODE_1207_length_37914_cov_8.545498_36	COG0225	223303	5.55e-90	46.784	MsrA	Peptide methionine sulfoxide reductase MsrA	O	Posttranslational modification, protein turnover, chaperones
NODE_1207_length_37914_cov_8.545498_37	COG2071	224982	1.17e-47	38.961	PuuD	Gamma-glutamyl-gamma-aminobutyrate hydrolase PuuD (putrescine degradation), contains GATase1-like domain	E	Amino acid transport and metabolism
NODE_1207_length_37914_cov_8.545498_38	COG4221	226674	6.55e-91	46.032	YdfG	NADP-dependent 3-hydroxy acid dehydrogenase YdfG	C	Energy production and conversion
NODE_1207_length_37914_cov_8.545498_39	COG1174	224095	4.68e-57	47.475	OpuBB	ABC-type proline/glycine betaine transport system, permease component	E	Amino acid transport and metabolism
NODE_1207_length_37914_cov_8.545498_40	COG1125	224050	6.61e-128	51.773	OpuBA	ABC-type proline/glycine betaine transport system, ATPase component	E	Amino acid transport and metabolism
NODE_1207_length_37914_cov_8.545498_41	COG1732	224646	1.62e-107	48.507	OsmF	Periplasmic glycine betaine/choline-binding (lipo)protein of an ABC-type transport system (osmoprotectant binding protein)	M	Cell wall/membrane/envelope biogenesis
NODE_1207_length_37914_cov_8.545498_42	COG1174	224095	8.08e-48	47.561	OpuBB	ABC-type proline/glycine betaine transport system, permease component	E	Amino acid transport and metabolism
NODE_1207_length_37914_cov_8.545498_43	COG0855	223924	2.43e-46	53.279	Ppk	Polyphosphate kinase	P	Inorganic ion transport and metabolism
NODE_1223_length_37668_cov_7.348869_1	COG0144	223222	8.06e-83	36.288	RsmB	16S rRNA C967 or C1407 C5-methylase, RsmB/RsmF family	J	Translation, ribosomal structure and biogenesis
NODE_1223_length_37668_cov_7.348869_2	COG1716	224630	2.5e-15	32.432	FHA	Forkhead associated (FHA) domain, binds pSer, pThr, pTyr	T	Signal transduction mechanisms
NODE_1223_length_37668_cov_7.348869_3	COG1716	224630	4.8e-17	33.333	FHA	Forkhead associated (FHA) domain, binds pSer, pThr, pTyr	T	Signal transduction mechanisms
NODE_1223_length_37668_cov_7.348869_4	COG0631	223704	1.57e-27	29.297	PTC1	Serine/threonine protein phosphatase PrpC	T	Signal transduction mechanisms
NODE_1223_length_37668_cov_7.348869_5	COG0772	223843	8.65e-69	36.585	FtsW	Peptodoglycan polymerase FtsW/RodA/SpoVE	D	Cell cycle control, cell division, chromosome partitioning
NODE_1223_length_37668_cov_7.348869_9	COG2133	225044	2.86e-28	24.427	YliI	Glucose/arabinose dehydrogenase, beta-propeller fold	G	Carbohydrate transport and metabolism
NODE_1223_length_37668_cov_7.348869_10	COG0664	223736	2.04e-46	31.068	Crp	cAMP-binding domain of CRP or a regulatory subunit of cAMP-dependent protein kinases	T	Signal transduction mechanisms
NODE_1223_length_37668_cov_7.348869_12	COG1770	224684	6.35e-105	30.127	PtrB	Protease II	E	Amino acid transport and metabolism
NODE_1223_length_37668_cov_7.348869_13	COG2208	225118	1.39e-41	32.4	RsbU	Phosphoserine phosphatase RsbU, regulator of sigma subunit	T	Signal transduction mechanisms
NODE_1223_length_37668_cov_7.348869_14	COG0583	223656	1.64e-40	30.976	LysR	DNA-binding transcriptional regulator, LysR family	K	Transcription
NODE_1223_length_37668_cov_7.348869_15	COG1850	224763	0.0	51.316	RbcL	Ribulose 1,5-bisphosphate carboxylase, large subunit, or a RuBisCO-like protein	G	Carbohydrate transport and metabolism
NODE_1223_length_37668_cov_7.348869_16	COG4451	226858	6.55e-31	38.0	RbcS	Ribulose bisphosphate carboxylase small subunit	G	Carbohydrate transport and metabolism
NODE_1223_length_37668_cov_7.348869_19	COG4576	226942	2.07e-16	34.831	CcmL	Carboxysome shell and ethanolamine utilization microcompartment protein CcmK/EutM	Q	Secondary metabolites biosynthesis, transport and catabolism
NODE_1223_length_37668_cov_7.348869_20	COG4576	226942	1.54e-10	29.545	CcmL	Carboxysome shell and ethanolamine utilization microcompartment protein CcmK/EutM	Q	Secondary metabolites biosynthesis, transport and catabolism
NODE_1223_length_37668_cov_7.348869_21	COG4577	226943	1.87e-27	58.621	CcmK	Carboxysome shell and ethanolamine utilization microcompartment protein CcmL/EutN	Q	Secondary metabolites biosynthesis, transport and catabolism
NODE_1223_length_37668_cov_7.348869_22	COG2154	225065	9.31e-05	24.419	PhhB	Pterin-4a-carbinolamine dehydratase	H	Coenzyme transport and metabolism
NODE_1223_length_37668_cov_7.348869_23	COG0494	223568	4.29e-15	32.11	MutT	8-oxo-dGTP pyrophosphatase MutT and related house-cleaning NTP pyrophosphohydrolases, NUDIX family	V	Defense mechanisms
NODE_1223_length_37668_cov_7.348869_24	COG1009	223941	9.22e-71	41.935	NuoL	Membrane H+-translocase/NADH:ubiquinone oxidoreductase subunit 5 (chain L)/Multisubunit Na+/H+ antiporter, MnhA subunit	C	Energy production and conversion
NODE_1223_length_37668_cov_7.348869_25	COG3002	225548	0.0	33.447	MpsB	Na+-translocating membrane potential-generating system subunit MpsB, UPF0753/DUF2309 family	C	Energy production and conversion
NODE_1223_length_37668_cov_7.348869_26	COG1208	224129	1.23e-115	40.274	GCD1	NDP-sugar pyrophosphorylase, includes eIF-2Bgamma, eIF-2Bepsilon, and LPS biosynthesis protein s	J	Translation, ribosomal structure and biogenesis
NODE_1223_length_37668_cov_7.348869_27	COG0438	223515	6.15e-29	22.762	RfaB	Glycosyltransferase involved in cell wall bisynthesis	M	Cell wall/membrane/envelope biogenesis
NODE_1223_length_37668_cov_7.348869_29	COG0210	223288	0.0	46.865	UvrD	Superfamily I DNA or RNA helicase	L	Replication, recombination and repair
NODE_1223_length_37668_cov_7.348869_30	COG0289	223366	1.84e-69	35.316	DapB	4-hydroxy-tetrahydrodipicolinate reductase	E	Amino acid transport and metabolism
NODE_1223_length_37668_cov_7.348869_31	COG0136	223214	5.62e-89	37.952	Asd	Aspartate-semialdehyde dehydrogenase	E	Amino acid transport and metabolism
NODE_1223_length_37668_cov_7.348869_32	COG0527	223601	2.19e-102	35.385	MetL1	Aspartate kinase	E	Amino acid transport and metabolism
NODE_1223_length_37668_cov_7.348869_33	COG0329	223406	3.09e-105	45.39	DapA	4-hydroxy-tetrahydrodipicolinate synthase/N-acetylneuraminate lyase	E	Amino acid transport and metabolism
NODE_1223_length_37668_cov_7.348869_34	COG1922	224833	4.43e-76	43.673	WecG	UDP-N-acetyl-D-mannosaminuronic acid transferase, WecB/TagA/CpsF family	M	Cell wall/membrane/envelope biogenesis
NODE_1223_length_37668_cov_7.348869_35	COG1208	224129	1.03e-100	41.641	GCD1	NDP-sugar pyrophosphorylase, includes eIF-2Bgamma, eIF-2Bepsilon, and LPS biosynthesis protein s	J	Translation, ribosomal structure and biogenesis
NODE_1223_length_37668_cov_7.348869_37	COG1040	223970	9.86e-05	25.676	ComFC	DNA utilization protein ComFC/GntX, contains phosphoribosyltransferase domain	R	General function prediction only
NODE_1398_length_35136_cov_7.700721_1	COG1463	224380	1.22e-20	21.981	MlaD	Periplasmic subunit MlaD of the ABC-type intermembrane phospholipid transporter Mla	M	Cell wall/membrane/envelope biogenesis
NODE_1398_length_35136_cov_7.700721_2	COG1127	224052	4.29e-105	46.939	MlaF	ATPase subunit MlaF of the ABC-type intermembrane phospholipid transporter Mla	M	Cell wall/membrane/envelope biogenesis
NODE_1398_length_35136_cov_7.700721_3	COG0767	223838	1.55e-52	43.359	MlaE	Permease subunit MlaE of the ABC-type intermembrane phospholipid transporter Mla	M	Cell wall/membrane/envelope biogenesis
NODE_1398_length_35136_cov_7.700721_5	COG0689	223761	7.56e-101	58.723	Rph	Ribonuclease PH	J	Translation, ribosomal structure and biogenesis
NODE_1398_length_35136_cov_7.700721_6	COG0449	223526	0.0	50.163	GlmS	Glucosamine 6-phosphate synthetase, contains amidotransferase and phosphosugar isomerase domains	M	Cell wall/membrane/envelope biogenesis
NODE_1398_length_35136_cov_7.700721_7	COG1758	224672	9.1e-16	42.857	RpoZ	DNA-directed RNA polymerase, subunit K/omega	K	Transcription
NODE_1398_length_35136_cov_7.700721_8	COG0194	223272	1.01e-72	46.073	Gmk	Guanylate kinase	F	Nucleotide transport and metabolism
NODE_1398_length_35136_cov_7.700721_9	COG2911	225463	8.02e-26	22.563	TamB	Autotransporter translocation and assembly protein TamB	U	Intracellular trafficking, secretion, and vesicular transport
NODE_1398_length_35136_cov_7.700721_10	COG1293	224212	3.94e-40	21.716	RqcH	Ribosome quality control (RQC) protein RqcH, Rqc2/NEMF/Tae2 family, contains fibronectin-(FbpA) and RNA- (NFACT) binding domains	J	Translation, ribosomal structure and biogenesis
NODE_1398_length_35136_cov_7.700721_11	COG0534	223608	8.94e-74	32.675	NorM	Na+-driven multidrug efflux pump, DinF/NorM/MATE family	V	Defense mechanisms
NODE_1398_length_35136_cov_7.700721_12	COG0664	223736	1.97e-51	36.321	Crp	cAMP-binding domain of CRP or a regulatory subunit of cAMP-dependent protein kinases	T	Signal transduction mechanisms
NODE_1398_length_35136_cov_7.700721_13	COG0514	223588	0.0	47.227	RecQ	Superfamily II DNA helicase RecQ	L	Replication, recombination and repair
NODE_1398_length_35136_cov_7.700721_14	COG0596	223669	3.6e-34	28.47	MenH	2-succinyl-6-hydroxy-2,4-cyclohexadiene-1-carboxylate synthase MenH and related esterases, alpha/beta hydrolase fold	H	Coenzyme transport and metabolism
NODE_1398_length_35136_cov_7.700721_15	COG2205	225115	1.3e-05	21.788	KdpD	K+-sensing histidine kinase KdpD	T	Signal transduction mechanisms
NODE_1398_length_35136_cov_7.700721_16	COG1695	224609	7.56e-15	32.941	PadR	DNA-binding transcriptional regulator, PadR family	K	Transcription
NODE_1398_length_35136_cov_7.700721_17	COG0577	223650	3.04e-14	17.073	SalY	ABC-type antimicrobial peptide transport system, permease component	V	Defense mechanisms
NODE_1398_length_35136_cov_7.700721_18	COG1566	224482	2.69e-10	28.085	EmrA	Multidrug resistance efflux pump EmrA	V	Defense mechanisms
NODE_1398_length_35136_cov_7.700721_19	COG1136	224059	1.59e-109	52.273	LolD	ABC-type lipoprotein export system, ATPase component	M	Cell wall/membrane/envelope biogenesis
NODE_1398_length_35136_cov_7.700721_20	COG3694	226218	1.05e-31	26.038		ABC-type uncharacterized transport system, permease component	R	General function prediction only
NODE_1398_length_35136_cov_7.700721_21	COG4587	226953	3.09e-25	22.989		ABC-type uncharacterized transport system, permease component	R	General function prediction only
NODE_1398_length_35136_cov_7.700721_22	COG4586	226952	3e-117	42.415		ABC-type uncharacterized transport system, ATPase component	R	General function prediction only
NODE_1398_length_35136_cov_7.700721_23	COG1409	224327	2.04e-30	27.241	CpdA	3',5'-cyclic AMP phosphodiesterase CpdA	T	Signal transduction mechanisms
NODE_1398_length_35136_cov_7.700721_24	COG0463	223539	8.96e-09	23.737	WcaA	Glycosyltransferase involved in cell wall bisynthesis	M	Cell wall/membrane/envelope biogenesis
NODE_1398_length_35136_cov_7.700721_25	COG2128	225039	1.65e-14	28.125	YciW	Alkylhydroperoxidase family enzyme, contains CxxC motif	P	Inorganic ion transport and metabolism
NODE_1398_length_35136_cov_7.700721_26	COG0535	223609	1.39e-17	27.027	SkfB	Radical SAM superfamily maturase, SkfB/NifB/PqqE family	D	Cell cycle control, cell division, chromosome partitioning
NODE_1398_length_35136_cov_7.700721_27	COG3222	225763	1.7e-25	34.184		Uncharacterized conserved protein, glycosyltransferase A (GT-A) superfamily, DUF2064 family	S	Function unknown
NODE_1398_length_35136_cov_7.700721_28	COG0664	223736	1.87e-21	22.535	Crp	cAMP-binding domain of CRP or a regulatory subunit of cAMP-dependent protein kinases	T	Signal transduction mechanisms
NODE_1398_length_35136_cov_7.700721_29	COG2208	225118	4.46e-30	26.761	RsbU	Phosphoserine phosphatase RsbU, regulator of sigma subunit	T	Signal transduction mechanisms
NODE_1398_length_35136_cov_7.700721_30	COG5001	227334	1.07e-61	40.134		Cyclic di-GMP metabolism protein, combines GGDEF and EAL domains with a 6TM membrane domain	T	Signal transduction mechanisms
NODE_1423_length_34871_cov_7.257698_1	COG4447	226855	0.000205	17.708		Uncharacterized conserved protein related to plant photosystem II stability/assembly factor	R	General function prediction only
NODE_1423_length_34871_cov_7.257698_2	COG1204	224125	1.85e-17	25.199	BRR2	Replicative superfamily II helicase	L	Replication, recombination and repair
NODE_1423_length_34871_cov_7.257698_3	COG0045	223123	1.16e-153	50.0	SucC	Succinyl-CoA synthetase, beta subunit	C	Energy production and conversion
NODE_1423_length_34871_cov_7.257698_4	COG0074	223152	6.7e-154	62.457	SucD	Succinyl-CoA synthetase, alpha subunit	C	Energy production and conversion
NODE_1423_length_34871_cov_7.257698_5	COG1629	224544	4.48e-09	12.782	CirA	Outer membrane receptor protein, Fe transport	P	Inorganic ion transport and metabolism
NODE_1423_length_34871_cov_7.257698_7	COG1388	224306	0.002	25.714	LysM	LysM repeat	M	Cell wall/membrane/envelope biogenesis
NODE_1423_length_34871_cov_7.257698_8	COG1974	224885	7.7e-65	48.077	LexA	SOS-response transcriptional repressor LexA (RecA-mediated autopeptidase)	K	Transcription
NODE_1423_length_34871_cov_7.257698_9	COG1455	224372	5.72e-60	34.223	CelB	Phosphotransferase system cellobiose-specific component IIC	G	Carbohydrate transport and metabolism
NODE_1423_length_34871_cov_7.257698_10	COG4100	226585	3.67e-120	44.681	YnbB	Cystathionine beta-lyase family protein involved in aluminum resistance	P	Inorganic ion transport and metabolism
NODE_1423_length_34871_cov_7.257698_11	COG5581	227868	1.34e-07	25.926	YcgR	Cyclic di-GMP-binding flagellar brake protein FlgZ/YcgR, contains PilZNR(YcgR) and PilZ domains	N	Cell motility
NODE_1423_length_34871_cov_7.257698_13	COG1716	224630	2.38e-09	35.526	FHA	Forkhead associated (FHA) domain, binds pSer, pThr, pTyr	T	Signal transduction mechanisms
NODE_1423_length_34871_cov_7.257698_14	COG0414	223491	2.34e-112	54.545	PanC	Panthothenate synthetase	H	Coenzyme transport and metabolism
NODE_1423_length_34871_cov_7.257698_15	COG0452	223529	5.92e-121	49.871	CoaBC	Phosphopantothenoylcysteine synthetase/decarboxylase CoaBC	H	Coenzyme transport and metabolism
NODE_1423_length_34871_cov_7.257698_16	COG1521	224438	1.99e-62	38.76	CoaX	Pantothenate kinase type III	H	Coenzyme transport and metabolism
NODE_1423_length_34871_cov_7.257698_17	COG0793	223864	3.48e-88	39.252	CtpA	C-terminal processing protease CtpA/Prc, contains a PDZ domain	O	Posttranslational modification, protein turnover, chaperones
NODE_1423_length_34871_cov_7.257698_18	COG0042	223120	5.67e-112	43.865	DusA	tRNA-dihydrouridine synthase	J	Translation, ribosomal structure and biogenesis
NODE_1423_length_34871_cov_7.257698_19	COG4992	227325	3.77e-149	46.494	ArgD	Acetylornithine/succinyldiaminopimelate/putrescine aminotransferase	E	Amino acid transport and metabolism
NODE_1423_length_34871_cov_7.257698_20	COG2867	225422	1.65e-13	24.324	PasT	Ribosome association toxin PasT (RatA) of the RatAB toxin-antitoxin module	J	Translation, ribosomal structure and biogenesis
NODE_1423_length_34871_cov_7.257698_23	COG5322	227632	1.33e-50	26.062		Predicted amino acid dehydrogenase	R	General function prediction only
NODE_1423_length_34871_cov_7.257698_25	COG2128	225039	2.9e-08	44.048	YciW	Alkylhydroperoxidase family enzyme, contains CxxC motif	P	Inorganic ion transport and metabolism
NODE_1423_length_34871_cov_7.257698_27	COG0531	223605	2.86e-54	29.032	PotE	Serine transporter YbeC, amino acid:H+ symporter family	E	Amino acid transport and metabolism
NODE_1423_length_34871_cov_7.257698_28	COG0531	223605	1.43e-28	25.899	PotE	Serine transporter YbeC, amino acid:H+ symporter family	E	Amino acid transport and metabolism
NODE_1423_length_34871_cov_7.257698_29	COG0531	223605	8.85e-34	24.494	PotE	Serine transporter YbeC, amino acid:H+ symporter family	E	Amino acid transport and metabolism
NODE_1423_length_34871_cov_7.257698_30	COG1231	224152	9.89e-31	24.948	YobN	Monoamine oxidase	E	Amino acid transport and metabolism
NODE_1423_length_34871_cov_7.257698_31	COG1629	224544	8.92e-08	15.811	CirA	Outer membrane receptor protein, Fe transport	P	Inorganic ion transport and metabolism
NODE_1466_length_34140_cov_7.598709_1	COG4934	227270	1.17e-34	21.429		Serine protease, subtilase family	O	Posttranslational modification, protein turnover, chaperones
NODE_1466_length_34140_cov_7.598709_3	COG0160	223238	7.79e-123	35.255	ArgD	Acetylornithine aminotransferase/4-aminobutyrate aminotransferase	E	Amino acid transport and metabolism
NODE_1466_length_34140_cov_7.598709_4	COG0673	223745	5.83e-58	30.792	MviM	Predicted dehydrogenase	R	General function prediction only
NODE_1466_length_34140_cov_7.598709_5	COG1404	224322	3.74e-18	27.442	AprE	Serine protease, subtilisin family	O	Posttranslational modification, protein turnover, chaperones
NODE_1466_length_34140_cov_7.598709_6	COG1058	223986	3.91e-81	41.961	CinA	ADP-ribose pyrophosphatase domain of DNA damage- and competence-inducible protein CinA	L	Replication, recombination and repair
NODE_1466_length_34140_cov_7.598709_7	COG3903	226418	2.12e-65	40.284		Predicted ATPase	R	General function prediction only
NODE_1466_length_34140_cov_7.598709_8	COG1669	224583	4.3e-07	46.512	MJ0435	Predicted nucleotidyltransferase MJ0435	R	General function prediction only
NODE_1466_length_34140_cov_7.598709_10	COG1846	224759	5.57e-15	31.405	MarR	DNA-binding transcriptional regulator, MarR family	K	Transcription
NODE_1466_length_34140_cov_7.598709_11	COG0654	223727	5.29e-42	26.23	UbiH	2-polyprenyl-6-methoxyphenol hydroxylase and related FAD-dependent oxidoreductases	H	Coenzyme transport and metabolism
NODE_1466_length_34140_cov_7.598709_12	COG5587	227874	2.08e-52	29.817		Uncharacterized protein, contains DUF2461 domain	S	Function unknown
NODE_1466_length_34140_cov_7.598709_14	COG3391	225926	2.99e-11	24.161	YncE	DNA-binding beta-propeller fold protein YncE	R	General function prediction only
NODE_1466_length_34140_cov_7.598709_15	COG1648	224562	1.82e-13	26.816	CysG2	Siroheme synthase (precorrin-2 oxidase/ferrochelatase domain)	H	Coenzyme transport and metabolism
NODE_1466_length_34140_cov_7.598709_16	COG0171	223249	2.34e-86	40.727	NadE	NH3-dependent NAD+ synthetase	H	Coenzyme transport and metabolism
NODE_1466_length_34140_cov_7.598709_17	COG0388	223465	2.43e-38	32.491	Nit2	Omega-amidase YafV/Nit2, hydrolyzes alpha-ketoglutaramate	C	Energy production and conversion
NODE_1466_length_34140_cov_7.598709_18	COG1249	224169	2.51e-131	38.462	Lpd	Dihydrolipoamide dehydrogenase (E3) component of pyruvate/2-oxoglutarate dehydrogenase complex or glutathione oxidoreductase	C	Energy production and conversion
NODE_1466_length_34140_cov_7.598709_19	COG5542	227829	5.49e-09	23.755		Mannosyltransferase related to Gpi18	G	Carbohydrate transport and metabolism
NODE_1466_length_34140_cov_7.598709_20	COG2246	225155	1.31e-08	29.752	GtrA	Putative flippase GtrA (transmembrane translocase of bactoprenol-linked glucose)	I	Lipid transport and metabolism
NODE_1466_length_34140_cov_7.598709_21	COG1807	224720	9.29e-17	19.02	ArnT	PMT family glycosyltransferase ArnT/Agl22, involved in glycosylation of proteins and lipid IVA	M	Cell wall/membrane/envelope biogenesis
NODE_1466_length_34140_cov_7.598709_22	COG2085	224996	4.26e-40	34.5		Predicted dinucleotide-binding enzyme	R	General function prediction only
NODE_1466_length_34140_cov_7.598709_23	COG3369	225904	5.37e-16	35.938		Uncharacterized conserved protein, contains Zn-finger domain of CDGSH type	S	Function unknown
NODE_1466_length_34140_cov_7.598709_27	COG0612	223685	8.03e-126	40.38	PqqL	Predicted Zn-dependent peptidase, M16 family	R	General function prediction only
NODE_1466_length_34140_cov_7.598709_29	COG0442	223519	2.69e-25	27.919	ProS	Prolyl-tRNA synthetase	J	Translation, ribosomal structure and biogenesis
NODE_1616_length_32517_cov_7.695151_3	COG1171	224092	7.67e-95	43.917	IlvA	Threonine deaminase	E	Amino acid transport and metabolism
NODE_1616_length_32517_cov_7.695151_4	COG0612	223685	1.45e-64	30.275	PqqL	Predicted Zn-dependent peptidase, M16 family	R	General function prediction only
NODE_1616_length_32517_cov_7.695151_5	COG0243	223321	1.49e-93	23.333	BisC	Anaerobic selenocysteine-containing dehydrogenase	C	Energy production and conversion
NODE_1616_length_32517_cov_7.695151_6	COG1219	224140	0.0	70.27	ClpX	ATP-dependent protease Clp, ATPase subunit ClpX	O	Posttranslational modification, protein turnover, chaperones
NODE_1616_length_32517_cov_7.695151_7	COG0740	223811	1.8e-99	61.194	ClpP	ATP-dependent protease ClpP, protease subunit	O	Posttranslational modification, protein turnover, chaperones
NODE_1616_length_32517_cov_7.695151_8	COG0544	223618	4.16e-119	40.706	Tig	FKBP-type peptidyl-prolyl cis-trans isomerase (trigger factor)	O	Posttranslational modification, protein turnover, chaperones
NODE_1616_length_32517_cov_7.695151_10	COG1309	224228	1.83e-05	19.018	AcrR	DNA-binding protein, AcrR family, includes nucleoid occlusion protein SlmA	K	Transcription
NODE_1616_length_32517_cov_7.695151_11	COG1055	223983	4.54e-39	26.817	ArsB	Na+/H+ antiporter NhaD or related arsenite permease	P	Inorganic ion transport and metabolism
NODE_1616_length_32517_cov_7.695151_12	COG2208	225118	3.54e-33	29.154	RsbU	Phosphoserine phosphatase RsbU, regulator of sigma subunit	T	Signal transduction mechanisms
NODE_1616_length_32517_cov_7.695151_13	COG3158	225700	0.0	43.851	Kup	K+ uptake protein Kup	P	Inorganic ion transport and metabolism
NODE_1616_length_32517_cov_7.695151_15	COG0562	223636	5.34e-161	47.721	Glf	UDP-galactopyranose mutase	M	Cell wall/membrane/envelope biogenesis
NODE_1616_length_32517_cov_7.695151_16	COG2226	225136	2.62e-09	30.612	UbiE	Ubiquinone/menaquinone biosynthesis C-methylase UbiE/MenG	H	Coenzyme transport and metabolism
NODE_1616_length_32517_cov_7.695151_17	COG0318	223395	1.01e-156	39.205	MenE/FadK	O-succinylbenzoic acid-CoA ligase MenE or related acyl-CoA synthetase (AMP-forming)	I	Lipid transport and metabolism
NODE_1616_length_32517_cov_7.695151_19	COG1754	224668	0.009	41.667		Uncharacterized C-terminal domain of topoisomerase IA	S	Function unknown
NODE_1616_length_32517_cov_7.695151_21	COG1804	224717	2.58e-36	31.169	CaiB	Crotonobetainyl-CoA:carnitine CoA-transferase CaiB and related acyl-CoA transferases	I	Lipid transport and metabolism
NODE_1616_length_32517_cov_7.695151_22	COG0183	223261	6.12e-94	39.141	PaaJ	Acetyl-CoA acetyltransferase	I	Lipid transport and metabolism
NODE_1616_length_32517_cov_7.695151_23	COG1250	224170	4.18e-73	38.699	FadB	3-hydroxyacyl-CoA dehydrogenase	I	Lipid transport and metabolism
NODE_1616_length_32517_cov_7.695151_24	COG4320	226770	6.33e-28	30.323		Uncharacterized conserved protein, DUF2252 family	S	Function unknown
NODE_1616_length_32517_cov_7.695151_26	COG3511	226042	4.05e-48	25.532	PlcC	Phospholipase C	M	Cell wall/membrane/envelope biogenesis
NODE_1616_length_32517_cov_7.695151_27	COG2335	225214	1.02e-51	43.575	FAS1	Uncaracterized surface protein containing fasciclin (FAS1) repeats	R	General function prediction only
NODE_1616_length_32517_cov_7.695151_28	COG3221	225762	9.2e-22	26.852	PhnD	ABC-type phosphate/phosphonate transport system, periplasmic component	P	Inorganic ion transport and metabolism
NODE_1616_length_32517_cov_7.695151_29	COG3008	225553	0.007	21.429	PqiB	Intermembrane transporter PqiABC subunit PqiB	M	Cell wall/membrane/envelope biogenesis
NODE_1616_length_32517_cov_7.695151_30	COG3019	225564	2.59e-34	35.537		Uncharacterized metal-binding protein, DUF411 family	S	Function unknown
NODE_1616_length_32517_cov_7.695151_31	COG1937	224848	6.53e-22	39.241	FrmR	DNA-binding transcriptional regulator, FrmR family	K	Transcription
NODE_1616_length_32517_cov_7.695151_32	COG2608	225328	3.18e-13	43.75	CopZ	Copper chaperone CopZ	P	Inorganic ion transport and metabolism
NODE_1616_length_32517_cov_7.695151_33	COG2217	225127	9.1e-17	43.836	ZntA	Cation-transporting P-type ATPase	P	Inorganic ion transport and metabolism
NODE_1727_length_31291_cov_8.465777_1	COG0604	223677	2.07e-27	39.735	Qor	NADPH:quinone reductase or related Zn-dependent oxidoreductase	C	Energy production and conversion
NODE_1727_length_31291_cov_8.465777_2	COG0491	223565	4.48e-22	26.991	GloB	Glyoxylase or a related metal-dependent hydrolase, beta-lactamase superfamily II	R	General function prediction only
NODE_1727_length_31291_cov_8.465777_7	COG0398	223475	2.11e-07	18.023	TVP38	Uncharacterized membrane protein YdjX, related to fungal oxalate transporter, TVP38/TMEM64 family	S	Function unknown
NODE_1727_length_31291_cov_8.465777_8	COG0349	223426	6.93e-80	34.417	Rnd	Ribonuclease D	J	Translation, ribosomal structure and biogenesis
NODE_1727_length_31291_cov_8.465777_9	COG1048	223977	0.0	59.759	AcnA	Aconitase A	C	Energy production and conversion
NODE_1727_length_31291_cov_8.465777_10	COG0438	223515	7.84e-25	21.053	RfaB	Glycosyltransferase involved in cell wall bisynthesis	M	Cell wall/membrane/envelope biogenesis
NODE_1727_length_31291_cov_8.465777_13	COG1208	224129	1.69e-109	38.71	GCD1	NDP-sugar pyrophosphorylase, includes eIF-2Bgamma, eIF-2Bepsilon, and LPS biosynthesis protein s	J	Translation, ribosomal structure and biogenesis
NODE_1727_length_31291_cov_8.465777_14	COG1640	224555	3.17e-136	35.512	MalQ	4-alpha-glucanotransferase	G	Carbohydrate transport and metabolism
NODE_1727_length_31291_cov_8.465777_15	COG1523	224440	0.0	52.155	PulA	Pullulanase/glycogen debranching enzyme	G	Carbohydrate transport and metabolism
NODE_1727_length_31291_cov_8.465777_16	COG3408	225942	0.003	21.951	GDB1	Glycogen debranching enzyme (alpha-1,6-glucosidase)	G	Carbohydrate transport and metabolism
NODE_1727_length_31291_cov_8.465777_18	COG0697	223769	3.43e-13	28.512	RhaT	Permease of the drug/metabolite transporter (DMT) superfamily	G	Carbohydrate transport and metabolism
NODE_1727_length_31291_cov_8.465777_19	COG1061	223989	1.71e-45	26.619	SSL2	Superfamily II DNA or RNA helicase	K	Transcription
NODE_1727_length_31291_cov_8.465777_20	COG0422	223499	0.0	69.676	ThiC	4-amino-2-methyl-5-hydroxymethylpyrimidine (HMP) synthase ThiC	H	Coenzyme transport and metabolism
NODE_1727_length_31291_cov_8.465777_21	COG4118	226603	0.001	31.579	Phd	Antitoxin component of toxin-antitoxin stability system, DNA-binding transcriptional repressor	V	Defense mechanisms
NODE_1727_length_31291_cov_8.465777_22	COG0483	223559	1.38e-26	28.679	SuhB	Archaeal fructose-1,6-bisphosphatase or related enzyme, inositol monophosphatase family	G	Carbohydrate transport and metabolism
NODE_1727_length_31291_cov_8.465777_23	COG0607	223680	4.36e-09	27.928	PspE	Rhodanese-related sulfurtransferase	P	Inorganic ion transport and metabolism
NODE_1727_length_31291_cov_8.465777_24	COG2986	225533	5.77e-157	45.618	HutH	Histidine ammonia-lyase	E	Amino acid transport and metabolism
NODE_1727_length_31291_cov_8.465777_25	COG0059	223137	0.0	61.656	IlvC	Ketol-acid reductoisomerase	E	Amino acid transport and metabolism
NODE_1727_length_31291_cov_8.465777_27	COG0028	223107	5.79e-49	51.724	IlvB	Acetolactate synthase large subunit or other thiamine pyrophosphate-requiring enzyme	E	Amino acid transport and metabolism
NODE_1762_length_31003_cov_9.003005_3	COG0778	223849	1.49e-20	28.866	NfnB	Nitroreductase	C	Energy production and conversion
NODE_1762_length_31003_cov_9.003005_5	COG1670	224584	1.41e-12	37.879	RimL	Protein N-acetyltransferase, RimJ/RimL family	J	Translation, ribosomal structure and biogenesis
NODE_1762_length_31003_cov_9.003005_6	COG2910	225462	6.85e-20	30.392	YwnB	Putative NADH-flavin reductase	R	General function prediction only
NODE_1762_length_31003_cov_9.003005_7	COG0179	223257	2.34e-96	46.667	YcgM	2-keto-4-pentenoate hydratase/2-oxohepta-3-ene-1,7-dioic acid hydratase (catechol pathway)	Q	Secondary metabolites biosynthesis, transport and catabolism
NODE_1762_length_31003_cov_9.003005_8	COG3903	226418	2.7e-65	39.529		Predicted ATPase	R	General function prediction only
NODE_1762_length_31003_cov_9.003005_9	COG3903	226418	6.63e-74	40.594		Predicted ATPase	R	General function prediction only
NODE_1762_length_31003_cov_9.003005_10	COG2124	225035	1.88e-66	30.913	CypX	Cytochrome P450	Q	Secondary metabolites biosynthesis, transport and catabolism
NODE_1762_length_31003_cov_9.003005_12	COG0569	223643	2.78e-12	28.899	TrkA	Trk/Ktr K+ transport system regulatory component TrkA/KtrA/KtrC, RCK domain	P	Inorganic ion transport and metabolism
NODE_1762_length_31003_cov_9.003005_15	COG3292	225829	0.002	16.484		Periplasmic ligand-binding sensor domain	T	Signal transduction mechanisms
NODE_1762_length_31003_cov_9.003005_16	COG3288	225826	4.95e-125	51.657	PntA	NAD/NADP transhydrogenase alpha subunit	C	Energy production and conversion
NODE_1762_length_31003_cov_9.003005_17	COG3288	225826	1.21e-21	31.193	PntA	NAD/NADP transhydrogenase alpha subunit	C	Energy production and conversion
NODE_1762_length_31003_cov_9.003005_18	COG1282	224201	5.5e-175	45.992	PntB	NAD/NADP transhydrogenase beta subunit	C	Energy production and conversion
NODE_1762_length_31003_cov_9.003005_19	COG1404	224322	3.67e-09	26.646	AprE	Serine protease, subtilisin family	O	Posttranslational modification, protein turnover, chaperones
NODE_1762_length_31003_cov_9.003005_20	COG2133	225044	2.69e-24	22.145	YliI	Glucose/arabinose dehydrogenase, beta-propeller fold	G	Carbohydrate transport and metabolism
NODE_1762_length_31003_cov_9.003005_21	COG1450	224367	6.29e-39	24.382	PulD	Type II secretory pathway component GspD/PulD (secretin)	U	Intracellular trafficking, secretion, and vesicular transport
NODE_1762_length_31003_cov_9.003005_23	COG5267	227592	1e-44	25.781		Uncharacterized conserved protein, DUF1800 family	S	Function unknown
NODE_1762_length_31003_cov_9.003005_24	COG4102	226587	6.6e-37	26.697		Uncharacterized conserved protein, DUF1501 family	S	Function unknown
NODE_1774_length_30847_cov_7.841160_1	COG2208	225118	4.27e-39	29.73	RsbU	Phosphoserine phosphatase RsbU, regulator of sigma subunit	T	Signal transduction mechanisms
NODE_1774_length_30847_cov_7.841160_2	COG0642	223715	1.19e-50	35.165	BaeS	Signal transduction histidine kinase	T	Signal transduction mechanisms
NODE_1774_length_30847_cov_7.841160_3	COG0745	223816	3.18e-71	41.739	OmpR	DNA-binding response regulator, OmpR family, contains REC and winged-helix (wHTH) domain	T	Signal transduction mechanisms
NODE_1774_length_30847_cov_7.841160_4	COG1597	224513	5.28e-58	31.159	LCB5	Phosphatidylglycerol kinase, diacylglycerol kinase family	I	Lipid transport and metabolism
NODE_1774_length_30847_cov_7.841160_6	COG0719	223791	2.13e-62	31.633	SufB	Fe-S cluster assembly scaffold protein SufB	O	Posttranslational modification, protein turnover, chaperones
NODE_1774_length_30847_cov_7.841160_7	COG3212	225753	7.51e-09	31.818	YkoI	PepSY domain containing protein, regulator of zincin peptidase activity	O	Posttranslational modification, protein turnover, chaperones
NODE_1774_length_30847_cov_7.841160_8	COG0533	223607	6.68e-138	48.197	TsaD	tRNA A37 threonylcarbamoyltransferase TsaD	J	Translation, ribosomal structure and biogenesis
NODE_1774_length_30847_cov_7.841160_9	COG0788	223859	2.07e-11	27.059	PurU	Formyltetrahydrofolate hydrolase	F	Nucleotide transport and metabolism
NODE_1774_length_30847_cov_7.841160_10	COG0150	223228	3.62e-123	46.041	PurM	Phosphoribosylaminoimidazole (AIR) synthetase	F	Nucleotide transport and metabolism
NODE_1774_length_30847_cov_7.841160_11	COG0260	223338	4.89e-176	44.033	PepB	Leucyl aminopeptidase	E	Amino acid transport and metabolism
NODE_1774_length_30847_cov_7.841160_12	COG1506	224423	1.75e-69	28.995	DAP2	Dipeptidyl aminopeptidase/acylaminoacyl peptidase	E	Amino acid transport and metabolism
NODE_1774_length_30847_cov_7.841160_15	COG0034	223112	0.0	50.855	PurF	Glutamine phosphoribosylpyrophosphate amidotransferase	F	Nucleotide transport and metabolism
NODE_1774_length_30847_cov_7.841160_16	COG0670	223742	1.92e-18	28.502	YbhL	Integral membrane protein YbhL, putative Ca2+ regulator, Bax inhibitor (BI-1)/TMBIM family	P	Inorganic ion transport and metabolism
NODE_1774_length_30847_cov_7.841160_17	COG0151	223229	1.6e-143	44.626	PurD	Phosphoribosylamine-glycine ligase	F	Nucleotide transport and metabolism
NODE_1774_length_30847_cov_7.841160_18	COG0519	223593	0.0	66.667	GuaA2	GMP synthase, PP-ATPase domain/subunit	F	Nucleotide transport and metabolism
NODE_1774_length_30847_cov_7.841160_19	COG2020	224931	4.19e-19	30.0	STE14	Protein-S-isoprenylcysteine O-methyltransferase Ste14	O	Posttranslational modification, protein turnover, chaperones
NODE_1774_length_30847_cov_7.841160_21	COG1759	224673	1.38e-122	40.526	PurP	5-formaminoimidazole-4-carboxamide-1-beta-D-ribofuranosyl 5'-monophosphate synthetase (purine biosynthesis)	F	Nucleotide transport and metabolism
NODE_1774_length_30847_cov_7.841160_23	COG1759	224673	1.16e-145	47.748	PurP	5-formaminoimidazole-4-carboxamide-1-beta-D-ribofuranosyl 5'-monophosphate synthetase (purine biosynthesis)	F	Nucleotide transport and metabolism
NODE_1774_length_30847_cov_7.841160_25	COG0047	223125	7.76e-73	44.344	PurL2	Phosphoribosylformylglycinamidine (FGAM) synthase, glutamine amidotransferase domain	F	Nucleotide transport and metabolism
NODE_1774_length_30847_cov_7.841160_26	COG0046	223124	0.0	38.471	PurL1	Phosphoribosylformylglycinamidine (FGAM) synthase, synthetase domain	F	Nucleotide transport and metabolism
NODE_1774_length_30847_cov_7.841160_27	COG0152	223230	2.85e-62	37.885	PurC	Phosphoribosylaminoimidazole-succinocarboxamide synthase	F	Nucleotide transport and metabolism
NODE_1774_length_30847_cov_7.841160_28	COG0015	223094	4.91e-117	35.778	PurB	Adenylosuccinate lyase	F	Nucleotide transport and metabolism
NODE_1799_length_30602_cov_7.128523_1	COG0156	223234	5.25e-73	40.0	BioF	7-keto-8-aminopelargonate synthetase or related enzyme	H	Coenzyme transport and metabolism
NODE_1799_length_30602_cov_7.128523_2	COG0161	223239	4.72e-133	41.591	BioA	Adenosylmethionine-8-amino-7-oxononanoate aminotransferase	H	Coenzyme transport and metabolism
NODE_1799_length_30602_cov_7.128523_3	COG0183	223261	2.16e-96	34.069	PaaJ	Acetyl-CoA acetyltransferase	I	Lipid transport and metabolism
NODE_1799_length_30602_cov_7.128523_4	COG1250	224170	7.76e-106	43.092	FadB	3-hydroxyacyl-CoA dehydrogenase	I	Lipid transport and metabolism
NODE_1799_length_30602_cov_7.128523_5	COG1022	223953	9.39e-176	37.521	FAA1	Long-chain acyl-CoA synthetase (AMP-forming)	I	Lipid transport and metabolism
NODE_1799_length_30602_cov_7.128523_6	COG0657	223730	4.97e-16	20.392	Aes	Acetyl esterase/lipase	I	Lipid transport and metabolism
NODE_1799_length_30602_cov_7.128523_8	COG0114	223192	0.0	66.955	FumC	Fumarate hydratase class II	C	Energy production and conversion
NODE_1799_length_30602_cov_7.128523_9	COG5010	227343	2.03e-07	20.245	TadD	Flp pilus assembly protein TadD, contains TPR repeats	U	Intracellular trafficking, secretion, and vesicular transport
NODE_1799_length_30602_cov_7.128523_10	COG4719	227063	1.83e-19	32.09		Uncharacterized conserved protein, UCP014979 family	S	Function unknown
NODE_1799_length_30602_cov_7.128523_15	COG0251	223329	3.63e-41	56.911	RidA	Enamine deaminase RidA, house cleaning of reactive enamine intermediates, YjgF/YER057c/UK114 family	V	Defense mechanisms
NODE_1799_length_30602_cov_7.128523_16	COG0667	223739	1.8e-69	30.183	PdxI	Pyridoxal reductase PdxI or related oxidoreductase, aldo/keto reductase family	H	Coenzyme transport and metabolism
NODE_1799_length_30602_cov_7.128523_18	COG0076	223154	5.48e-80	27.891	GadA	Glutamate or tyrosine decarboxylase or a related PLP-dependent protein	E	Amino acid transport and metabolism
NODE_1799_length_30602_cov_7.128523_19	COG2199	225109	1.03e-46	44.33	GGDEF	GGDEF domain, diguanylate cyclase (c-di-GMP synthetase) or its enzymatically inactive variants	T	Signal transduction mechanisms
NODE_1799_length_30602_cov_7.128523_20	COG0174	223252	1.15e-153	40.807	GlnA	Glutamine synthetase	E	Amino acid transport and metabolism
NODE_1799_length_30602_cov_7.128523_21	COG3835	226355	2.43e-19	28.421	CdaR	Sugar diacid utilization regulator CdaR	K	Transcription
NODE_1801_length_30599_cov_7.052875_2	COG2805	225364	9.74e-109	40.643	PilT	Type IV pilus assembly protein PilT, pilus retraction ATPase	N	Cell motility
NODE_1801_length_30599_cov_7.052875_5	COG1450	224367	3.78e-50	21.212	PulD	Type II secretory pathway component GspD/PulD (secretin)	U	Intracellular trafficking, secretion, and vesicular transport
NODE_1801_length_30599_cov_7.052875_9	COG4972	227306	3.38e-15	22.472	PilM	Type IV pilus assembly protein, ATPase PilM	N	Cell motility
NODE_1801_length_30599_cov_7.052875_10	COG2165	225076	1.32e-14	24.427	PulG	Type II secretory pathway, pseudopilin PulG	N	Cell motility
NODE_1801_length_30599_cov_7.052875_11	COG1459	224376	1.25e-78	34.555	PulF	Type II secretory pathway, component PulF	N	Cell motility
NODE_1801_length_30599_cov_7.052875_12	COG2805	225364	9.75e-120	44.16	PilT	Type IV pilus assembly protein PilT, pilus retraction ATPase	N	Cell motility
NODE_1801_length_30599_cov_7.052875_13	COG2804	225363	7.45e-134	35.446	PulE	Type II secretory pathway ATPase GspE/PulE or T4P pilus assembly pathway ATPase PilB	N	Cell motility
NODE_1801_length_30599_cov_7.052875_15	COG1191	224112	2.79e-35	36.073	FliA	DNA-directed RNA polymerase specialized sigma subunit	K	Transcription
NODE_1801_length_30599_cov_7.052875_16	COG0745	223816	2.74e-87	48.889	OmpR	DNA-binding response regulator, OmpR family, contains REC and winged-helix (wHTH) domain	T	Signal transduction mechanisms
NODE_1801_length_30599_cov_7.052875_17	COG0642	223715	1.22e-42	35.743	BaeS	Signal transduction histidine kinase	T	Signal transduction mechanisms
NODE_1801_length_30599_cov_7.052875_18	COG2340	225218	1.83e-26	35.938	YkwD	Spore germination protein YkwD and related proteins with CAP (CSP/antigen 5/PR1) domain	D	Cell cycle control, cell division, chromosome partitioning
NODE_1801_length_30599_cov_7.052875_20	COG3185	225726	7.09e-83	39.045	HppD	4-hydroxyphenylpyruvate dioxygenase and related hemolysins	E	Amino acid transport and metabolism
NODE_1801_length_30599_cov_7.052875_21	COG3508	226039	7.09e-69	23.245	HmgA	Homogentisate 1,2-dioxygenase	Q	Secondary metabolites biosynthesis, transport and catabolism
NODE_1801_length_30599_cov_7.052875_25	COG0179	223257	1.79e-27	19.167	YcgM	2-keto-4-pentenoate hydratase/2-oxohepta-3-ene-1,7-dioic acid hydratase (catechol pathway)	Q	Secondary metabolites biosynthesis, transport and catabolism
NODE_1801_length_30599_cov_7.052875_26	COG3369	225904	9.25e-19	46.774		Uncharacterized conserved protein, contains Zn-finger domain of CDGSH type	S	Function unknown
NODE_1812_length_30501_cov_7.890232_2	COG2107	225018	3.79e-105	42.754	MqnD	1,4-dihydroxy-6-naphtoate synthase (menaquinone biosynthesis, futalosine pathway)	H	Coenzyme transport and metabolism
NODE_1812_length_30501_cov_7.890232_3	COG0667	223739	3.61e-28	28.959	PdxI	Pyridoxal reductase PdxI or related oxidoreductase, aldo/keto reductase family	H	Coenzyme transport and metabolism
NODE_1812_length_30501_cov_7.890232_4	COG3876	226393	1.47e-142	41.451	YbbC	Uncharacterized conserved protein YbbC, DUF1343 family	S	Function unknown
NODE_1812_length_30501_cov_7.890232_5	COG2814	225371	1.56e-05	22.159	AraJ	Predicted arabinose efflux permease AraJ, MFS family	G	Carbohydrate transport and metabolism
NODE_1812_length_30501_cov_7.890232_7	COG0644	223717	3.02e-36	29.655	FixC	Dehydrogenase (flavoprotein)	C	Energy production and conversion
NODE_1812_length_30501_cov_7.890232_10	COG1090	224015	1.02e-117	45.946	YfcH	NAD dependent epimerase/dehydratase family enzyme	R	General function prediction only
NODE_1812_length_30501_cov_7.890232_11	COG1670	224584	1.29e-18	30.769	RimL	Protein N-acetyltransferase, RimJ/RimL family	J	Translation, ribosomal structure and biogenesis
NODE_1812_length_30501_cov_7.890232_12	COG1225	224146	8.56e-13	54.348	Bcp	Peroxiredoxin	O	Posttranslational modification, protein turnover, chaperones
NODE_1812_length_30501_cov_7.890232_13	COG1225	224146	1.75e-12	31.765	Bcp	Peroxiredoxin	O	Posttranslational modification, protein turnover, chaperones
NODE_1812_length_30501_cov_7.890232_14	COG0492	223566	1.93e-114	47.213	TrxB	Thioredoxin reductase	O	Posttranslational modification, protein turnover, chaperones
NODE_1812_length_30501_cov_7.890232_15	COG0491	223565	1.7e-25	27.404	GloB	Glyoxylase or a related metal-dependent hydrolase, beta-lactamase superfamily II	R	General function prediction only
NODE_1812_length_30501_cov_7.890232_16	COG2862	225417	2.44e-15	26.627	YqhA	Uncharacterized membrane protein YqhA	S	Function unknown
NODE_1812_length_30501_cov_7.890232_19	COG0842	223912	1.49e-11	25.0	YadH	ABC-type multidrug transport system, permease component	V	Defense mechanisms
NODE_1812_length_30501_cov_7.890232_20	COG1131	224054	7.12e-99	43.0	CcmA	ABC-type multidrug transport system, ATPase component	V	Defense mechanisms
NODE_1812_length_30501_cov_7.890232_21	COG0622	223695	9.44e-08	23.618	YfcE	Predicted phosphodiesterase, calcineurin family	R	General function prediction only
NODE_1812_length_30501_cov_7.890232_22	COG1834	224747	5.51e-20	28.214	DdaH	N-Dimethylarginine dimethylaminohydrolase	E	Amino acid transport and metabolism
NODE_1812_length_30501_cov_7.890232_23	COG3391	225926	3.53e-05	21.951	YncE	DNA-binding beta-propeller fold protein YncE	R	General function prediction only
NODE_1812_length_30501_cov_7.890232_24	COG1167	224089	1.14e-123	35.957	ARO8	DNA-binding transcriptional regulator, MocR family, contains an aminotransferase domain	K	Transcription
NODE_1812_length_30501_cov_7.890232_25	COG0745	223816	5.08e-63	38.596	OmpR	DNA-binding response regulator, OmpR family, contains REC and winged-helix (wHTH) domain	T	Signal transduction mechanisms
NODE_1812_length_30501_cov_7.890232_26	COG0281	223358	2.88e-166	52.273	SfcA	Malic enzyme	C	Energy production and conversion
NODE_1812_length_30501_cov_7.890232_27	COG0312	223389	2.87e-93	36.105	TldD	Zn-dependent protease PmbA/TldA or its inactivated homolog	R	General function prediction only
NODE_1812_length_30501_cov_7.890232_28	COG0312	223389	1.09e-129	40.959	TldD	Zn-dependent protease PmbA/TldA or its inactivated homolog	R	General function prediction only
NODE_1812_length_30501_cov_7.890232_29	COG3836	226356	9.48e-64	40.625	HpcH	2-keto-3-deoxy-L-rhamnonate aldolase RhmA	G	Carbohydrate transport and metabolism
NODE_1812_length_30501_cov_7.890232_30	COG2027	224938	3.61e-72	30.023	DacB	D-alanyl-D-alanine carboxypeptidase	M	Cell wall/membrane/envelope biogenesis
NODE_1822_length_30438_cov_7.799460_3	COG1063	223991	1.3e-93	38.268	Tdh	Threonine dehydrogenase or related Zn-dependent dehydrogenase	E	Amino acid transport and metabolism
NODE_1822_length_30438_cov_7.799460_4	COG0747	223818	1.63e-90	26.889	DdpA	ABC-type transport system, periplasmic component	E	Amino acid transport and metabolism
NODE_1822_length_30438_cov_7.799460_5	COG2814	225371	3.85e-16	20.541	AraJ	Predicted arabinose efflux permease AraJ, MFS family	G	Carbohydrate transport and metabolism
NODE_1822_length_30438_cov_7.799460_7	COG0747	223818	1.13e-91	26.186	DdpA	ABC-type transport system, periplasmic component	E	Amino acid transport and metabolism
NODE_1822_length_30438_cov_7.799460_8	COG1607	224523	2.64e-45	49.58	YciA	Acyl-CoA hydrolase	I	Lipid transport and metabolism
NODE_1822_length_30438_cov_7.799460_9	COG3391	225926	2.33e-07	27.225	YncE	DNA-binding beta-propeller fold protein YncE	R	General function prediction only
NODE_1822_length_30438_cov_7.799460_12	COG0048	223126	2.52e-64	62.676	RpsL	Ribosomal protein S12	J	Translation, ribosomal structure and biogenesis
NODE_1822_length_30438_cov_7.799460_13	COG0049	223127	8.93e-83	56.081	RpsG	Ribosomal protein S7	J	Translation, ribosomal structure and biogenesis
NODE_1822_length_30438_cov_7.799460_14	COG0480	223556	0.0	62.554	FusA	Translation elongation factor EF-G, a GTPase	J	Translation, ribosomal structure and biogenesis
NODE_1822_length_30438_cov_7.799460_15	COG0050	223128	0.0	77.75	TufA	Translation elongation factor EF-Tu, a GTPase	J	Translation, ribosomal structure and biogenesis
NODE_1822_length_30438_cov_7.799460_16	COG0051	223129	4.6e-59	69.608	RpsJ	Ribosomal protein S10	J	Translation, ribosomal structure and biogenesis
NODE_1822_length_30438_cov_7.799460_18	COG1309	224228	5.96e-08	27.711	AcrR	DNA-binding protein, AcrR family, includes nucleoid occlusion protein SlmA	K	Transcription
NODE_1822_length_30438_cov_7.799460_19	COG3221	225762	2.59e-53	35.227	PhnD	ABC-type phosphate/phosphonate transport system, periplasmic component	P	Inorganic ion transport and metabolism
NODE_1822_length_30438_cov_7.799460_20	COG4221	226674	5.01e-120	57.851	YdfG	NADP-dependent 3-hydroxy acid dehydrogenase YdfG	C	Energy production and conversion
NODE_1822_length_30438_cov_7.799460_21	COG3638	226164	7.16e-74	42.857	PhnC	ABC-type phosphate/phosphonate transport system, ATPase component	P	Inorganic ion transport and metabolism
NODE_1822_length_30438_cov_7.799460_22	COG3639	226165	2.46e-44	32.171	PhnE	ABC-type phosphate/phosphonate transport system, permease component	P	Inorganic ion transport and metabolism
NODE_1822_length_30438_cov_7.799460_23	COG1960	224871	3.05e-98	36.709	CaiA	Acyl-CoA dehydrogenase related to the alkylation response protein AidB	I	Lipid transport and metabolism
NODE_1822_length_30438_cov_7.799460_24	COG1902	224814	4.19e-144	43.49	FadH	2,4-dienoyl-CoA reductase or related NADH-dependent reductase, Old Yellow Enzyme (OYE) family	C	Energy production and conversion
NODE_1822_length_30438_cov_7.799460_25	COG2055	224966	1.4e-105	42.614	AllD	Malate/lactate/ureidoglycolate dehydrogenase, LDH2 family	C	Energy production and conversion
NODE_1822_length_30438_cov_7.799460_27	COG3324	225861	6.24e-25	35.537	VOC	Lactoylglutathione lyase-related enzyme, vicinal oxygen chelate (VOC) family	R	General function prediction only
NODE_1822_length_30438_cov_7.799460_28	COG1866	224779	0.0	61.067	PckA	Phosphoenolpyruvate carboxykinase, ATP-dependent	C	Energy production and conversion
NODE_1822_length_30438_cov_7.799460_29	COG3191	225732	6.52e-73	39.665	DmpA	L-aminopeptidase/D-esterase	E	Amino acid transport and metabolism
NODE_1822_length_30438_cov_7.799460_30	COG3505	226036	1.59e-07	16.492	VirD4	Type IV secretory pathway, VirD4 component, TraG/TraD family ATPase	U	Intracellular trafficking, secretion, and vesicular transport
NODE_1971_length_29134_cov_7.532996_2	COG0644	223717	1.06e-30	30.723	FixC	Dehydrogenase (flavoprotein)	C	Energy production and conversion
NODE_1971_length_29134_cov_7.532996_3	COG0596	223669	1.18e-30	31.359	MenH	2-succinyl-6-hydroxy-2,4-cyclohexadiene-1-carboxylate synthase MenH and related esterases, alpha/beta hydrolase fold	H	Coenzyme transport and metabolism
NODE_1971_length_29134_cov_7.532996_4	COG0488	223562	2.12e-160	38.574	Uup	ATPase components of ABC transporters with duplicated ATPase domains	R	General function prediction only
NODE_1971_length_29134_cov_7.532996_7	COG0783	223854	1.72e-39	35.526	Dps	DNA-binding ferritin-like protein (oxidative damage protectant)	P	Inorganic ion transport and metabolism
NODE_1971_length_29134_cov_7.532996_8	COG0662	223734	6.26e-06	36.0	ManC	Mannose-6-phosphate isomerase, cupin superfamily	G	Carbohydrate transport and metabolism
NODE_1971_length_29134_cov_7.532996_9	COG0637	223710	2.82e-24	27.014	YcjU	Beta-phosphoglucomutase, HAD superfamily	G	Carbohydrate transport and metabolism
NODE_1971_length_29134_cov_7.532996_11	COG1958	224869	0.007	32.258	LSM1	Small nuclear ribonucleoprotein (snRNP) homolog	K	Transcription
NODE_1971_length_29134_cov_7.532996_12	COG0361	223438	4.14e-32	57.746	InfA	Translation initiation factor IF-1	J	Translation, ribosomal structure and biogenesis
NODE_1971_length_29134_cov_7.532996_16	COG0225	223303	5.19e-82	51.429	MsrA	Peptide methionine sulfoxide reductase MsrA	O	Posttranslational modification, protein turnover, chaperones
NODE_1971_length_29134_cov_7.532996_17	COG0577	223650	1.11e-18	21.905	SalY	ABC-type antimicrobial peptide transport system, permease component	V	Defense mechanisms
NODE_1971_length_29134_cov_7.532996_18	COG1136	224059	6.31e-110	48.889	LolD	ABC-type lipoprotein export system, ATPase component	M	Cell wall/membrane/envelope biogenesis
NODE_1971_length_29134_cov_7.532996_19	COG2755	225353	1.35e-15	25.604	TesA	Lysophospholipase L1 or related esterase. Includes spore coat protein LipC/YcsK	D	Cell cycle control, cell division, chromosome partitioning
NODE_1971_length_29134_cov_7.532996_21	COG2030	224941	6.57e-33	28.671	MaoC	Acyl-CoA dehydratase PaaZ	I	Lipid transport and metabolism
NODE_1971_length_29134_cov_7.532996_22	COG0400	223477	1.67e-33	30.052	YpfH	Predicted esterase	R	General function prediction only
NODE_1971_length_29134_cov_7.532996_23	COG0747	223818	2.08e-89	26.502	DdpA	ABC-type transport system, periplasmic component	E	Amino acid transport and metabolism
NODE_1971_length_29134_cov_7.532996_24	COG0545	223619	5.63e-47	46.897	FkpA	FKBP-type peptidyl-prolyl cis-trans isomerase	O	Posttranslational modification, protein turnover, chaperones
NODE_1971_length_29134_cov_7.532996_25	COG0644	223717	4.48e-36	28.488	FixC	Dehydrogenase (flavoprotein)	C	Energy production and conversion
NODE_1971_length_29134_cov_7.532996_26	COG1506	224423	2.54e-05	23.438	DAP2	Dipeptidyl aminopeptidase/acylaminoacyl peptidase	E	Amino acid transport and metabolism
NODE_1971_length_29134_cov_7.532996_29	COG0435	223512	3.55e-165	56.369	ECM4	Glutathionyl-hydroquinone reductase	C	Energy production and conversion
NODE_1971_length_29134_cov_7.532996_30	COG2966	225514	4.96e-21	27.468	YjjP	Uncharacterized membrane protein YjjP, DUF1212 family	S	Function unknown
NODE_1971_length_29134_cov_7.532996_32	COG1403	224321	0.003	25.843	McrA	5-methylcytosine-specific restriction endonuclease McrA	V	Defense mechanisms
NODE_1971_length_29134_cov_7.532996_34	COG0488	223562	0.0	47.145	Uup	ATPase components of ABC transporters with duplicated ATPase domains	R	General function prediction only
NODE_1971_length_29134_cov_7.532996_35	COG0147	223225	1.4e-86	34.783	TrpE	Anthranilate/para-aminobenzoate synthases component I	E	Amino acid transport and metabolism
NODE_2041_length_28654_cov_8.472639_1	COG1104	224029	1.02e-18	58.824	NifS	Cysteine desulfurase/Cysteine sulfinate desulfinase IscS or related enzyme, NifS family	E	Amino acid transport and metabolism
NODE_2041_length_28654_cov_8.472639_2	COG2256	225165	0.0	55.862	RarA	Replication-associated recombination protein RarA (DNA-dependent ATPase)	L	Replication, recombination and repair
NODE_2041_length_28654_cov_8.472639_3	COG1934	224845	1.7e-08	22.556	LptA	Lipopolysaccharide export system protein LptA	M	Cell wall/membrane/envelope biogenesis
NODE_2041_length_28654_cov_8.472639_4	COG0009	223088	5.63e-66	42.512	TsaC	tRNA A37 threonylcarbamoyladenosine synthetase subunit TsaC/SUA5/YrdC	J	Translation, ribosomal structure and biogenesis
NODE_2041_length_28654_cov_8.472639_5	COG1077	224003	1.79e-171	71.779	MreB	Cell shape-determining ATPase MreB, actin-like superfamily	D	Cell cycle control, cell division, chromosome partitioning
NODE_2041_length_28654_cov_8.472639_6	COG0766	223837	0.0	52.143	MurA	UDP-N-acetylglucosamine enolpyruvyl transferase	M	Cell wall/membrane/envelope biogenesis
NODE_2041_length_28654_cov_8.472639_9	COG2250	225159	8.84e-18	34.959	HEPN	HEPN domain protein, predicted toxin of MNT-HEPN system	V	Defense mechanisms
NODE_2041_length_28654_cov_8.472639_10	COG1669	224583	0.000586	46.667	MJ0435	Predicted nucleotidyltransferase MJ0435	R	General function prediction only
NODE_2041_length_28654_cov_8.472639_11	COG0355	223432	4.4e-27	34.351	AtpC	FoF1-type ATP synthase, epsilon subunit	C	Energy production and conversion
NODE_2041_length_28654_cov_8.472639_12	COG0055	223133	0.0	67.343	AtpD	FoF1-type ATP synthase, beta subunit	C	Energy production and conversion
NODE_2041_length_28654_cov_8.472639_13	COG0224	223302	6.76e-92	39.649	AtpG	FoF1-type ATP synthase, gamma subunit	C	Energy production and conversion
NODE_2041_length_28654_cov_8.472639_14	COG0056	223134	0.0	63.855	AtpA	FoF1-type ATP synthase, alpha subunit	C	Energy production and conversion
NODE_2041_length_28654_cov_8.472639_15	COG0712	223784	1.35e-40	34.091	AtpH	FoF1-type ATP synthase, delta subunit	C	Energy production and conversion
NODE_2041_length_28654_cov_8.472639_16	COG0711	223783	3.62e-06	22.835	AtpF	FoF1-type ATP synthase, membrane subunit b or b'	C	Energy production and conversion
NODE_2041_length_28654_cov_8.472639_17	COG0711	223783	0.000231	26.056	AtpF	FoF1-type ATP synthase, membrane subunit b or b'	C	Energy production and conversion
NODE_2041_length_28654_cov_8.472639_18	COG0636	223709	8.86e-10	37.662	AtpE	FoF1-type ATP synthase, membrane subunit c/Archaeal/vacuolar-type H+-ATPase, subunit K	C	Energy production and conversion
NODE_2041_length_28654_cov_8.472639_19	COG0356	223433	8.72e-34	34.413	AtpB	FoF1-type ATP synthase, membrane subunit a	C	Energy production and conversion
NODE_2041_length_28654_cov_8.472639_21	COG0381	223458	6.73e-145	54.133	WecB	UDP-N-acetylglucosamine 2-epimerase	M	Cell wall/membrane/envelope biogenesis
NODE_2041_length_28654_cov_8.472639_22	COG0472	223548	1.6e-50	28.659	Rfe	UDP-N-acetylmuramyl pentapeptide phosphotransferase/UDP-N-acetylglucosamine-1-phosphate transferase	M	Cell wall/membrane/envelope biogenesis
NODE_2041_length_28654_cov_8.472639_23	COG2131	225042	9.9e-52	51.799	ComEB	Deoxycytidylate deaminase	F	Nucleotide transport and metabolism
NODE_2041_length_28654_cov_8.472639_24	COG0035	223113	7.69e-82	51.724	Upp	Uracil phosphoribosyltransferase	F	Nucleotide transport and metabolism
NODE_2041_length_28654_cov_8.472639_26	COG0112	223190	0.0	62.01	GlyA	Glycine/serine hydroxymethyltransferase	E	Amino acid transport and metabolism
NODE_2041_length_28654_cov_8.472639_28	COG5449	227736	0.002	52.0		Uncharacterized conserved protein, DUF2163 domain	S	Function unknown
NODE_2041_length_28654_cov_8.472639_31	COG0415	223492	2.59e-165	43.125	PhrB	Deoxyribodipyrimidine photolyase	L	Replication, recombination and repair
NODE_2041_length_28654_cov_8.472639_32	COG4948	227284	1.58e-55	29.494	RspA	L-alanine-DL-glutamate epimerase or related enzyme of enolase superfamily	M	Cell wall/membrane/envelope biogenesis
NODE_2041_length_28654_cov_8.472639_33	COG3367	225902	1.44e-86	45.045		Uncharacterized conserved protein, NAD-dependent epimerase/dehydratase family	R	General function prediction only
NODE_2041_length_28654_cov_8.472639_34	COG0747	223818	4.93e-83	26.476	DdpA	ABC-type transport system, periplasmic component	E	Amino acid transport and metabolism
NODE_2051_length_28538_cov_7.749184_1	COG0460	223536	1.15e-34	38.971	ThrA	Homoserine dehydrogenase	E	Amino acid transport and metabolism
NODE_2051_length_28538_cov_7.749184_2	COG0596	223669	9.01e-14	24.176	MenH	2-succinyl-6-hydroxy-2,4-cyclohexadiene-1-carboxylate synthase MenH and related esterases, alpha/beta hydrolase fold	H	Coenzyme transport and metabolism
NODE_2051_length_28538_cov_7.749184_4	COG2327	225208	3.08e-39	29.124	WcaK	Polysaccharide pyruvyl transferase family protein WcaK (colanic acid biosynthesis)	M	Cell wall/membrane/envelope biogenesis
NODE_2051_length_28538_cov_7.749184_5	COG0060	223138	0.0	39.671	IleS	Isoleucyl-tRNA synthetase	J	Translation, ribosomal structure and biogenesis
NODE_2051_length_28538_cov_7.749184_6	COG0776	223847	4.81e-32	48.387	HimA	Bacterial nucleoid DNA-binding protein IHF-alpha	L	Replication, recombination and repair
NODE_2051_length_28538_cov_7.749184_7	COG2120	225031	3.86e-13	29.762	LmbE	N-acetylglucosaminyl deacetylase, LmbE family	G	Carbohydrate transport and metabolism
NODE_2051_length_28538_cov_7.749184_8	COG2227	225137	1.75e-08	33.784	UbiG	2-polyprenyl-3-methyl-5-hydroxy-6-metoxy-1,4-benzoquinol methylase	H	Coenzyme transport and metabolism
NODE_2051_length_28538_cov_7.749184_9	COG1960	224871	6.48e-14	22.866	CaiA	Acyl-CoA dehydrogenase related to the alkylation response protein AidB	I	Lipid transport and metabolism
NODE_2051_length_28538_cov_7.749184_10	COG4786	227125	3.24e-23	27.559	FlgG	Flagellar basal body rod protein FlgG	N	Cell motility
NODE_2051_length_28538_cov_7.749184_11	COG4786	227125	4.62e-64	40.076	FlgG	Flagellar basal body rod protein FlgG	N	Cell motility
NODE_2051_length_28538_cov_7.749184_13	COG1191	224112	5.08e-41	33.486	FliA	DNA-directed RNA polymerase specialized sigma subunit	K	Transcription
NODE_2051_length_28538_cov_7.749184_15	COG2226	225136	1.26e-23	36.893	UbiE	Ubiquinone/menaquinone biosynthesis C-methylase UbiE/MenG	H	Coenzyme transport and metabolism
NODE_2051_length_28538_cov_7.749184_16	COG0005	223084	4.19e-55	38.824	XapA	Purine nucleoside phosphorylase	F	Nucleotide transport and metabolism
NODE_2051_length_28538_cov_7.749184_17	COG0696	223768	0.0	55.709	GpmI	Phosphoglycerate mutase (BPG-independent), AlkP superfamily	G	Carbohydrate transport and metabolism
NODE_2051_length_28538_cov_7.749184_18	COG0149	223227	8.36e-97	50.607	TpiA	Triosephosphate isomerase	G	Carbohydrate transport and metabolism
NODE_2051_length_28538_cov_7.749184_19	COG0126	223204	2.14e-175	53.865	Pgk	3-phosphoglycerate kinase	G	Carbohydrate transport and metabolism
NODE_2051_length_28538_cov_7.749184_20	COG0057	223135	4.13e-163	56.25	GapA	Glyceraldehyde-3-phosphate dehydrogenase/erythrose-4-phosphate dehydrogenase	G	Carbohydrate transport and metabolism
NODE_2051_length_28538_cov_7.749184_21	COG1481	224398	5.15e-41	31.849	WhiA	DNA-binding transcriptional regulator WhiA, involved in cell division	K	Transcription
NODE_2051_length_28538_cov_7.749184_22	COG1188	224109	4.67e-22	36.047	HslR	Ribosomal 50S subunit-recycling heat shock protein, contains S4 domain	J	Translation, ribosomal structure and biogenesis
NODE_2051_length_28538_cov_7.749184_23	COG2050	224961	7.06e-06	23.438	PaaI	Acyl-CoA thioesterase PaaI, contains HGG motif	Q	Secondary metabolites biosynthesis, transport and catabolism
NODE_2051_length_28538_cov_7.749184_24	COG3956	226465	5.22e-79	42.57	YabN	Uncharacterized conserved protein YabN, contains tetrapyrrole methylase and MazG-like pyrophosphatase domain	R	General function prediction only
NODE_2051_length_28538_cov_7.749184_26	COG0760	223831	4.72e-15	29.057	SurA	Peptidyl-prolyl isomerase, parvulin family	O	Posttranslational modification, protein turnover, chaperones
NODE_2051_length_28538_cov_7.749184_29	COG1197	224118	0.0	47.307	Mfd	Transcription-repair coupling factor (superfamily II helicase)	L	Replication, recombination and repair
NODE_2108_length_28111_cov_7.593705_1	COG0768	223839	3.58e-60	39.837	FtsI	Cell division protein FtsI, peptidoglycan transpeptidase (Penicillin-binding protein 2)	D	Cell cycle control, cell division, chromosome partitioning
NODE_2108_length_28111_cov_7.593705_2	COG0515	223589	1.5e-57	33.692	SPS1	Serine/threonine protein kinase	T	Signal transduction mechanisms
NODE_2108_length_28111_cov_7.593705_3	COG0817	223887	2.07e-35	41.844	RuvC	Holliday junction resolvasome RuvABC endonuclease subunit RuvC	L	Replication, recombination and repair
NODE_2108_length_28111_cov_7.593705_4	COG0632	223705	2.54e-30	32.673	RuvA	Holliday junction resolvasome RuvABC DNA-binding subunit	L	Replication, recombination and repair
NODE_2108_length_28111_cov_7.593705_5	COG2255	225164	1.37e-180	56.325	RuvB	Holliday junction resolvasome RuvABC, ATP-dependent DNA helicase subunit RuvB	L	Replication, recombination and repair
NODE_2108_length_28111_cov_7.593705_7	COG2385	225259	1.06e-48	31.295	SpoIID	Peptidoglycan hydrolase (amidase) enhancer domain SpoIID	M	Cell wall/membrane/envelope biogenesis
NODE_2108_length_28111_cov_7.593705_8	COG0809	223879	6.47e-135	46.023	QueA	S-adenosylmethionine:tRNA-ribosyltransferase-isomerase (queuine synthetase)	J	Translation, ribosomal structure and biogenesis
NODE_2108_length_28111_cov_7.593705_11	COG1989	224900	3.31e-15	38.095	PulO	Prepilin signal peptidase PulO (type II secretory pathway) or related peptidase	N	Cell motility
NODE_2108_length_28111_cov_7.593705_12	COG0662	223734	0.000872	31.667	ManC	Mannose-6-phosphate isomerase, cupin superfamily	G	Carbohydrate transport and metabolism
NODE_2108_length_28111_cov_7.593705_13	COG0747	223818	3.16e-74	26.786	DdpA	ABC-type transport system, periplasmic component	E	Amino acid transport and metabolism
NODE_2108_length_28111_cov_7.593705_14	COG0087	223165	1.12e-80	46.789	RplC	Ribosomal protein L3	J	Translation, ribosomal structure and biogenesis
NODE_2108_length_28111_cov_7.593705_15	COG0088	223166	4.84e-49	41.475	RplD	Ribosomal protein L4	J	Translation, ribosomal structure and biogenesis
NODE_2108_length_28111_cov_7.593705_16	COG0089	223167	2.98e-31	46.237	RplW	Ribosomal protein L23	J	Translation, ribosomal structure and biogenesis
NODE_2108_length_28111_cov_7.593705_17	COG0090	223168	5.08e-153	61.905	RplB	Ribosomal protein L2	J	Translation, ribosomal structure and biogenesis
NODE_2108_length_28111_cov_7.593705_18	COG0185	223263	1.91e-48	67.059	RpsS	Ribosomal protein S19	J	Translation, ribosomal structure and biogenesis
NODE_2108_length_28111_cov_7.593705_19	COG0091	223169	5.54e-36	45.455	RplV	Ribosomal protein L22	J	Translation, ribosomal structure and biogenesis
NODE_2108_length_28111_cov_7.593705_20	COG0092	223170	3.1e-101	55.263	RpsC	Ribosomal protein S3	J	Translation, ribosomal structure and biogenesis
NODE_2108_length_28111_cov_7.593705_21	COG0197	223275	5.93e-74	62.238	RplP	Ribosomal protein L16/L10AE	J	Translation, ribosomal structure and biogenesis
NODE_2108_length_28111_cov_7.593705_22	COG0255	223333	1.15e-13	45.902	RpmC	Ribosomal protein L29	J	Translation, ribosomal structure and biogenesis
NODE_2108_length_28111_cov_7.593705_23	COG0186	223264	1.28e-33	57.5	RpsQ	Ribosomal protein S17	J	Translation, ribosomal structure and biogenesis
NODE_2108_length_28111_cov_7.593705_24	COG0093	223171	1.52e-65	68.0	RplN	Ribosomal protein L14	J	Translation, ribosomal structure and biogenesis
NODE_2108_length_28111_cov_7.593705_25	COG0198	223276	4.76e-20	47.17	RplX	Ribosomal protein L24	J	Translation, ribosomal structure and biogenesis
NODE_2108_length_28111_cov_7.593705_26	COG0094	223172	3.12e-99	63.068	RplE	Ribosomal protein L5	J	Translation, ribosomal structure and biogenesis
NODE_2108_length_28111_cov_7.593705_27	COG0199	223277	1.53e-24	57.377	RpsN	Ribosomal protein S14	J	Translation, ribosomal structure and biogenesis
NODE_2108_length_28111_cov_7.593705_28	COG0096	223174	8.18e-65	53.435	RpsH	Ribosomal protein S8	J	Translation, ribosomal structure and biogenesis
NODE_2108_length_28111_cov_7.593705_29	COG0097	223175	5.17e-79	56.471	RplF	Ribosomal protein L6P/L9E	J	Translation, ribosomal structure and biogenesis
NODE_2108_length_28111_cov_7.593705_30	COG0256	223334	4.16e-35	52.941	RplR	Ribosomal protein L18	J	Translation, ribosomal structure and biogenesis
NODE_2108_length_28111_cov_7.593705_31	COG0098	223176	2.48e-77	59.281	RpsE	Ribosomal protein S5	J	Translation, ribosomal structure and biogenesis
NODE_2108_length_28111_cov_7.593705_32	COG0200	223278	3.02e-28	40.94	RplO	Ribosomal protein L15	J	Translation, ribosomal structure and biogenesis
NODE_2108_length_28111_cov_7.593705_33	COG0201	223279	3.61e-138	42.953	SecY	Preprotein translocase subunit SecY	U	Intracellular trafficking, secretion, and vesicular transport
NODE_2108_length_28111_cov_7.593705_34	COG0563	223637	2.71e-52	38.889	Adk	Adenylate kinase or related kinase	F	Nucleotide transport and metabolism
NODE_2108_length_28111_cov_7.593705_35	COG0024	223103	5.94e-122	52.381	Map	Methionine aminopeptidase	J	Translation, ribosomal structure and biogenesis
NODE_2108_length_28111_cov_7.593705_36	COG0257	223335	5.09e-11	63.158	RpmJ	Ribosomal protein L36	J	Translation, ribosomal structure and biogenesis
NODE_2108_length_28111_cov_7.593705_37	COG0099	223177	6.13e-59	66.949	RpsM	Ribosomal protein S13	J	Translation, ribosomal structure and biogenesis
NODE_2108_length_28111_cov_7.593705_38	COG0155	223233	2.44e-173	40.647	CysI	Sulfite reductase, beta subunit (hemoprotein)	P	Inorganic ion transport and metabolism
NODE_2108_length_28111_cov_7.593705_41	COG0803	223874	0.000134	16.185	ZnuA	ABC-type Zn uptake system ZnuABC, Zn-binding component ZnuA	P	Inorganic ion transport and metabolism
NODE_2179_length_27567_cov_8.254871_1	COG2812	225369	1.85e-125	47.601	DnaX	DNA polymerase III, gamma/tau subunits	L	Replication, recombination and repair
NODE_2179_length_27567_cov_8.254871_2	COG0514	223588	3.64e-157	41.226	RecQ	Superfamily II DNA helicase RecQ	L	Replication, recombination and repair
NODE_2179_length_27567_cov_8.254871_3	COG1107	224032	0.004	34.375		Archaea-specific RecJ-like exonuclease, contains DnaJ-type Zn finger domain	L	Replication, recombination and repair
NODE_2179_length_27567_cov_8.254871_4	COG0438	223515	1.31e-31	25.352	RfaB	Glycosyltransferase involved in cell wall bisynthesis	M	Cell wall/membrane/envelope biogenesis
NODE_2179_length_27567_cov_8.254871_7	COG0816	223886	1.03e-08	24.837	YqgF	YqgF/RuvX protein, pre-16S rRNA maturation RNase/Holliday junction resolvase/anti-termination factor	J	Translation, ribosomal structure and biogenesis
NODE_2179_length_27567_cov_8.254871_8	COG4372	226809	2.81e-19	32.0		Uncharacterized protein, contains DUF3084 domain	S	Function unknown
NODE_2179_length_27567_cov_8.254871_9	COG0795	223866	2.69e-47	22.826	LptF	Lipopolysaccharide export LptBFGC system, permease protein LptF	M	Cell wall/membrane/envelope biogenesis
NODE_2179_length_27567_cov_8.254871_10	COG1137	224060	1.5e-132	57.613	LptB	ABC-type lipopolysaccharide export system, ATPase component	M	Cell wall/membrane/envelope biogenesis
NODE_2179_length_27567_cov_8.254871_11	COG1452	224369	5.63e-06	27.869	LptD	LPS assembly outer membrane protein LptD (organic solvent tolerance protein OstA)	M	Cell wall/membrane/envelope biogenesis
NODE_2179_length_27567_cov_8.254871_12	COG3307	225844	1.25e-08	17.91	RfaL	O-antigen ligase	M	Cell wall/membrane/envelope biogenesis
NODE_2179_length_27567_cov_8.254871_13	COG4370	226807	8.88e-44	32.367		Uncharacterized conserved protein	S	Function unknown
NODE_2179_length_27567_cov_8.254871_14	COG0737	223808	8.15e-35	30.337	UshA	2',3'-cyclic-nucleotide 2'-phosphodiesterase/5'- or 3'-nucleotidase, 5'-nucleotidase family	F	Nucleotide transport and metabolism
NODE_2179_length_27567_cov_8.254871_15	COG0763	223834	7.21e-80	38.501	LpxB	Lipid A disaccharide synthetase	M	Cell wall/membrane/envelope biogenesis
NODE_2179_length_27567_cov_8.254871_16	COG1043	223973	6.76e-111	45.669	LpxA	Acyl-[acyl carrier protein]--UDP-N-acetylglucosamine O-acyltransferase	M	Cell wall/membrane/envelope biogenesis
NODE_2179_length_27567_cov_8.254871_17	COG0764	223835	4.59e-57	44.681	FabA	3-hydroxymyristoyl/3-hydroxydecanoyl-(acyl carrier protein) dehydratase	I	Lipid transport and metabolism
NODE_2179_length_27567_cov_8.254871_18	COG0774	223845	4.89e-94	43.956	LpxC	UDP-3-O-acyl-N-acetylglucosamine deacetylase	M	Cell wall/membrane/envelope biogenesis
NODE_2179_length_27567_cov_8.254871_19	COG1044	223974	2.06e-96	38.209	LpxD	UDP-3-O-[3-hydroxymyristoyl] glucosamine N-acyltransferase	M	Cell wall/membrane/envelope biogenesis
NODE_2179_length_27567_cov_8.254871_20	COG2825	225381	4.22e-05	23.457	HlpA	Periplasmic chaperone for outer membrane proteins, Skp family	M	Cell wall/membrane/envelope biogenesis
NODE_2179_length_27567_cov_8.254871_22	COG2825	225381	2.65e-05	27.273	HlpA	Periplasmic chaperone for outer membrane proteins, Skp family	M	Cell wall/membrane/envelope biogenesis
NODE_2179_length_27567_cov_8.254871_23	COG4775	227116	2.03e-67	22.786	BamA	Outer membrane protein assembly factor BamA	M	Cell wall/membrane/envelope biogenesis
NODE_2179_length_27567_cov_8.254871_24	COG2911	225463	8.69e-21	23.599	TamB	Autotransporter translocation and assembly protein TamB	U	Intracellular trafficking, secretion, and vesicular transport
NODE_2184_length_27538_cov_8.212859_1	COG4448	226856	6.75e-84	46.014	AnsA2	L-asparaginase II	E	Amino acid transport and metabolism
NODE_2184_length_27538_cov_8.212859_2	COG0612	223685	2.48e-57	27.033	PqqL	Predicted Zn-dependent peptidase, M16 family	R	General function prediction only
NODE_2184_length_27538_cov_8.212859_3	COG0031	223110	1.88e-152	60.265	CysK	Cysteine synthase	E	Amino acid transport and metabolism
NODE_2184_length_27538_cov_8.212859_4	COG1236	224157	2.37e-37	26.287	YSH1	RNA processing exonuclease, beta-lactamase fold, Cft2 family	J	Translation, ribosomal structure and biogenesis
NODE_2184_length_27538_cov_8.212859_5	COG1522	224439	8e-12	27.059	Lrp	DNA-binding transcriptional regulator, Lrp family	K	Transcription
NODE_2184_length_27538_cov_8.212859_6	COG1793	224706	9.71e-85	31.263	CDC9	ATP-dependent DNA ligase	L	Replication, recombination and repair
NODE_2184_length_27538_cov_8.212859_7	COG1670	224584	3.7e-18	28.191	RimL	Protein N-acetyltransferase, RimJ/RimL family	J	Translation, ribosomal structure and biogenesis
NODE_2184_length_27538_cov_8.212859_9	COG1960	224871	2.94e-90	33.416	CaiA	Acyl-CoA dehydrogenase related to the alkylation response protein AidB	I	Lipid transport and metabolism
NODE_2184_length_27538_cov_8.212859_10	COG5305	227621	0.008	24.571		Uncharacterized membrane protein PF0508, contains N-terminal glycosyltransferase domain of PMT family	R	General function prediction only
NODE_2184_length_27538_cov_8.212859_12	COG0188	223266	0.0	41.677	GyrA	DNA gyrase/topoisomerase IV, subunit A	L	Replication, recombination and repair
NODE_2184_length_27538_cov_8.212859_13	COG0187	223265	0.0	53.292	GyrB	DNA gyrase/topoisomerase IV, subunit B	L	Replication, recombination and repair
NODE_2184_length_27538_cov_8.212859_17	COG4420	226844	3.93e-18	28.829		Uncharacterized membrane protein	S	Function unknown
NODE_2184_length_27538_cov_8.212859_18	COG1960	224871	9.02e-99	32.791	CaiA	Acyl-CoA dehydrogenase related to the alkylation response protein AidB	I	Lipid transport and metabolism
NODE_2184_length_27538_cov_8.212859_19	COG1028	223959	8.04e-64	38.889	FabG	NAD(P)-dependent dehydrogenase, short-chain alcohol dehydrogenase family	I	Lipid transport and metabolism
NODE_2184_length_27538_cov_8.212859_20	COG1024	223955	4.05e-70	40.304	CaiD	Enoyl-CoA hydratase/carnithine racemase	I	Lipid transport and metabolism
NODE_2184_length_27538_cov_8.212859_21	COG0229	223307	7.83e-69	44.186	MsrB	Peptide methionine sulfoxide reductase MsrB	O	Posttranslational modification, protein turnover, chaperones
NODE_2184_length_27538_cov_8.212859_22	COG0296	223373	5.08e-150	32.125	GlgB	1,4-alpha-glucan branching enzyme	G	Carbohydrate transport and metabolism
NODE_2184_length_27538_cov_8.212859_23	COG3280	225819	0.0	47.46	TreY	Maltooligosyltrehalose synthase	G	Carbohydrate transport and metabolism
NODE_2376_length_26236_cov_8.276040_1	COG0514	223588	8.27e-72	34.366	RecQ	Superfamily II DNA helicase RecQ	L	Replication, recombination and repair
NODE_2376_length_26236_cov_8.276040_2	COG0596	223669	1.31e-22	28.47	MenH	2-succinyl-6-hydroxy-2,4-cyclohexadiene-1-carboxylate synthase MenH and related esterases, alpha/beta hydrolase fold	H	Coenzyme transport and metabolism
NODE_2376_length_26236_cov_8.276040_4	COG1028	223959	6.14e-60	45.49	FabG	NAD(P)-dependent dehydrogenase, short-chain alcohol dehydrogenase family	I	Lipid transport and metabolism
NODE_2376_length_26236_cov_8.276040_6	COG2976	225523	0.004	29.703	YfgM	Putative negative regulator of RcsB-dependent stress response, UPF0070 family	T	Signal transduction mechanisms
NODE_2376_length_26236_cov_8.276040_8	COG2206	225116	8.99e-35	39.167	HDGYP	HD-GYP domain, c-di-GMP phosphodiesterase class II (or its inactivated variant)	T	Signal transduction mechanisms
NODE_2376_length_26236_cov_8.276040_9	COG3391	225926	2.81e-10	28.182	YncE	DNA-binding beta-propeller fold protein YncE	R	General function prediction only
NODE_2376_length_26236_cov_8.276040_10	COG5490	227777	0.004	20.0	Phasin	Predicted polyhydroxyalkanoate (PHA)-binding protein, phasin family	S	Function unknown
NODE_2376_length_26236_cov_8.276040_11	COG1247	224168	3.68e-06	29.268	MnaT	L-amino acid N-acyltransferase MnaT	E	Amino acid transport and metabolism
NODE_2376_length_26236_cov_8.276040_12	COG3243	225783	5.4e-67	31.098	PhaC	Poly-beta-hydroxybutyrate synthase	I	Lipid transport and metabolism
NODE_2376_length_26236_cov_8.276040_15	COG0596	223669	1.21e-08	31.731	MenH	2-succinyl-6-hydroxy-2,4-cyclohexadiene-1-carboxylate synthase MenH and related esterases, alpha/beta hydrolase fold	H	Coenzyme transport and metabolism
NODE_2376_length_26236_cov_8.276040_16	COG0318	223395	1.23e-155	35.455	MenE/FadK	O-succinylbenzoic acid-CoA ligase MenE or related acyl-CoA synthetase (AMP-forming)	I	Lipid transport and metabolism
NODE_2376_length_26236_cov_8.276040_17	COG0596	223669	2.97e-27	25.606	MenH	2-succinyl-6-hydroxy-2,4-cyclohexadiene-1-carboxylate synthase MenH and related esterases, alpha/beta hydrolase fold	H	Coenzyme transport and metabolism
NODE_2376_length_26236_cov_8.276040_18	COG1247	224168	1.42e-06	37.931	MnaT	L-amino acid N-acyltransferase MnaT	E	Amino acid transport and metabolism
NODE_2376_length_26236_cov_8.276040_19	COG0661	223733	1.94e-34	29.64	AarF	Predicted protein kinase regulating ubiquinone biosynthesis, AarF/ABC1/UbiB family	H	Coenzyme transport and metabolism
NODE_2376_length_26236_cov_8.276040_20	COG0369	223446	7.63e-151	33.277	CysJ	Flavoprotein (flavin reductase) subunit CysJ of sulfite and N-hydroxylaminopurine reductases	F	Nucleotide transport and metabolism
NODE_2376_length_26236_cov_8.276040_21	COG3652	226178	6.96e-11	26.573		Predicted outer membrane protein, contains DUF4142 domain	S	Function unknown
NODE_2376_length_26236_cov_8.276040_24	COG0503	223577	6.37e-61	54.667	Apt	Adenine/guanine phosphoribosyltransferase or related PRPP-binding protein	F	Nucleotide transport and metabolism
NODE_2376_length_26236_cov_8.276040_25	COG0317	223394	0.0	49.647	SpoT	(p)ppGpp synthase/hydrolase, HD superfamily	T	Signal transduction mechanisms
NODE_2376_length_26236_cov_8.276040_26	COG0598	223671	4.86e-08	36.508	CorA	Mg2+ and Co2+ transporter CorA	P	Inorganic ion transport and metabolism
NODE_2453_length_25733_cov_7.326817_1	COG3847	226366	2.68e-07	35.185	Flp	Flp pilus assembly protein, pilin Flp	U	Intracellular trafficking, secretion, and vesicular transport
NODE_2453_length_25733_cov_7.326817_2	COG3847	226366	2.62e-05	35.849	Flp	Flp pilus assembly protein, pilin Flp	U	Intracellular trafficking, secretion, and vesicular transport
NODE_2453_length_25733_cov_7.326817_3	COG3847	226366	0.004	31.373	Flp	Flp pilus assembly protein, pilin Flp	U	Intracellular trafficking, secretion, and vesicular transport
NODE_2453_length_25733_cov_7.326817_4	COG4960	227295	1.78e-07	32.143	CpaA	Flp pilus assembly protein, peptidase CpaA	O	Posttranslational modification, protein turnover, chaperones
NODE_2453_length_25733_cov_7.326817_5	COG3745	226268	2.99e-28	31.33	CpaB	Flp pilus assembly protein CpaB	U	Intracellular trafficking, secretion, and vesicular transport
NODE_2453_length_25733_cov_7.326817_6	COG4962	227297	3.6e-151	54.0	CpaF	Pilus assembly protein, ATPase of CpaF family	U	Intracellular trafficking, secretion, and vesicular transport
NODE_2453_length_25733_cov_7.326817_7	COG4965	227300	2.84e-40	28.405	TadB	Flp pilus assembly protein TadB	U	Intracellular trafficking, secretion, and vesicular transport
NODE_2453_length_25733_cov_7.326817_8	COG4965	227300	1.28e-18	23.443	TadB	Flp pilus assembly protein TadB	U	Intracellular trafficking, secretion, and vesicular transport
NODE_2453_length_25733_cov_7.326817_10	COG1430	224347	1.42e-09	27.193		Uncharacterized conserved membrane protein, UPF0127 family	S	Function unknown
NODE_2453_length_25733_cov_7.326817_15	COG0023	223102	1.36e-18	36.937	SUI1	Translation initiation factor 1 (eIF-1/SUI1)	J	Translation, ribosomal structure and biogenesis
NODE_2453_length_25733_cov_7.326817_16	COG5587	227874	8.04e-48	33.937		Uncharacterized protein, contains DUF2461 domain	S	Function unknown
NODE_2453_length_25733_cov_7.326817_17	COG3339	225876	5.12e-06	33.962	YkvA	Uncharacterized membrane protein YkvA, DUF1232 family	S	Function unknown
NODE_2453_length_25733_cov_7.326817_18	COG2759	225354	0.0	55.16	MIS1	Formyltetrahydrofolate synthetase	F	Nucleotide transport and metabolism
NODE_2453_length_25733_cov_7.326817_19	COG0524	223598	1e-57	31.692	RbsK	Sugar or nucleoside kinase, ribokinase family	G	Carbohydrate transport and metabolism
NODE_2453_length_25733_cov_7.326817_20	COG2421	225279	8.02e-118	46.732	FmdA	Acetamidase/formamidase	C	Energy production and conversion
NODE_2453_length_25733_cov_7.326817_22	COG2333	225212	1.4e-65	34.173	ComEC	DNA uptake channel protein ComEC C-terminal domain, metallo-beta-lactamase superfamily	U	Intracellular trafficking, secretion, and vesicular transport
NODE_2453_length_25733_cov_7.326817_23	COG0451	223528	3.58e-84	40.694	WcaG	Nucleoside-diphosphate-sugar epimerase	M	Cell wall/membrane/envelope biogenesis
NODE_2453_length_25733_cov_7.326817_24	COG1028	223959	1.04e-61	37.786	FabG	NAD(P)-dependent dehydrogenase, short-chain alcohol dehydrogenase family	I	Lipid transport and metabolism
NODE_2453_length_25733_cov_7.326817_26	COG0495	223569	0.0	49.1	LeuS	Leucyl-tRNA synthetase	J	Translation, ribosomal structure and biogenesis
NODE_2453_length_25733_cov_7.326817_27	COG1596	224512	0.000144	43.75	Wza	Periplasmic protein Wza involved in polysaccharide export, contains SLBB domain of the beta-grasp fold	M	Cell wall/membrane/envelope biogenesis
NODE_2460_length_25690_cov_8.471738_1	COG1674	224588	4.55e-141	42.012	FtsK	DNA segregation ATPase FtsK/SpoIIIE or related protein	D	Cell cycle control, cell division, chromosome partitioning
NODE_2460_length_25690_cov_8.471738_2	COG0671	223743	5.15e-07	27.419	PgpB	Membrane-associated phospholipid phosphatase	I	Lipid transport and metabolism
NODE_2460_length_25690_cov_8.471738_3	COG1708	224622	0.000845	25.352	MJ0604	Predicted nucleotidyltransferase, MJ0604 family	R	General function prediction only
NODE_2460_length_25690_cov_8.471738_4	COG2250	225159	3.97e-20	37.398	HEPN	HEPN domain protein, predicted toxin of MNT-HEPN system	V	Defense mechanisms
NODE_2460_length_25690_cov_8.471738_5	COG1060	223988	6.63e-115	39.628	ThiH	2-iminoacetate synthase ThiH/Menaquinone biosynthesis enzymes MqnC and MqnE	H	Coenzyme transport and metabolism
NODE_2460_length_25690_cov_8.471738_6	COG1427	224344	1.62e-37	31.179	MqnA	Chorismate dehydratase (menaquinone biosynthesis, futalosine pathway)	H	Coenzyme transport and metabolism
NODE_2460_length_25690_cov_8.471738_7	COG1060	223988	1.21e-140	42.938	ThiH	2-iminoacetate synthase ThiH/Menaquinone biosynthesis enzymes MqnC and MqnE	H	Coenzyme transport and metabolism
NODE_2460_length_25690_cov_8.471738_10	COG0747	223818	2.01e-91	28.312	DdpA	ABC-type transport system, periplasmic component	E	Amino acid transport and metabolism
NODE_2460_length_25690_cov_8.471738_11	COG2514	225312	1.18e-09	28.571	CatE	Catechol-2,3-dioxygenase	Q	Secondary metabolites biosynthesis, transport and catabolism
NODE_2460_length_25690_cov_8.471738_12	COG0482	223558	5.85e-127	38.983	MnmA	tRNA U34 2-thiouridine synthase MnmA/TrmU, contains the PP-loop ATPase domain	J	Translation, ribosomal structure and biogenesis
NODE_2460_length_25690_cov_8.471738_13	COG1426	224343	5.14e-20	28.788	RodZ	Cytoskeletal protein RodZ, contains Xre-like HTH and DUF4115 domains	D	Cell cycle control, cell division, chromosome partitioning
NODE_2460_length_25690_cov_8.471738_14	COG1666	224580	8.04e-57	43.558	YajQ	Cyclic di-GMP-binding protein YajQ, UPF0234 family	T	Signal transduction mechanisms
NODE_2460_length_25690_cov_8.471738_15	COG0621	223694	5.42e-165	38.326	MiaB	tRNA A37 methylthiotransferase MiaB	J	Translation, ribosomal structure and biogenesis
NODE_2460_length_25690_cov_8.471738_16	COG1316	224235	9.3e-38	23.457	Cps2a	Anionic cell wall polymer biosynthesis enzyme TagV/TagU,  LytR-Cps2A-Psr (LCP) family (peptidoglycan teichoic acid transferase)	M	Cell wall/membrane/envelope biogenesis
NODE_2460_length_25690_cov_8.471738_17	COG0726	223798	4.78e-38	31.416	CDA1	Peptidoglycan/xylan/chitin deacetylase, PgdA/NodB/CDA1 family	G	Carbohydrate transport and metabolism
NODE_2460_length_25690_cov_8.471738_19	COG0642	223715	7.35e-45	32.203	BaeS	Signal transduction histidine kinase	T	Signal transduction mechanisms
NODE_2460_length_25690_cov_8.471738_20	COG0653	223726	0.0	57.0	SecA	Preprotein translocase subunit SecA (ATPase, RNA helicase)	U	Intracellular trafficking, secretion, and vesicular transport
NODE_2460_length_25690_cov_8.471738_22	COG1186	224107	2.63e-117	53.75	PrfB	Protein chain release factor PrfB	J	Translation, ribosomal structure and biogenesis
NODE_2460_length_25690_cov_8.471738_23	COG1216	224137	3.43e-49	28.92	WcaE	Glycosyltransferase, GT2 family	G	Carbohydrate transport and metabolism
NODE_2460_length_25690_cov_8.471738_24	COG0393	223470	2.48e-11	32.0	YbjQ	Uncharacterized pentameric protein YbjQ, UPF0145 family	S	Function unknown
NODE_2460_length_25690_cov_8.471738_25	COG1573	224489	4.23e-52	41.463	Udg4	Uracil-DNA glycosylase	L	Replication, recombination and repair
NODE_2460_length_25690_cov_8.471738_26	COG0820	223890	2.3e-137	45.946	RlmN	Adenine C2-methylase RlmN of 23S rRNA A2503 and tRNA A37	J	Translation, ribosomal structure and biogenesis
NODE_2460_length_25690_cov_8.471738_27	COG0463	223539	1.9e-25	22.388	WcaA	Glycosyltransferase involved in cell wall bisynthesis	M	Cell wall/membrane/envelope biogenesis
NODE_2460_length_25690_cov_8.471738_28	COG0423	223500	1.15e-26	63.462	GRS1	Glycyl-tRNA synthetase, class II	J	Translation, ribosomal structure and biogenesis
NODE_2474_length_25637_cov_7.734931_2	COG1131	224054	3.69e-65	43.137	CcmA	ABC-type multidrug transport system, ATPase component	V	Defense mechanisms
NODE_2474_length_25637_cov_7.734931_4	COG2057	224968	4.19e-118	64.789	AtoA	Acyl-CoA:acetate/3-ketoacid CoA transferase, beta subunit	I	Lipid transport and metabolism
NODE_2474_length_25637_cov_7.734931_5	COG1788	224702	1.46e-100	50.638	AtoD	Acyl CoA:acetate/3-ketoacid CoA transferase, alpha subunit	I	Lipid transport and metabolism
NODE_2474_length_25637_cov_7.734931_7	COG0330	223407	2.19e-12	18.359	HflC	Regulator of protease activity HflC, stomatin/prohibitin superfamily	O	Posttranslational modification, protein turnover, chaperones
NODE_2474_length_25637_cov_7.734931_8	COG1960	224871	1.58e-136	48.974	CaiA	Acyl-CoA dehydrogenase related to the alkylation response protein AidB	I	Lipid transport and metabolism
NODE_2474_length_25637_cov_7.734931_9	COG2197	225107	6.99e-48	33.971	CitB	DNA-binding response regulator, NarL/FixJ family, contains REC and HTH domains	T	Signal transduction mechanisms
NODE_2474_length_25637_cov_7.734931_10	COG1814	224727	4.19e-20	23.333	Ccc1	Predicted Fe2+/Mn2+ transporter, VIT1/CCC1 family	P	Inorganic ion transport and metabolism
NODE_2474_length_25637_cov_7.734931_12	COG0177	223255	1.93e-92	55.838	Nth	Endonuclease III	L	Replication, recombination and repair
NODE_2474_length_25637_cov_7.734931_13	COG2041	224952	3.7e-57	40.284	MsrP	Molybdopterin-dependent catalytic subunit of periplasmic DMSO/TMAO and protein-methionine-sulfoxide reductases	C	Energy production and conversion
NODE_2474_length_25637_cov_7.734931_14	COG1194	224115	6.8e-78	40.8	MutY	Adenine-specific DNA glycosylase, acts on AG and A-oxoG pairs	L	Replication, recombination and repair
NODE_2474_length_25637_cov_7.734931_15	COG1167	224089	3.83e-140	40.042	ARO8	DNA-binding transcriptional regulator, MocR family, contains an aminotransferase domain	K	Transcription
NODE_2474_length_25637_cov_7.734931_16	COG1335	224254	4.19e-29	22.727	PncA	Nicotinamidase-related amidase	H	Coenzyme transport and metabolism
NODE_2474_length_25637_cov_7.734931_17	COG1249	224169	1.26e-177	47.826	Lpd	Dihydrolipoamide dehydrogenase (E3) component of pyruvate/2-oxoglutarate dehydrogenase complex or glutathione oxidoreductase	C	Energy production and conversion
NODE_2474_length_25637_cov_7.734931_18	COG1359	224278	4.19e-08	39.062	YgiN	Quinol monooxygenase YgiN	C	Energy production and conversion
NODE_2474_length_25637_cov_7.734931_19	COG0321	223398	1.25e-65	37.674	LipB	Lipoate-protein ligase B	H	Coenzyme transport and metabolism
NODE_2474_length_25637_cov_7.734931_21	COG0320	223397	8.23e-157	53.559	LipA	Lipoate synthase	H	Coenzyme transport and metabolism
NODE_2474_length_25637_cov_7.734931_22	COG2814	225371	1.09e-09	23.243	AraJ	Predicted arabinose efflux permease AraJ, MFS family	G	Carbohydrate transport and metabolism
NODE_2474_length_25637_cov_7.734931_23	COG1733	224647	3.31e-19	37.234	HxlR	DNA-binding transcriptional regulator, HxlR family	K	Transcription
NODE_2474_length_25637_cov_7.734931_24	COG0334	223411	0.0	51.22	GdhA	Glutamate dehydrogenase/leucine dehydrogenase	E	Amino acid transport and metabolism
NODE_2474_length_25637_cov_7.734931_25	COG0012	223091	3.16e-171	51.206	GTP1	Ribosome-binding ATPase YchF, GTP1/OBG family	J	Translation, ribosomal structure and biogenesis
NODE_2474_length_25637_cov_7.734931_26	COG1259	224179	4.49e-39	46.617		Bifunctional DNase/RNase	R	General function prediction only
NODE_2474_length_25637_cov_7.734931_27	COG0005	223084	1.96e-95	40.945	XapA	Purine nucleoside phosphorylase	F	Nucleotide transport and metabolism
NODE_2515_length_25370_cov_7.372625_1	COG2146	225057	6.1e-16	30.38	NirD	Ferredoxin subunit of nitrite reductase or a ring-hydroxylating dioxygenase	P	Inorganic ion transport and metabolism
NODE_2515_length_25370_cov_7.372625_2	COG0531	223605	1.29e-18	24.57	PotE	Serine transporter YbeC, amino acid:H+ symporter family	E	Amino acid transport and metabolism
NODE_2515_length_25370_cov_7.372625_4	COG0842	223912	2.78e-14	22.897	YadH	ABC-type multidrug transport system, permease component	V	Defense mechanisms
NODE_2515_length_25370_cov_7.372625_5	COG1131	224054	6.66e-90	38.961	CcmA	ABC-type multidrug transport system, ATPase component	V	Defense mechanisms
NODE_2515_length_25370_cov_7.372625_6	COG0328	223405	3.04e-31	29.452	RnhA	Ribonuclease HI	L	Replication, recombination and repair
NODE_2515_length_25370_cov_7.372625_8	COG0726	223798	1.78e-46	31.193	CDA1	Peptidoglycan/xylan/chitin deacetylase, PgdA/NodB/CDA1 family	G	Carbohydrate transport and metabolism
NODE_2515_length_25370_cov_7.372625_9	COG3427	225961	1.17e-18	23.81	CoxG	Carbon monoxide dehydrogenase subunit CoxG	C	Energy production and conversion
NODE_2515_length_25370_cov_7.372625_11	COG2367	225242	1.1e-59	39.271	PenP	Beta-lactamase class A	V	Defense mechanisms
NODE_2515_length_25370_cov_7.372625_13	COG1670	224584	3.02e-24	26.344	RimL	Protein N-acetyltransferase, RimJ/RimL family	J	Translation, ribosomal structure and biogenesis
NODE_2515_length_25370_cov_7.372625_14	COG1051	223979	5.94e-11	27.523	YjhB	ADP-ribose pyrophosphatase YjhB, NUDIX family	F	Nucleotide transport and metabolism
NODE_2515_length_25370_cov_7.372625_15	COG4122	226607	4.72e-42	41.899	TrmR	tRNA 5-hydroxyU34 O-methylase TrmR/YrrM	J	Translation, ribosomal structure and biogenesis
NODE_2515_length_25370_cov_7.372625_16	COG3919	226433	3.42e-10	19.832		Predicted ATP-dependent carboligase, ATP-grasp superfamily	R	General function prediction only
NODE_2515_length_25370_cov_7.372625_17	COG1181	224102	5.11e-30	29.084	DdlA	D-alanine-D-alanine ligase or related ATP-grasp enzyme	M	Cell wall/membrane/envelope biogenesis
NODE_2515_length_25370_cov_7.372625_18	COG0337	223414	2.9e-31	28.358	AroB	3-dehydroquinate synthetase	E	Amino acid transport and metabolism
NODE_2515_length_25370_cov_7.372625_19	COG0637	223710	2.93e-23	28.638	YcjU	Beta-phosphoglucomutase, HAD superfamily	G	Carbohydrate transport and metabolism
NODE_2515_length_25370_cov_7.372625_20	COG2175	225086	3.78e-41	32.342	TauD	Taurine dioxygenase, alpha-ketoglutarate-dependent	Q	Secondary metabolites biosynthesis, transport and catabolism
NODE_2515_length_25370_cov_7.372625_25	COG2153	225064	1.23e-15	30.657	ElaA	Predicted N-acyltransferase, GNAT family	R	General function prediction only
NODE_2515_length_25370_cov_7.372625_26	COG1366	224285	4.04e-07	31.325	SpoIIAA	Anti-anti-sigma regulatory factor (antagonist of anti-sigma factor)	T	Signal transduction mechanisms
NODE_2515_length_25370_cov_7.372625_27	COG2199	225109	3.44e-50	41.053	GGDEF	GGDEF domain, diguanylate cyclase (c-di-GMP synthetase) or its enzymatically inactive variants	T	Signal transduction mechanisms
NODE_2515_length_25370_cov_7.372625_29	COG3903	226418	2.87e-63	40.25		Predicted ATPase	R	General function prediction only
NODE_2540_length_25216_cov_8.113151_2	COG0747	223818	4.53e-81	25.673	DdpA	ABC-type transport system, periplasmic component	E	Amino acid transport and metabolism
NODE_2540_length_25216_cov_8.113151_3	COG0693	223765	6.98e-34	35.45	YajL	Protein/nucleotide deglycase, PfpI/YajL/DJ-1 family (repair of methylglyoxal-glycated proteins and nucleic acids)	V	Defense mechanisms
NODE_2540_length_25216_cov_8.113151_4	COG2755	225353	4.64e-07	19.245	TesA	Lysophospholipase L1 or related esterase. Includes spore coat protein LipC/YcsK	D	Cell cycle control, cell division, chromosome partitioning
NODE_2540_length_25216_cov_8.113151_6	COG1304	224223	5.96e-77	33.621	LldD	FMN-dependent dehydrogenase, includes L-lactate dehydrogenase and type II isopentenyl diphosphate isomerase	C	Energy production and conversion
NODE_2540_length_25216_cov_8.113151_7	COG2146	225057	6.64e-27	31.429	NirD	Ferredoxin subunit of nitrite reductase or a ring-hydroxylating dioxygenase	P	Inorganic ion transport and metabolism
NODE_2540_length_25216_cov_8.113151_9	COG0184	223262	7.13e-38	64.045	RpsO	Ribosomal protein S15P/S13E	J	Translation, ribosomal structure and biogenesis
NODE_2540_length_25216_cov_8.113151_10	COG2008	224919	7.09e-55	29.912	GLY1	Threonine aldolase	E	Amino acid transport and metabolism
NODE_2540_length_25216_cov_8.113151_11	COG0456	223532	4.64e-06	26.087	RimI	Ribosomal protein S18 acetylase RimI and related acetyltransferases	J	Translation, ribosomal structure and biogenesis
NODE_2540_length_25216_cov_8.113151_12	COG1185	224106	0.0	56.188	Pnp	Polyribonucleotide nucleotidyltransferase (polynucleotide phosphorylase)	J	Translation, ribosomal structure and biogenesis
NODE_2540_length_25216_cov_8.113151_14	COG2200	225110	2.44e-97	49.012	EAL	EAL domain, c-di-GMP-specific phosphodiesterase class I (or its enzymatically inactive variant)	T	Signal transduction mechanisms
NODE_2540_length_25216_cov_8.113151_16	COG0043	223121	0.0	43.093	UbiD	3-polyprenyl-4-hydroxybenzoate decarboxylase	H	Coenzyme transport and metabolism
NODE_2540_length_25216_cov_8.113151_17	COG0382	223459	2.15e-45	31.752	UbiA	4-hydroxybenzoate polyprenyltransferase	H	Coenzyme transport and metabolism
NODE_2540_length_25216_cov_8.113151_18	COG0683	223755	3.44e-37	24.713	LivK	ABC-type branched-chain amino acid transport system, periplasmic component	E	Amino acid transport and metabolism
NODE_2540_length_25216_cov_8.113151_19	COG4091	226576	1.93e-131	38.803		Predicted homoserine dehydrogenase, contains C-terminal SAF domain	E	Amino acid transport and metabolism
NODE_2540_length_25216_cov_8.113151_20	COG5285	227609	9e-11	22.078	PhyH	Ectoine hydroxylase-related dioxygenase, phytanoyl-CoA dioxygenase (PhyH) family	Q	Secondary metabolites biosynthesis, transport and catabolism
NODE_2540_length_25216_cov_8.113151_23	COG1131	224054	1.57e-73	31.561	CcmA	ABC-type multidrug transport system, ATPase component	V	Defense mechanisms
NODE_2540_length_25216_cov_8.113151_24	COG1725	224639	2e-35	41.129	YhcF	DNA-binding transcriptional regulator YhcF, GntR family	K	Transcription
NODE_2540_length_25216_cov_8.113151_26	COG2343	225220	2.15e-39	34.711		Uncharacterized conserved protein, DUF427 family	S	Function unknown
NODE_2540_length_25216_cov_8.113151_27	COG0604	223677	1.02e-108	46.646	Qor	NADPH:quinone reductase or related Zn-dependent oxidoreductase	C	Energy production and conversion
NODE_2540_length_25216_cov_8.113151_28	COG0265	223343	1.48e-49	34.082	DegQ	Periplasmic serine protease, S1-C subfamily, contain C-terminal PDZ domain	O	Posttranslational modification, protein turnover, chaperones
NODE_2540_length_25216_cov_8.113151_29	COG0265	223343	4.69e-33	31.086	DegQ	Periplasmic serine protease, S1-C subfamily, contain C-terminal PDZ domain	O	Posttranslational modification, protein turnover, chaperones
NODE_2563_length_25085_cov_7.578706_1	COG0323	223400	8.03e-10	66.667	MutL	DNA mismatch repair ATPase MutL	L	Replication, recombination and repair
NODE_2563_length_25085_cov_7.578706_2	COG3603	226131	5.2e-39	44.444	ACT-7	ACT domain, ACT-7 family	T	Signal transduction mechanisms
NODE_2563_length_25085_cov_7.578706_3	COG0642	223715	3.78e-58	33.639	BaeS	Signal transduction histidine kinase	T	Signal transduction mechanisms
NODE_2563_length_25085_cov_7.578706_4	COG0745	223816	5.44e-77	43.86	OmpR	DNA-binding response regulator, OmpR family, contains REC and winged-helix (wHTH) domain	T	Signal transduction mechanisms
NODE_2563_length_25085_cov_7.578706_6	COG0697	223769	3.18e-16	21.678	RhaT	Permease of the drug/metabolite transporter (DMT) superfamily	G	Carbohydrate transport and metabolism
NODE_2563_length_25085_cov_7.578706_7	COG1167	224089	1.79e-51	30.334	ARO8	DNA-binding transcriptional regulator, MocR family, contains an aminotransferase domain	K	Transcription
NODE_2563_length_25085_cov_7.578706_8	COG0384	223461	7.61e-89	41.751	YHI9	Predicted epimerase YddE/YHI9, PhzF superfamily	R	General function prediction only
NODE_2563_length_25085_cov_7.578706_9	COG4206	226664	0.000652	18.677	BtuB	Outer membrane cobalamin receptor protein BtuB	H	Coenzyme transport and metabolism
NODE_2563_length_25085_cov_7.578706_11	COG4206	226664	4.02e-35	27.957	BtuB	Outer membrane cobalamin receptor protein BtuB	H	Coenzyme transport and metabolism
NODE_2563_length_25085_cov_7.578706_13	COG1024	223955	2.23e-51	33.6	CaiD	Enoyl-CoA hydratase/carnithine racemase	I	Lipid transport and metabolism
NODE_2563_length_25085_cov_7.578706_14	COG0249	223327	0.0	42.074	MutS	DNA mismatch repair ATPase MutS	L	Replication, recombination and repair
NODE_2563_length_25085_cov_7.578706_15	COG0621	223694	1.15e-146	38.462	MiaB	tRNA A37 methylthiotransferase MiaB	J	Translation, ribosomal structure and biogenesis
NODE_2563_length_25085_cov_7.578706_17	COG1160	224082	0.0	49.658	Der	Double Era-like domain GTPase Der	J	Translation, ribosomal structure and biogenesis
NODE_2563_length_25085_cov_7.578706_18	COG0344	223421	1.44e-55	37.327	PlsY	Phospholipid biosynthesis protein PlsY, probable glycerol-3-phosphate acyltransferase	I	Lipid transport and metabolism
NODE_2563_length_25085_cov_7.578706_19	COG0231	223309	1.22e-54	48.062	Efp	Translation elongation factor P (EF-P)/translation initiation factor 5A (eIF-5A)	J	Translation, ribosomal structure and biogenesis
NODE_2563_length_25085_cov_7.578706_20	COG0730	223802	9.11e-21	30.472	TauE	Sulfite exporter TauE/SafE/YfcA and related permeases, UPF0721 family	P	Inorganic ion transport and metabolism
NODE_2563_length_25085_cov_7.578706_21	COG0300	223377	1.02e-86	43.137	YqjQ	Short-chain dehydrogenase	R	General function prediction only
NODE_2563_length_25085_cov_7.578706_23	COG0457	223533	3.28e-10	24.324	TPR	Tetratricopeptide (TPR) repeat	R	General function prediction only
NODE_2563_length_25085_cov_7.578706_24	COG2362	225237	5.82e-87	43.223	DppA	D-aminopeptidase	E	Amino acid transport and metabolism
NODE_2563_length_25085_cov_7.578706_25	COG0077	223155	1.97e-45	39.521	PheA2	Prephenate dehydratase	E	Amino acid transport and metabolism
NODE_2644_length_24632_cov_7.249949_1	COG0442	223519	2.91e-104	38.284	ProS	Prolyl-tRNA synthetase	J	Translation, ribosomal structure and biogenesis
NODE_2644_length_24632_cov_7.249949_2	COG4636	226983	4.49e-14	26.0	Uma2	Endonuclease, Uma2 family (restriction endonuclease fold)	R	General function prediction only
NODE_2644_length_24632_cov_7.249949_3	COG2096	225007	5.04e-69	46.429	PduO	Cob(II)alamin adenosyltransferase	H	Coenzyme transport and metabolism
NODE_2644_length_24632_cov_7.249949_4	COG0531	223605	7.15e-58	33.55	PotE	Serine transporter YbeC, amino acid:H+ symporter family	E	Amino acid transport and metabolism
NODE_2644_length_24632_cov_7.249949_8	COG0821	223891	7.08e-149	48.509	IspG	4-hydroxy-3-methylbut-2-en-1-yl diphosphate synthase IspG/GcpE	I	Lipid transport and metabolism
NODE_2644_length_24632_cov_7.249949_9	COG0750	223821	1.98e-58	31.579	RseP	Membrane-associated protease RseP, regulator of RpoE activity	O	Posttranslational modification, protein turnover, chaperones
NODE_2644_length_24632_cov_7.249949_10	COG0743	223814	3.38e-155	49.872	Dxr	1-deoxy-D-xylulose 5-phosphate reductoisomerase	I	Lipid transport and metabolism
NODE_2644_length_24632_cov_7.249949_11	COG0575	223648	7.39e-39	29.845	CdsA	CDP-diglyceride synthetase	I	Lipid transport and metabolism
NODE_2644_length_24632_cov_7.249949_12	COG0020	223099	1.82e-98	53.125	UppS	Undecaprenyl pyrophosphate synthase	I	Lipid transport and metabolism
NODE_2644_length_24632_cov_7.249949_15	COG0233	223311	1.83e-86	53.763	Frr	Ribosome recycling factor	J	Translation, ribosomal structure and biogenesis
NODE_2644_length_24632_cov_7.249949_16	COG0528	223602	1.43e-122	61.864	PyrH	Uridylate kinase	F	Nucleotide transport and metabolism
NODE_2644_length_24632_cov_7.249949_17	COG0264	223342	3.7e-55	31.183	Tsf	Translation elongation factor EF-Ts	J	Translation, ribosomal structure and biogenesis
NODE_2644_length_24632_cov_7.249949_18	COG0052	223130	2.11e-137	59.184	RpsB	Ribosomal protein S2	J	Translation, ribosomal structure and biogenesis
NODE_2644_length_24632_cov_7.249949_19	COG1246	224167	1.12e-05	24.324	ArgA	N-acetylglutamate synthase or related acetyltransferase, GNAT family	E	Amino acid transport and metabolism
NODE_2644_length_24632_cov_7.249949_20	COG1132	224055	1.27e-169	40.966	MdlB	ABC-type multidrug transport system, ATPase and permease component	V	Defense mechanisms
NODE_2644_length_24632_cov_7.249949_22	COG0415	223492	9.1e-80	34.335	PhrB	Deoxyribodipyrimidine photolyase	L	Replication, recombination and repair
NODE_2644_length_24632_cov_7.249949_23	COG2010	224921	6.93e-08	26.667	CccA	Cytochrome c, mono- and diheme variants	C	Energy production and conversion
NODE_2644_length_24632_cov_7.249949_25	COG5662	227949	0.008	22.603	RsiW	Transmembrane transcriptional regulator RsiW (anti-sigma-W factor)	K	Transcription
NODE_2644_length_24632_cov_7.249949_26	COG1595	224511	1.6e-24	31.928	RpoE	DNA-directed RNA polymerase specialized sigma subunit, sigma24 family	K	Transcription
NODE_2644_length_24632_cov_7.249949_27	COG2896	225449	4.64e-125	49.387	MoaA	GTP 3',8-cyclase (molybdenum cofactor biosynthesis protein MoaA)	H	Coenzyme transport and metabolism
NODE_2644_length_24632_cov_7.249949_29	COG1600	224516	2.92e-90	43.91	QueG	Epoxyqueuosine reductase QueG (queuosine biosynthesis)	J	Translation, ribosomal structure and biogenesis
NODE_2644_length_24632_cov_7.249949_30	COG0476	223552	7.26e-85	59.223	ThiF	Molybdopterin or thiamine biosynthesis adenylyltransferase	H	Coenzyme transport and metabolism
NODE_2705_length_24229_cov_8.087160_1	COG0478	223554	0.00089	29.333	RIO2	RIO-like serine/threonine protein kinase fused to N-terminal HTH domain	T	Signal transduction mechanisms
NODE_2705_length_24229_cov_8.087160_2	COG0668	223740	1.57e-20	21.131	MscS	Small-conductance mechanosensitive channel	M	Cell wall/membrane/envelope biogenesis
NODE_2705_length_24229_cov_8.087160_5	COG4705	227049	4.89e-80	46.888		Uncharacterized membrane-anchored protein	S	Function unknown
NODE_2705_length_24229_cov_8.087160_6	COG0243	223321	2.47e-21	31.579	BisC	Anaerobic selenocysteine-containing dehydrogenase	C	Energy production and conversion
NODE_2705_length_24229_cov_8.087160_7	COG0243	223321	2.51e-64	20.048	BisC	Anaerobic selenocysteine-containing dehydrogenase	C	Energy production and conversion
NODE_2705_length_24229_cov_8.087160_8	COG0437	223514	6.55e-47	31.222	HybA	Fe-S-cluster-containing dehydrogenase component (DMSO reductase)	C	Energy production and conversion
NODE_2705_length_24229_cov_8.087160_9	COG3301	225838	1.57e-08	24.662	NrfD	Nitrite/polysulfide reductase, membrane component NrfD/PsrC	P	Inorganic ion transport and metabolism
NODE_2705_length_24229_cov_8.087160_10	COG1622	224537	1.5e-50	32.984	CyoA	Heme/copper-type cytochrome/quinol oxidase, subunit 2	C	Energy production and conversion
NODE_2705_length_24229_cov_8.087160_11	COG0843	223913	0.0	55.019	CyoB	Heme/copper-type cytochrome/quinol oxidase, subunit 1	C	Energy production and conversion
NODE_2705_length_24229_cov_8.087160_13	COG1845	224758	4.99e-39	36.364	CyoC	Heme/copper-type cytochrome/quinol oxidase, subunit 3	C	Energy production and conversion
NODE_2705_length_24229_cov_8.087160_14	COG0723	223795	8.3e-19	27.0	QcrA/PetC	Rieske Fe-S protein	C	Energy production and conversion
NODE_2705_length_24229_cov_8.087160_15	COG1290	224209	1.35e-55	28.497	QcrB/PetB	Cytochrome b subunit of the bc complex	C	Energy production and conversion
NODE_2705_length_24229_cov_8.087160_16	COG2010	224921	9.21e-10	31.481	CccA	Cytochrome c, mono- and diheme variants	C	Energy production and conversion
NODE_2705_length_24229_cov_8.087160_17	COG3336	225873	8.74e-22	28.634	CtaG	Cytochrome c oxidase assembly protein CtaG	C	Energy production and conversion
NODE_2705_length_24229_cov_8.087160_18	COG0025	223104	2.7e-45	31.818	NhaP	NhaP-type Na+/H+ or K+/H+ antiporter	P	Inorganic ion transport and metabolism
NODE_2705_length_24229_cov_8.087160_20	COG1846	224759	9.59e-11	29.06	MarR	DNA-binding transcriptional regulator, MarR family	K	Transcription
NODE_2705_length_24229_cov_8.087160_21	COG2085	224996	1.72e-24	34.146		Predicted dinucleotide-binding enzyme	R	General function prediction only
NODE_2705_length_24229_cov_8.087160_22	COG0410	223487	8.83e-116	58.298	LivF	ABC-type branched-chain amino acid transport system, ATPase component LivF	E	Amino acid transport and metabolism
NODE_2705_length_24229_cov_8.087160_23	COG0411	223488	1.27e-105	49.2	LivG	ABC-type branched-chain amino acid transport system, ATPase component LivG	E	Amino acid transport and metabolism
NODE_2705_length_24229_cov_8.087160_24	COG4177	226645	8.35e-57	40.446	LivM	ABC-type branched-chain amino acid transport system, permease component	E	Amino acid transport and metabolism
NODE_2705_length_24229_cov_8.087160_25	COG0559	223633	1.17e-06	32.53	LivH	Branched-chain amino acid ABC-type transport system, permease component	E	Amino acid transport and metabolism
NODE_2770_length_23895_cov_8.732089_1	COG3957	226466	3.17e-171	70.035	XFP	Phosphoketolase	G	Carbohydrate transport and metabolism
NODE_2770_length_23895_cov_8.732089_5	COG1622	224537	1.77e-20	33.766	CyoA	Heme/copper-type cytochrome/quinol oxidase, subunit 2	C	Energy production and conversion
NODE_2770_length_23895_cov_8.732089_6	COG0843	223913	6.6e-90	27.309	CyoB	Heme/copper-type cytochrome/quinol oxidase, subunit 1	C	Energy production and conversion
NODE_2770_length_23895_cov_8.732089_9	COG1398	224316	2.75e-85	43.137	OLE1	Fatty-acid desaturase	I	Lipid transport and metabolism
NODE_2770_length_23895_cov_8.732089_10	COG0745	223816	3.17e-75	42.544	OmpR	DNA-binding response regulator, OmpR family, contains REC and winged-helix (wHTH) domain	T	Signal transduction mechanisms
NODE_2770_length_23895_cov_8.732089_11	COG0642	223715	5.67e-40	33.645	BaeS	Signal transduction histidine kinase	T	Signal transduction mechanisms
NODE_2770_length_23895_cov_8.732089_12	COG0589	223662	6.94e-20	35.374	UspA	Nucleotide-binding universal stress protein,  UspA family	T	Signal transduction mechanisms
NODE_2770_length_23895_cov_8.732089_13	COG0642	223715	1.52e-14	25.0	BaeS	Signal transduction histidine kinase	T	Signal transduction mechanisms
NODE_2770_length_23895_cov_8.732089_14	COG0745	223816	6.82e-72	43.231	OmpR	DNA-binding response regulator, OmpR family, contains REC and winged-helix (wHTH) domain	T	Signal transduction mechanisms
NODE_2770_length_23895_cov_8.732089_15	COG1622	224537	1.8e-12	29.268	CyoA	Heme/copper-type cytochrome/quinol oxidase, subunit 2	C	Energy production and conversion
NODE_2770_length_23895_cov_8.732089_16	COG2010	224921	1.04e-07	25.373	CccA	Cytochrome c, mono- and diheme variants	C	Energy production and conversion
NODE_2770_length_23895_cov_8.732089_20	COG2823	225379	4.17e-26	25.0	OsmY	Osmotically-inducible protein OsmY, contains BON domain	M	Cell wall/membrane/envelope biogenesis
NODE_2770_length_23895_cov_8.732089_21	COG2187	225098	7.32e-92	40.19		Aminoglycoside phosphotransferase family enzyme	R	General function prediction only
NODE_2770_length_23895_cov_8.732089_22	COG0589	223662	7.53e-22	34.694	UspA	Nucleotide-binding universal stress protein,  UspA family	T	Signal transduction mechanisms
NODE_2770_length_23895_cov_8.732089_27	COG0308	223385	1.04e-99	26.861	PepN	Aminopeptidase N, contains DUF3458 domain	E	Amino acid transport and metabolism
NODE_2790_length_23806_cov_7.413288_1	COG1196	224117	1.29e-136	34.31	Smc	Chromosome segregation ATPase Smc	D	Cell cycle control, cell division, chromosome partitioning
NODE_2790_length_23806_cov_7.413288_2	COG0571	223644	1.68e-57	40.314	Rnc	dsRNA-specific ribonuclease	K	Transcription
NODE_2790_length_23806_cov_7.413288_3	COG0304	223381	6.82e-161	49.279	FabB	3-oxoacyl-(acyl-carrier-protein) synthase	I	Lipid transport and metabolism
NODE_2790_length_23806_cov_7.413288_4	COG0211	223289	1.56e-44	67.059	RpmA	Ribosomal protein L27	J	Translation, ribosomal structure and biogenesis
NODE_2790_length_23806_cov_7.413288_5	COG0536	223610	2.81e-136	52.957	Obg	GTPase involved in cell partioning and DNA repair	D	Cell cycle control, cell division, chromosome partitioning
NODE_2790_length_23806_cov_7.413288_7	COG1057	223985	1.86e-51	39.109	NadD	Nicotinate-nucleotide adenylyltransferase NadD	H	Coenzyme transport and metabolism
NODE_2790_length_23806_cov_7.413288_8	COG0019	223098	1.22e-107	36.709	LysA	Diaminopimelate decarboxylase	E	Amino acid transport and metabolism
NODE_2790_length_23806_cov_7.413288_10	COG0424	223501	2.86e-72	49.215	Maf	7-methyl-GTP pyrophosphatase and related NTP pyrophosphatases, Maf/HAM1 superfamily	Q	Secondary metabolites biosynthesis, transport and catabolism
NODE_2790_length_23806_cov_7.413288_11	COG1077	224003	4.14e-82	41.176	MreB	Cell shape-determining ATPase MreB, actin-like superfamily	D	Cell cycle control, cell division, chromosome partitioning
NODE_2790_length_23806_cov_7.413288_12	COG1792	224705	1.19e-39	33.852	MreC	Cell shape-determining protein MreC	D	Cell cycle control, cell division, chromosome partitioning
NODE_2790_length_23806_cov_7.413288_14	COG0768	223839	7.07e-147	35.225	FtsI	Cell division protein FtsI, peptidoglycan transpeptidase (Penicillin-binding protein 2)	D	Cell cycle control, cell division, chromosome partitioning
NODE_2790_length_23806_cov_7.413288_15	COG0697	223769	0.001	18.305	RhaT	Permease of the drug/metabolite transporter (DMT) superfamily	G	Carbohydrate transport and metabolism
NODE_2790_length_23806_cov_7.413288_17	COG0436	223513	5.33e-131	43.386	AspB	Aspartate/methionine/tyrosine aminotransferase	E	Amino acid transport and metabolism
NODE_2790_length_23806_cov_7.413288_18	COG0180	223258	2.5e-118	41.026	TrpS	Tryptophanyl-tRNA synthetase	J	Translation, ribosomal structure and biogenesis
NODE_2790_length_23806_cov_7.413288_19	COG0351	223428	1.17e-50	32.51	ThiD	Hydroxymethylpyrimidine/phosphomethylpyrimidine kinase	H	Coenzyme transport and metabolism
NODE_2790_length_23806_cov_7.413288_20	COG0352	223429	2.53e-26	35.602	ThiE	Thiamine monophosphate synthase	H	Coenzyme transport and metabolism
NODE_2790_length_23806_cov_7.413288_23	COG1475	224392	6.03e-45	36.22	Spo0J	Chromosome segregation protein Spo0J, contains ParB-like nuclease domain	D	Cell cycle control, cell division, chromosome partitioning
NODE_2790_length_23806_cov_7.413288_24	COG1192	224113	2.66e-85	45.02	ParA	ParA-like ATPase involved in chromosome/plasmid partitioning or cellulose biosynthesis protein BcsQ	D	Cell cycle control, cell division, chromosome partitioning
NODE_2790_length_23806_cov_7.413288_25	COG0617	223690	9.05e-47	26.913	PcnB	tRNA nucleotidyltransferase/poly(A) polymerase	J	Translation, ribosomal structure and biogenesis
NODE_2818_length_23685_cov_7.652560_2	COG4636	226983	1.18e-16	23.737	Uma2	Endonuclease, Uma2 family (restriction endonuclease fold)	R	General function prediction only
NODE_2818_length_23685_cov_7.652560_3	COG5405	227692	4.27e-80	55.556	HslV	ATP-dependent protease HslVU (ClpYQ), peptidase subunit	O	Posttranslational modification, protein turnover, chaperones
NODE_2818_length_23685_cov_7.652560_4	COG1345	224264	0.004	17.568	FliD	Flagellar capping protein FliD	N	Cell motility
NODE_2818_length_23685_cov_7.652560_5	COG3153	225695	7.18e-06	20.87	yhbS	Predicted N-acetyltransferase YhbS	R	General function prediction only
NODE_2818_length_23685_cov_7.652560_7	COG1206	224127	0.0	53.125	TrmFO	Folate-dependent tRNA-U54 methylase TrmFO/GidA	J	Translation, ribosomal structure and biogenesis
NODE_2818_length_23685_cov_7.652560_8	COG0550	223624	0.0	48.02	TopA	DNA topoisomerase IA	L	Replication, recombination and repair
NODE_2818_length_23685_cov_7.652560_10	COG4608	226967	6.66e-155	53.548	AppF	ABC-type oligopeptide transport system, ATPase component	E	Amino acid transport and metabolism
NODE_2818_length_23685_cov_7.652560_11	COG0444	223521	1.33e-180	59.688	DppD	ABC-type dipeptide/oligopeptide/nickel transport system, ATPase component	E	Amino acid transport and metabolism
NODE_2818_length_23685_cov_7.652560_13	COG1154	224076	0.0	55.929	Dxs	Deoxyxylulose-5-phosphate synthase	H	Coenzyme transport and metabolism
NODE_2818_length_23685_cov_7.652560_16	COG0796	223867	9.74e-56	41.667	MurI	Glutamate racemase	M	Cell wall/membrane/envelope biogenesis
NODE_2818_length_23685_cov_7.652560_17	COG0860	223929	4.84e-50	37.441	AmiC	N-acetylmuramoyl-L-alanine amidase	M	Cell wall/membrane/envelope biogenesis
NODE_2818_length_23685_cov_7.652560_18	COG5401	227688	4.15e-11	22.759	GerM	Spore germination protein GerM	D	Cell cycle control, cell division, chromosome partitioning
NODE_2818_length_23685_cov_7.652560_19	COG0655	223728	2.31e-44	33.831	WrbA	Multimeric flavodoxin WrbA, includes NAD(P)H:quinone oxidoreductase	C	Energy production and conversion
NODE_2818_length_23685_cov_7.652560_21	COG0684	223756	8.45e-33	34.483	RraA	RNA degradosome component RraA (regulator of RNase E activity)	J	Translation, ribosomal structure and biogenesis
NODE_2818_length_23685_cov_7.652560_22	COG2159	225070	3.16e-23	24.028	LigW	5-carboxyvanillate decarboxylase LigW (lignin degradation), amidohydro domain	G	Carbohydrate transport and metabolism
NODE_2818_length_23685_cov_7.652560_23	COG3477	226008	0.000112	24.074	YagU	Uncharacterized membrane protein YagU, involved in acid resistance, DUF1440 family	S	Function unknown
NODE_2818_length_23685_cov_7.652560_24	COG0366	223443	1.41e-20	18.482	AmyA	Glycosidase/amylase (phosphorylase)	G	Carbohydrate transport and metabolism
NODE_2818_length_23685_cov_7.652560_25	COG0366	223443	9.84e-99	35.154	AmyA	Glycosidase/amylase (phosphorylase)	G	Carbohydrate transport and metabolism
NODE_2910_length_23221_cov_7.655573_2	COG3565	226095	2.13e-59	55.147		Predicted dioxygenase of extradiol dioxygenase family	R	General function prediction only
NODE_2910_length_23221_cov_7.655573_3	COG4782	227121	4.64e-07	18.018		Esterase/lipase superfamily enzyme	R	General function prediction only
NODE_2910_length_23221_cov_7.655573_4	COG3391	225926	2.8e-15	28.723	YncE	DNA-binding beta-propeller fold protein YncE	R	General function prediction only
NODE_2910_length_23221_cov_7.655573_5	COG3063	225605	0.000266	30.159	PilF	Type IV pilus assembly protein PilF/PilW	N	Cell motility
NODE_2910_length_23221_cov_7.655573_6	COG1629	224544	3.13e-20	15.629	CirA	Outer membrane receptor protein, Fe transport	P	Inorganic ion transport and metabolism
NODE_2910_length_23221_cov_7.655573_8	COG0663	223735	2.69e-64	46.988	PaaY	Carbonic anhydrase or acetyltransferase, isoleucine patch superfamily	R	General function prediction only
NODE_2910_length_23221_cov_7.655573_10	COG0305	223382	8.51e-148	48.541	DnaB	Replicative DNA helicase	L	Replication, recombination and repair
NODE_2910_length_23221_cov_7.655573_11	COG1067	223994	1.3e-81	24.957	LonB	Predicted ATP-dependent protease	O	Posttranslational modification, protein turnover, chaperones
NODE_2910_length_23221_cov_7.655573_12	COG0359	223436	1.97e-49	46.528	RplI	Ribosomal protein L9	J	Translation, ribosomal structure and biogenesis
NODE_2910_length_23221_cov_7.655573_13	COG0238	223316	1.18e-26	50.0	RpsR	Ribosomal protein S18	J	Translation, ribosomal structure and biogenesis
NODE_2910_length_23221_cov_7.655573_14	COG0174	223252	7.86e-89	31.075	GlnA	Glutamine synthetase	E	Amino acid transport and metabolism
NODE_2910_length_23221_cov_7.655573_18	COG3934	226444	6.56e-21	22.131		Endo-1,4-beta-mannosidase	G	Carbohydrate transport and metabolism
NODE_2910_length_23221_cov_7.655573_19	COG4705	227049	3.66e-78	50.407		Uncharacterized membrane-anchored protein	S	Function unknown
NODE_2910_length_23221_cov_7.655573_20	COG0282	223359	6.5e-99	36.709	AckA	Acetate kinase	C	Energy production and conversion
NODE_2910_length_23221_cov_7.655573_21	COG3957	226466	0.0	59.557	XFP	Phosphoketolase	G	Carbohydrate transport and metabolism
NODE_3125_length_22149_cov_7.739975_2	COG0219	223297	5.06e-70	50.0	TrmL	tRNA(Leu) C34 or U34 (ribose-2'-O)-methylase TrmL, contains SPOUT domain	J	Translation, ribosomal structure and biogenesis
NODE_3125_length_22149_cov_7.739975_3	COG1573	224489	1.44e-32	30.833	Udg4	Uracil-DNA glycosylase	L	Replication, recombination and repair
NODE_3125_length_22149_cov_7.739975_4	COG4636	226983	1.26e-16	26.667	Uma2	Endonuclease, Uma2 family (restriction endonuclease fold)	R	General function prediction only
NODE_3125_length_22149_cov_7.739975_5	COG0173	223251	0.0	54.223	AspS	Aspartyl-tRNA synthetase	J	Translation, ribosomal structure and biogenesis
NODE_3125_length_22149_cov_7.739975_6	COG0463	223539	2.3e-25	25.424	WcaA	Glycosyltransferase involved in cell wall bisynthesis	M	Cell wall/membrane/envelope biogenesis
NODE_3125_length_22149_cov_7.739975_7	COG1216	224137	2.92e-21	25.778	WcaE	Glycosyltransferase, GT2 family	G	Carbohydrate transport and metabolism
NODE_3125_length_22149_cov_7.739975_8	COG0073	223151	3.16e-16	28.319	EMAP	tRNA-binding EMAP/Myf domain	J	Translation, ribosomal structure and biogenesis
NODE_3125_length_22149_cov_7.739975_9	COG0859	223928	1.14e-35	24.419	RfaF	ADP-heptose:LPS heptosyltransferase	M	Cell wall/membrane/envelope biogenesis
NODE_3125_length_22149_cov_7.739975_10	COG0859	223928	2.41e-15	21.767	RfaF	ADP-heptose:LPS heptosyltransferase	M	Cell wall/membrane/envelope biogenesis
NODE_3125_length_22149_cov_7.739975_11	COG1216	224137	6.13e-23	27.477	WcaE	Glycosyltransferase, GT2 family	G	Carbohydrate transport and metabolism
NODE_3125_length_22149_cov_7.739975_12	COG0763	223834	2.91e-08	22.222	LpxB	Lipid A disaccharide synthetase	M	Cell wall/membrane/envelope biogenesis
NODE_3125_length_22149_cov_7.739975_13	COG2870	225425	2.42e-57	51.592	RfaE	ADP-heptose synthase, bifunctional sugar kinase/adenylyltransferase	M	Cell wall/membrane/envelope biogenesis
NODE_3125_length_22149_cov_7.739975_14	COG2870	225425	7.69e-102	44.373	RfaE	ADP-heptose synthase, bifunctional sugar kinase/adenylyltransferase	M	Cell wall/membrane/envelope biogenesis
NODE_3125_length_22149_cov_7.739975_15	COG0241	223319	2.96e-41	41.143	HisB1/GmhB	Histidinol phosphatase/D-glycero-mannoheptose bisphosphatephosphatase, HAD superfamily	E	Amino acid transport and metabolism
NODE_3125_length_22149_cov_7.739975_16	COG0279	223356	1.72e-73	56.0	GmhA	Phosphoheptose isomerase	G	Carbohydrate transport and metabolism
NODE_3125_length_22149_cov_7.739975_17	COG0511	223585	4.61e-21	34.559	AccB	Biotin carboxyl carrier protein	I	Lipid transport and metabolism
NODE_3125_length_22149_cov_7.739975_18	COG0124	223202	0.0	49.403	HisS	Histidyl-tRNA synthetase	J	Translation, ribosomal structure and biogenesis
NODE_3125_length_22149_cov_7.739975_19	COG3689	226214	7.92e-06	30.556	YcgQ	Uncharacterized membrane protein YcgQ,  UPF0703/DUF1980 family	S	Function unknown
NODE_3125_length_22149_cov_7.739975_20	COG0346	223423	2.34e-12	21.429	GloA	Catechol 2,3-dioxygenase or related enzyme, vicinal oxygen chelate (VOC) family	Q	Secondary metabolites biosynthesis, transport and catabolism
NODE_3125_length_22149_cov_7.739975_22	COG0741	223812	3.76e-13	29.63	MltE	Soluble lytic murein transglycosylase or regulatory protein s ( may contain LysM/invasin domain)	M	Cell wall/membrane/envelope biogenesis
NODE_3125_length_22149_cov_7.739975_23	COG0138	223216	0.0	48.842	PurH	AICAR transformylase/IMP cyclohydrolase PurH	F	Nucleotide transport and metabolism
NODE_3125_length_22149_cov_7.739975_24	COG1196	224117	4.35e-62	48.276	Smc	Chromosome segregation ATPase Smc	D	Cell cycle control, cell division, chromosome partitioning
NODE_3137_length_22097_cov_7.903139_1	COG0841	223911	0.0	46.842	AcrB	Multidrug efflux pump subunit AcrB	V	Defense mechanisms
NODE_3137_length_22097_cov_7.903139_3	COG0663	223735	1.31e-53	42.262	PaaY	Carbonic anhydrase or acetyltransferase, isoleucine patch superfamily	R	General function prediction only
NODE_3137_length_22097_cov_7.903139_4	COG0683	223755	9.31e-52	26.496	LivK	ABC-type branched-chain amino acid transport system, periplasmic component	E	Amino acid transport and metabolism
NODE_3137_length_22097_cov_7.903139_5	COG0559	223633	1.11e-67	39.865	LivH	Branched-chain amino acid ABC-type transport system, permease component	E	Amino acid transport and metabolism
NODE_3137_length_22097_cov_7.903139_6	COG4177	226645	1.54e-54	34.615	LivM	ABC-type branched-chain amino acid transport system, permease component	E	Amino acid transport and metabolism
NODE_3137_length_22097_cov_7.903139_7	COG0410	223487	6.95e-108	52.34	LivF	ABC-type branched-chain amino acid transport system, ATPase component LivF	E	Amino acid transport and metabolism
NODE_3137_length_22097_cov_7.903139_8	COG0411	223488	6.41e-110	50.4	LivG	ABC-type branched-chain amino acid transport system, ATPase component LivG	E	Amino acid transport and metabolism
NODE_3137_length_22097_cov_7.903139_9	COG3177	225718	2.99e-09	25.0		Fic family protein	K	Transcription
NODE_3137_length_22097_cov_7.903139_10	COG1410	224328	0.0	39.136	MetH2	Methionine synthase I, cobalamin-binding domain	E	Amino acid transport and metabolism
NODE_3137_length_22097_cov_7.903139_11	COG2138	225049	5.07e-17	34.426	SirB	Sirohydrochlorin ferrochelatase	H	Coenzyme transport and metabolism
NODE_3137_length_22097_cov_7.903139_13	COG0683	223755	2.9e-63	36.141	LivK	ABC-type branched-chain amino acid transport system, periplasmic component	E	Amino acid transport and metabolism
NODE_3137_length_22097_cov_7.903139_14	COG0559	223633	5.63e-78	41.275	LivH	Branched-chain amino acid ABC-type transport system, permease component	E	Amino acid transport and metabolism
NODE_3137_length_22097_cov_7.903139_15	COG4177	226645	4.02e-73	41.975	LivM	ABC-type branched-chain amino acid transport system, permease component	E	Amino acid transport and metabolism
NODE_3137_length_22097_cov_7.903139_16	COG0411	223488	1.1e-121	55.731	LivG	ABC-type branched-chain amino acid transport system, ATPase component LivG	E	Amino acid transport and metabolism
NODE_3137_length_22097_cov_7.903139_17	COG0410	223487	3.06e-121	58.874	LivF	ABC-type branched-chain amino acid transport system, ATPase component LivF	E	Amino acid transport and metabolism
NODE_3137_length_22097_cov_7.903139_19	COG1820	224733	1.66e-99	35.501	NagA	N-acetylglucosamine-6-phosphate deacetylase	G	Carbohydrate transport and metabolism
NODE_3137_length_22097_cov_7.903139_20	COG1161	224083	0.006	38.235	RbgA	Ribosome biogenesis GTPase RbgA	J	Translation, ribosomal structure and biogenesis
NODE_3212_length_21749_cov_7.157924_4	COG0020	223099	1.91e-103	53.017	UppS	Undecaprenyl pyrophosphate synthase	I	Lipid transport and metabolism
NODE_3212_length_21749_cov_7.157924_5	COG4405	226838	8.59e-35	38.843	YhfF	Predicted RNA-binding protein YhfF, contains PUA-like ASCH domain	R	General function prediction only
NODE_3212_length_21749_cov_7.157924_6	COG1217	224138	0.0	60.43	TypA	Predicted membrane GTPase TypA/BipA involved in stress response	T	Signal transduction mechanisms
NODE_3212_length_21749_cov_7.157924_9	COG0542	223616	0.0	56.663	ClpA	ATP-dependent Clp protease, ATP-binding subunit ClpA	O	Posttranslational modification, protein turnover, chaperones
NODE_3212_length_21749_cov_7.157924_10	COG1723	224637	0.000527	29.545	Rmd1	Mitochondrial translation protein, Rmd1/RMND1/DUF155 family	J	Translation, ribosomal structure and biogenesis
NODE_3212_length_21749_cov_7.157924_11	COG3152	225694	4.12e-32	42.636	yhaH	Uncharacterized membrane protein YhaH, DUF805 family	S	Function unknown
NODE_3212_length_21749_cov_7.157924_12	COG3276	225815	3.91e-85	39.368	SelB	Selenocysteine-specific translation elongation factor SelB	J	Translation, ribosomal structure and biogenesis
NODE_3212_length_21749_cov_7.157924_13	COG1921	224832	1.77e-92	43.455	SelA	Seryl-tRNA(Sec) selenium transferase	J	Translation, ribosomal structure and biogenesis
NODE_3212_length_21749_cov_7.157924_14	COG3118	225660	6.79e-36	46.729	CnoX	Chaperedoxin CnoX, contains thioredoxin-like and TPR-like domains, YbbN/TrxSC family	O	Posttranslational modification, protein turnover, chaperones
NODE_3212_length_21749_cov_7.157924_16	COG0188	223266	0.0	53.656	GyrA	DNA gyrase/topoisomerase IV, subunit A	L	Replication, recombination and repair
NODE_3212_length_21749_cov_7.157924_18	COG0802	223873	1e-41	47.414	TsaE	tRNA A37 threonylcarbamoyladenosine biosynthesis protein TsaE	J	Translation, ribosomal structure and biogenesis
NODE_3212_length_21749_cov_7.157924_19	COG1214	224135	2.83e-22	48.98	TsaB	tRNA A37 threonylcarbamoyladenosine modification protein TsaB	J	Translation, ribosomal structure and biogenesis
NODE_3212_length_21749_cov_7.157924_20	COG0456	223532	1.77e-31	30.818	RimI	Ribosomal protein S18 acetylase RimI and related acetyltransferases	J	Translation, ribosomal structure and biogenesis
NODE_3212_length_21749_cov_7.157924_21	COG1713	224627	6.22e-53	41.818	YqeK	Diadenosine tetraphosphatase YqeK or a related HD superfamily phosphohydrolase	T	Signal transduction mechanisms
NODE_3212_length_21749_cov_7.157924_22	COG0799	223870	2.12e-29	52.857	RsfS	Ribosomal silencing factor RsfS, regulates association of 30S and 50S subunits	J	Translation, ribosomal structure and biogenesis
NODE_3212_length_21749_cov_7.157924_24	COG1512	224429	1.6e-13	25.121	YgcG	Uncharacterized membrane protein YgcG, contains a TPM-fold domain	S	Function unknown
NODE_3212_length_21749_cov_7.157924_25	COG1555	224472	8.05e-06	40.0	ComEA	DNA uptake protein ComE or related DNA-binding protein	L	Replication, recombination and repair
NODE_3281_length_21503_cov_7.768976_1	COG4591	226957	1.32e-23	21.182	LolE	ABC-type transport system involved in lipoprotein release, permease component LolC	M	Cell wall/membrane/envelope biogenesis
NODE_3281_length_21503_cov_7.768976_2	COG5621	227908	1.49e-78	34.072	CrtC	Predicted lipocalin, contains AttH/CrtC domain	R	General function prediction only
NODE_3281_length_21503_cov_7.768976_3	COG1309	224228	0.001	19.774	AcrR	DNA-binding protein, AcrR family, includes nucleoid occlusion protein SlmA	K	Transcription
NODE_3281_length_21503_cov_7.768976_4	COG2764	225356	3.26e-05	35.294	PhnB	Zn-dependent glyoxalase, PhnB family	C	Energy production and conversion
NODE_3281_length_21503_cov_7.768976_5	COG0492	223566	9.77e-62	32.237	TrxB	Thioredoxin reductase	O	Posttranslational modification, protein turnover, chaperones
NODE_3281_length_21503_cov_7.768976_6	COG0596	223669	1.06e-13	20.455	MenH	2-succinyl-6-hydroxy-2,4-cyclohexadiene-1-carboxylate synthase MenH and related esterases, alpha/beta hydrolase fold	H	Coenzyme transport and metabolism
NODE_3281_length_21503_cov_7.768976_9	COG1335	224254	9.25e-15	31.183	PncA	Nicotinamidase-related amidase	H	Coenzyme transport and metabolism
NODE_3281_length_21503_cov_7.768976_10	COG1846	224759	1.07e-12	30.693	MarR	DNA-binding transcriptional regulator, MarR family	K	Transcription
NODE_3281_length_21503_cov_7.768976_11	COG3059	225601	1.05e-16	23.171	YkgB	Reactive chlorine resistance protein RclC/YkgB, DUF417 family	V	Defense mechanisms
NODE_3281_length_21503_cov_7.768976_12	COG0456	223532	1.88e-08	23.256	RimI	Ribosomal protein S18 acetylase RimI and related acetyltransferases	J	Translation, ribosomal structure and biogenesis
NODE_3281_length_21503_cov_7.768976_13	COG1164	224086	2.71e-72	25.385	PepF	Oligoendopeptidase F	E	Amino acid transport and metabolism
NODE_3281_length_21503_cov_7.768976_16	COG0694	223766	4.03e-23	44.304	NifU	Fe-S cluster biogenesis protein NfuA, 4Fe-4S-binding domain	O	Posttranslational modification, protein turnover, chaperones
NODE_3281_length_21503_cov_7.768976_17	COG1575	224491	6.77e-16	28.897	MenA	1,4-dihydroxy-2-naphthoate polyprenyltransferase	H	Coenzyme transport and metabolism
NODE_3281_length_21503_cov_7.768976_18	COG1414	224332	8.44e-88	44.898	IclR	DNA-binding transcriptional regulator, IclR family	K	Transcription
NODE_3281_length_21503_cov_7.768976_19	COG1454	224371	1.91e-91	33.415	EutG	Alcohol dehydrogenase, class IV	C	Energy production and conversion
NODE_3281_length_21503_cov_7.768976_20	COG0248	223326	1.29e-115	38.998	GppA	Exopolyphosphatase/pppGpp-phosphohydrolase	F	Nucleotide transport and metabolism
NODE_3281_length_21503_cov_7.768976_21	COG5607	227894	2.39e-06	32.653	CHAD	CHAD domain, binds inorganic polyphosphates	S	Function unknown
NODE_3281_length_21503_cov_7.768976_22	COG5607	227894	1.04e-13	29.6	CHAD	CHAD domain, binds inorganic polyphosphates	S	Function unknown
NODE_3281_length_21503_cov_7.768976_23	COG0745	223816	3.76e-96	47.807	OmpR	DNA-binding response regulator, OmpR family, contains REC and winged-helix (wHTH) domain	T	Signal transduction mechanisms
NODE_3281_length_21503_cov_7.768976_24	COG3829	226350	0.002	27.928	RocR	RocR-type transcriptional regulator, contains PAS, AAA-type ATPase, and DNA-binding Fis domains	K	Transcription
NODE_3303_length_21411_cov_7.734079_2	COG0738	223809	0.000192	22.047	FucP	Fucose permease	G	Carbohydrate transport and metabolism
NODE_3303_length_21411_cov_7.734079_3	COG0583	223656	1.95e-43	28.904	LysR	DNA-binding transcriptional regulator, LysR family	K	Transcription
NODE_3303_length_21411_cov_7.734079_5	COG1505	224422	0.0	43.491	PreP	Prolyl endopeptidase PreP, S9A serine peptidase family	E	Amino acid transport and metabolism
NODE_3303_length_21411_cov_7.734079_6	COG0303	223380	1.27e-109	41.25	MoeA	Molybdopterin Mo-transferase (molybdopterin biosynthesis)	H	Coenzyme transport and metabolism
NODE_3303_length_21411_cov_7.734079_7	COG1526	224443	5.29e-88	41.6	FdhD	Formate dehydrogenase assembly factor FdhD, a sulfurtransferase	C	Energy production and conversion
NODE_3303_length_21411_cov_7.734079_8	COG3383	225918	8.76e-62	29.762	YjgC	Predicted molibdopterin-dependent oxidoreductase YjgC	R	General function prediction only
NODE_3303_length_21411_cov_7.734079_9	COG1894	224806	7.63e-178	48.537	NuoF	NADH:ubiquinone oxidoreductase, NADH-binding 51 kD subunit (chain F)	C	Energy production and conversion
NODE_3303_length_21411_cov_7.734079_10	COG3383	225918	4.74e-160	39.37	YjgC	Predicted molibdopterin-dependent oxidoreductase YjgC	R	General function prediction only
NODE_3303_length_21411_cov_7.734079_11	COG3383	225918	1.22e-29	47.368	YjgC	Predicted molibdopterin-dependent oxidoreductase YjgC	R	General function prediction only
NODE_3303_length_21411_cov_7.734079_13	COG1971	224882	7.15e-10	28.652	MntP	Putative Mn2+ efflux pump MntP	P	Inorganic ion transport and metabolism
NODE_3303_length_21411_cov_7.734079_18	COG0127	223205	3.18e-55	41.327	RdgB	Inosine/xanthosine triphosphate pyrophosphatase, all-alpha NTP-PPase family	F	Nucleotide transport and metabolism
NODE_3303_length_21411_cov_7.734079_19	COG0004	223083	3.93e-109	40.093	AmtB	Ammonia channel protein AmtB	P	Inorganic ion transport and metabolism
NODE_3303_length_21411_cov_7.734079_21	COG0481	223557	0.0	64.322	LepA	Translation elongation factor EF-4, membrane-bound GTPase	J	Translation, ribosomal structure and biogenesis
NODE_3303_length_21411_cov_7.734079_22	COG0762	223833	1.21e-08	31.169	Ycf19	Cytochrome b6 maturation protein CCB3/Ycf19 and related maturases, YggT family	O	Posttranslational modification, protein turnover, chaperones
NODE_3303_length_21411_cov_7.734079_23	COG0739	223810	1.03e-37	45.833	NlpD	Murein DD-endopeptidase MepM and murein hydrolase activator NlpD, contains LysM domain	M	Cell wall/membrane/envelope biogenesis
NODE_3386_length_21095_cov_7.214876_1	COG2217	225127	5.15e-67	45.813	ZntA	Cation-transporting P-type ATPase	P	Inorganic ion transport and metabolism
NODE_3386_length_21095_cov_7.214876_2	COG0589	223662	6.21e-10	23.129	UspA	Nucleotide-binding universal stress protein,  UspA family	T	Signal transduction mechanisms
NODE_3386_length_21095_cov_7.214876_3	COG0738	223809	0.003	25.385	FucP	Fucose permease	G	Carbohydrate transport and metabolism
NODE_3386_length_21095_cov_7.214876_5	COG4420	226844	1.17e-06	26.277		Uncharacterized membrane protein	S	Function unknown
NODE_3386_length_21095_cov_7.214876_8	COG1629	224544	5.84e-21	18.646	CirA	Outer membrane receptor protein, Fe transport	P	Inorganic ion transport and metabolism
NODE_3386_length_21095_cov_7.214876_10	COG0847	223916	1.65e-32	33.503	DnaQ	DNA polymerase III, epsilon subunit or related 3'-5' exonuclease	L	Replication, recombination and repair
NODE_3386_length_21095_cov_7.214876_11	COG0667	223739	7.89e-85	34.899	PdxI	Pyridoxal reductase PdxI or related oxidoreductase, aldo/keto reductase family	H	Coenzyme transport and metabolism
NODE_3386_length_21095_cov_7.214876_12	COG0053	223131	4.23e-44	24.915	FieF	Divalent metal cation (Fe/Co/Zn/Cd) efflux pump	P	Inorganic ion transport and metabolism
NODE_3386_length_21095_cov_7.214876_13	COG1801	224714	5.6e-67	37.226	YecE	Sugar isomerase-related protein YecE, UPF0759/DUF72 family	R	General function prediction only
NODE_3386_length_21095_cov_7.214876_15	COG3903	226418	3.77e-43	36.0		Predicted ATPase	R	General function prediction only
NODE_3386_length_21095_cov_7.214876_16	COG3629	226156	8.19e-13	21.705	DnrI	DNA-binding transcriptional regulator DnrI/AfsR/EmbR, SARP family, contains BTAD domain	K	Transcription
NODE_3386_length_21095_cov_7.214876_18	COG4447	226855	8.08e-05	19.325		Uncharacterized conserved protein related to plant photosystem II stability/assembly factor	R	General function prediction only
NODE_3386_length_21095_cov_7.214876_21	COG2251	225160	1.48e-54	23.985		Predicted nuclease, RecB family	R	General function prediction only
NODE_3576_length_20319_cov_8.581475_2	COG0775	223846	8.46e-13	24.299	MtnN	Nucleoside phosphorylase/nucleosidase, includes 5'-methylthioadenosine/S-adenosylhomocysteine nucleosidase MtnN and futalosine hydrolase MqnB	F	Nucleotide transport and metabolism
NODE_3576_length_20319_cov_8.581475_3	COG0602	223675	6.69e-50	30.332	QueE	Organic radical activating enzyme NrdG/QueE	H	Coenzyme transport and metabolism
NODE_3576_length_20319_cov_8.581475_4	COG0720	223792	3.4e-35	41.86	QueD	6-pyruvoyl-tetrahydropterin synthase	H	Coenzyme transport and metabolism
NODE_3576_length_20319_cov_8.581475_6	COG0508	223582	3.14e-122	39.955	AceF	Pyruvate/2-oxoglutarate dehydrogenase complex, dihydrolipoamide acyltransferase (E2) component	C	Energy production and conversion
NODE_3576_length_20319_cov_8.581475_7	COG0022	223101	0.0	57.846	AcoB	Pyruvate/2-oxoglutarate/acetoin dehydrogenase complex, dehydrogenase (E1) component, beta subunit	C	Energy production and conversion
NODE_3576_length_20319_cov_8.581475_8	COG1071	223997	1.3e-136	39.521	AcoA	TPP-dependent pyruvate or acetoin dehydrogenase subunit alpha	C	Energy production and conversion
NODE_3576_length_20319_cov_8.581475_9	COG1473	224390	5.99e-156	48.138	AbgB	Metal-dependent amidase/aminoacylase/carboxypeptidase	R	General function prediction only
NODE_3576_length_20319_cov_8.581475_10	COG0069	223147	0.0	54.583	GltB2	Glutamate synthase domain 2	E	Amino acid transport and metabolism
NODE_3576_length_20319_cov_8.581475_12	COG1251	224171	1.69e-51	26.485	NirB	NAD(P)H-nitrite reductase, large subunit	C	Energy production and conversion
NODE_3576_length_20319_cov_8.581475_13	COG0277	223354	2.22e-123	42.082	GlcD	FAD/FMN-containing lactate dehydrogenase/glycolate oxidase	C	Energy production and conversion
NODE_3576_length_20319_cov_8.581475_14	COG0277	223354	2.21e-52	27.149	GlcD	FAD/FMN-containing lactate dehydrogenase/glycolate oxidase	C	Energy production and conversion
NODE_3576_length_20319_cov_8.581475_15	COG0247	223325	6.01e-89	30.67	GlpC	Fe-S cluster-containing oxidoreductase, includes glycolate oxidase subunit GlcF	C	Energy production and conversion
NODE_3576_length_20319_cov_8.581475_16	COG2866	225421	0.008	25.424	MpaA	Murein tripeptide amidase MpaA	M	Cell wall/membrane/envelope biogenesis
NODE_3576_length_20319_cov_8.581475_17	COG0644	223717	8.32e-53	26.619	FixC	Dehydrogenase (flavoprotein)	C	Energy production and conversion
NODE_3690_length_19901_cov_6.737781_1	COG3643	226169	2.77e-58	42.781	GluFT	Glutamate formiminotransferase	E	Amino acid transport and metabolism
NODE_3690_length_19901_cov_6.737781_2	COG1066	223993	0.0	50.98	Sms	DNA repair protein RadA/Sms, contains AAA+ ATPase domain	L	Replication, recombination and repair
NODE_3690_length_19901_cov_6.737781_3	COG1309	224228	6.38e-06	23.125	AcrR	DNA-binding protein, AcrR family, includes nucleoid occlusion protein SlmA	K	Transcription
NODE_3690_length_19901_cov_6.737781_4	COG1942	224853	9.64e-10	21.429	PptA	Phenylpyruvate tautomerase PptA, 4-oxalocrotonate tautomerase family	Q	Secondary metabolites biosynthesis, transport and catabolism
NODE_3690_length_19901_cov_6.737781_5	COG0283	223360	3.11e-83	49.541	Cmk	Cytidylate kinase	F	Nucleotide transport and metabolism
NODE_3690_length_19901_cov_6.737781_6	COG0204	223282	3.41e-42	34.171	PlsC	1-acyl-sn-glycerol-3-phosphate acyltransferase	I	Lipid transport and metabolism
NODE_3690_length_19901_cov_6.737781_7	COG0761	223832	4.33e-83	37.676	IspH	4-Hydroxy-3-methylbut-2-enyl diphosphate reductase IspH	I	Lipid transport and metabolism
NODE_3690_length_19901_cov_6.737781_8	COG0142	223220	1.48e-61	33.793	IspA	Geranylgeranyl pyrophosphate synthase	H	Coenzyme transport and metabolism
NODE_3690_length_19901_cov_6.737781_9	COG1928	224839	4.98e-28	20.898	PMT1	Dolichyl-phosphate-mannose--protein O-mannosyl transferase	O	Posttranslational modification, protein turnover, chaperones
NODE_3690_length_19901_cov_6.737781_10	COG0217	223295	2.82e-99	49.167	TACO1	Transcriptional and/or translational regulatory protein YebC/TACO1	K	Transcription
NODE_3690_length_19901_cov_6.737781_11	COG2815	225372	6.2e-41	28.754	PASTA	PASTA domain, binds beta-lactams	M	Cell wall/membrane/envelope biogenesis
NODE_3690_length_19901_cov_6.737781_12	COG0036	223114	4.83e-112	55.505	Rpe	Pentose-5-phosphate-3-epimerase	G	Carbohydrate transport and metabolism
NODE_3690_length_19901_cov_6.737781_13	COG0611	223684	2.16e-77	37.5	ThiL	Thiamine monophosphate kinase	H	Coenzyme transport and metabolism
NODE_3690_length_19901_cov_6.737781_14	COG0662	223734	7.72e-08	29.348	ManC	Mannose-6-phosphate isomerase, cupin superfamily	G	Carbohydrate transport and metabolism
NODE_3690_length_19901_cov_6.737781_16	COG0227	223305	1.03e-20	53.448	RpmB	Ribosomal protein L28	J	Translation, ribosomal structure and biogenesis
NODE_3690_length_19901_cov_6.737781_17	COG0416	223493	2.96e-137	53.067	PlsX	Acyl-ACP:phosphate acyltransferase (fatty acid/phospholipid biosynthesis)	I	Lipid transport and metabolism
NODE_3690_length_19901_cov_6.737781_18	COG0635	223708	9.07e-109	36.053	HemN	Coproporphyrinogen-III oxidase HemN  (oxygen-independent) or related Fe-S oxidoreductase	H	Coenzyme transport and metabolism
NODE_3690_length_19901_cov_6.737781_19	COG4956	227292	2.53e-106	42.077		Uncharacterized conserved protein YacL, contains PIN and TRAM domains	R	General function prediction only
NODE_3690_length_19901_cov_6.737781_20	COG1211	224132	1.2e-60	41.228	IspD	2-C-methyl-D-erythritol 4-phosphate cytidylyltransferase	I	Lipid transport and metabolism
NODE_3690_length_19901_cov_6.737781_21	COG0245	223323	2.76e-83	59.236	IspF	2C-methyl-D-erythritol 2,4-cyclodiphosphate synthase	I	Lipid transport and metabolism
NODE_3690_length_19901_cov_6.737781_22	COG0008	223087	0.000155	22.222	GlnS	Glutamyl- or glutaminyl-tRNA synthetase	J	Translation, ribosomal structure and biogenesis
NODE_3690_length_19901_cov_6.737781_23	COG1045	223975	2.35e-82	56.818	CysE	Serine acetyltransferase	E	Amino acid transport and metabolism
NODE_3807_length_19506_cov_7.878721_1	COG0841	223911	1.75e-136	25.238	AcrB	Multidrug efflux pump subunit AcrB	V	Defense mechanisms
NODE_3807_length_19506_cov_7.878721_3	COG3238	225778	7.77e-27	42.446	ydcZ	Uncharacterized membrane protein YdcZ, DUF606 family	S	Function unknown
NODE_3807_length_19506_cov_7.878721_4	COG0394	223471	1.61e-33	34.532	Wzb	Protein-tyrosine-phosphatase	T	Signal transduction mechanisms
NODE_3807_length_19506_cov_7.878721_5	COG0798	223869	0.004	56.522	ACR3	Arsenite efflux pump ArsB, ACR3 family	P	Inorganic ion transport and metabolism
NODE_3807_length_19506_cov_7.878721_6	COG0673	223745	0.000798	32.143	MviM	Predicted dehydrogenase	R	General function prediction only
NODE_3807_length_19506_cov_7.878721_7	COG3665	226191	7.09e-31	29.016	YcgI	Uncharacterized conserved protein YcgI, DUF1989 family	S	Function unknown
NODE_3807_length_19506_cov_7.878721_8	COG3665	226191	1.98e-66	38.537	YcgI	Uncharacterized conserved protein YcgI, DUF1989 family	S	Function unknown
NODE_3807_length_19506_cov_7.878721_9	COG4770	227111	6.97e-166	50.679	PccA	Acetyl/propionyl-CoA carboxylase, alpha subunit	I	Lipid transport and metabolism
NODE_3807_length_19506_cov_7.878721_10	COG0154	223232	1.97e-84	34.273	GatA	Asp-tRNAAsn/Glu-tRNAGln amidotransferase A subunit or related amidase	J	Translation, ribosomal structure and biogenesis
NODE_3807_length_19506_cov_7.878721_11	COG2132	225043	1.97e-17	26.087	SufI	Multicopper oxidase with three cupredoxin domains (includes cell division protein FtsP and spore coat protein CotA)	D	Cell cycle control, cell division, chromosome partitioning
NODE_3807_length_19506_cov_7.878721_13	COG0715	223787	1.27e-36	30.693	TauA	ABC-type nitrate/sulfonate/bicarbonate transport system, periplasmic component	P	Inorganic ion transport and metabolism
NODE_3807_length_19506_cov_7.878721_14	COG0600	223673	2.36e-63	41.129	TauC	ABC-type nitrate/sulfonate/bicarbonate transport system, permease component	P	Inorganic ion transport and metabolism
NODE_3807_length_19506_cov_7.878721_15	COG1116	224041	1.4e-122	48.606	TauB	ABC-type nitrate/sulfonate/bicarbonate transport system, ATPase component	P	Inorganic ion transport and metabolism
NODE_3821_length_19465_cov_8.170531_1	COG0317	223394	7.32e-08	28.07	SpoT	(p)ppGpp synthase/hydrolase, HD superfamily	T	Signal transduction mechanisms
NODE_3821_length_19465_cov_8.170531_3	COG0566	223640	4.2e-44	32.171	SpoU	tRNA G18 (ribose-2'-O)-methylase SpoU	J	Translation, ribosomal structure and biogenesis
NODE_3821_length_19465_cov_8.170531_4	COG0016	223095	1.11e-145	48.235	PheS	Phenylalanyl-tRNA synthetase alpha subunit	J	Translation, ribosomal structure and biogenesis
NODE_3821_length_19465_cov_8.170531_5	COG0072	223150	3.48e-150	33.684	PheT	Phenylalanyl-tRNA synthetase beta subunit	J	Translation, ribosomal structure and biogenesis
NODE_3821_length_19465_cov_8.170531_7	COG0075	223153	4.06e-124	42.147	PucG	Archaeal aspartate aminotransferase or a related aminotransferase, includes purine catabolism protein PucG	E	Amino acid transport and metabolism
NODE_3821_length_19465_cov_8.170531_8	COG0709	223781	1.74e-90	41.584	SelD	Selenophosphate synthase	E	Amino acid transport and metabolism
NODE_3821_length_19465_cov_8.170531_9	COG5316	227628	6.75e-76	31.308		Uncharacterized protein, contains DUF4139 domain	S	Function unknown
NODE_3821_length_19465_cov_8.170531_10	COG0697	223769	1.61e-22	26.897	RhaT	Permease of the drug/metabolite transporter (DMT) superfamily	G	Carbohydrate transport and metabolism
NODE_3821_length_19465_cov_8.170531_11	COG0466	223542	0.0	51.102	Lon	ATP-dependent Lon protease, bacterial type	O	Posttranslational modification, protein turnover, chaperones
NODE_3821_length_19465_cov_8.170531_12	COG0071	223149	7.77e-21	29.921	IbpA	Small heat shock protein IbpA, HSP20 family	O	Posttranslational modification, protein turnover, chaperones
NODE_3821_length_19465_cov_8.170531_13	COG1305	224224	5.45e-46	31.673	YebA	Transglutaminase-like enzyme, putative cysteine protease	O	Posttranslational modification, protein turnover, chaperones
NODE_3821_length_19465_cov_8.170531_14	COG2307	225189	3.32e-70	33.546	Alpha-E	Uncharacterized conserved protein, Alpha-E superfamily	S	Function unknown
NODE_3821_length_19465_cov_8.170531_15	COG2308	225190	0.0	59.013		Circularly permuted ATP-grasp protein	R	General function prediction only
NODE_3821_length_19465_cov_8.170531_16	COG3918	226432	1.17e-12	35.417		Uncharacterized membrane protein	S	Function unknown
NODE_3821_length_19465_cov_8.170531_17	COG0459	223535	0.0	48.634	GroEL	Chaperonin GroEL (HSP60 family)	O	Posttranslational modification, protein turnover, chaperones
NODE_3821_length_19465_cov_8.170531_18	COG0234	223312	2.06e-20	54.902	GroES	Co-chaperonin GroES (HSP10)	O	Posttranslational modification, protein turnover, chaperones
NODE_3950_length_19027_cov_7.046806_1	COG1198	224119	1.6e-25	34.884	PriA	Primosomal protein N' (replication factor Y) - superfamily II helicase	L	Replication, recombination and repair
NODE_3950_length_19027_cov_7.046806_2	COG3243	225783	2.48e-179	47.427	PhaC	Poly-beta-hydroxybutyrate synthase	I	Lipid transport and metabolism
NODE_3950_length_19027_cov_7.046806_3	COG0268	223346	1.23e-15	49.398	RpsT	Ribosomal protein S20	J	Translation, ribosomal structure and biogenesis
NODE_3950_length_19027_cov_7.046806_5	COG1162	224084	2.46e-75	33.333	RsgA	Ribosome biogenesis GTPase RsgA	J	Translation, ribosomal structure and biogenesis
NODE_3950_length_19027_cov_7.046806_7	COG1624	224539	2.02e-60	44.156	DisA	c-di-AMP synthetase, contains DisA_N domain	T	Signal transduction mechanisms
NODE_3950_length_19027_cov_7.046806_9	COG1109	224034	7.97e-132	45.69	ManB	Phosphomannomutase	G	Carbohydrate transport and metabolism
NODE_3950_length_19027_cov_7.046806_10	COG3975	226483	1.77e-68	25.85		Predicted metalloprotease, contains C-terminal PDZ domain	R	General function prediction only
NODE_3950_length_19027_cov_7.046806_11	COG0791	223862	1.8e-29	33.523	NlpC	Cell wall-associated hydrolase, NlpC_P60 family	M	Cell wall/membrane/envelope biogenesis
NODE_3950_length_19027_cov_7.046806_12	COG1970	224881	2.23e-21	40.984	MscL	Large-conductance mechanosensitive channel	M	Cell wall/membrane/envelope biogenesis
NODE_3950_length_19027_cov_7.046806_13	COG4922	227259	0.00025	29.63		Predicted SnoaL-like aldol condensation-catalyzing enzyme	R	General function prediction only
NODE_3950_length_19027_cov_7.046806_14	COG1366	224285	1.17e-16	31.532	SpoIIAA	Anti-anti-sigma regulatory factor (antagonist of anti-sigma factor)	T	Signal transduction mechanisms
NODE_3950_length_19027_cov_7.046806_16	COG0129	223207	0.0	51.95	IlvD	Dihydroxyacid dehydratase/phosphogluconate dehydratase	E	Amino acid transport and metabolism
NODE_3950_length_19027_cov_7.046806_17	COG0498	223572	4.17e-95	40.31	ThrC	Threonine synthase	E	Amino acid transport and metabolism
NODE_3950_length_19027_cov_7.046806_18	COG0083	223161	4.71e-75	40.614	ThrB	Homoserine kinase	E	Amino acid transport and metabolism
NODE_3950_length_19027_cov_7.046806_19	COG2055	224966	1.97e-106	44.348	AllD	Malate/lactate/ureidoglycolate dehydrogenase, LDH2 family	C	Energy production and conversion
NODE_3956_length_19010_cov_8.092746_1	COG0160	223238	5.87e-153	50.0	ArgD	Acetylornithine aminotransferase/4-aminobutyrate aminotransferase	E	Amino acid transport and metabolism
NODE_3956_length_19010_cov_8.092746_2	COG4992	227325	1.57e-169	46.234	ArgD	Acetylornithine/succinyldiaminopimelate/putrescine aminotransferase	E	Amino acid transport and metabolism
NODE_3956_length_19010_cov_8.092746_3	COG1012	223944	0.0	50.52	AdhE	Acyl-CoA reductase or other NAD-dependent aldehyde dehydrogenase	I	Lipid transport and metabolism
NODE_3956_length_19010_cov_8.092746_4	COG5001	227334	7.89e-90	37.609		Cyclic di-GMP metabolism protein, combines GGDEF and EAL domains with a 6TM membrane domain	T	Signal transduction mechanisms
NODE_3956_length_19010_cov_8.092746_5	COG0782	223853	9.56e-41	49.664	GreA	Transcription elongation factor, GreA/GreB family	K	Transcription
NODE_3956_length_19010_cov_8.092746_6	COG1190	224111	0.0	53.265	LysU	Lysyl-tRNA synthetase (class II)	J	Translation, ribosomal structure and biogenesis
NODE_3956_length_19010_cov_8.092746_7	COG1956	224867	2.11e-57	53.425	MsrC	GAF domain-containing protein, putative methionine-R-sulfoxide reductase	V	Defense mechanisms
NODE_3956_length_19010_cov_8.092746_8	COG1380	224298	5.1e-18	30.909	YohJ	Putative effector of murein hydrolase LrgA, UPF0299 family	R	General function prediction only
NODE_3956_length_19010_cov_8.092746_9	COG1346	224265	8.18e-39	36.842	LrgB	Putative effector of murein hydrolase	M	Cell wall/membrane/envelope biogenesis
NODE_3956_length_19010_cov_8.092746_10	COG4257	226708	4.72e-27	24.497	Vgb	Streptogramin lyase	V	Defense mechanisms
NODE_3956_length_19010_cov_8.092746_11	COG1902	224814	5.26e-133	42.857	FadH	2,4-dienoyl-CoA reductase or related NADH-dependent reductase, Old Yellow Enzyme (OYE) family	C	Energy production and conversion
NODE_3956_length_19010_cov_8.092746_12	COG1116	224041	5.89e-91	45.0	TauB	ABC-type nitrate/sulfonate/bicarbonate transport system, ATPase component	P	Inorganic ion transport and metabolism
NODE_3956_length_19010_cov_8.092746_13	COG0600	223673	6.22e-65	44.177	TauC	ABC-type nitrate/sulfonate/bicarbonate transport system, permease component	P	Inorganic ion transport and metabolism
NODE_3956_length_19010_cov_8.092746_14	COG0715	223787	2.41e-38	31.579	TauA	ABC-type nitrate/sulfonate/bicarbonate transport system, periplasmic component	P	Inorganic ion transport and metabolism
NODE_3956_length_19010_cov_8.092746_16	COG0101	223179	2e-79	42.466	TruA	tRNA U38,U39,U40 pseudouridine synthase TruA	J	Translation, ribosomal structure and biogenesis
NODE_3956_length_19010_cov_8.092746_17	COG3887	226404	0.004	21.739	GdpP	Cyclic di-AMP phosphodiesterase GdpP, contains GGDEF-like and DHH domains	T	Signal transduction mechanisms
NODE_3956_length_19010_cov_8.092746_18	COG0664	223736	1.12e-28	27.225	Crp	cAMP-binding domain of CRP or a regulatory subunit of cAMP-dependent protein kinases	T	Signal transduction mechanisms
NODE_3956_length_19010_cov_8.092746_19	COG0102	223180	9.08e-62	52.817	RplM	Ribosomal protein L13	J	Translation, ribosomal structure and biogenesis
NODE_3956_length_19010_cov_8.092746_20	COG0103	223181	5.32e-22	57.692	RpsI	Ribosomal protein S9	J	Translation, ribosomal structure and biogenesis
NODE_3974_length_18962_cov_7.118792_2	COG1309	224228	4.23e-07	20.398	AcrR	DNA-binding protein, AcrR family, includes nucleoid occlusion protein SlmA	K	Transcription
NODE_3974_length_18962_cov_7.118792_3	COG0667	223739	1.74e-70	29.268	PdxI	Pyridoxal reductase PdxI or related oxidoreductase, aldo/keto reductase family	H	Coenzyme transport and metabolism
NODE_3974_length_18962_cov_7.118792_4	COG2169	225080	2.6e-54	46.448	AdaA	Methylphosphotriester-DNA--protein-cysteine methyltransferase (N-terminal fragment of Ada), contains Zn-binding and two AraC-type DNA-binding domains	L	Replication, recombination and repair
NODE_3974_length_18962_cov_7.118792_6	COG2258	225167	7.65e-55	38.164	YiiM	N-hydroxylaminopurine reductase YiiM, contains MOSC domain	F	Nucleotide transport and metabolism
NODE_3974_length_18962_cov_7.118792_8	COG1309	224228	6.69e-10	25.301	AcrR	DNA-binding protein, AcrR family, includes nucleoid occlusion protein SlmA	K	Transcription
NODE_3974_length_18962_cov_7.118792_10	COG1600	224516	1.14e-17	28.571	QueG	Epoxyqueuosine reductase QueG (queuosine biosynthesis)	J	Translation, ribosomal structure and biogenesis
NODE_3974_length_18962_cov_7.118792_11	COG2197	225107	5.39e-36	41.732	CitB	DNA-binding response regulator, NarL/FixJ family, contains REC and HTH domains	T	Signal transduction mechanisms
NODE_3974_length_18962_cov_7.118792_12	COG2197	225107	6.28e-19	39.394	CitB	DNA-binding response regulator, NarL/FixJ family, contains REC and HTH domains	T	Signal transduction mechanisms
NODE_3974_length_18962_cov_7.118792_13	COG4585	226951	5.87e-33	31.667	ComP	Signal transduction histidine kinase ComP	T	Signal transduction mechanisms
NODE_3974_length_18962_cov_7.118792_14	COG3476	226007	2.6e-08	25.862	TspO	Tryptophan-rich sensory protein TspO/CrtK (mitochondrial benzodiazepine receptor homolog)	T	Signal transduction mechanisms
NODE_3974_length_18962_cov_7.118792_16	COG1249	224169	6.7e-91	35.116	Lpd	Dihydrolipoamide dehydrogenase (E3) component of pyruvate/2-oxoglutarate dehydrogenase complex or glutathione oxidoreductase	C	Energy production and conversion
NODE_3974_length_18962_cov_7.118792_17	COG3000	225546	6.53e-24	30.0	ERG3	Sterol desaturase/sphingolipid hydroxylase, fatty acid hydroxylase superfamily	I	Lipid transport and metabolism
NODE_3974_length_18962_cov_7.118792_19	COG4858	227195	0.001	34.091		Uncharacterized membrane-anchored protein	S	Function unknown
NODE_3974_length_18962_cov_7.118792_21	COG1566	224482	1.97e-22	26.829	EmrA	Multidrug resistance efflux pump EmrA	V	Defense mechanisms
NODE_3974_length_18962_cov_7.118792_22	COG1538	224455	3.47e-13	27.393	TolC	Outer membrane protein TolC	M	Cell wall/membrane/envelope biogenesis
NODE_3974_length_18962_cov_7.118792_23	COG0841	223911	1.23e-62	43.005	AcrB	Multidrug efflux pump subunit AcrB	V	Defense mechanisms
NODE_4025_length_18761_cov_7.798567_1	COG0145	223223	1.53e-08	55.556	HyuA	N-methylhydantoinase A/oxoprolinase/acetone carboxylase, beta subunit	E	Amino acid transport and metabolism
NODE_4025_length_18761_cov_7.798567_2	COG3975	226483	3.33e-05	27.273		Predicted metalloprotease, contains C-terminal PDZ domain	R	General function prediction only
NODE_4025_length_18761_cov_7.798567_3	COG3525	226056	2.7e-13	20.045	Chb	N-acetyl-beta-hexosaminidase	G	Carbohydrate transport and metabolism
NODE_4025_length_18761_cov_7.798567_4	COG0591	223664	6.28e-44	23.183	PutP	Na+/proline symporter	E	Amino acid transport and metabolism
NODE_4025_length_18761_cov_7.798567_6	COG0846	223915	4.4e-85	46.122	SIR2	NAD-dependent protein deacetylase, SIR2 family	O	Posttranslational modification, protein turnover, chaperones
NODE_4025_length_18761_cov_7.798567_8	COG1595	224511	1.2e-34	32.955	RpoE	DNA-directed RNA polymerase specialized sigma subunit, sigma24 family	K	Transcription
NODE_4025_length_18761_cov_7.798567_10	COG3393	225928	1.07e-17	25.0		Predicted acetyltransferase, GNAT family	R	General function prediction only
NODE_4025_length_18761_cov_7.798567_11	COG3340	225877	5.2e-47	20.188	PepE	Peptidase E	E	Amino acid transport and metabolism
NODE_4025_length_18761_cov_7.798567_12	COG0413	223490	2.48e-106	49.805	PanB	Ketopantoate hydroxymethyltransferase	H	Coenzyme transport and metabolism
NODE_4025_length_18761_cov_7.798567_13	COG0467	223543	3.69e-37	33.08	RAD55	RecA-superfamily ATPase, KaiC/GvpD/RAD55 family	T	Signal transduction mechanisms
NODE_4025_length_18761_cov_7.798567_14	COG2208	225118	2.65e-36	30.705	RsbU	Phosphoserine phosphatase RsbU, regulator of sigma subunit	T	Signal transduction mechanisms
NODE_4025_length_18761_cov_7.798567_15	COG2172	225083	5.51e-09	26.087	RsbW	Anti-sigma regulatory factor (Ser/Thr protein kinase)	T	Signal transduction mechanisms
NODE_4025_length_18761_cov_7.798567_16	COG1893	224805	1.18e-63	36.977	PanE	Ketopantoate reductase	H	Coenzyme transport and metabolism
NODE_4025_length_18761_cov_7.798567_17	COG3505	226036	4.9e-08	17.183	VirD4	Type IV secretory pathway, VirD4 component, TraG/TraD family ATPase	U	Intracellular trafficking, secretion, and vesicular transport
NODE_4025_length_18761_cov_7.798567_18	COG5285	227609	8.13e-17	26.0	PhyH	Ectoine hydroxylase-related dioxygenase, phytanoyl-CoA dioxygenase (PhyH) family	Q	Secondary metabolites biosynthesis, transport and catabolism
NODE_4108_length_18528_cov_6.649813_1	COG2909	225461	2.58e-08	23.864	MalT	ATP-, maltotriose- and DNA-dependent transcriptional regulator MalT	K	Transcription
NODE_4108_length_18528_cov_6.649813_2	COG4974	227308	7.73e-98	43.478	XerD	Site-specific recombinase XerD	L	Replication, recombination and repair
NODE_4108_length_18528_cov_6.649813_3	COG0715	223787	3.29e-67	30.882	TauA	ABC-type nitrate/sulfonate/bicarbonate transport system, periplasmic component	P	Inorganic ion transport and metabolism
NODE_4108_length_18528_cov_6.649813_4	COG0600	223673	1.54e-59	38.996	TauC	ABC-type nitrate/sulfonate/bicarbonate transport system, permease component	P	Inorganic ion transport and metabolism
NODE_4108_length_18528_cov_6.649813_5	COG1116	224041	1.17e-107	48.828	TauB	ABC-type nitrate/sulfonate/bicarbonate transport system, ATPase component	P	Inorganic ion transport and metabolism
NODE_4108_length_18528_cov_6.649813_6	COG1513	224430	3.22e-41	41.379	CynS	Cyanate lyase	P	Inorganic ion transport and metabolism
NODE_4108_length_18528_cov_6.649813_7	COG4782	227121	4.93e-27	25.46		Esterase/lipase superfamily enzyme	R	General function prediction only
NODE_4108_length_18528_cov_6.649813_8	COG1032	223963	1.1e-42	20.629	YgiQ	Radical SAM superfamily enzyme YgiQ, UPF0313 family	R	General function prediction only
NODE_4108_length_18528_cov_6.649813_9	COG1562	224478	1.23e-27	23.183	ERG9	Phytoene/squalene synthetase	I	Lipid transport and metabolism
NODE_4108_length_18528_cov_6.649813_10	COG0841	223911	0.0	28.162	AcrB	Multidrug efflux pump subunit AcrB	V	Defense mechanisms
NODE_4108_length_18528_cov_6.649813_11	COG0451	223528	4e-43	29.08	WcaG	Nucleoside-diphosphate-sugar epimerase	M	Cell wall/membrane/envelope biogenesis
NODE_4108_length_18528_cov_6.649813_12	COG0535	223609	1.73e-29	30.032	SkfB	Radical SAM superfamily maturase, SkfB/NifB/PqqE family	D	Cell cycle control, cell division, chromosome partitioning
NODE_4108_length_18528_cov_6.649813_14	COG3558	226088	1e-51	63.866		Uncharacterized conserved protein, nuclear transport factor 2 (NTF2) superfamily	S	Function unknown
NODE_4108_length_18528_cov_6.649813_15	COG0463	223539	2.45e-14	21.399	WcaA	Glycosyltransferase involved in cell wall bisynthesis	M	Cell wall/membrane/envelope biogenesis
NODE_4108_length_18528_cov_6.649813_16	COG1611	224527	1.29e-41	36.702	PpnN	Nucleotide monophosphate nucleosidase PpnN/YdgH, Lonely Guy (LOG) family	F	Nucleotide transport and metabolism
NODE_4108_length_18528_cov_6.649813_17	COG1893	224805	2.44e-51	34.812	PanE	Ketopantoate reductase	H	Coenzyme transport and metabolism
NODE_4108_length_18528_cov_6.649813_18	COG0705	223777	1.15e-29	33.058	GlpG	Membrane-associated serine protease, rhomboid family	O	Posttranslational modification, protein turnover, chaperones
NODE_4425_length_17600_cov_9.978113_2	COG0673	223745	8.13e-48	26.462	MviM	Predicted dehydrogenase	R	General function prediction only
NODE_4425_length_17600_cov_9.978113_3	COG3384	225919	9e-05	25.949	LigB	Aromatic ring-opening dioxygenase, catalytic subunit, LigB family	Q	Secondary metabolites biosynthesis, transport and catabolism
NODE_4425_length_17600_cov_9.978113_5	COG3618	226145	3.51e-50	27.5		Predicted metal-dependent hydrolase, TIM-barrel fold	R	General function prediction only
NODE_4425_length_17600_cov_9.978113_6	COG2159	225070	8.2e-26	29.96	LigW	5-carboxyvanillate decarboxylase LigW (lignin degradation), amidohydro domain	G	Carbohydrate transport and metabolism
NODE_4425_length_17600_cov_9.978113_7	COG2828	225384	3.33e-141	46.966	PrpF	2-Methylaconitate cis-trans-isomerase PrpF (2-methyl citrate pathway)	C	Energy production and conversion
NODE_4425_length_17600_cov_9.978113_8	COG0684	223756	1.54e-40	39.604	RraA	RNA degradosome component RraA (regulator of RNase E activity)	J	Translation, ribosomal structure and biogenesis
NODE_4425_length_17600_cov_9.978113_9	COG1802	224715	1.07e-37	35.0	GntR	DNA-binding transcriptional regulator, GntR family	K	Transcription
NODE_4425_length_17600_cov_9.978113_10	COG0683	223755	6.88e-41	23.822	LivK	ABC-type branched-chain amino acid transport system, periplasmic component	E	Amino acid transport and metabolism
NODE_4425_length_17600_cov_9.978113_11	COG0411	223488	6.45e-84	38.4	LivG	ABC-type branched-chain amino acid transport system, ATPase component LivG	E	Amino acid transport and metabolism
NODE_4425_length_17600_cov_9.978113_12	COG0410	223487	2.09e-88	45.148	LivF	ABC-type branched-chain amino acid transport system, ATPase component LivF	E	Amino acid transport and metabolism
NODE_4425_length_17600_cov_9.978113_13	COG0559	223633	5.52e-49	34.812	LivH	Branched-chain amino acid ABC-type transport system, permease component	E	Amino acid transport and metabolism
NODE_4425_length_17600_cov_9.978113_14	COG4177	226645	1.16e-44	31.27	LivM	ABC-type branched-chain amino acid transport system, permease component	E	Amino acid transport and metabolism
NODE_4425_length_17600_cov_9.978113_15	COG1062	223990	1.29e-143	40.217	FrmA	Zn-dependent alcohol/formaldehyde dehydrogenase	C	Energy production and conversion
NODE_4425_length_17600_cov_9.978113_16	COG4313	226763	5.47e-69	35.816	SphA	Sphingosine uptake channel SphA-related outer membrane channel	M	Cell wall/membrane/envelope biogenesis
NODE_4425_length_17600_cov_9.978113_17	COG1846	224759	1.51e-11	29.6	MarR	DNA-binding transcriptional regulator, MarR family	K	Transcription
NODE_4425_length_17600_cov_9.978113_18	COG0654	223727	4.24e-73	26.633	UbiH	2-polyprenyl-6-methoxyphenol hydroxylase and related FAD-dependent oxidoreductases	H	Coenzyme transport and metabolism
NODE_4425_length_17600_cov_9.978113_19	COG1012	223944	9.76e-144	40.86	AdhE	Acyl-CoA reductase or other NAD-dependent aldehyde dehydrogenase	I	Lipid transport and metabolism
NODE_4486_length_17439_cov_7.519328_1	COG2265	225174	1.99e-116	37.089	TrmA	tRNA/tmRNA/rRNA uracil-C5-methylase, TrmA/RlmC/RlmD family	J	Translation, ribosomal structure and biogenesis
NODE_4486_length_17439_cov_7.519328_2	COG0721	223793	3.09e-27	39.362	GatC	Asp-tRNAAsn/Glu-tRNAGln amidotransferase C subunit	J	Translation, ribosomal structure and biogenesis
NODE_4486_length_17439_cov_7.519328_3	COG0154	223232	3.93e-163	49.29	GatA	Asp-tRNAAsn/Glu-tRNAGln amidotransferase A subunit or related amidase	J	Translation, ribosomal structure and biogenesis
NODE_4486_length_17439_cov_7.519328_4	COG0064	223142	0.0	51.76	GatB	Asp-tRNAAsn/Glu-tRNAGln amidotransferase B subunit	J	Translation, ribosomal structure and biogenesis
NODE_4486_length_17439_cov_7.519328_5	COG1670	224584	1.21e-15	22.807	RimL	Protein N-acetyltransferase, RimJ/RimL family	J	Translation, ribosomal structure and biogenesis
NODE_4486_length_17439_cov_7.519328_6	COG1193	224114	7.01e-158	34.689	MutS2	dsDNA-specific endonuclease/ATPase MutS2	L	Replication, recombination and repair
NODE_4486_length_17439_cov_7.519328_7	COG0162	223240	4.25e-127	36.029	TyrS	Tyrosyl-tRNA synthetase	J	Translation, ribosomal structure and biogenesis
NODE_4486_length_17439_cov_7.519328_9	COG1281	224200	1.01e-92	37.586	HslO	Redox-regulated molecular chaperone, HSP33 family	O	Posttranslational modification, protein turnover, chaperones
NODE_4486_length_17439_cov_7.519328_10	COG0757	223828	4.7e-70	56.115	AroQ	3-dehydroquinate dehydratase	E	Amino acid transport and metabolism
NODE_4486_length_17439_cov_7.519328_11	COG0776	223847	1.1e-35	54.839	HimA	Bacterial nucleoid DNA-binding protein IHF-alpha	L	Replication, recombination and repair
NODE_4486_length_17439_cov_7.519328_13	COG0525	223599	0.0	46.578	ValS	Valyl-tRNA synthetase	J	Translation, ribosomal structure and biogenesis
NODE_4486_length_17439_cov_7.519328_14	COG2065	224976	1.28e-57	46.328	PyrR	Pyrimidine operon attenuation protein PyrR/uracil phosphoribosyltransferase	F	Nucleotide transport and metabolism
NODE_4486_length_17439_cov_7.519328_15	COG0540	223614	7.35e-119	46.302	PyrB	Aspartate carbamoyltransferase, catalytic subunit	F	Nucleotide transport and metabolism
NODE_4510_length_17369_cov_8.416715_2	COG0489	223563	6.5e-59	42.784	Mrp	Fe-S cluster carrier ATPase, Mrp/ApbC/NBP35 family	D	Cell cycle control, cell division, chromosome partitioning
NODE_4510_length_17369_cov_8.416715_4	COG1562	224478	2.62e-75	43.59	ERG9	Phytoene/squalene synthetase	I	Lipid transport and metabolism
NODE_4510_length_17369_cov_8.416715_10	COG0664	223736	9.85e-33	29.379	Crp	cAMP-binding domain of CRP or a regulatory subunit of cAMP-dependent protein kinases	T	Signal transduction mechanisms
NODE_4510_length_17369_cov_8.416715_13	COG1063	223991	2.71e-19	24.773	Tdh	Threonine dehydrogenase or related Zn-dependent dehydrogenase	E	Amino acid transport and metabolism
NODE_4510_length_17369_cov_8.416715_14	COG1348	224267	1.3e-62	37.546	NifH/CfbC	Nitrogenase ATPase subunit NifH/coenzyme F430 biosynthesis subunit CfbC	H	Coenzyme transport and metabolism
NODE_4510_length_17369_cov_8.416715_15	COG2710	225335	1.2e-16	19.149	NifD/CfbD	Nitrogenase Mo-Fe protein NifD/coenzyme F430 biosynthesis subunit CfbD	H	Coenzyme transport and metabolism
NODE_4510_length_17369_cov_8.416715_16	COG2710	225335	2.95e-15	20.181	NifD/CfbD	Nitrogenase Mo-Fe protein NifD/coenzyme F430 biosynthesis subunit CfbD	H	Coenzyme transport and metabolism
NODE_4510_length_17369_cov_8.416715_17	COG0758	223829	7.74e-29	33.613	Smf	Predicted Rossmann fold nucleotide-binding protein DprA/Smf involved in DNA uptake	L	Replication, recombination and repair
NODE_4510_length_17369_cov_8.416715_18	COG3829	226350	5.38e-05	32.5	RocR	RocR-type transcriptional regulator, contains PAS, AAA-type ATPase, and DNA-binding Fis domains	K	Transcription
NODE_4510_length_17369_cov_8.416715_19	COG0001	223080	1.2e-160	45.199	HemL	Glutamate-1-semialdehyde aminotransferase	H	Coenzyme transport and metabolism
NODE_4510_length_17369_cov_8.416715_20	COG2154	225065	1.42e-20	45.0	PhhB	Pterin-4a-carbinolamine dehydratase	H	Coenzyme transport and metabolism
NODE_4510_length_17369_cov_8.416715_21	COG2234	225143	1.48e-15	20.225	Iap	Zn-dependent amino- or carboxypeptidase, M28 family	O	Posttranslational modification, protein turnover, chaperones
NODE_4564_length_17210_cov_7.823200_2	COG0745	223816	3.8e-07	28.0	OmpR	DNA-binding response regulator, OmpR family, contains REC and winged-helix (wHTH) domain	T	Signal transduction mechanisms
NODE_4564_length_17210_cov_7.823200_6	COG0104	223182	0.0	49.282	PurA	Adenylosuccinate synthase	F	Nucleotide transport and metabolism
NODE_4564_length_17210_cov_7.823200_7	COG3538	226068	1.38e-162	47.794		Meiotically up-regulated gene 157 (Mug157) protein (function unknown)	S	Function unknown
NODE_4564_length_17210_cov_7.823200_8	COG2137	225048	4.86e-07	27.273	RecX	SOS response regulatory protein OraA/RecX, interacts with RecA	O	Posttranslational modification, protein turnover, chaperones
NODE_4564_length_17210_cov_7.823200_9	COG0468	223544	2.48e-122	61.702	RecA	RecA/RadA recombinase	L	Replication, recombination and repair
NODE_4564_length_17210_cov_7.823200_10	COG0552	223626	4.8e-123	46.945	FtsY	Signal recognition particle GTPase FtsY	U	Intracellular trafficking, secretion, and vesicular transport
NODE_4564_length_17210_cov_7.823200_11	COG3145	225687	2.29e-25	29.834	AlkB	Alkylated DNA repair dioxygenase AlkB	L	Replication, recombination and repair
NODE_4564_length_17210_cov_7.823200_12	COG1191	224112	1.47e-55	40.175	FliA	DNA-directed RNA polymerase specialized sigma subunit	K	Transcription
NODE_4564_length_17210_cov_7.823200_13	COG0601	223674	6.79e-110	45.428	DppB	ABC-type dipeptide/oligopeptide/nickel transport system, permease component	E	Amino acid transport and metabolism
NODE_4564_length_17210_cov_7.823200_14	COG0644	223717	4.33e-47	26.4	FixC	Dehydrogenase (flavoprotein)	C	Energy production and conversion
NODE_4564_length_17210_cov_7.823200_15	COG3808	226330	0.0	57.525	OVP1	Na+ or H+-translocating membrane pyrophosphatase	C	Energy production and conversion
NODE_4564_length_17210_cov_7.823200_16	COG4783	227122	4.37e-36	32.243	BepA	Outer membrane protein chaperone/metalloprotease BepA/YfgC, contains M48 and TPR domains	M	Cell wall/membrane/envelope biogenesis
NODE_4564_length_17210_cov_7.823200_17	COG0222	223300	6.29e-29	61.29	RplL	Ribosomal protein L7/L12	J	Translation, ribosomal structure and biogenesis
NODE_4564_length_17210_cov_7.823200_18	COG0244	223322	6.47e-41	37.5	RplJ	Ribosomal protein L10	J	Translation, ribosomal structure and biogenesis
NODE_4564_length_17210_cov_7.823200_19	COG2200	225110	1.95e-54	34.31	EAL	EAL domain, c-di-GMP-specific phosphodiesterase class I (or its enzymatically inactive variant)	T	Signal transduction mechanisms
NODE_4564_length_17210_cov_7.823200_20	COG0081	223159	1.76e-63	54.362	RplA	Ribosomal protein L1	J	Translation, ribosomal structure and biogenesis
NODE_4602_length_17090_cov_7.448606_1	COG0697	223769	0.000869	25.263	RhaT	Permease of the drug/metabolite transporter (DMT) superfamily	G	Carbohydrate transport and metabolism
NODE_4602_length_17090_cov_7.448606_2	COG0693	223765	5.9e-40	40.0	YajL	Protein/nucleotide deglycase, PfpI/YajL/DJ-1 family (repair of methylglyoxal-glycated proteins and nucleic acids)	V	Defense mechanisms
NODE_4602_length_17090_cov_7.448606_4	COG4799	227136	0.0	44.32	MmdA	Acetyl-CoA carboxylase, carboxyltransferase component	I	Lipid transport and metabolism
NODE_4602_length_17090_cov_7.448606_5	COG5267	227592	4.05e-64	27.409		Uncharacterized conserved protein, DUF1800 family	S	Function unknown
NODE_4602_length_17090_cov_7.448606_6	COG4102	226587	4.67e-52	27.952		Uncharacterized conserved protein, DUF1501 family	S	Function unknown
NODE_4602_length_17090_cov_7.448606_7	COG2030	224941	2.27e-31	37.778	MaoC	Acyl-CoA dehydratase PaaZ	I	Lipid transport and metabolism
NODE_4602_length_17090_cov_7.448606_8	COG1695	224609	5.8e-21	32.632	PadR	DNA-binding transcriptional regulator, PadR family	K	Transcription
NODE_4602_length_17090_cov_7.448606_10	COG1028	223959	9.4e-77	40.239	FabG	NAD(P)-dependent dehydrogenase, short-chain alcohol dehydrogenase family	I	Lipid transport and metabolism
NODE_4602_length_17090_cov_7.448606_11	COG1235	224156	2.64e-18	22.344	PhnP	Phosphoribosyl 1,2-cyclic phosphate phosphodiesterase	P	Inorganic ion transport and metabolism
NODE_4602_length_17090_cov_7.448606_12	COG0456	223532	3.46e-09	24.812	RimI	Ribosomal protein S18 acetylase RimI and related acetyltransferases	J	Translation, ribosomal structure and biogenesis
NODE_4602_length_17090_cov_7.448606_14	COG0642	223715	3.38e-64	31.871	BaeS	Signal transduction histidine kinase	T	Signal transduction mechanisms
NODE_4602_length_17090_cov_7.448606_15	COG0745	223816	4.84e-81	51.327	OmpR	DNA-binding response regulator, OmpR family, contains REC and winged-helix (wHTH) domain	T	Signal transduction mechanisms
NODE_4602_length_17090_cov_7.448606_17	COG1595	224511	2.37e-42	38.764	RpoE	DNA-directed RNA polymerase specialized sigma subunit, sigma24 family	K	Transcription
NODE_4602_length_17090_cov_7.448606_20	COG0543	223617	9.74e-44	32.342	Mcr1	NAD(P)H-flavin reductase	H	Coenzyme transport and metabolism
NODE_4602_length_17090_cov_7.448606_21	COG0167	223245	3.92e-85	39.103	PyrD	Dihydroorotate dehydrogenase	F	Nucleotide transport and metabolism
NODE_4602_length_17090_cov_7.448606_22	COG0284	223361	7.37e-30	40.994	PyrF	Orotidine-5'-phosphate decarboxylase	F	Nucleotide transport and metabolism
NODE_4744_length_16661_cov_7.142900_1	COG2227	225137	2.67e-07	27.619	UbiG	2-polyprenyl-3-methyl-5-hydroxy-6-metoxy-1,4-benzoquinol methylase	H	Coenzyme transport and metabolism
NODE_4744_length_16661_cov_7.142900_2	COG2124	225035	1.04e-75	31.377	CypX	Cytochrome P450	Q	Secondary metabolites biosynthesis, transport and catabolism
NODE_4744_length_16661_cov_7.142900_5	COG0613	223686	3.57e-38	32.031	YciV	5'-3' exoribonuclease TrpH/YciV (RNase AM), contains PHP domain	F	Nucleotide transport and metabolism
NODE_4744_length_16661_cov_7.142900_8	COG1629	224544	1.57e-20	15.867	CirA	Outer membrane receptor protein, Fe transport	P	Inorganic ion transport and metabolism
NODE_4744_length_16661_cov_7.142900_9	COG1914	224826	6.93e-58	29.017	MntH	Mn2+ or Fe2+ transporter, NRAMP family	P	Inorganic ion transport and metabolism
NODE_4744_length_16661_cov_7.142900_10	COG1595	224511	4.68e-46	41.566	RpoE	DNA-directed RNA polymerase specialized sigma subunit, sigma24 family	K	Transcription
NODE_4744_length_16661_cov_7.142900_11	COG5660	227947	1.13e-05	25.0	YlaD	Anti-sigma-YlaC factor YlaD, contains Zn-finger domain	T	Signal transduction mechanisms
NODE_4744_length_16661_cov_7.142900_12	COG3026	225570	7.55e-10	22.764	RseB	RseB, negative regulator of sigma E activity	T	Signal transduction mechanisms
NODE_4744_length_16661_cov_7.142900_13	COG0526	223600	3.67e-09	26.168	TrxA	Thiol-disulfide isomerase or thioredoxin	O	Posttranslational modification, protein turnover, chaperones
NODE_4744_length_16661_cov_7.142900_14	COG2259	225168	4.65e-06	25.0	DoxX	Uncharacterized membrane protein YphA, DoxX/SURF4 family	S	Function unknown
NODE_4744_length_16661_cov_7.142900_15	COG0123	223201	1.69e-66	34.985	AcuC	Acetoin utilization deacetylase AcuC or a related deacetylase	Q	Secondary metabolites biosynthesis, transport and catabolism
NODE_4744_length_16661_cov_7.142900_16	COG0457	223533	4.94e-09	23.377	TPR	Tetratricopeptide (TPR) repeat	R	General function prediction only
NODE_4744_length_16661_cov_7.142900_17	COG2025	224936	3.62e-89	42.633	FixB	Electron transfer flavoprotein, alpha subunit FixB	C	Energy production and conversion
NODE_4744_length_16661_cov_7.142900_18	COG2086	224997	7.3e-86	43.346	FixA	Electron transfer flavoprotein, alpha and beta subunits	C	Energy production and conversion
NODE_4744_length_16661_cov_7.142900_19	COG0248	223326	0.001	37.037	GppA	Exopolyphosphatase/pppGpp-phosphohydrolase	F	Nucleotide transport and metabolism
NODE_4845_length_16373_cov_6.516607_1	COG3376	225911	1.18e-12	39.806	HoxN	High-affinity nickel/cobalt permease	P	Inorganic ion transport and metabolism
NODE_4845_length_16373_cov_6.516607_2	COG2215	225125	4.77e-17	24.82	RcnA	ABC-type nickel/cobalt efflux system, permease component RcnA	P	Inorganic ion transport and metabolism
NODE_4845_length_16373_cov_6.516607_3	COG0300	223377	8.92e-55	34.348	YqjQ	Short-chain dehydrogenase	R	General function prediction only
NODE_4845_length_16373_cov_6.516607_4	COG0041	223119	9.65e-65	69.63	PurE	Phosphoribosylcarboxyaminoimidazole (NCAIR) mutase	F	Nucleotide transport and metabolism
NODE_4845_length_16373_cov_6.516607_5	COG0026	223105	2.28e-153	49.438	PurK	Phosphoribosylaminoimidazole carboxylase (NCAIR synthetase)	F	Nucleotide transport and metabolism
NODE_4845_length_16373_cov_6.516607_6	COG3682	226207	2.34e-19	26.496	CopY	Transcriptional regulator, CopY/TcrY family	K	Transcription
NODE_4845_length_16373_cov_6.516607_7	COG4219	226672	2.84e-18	26.486	MecR1	Signal transducer regulating beta-lactamase production, contains metallopeptidase domain	T	Signal transduction mechanisms
NODE_4845_length_16373_cov_6.516607_8	COG0438	223515	1.22e-35	24.603	RfaB	Glycosyltransferase involved in cell wall bisynthesis	M	Cell wall/membrane/envelope biogenesis
NODE_4845_length_16373_cov_6.516607_9	COG1228	224149	2.77e-53	30.28	HutI	Imidazolonepropionase or related amidohydrolase	Q	Secondary metabolites biosynthesis, transport and catabolism
NODE_4845_length_16373_cov_6.516607_10	COG2226	225136	2.79e-10	26.415	UbiE	Ubiquinone/menaquinone biosynthesis C-methylase UbiE/MenG	H	Coenzyme transport and metabolism
NODE_4845_length_16373_cov_6.516607_11	COG0520	223594	9.05e-70	30.024	CsdA	Selenocysteine lyase/Cysteine desulfurase	E	Amino acid transport and metabolism
NODE_4845_length_16373_cov_6.516607_12	COG0119	223197	2.22e-64	28.094	LeuA	Isopropylmalate/homocitrate/citramalate synthases	E	Amino acid transport and metabolism
NODE_4845_length_16373_cov_6.516607_13	COG1075	224001	4.78e-06	22.674	EstA	Triacylglycerol esterase/lipase EstA, alpha/beta hydrolase fold	I	Lipid transport and metabolism
NODE_4845_length_16373_cov_6.516607_14	COG4770	227111	0.0	45.872	PccA	Acetyl/propionyl-CoA carboxylase, alpha subunit	I	Lipid transport and metabolism
NODE_4845_length_16373_cov_6.516607_15	COG1024	223955	2.94e-56	37.295	CaiD	Enoyl-CoA hydratase/carnithine racemase	I	Lipid transport and metabolism
NODE_4900_length_16251_cov_7.865461_2	COG0272	223350	0.0	51.868	Lig	NAD-dependent DNA ligase	L	Replication, recombination and repair
NODE_4900_length_16251_cov_7.865461_3	COG0626	223699	4.76e-174	52.185	MetC	Cystathionine beta-lyase/cystathionine gamma-synthase	E	Amino acid transport and metabolism
NODE_4900_length_16251_cov_7.865461_5	COG0063	223141	8e-52	37.647	Nnr2	NAD(P)H-hydrate repair enzyme Nnr, NAD(P)H-hydrate dehydratase domain	F	Nucleotide transport and metabolism
NODE_4900_length_16251_cov_7.865461_6	COG0736	223807	1.78e-32	39.844	AcpS	Phosphopantetheinyl transferase (holo-ACP synthase)	I	Lipid transport and metabolism
NODE_4900_length_16251_cov_7.865461_7	COG1913	224825	4.93e-37	36.723		Predicted Zn-dependent protease	R	General function prediction only
NODE_4900_length_16251_cov_7.865461_8	COG0340	223417	1.53e-38	31.897	BirA2	Biotin-(acetyl-CoA carboxylase) ligase	H	Coenzyme transport and metabolism
NODE_4900_length_16251_cov_7.865461_9	COG0105	223183	5.2e-76	58.519	Ndk	Nucleoside diphosphate kinase	F	Nucleotide transport and metabolism
NODE_4900_length_16251_cov_7.865461_11	COG0148	223226	0.0	65.012	Eno	Enolase	G	Carbohydrate transport and metabolism
NODE_4900_length_16251_cov_7.865461_12	COG0778	223849	2.62e-15	25.728	NfnB	Nitroreductase	C	Energy production and conversion
NODE_4900_length_16251_cov_7.865461_13	COG2226	225136	4.41e-22	34.104	UbiE	Ubiquinone/menaquinone biosynthesis C-methylase UbiE/MenG	H	Coenzyme transport and metabolism
NODE_4900_length_16251_cov_7.865461_15	COG0158	223236	4.12e-160	50.751	Fbp	Fructose-1,6-bisphosphatase	G	Carbohydrate transport and metabolism
NODE_4900_length_16251_cov_7.865461_16	COG3954	226463	1.46e-164	58.966	PrkB	Phosphoribulokinase	G	Carbohydrate transport and metabolism
NODE_4970_length_16082_cov_7.900231_2	COG1005	223937	2.05e-121	51.077	NuoH	NADH:ubiquinone oxidoreductase subunit 1 (chain H)	C	Energy production and conversion
NODE_4970_length_16082_cov_7.900231_3	COG1143	224066	7.31e-49	42.5	NuoI	Formate hydrogenlyase subunit 6/NADH:ubiquinone oxidoreductase 23 kD subunit (chain I)	C	Energy production and conversion
NODE_4970_length_16082_cov_7.900231_4	COG0839	223909	6.51e-20	32.749	NuoJ	NADH:ubiquinone oxidoreductase subunit 6 (chain J)	C	Energy production and conversion
NODE_4970_length_16082_cov_7.900231_5	COG0713	223785	5.6e-24	52.577	NuoK	NADH:ubiquinone oxidoreductase subunit 11 or 4L (chain K)	C	Energy production and conversion
NODE_4970_length_16082_cov_7.900231_6	COG1009	223941	5.64e-152	39.69	NuoL	Membrane H+-translocase/NADH:ubiquinone oxidoreductase subunit 5 (chain L)/Multisubunit Na+/H+ antiporter, MnhA subunit	C	Energy production and conversion
NODE_4970_length_16082_cov_7.900231_7	COG1008	223940	4.22e-98	34.801	NuoM	NADH:ubiquinone oxidoreductase subunit 4 (chain M)	C	Energy production and conversion
NODE_4970_length_16082_cov_7.900231_8	COG1007	223939	8.3e-95	41.595	NuoN	NADH:ubiquinone oxidoreductase subunit 2 (chain N)	C	Energy production and conversion
NODE_4970_length_16082_cov_7.900231_9	COG3509	226040	3.08e-41	29.412	LpqC	Acetyl xylan esterase AxeA and related esterases, LpqC family	G	Carbohydrate transport and metabolism
NODE_4970_length_16082_cov_7.900231_12	COG3271	225810	1.16e-32	38.0	C39G	Predicted double-glycine leader peptidase, C39-like (CLD) domain	U	Intracellular trafficking, secretion, and vesicular transport
NODE_4970_length_16082_cov_7.900231_15	COG2771	225360	5.05e-11	46.552	CsgD	DNA-binding transcriptional regulator, CsgD family	K	Transcription
NODE_4970_length_16082_cov_7.900231_16	COG0502	223576	2.43e-111	40.938	BioB	Biotin synthase or related enzyme	H	Coenzyme transport and metabolism
NODE_4970_length_16082_cov_7.900231_17	COG0132	223210	1.41e-42	37.245	BioD	Dethiobiotin synthetase	H	Coenzyme transport and metabolism
NODE_4970_length_16082_cov_7.900231_18	COG0156	223234	2.56e-19	39.759	BioF	7-keto-8-aminopelargonate synthetase or related enzyme	H	Coenzyme transport and metabolism
NODE_5055_length_15890_cov_7.957689_1	COG2303	225186	2.5e-20	55.556	BetA	Choline dehydrogenase or related flavoprotein	I	Lipid transport and metabolism
NODE_5055_length_15890_cov_7.957689_2	COG3577	226106	0.004	25.61		Predicted aspartyl protease	R	General function prediction only
NODE_5055_length_15890_cov_7.957689_3	COG0451	223528	2.12e-32	26.459	WcaG	Nucleoside-diphosphate-sugar epimerase	M	Cell wall/membrane/envelope biogenesis
NODE_5055_length_15890_cov_7.957689_4	COG3046	225588	0.0	45.545		Uncharacterized conserved protein related to deoxyribodipyrimidine photolyase	R	General function prediction only
NODE_5055_length_15890_cov_7.957689_5	COG4586	226952	1.72e-116	40.557		ABC-type uncharacterized transport system, ATPase component	R	General function prediction only
NODE_5055_length_15890_cov_7.957689_6	COG4587	226953	2.18e-28	23.755		ABC-type uncharacterized transport system, permease component	R	General function prediction only
NODE_5055_length_15890_cov_7.957689_7	COG1249	224169	2.17e-118	35.762	Lpd	Dihydrolipoamide dehydrogenase (E3) component of pyruvate/2-oxoglutarate dehydrogenase complex or glutathione oxidoreductase	C	Energy production and conversion
NODE_5055_length_15890_cov_7.957689_8	COG1741	224655	7.33e-53	36.585	YhaK	Redox-sensitive bicupin YhaK, pirin superfamily	R	General function prediction only
NODE_5055_length_15890_cov_7.957689_9	COG0122	223200	1.19e-39	33.891	AlkA	3-methyladenine DNA glycosylase/8-oxoguanine DNA glycosylase	L	Replication, recombination and repair
NODE_5055_length_15890_cov_7.957689_10	COG3694	226218	1.14e-35	27.376		ABC-type uncharacterized transport system, permease component	R	General function prediction only
NODE_5055_length_15890_cov_7.957689_12	COG2197	225107	1.01e-16	34.568	CitB	DNA-binding response regulator, NarL/FixJ family, contains REC and HTH domains	T	Signal transduction mechanisms
NODE_5130_length_15741_cov_8.615135_2	COG0215	223293	0.0	43.452	CysS	Cysteinyl-tRNA synthetase	J	Translation, ribosomal structure and biogenesis
NODE_5130_length_15741_cov_8.615135_3	COG0566	223640	2.75e-73	38.403	SpoU	tRNA G18 (ribose-2'-O)-methylase SpoU	J	Translation, ribosomal structure and biogenesis
NODE_5130_length_15741_cov_8.615135_4	COG0683	223755	1.01e-40	32.884	LivK	ABC-type branched-chain amino acid transport system, periplasmic component	E	Amino acid transport and metabolism
NODE_5130_length_15741_cov_8.615135_5	COG1595	224511	1.09e-20	20.918	RpoE	DNA-directed RNA polymerase specialized sigma subunit, sigma24 family	K	Transcription
NODE_5130_length_15741_cov_8.615135_6	COG3631	226158	5.82e-06	21.552	YesE	Ketosteroid isomerase-related protein	R	General function prediction only
NODE_5130_length_15741_cov_8.615135_8	COG2085	224996	8.64e-40	33.01		Predicted dinucleotide-binding enzyme	R	General function prediction only
NODE_5130_length_15741_cov_8.615135_9	COG2207	225117	1.05e-24	35.135	AraC	AraC-type DNA-binding domain and AraC-containing proteins	K	Transcription
NODE_5130_length_15741_cov_8.615135_12	COG3093	225635	6.89e-15	30.12	VapI	Plasmid maintenance system antidote protein VapI, contains XRE-type HTH domain	V	Defense mechanisms
NODE_5130_length_15741_cov_8.615135_13	COG2225	225135	1.06e-73	30.818	AceB	Malate synthase	C	Energy production and conversion
NODE_5130_length_15741_cov_8.615135_15	COG0267	223345	3.23e-13	56.25	RpmG	Ribosomal protein L33	J	Translation, ribosomal structure and biogenesis
NODE_5130_length_15741_cov_8.615135_16	COG0690	223762	4.13e-13	34.0	SecE	Preprotein translocase subunit SecE	U	Intracellular trafficking, secretion, and vesicular transport
NODE_5130_length_15741_cov_8.615135_17	COG0250	223328	2.24e-67	51.977	NusG	Transcription termination/antitermination protein NusG	K	Transcription
NODE_5130_length_15741_cov_8.615135_19	COG0080	223158	5.88e-76	63.043	RplK	Ribosomal protein L11	J	Translation, ribosomal structure and biogenesis
NODE_5130_length_15741_cov_8.615135_20	COG0081	223159	3.4e-31	55.844	RplA	Ribosomal protein L1	J	Translation, ribosomal structure and biogenesis
NODE_5177_length_15620_cov_7.127658_1	COG0596	223669	8e-19	27.823	MenH	2-succinyl-6-hydroxy-2,4-cyclohexadiene-1-carboxylate synthase MenH and related esterases, alpha/beta hydrolase fold	H	Coenzyme transport and metabolism
NODE_5177_length_15620_cov_7.127658_4	COG0556	223630	0.0	63.198	UvrB	Excinuclease UvrABC helicase subunit UvrB	L	Replication, recombination and repair
NODE_5177_length_15620_cov_7.127658_5	COG0642	223715	1.32e-47	30.53	BaeS	Signal transduction histidine kinase	T	Signal transduction mechanisms
NODE_5177_length_15620_cov_7.127658_6	COG0745	223816	3.34e-75	40.175	OmpR	DNA-binding response regulator, OmpR family, contains REC and winged-helix (wHTH) domain	T	Signal transduction mechanisms
NODE_5177_length_15620_cov_7.127658_7	COG0462	223538	9.16e-146	54.313	PrsA	Phosphoribosylpyrophosphate synthetase	F	Nucleotide transport and metabolism
NODE_5177_length_15620_cov_7.127658_8	COG1825	224738	1.04e-24	37.234	RplY	Ribosomal protein L25 (general stress protein Ctc)	J	Translation, ribosomal structure and biogenesis
NODE_5177_length_15620_cov_7.127658_9	COG0193	223271	7.43e-75	47.027	Pth	Peptidyl-tRNA hydrolase	J	Translation, ribosomal structure and biogenesis
NODE_5177_length_15620_cov_7.127658_10	COG0548	223622	2.35e-14	25.468	ArgB	N-acetylglutamate kinase	E	Amino acid transport and metabolism
NODE_5177_length_15620_cov_7.127658_12	COG0501	223575	7.37e-11	20.667	HtpX	Zn-dependent protease with chaperone function	O	Posttranslational modification, protein turnover, chaperones
NODE_5177_length_15620_cov_7.127658_13	COG1225	224146	4.73e-25	35.185	Bcp	Peroxiredoxin	O	Posttranslational modification, protein turnover, chaperones
NODE_5177_length_15620_cov_7.127658_14	COG1225	224146	4.05e-15	51.111	Bcp	Peroxiredoxin	O	Posttranslational modification, protein turnover, chaperones
NODE_5177_length_15620_cov_7.127658_17	COG1351	224270	6.17e-44	33.784	ThyX	Thymidylate synthase ThyX, FAD-dependent family	F	Nucleotide transport and metabolism
NODE_5290_length_15362_cov_7.616842_2	COG1559	224475	1.58e-99	38.462	MltG	Endolytic transglycosylase MltG, terminates peptidoglycan polymerization	M	Cell wall/membrane/envelope biogenesis
NODE_5290_length_15362_cov_7.616842_3	COG0816	223886	4.88e-48	44.203	YqgF	YqgF/RuvX protein, pre-16S rRNA maturation RNase/Holliday junction resolvase/anti-termination factor	J	Translation, ribosomal structure and biogenesis
NODE_5290_length_15362_cov_7.616842_4	COG1381	224299	1.54e-35	32.937	RecO	Recombinational DNA repair protein RecO (RecF pathway)	L	Replication, recombination and repair
NODE_5290_length_15362_cov_7.616842_6	COG0295	223372	2.11e-42	48.8	Cdd	Cytidine deaminase	F	Nucleotide transport and metabolism
NODE_5290_length_15362_cov_7.616842_7	COG1253	224173	2.2e-111	38.221	TlyC	Hemolysin-related protein, contains CBS domains, UPF0053 family	R	General function prediction only
NODE_5290_length_15362_cov_7.616842_8	COG0818	223888	3.68e-29	38.532	DgkA	Diacylglycerol kinase	I	Lipid transport and metabolism
NODE_5290_length_15362_cov_7.616842_9	COG0319	223396	1.5e-44	40.58	YbeY	ssRNA-specific RNase YbeY, 16S rRNA maturation enzyme	J	Translation, ribosomal structure and biogenesis
NODE_5290_length_15362_cov_7.616842_10	COG1702	411689	1.95e-136	58.935	PhoH	Phosphate starvation-inducible protein PhoH, predicted ATPase	T	Signal transduction mechanisms
NODE_5290_length_15362_cov_7.616842_12	COG4864	227201	6.37e-144	60.443	YqfA	Uncharacterized conserved protein YqfA, UPF0365 family	S	Function unknown
NODE_5290_length_15362_cov_7.616842_13	COG1030	223961	6.14e-54	29.978	NfeD	Membrane-bound serine protease NfeD, ClpP class	O	Posttranslational modification, protein turnover, chaperones
NODE_5290_length_15362_cov_7.616842_14	COG1610	224526	4.15e-33	44.595	YqeY	Uncharacterized conserved protein YqeY, may have tRNA amino acid amidase activity	R	General function prediction only
NODE_5290_length_15362_cov_7.616842_15	COG0828	223898	8.51e-10	45.238	RpsU	Ribosomal protein S21	J	Translation, ribosomal structure and biogenesis
NODE_5290_length_15362_cov_7.616842_17	COG0537	223611	1.51e-37	41.739	HinT	Purine nucleoside phosphoramidase/Ap4A hydrolase, histidine triade (HIT) family	F	Nucleotide transport and metabolism
NODE_5290_length_15362_cov_7.616842_18	COG0747	223818	5.29e-104	32.314	DdpA	ABC-type transport system, periplasmic component	E	Amino acid transport and metabolism
NODE_5290_length_15362_cov_7.616842_20	COG0438	223515	0.004	33.333	RfaB	Glycosyltransferase involved in cell wall bisynthesis	M	Cell wall/membrane/envelope biogenesis
NODE_5394_length_15147_cov_7.620196_1	COG2802	225362	2.77e-32	31.651	LON/PUA	Uncharacterized conserved protein, LON_N-like domain, ASCH/PUA-like superfamily	S	Function unknown
NODE_5394_length_15147_cov_7.620196_3	COG4122	226607	7.68e-47	39.32	TrmR	tRNA 5-hydroxyU34 O-methylase TrmR/YrrM	J	Translation, ribosomal structure and biogenesis
NODE_5394_length_15147_cov_7.620196_4	COG1853	224766	3.38e-41	40.132	RutF	FMN reductase RutF, DIM6/NTAB family	C	Energy production and conversion
NODE_5394_length_15147_cov_7.620196_5	COG0491	223565	1.21e-32	34.375	GloB	Glyoxylase or a related metal-dependent hydrolase, beta-lactamase superfamily II	R	General function prediction only
NODE_5394_length_15147_cov_7.620196_6	COG0652	223725	2.82e-40	33.918	PpiB	Peptidyl-prolyl cis-trans isomerase (rotamase) - cyclophilin family	O	Posttranslational modification, protein turnover, chaperones
NODE_5394_length_15147_cov_7.620196_7	COG0822	223892	2.44e-13	31.967	IscU	Fe-S cluster assembly scaffold protein IscU, NifU family	O	Posttranslational modification, protein turnover, chaperones
NODE_5394_length_15147_cov_7.620196_8	COG2345	225222	2.1e-22	28.351		Predicted transcriptional regulator, ArsR family	K	Transcription
NODE_5394_length_15147_cov_7.620196_9	COG0396	223473	2.32e-122	54.0	SufC	Fe-S cluster assembly ATPase SufC	O	Posttranslational modification, protein turnover, chaperones
NODE_5394_length_15147_cov_7.620196_10	COG0719	223791	5.57e-72	30.704	SufB	Fe-S cluster assembly scaffold protein SufB	O	Posttranslational modification, protein turnover, chaperones
NODE_5394_length_15147_cov_7.620196_11	COG0520	223594	1.75e-176	52.826	CsdA	Selenocysteine lyase/Cysteine desulfurase	E	Amino acid transport and metabolism
NODE_5394_length_15147_cov_7.620196_12	COG0822	223892	4.33e-33	36.765	IscU	Fe-S cluster assembly scaffold protein IscU, NifU family	O	Posttranslational modification, protein turnover, chaperones
NODE_5394_length_15147_cov_7.620196_14	COG0456	223532	6.85e-05	23.776	RimI	Ribosomal protein S18 acetylase RimI and related acetyltransferases	J	Translation, ribosomal structure and biogenesis
NODE_5394_length_15147_cov_7.620196_16	COG0683	223755	2.39e-61	27.378	LivK	ABC-type branched-chain amino acid transport system, periplasmic component	E	Amino acid transport and metabolism
NODE_5394_length_15147_cov_7.620196_17	COG0559	223633	1.02e-52	37.548	LivH	Branched-chain amino acid ABC-type transport system, permease component	E	Amino acid transport and metabolism
NODE_5394_length_15147_cov_7.620196_18	COG4177	226645	7.35e-58	33.731	LivM	ABC-type branched-chain amino acid transport system, permease component	E	Amino acid transport and metabolism
NODE_5394_length_15147_cov_7.620196_19	COG0411	223488	1.67e-99	44.4	LivG	ABC-type branched-chain amino acid transport system, ATPase component LivG	E	Amino acid transport and metabolism
NODE_5394_length_15147_cov_7.620196_20	COG0410	223487	2.36e-108	51.915	LivF	ABC-type branched-chain amino acid transport system, ATPase component LivF	E	Amino acid transport and metabolism
NODE_5486_length_14932_cov_7.838475_1	COG0388	223465	2.08e-20	31.013	Nit2	Omega-amidase YafV/Nit2, hydrolyzes alpha-ketoglutaramate	C	Energy production and conversion
NODE_5486_length_14932_cov_7.838475_4	COG1233	224154	9.87e-40	24.949		Phytoene dehydrogenase-related protein	Q	Secondary metabolites biosynthesis, transport and catabolism
NODE_5486_length_14932_cov_7.838475_5	COG5496	227783	8.43e-27	29.365		Predicted thioesterase	R	General function prediction only
NODE_5486_length_14932_cov_7.838475_6	COG1566	224482	7.62e-30	24.224	EmrA	Multidrug resistance efflux pump EmrA	V	Defense mechanisms
NODE_5486_length_14932_cov_7.838475_7	COG1538	224455	5.67e-36	28.889	TolC	Outer membrane protein TolC	M	Cell wall/membrane/envelope biogenesis
NODE_5486_length_14932_cov_7.838475_9	COG0747	223818	1.92e-70	24.301	DdpA	ABC-type transport system, periplasmic component	E	Amino acid transport and metabolism
NODE_5486_length_14932_cov_7.838475_10	COG0747	223818	2.44e-81	27.156	DdpA	ABC-type transport system, periplasmic component	E	Amino acid transport and metabolism
NODE_5486_length_14932_cov_7.838475_11	COG0747	223818	3.63e-92	26.25	DdpA	ABC-type transport system, periplasmic component	E	Amino acid transport and metabolism
NODE_5486_length_14932_cov_7.838475_12	COG2010	224921	1.61e-06	26.496	CccA	Cytochrome c, mono- and diheme variants	C	Energy production and conversion
NODE_5501_length_14901_cov_8.017580_5	COG4126	226611	0.005	26.364	Dcg1	Asp/Glu/hydantoin racemase	E	Amino acid transport and metabolism
NODE_5501_length_14901_cov_8.017580_6	COG1914	224826	2.11e-56	28.467	MntH	Mn2+ or Fe2+ transporter, NRAMP family	P	Inorganic ion transport and metabolism
NODE_5501_length_14901_cov_8.017580_7	COG2239	225148	1.03e-66	45.064	MgtE	Mg/Co/Ni transporter MgtE (contains CBS domain)	P	Inorganic ion transport and metabolism
NODE_5501_length_14901_cov_8.017580_9	COG0483	223559	2.21e-79	46.429	SuhB	Archaeal fructose-1,6-bisphosphatase or related enzyme, inositol monophosphatase family	G	Carbohydrate transport and metabolism
NODE_5501_length_14901_cov_8.017580_10	COG1247	224168	1.72e-39	34.356	MnaT	L-amino acid N-acyltransferase MnaT	E	Amino acid transport and metabolism
NODE_5501_length_14901_cov_8.017580_13	COG0520	223594	3.02e-65	26.933	CsdA	Selenocysteine lyase/Cysteine desulfurase	E	Amino acid transport and metabolism
NODE_5501_length_14901_cov_8.017580_14	COG1494	224411	3.58e-136	48.466	GlpX	Fructose-1,6-bisphosphatase/sedoheptulose 1,7-bisphosphatase or related protein	G	Carbohydrate transport and metabolism
NODE_5501_length_14901_cov_8.017580_15	COG3588	226116	1.18e-132	46.176	Fba1	Fructose-bisphosphate aldolase class 1	G	Carbohydrate transport and metabolism
NODE_5501_length_14901_cov_8.017580_17	COG1573	224489	2.27e-05	26.866	Udg4	Uracil-DNA glycosylase	L	Replication, recombination and repair
NODE_5501_length_14901_cov_8.017580_20	COG0446	223523	4.72e-09	22.523	FadH2	NADPH-dependent 2,4-dienoyl-CoA reductase, sulfur reductase, or a related oxidoreductase	I	Lipid transport and metabolism
NODE_5857_length_14115_cov_6.645519_1	COG0726	223798	2.86e-17	38.71	CDA1	Peptidoglycan/xylan/chitin deacetylase, PgdA/NodB/CDA1 family	G	Carbohydrate transport and metabolism
NODE_5857_length_14115_cov_6.645519_2	COG1232	224153	6.68e-53	21.578	HemY	Protoporphyrinogen oxidase HemY/PPOX	H	Coenzyme transport and metabolism
NODE_5857_length_14115_cov_6.645519_3	COG2197	225107	1.12e-55	36.364	CitB	DNA-binding response regulator, NarL/FixJ family, contains REC and HTH domains	T	Signal transduction mechanisms
NODE_5857_length_14115_cov_6.645519_4	COG1596	224512	1.65e-17	37.864	Wza	Periplasmic protein Wza involved in polysaccharide export, contains SLBB domain of the beta-grasp fold	M	Cell wall/membrane/envelope biogenesis
NODE_5857_length_14115_cov_6.645519_5	COG0489	223563	4.24e-40	30.093	Mrp	Fe-S cluster carrier ATPase, Mrp/ApbC/NBP35 family	D	Cell cycle control, cell division, chromosome partitioning
NODE_5857_length_14115_cov_6.645519_6	COG2197	225107	8.46e-42	36.923	CitB	DNA-binding response regulator, NarL/FixJ family, contains REC and HTH domains	T	Signal transduction mechanisms
NODE_5857_length_14115_cov_6.645519_7	COG2197	225107	3.42e-07	25.664	CitB	DNA-binding response regulator, NarL/FixJ family, contains REC and HTH domains	T	Signal transduction mechanisms
NODE_5857_length_14115_cov_6.645519_8	COG0463	223539	1.3e-21	21.162	WcaA	Glycosyltransferase involved in cell wall bisynthesis	M	Cell wall/membrane/envelope biogenesis
NODE_5857_length_14115_cov_6.645519_12	COG0741	223812	2.5e-05	26.761	MltE	Soluble lytic murein transglycosylase or regulatory protein s ( may contain LysM/invasin domain)	M	Cell wall/membrane/envelope biogenesis
NODE_5857_length_14115_cov_6.645519_13	COG1399	224317	9.09e-16	32.222	YceD	23S rRNA accumulation protein YceD (essential in plants, uncharacterized in bacteria)	J	Translation, ribosomal structure and biogenesis
NODE_5857_length_14115_cov_6.645519_14	COG0333	223410	6e-16	44.828	RpmF	Ribosomal protein L32	J	Translation, ribosomal structure and biogenesis
NODE_5857_length_14115_cov_6.645519_15	COG0332	223409	5.81e-152	52.615	FabH	3-oxoacyl-[acyl-carrier-protein] synthase III	I	Lipid transport and metabolism
NODE_5857_length_14115_cov_6.645519_16	COG0331	223408	3.34e-98	46.154	FabD	Malonyl CoA-acyl carrier protein transacylase	I	Lipid transport and metabolism
NODE_5867_length_14099_cov_6.825619_2	COG5516	227803	4.47e-16	28.495		Uncharacterized conserved protein containing a Zn-ribbon-like motif, possibly RNA-binding	R	General function prediction only
NODE_5867_length_14099_cov_6.825619_3	COG2085	224996	5.68e-35	35.028		Predicted dinucleotide-binding enzyme	R	General function prediction only
NODE_5867_length_14099_cov_6.825619_4	COG1733	224647	5.27e-23	37.895	HxlR	DNA-binding transcriptional regulator, HxlR family	K	Transcription
NODE_5867_length_14099_cov_6.825619_6	COG0451	223528	4.68e-32	28.105	WcaG	Nucleoside-diphosphate-sugar epimerase	M	Cell wall/membrane/envelope biogenesis
NODE_5867_length_14099_cov_6.825619_7	COG1741	224655	9.81e-57	36.395	YhaK	Redox-sensitive bicupin YhaK, pirin superfamily	R	General function prediction only
NODE_5867_length_14099_cov_6.825619_8	COG1680	224594	5.63e-46	28.0	AmpC	CubicO group peptidase, beta-lactamase class C family	V	Defense mechanisms
NODE_5867_length_14099_cov_6.825619_9	COG1215	224136	5.77e-05	19.403	BcsA	Glycosyltransferase, catalytic subunit of cellulose synthase and poly-beta-1,6-N-acetylglucosamine synthase	N	Cell motility
NODE_5867_length_14099_cov_6.825619_10	COG0859	223928	9.11e-36	28.358	RfaF	ADP-heptose:LPS heptosyltransferase	M	Cell wall/membrane/envelope biogenesis
NODE_5867_length_14099_cov_6.825619_11	COG0438	223515	4.22e-59	29.31	RfaB	Glycosyltransferase involved in cell wall bisynthesis	M	Cell wall/membrane/envelope biogenesis
NODE_5867_length_14099_cov_6.825619_12	COG0438	223515	6.79e-11	27.193	RfaB	Glycosyltransferase involved in cell wall bisynthesis	M	Cell wall/membrane/envelope biogenesis
NODE_5867_length_14099_cov_6.825619_13	COG0859	223928	1.07e-28	27.907	RfaF	ADP-heptose:LPS heptosyltransferase	M	Cell wall/membrane/envelope biogenesis
NODE_5867_length_14099_cov_6.825619_14	COG0241	223319	1.16e-31	35.664	HisB1/GmhB	Histidinol phosphatase/D-glycero-mannoheptose bisphosphatephosphatase, HAD superfamily	E	Amino acid transport and metabolism
NODE_5867_length_14099_cov_6.825619_15	COG2208	225118	6.22e-33	27.273	RsbU	Phosphoserine phosphatase RsbU, regulator of sigma subunit	T	Signal transduction mechanisms
NODE_5984_length_13867_cov_7.229076_1	COG0438	223515	1.64e-21	29.612	RfaB	Glycosyltransferase involved in cell wall bisynthesis	M	Cell wall/membrane/envelope biogenesis
NODE_5984_length_13867_cov_7.229076_2	COG0463	223539	1.29e-12	22.269	WcaA	Glycosyltransferase involved in cell wall bisynthesis	M	Cell wall/membrane/envelope biogenesis
NODE_5984_length_13867_cov_7.229076_3	COG0504	223578	0.0	61.236	PyrG	CTP synthase (UTP-ammonia lyase)	F	Nucleotide transport and metabolism
NODE_5984_length_13867_cov_7.229076_4	COG2890	225443	4.33e-75	41.935	HemK	Methylase of polypeptide chain release factors	J	Translation, ribosomal structure and biogenesis
NODE_5984_length_13867_cov_7.229076_6	COG0216	223294	3.78e-173	52.975	PrfA	Protein chain release factor RF1	J	Translation, ribosomal structure and biogenesis
NODE_5984_length_13867_cov_7.229076_7	COG0254	223332	1.13e-28	53.03	RpmE	Ribosomal protein L31	J	Translation, ribosomal structure and biogenesis
NODE_5984_length_13867_cov_7.229076_9	COG2873	225428	0.0	59.62	MET17	O-acetylhomoserine/O-acetylserine sulfhydrylase, pyridoxal phosphate-dependent	E	Amino acid transport and metabolism
NODE_5984_length_13867_cov_7.229076_10	COG0318	223395	0.000654	18.841	MenE/FadK	O-succinylbenzoic acid-CoA ligase MenE or related acyl-CoA synthetase (AMP-forming)	I	Lipid transport and metabolism
NODE_5984_length_13867_cov_7.229076_13	COG3889	226406	0.000368	19.463		Extracellular solute-binding protein, contains Ig-fold domain	R	General function prediction only
NODE_6330_length_13281_cov_8.116286_1	COG2032	224943	2.19e-43	41.379	SodC	Cu/Zn superoxide dismutase	P	Inorganic ion transport and metabolism
NODE_6330_length_13281_cov_8.116286_2	COG0365	223442	0.0	41.472	Acs	Acyl-coenzyme A synthetase/AMP-(fatty) acid ligase	I	Lipid transport and metabolism
NODE_6330_length_13281_cov_8.116286_5	COG0834	223904	5.55e-46	38.403	HisJ	ABC-type amino acid transport/signal transduction system, periplasmic component/domain	E	Amino acid transport and metabolism
NODE_6330_length_13281_cov_8.116286_6	COG0765	223836	3.79e-48	44.944	HisM	ABC-type amino acid transport system, permease component	E	Amino acid transport and metabolism
NODE_6330_length_13281_cov_8.116286_7	COG0765	223836	1.51e-44	40.191	HisM	ABC-type amino acid transport system, permease component	E	Amino acid transport and metabolism
NODE_6330_length_13281_cov_8.116286_8	COG1126	224051	5.37e-156	66.116	GlnQ	ABC-type polar amino acid transport system, ATPase component	E	Amino acid transport and metabolism
NODE_6330_length_13281_cov_8.116286_10	COG3538	226068	2.25e-151	44.665		Meiotically up-regulated gene 157 (Mug157) protein (function unknown)	S	Function unknown
NODE_6330_length_13281_cov_8.116286_12	COG1595	224511	3.01e-35	32.609	RpoE	DNA-directed RNA polymerase specialized sigma subunit, sigma24 family	K	Transcription
NODE_6330_length_13281_cov_8.116286_13	COG0350	223427	1.97e-39	30.303	AdaB	DNA repair enzyme Ada (O6-methylguanine-DNA--protein-cysteine methyltransferase)	L	Replication, recombination and repair
NODE_6330_length_13281_cov_8.116286_14	COG1387	224305	1.96e-08	21.094	HIS2	Histidinol phosphatase or related hydrolase of the PHP family	E	Amino acid transport and metabolism
NODE_6548_length_12935_cov_8.147671_1	COG2103	225014	4.29e-88	58.079	MurQ	N-acetylmuramic acid 6-phosphate (MurNAc-6-P) etherase	M	Cell wall/membrane/envelope biogenesis
NODE_6548_length_12935_cov_8.147671_2	COG1038	223968	0.0	60.995	PycA	Pyruvate carboxylase	C	Energy production and conversion
NODE_6548_length_12935_cov_8.147671_4	COG2200	225110	3.73e-97	45.2	EAL	EAL domain, c-di-GMP-specific phosphodiesterase class I (or its enzymatically inactive variant)	T	Signal transduction mechanisms
NODE_6548_length_12935_cov_8.147671_5	COG0346	223423	4.86e-15	25.532	GloA	Catechol 2,3-dioxygenase or related enzyme, vicinal oxygen chelate (VOC) family	Q	Secondary metabolites biosynthesis, transport and catabolism
NODE_6548_length_12935_cov_8.147671_6	COG1884	224796	0.0	59.231	Sbm	Methylmalonyl-CoA mutase, N-terminal domain/subunit	I	Lipid transport and metabolism
NODE_6548_length_12935_cov_8.147671_8	COG4770	227111	0.0	42.236	PccA	Acetyl/propionyl-CoA carboxylase, alpha subunit	I	Lipid transport and metabolism
NODE_6619_length_12833_cov_8.154876_1	COG2030	224941	8.35e-35	40.411	MaoC	Acyl-CoA dehydratase PaaZ	I	Lipid transport and metabolism
NODE_6619_length_12833_cov_8.154876_2	COG1250	224170	5.88e-105	44.014	FadB	3-hydroxyacyl-CoA dehydrogenase	I	Lipid transport and metabolism
NODE_6619_length_12833_cov_8.154876_3	COG0183	223261	1.2e-104	41.951	PaaJ	Acetyl-CoA acetyltransferase	I	Lipid transport and metabolism
NODE_6619_length_12833_cov_8.154876_5	COG4670	227016	0.0	55.218	YdiF	Acyl CoA:acetate/3-ketoacid CoA transferase	I	Lipid transport and metabolism
NODE_6619_length_12833_cov_8.154876_6	COG2610	225330	1.1e-87	21.272	GntT	H+/gluconate symporter GntT or related permease, GntP/DsdX family	G	Carbohydrate transport and metabolism
NODE_6619_length_12833_cov_8.154876_12	COG3376	225911	3.15e-08	29.365	HoxN	High-affinity nickel/cobalt permease	P	Inorganic ion transport and metabolism
NODE_6633_length_12802_cov_6.972386_1	COG0642	223715	6.87e-59	43.363	BaeS	Signal transduction histidine kinase	T	Signal transduction mechanisms
NODE_6633_length_12802_cov_6.972386_2	COG1835	224748	1.59e-25	24.257	OafA	Peptidoglycan/LPS O-acetylase OafA/YrhL, contains acyltransferase and SGNH-hydrolase domains	M	Cell wall/membrane/envelope biogenesis
NODE_6633_length_12802_cov_6.972386_3	COG0226	223304	2.78e-53	28.125	PstS	ABC-type phosphate transport system, periplasmic component	P	Inorganic ion transport and metabolism
NODE_6633_length_12802_cov_6.972386_4	COG0573	223646	6.52e-84	43.771	PstC	ABC-type phosphate transport system, permease component	P	Inorganic ion transport and metabolism
NODE_6633_length_12802_cov_6.972386_5	COG0581	223654	3.25e-69	39.384	PstA	ABC-type phosphate transport system, permease component	P	Inorganic ion transport and metabolism
NODE_6633_length_12802_cov_6.972386_6	COG1117	224042	3.78e-177	67.194	PstB	ABC-type phosphate transport system, ATPase component	P	Inorganic ion transport and metabolism
NODE_6633_length_12802_cov_6.972386_7	COG1670	224584	1.49e-15	26.111	RimL	Protein N-acetyltransferase, RimJ/RimL family	J	Translation, ribosomal structure and biogenesis
NODE_6633_length_12802_cov_6.972386_9	COG0331	223408	1.6e-66	35.088	FabD	Malonyl CoA-acyl carrier protein transacylase	I	Lipid transport and metabolism
NODE_6633_length_12802_cov_6.972386_10	COG1767	224681	5.35e-30	32.296	CitG	Triphosphoribosyl-dephospho-CoA synthetase	H	Coenzyme transport and metabolism
NODE_6633_length_12802_cov_6.972386_13	COG0777	223848	2.89e-36	31.383	AccD	Acetyl-CoA carboxylase beta subunit	I	Lipid transport and metabolism
NODE_6688_length_12723_cov_6.925245_2	COG1506	224423	2.93e-95	30.923	DAP2	Dipeptidyl aminopeptidase/acylaminoacyl peptidase	E	Amino acid transport and metabolism
NODE_6688_length_12723_cov_6.925245_3	COG0860	223929	1.32e-38	36.073	AmiC	N-acetylmuramoyl-L-alanine amidase	M	Cell wall/membrane/envelope biogenesis
NODE_6688_length_12723_cov_6.925245_4	COG2367	225242	1.68e-29	28.736	PenP	Beta-lactamase class A	V	Defense mechanisms
NODE_6688_length_12723_cov_6.925245_5	COG1801	224714	2.05e-50	34.586	YecE	Sugar isomerase-related protein YecE, UPF0759/DUF72 family	R	General function prediction only
NODE_6688_length_12723_cov_6.925245_6	COG0652	223725	1.29e-50	47.143	PpiB	Peptidyl-prolyl cis-trans isomerase (rotamase) - cyclophilin family	O	Posttranslational modification, protein turnover, chaperones
NODE_6688_length_12723_cov_6.925245_7	COG2172	225083	2.2e-15	26.351	RsbW	Anti-sigma regulatory factor (Ser/Thr protein kinase)	T	Signal transduction mechanisms
NODE_6688_length_12723_cov_6.925245_8	COG2710	225335	4.21e-17	23.238	NifD/CfbD	Nitrogenase Mo-Fe protein NifD/coenzyme F430 biosynthesis subunit CfbD	H	Coenzyme transport and metabolism
NODE_6688_length_12723_cov_6.925245_9	COG2710	225335	2.41e-19	19.059	NifD/CfbD	Nitrogenase Mo-Fe protein NifD/coenzyme F430 biosynthesis subunit CfbD	H	Coenzyme transport and metabolism
NODE_6688_length_12723_cov_6.925245_10	COG0382	223459	2.1e-16	26.908	UbiA	4-hydroxybenzoate polyprenyltransferase	H	Coenzyme transport and metabolism
NODE_6688_length_12723_cov_6.925245_11	COG0644	223717	9.28e-55	30.025	FixC	Dehydrogenase (flavoprotein)	C	Energy production and conversion
NODE_6688_length_12723_cov_6.925245_12	COG0115	223193	4.01e-77	36.082	IlvE	Branched-chain amino acid aminotransferase/4-amino-4-deoxychorismate lyase	E	Amino acid transport and metabolism
NODE_6852_length_12493_cov_7.674063_2	COG0623	223696	5.68e-116	56.202	FabI	Enoyl-[acyl-carrier-protein] reductase FabI	I	Lipid transport and metabolism
NODE_6852_length_12493_cov_7.674063_3	COG4799	227136	0.0	60.769	MmdA	Acetyl-CoA carboxylase, carboxyltransferase component	I	Lipid transport and metabolism
NODE_6852_length_12493_cov_7.674063_4	COG2151	225062	1.56e-33	42.718	PaaD	Metal-sulfur cluster biosynthetic enzyme	O	Posttranslational modification, protein turnover, chaperones
NODE_6852_length_12493_cov_7.674063_5	COG3548	226078	0.000577	19.577		Uncharacterized membrane protein	S	Function unknown
NODE_6852_length_12493_cov_7.674063_6	COG0410	223487	1.81e-105	52.743	LivF	ABC-type branched-chain amino acid transport system, ATPase component LivF	E	Amino acid transport and metabolism
NODE_6852_length_12493_cov_7.674063_7	COG0411	223488	3.16e-21	40.845	LivG	ABC-type branched-chain amino acid transport system, ATPase component LivG	E	Amino acid transport and metabolism
NODE_6852_length_12493_cov_7.674063_8	COG0411	223488	2.73e-67	45.181	LivG	ABC-type branched-chain amino acid transport system, ATPase component LivG	E	Amino acid transport and metabolism
NODE_6852_length_12493_cov_7.674063_9	COG4177	226645	1.14e-59	30.795	LivM	ABC-type branched-chain amino acid transport system, permease component	E	Amino acid transport and metabolism
NODE_6852_length_12493_cov_7.674063_10	COG0559	223633	5.99e-55	35.64	LivH	Branched-chain amino acid ABC-type transport system, permease component	E	Amino acid transport and metabolism
NODE_6852_length_12493_cov_7.674063_14	COG0542	223616	0.0	54.691	ClpA	ATP-dependent Clp protease, ATP-binding subunit ClpA	O	Posttranslational modification, protein turnover, chaperones
NODE_6852_length_12493_cov_7.674063_15	COG4715	227059	0.000414	31.395	SWIM	Uncharacterized protein, contains SWIM-type Zn finger domain	S	Function unknown
NODE_6885_length_12448_cov_7.587751_1	COG0803	223874	2.1e-17	27.778	ZnuA	ABC-type Zn uptake system ZnuABC, Zn-binding component ZnuA	P	Inorganic ion transport and metabolism
NODE_6885_length_12448_cov_7.587751_2	COG0735	223806	3.62e-28	29.508	Fur	Fe2+ or Zn2+ uptake regulation protein Fur/Zur	P	Inorganic ion transport and metabolism
NODE_6885_length_12448_cov_7.587751_3	COG1629	224544	9.06e-17	17.64	CirA	Outer membrane receptor protein, Fe transport	P	Inorganic ion transport and metabolism
NODE_6885_length_12448_cov_7.587751_5	COG2814	225371	1.15e-14	25.397	AraJ	Predicted arabinose efflux permease AraJ, MFS family	G	Carbohydrate transport and metabolism
NODE_6885_length_12448_cov_7.587751_6	COG1309	224228	9.51e-11	23.333	AcrR	DNA-binding protein, AcrR family, includes nucleoid occlusion protein SlmA	K	Transcription
NODE_6885_length_12448_cov_7.587751_7	COG0265	223343	0.000319	25.824	DegQ	Periplasmic serine protease, S1-C subfamily, contain C-terminal PDZ domain	O	Posttranslational modification, protein turnover, chaperones
NODE_6885_length_12448_cov_7.587751_9	COG0100	223178	4.09e-61	74.138	RpsK	Ribosomal protein S11	J	Translation, ribosomal structure and biogenesis
NODE_6885_length_12448_cov_7.587751_10	COG0522	223596	1.6e-77	46.364	RpsD	Ribosomal protein S4 or related protein	J	Translation, ribosomal structure and biogenesis
NODE_6885_length_12448_cov_7.587751_11	COG0202	223280	1.28e-119	51.163	RpoA	DNA-directed RNA polymerase, alpha subunit/40 kD subunit	K	Transcription
NODE_6885_length_12448_cov_7.587751_12	COG0203	223281	1.12e-48	51.724	RplQ	Ribosomal protein L17	J	Translation, ribosomal structure and biogenesis
NODE_6885_length_12448_cov_7.587751_13	COG0147	223225	4.77e-165	44.662	TrpE	Anthranilate/para-aminobenzoate synthases component I	E	Amino acid transport and metabolism
NODE_6885_length_12448_cov_7.587751_14	COG0512	223586	3.05e-87	55.263	PabA	Anthranilate/para-aminobenzoate synthase component II (glutamine amidotransferase)	E	Amino acid transport and metabolism
NODE_6915_length_12404_cov_7.160256_2	COG0848	223917	7.45e-11	30.597	ExbD	Biopolymer transport protein ExbD	U	Intracellular trafficking, secretion, and vesicular transport
NODE_6915_length_12404_cov_7.160256_3	COG0848	223917	1.81e-23	32.168	ExbD	Biopolymer transport protein ExbD	U	Intracellular trafficking, secretion, and vesicular transport
NODE_6915_length_12404_cov_7.160256_4	COG0811	223881	3.31e-34	32.039	TolQ	Biopolymer transport protein ExbB/TolQ	U	Intracellular trafficking, secretion, and vesicular transport
NODE_6915_length_12404_cov_7.160256_5	COG0810	223880	0.000475	33.333	TonB	Periplasmic protein TonB, links inner and outer membranes	M	Cell wall/membrane/envelope biogenesis
NODE_6915_length_12404_cov_7.160256_6	COG0287	223364	1.02e-42	27.925	TyrA	Prephenate dehydrogenase	E	Amino acid transport and metabolism
NODE_6915_length_12404_cov_7.160256_7	COG2876	225431	1.77e-143	61.786	AroGA	3-deoxy-D-arabino-heptulosonate 7-phosphate (DAHP) synthase	E	Amino acid transport and metabolism
NODE_6915_length_12404_cov_7.160256_8	COG4401	226835	1.29e-48	53.782	AroH	Chorismate mutase AroH	E	Amino acid transport and metabolism
NODE_6915_length_12404_cov_7.160256_9	COG1187	224108	1.06e-95	48.963	RsuA	Pseudouridylate synthase RsuA, specific for 16S rRNA U516  and 23S rRNA U2605	J	Translation, ribosomal structure and biogenesis
NODE_6915_length_12404_cov_7.160256_10	COG2094	225005	2.37e-68	45.946	Mpg	3-methyladenine DNA glycosylase Mpg	L	Replication, recombination and repair
NODE_6915_length_12404_cov_7.160256_12	COG0438	223515	2.74e-44	28.571	RfaB	Glycosyltransferase involved in cell wall bisynthesis	M	Cell wall/membrane/envelope biogenesis
NODE_6915_length_12404_cov_7.160256_13	COG3584	226112	8.5e-38	58.947		3D (Asp-Asp-Asp) domain, usually in lytic transglycosylases	S	Function unknown
NODE_6915_length_12404_cov_7.160256_14	COG0030	223109	1.61e-86	41.322	RsmA	16S rRNA A1518 and A1519 N6-dimethyltransferase RsmA/KsgA/DIM1 (may also have DNA glycosylase/AP lyase activity)	J	Translation, ribosomal structure and biogenesis
NODE_6915_length_12404_cov_7.160256_15	COG1266	224185	2.24e-11	27.273	YdiL	Membrane protease YdiL, CAAX protease family	O	Posttranslational modification, protein turnover, chaperones
NODE_6915_length_12404_cov_7.160256_16	COG0438	223515	9.23e-20	26.891	RfaB	Glycosyltransferase involved in cell wall bisynthesis	M	Cell wall/membrane/envelope biogenesis
NODE_6942_length_12368_cov_8.171851_1	COG0249	223327	2.13e-18	33.69	MutS	DNA mismatch repair ATPase MutS	L	Replication, recombination and repair
NODE_6942_length_12368_cov_8.171851_2	COG3246	225785	1.58e-75	40.614		Uncharacterized conserved protein, DUF849 family	S	Function unknown
NODE_6942_length_12368_cov_8.171851_3	COG0601	223674	1.34e-107	40.85	DppB	ABC-type dipeptide/oligopeptide/nickel transport system, permease component	E	Amino acid transport and metabolism
NODE_6942_length_12368_cov_8.171851_4	COG1173	224094	1.27e-102	51.237	DppC	ABC-type dipeptide/oligopeptide/nickel transport system, permease component	E	Amino acid transport and metabolism
NODE_6942_length_12368_cov_8.171851_5	COG3744	226267	6.28e-16	40.351		PIN domain nuclease, a component of toxin-antitoxin system (PIN domain)	V	Defense mechanisms
NODE_6942_length_12368_cov_8.171851_6	COG0841	223911	0.0	33.236	AcrB	Multidrug efflux pump subunit AcrB	V	Defense mechanisms
NODE_6942_length_12368_cov_8.171851_8	COG1028	223959	3.53e-36	31.765	FabG	NAD(P)-dependent dehydrogenase, short-chain alcohol dehydrogenase family	I	Lipid transport and metabolism
NODE_6942_length_12368_cov_8.171851_9	COG1807	224720	1.97e-11	20.299	ArnT	PMT family glycosyltransferase ArnT/Agl22, involved in glycosylation of proteins and lipid IVA	M	Cell wall/membrane/envelope biogenesis
NODE_6942_length_12368_cov_8.171851_10	COG5321	227631	2.26e-05	28.682		Uncharacterized conserved protein	S	Function unknown
NODE_7157_length_12026_cov_7.062317_2	COG0187	223265	0.0	60.345	GyrB	DNA gyrase/topoisomerase IV, subunit B	L	Replication, recombination and repair
NODE_7157_length_12026_cov_7.062317_4	COG1195	224116	2.26e-104	39.892	RecF	Recombinational DNA repair ATPase RecF	L	Replication, recombination and repair
NODE_7157_length_12026_cov_7.062317_5	COG0592	223665	3.66e-86	31.649	DnaN	DNA polymerase III sliding clamp (beta) subunit, PCNA homolog	L	Replication, recombination and repair
NODE_7157_length_12026_cov_7.062317_6	COG0593	223666	1.32e-167	46.207	DnaA	Chromosomal replication initiation ATPase DnaA	L	Replication, recombination and repair
NODE_7157_length_12026_cov_7.062317_7	COG0230	223308	9.37e-13	75.0	RpmH	Ribosomal protein L34	J	Translation, ribosomal structure and biogenesis
NODE_7157_length_12026_cov_7.062317_8	COG0594	223667	8.34e-14	28.846	RnpA	RNase P protein component	J	Translation, ribosomal structure and biogenesis
NODE_7157_length_12026_cov_7.062317_9	COG0759	223830	4.36e-34	49.254	YidD	Membrane-anchored protein YidD, putatitve component of membrane protein insertase Oxa1/YidC/SpoIIIJ	M	Cell wall/membrane/envelope biogenesis
NODE_7157_length_12026_cov_7.062317_10	COG0706	223778	1.93e-42	32.609	YidC	Membrane protein insertase Oxa1/YidC/SpoIIIJ	M	Cell wall/membrane/envelope biogenesis
NODE_7157_length_12026_cov_7.062317_11	COG1847	224760	5e-40	41.892	Jag	Predicted RNA-binding protein Jag (SpoIIIJ-associated), conains KH and R3H domains	R	General function prediction only
NODE_7157_length_12026_cov_7.062317_12	COG0486	223561	1.11e-101	49.11	MnmE	tRNA U34 5-carboxymethylaminomethyl modifying GTPase MnmE/TrmE	J	Translation, ribosomal structure and biogenesis
NODE_7287_length_11852_cov_8.124184_1	COG1239	224160	1e-82	46.975	ChlI	Mg-chelatase subunit ChlI	H	Coenzyme transport and metabolism
NODE_7287_length_11852_cov_8.124184_2	COG0596	223669	1.18e-25	29.181	MenH	2-succinyl-6-hydroxy-2,4-cyclohexadiene-1-carboxylate synthase MenH and related esterases, alpha/beta hydrolase fold	H	Coenzyme transport and metabolism
NODE_7287_length_11852_cov_8.124184_4	COG3837	226357	4.55e-24	40.217		Uncharacterized conserved protein, cupin superfamily	S	Function unknown
NODE_7287_length_11852_cov_8.124184_6	COG2227	225137	1.49e-21	20.661	UbiG	2-polyprenyl-3-methyl-5-hydroxy-6-metoxy-1,4-benzoquinol methylase	H	Coenzyme transport and metabolism
NODE_7287_length_11852_cov_8.124184_8	COG0664	223736	9.69e-30	28.426	Crp	cAMP-binding domain of CRP or a regulatory subunit of cAMP-dependent protein kinases	T	Signal transduction mechanisms
NODE_7287_length_11852_cov_8.124184_9	COG1201	224122	0.0	32.556	Lhr	Lhr-like helicase	L	Replication, recombination and repair
NODE_7287_length_11852_cov_8.124184_11	COG3903	226418	5.05e-68	42.714		Predicted ATPase	R	General function prediction only
NODE_7414_length_11670_cov_7.161429_1	COG1189	224110	2.67e-41	51.546	YqxC	Predicted rRNA methylase YqxC, contains S4 and FtsJ domains	J	Translation, ribosomal structure and biogenesis
NODE_7414_length_11670_cov_7.161429_2	COG1722	224636	1.74e-11	41.176	XseB	Exonuclease VII small subunit	L	Replication, recombination and repair
NODE_7414_length_11670_cov_7.161429_3	COG1570	224486	8.04e-94	34.172	XseA	Exonuclease VII, large subunit	L	Replication, recombination and repair
NODE_7414_length_11670_cov_7.161429_4	COG5009	227342	0.0	38.442	MrcA	Membrane carboxypeptidase/penicillin-binding protein	M	Cell wall/membrane/envelope biogenesis
NODE_7414_length_11670_cov_7.161429_5	COG0781	223852	1.41e-46	41.353	NusB	Transcription antitermination protein NusB	K	Transcription
NODE_7414_length_11670_cov_7.161429_6	COG0439	223516	0.0	57.014	AccC	Biotin carboxylase	I	Lipid transport and metabolism
NODE_7414_length_11670_cov_7.161429_7	COG0801	223872	4.07e-55	51.88	FolK	7,8-dihydro-6-hydroxymethylpterin pyrophosphokinase (folate biosynthesis)	H	Coenzyme transport and metabolism
NODE_7414_length_11670_cov_7.161429_8	COG1539	224456	4.65e-20	25.21	FolB	Dihydroneopterin aldolase	H	Coenzyme transport and metabolism
NODE_7414_length_11670_cov_7.161429_9	COG0294	223371	6.89e-85	44.569	FolP	Dihydropteroate synthase	H	Coenzyme transport and metabolism
NODE_7414_length_11670_cov_7.161429_10	COG0285	223362	7.92e-122	38.313	FolC	Folylpolyglutamate synthase/Dihydropteroate synthase	H	Coenzyme transport and metabolism
NODE_7414_length_11670_cov_7.161429_11	COG0521	223595	2.75e-43	45.455	MoaB	Molybdopterin biosynthesis enzyme MoaB/MogA	H	Coenzyme transport and metabolism
NODE_7414_length_11670_cov_7.161429_12	COG0315	223392	2.77e-70	58.451	MoaC	Molybdenum cofactor biosynthesis enzyme MoaC	H	Coenzyme transport and metabolism
NODE_7414_length_11670_cov_7.161429_14	COG1968	224879	2.95e-62	32.374	UppP	Undecaprenyl pyrophosphate phosphatase	I	Lipid transport and metabolism
NODE_7752_length_11231_cov_6.964120_2	COG0266	223344	3.59e-105	43.796	Nei	Formamidopyrimidine-DNA glycosylase	L	Replication, recombination and repair
NODE_7752_length_11231_cov_6.964120_3	COG0539	223613	3.79e-99	41.689	RpsA	Ribosomal protein S1	J	Translation, ribosomal structure and biogenesis
NODE_7752_length_11231_cov_6.964120_5	COG1670	224584	1.14e-31	33.508	RimL	Protein N-acetyltransferase, RimJ/RimL family	J	Translation, ribosomal structure and biogenesis
NODE_7752_length_11231_cov_6.964120_6	COG0237	223315	2.7e-59	43.59	CoaE	Dephospho-CoA kinase	H	Coenzyme transport and metabolism
NODE_7752_length_11231_cov_6.964120_8	COG0664	223736	6.86e-09	28.696	Crp	cAMP-binding domain of CRP or a regulatory subunit of cAMP-dependent protein kinases	T	Signal transduction mechanisms
NODE_7752_length_11231_cov_6.964120_10	COG0664	223736	9.71e-40	33.01	Crp	cAMP-binding domain of CRP or a regulatory subunit of cAMP-dependent protein kinases	T	Signal transduction mechanisms
NODE_7752_length_11231_cov_6.964120_11	COG3653	226179	2.9e-76	32.168		N-acyl-D-aspartate/D-glutamate deacylase	Q	Secondary metabolites biosynthesis, transport and catabolism
NODE_7752_length_11231_cov_6.964120_14	COG0815	223885	5.16e-63	35.915	Lnt	Apolipoprotein N-acyltransferase	M	Cell wall/membrane/envelope biogenesis
NODE_7813_length_11180_cov_8.637663_1	COG0125	223203	1.05e-29	44.444	Tmk	Thymidylate kinase	F	Nucleotide transport and metabolism
NODE_7813_length_11180_cov_8.637663_2	COG3854	226372	1.05e-100	38.796	SpoIIIAA	Stage III sporulation protein SpoIIIAA	D	Cell cycle control, cell division, chromosome partitioning
NODE_7813_length_11180_cov_8.637663_3	COG1982	224893	5.48e-147	34.679	LdcC	Arginine/lysine/ornithine decarboxylase	E	Amino acid transport and metabolism
NODE_7813_length_11180_cov_8.637663_5	COG1403	224321	1.83e-24	40.0	McrA	5-methylcytosine-specific restriction endonuclease McrA	V	Defense mechanisms
NODE_7813_length_11180_cov_8.637663_9	COG0311	223388	1.9e-88	53.968	PdxT	Pyridoxal 5'-phosphate synthase subunit PdxT (glutamine amidotransferase)	H	Coenzyme transport and metabolism
NODE_7813_length_11180_cov_8.637663_10	COG0214	223292	6.19e-161	61.465	PdxS	Pyridoxal 5'-phosphate synthase subunit PdxS	H	Coenzyme transport and metabolism
NODE_7813_length_11180_cov_8.637663_12	COG3408	225942	8.49e-25	23.441	GDB1	Glycogen debranching enzyme (alpha-1,6-glucosidase)	G	Carbohydrate transport and metabolism
NODE_7813_length_11180_cov_8.637663_13	COG1947	224858	1.84e-16	35.714	IspE	4-diphosphocytidyl-2C-methyl-D-erythritol kinase	I	Lipid transport and metabolism
NODE_7938_length_11026_cov_6.436697_2	COG1670	224584	7.76e-12	20.115	RimL	Protein N-acetyltransferase, RimJ/RimL family	J	Translation, ribosomal structure and biogenesis
NODE_7938_length_11026_cov_6.436697_3	COG1853	224766	3.68e-46	34.483	RutF	FMN reductase RutF, DIM6/NTAB family	C	Energy production and conversion
NODE_7938_length_11026_cov_6.436697_5	COG1482	224399	9.72e-68	32.372	ManA	Mannose-6-phosphate isomerase, class I	G	Carbohydrate transport and metabolism
NODE_7938_length_11026_cov_6.436697_6	COG3193	225734	6.64e-19	42.623	GlcG	Heme-binding protein HbpS, GlcG/HbpS family	T	Signal transduction mechanisms
NODE_7938_length_11026_cov_6.436697_8	COG0604	223677	5.01e-70	37.16	Qor	NADPH:quinone reductase or related Zn-dependent oxidoreductase	C	Energy production and conversion
NODE_7938_length_11026_cov_6.436697_9	COG0590	223663	6.37e-52	49.315	TadA	tRNA(Arg) A34 adenosine deaminase TadA	J	Translation, ribosomal structure and biogenesis
NODE_7938_length_11026_cov_6.436697_11	COG2200	225110	1.92e-52	32.653	EAL	EAL domain, c-di-GMP-specific phosphodiesterase class I (or its enzymatically inactive variant)	T	Signal transduction mechanisms
NODE_7938_length_11026_cov_6.436697_13	COG2270	225179	0.007	23.214	BtlA	MFS-type transporter involved in bile tolerance, Atg22 family	R	General function prediction only
NODE_7942_length_11021_cov_7.459055_1	COG2319	225201	1.89e-68	34.475	WD40	WD40 repeat	R	General function prediction only
NODE_7942_length_11021_cov_7.459055_4	COG1406	224324	2.63e-08	25.806	CheX	Chemotaxis protein CheX, a CheY~P-specific phosphatase	N	Cell motility
NODE_7942_length_11021_cov_7.459055_5	COG4753	227095	1.23e-23	34.188	YesN	Two-component response regulator, YesN/AraC family, consists of REC and AraC-type DNA-binding domains	T	Signal transduction mechanisms
NODE_7942_length_11021_cov_7.459055_6	COG0643	223716	9.9e-39	31.818	CheA	Chemotaxis protein histidine kinase CheA	T	Signal transduction mechanisms
NODE_7942_length_11021_cov_7.459055_7	COG2223	225133	7.4e-06	20.792	NarK	Nitrate/nitrite transporter NarK	P	Inorganic ion transport and metabolism
NODE_8121_length_10785_cov_7.425629_2	COG4786	227125	5.79e-06	25.568	FlgG	Flagellar basal body rod protein FlgG	N	Cell motility
NODE_8121_length_10785_cov_7.425629_4	COG1886	224798	4.71e-28	55.263	FliN	Flagellar motor switch/type III secretory pathway protein FliN	N	Cell motility
NODE_8121_length_10785_cov_7.425629_5	COG1338	224257	3.06e-74	49.537	FliP	Flagellar biosynthesis protein FliP	N	Cell motility
NODE_8121_length_10785_cov_7.425629_6	COG0685	223757	1.32e-81	41.901	MetF	5,10-methylenetetrahydrofolate reductase	E	Amino acid transport and metabolism
NODE_8121_length_10785_cov_7.425629_7	COG1987	224898	3.31e-13	32.558	FliQ	Flagellar biosynthesis protein FliQ	N	Cell motility
NODE_8121_length_10785_cov_7.425629_8	COG1684	224598	6.97e-17	29.018	FliR	Flagellar biosynthesis protein FliR	N	Cell motility
NODE_8121_length_10785_cov_7.425629_9	COG1377	224295	7.37e-66	28.116	FlhB	Flagellar biosynthesis protein FlhB	N	Cell motility
NODE_8121_length_10785_cov_7.425629_10	COG1298	224217	1.27e-180	40.387	FlhA	Flagellar biosynthesis protein FlhA	N	Cell motility
NODE_8121_length_10785_cov_7.425629_11	COG0735	223806	1.79e-36	39.286	Fur	Fe2+ or Zn2+ uptake regulation protein Fur/Zur	P	Inorganic ion transport and metabolism
NODE_8121_length_10785_cov_7.425629_12	COG0342	223419	3.01e-110	40.05	SecD	Preprotein translocase subunit SecD	U	Intracellular trafficking, secretion, and vesicular transport
NODE_8121_length_10785_cov_7.425629_13	COG0341	223418	4.95e-68	32.099	SecF	Preprotein translocase subunit SecF	U	Intracellular trafficking, secretion, and vesicular transport
NODE_8161_length_10742_cov_8.213156_1	COG0284	223361	1.01e-18	62.069	PyrF	Orotidine-5'-phosphate decarboxylase	F	Nucleotide transport and metabolism
NODE_8161_length_10742_cov_8.213156_2	COG0461	223537	6.51e-35	35.176	PyrE	Orotate phosphoribosyltransferase	F	Nucleotide transport and metabolism
NODE_8161_length_10742_cov_8.213156_3	COG0079	223157	3.23e-100	43.213	HisC	Histidinol-phosphate/aromatic aminotransferase or cobyric acid decarboxylase	E	Amino acid transport and metabolism
NODE_8161_length_10742_cov_8.213156_4	COG0456	223532	2.94e-05	31.897	RimI	Ribosomal protein S18 acetylase RimI and related acetyltransferases	J	Translation, ribosomal structure and biogenesis
NODE_8161_length_10742_cov_8.213156_5	COG0628	223701	8.75e-26	29.412	PerM	Predicted PurR-regulated permease PerM	R	General function prediction only
NODE_8161_length_10742_cov_8.213156_6	COG1506	224423	2.72e-75	31.088	DAP2	Dipeptidyl aminopeptidase/acylaminoacyl peptidase	E	Amino acid transport and metabolism
NODE_8161_length_10742_cov_8.213156_7	COG0018	223097	2.59e-167	35.088	ArgS	Arginyl-tRNA synthetase	J	Translation, ribosomal structure and biogenesis
NODE_8161_length_10742_cov_8.213156_8	COG1576	224492	2.9e-45	33.548	RlmH	23S rRNA pseudoU1915 N3-methylase RlmH	J	Translation, ribosomal structure and biogenesis
NODE_8161_length_10742_cov_8.213156_9	COG1476	224393	1.12e-22	49.254	XRE	DNA-binding transcriptional regulator, XRE-family HTH domain	K	Transcription
NODE_8161_length_10742_cov_8.213156_10	COG0758	223829	7.55e-77	39.326	Smf	Predicted Rossmann fold nucleotide-binding protein DprA/Smf involved in DNA uptake	L	Replication, recombination and repair
NODE_8161_length_10742_cov_8.213156_11	COG1933	224844	0.009	38.889	PolC	Archaeal DNA polymerase II, large subunit	L	Replication, recombination and repair
NODE_8161_length_10742_cov_8.213156_12	COG1327	224246	1.81e-46	61.386	NrdR	Transcriptional regulator NrdR, contains Zn-ribbon and ATP-cone domains	K	Transcription
NODE_8161_length_10742_cov_8.213156_13	COG0756	223827	1.4e-65	58.156	Dut	dUTP pyrophosphatase (dUTPase)	F	Nucleotide transport and metabolism
NODE_8161_length_10742_cov_8.213156_14	COG1893	224805	4.15e-13	28.182	PanE	Ketopantoate reductase	H	Coenzyme transport and metabolism
NODE_8335_length_10582_cov_8.658402_1	COG2087	224998	8.41e-58	43.407	CobU	Adenosyl cobinamide kinase/adenosyl cobinamide phosphate guanylyltransferase	H	Coenzyme transport and metabolism
NODE_8335_length_10582_cov_8.658402_2	COG0614	223687	1.59e-39	30.651	FepB	ABC-type Fe3+-hydroxamate transport system, periplasmic component	P	Inorganic ion transport and metabolism
NODE_8335_length_10582_cov_8.658402_3	COG2262	225171	1.44e-115	47.075	HflX	50S ribosomal subunit-associated GTPase HflX	J	Translation, ribosomal structure and biogenesis
NODE_8335_length_10582_cov_8.658402_4	COG0265	223343	1.8e-18	25.778	DegQ	Periplasmic serine protease, S1-C subfamily, contain C-terminal PDZ domain	O	Posttranslational modification, protein turnover, chaperones
NODE_8335_length_10582_cov_8.658402_6	COG0838	223908	6.42e-28	45.299	NuoA	NADH:ubiquinone oxidoreductase subunit 3 (chain A)	C	Energy production and conversion
NODE_8335_length_10582_cov_8.658402_7	COG0377	223454	1.07e-84	57.692	NuoB	NADH:ubiquinone oxidoreductase 20 kD subunit (chain B) or related Fe-S oxidoreductase	C	Energy production and conversion
NODE_8335_length_10582_cov_8.658402_8	COG0852	223921	1.17e-48	47.887	NuoC	NADH:ubiquinone oxidoreductase 27 kD subunit (chain C)	C	Energy production and conversion
NODE_8335_length_10582_cov_8.658402_9	COG0649	223722	0.0	51.928	NuoD	NADH:ubiquinone oxidoreductase 49 kD subunit (chain D)	C	Energy production and conversion
NODE_8335_length_10582_cov_8.658402_10	COG1905	224817	5.02e-57	37.107	NuoE	NADH:ubiquinone oxidoreductase 24 kD subunit (chain E)	C	Energy production and conversion
NODE_8335_length_10582_cov_8.658402_11	COG1894	224806	0.0	50.123	NuoF	NADH:ubiquinone oxidoreductase, NADH-binding 51 kD subunit (chain F)	C	Energy production and conversion
NODE_8335_length_10582_cov_8.658402_13	COG1034	223965	1.57e-135	33.591	NuoG	NADH dehydrogenase/NADH:ubiquinone oxidoreductase 75 kD subunit (chain G)	C	Energy production and conversion
NODE_8372_length_10552_cov_7.730018_1	COG3280	225819	5.95e-56	41.057	TreY	Maltooligosyltrehalose synthase	G	Carbohydrate transport and metabolism
NODE_8372_length_10552_cov_7.730018_2	COG0477	223553	0.005	17.347	ProP	MFS family permease, includes anhydromuropeptide permease AmpG	G	Carbohydrate transport and metabolism
NODE_8372_length_10552_cov_7.730018_3	COG2814	225371	3.97e-12	29.008	AraJ	Predicted arabinose efflux permease AraJ, MFS family	G	Carbohydrate transport and metabolism
NODE_8372_length_10552_cov_7.730018_4	COG2224	225134	0.0	68.605	AceA	Isocitrate lyase	C	Energy production and conversion
NODE_8372_length_10552_cov_7.730018_5	COG0318	223395	3.66e-153	36.044	MenE/FadK	O-succinylbenzoic acid-CoA ligase MenE or related acyl-CoA synthetase (AMP-forming)	I	Lipid transport and metabolism
NODE_8372_length_10552_cov_7.730018_6	COG2200	225110	6.45e-45	49.206	EAL	EAL domain, c-di-GMP-specific phosphodiesterase class I (or its enzymatically inactive variant)	T	Signal transduction mechanisms
NODE_8372_length_10552_cov_7.730018_7	COG2199	225109	3.88e-52	45.251	GGDEF	GGDEF domain, diguanylate cyclase (c-di-GMP synthetase) or its enzymatically inactive variants	T	Signal transduction mechanisms
NODE_8372_length_10552_cov_7.730018_9	COG0494	223568	9.16e-12	23.567	MutT	8-oxo-dGTP pyrophosphatase MutT and related house-cleaning NTP pyrophosphohydrolases, NUDIX family	V	Defense mechanisms
NODE_8372_length_10552_cov_7.730018_11	COG1407	224325	3.88e-20	28.634		Metallophosphoesterase superfamily enzyme	R	General function prediction only
NODE_8400_length_10521_cov_8.036977_1	COG4167	226637	5.35e-07	37.5	SapF	ABC-type antimicrobial peptide export system, ATPase component SapF	V	Defense mechanisms
NODE_8400_length_10521_cov_8.036977_2	COG1488	224405	1e-59	30.618	PncB	Nicotinic acid phosphoribosyltransferase	H	Coenzyme transport and metabolism
NODE_8400_length_10521_cov_8.036977_3	COG1796	224709	1.41e-61	40.637	PolX	DNA polymerase/3'-5' exonuclease PolX	L	Replication, recombination and repair
NODE_8400_length_10521_cov_8.036977_5	COG0477	223553	0.001	15.674	ProP	MFS family permease, includes anhydromuropeptide permease AmpG	G	Carbohydrate transport and metabolism
NODE_8400_length_10521_cov_8.036977_6	COG0239	223317	4.8e-27	42.593	CrcB	Fluoride ion exporter CrcB/FEX, affects chromosome condensation	D	Cell cycle control, cell division, chromosome partitioning
NODE_8400_length_10521_cov_8.036977_7	COG1668	224582	3.45e-18	25.0	NatB	ABC-type Na+ efflux pump, permease component NatB	C	Energy production and conversion
NODE_8400_length_10521_cov_8.036977_8	COG4152	226631	8.7e-110	43.289	YhaQ	ABC-type uncharacterized transport system, ATPase component	R	General function prediction only
NODE_8400_length_10521_cov_8.036977_11	COG3391	225926	1.35e-05	31.507	YncE	DNA-binding beta-propeller fold protein YncE	R	General function prediction only
NODE_8592_length_10318_cov_6.540290_1	COG0079	223157	2.46e-20	34.615	HisC	Histidinol-phosphate/aromatic aminotransferase or cobyric acid decarboxylase	E	Amino acid transport and metabolism
NODE_8592_length_10318_cov_6.540290_2	COG0622	223695	0.000223	21.256	YfcE	Predicted phosphodiesterase, calcineurin family	R	General function prediction only
NODE_8592_length_10318_cov_6.540290_4	COG2050	224961	1.04e-07	27.679	PaaI	Acyl-CoA thioesterase PaaI, contains HGG motif	Q	Secondary metabolites biosynthesis, transport and catabolism
NODE_8592_length_10318_cov_6.540290_5	COG0691	223763	1.42e-72	49.333	SmpB	tmRNA-binding protein	O	Posttranslational modification, protein turnover, chaperones
NODE_8592_length_10318_cov_6.540290_6	COG0037	223115	2.03e-45	32.584	TilS	tRNA(Ile)-lysidine synthase TilS/MesJ	J	Translation, ribosomal structure and biogenesis
NODE_8592_length_10318_cov_6.540290_7	COG0634	223707	5.83e-71	47.953	HptA	Hypoxanthine-guanine phosphoribosyltransferase	F	Nucleotide transport and metabolism
NODE_8592_length_10318_cov_6.540290_8	COG0465	223541	0.0	59.052	HflB	ATP-dependent Zn proteases	O	Posttranslational modification, protein turnover, chaperones
NODE_8592_length_10318_cov_6.540290_9	COG0612	223685	8.95e-22	19.725	PqqL	Predicted Zn-dependent peptidase, M16 family	R	General function prediction only
NODE_8592_length_10318_cov_6.540290_10	COG0612	223685	1.09e-19	19.759	PqqL	Predicted Zn-dependent peptidase, M16 family	R	General function prediction only
NODE_8592_length_10318_cov_6.540290_11	COG0438	223515	9.42e-20	24.735	RfaB	Glycosyltransferase involved in cell wall bisynthesis	M	Cell wall/membrane/envelope biogenesis
NODE_8675_length_10222_cov_7.538212_1	COG0855	223924	0.0	56.46	Ppk	Polyphosphate kinase	P	Inorganic ion transport and metabolism
NODE_8675_length_10222_cov_7.538212_2	COG2050	224961	6.95e-26	25.926	PaaI	Acyl-CoA thioesterase PaaI, contains HGG motif	Q	Secondary metabolites biosynthesis, transport and catabolism
NODE_8675_length_10222_cov_7.538212_3	COG2947	225498	3.57e-79	54.545	EVE	Predicted RNA-binding protein, contains EVE domain	R	General function prediction only
NODE_8675_length_10222_cov_7.538212_4	COG1629	224544	1.45e-11	15.869	CirA	Outer membrane receptor protein, Fe transport	P	Inorganic ion transport and metabolism
NODE_8675_length_10222_cov_7.538212_5	COG0662	223734	1.79e-07	28.205	ManC	Mannose-6-phosphate isomerase, cupin superfamily	G	Carbohydrate transport and metabolism
NODE_8675_length_10222_cov_7.538212_6	COG0824	223894	9.48e-13	25.0	FadM	Acyl-CoA thioesterase FadM	I	Lipid transport and metabolism
NODE_8675_length_10222_cov_7.538212_7	COG0278	223355	1.18e-29	38.144	GrxD	Glutaredoxin-related protein	O	Posttranslational modification, protein turnover, chaperones
NODE_8675_length_10222_cov_7.538212_8	COG0271	223349	5.52e-13	33.333	BolA	DNA-binding global transcriptional regulator BolA, affects cell shape, cell division and biofilm formation	K	Transcription
NODE_8675_length_10222_cov_7.538212_10	COG0365	223442	2.24e-170	36.567	Acs	Acyl-coenzyme A synthetase/AMP-(fatty) acid ligase	I	Lipid transport and metabolism
NODE_8675_length_10222_cov_7.538212_11	COG1714	224628	0.000596	23.485	YckC	Uncharacterized membrane protein YckC, RDD family	S	Function unknown
NODE_8799_length_10092_cov_7.245791_1	COG0029	223108	3.1e-08	50.0	NadB	Aspartate oxidase	H	Coenzyme transport and metabolism
NODE_8799_length_10092_cov_7.245791_2	COG0157	223235	2.96e-104	50.714	NadC	Nicotinate-nucleotide pyrophosphorylase	H	Coenzyme transport and metabolism
NODE_8799_length_10092_cov_7.245791_3	COG1629	224544	1.16e-21	18.336	CirA	Outer membrane receptor protein, Fe transport	P	Inorganic ion transport and metabolism
NODE_8799_length_10092_cov_7.245791_4	COG2197	225107	2.87e-43	37.089	CitB	DNA-binding response regulator, NarL/FixJ family, contains REC and HTH domains	T	Signal transduction mechanisms
NODE_8799_length_10092_cov_7.245791_5	COG4993	227326	2.33e-155	29.338	Gcd	Glucose dehydrogenase, PQQ-dependent	G	Carbohydrate transport and metabolism
NODE_8799_length_10092_cov_7.245791_7	COG2084	224995	1.38e-49	30.545	MmsB	3-hydroxyisobutyrate dehydrogenase or related beta-hydroxyacid dehydrogenase	I	Lipid transport and metabolism
NODE_8799_length_10092_cov_7.245791_9	COG2010	224921	0.000737	32.967	CccA	Cytochrome c, mono- and diheme variants	C	Energy production and conversion
NODE_8799_length_10092_cov_7.245791_10	COG0596	223669	1.22e-07	23.445	MenH	2-succinyl-6-hydroxy-2,4-cyclohexadiene-1-carboxylate synthase MenH and related esterases, alpha/beta hydrolase fold	H	Coenzyme transport and metabolism
NODE_8799_length_10092_cov_7.245791_11	COG0526	223600	3.57e-13	24.138	TrxA	Thiol-disulfide isomerase or thioredoxin	O	Posttranslational modification, protein turnover, chaperones
NODE_8924_length_9975_cov_8.954637_2	COG1028	223959	4.18e-47	36.255	FabG	NAD(P)-dependent dehydrogenase, short-chain alcohol dehydrogenase family	I	Lipid transport and metabolism
NODE_8924_length_9975_cov_8.954637_3	COG0747	223818	5e-73	25.618	DdpA	ABC-type transport system, periplasmic component	E	Amino acid transport and metabolism
NODE_8924_length_9975_cov_8.954637_4	COG0667	223739	2.14e-107	45.763	PdxI	Pyridoxal reductase PdxI or related oxidoreductase, aldo/keto reductase family	H	Coenzyme transport and metabolism
NODE_8924_length_9975_cov_8.954637_7	COG1309	224228	2.6e-08	22.388	AcrR	DNA-binding protein, AcrR family, includes nucleoid occlusion protein SlmA	K	Transcription
NODE_8924_length_9975_cov_8.954637_9	COG0587	223660	0.0	36.797	DnaE	DNA polymerase III, alpha subunit	L	Replication, recombination and repair
NODE_8931_length_9969_cov_6.985072_2	COG2165	225076	7.14e-07	21.898	PulG	Type II secretory pathway, pseudopilin PulG	N	Cell motility
NODE_8931_length_9969_cov_6.985072_3	COG2165	225076	0.002	14.184	PulG	Type II secretory pathway, pseudopilin PulG	N	Cell motility
NODE_8931_length_9969_cov_6.985072_4	COG2165	225076	1.86e-08	20.423	PulG	Type II secretory pathway, pseudopilin PulG	N	Cell motility
NODE_8931_length_9969_cov_6.985072_5	COG0044	223122	3.72e-163	44.573	AllB	Dihydroorotase or related cyclic amidohydrolase	F	Nucleotide transport and metabolism
NODE_8931_length_9969_cov_6.985072_7	COG0505	223579	7.99e-176	49.167	CarA	Carbamoylphosphate synthase small subunit	E	Amino acid transport and metabolism
NODE_8931_length_9969_cov_6.985072_9	COG0714	223786	9.18e-73	45.833	MoxR	MoxR-like ATPase	R	General function prediction only
NODE_8931_length_9969_cov_6.985072_11	COG2366	225241	1.22e-57	35.562	PvdQ	Acyl-homoserine lactone (AHL) acylase PvdQ	Q	Secondary metabolites biosynthesis, transport and catabolism
NODE_8947_length_9956_cov_7.527623_1	COG2217	225127	5.34e-90	39.349	ZntA	Cation-transporting P-type ATPase	P	Inorganic ion transport and metabolism
NODE_8947_length_9956_cov_7.527623_4	COG2335	225214	1.19e-58	58.824	FAS1	Uncaracterized surface protein containing fasciclin (FAS1) repeats	R	General function prediction only
NODE_8947_length_9956_cov_7.527623_6	COG1018	223949	4.57e-59	30.943	Fpr	Flavodoxin/ferredoxin--NADP reductase	C	Energy production and conversion
NODE_8947_length_9956_cov_7.527623_7	COG2151	225062	1.24e-23	37.895	PaaD	Metal-sulfur cluster biosynthetic enzyme	O	Posttranslational modification, protein turnover, chaperones
NODE_8947_length_9956_cov_7.527623_8	COG3396	225931	1.18e-71	35.857	YdbO	1,2-phenylacetyl-CoA epoxidase, catalytic subunit	Q	Secondary metabolites biosynthesis, transport and catabolism
NODE_8947_length_9956_cov_7.527623_9	COG3460	225991	6.58e-39	58.0	PaaB	1,2-phenylacetyl-CoA epoxidase, PaaB subunit	Q	Secondary metabolites biosynthesis, transport and catabolism
NODE_8947_length_9956_cov_7.527623_10	COG3396	225931	1.5e-121	45.693	YdbO	1,2-phenylacetyl-CoA epoxidase, catalytic subunit	Q	Secondary metabolites biosynthesis, transport and catabolism
NODE_8947_length_9956_cov_7.527623_11	COG1309	224228	5.33e-10	25.128	AcrR	DNA-binding protein, AcrR family, includes nucleoid occlusion protein SlmA	K	Transcription
NODE_8947_length_9956_cov_7.527623_12	COG1071	223997	7.74e-107	41.379	AcoA	TPP-dependent pyruvate or acetoin dehydrogenase subunit alpha	C	Energy production and conversion
NODE_8947_length_9956_cov_7.527623_14	COG3453	225984	1.51e-12	31.395		Predicted phosphohydrolase, protein tyrosine phosphatase (PTP) superfamily, DUF442 family	R	General function prediction only
NODE_9136_length_9796_cov_6.704856_1	COG0318	223395	4.57e-36	28.571	MenE/FadK	O-succinylbenzoic acid-CoA ligase MenE or related acyl-CoA synthetase (AMP-forming)	I	Lipid transport and metabolism
NODE_9136_length_9796_cov_6.704856_3	COG0491	223565	6.9e-20	30.328	GloB	Glyoxylase or a related metal-dependent hydrolase, beta-lactamase superfamily II	R	General function prediction only
NODE_9136_length_9796_cov_6.704856_5	COG0668	223740	6.01e-32	25.781	MscS	Small-conductance mechanosensitive channel	M	Cell wall/membrane/envelope biogenesis
NODE_9136_length_9796_cov_6.704856_6	COG2130	225041	3.11e-171	55.917	CurA	NADPH-dependent curcumin reductase CurA	Q	Secondary metabolites biosynthesis, transport and catabolism
NODE_9136_length_9796_cov_6.704856_7	COG0520	223594	5.44e-95	37.709	CsdA	Selenocysteine lyase/Cysteine desulfurase	E	Amino acid transport and metabolism
NODE_9136_length_9796_cov_6.704856_8	COG1309	224228	1.85e-11	21.622	AcrR	DNA-binding protein, AcrR family, includes nucleoid occlusion protein SlmA	K	Transcription
NODE_9136_length_9796_cov_6.704856_9	COG1566	224482	4.3e-07	25.581	EmrA	Multidrug resistance efflux pump EmrA	V	Defense mechanisms
NODE_9279_length_9671_cov_6.463082_1	COG0628	223701	2.04e-41	30.0	PerM	Predicted PurR-regulated permease PerM	R	General function prediction only
NODE_9279_length_9671_cov_6.463082_2	COG1744	224658	1.38e-92	43.413	Med	Lipoprotein Med, regulator of KinD/Spo0A, PBP1-ABC superfamily, includes NupN	T	Signal transduction mechanisms
NODE_9279_length_9671_cov_6.463082_3	COG3845	226364	6.37e-167	43.574	NupO	ABC-type guanosine uptake system NupNOPQ, ATPase component NupO	F	Nucleotide transport and metabolism
NODE_9279_length_9671_cov_6.463082_4	COG4603	226962	3.28e-47	45.779	NupP	ABC-type guanosine uptake system NupNOPQ, permease component NupP	F	Nucleotide transport and metabolism
NODE_9279_length_9671_cov_6.463082_5	COG1079	224005	2.56e-65	46.284	NupQ	ABC-type guanosine uptake system NupNOPQ, permease subunit NupQ	F	Nucleotide transport and metabolism
NODE_9279_length_9671_cov_6.463082_6	COG2367	225242	4.34e-37	32.975	PenP	Beta-lactamase class A	V	Defense mechanisms
NODE_9279_length_9671_cov_6.463082_7	COG0115	223193	1.42e-78	37.838	IlvE	Branched-chain amino acid aminotransferase/4-amino-4-deoxychorismate lyase	E	Amino acid transport and metabolism
NODE_9279_length_9671_cov_6.463082_8	COG2059	224970	1.16e-24	40.0	ChrA	Chromate transport protein ChrA	P	Inorganic ion transport and metabolism
NODE_9302_length_9652_cov_8.488173_1	COG1309	224228	9.45e-09	21.965	AcrR	DNA-binding protein, AcrR family, includes nucleoid occlusion protein SlmA	K	Transcription
NODE_9302_length_9652_cov_8.488173_2	COG1657	224571	9.09e-84	31.648	SqhC	Terpene cyclase SqhC	I	Lipid transport and metabolism
NODE_9302_length_9652_cov_8.488173_5	COG1011	223943	2e-22	21.778	YigB	FMN and 5-amino-6-(5-phospho-D-ribitylamino)uracil phosphatase YigB, HAD superfamily (riboflavin biosynthesis)	H	Coenzyme transport and metabolism
NODE_9302_length_9652_cov_8.488173_6	COG0178	223256	0.0	63.512	UvrA	Excinuclease UvrABC ATPase subunit	L	Replication, recombination and repair
NODE_9302_length_9652_cov_8.488173_9	COG1011	223943	9.39e-36	31.443	YigB	FMN and 5-amino-6-(5-phospho-D-ribitylamino)uracil phosphatase YigB, HAD superfamily (riboflavin biosynthesis)	H	Coenzyme transport and metabolism
NODE_9302_length_9652_cov_8.488173_10	COG0383	223460	2.52e-18	23.048	MngB	Alpha-mannosidase	G	Carbohydrate transport and metabolism
NODE_9415_length_9542_cov_8.965110_1	COG0768	223839	5.89e-150	34.471	FtsI	Cell division protein FtsI, peptidoglycan transpeptidase (Penicillin-binding protein 2)	D	Cell cycle control, cell division, chromosome partitioning
NODE_9415_length_9542_cov_8.965110_3	COG0275	223352	3.73e-124	44.737	RmsH	16S rRNA C1402 N4-methylase RsmH	J	Translation, ribosomal structure and biogenesis
NODE_9415_length_9542_cov_8.965110_4	COG2001	224912	9.32e-30	38.793	MraZ	MraZ, DNA-binding transcriptional regulator and inhibitor of RsmH methyltransferase activity	J	Translation, ribosomal structure and biogenesis
NODE_9415_length_9542_cov_8.965110_5	COG0741	223812	3.81e-20	40.0	MltE	Soluble lytic murein transglycosylase or regulatory protein s ( may contain LysM/invasin domain)	M	Cell wall/membrane/envelope biogenesis
NODE_9415_length_9542_cov_8.965110_6	COG0795	223866	7.67e-51	24.054	LptF	Lipopolysaccharide export LptBFGC system, permease protein LptF	M	Cell wall/membrane/envelope biogenesis
NODE_9415_length_9542_cov_8.965110_7	COG1452	224369	7.2e-15	21.3	LptD	LPS assembly outer membrane protein LptD (organic solvent tolerance protein OstA)	M	Cell wall/membrane/envelope biogenesis
NODE_9415_length_9542_cov_8.965110_9	COG0815	223885	1.52e-16	26.341	Lnt	Apolipoprotein N-acyltransferase	M	Cell wall/membrane/envelope biogenesis
NODE_9470_length_9506_cov_8.305576_1	COG0598	223671	5.25e-61	32.283	CorA	Mg2+ and Co2+ transporter CorA	P	Inorganic ion transport and metabolism
NODE_9470_length_9506_cov_8.305576_2	COG0841	223911	0.0	31.668	AcrB	Multidrug efflux pump subunit AcrB	V	Defense mechanisms
NODE_9470_length_9506_cov_8.305576_3	COG0360	223437	1.59e-33	49.462	RpsF	Ribosomal protein S6	J	Translation, ribosomal structure and biogenesis
NODE_9470_length_9506_cov_8.305576_4	COG0629	223702	3.56e-38	34.756	Ssb	Single-stranded DNA-binding protein	L	Replication, recombination and repair
NODE_9470_length_9506_cov_8.305576_6	COG0456	223532	1.55e-08	23.585	RimI	Ribosomal protein S18 acetylase RimI and related acetyltransferases	J	Translation, ribosomal structure and biogenesis
NODE_9470_length_9506_cov_8.305576_7	COG1520	224437	1.94e-07	21.795	PQQ	Outer membrane protein assembly factor BamB, contains PQQ-like beta-propeller repeat	M	Cell wall/membrane/envelope biogenesis
NODE_9470_length_9506_cov_8.305576_8	COG2197	225107	3.12e-15	29.861	CitB	DNA-binding response regulator, NarL/FixJ family, contains REC and HTH domains	T	Signal transduction mechanisms
NODE_9762_length_9244_cov_7.655240_1	COG2909	225461	5.04e-10	40.385	MalT	ATP-, maltotriose- and DNA-dependent transcriptional regulator MalT	K	Transcription
NODE_9762_length_9244_cov_7.655240_2	COG1132	224055	0.0	41.519	MdlB	ABC-type multidrug transport system, ATPase and permease component	V	Defense mechanisms
NODE_9762_length_9244_cov_7.655240_4	COG0484	223560	2.37e-105	38.381	DnaJ	DnaJ-class molecular chaperone with C-terminal Zn finger domain	O	Posttranslational modification, protein turnover, chaperones
NODE_9762_length_9244_cov_7.655240_5	COG0576	223649	1.07e-35	36.957	GrpE	Molecular chaperone GrpE (heat shock protein HSP-70)	O	Posttranslational modification, protein turnover, chaperones
NODE_9762_length_9244_cov_7.655240_6	COG0443	223520	0.0	64.151	DnaK	Molecular chaperone DnaK (HSP70)	O	Posttranslational modification, protein turnover, chaperones
NODE_9762_length_9244_cov_7.655240_7	COG0265	223343	6.75e-56	31.014	DegQ	Periplasmic serine protease, S1-C subfamily, contain C-terminal PDZ domain	O	Posttranslational modification, protein turnover, chaperones
NODE_9762_length_9244_cov_7.655240_8	COG1136	224059	1.97e-115	54.911	LolD	ABC-type lipoprotein export system, ATPase component	M	Cell wall/membrane/envelope biogenesis
NODE_9762_length_9244_cov_7.655240_9	COG0577	223650	6.64e-29	27.797	SalY	ABC-type antimicrobial peptide transport system, permease component	V	Defense mechanisms
NODE_9862_length_9168_cov_6.184571_2	COG0182	223260	1.69e-141	51.304	MtnA	5-methylthioribose/5-deoxyribulose 1-phosphate isomerase (methionine salvage pathway), a paralog of eIF-2B alpha subunit	E	Amino acid transport and metabolism
NODE_9862_length_9168_cov_6.184571_4	COG0054	223132	1.02e-51	51.852	RibE	6,7-dimethyl-8-ribityllumazine synthase (Riboflavin synthase beta chain)	H	Coenzyme transport and metabolism
NODE_9862_length_9168_cov_6.184571_5	COG0108	223186	8.18e-112	63.861	RibB	3,4-dihydroxy-2-butanone 4-phosphate synthase	H	Coenzyme transport and metabolism
NODE_9862_length_9168_cov_6.184571_6	COG1063	223991	1.55e-60	31.186	Tdh	Threonine dehydrogenase or related Zn-dependent dehydrogenase	E	Amino acid transport and metabolism
NODE_9862_length_9168_cov_6.184571_7	COG1063	223991	3.84e-65	34.648	Tdh	Threonine dehydrogenase or related Zn-dependent dehydrogenase	E	Amino acid transport and metabolism
NODE_9862_length_9168_cov_6.184571_8	COG0824	223894	6.19e-29	32.593	FadM	Acyl-CoA thioesterase FadM	I	Lipid transport and metabolism
NODE_9862_length_9168_cov_6.184571_9	COG0307	223384	3.35e-83	47.644	RibC	Riboflavin synthase alpha chain	H	Coenzyme transport and metabolism
NODE_9862_length_9168_cov_6.184571_10	COG0117	223195	2.86e-50	59.504	RibD1	Riboflavin biosynthesis protein RibD, pyrimidine deaminase domain	H	Coenzyme transport and metabolism
NODE_9862_length_9168_cov_6.184571_11	COG2343	225220	4.2e-40	47.253		Uncharacterized conserved protein, DUF427 family	S	Function unknown
NODE_9862_length_9168_cov_6.184571_12	COG1040	223970	6.14e-20	37.5	ComFC	DNA utilization protein ComFC/GntX, contains phosphoribosyltransferase domain	R	General function prediction only
NODE_10066_length_9008_cov_6.540824_1	COG0190	223268	9.61e-80	46.154	FolD	5,10-methylene-tetrahydrofolate dehydrogenase/Methenyl tetrahydrofolate cyclohydrolase	H	Coenzyme transport and metabolism
NODE_10066_length_9008_cov_6.540824_3	COG0596	223669	2.8e-27	29.545	MenH	2-succinyl-6-hydroxy-2,4-cyclohexadiene-1-carboxylate synthase MenH and related esterases, alpha/beta hydrolase fold	H	Coenzyme transport and metabolism
NODE_10066_length_9008_cov_6.540824_4	COG0526	223600	3.11e-16	27.642	TrxA	Thiol-disulfide isomerase or thioredoxin	O	Posttranslational modification, protein turnover, chaperones
NODE_10066_length_9008_cov_6.540824_6	COG2206	225116	2.24e-60	40.331	HDGYP	HD-GYP domain, c-di-GMP phosphodiesterase class II (or its inactivated variant)	T	Signal transduction mechanisms
NODE_10066_length_9008_cov_6.540824_7	COG0312	223389	6.69e-43	27.412	TldD	Zn-dependent protease PmbA/TldA or its inactivated homolog	R	General function prediction only
NODE_10066_length_9008_cov_6.540824_8	COG0312	223389	1.3e-92	29.35	TldD	Zn-dependent protease PmbA/TldA or its inactivated homolog	R	General function prediction only
NODE_10066_length_9008_cov_6.540824_10	COG0388	223465	1.36e-11	29.703	Nit2	Omega-amidase YafV/Nit2, hydrolyzes alpha-ketoglutaramate	C	Energy production and conversion
NODE_10109_length_8978_cov_6.733722_1	COG3281	225820	2.1e-79	35.714	Ble	Predicted trehalose synthase	G	Carbohydrate transport and metabolism
NODE_10109_length_8978_cov_6.733722_2	COG0296	223373	0.0	57.795	GlgB	1,4-alpha-glucan branching enzyme	G	Carbohydrate transport and metabolism
NODE_10109_length_8978_cov_6.733722_4	COG0841	223911	0.0	28.558	AcrB	Multidrug efflux pump subunit AcrB	V	Defense mechanisms
NODE_10109_length_8978_cov_6.733722_5	COG0845	223914	4.25e-08	28.022	AcrA	Multidrug efflux pump subunit AcrA (membrane-fusion protein)	M	Cell wall/membrane/envelope biogenesis
NODE_10211_length_8899_cov_8.401967_1	COG2084	224995	2.72e-25	30.0	MmsB	3-hydroxyisobutyrate dehydrogenase or related beta-hydroxyacid dehydrogenase	I	Lipid transport and metabolism
NODE_10211_length_8899_cov_8.401967_2	COG2030	224941	7.34e-38	36.913	MaoC	Acyl-CoA dehydratase PaaZ	I	Lipid transport and metabolism
NODE_10211_length_8899_cov_8.401967_3	COG0386	223463	3.09e-90	50.276	BtuE	Thioredoxin/glutathione peroxidase BtuE, reduces lipid peroxides	V	Defense mechanisms
NODE_10211_length_8899_cov_8.401967_4	COG0657	223730	1.92e-21	22.789	Aes	Acetyl esterase/lipase	I	Lipid transport and metabolism
NODE_10211_length_8899_cov_8.401967_6	COG0209	223287	8.04e-134	30.267	NrdA	Ribonucleotide reductase alpha subunit	F	Nucleotide transport and metabolism
NODE_10211_length_8899_cov_8.401967_7	COG2179	225090	4.69e-51	41.667	YqeG	Predicted phosphohydrolase YqeG, HAD superfamily	R	General function prediction only
NODE_10211_length_8899_cov_8.401967_8	COG1011	223943	1.56e-32	29.817	YigB	FMN and 5-amino-6-(5-phospho-D-ribitylamino)uracil phosphatase YigB, HAD superfamily (riboflavin biosynthesis)	H	Coenzyme transport and metabolism
NODE_10211_length_8899_cov_8.401967_9	COG0169	223247	2.89e-39	33.955	AroE	Shikimate 5-dehydrogenase	E	Amino acid transport and metabolism
NODE_10551_length_8649_cov_6.836863_2	COG2172	225083	1.71e-19	30.827	RsbW	Anti-sigma regulatory factor (Ser/Thr protein kinase)	T	Signal transduction mechanisms
NODE_10551_length_8649_cov_6.836863_3	COG0643	223716	5.06e-38	42.308	CheA	Chemotaxis protein histidine kinase CheA	T	Signal transduction mechanisms
NODE_10551_length_8649_cov_6.836863_4	COG2204	225114	1.16e-28	40.741	AtoC	DNA-binding transcriptional response regulator, NtrC family, contains REC, AAA-type ATPase, and a Fis-type DNA-binding domains	T	Signal transduction mechanisms
NODE_10551_length_8649_cov_6.836863_5	COG2433	225288	0.00037	26.471		Possible nuclease of RNase H fold, RuvC/YqgF family	R	General function prediction only
NODE_10551_length_8649_cov_6.836863_6	COG1835	224748	5.15e-18	20.759	OafA	Peptidoglycan/LPS O-acetylase OafA/YrhL, contains acyltransferase and SGNH-hydrolase domains	M	Cell wall/membrane/envelope biogenesis
NODE_10551_length_8649_cov_6.836863_8	COG4805	227142	2.46e-28	30.258		Uncharacterized conserved protein, DUF885 family	S	Function unknown
NODE_10571_length_8636_cov_7.365575_1	COG2887	225441	2.29e-12	23.077	Slr0479	RecB family exonuclease	L	Replication, recombination and repair
NODE_10571_length_8636_cov_7.365575_2	COG0210	223288	3.41e-26	22.78	UvrD	Superfamily I DNA or RNA helicase	L	Replication, recombination and repair
NODE_10571_length_8636_cov_7.365575_3	COG5267	227592	7.83e-78	30.28		Uncharacterized conserved protein, DUF1800 family	S	Function unknown
NODE_10571_length_8636_cov_7.365575_4	COG4102	226587	2.18e-57	27.816		Uncharacterized conserved protein, DUF1501 family	S	Function unknown
NODE_10571_length_8636_cov_7.365575_5	COG3903	226418	6.49e-19	31.18		Predicted ATPase	R	General function prediction only
NODE_10612_length_8613_cov_7.338280_1	COG2808	225366	2.56e-79	51.323	PaiB	Predicted FMN-binding regulatory protein PaiB	T	Signal transduction mechanisms
NODE_10612_length_8613_cov_7.338280_2	COG2114	225025	8.58e-30	33.981	AcyC	Adenylate cyclase, class 3	T	Signal transduction mechanisms
NODE_10612_length_8613_cov_7.338280_4	COG1558	224474	3.24e-10	26.027	FlgC	Flagellar basal body rod protein FlgC	N	Cell motility
NODE_10612_length_8613_cov_7.338280_6	COG1766	224680	4.06e-32	23.49	FliF	Flagellar biosynthesis/type III secretory pathway M-ring protein FliF/YscJ	N	Cell motility
NODE_10612_length_8613_cov_7.338280_8	COG1157	224079	1.99e-127	43.237	FliI	Flagellar biosynthesis/type III secretory pathway ATPase FliI	N	Cell motility
NODE_10612_length_8613_cov_7.338280_9	COG0741	223812	2.39e-25	44.828	MltE	Soluble lytic murein transglycosylase or regulatory protein s ( may contain LysM/invasin domain)	M	Cell wall/membrane/envelope biogenesis
NODE_10612_length_8613_cov_7.338280_10	COG3577	226106	3.15e-05	28.409		Predicted aspartyl protease	R	General function prediction only
NODE_10700_length_8550_cov_6.755621_1	COG0079	223157	4.79e-56	38.35	HisC	Histidinol-phosphate/aromatic aminotransferase or cobyric acid decarboxylase	E	Amino acid transport and metabolism
NODE_10700_length_8550_cov_6.755621_2	COG2823	225379	1.84e-10	23.622	OsmY	Osmotically-inducible protein OsmY, contains BON domain	M	Cell wall/membrane/envelope biogenesis
NODE_10700_length_8550_cov_6.755621_3	COG0303	223380	9.16e-120	41.353	MoeA	Molybdopterin Mo-transferase (molybdopterin biosynthesis)	H	Coenzyme transport and metabolism
NODE_10700_length_8550_cov_6.755621_4	COG0172	223250	0.0	55.189	SerS	Seryl-tRNA synthetase	J	Translation, ribosomal structure and biogenesis
NODE_10700_length_8550_cov_6.755621_5	COG1280	224199	2.61e-18	31.313	RhtB	Threonine/homoserine/homoserine lactone efflux protein	E	Amino acid transport and metabolism
NODE_10700_length_8550_cov_6.755621_6	COG1051	223979	0.003	25.275	YjhB	ADP-ribose pyrophosphatase YjhB, NUDIX family	F	Nucleotide transport and metabolism
NODE_10700_length_8550_cov_6.755621_7	COG1233	224154	5.66e-101	28.814		Phytoene dehydrogenase-related protein	Q	Secondary metabolites biosynthesis, transport and catabolism
NODE_10704_length_8548_cov_7.345814_1	COG0812	223882	1.62e-87	40.339	MurB	UDP-N-acetylenolpyruvoylglucosamine reductase	M	Cell wall/membrane/envelope biogenesis
NODE_10704_length_8548_cov_7.345814_2	COG1181	224102	2.47e-101	41.824	DdlA	D-alanine-D-alanine ligase or related ATP-grasp enzyme	M	Cell wall/membrane/envelope biogenesis
NODE_10704_length_8548_cov_7.345814_3	COG2208	225118	7.69e-42	33.591	RsbU	Phosphoserine phosphatase RsbU, regulator of sigma subunit	T	Signal transduction mechanisms
NODE_10704_length_8548_cov_7.345814_4	COG0372	223449	1.85e-139	47.244	GltA	Citrate synthase	C	Energy production and conversion
NODE_10704_length_8548_cov_7.345814_5	COG0131	223209	1.49e-87	55.729	HisB2	Imidazoleglycerol phosphate dehydratase HisB	E	Amino acid transport and metabolism
NODE_10704_length_8548_cov_7.345814_6	COG0372	223449	2.81e-176	52.551	GltA	Citrate synthase	C	Energy production and conversion
NODE_10704_length_8548_cov_7.345814_7	COG0118	223196	5.48e-91	50.746	HisH	Imidazoleglycerol phosphate synthase glutamine amidotransferase subunit HisH	E	Amino acid transport and metabolism
NODE_10704_length_8548_cov_7.345814_8	COG0106	223184	2.61e-78	40.678	HisA	Phosphoribosylformimino-5-aminoimidazole carboxamide ribonucleotide (ProFAR) isomerase	E	Amino acid transport and metabolism
NODE_10704_length_8548_cov_7.345814_9	COG0787	223858	2.26e-20	43.548	Alr	Alanine racemase	M	Cell wall/membrane/envelope biogenesis
NODE_10970_length_8346_cov_7.682789_1	COG0654	223727	1.55e-10	44.068	UbiH	2-polyprenyl-6-methoxyphenol hydroxylase and related FAD-dependent oxidoreductases	H	Coenzyme transport and metabolism
NODE_10970_length_8346_cov_7.682789_2	COG2226	225136	2.22e-20	26.712	UbiE	Ubiquinone/menaquinone biosynthesis C-methylase UbiE/MenG	H	Coenzyme transport and metabolism
NODE_10970_length_8346_cov_7.682789_3	COG1146	224069	5.26e-13	42.424	PreA	NAD-dependent dihydropyrimidine dehydrogenase, PreA subunit	F	Nucleotide transport and metabolism
NODE_10970_length_8346_cov_7.682789_4	COG0542	223616	0.0	52.208	ClpA	ATP-dependent Clp protease, ATP-binding subunit ClpA	O	Posttranslational modification, protein turnover, chaperones
NODE_10970_length_8346_cov_7.682789_7	COG0526	223600	2.16e-17	32.52	TrxA	Thiol-disulfide isomerase or thioredoxin	O	Posttranslational modification, protein turnover, chaperones
NODE_10970_length_8346_cov_7.682789_8	COG0196	223274	1.21e-88	39.735	RibF	FAD synthase	H	Coenzyme transport and metabolism
NODE_10970_length_8346_cov_7.682789_9	COG0130	223208	5.59e-66	33.898	TruB	tRNA U55 pseudouridine synthase TruB, may also work on U342 of tmRNA	J	Translation, ribosomal structure and biogenesis
NODE_10970_length_8346_cov_7.682789_10	COG0618	223691	2.77e-06	31.818	NrnA	nanoRNase/pAp phosphatase, hydrolyzes c-di-AMP and oligoRNAs	F	Nucleotide transport and metabolism
NODE_11237_length_8165_cov_7.054377_1	COG1674	224588	2.28e-24	47.436	FtsK	DNA segregation ATPase FtsK/SpoIIIE or related protein	D	Cell cycle control, cell division, chromosome partitioning
NODE_11237_length_8165_cov_7.054377_2	COG1674	224588	9.12e-29	43.75	FtsK	DNA segregation ATPase FtsK/SpoIIIE or related protein	D	Cell cycle control, cell division, chromosome partitioning
NODE_11237_length_8165_cov_7.054377_3	COG0577	223650	0.000163	31.25	SalY	ABC-type antimicrobial peptide transport system, permease component	V	Defense mechanisms
NODE_11237_length_8165_cov_7.054377_4	COG0577	223650	6.25e-31	26.555	SalY	ABC-type antimicrobial peptide transport system, permease component	V	Defense mechanisms
NODE_11237_length_8165_cov_7.054377_5	COG0845	223914	6.57e-11	21.939	AcrA	Multidrug efflux pump subunit AcrA (membrane-fusion protein)	M	Cell wall/membrane/envelope biogenesis
NODE_11237_length_8165_cov_7.054377_6	COG1538	224455	1.35e-25	22.759	TolC	Outer membrane protein TolC	M	Cell wall/membrane/envelope biogenesis
NODE_11237_length_8165_cov_7.054377_10	COG0595	223668	6.31e-124	47.203	RnjA	mRNA degradation ribonuclease J1/J2	J	Translation, ribosomal structure and biogenesis
NODE_11289_length_8140_cov_7.210266_2	COG5001	227334	1.43e-104	36.748		Cyclic di-GMP metabolism protein, combines GGDEF and EAL domains with a 6TM membrane domain	T	Signal transduction mechanisms
NODE_11289_length_8140_cov_7.210266_3	COG1061	223989	5.67e-33	22.821	SSL2	Superfamily II DNA or RNA helicase	K	Transcription
NODE_11289_length_8140_cov_7.210266_4	COG1024	223955	7.3e-66	36.965	CaiD	Enoyl-CoA hydratase/carnithine racemase	I	Lipid transport and metabolism
NODE_11289_length_8140_cov_7.210266_5	COG3391	225926	8.57e-12	27.717	YncE	DNA-binding beta-propeller fold protein YncE	R	General function prediction only
NODE_11289_length_8140_cov_7.210266_6	COG2159	225070	1.68e-17	22.697	LigW	5-carboxyvanillate decarboxylase LigW (lignin degradation), amidohydro domain	G	Carbohydrate transport and metabolism
NODE_11289_length_8140_cov_7.210266_7	COG1802	224715	7.51e-39	41.294	GntR	DNA-binding transcriptional regulator, GntR family	K	Transcription
NODE_11339_length_8106_cov_8.366290_1	COG1629	224544	2.12e-06	16.0	CirA	Outer membrane receptor protein, Fe transport	P	Inorganic ion transport and metabolism
NODE_11339_length_8106_cov_8.366290_2	COG3391	225926	1.14e-15	31.492	YncE	DNA-binding beta-propeller fold protein YncE	R	General function prediction only
NODE_11339_length_8106_cov_8.366290_3	COG1119	224044	2.98e-57	39.474	ModF	ABC-type molybdenum transport system, ATPase component ModF/photorepair protein PhrA	P	Inorganic ion transport and metabolism
NODE_11339_length_8106_cov_8.366290_5	COG2021	224932	2.97e-100	43.544	MET2	Homoserine O-acetyltransferase	E	Amino acid transport and metabolism
NODE_11339_length_8106_cov_8.366290_6	COG2873	225428	0.0	67.146	MET17	O-acetylhomoserine/O-acetylserine sulfhydrylase, pyridoxal phosphate-dependent	E	Amino acid transport and metabolism
NODE_11339_length_8106_cov_8.366290_7	COG0460	223536	5.58e-44	43.275	ThrA	Homoserine dehydrogenase	E	Amino acid transport and metabolism
NODE_11467_length_8013_cov_7.760367_1	COG1472	224389	2.82e-63	36.812	BglX	Periplasmic beta-glucosidase and related glycosidases	G	Carbohydrate transport and metabolism
NODE_11467_length_8013_cov_7.760367_5	COG1629	224544	1.56e-10	15.119	CirA	Outer membrane receptor protein, Fe transport	P	Inorganic ion transport and metabolism
NODE_11467_length_8013_cov_7.760367_6	COG2814	225371	0.001	23.636	AraJ	Predicted arabinose efflux permease AraJ, MFS family	G	Carbohydrate transport and metabolism
NODE_11494_length_7994_cov_7.342109_3	COG0726	223798	9.58e-15	26.087	CDA1	Peptidoglycan/xylan/chitin deacetylase, PgdA/NodB/CDA1 family	G	Carbohydrate transport and metabolism
NODE_11494_length_7994_cov_7.342109_5	COG4632	226979	1.39e-05	32.53	NAGPA	Sugar-P-sugar glycosidase (uncovering enzyme, UCE), NAGPA superfamily	G	Carbohydrate transport and metabolism
NODE_11494_length_7994_cov_7.342109_6	COG0726	223798	1.28e-25	30.645	CDA1	Peptidoglycan/xylan/chitin deacetylase, PgdA/NodB/CDA1 family	G	Carbohydrate transport and metabolism
NODE_11494_length_7994_cov_7.342109_8	COG1240	224161	3.23e-10	30.128	ChlD	vWFA (von Willebrand factor type A) domain of Mg and Co chelatases	H	Coenzyme transport and metabolism
NODE_11670_length_7885_cov_6.029374_1	COG0154	223232	4.38e-71	35.859	GatA	Asp-tRNAAsn/Glu-tRNAGln amidotransferase A subunit or related amidase	J	Translation, ribosomal structure and biogenesis
NODE_11670_length_7885_cov_6.029374_4	COG1629	224544	4.91e-05	15.148	CirA	Outer membrane receptor protein, Fe transport	P	Inorganic ion transport and metabolism
NODE_11670_length_7885_cov_6.029374_5	COG1173	224094	2.17e-101	50.0	DppC	ABC-type dipeptide/oligopeptide/nickel transport system, permease component	E	Amino acid transport and metabolism
NODE_11894_length_7744_cov_6.080635_1	COG0769	223840	1.89e-133	47.109	MurE	UDP-N-acetylmuramyl tripeptide synthase	M	Cell wall/membrane/envelope biogenesis
NODE_11894_length_7744_cov_6.080635_2	COG0770	223841	5.33e-92	36.73	MurF	UDP-N-acetylmuramyl pentapeptide synthase	M	Cell wall/membrane/envelope biogenesis
NODE_11894_length_7744_cov_6.080635_3	COG1478	224395	2.88e-09	27.097	CofE	F420-0:Gamma-glutamyl ligase (F420 biosynthesis)	H	Coenzyme transport and metabolism
NODE_11894_length_7744_cov_6.080635_4	COG0472	223548	5.95e-59	38.194	Rfe	UDP-N-acetylmuramyl pentapeptide phosphotransferase/UDP-N-acetylglucosamine-1-phosphate transferase	M	Cell wall/membrane/envelope biogenesis
NODE_11894_length_7744_cov_6.080635_5	COG0771	223842	6.74e-124	39.294	MurD	UDP-N-acetylmuramoylalanine-D-glutamate ligase	M	Cell wall/membrane/envelope biogenesis
NODE_11894_length_7744_cov_6.080635_6	COG0772	223843	2.68e-112	43.514	FtsW	Peptodoglycan polymerase FtsW/RodA/SpoVE	D	Cell cycle control, cell division, chromosome partitioning
NODE_11894_length_7744_cov_6.080635_7	COG0707	223779	2.36e-30	37.584	MurG	UDP-N-acetylglucosamine:LPS N-acetylglucosamine transferase	M	Cell wall/membrane/envelope biogenesis
NODE_12388_length_7469_cov_7.192069_1	COG0747	223818	1.25e-05	22.439	DdpA	ABC-type transport system, periplasmic component	E	Amino acid transport and metabolism
NODE_12388_length_7469_cov_7.192069_2	COG0747	223818	9.02e-14	25.0	DdpA	ABC-type transport system, periplasmic component	E	Amino acid transport and metabolism
NODE_12388_length_7469_cov_7.192069_3	COG0058	223136	9.17e-161	33.601	GlgP	Glucan phosphorylase	G	Carbohydrate transport and metabolism
NODE_12388_length_7469_cov_7.192069_5	COG5621	227908	5.03e-35	26.471	CrtC	Predicted lipocalin, contains AttH/CrtC domain	R	General function prediction only
NODE_12388_length_7469_cov_7.192069_6	COG4591	226957	1.62e-13	22.156	LolE	ABC-type transport system involved in lipoprotein release, permease component LolC	M	Cell wall/membrane/envelope biogenesis
NODE_12388_length_7469_cov_7.192069_7	COG0657	223730	1.03e-11	30.488	Aes	Acetyl esterase/lipase	I	Lipid transport and metabolism
NODE_12524_length_7383_cov_7.339247_3	COG0494	223568	1e-06	31.429	MutT	8-oxo-dGTP pyrophosphatase MutT and related house-cleaning NTP pyrophosphohydrolases, NUDIX family	V	Defense mechanisms
NODE_12524_length_7383_cov_7.339247_6	COG1597	224513	6.54e-52	31.419	LCB5	Phosphatidylglycerol kinase, diacylglycerol kinase family	I	Lipid transport and metabolism
NODE_12524_length_7383_cov_7.339247_7	COG0671	223743	3.25e-05	29.412	PgpB	Membrane-associated phospholipid phosphatase	I	Lipid transport and metabolism
NODE_12524_length_7383_cov_7.339247_8	COG3173	225714	5.25e-73	35.119	YcbJ	Predicted  kinase, aminoglycoside phosphotransferase (APT) family	R	General function prediction only
NODE_12524_length_7383_cov_7.339247_9	COG0513	223587	9.59e-155	49.735	SrmB	Superfamily II DNA and RNA helicase	L	Replication, recombination and repair
NODE_12524_length_7383_cov_7.339247_10	COG3564	226094	5.76e-67	64.912		Uncharacterized conserved protein, DUF779 family	S	Function unknown
NODE_12620_length_7342_cov_7.194868_1	COG1807	224720	3.38e-07	26.554	ArnT	PMT family glycosyltransferase ArnT/Agl22, involved in glycosylation of proteins and lipid IVA	M	Cell wall/membrane/envelope biogenesis
NODE_12620_length_7342_cov_7.194868_2	COG2244	225153	2.61e-12	20.494	RfbX	Membrane protein involved in the export of O-antigen and teichoic acid	M	Cell wall/membrane/envelope biogenesis
NODE_12620_length_7342_cov_7.194868_3	COG0438	223515	3.38e-15	22.343	RfaB	Glycosyltransferase involved in cell wall bisynthesis	M	Cell wall/membrane/envelope biogenesis
NODE_12620_length_7342_cov_7.194868_4	COG3307	225844	0.005	19.008	RfaL	O-antigen ligase	M	Cell wall/membrane/envelope biogenesis
NODE_12620_length_7342_cov_7.194868_5	COG5360	227658	5.55e-19	26.077		Uncharacterized conserved protein, heparinase superfamily	R	General function prediction only
NODE_12726_length_7286_cov_7.191675_1	COG0029	223108	3.03e-155	54.592	NadB	Aspartate oxidase	H	Coenzyme transport and metabolism
NODE_12726_length_7286_cov_7.191675_2	COG0379	223456	3.77e-154	50.0	NadA	Quinolinate synthase	H	Coenzyme transport and metabolism
NODE_12726_length_7286_cov_7.191675_3	COG1703	224617	3.11e-106	46.945	ArgK	GTPase of the G3E family (not a periplasmic protein kinase)	O	Posttranslational modification, protein turnover, chaperones
NODE_12726_length_7286_cov_7.191675_5	COG4946	227282	1.78e-141	35.061		Uncharacterized N-terminal domain of tricorn protease, contains WD40 repeats	S	Function unknown
NODE_12863_length_7225_cov_7.244770_1	COG4221	226674	2.22e-32	38.129	YdfG	NADP-dependent 3-hydroxy acid dehydrogenase YdfG	C	Energy production and conversion
NODE_12863_length_7225_cov_7.244770_3	COG0410	223487	4.87e-102	55.508	LivF	ABC-type branched-chain amino acid transport system, ATPase component LivF	E	Amino acid transport and metabolism
NODE_12863_length_7225_cov_7.244770_4	COG0411	223488	1.92e-107	50.4	LivG	ABC-type branched-chain amino acid transport system, ATPase component LivG	E	Amino acid transport and metabolism
NODE_12863_length_7225_cov_7.244770_5	COG4177	226645	7.07e-60	38.983	LivM	ABC-type branched-chain amino acid transport system, permease component	E	Amino acid transport and metabolism
NODE_12863_length_7225_cov_7.244770_6	COG0559	223633	2.05e-52	40.69	LivH	Branched-chain amino acid ABC-type transport system, permease component	E	Amino acid transport and metabolism
NODE_12863_length_7225_cov_7.244770_7	COG0683	223755	2.51e-48	29.491	LivK	ABC-type branched-chain amino acid transport system, periplasmic component	E	Amino acid transport and metabolism
NODE_12863_length_7225_cov_7.244770_8	COG0159	223237	1.97e-90	42.46	TrpA	Tryptophan synthase alpha chain	E	Amino acid transport and metabolism
NODE_12863_length_7225_cov_7.244770_9	COG0133	223211	1.39e-108	59.788	TrpB	Tryptophan synthase beta chain	E	Amino acid transport and metabolism
NODE_12997_length_7145_cov_6.911142_2	COG0665	223737	6.93e-43	37.158	DadA	Glycine/D-amino acid oxidase (deaminating)	E	Amino acid transport and metabolism
NODE_12997_length_7145_cov_6.911142_3	COG2104	225015	2.17e-14	41.935	ThiS	Sulfur carrier protein ThiS (thiamine biosynthesis)	H	Coenzyme transport and metabolism
NODE_12997_length_7145_cov_6.911142_4	COG2022	224933	2.35e-144	61.328	ThiG	Thiazole synthase ThiGH, ThiG subunit (thiamin biosynthesis)	H	Coenzyme transport and metabolism
NODE_12997_length_7145_cov_6.911142_5	COG0607	223680	1.46e-24	40.367	PspE	Rhodanese-related sulfurtransferase	P	Inorganic ion transport and metabolism
NODE_12997_length_7145_cov_6.911142_7	COG1225	224146	9.24e-70	53.333	Bcp	Peroxiredoxin	O	Posttranslational modification, protein turnover, chaperones
NODE_12997_length_7145_cov_6.911142_8	COG1234	224155	5.38e-43	26.46	ElaC	Ribonuclease BN, tRNA processing enzyme	J	Translation, ribosomal structure and biogenesis
NODE_12997_length_7145_cov_6.911142_9	COG0461	223537	2.97e-34	32.394	PyrE	Orotate phosphoribosyltransferase	F	Nucleotide transport and metabolism
NODE_12997_length_7145_cov_6.911142_10	COG0747	223818	3.73e-95	29.277	DdpA	ABC-type transport system, periplasmic component	E	Amino acid transport and metabolism
NODE_13507_length_6879_cov_6.554220_1	COG0145	223223	4.71e-162	44.656	HyuA	N-methylhydantoinase A/oxoprolinase/acetone carboxylase, beta subunit	E	Amino acid transport and metabolism
NODE_13507_length_6879_cov_6.554220_2	COG2818	225374	2.3e-85	51.136	Tag	3-methyladenine DNA glycosylase Tag	L	Replication, recombination and repair
NODE_13507_length_6879_cov_6.554220_5	COG0569	223643	3.97e-37	35.135	TrkA	Trk/Ktr K+ transport system regulatory component TrkA/KtrA/KtrC, RCK domain	P	Inorganic ion transport and metabolism
NODE_13507_length_6879_cov_6.554220_6	COG1629	224544	1.25e-15	19.594	CirA	Outer membrane receptor protein, Fe transport	P	Inorganic ion transport and metabolism
NODE_13602_length_6837_cov_7.389118_2	COG0223	223301	3.59e-84	41.751	Fmt	Methionyl-tRNA formyltransferase	J	Translation, ribosomal structure and biogenesis
NODE_13602_length_6837_cov_7.389118_3	COG0242	223320	1.69e-65	52.98	Def	Peptide deformylase	J	Translation, ribosomal structure and biogenesis
NODE_13602_length_6837_cov_7.389118_4	COG1476	224393	3.6e-19	46.429	XRE	DNA-binding transcriptional regulator, XRE-family HTH domain	K	Transcription
NODE_13602_length_6837_cov_7.389118_6	COG1220	224141	0.0	53.814	HslU	ATP-dependent protease HslVU (ClpYQ), ATPase subunit HslU	O	Posttranslational modification, protein turnover, chaperones
NODE_13602_length_6837_cov_7.389118_8	COG0624	223697	1.33e-63	26.829	ArgE	Acetylornithine deacetylase/Succinyl-diaminopimelate desuccinylase or related deacylase	E	Amino acid transport and metabolism
NODE_13647_length_6814_cov_8.257730_2	COG2197	225107	3.71e-55	38.049	CitB	DNA-binding response regulator, NarL/FixJ family, contains REC and HTH domains	T	Signal transduction mechanisms
NODE_13647_length_6814_cov_8.257730_3	COG0526	223600	1.73e-16	29.508	TrxA	Thiol-disulfide isomerase or thioredoxin	O	Posttranslational modification, protein turnover, chaperones
NODE_13647_length_6814_cov_8.257730_4	COG1629	224544	3.81e-07	14.341	CirA	Outer membrane receptor protein, Fe transport	P	Inorganic ion transport and metabolism
NODE_13647_length_6814_cov_8.257730_7	COG0787	223858	1.86e-81	41.935	Alr	Alanine racemase	M	Cell wall/membrane/envelope biogenesis
NODE_14071_length_6624_cov_7.811082_1	COG0234	223312	8.18e-22	68.085	GroES	Co-chaperonin GroES (HSP10)	O	Posttranslational modification, protein turnover, chaperones
NODE_14071_length_6624_cov_7.811082_2	COG3287	225825	1.73e-82	34.545	FIST	FIST domain protein MJ1623, contains FIST_N and FIST_C domains	T	Signal transduction mechanisms
NODE_14071_length_6624_cov_7.811082_3	COG0642	223715	4.26e-44	30.545	BaeS	Signal transduction histidine kinase	T	Signal transduction mechanisms
NODE_14071_length_6624_cov_7.811082_4	COG4993	227326	3.17e-89	24.673	Gcd	Glucose dehydrogenase, PQQ-dependent	G	Carbohydrate transport and metabolism
NODE_14071_length_6624_cov_7.811082_6	COG3258	225797	9.88e-05	27.451	TsdA	Thiosulfate dehydrogenase TsdA, contains C-terminal cytochrome c domain	P	Inorganic ion transport and metabolism
NODE_14115_length_6601_cov_7.719218_1	COG0654	223727	9.43e-21	28.077	UbiH	2-polyprenyl-6-methoxyphenol hydroxylase and related FAD-dependent oxidoreductases	H	Coenzyme transport and metabolism
NODE_14115_length_6601_cov_7.719218_2	COG5637	227924	4.75e-06	22.667		Uncharacterized protein, contains SRPBCC domain	S	Function unknown
NODE_14115_length_6601_cov_7.719218_3	COG0304	223381	8.16e-136	45.75	FabB	3-oxoacyl-(acyl-carrier-protein) synthase	I	Lipid transport and metabolism
NODE_14115_length_6601_cov_7.719218_4	COG1136	224059	1.79e-100	49.533	LolD	ABC-type lipoprotein export system, ATPase component	M	Cell wall/membrane/envelope biogenesis
NODE_14115_length_6601_cov_7.719218_5	COG1670	224584	3.69e-20	30.088	RimL	Protein N-acetyltransferase, RimJ/RimL family	J	Translation, ribosomal structure and biogenesis
NODE_14115_length_6601_cov_7.719218_7	COG3220	225761	2.33e-56	31.481		Uncharacterized conserved protein, UPF0276 family	S	Function unknown
NODE_14170_length_6576_cov_5.189235_1	COG2202	225112	2.64e-14	22.269	PAS	PAS domain	T	Signal transduction mechanisms
NODE_14170_length_6576_cov_5.189235_2	COG2208	225118	5.5e-40	35.652	RsbU	Phosphoserine phosphatase RsbU, regulator of sigma subunit	T	Signal transduction mechanisms
NODE_14170_length_6576_cov_5.189235_3	COG1816	224729	4.33e-67	37.971	Add	Adenosine deaminase	F	Nucleotide transport and metabolism
NODE_14170_length_6576_cov_5.189235_6	COG1321	224240	9.5e-49	40.909	MntR	Mn-dependent transcriptional regulator MntR, DtxR family	K	Transcription
NODE_14170_length_6576_cov_5.189235_7	COG0498	223572	1.31e-38	37.885	ThrC	Threonine synthase	E	Amino acid transport and metabolism
NODE_14443_length_6463_cov_8.351436_1	COG1012	223944	1.86e-95	40.741	AdhE	Acyl-CoA reductase or other NAD-dependent aldehyde dehydrogenase	I	Lipid transport and metabolism
NODE_14443_length_6463_cov_8.351436_2	COG1262	224182	1.8e-36	30.249	YfmG	Formylglycine-generating enzyme, required for sulfatase activity, contains SUMF1/FGE domain	O	Posttranslational modification, protein turnover, chaperones
NODE_14443_length_6463_cov_8.351436_3	COG0538	223612	4.3e-169	33.017	Icd	Isocitrate dehydrogenase	C	Energy production and conversion
NODE_14443_length_6463_cov_8.351436_4	COG0614	223687	1.09e-32	24.49	FepB	ABC-type Fe3+-hydroxamate transport system, periplasmic component	P	Inorganic ion transport and metabolism
NODE_14443_length_6463_cov_8.351436_5	COG0221	223299	7.04e-71	51.205	Ppa	Inorganic pyrophosphatase	C	Energy production and conversion
NODE_14443_length_6463_cov_8.351436_6	COG0368	223445	3.88e-21	33.79	CobS	Cobalamin synthase CobS (adenosylcobinamide-GDP ribazoletransferase)	H	Coenzyme transport and metabolism
NODE_14443_length_6463_cov_8.351436_7	COG2038	224949	4.85e-32	53.913	CobT	NaMN:DMB phosphoribosyltransferase	H	Coenzyme transport and metabolism
NODE_14688_length_6362_cov_8.184715_3	COG0702	223774	5e-34	26.408	YbjT	Uncharacterized conserved protein YbjT, contains NAD(P)-binding and DUF2867 domains	R	General function prediction only
NODE_14688_length_6362_cov_8.184715_6	COG1835	224748	1.61e-28	24.433	OafA	Peptidoglycan/LPS O-acetylase OafA/YrhL, contains acyltransferase and SGNH-hydrolase domains	M	Cell wall/membrane/envelope biogenesis
NODE_14688_length_6362_cov_8.184715_7	COG2814	225371	0.003	19.602	AraJ	Predicted arabinose efflux permease AraJ, MFS family	G	Carbohydrate transport and metabolism
NODE_14688_length_6362_cov_8.184715_8	COG1102	224027	6.31e-13	27.885	CmkB	Cytidylate kinase	F	Nucleotide transport and metabolism
NODE_14763_length_6337_cov_6.595989_3	COG3463	225994	4.36e-15	23.442		Uncharacterized membrane protein	S	Function unknown
NODE_14763_length_6337_cov_6.595989_4	COG1971	224882	8.23e-24	29.834	MntP	Putative Mn2+ efflux pump MntP	P	Inorganic ion transport and metabolism
NODE_14763_length_6337_cov_6.595989_5	COG2204	225114	7.67e-21	36.066	AtoC	DNA-binding transcriptional response regulator, NtrC family, contains REC, AAA-type ATPase, and a Fis-type DNA-binding domains	T	Signal transduction mechanisms
NODE_14763_length_6337_cov_6.595989_6	COG0506	223580	3.69e-51	28.966	PutA	Proline dehydrogenase	E	Amino acid transport and metabolism
NODE_14763_length_6337_cov_6.595989_7	COG0652	223725	5.05e-40	37.594	PpiB	Peptidyl-prolyl cis-trans isomerase (rotamase) - cyclophilin family	O	Posttranslational modification, protein turnover, chaperones
NODE_14857_length_6304_cov_7.935190_1	COG3899	226415	1.23e-36	23.64		Predicted ATPase	R	General function prediction only
NODE_14857_length_6304_cov_7.935190_2	COG3899	226415	5.13e-13	24.044		Predicted ATPase	R	General function prediction only
NODE_14857_length_6304_cov_7.935190_4	COG1505	224422	2.89e-180	36.161	PreP	Prolyl endopeptidase PreP, S9A serine peptidase family	E	Amino acid transport and metabolism
NODE_14857_length_6304_cov_7.935190_5	COG1959	224870	6.03e-19	26.154	IscR	DNA-binding transcriptional regulator, IscR family	K	Transcription
NODE_15011_length_6241_cov_6.559166_1	COG2217	225127	1.01e-83	45.635	ZntA	Cation-transporting P-type ATPase	P	Inorganic ion transport and metabolism
NODE_15011_length_6241_cov_6.559166_2	COG1366	224285	0.000217	29.474	SpoIIAA	Anti-anti-sigma regulatory factor (antagonist of anti-sigma factor)	T	Signal transduction mechanisms
NODE_15011_length_6241_cov_6.559166_3	COG1804	224717	5.12e-100	37.897	CaiB	Crotonobetainyl-CoA:carnitine CoA-transferase CaiB and related acyl-CoA transferases	I	Lipid transport and metabolism
NODE_15011_length_6241_cov_6.559166_4	COG1257	224177	1.72e-102	40.458	HMG1	Hydroxymethylglutaryl-CoA reductase	I	Lipid transport and metabolism
NODE_15011_length_6241_cov_6.559166_5	COG2172	225083	1.25e-05	24.468	RsbW	Anti-sigma regulatory factor (Ser/Thr protein kinase)	T	Signal transduction mechanisms
NODE_15011_length_6241_cov_6.559166_6	COG0146	223224	0.0	47.429	HyuB	N-methylhydantoinase B/oxoprolinase/acetone carboxylase, alpha subunit	E	Amino acid transport and metabolism
NODE_15011_length_6241_cov_6.559166_7	COG0145	223223	5.58e-27	31.613	HyuA	N-methylhydantoinase A/oxoprolinase/acetone carboxylase, beta subunit	E	Amino acid transport and metabolism
NODE_15331_length_6121_cov_5.997857_1	COG0703	223775	3.08e-42	48.462	AroK	Shikimate kinase	E	Amino acid transport and metabolism
NODE_15331_length_6121_cov_5.997857_3	COG3427	225961	0.01	18.301	CoxG	Carbon monoxide dehydrogenase subunit CoxG	C	Energy production and conversion
NODE_15331_length_6121_cov_5.997857_4	COG0612	223685	6.12e-58	26.484	PqqL	Predicted Zn-dependent peptidase, M16 family	R	General function prediction only
NODE_15331_length_6121_cov_5.997857_5	COG0274	223351	4.14e-47	35.178	DeoC	Deoxyribose-phosphate aldolase	F	Nucleotide transport and metabolism
NODE_15331_length_6121_cov_5.997857_6	COG1012	223944	1.78e-11	45.614	AdhE	Acyl-CoA reductase or other NAD-dependent aldehyde dehydrogenase	I	Lipid transport and metabolism
NODE_15649_length_6011_cov_6.326058_1	COG0484	223560	9.04e-16	41.379	DnaJ	DnaJ-class molecular chaperone with C-terminal Zn finger domain	O	Posttranslational modification, protein turnover, chaperones
NODE_15649_length_6011_cov_6.326058_2	COG1385	224303	5.5e-59	39.506	RsmE	16S rRNA U1498 N3-methylase RsmE	J	Translation, ribosomal structure and biogenesis
NODE_15649_length_6011_cov_6.326058_3	COG0463	223539	5.88e-22	22.749	WcaA	Glycosyltransferase involved in cell wall bisynthesis	M	Cell wall/membrane/envelope biogenesis
NODE_15649_length_6011_cov_6.326058_4	COG0777	223848	2.04e-137	58.015	AccD	Acetyl-CoA carboxylase beta subunit	I	Lipid transport and metabolism
NODE_15649_length_6011_cov_6.326058_5	COG0825	223895	6.19e-146	55.41	AccA	Acetyl-CoA carboxylase alpha subunit	I	Lipid transport and metabolism
NODE_15649_length_6011_cov_6.326058_8	COG1737	224651	9.09e-91	37.591	RpiR	DNA-binding transcriptional regulator, MurR/RpiR family, contains HTH and SIS domains	K	Transcription
NODE_15649_length_6011_cov_6.326058_9	COG0248	223326	1.26e-22	34.234	GppA	Exopolyphosphatase/pppGpp-phosphohydrolase	F	Nucleotide transport and metabolism
NODE_15973_length_5899_cov_7.176078_1	COG0768	223839	3.55e-29	34.132	FtsI	Cell division protein FtsI, peptidoglycan transpeptidase (Penicillin-binding protein 2)	D	Cell cycle control, cell division, chromosome partitioning
NODE_15973_length_5899_cov_7.176078_3	COG0841	223911	0.0	29.229	AcrB	Multidrug efflux pump subunit AcrB	V	Defense mechanisms
NODE_16051_length_5876_cov_15.878028_1	COG3328	225865	7.71e-16	28.09	IS285	Transposase (or an inactivated derivative)	X	Mobilome: prophages, transposons
NODE_16051_length_5876_cov_15.878028_4	COG1914	224826	9.08e-75	29.274	MntH	Mn2+ or Fe2+ transporter, NRAMP family	P	Inorganic ion transport and metabolism
NODE_16051_length_5876_cov_15.878028_6	COG2421	225279	5.11e-20	46.575	FmdA	Acetamidase/formamidase	C	Energy production and conversion
NODE_16775_length_5660_cov_7.418733_1	COG0085	223163	0.0	59.195	RpoB	DNA-directed RNA polymerase, beta subunit/140 kD subunit	K	Transcription
NODE_17038_length_5585_cov_6.264376_1	COG0532	223606	0.0	57.6	InfB	Translation initiation factor IF-2, a GTPase	J	Translation, ribosomal structure and biogenesis
NODE_17038_length_5585_cov_6.264376_5	COG0858	223927	1.86e-34	43.119	RbfA	Ribosome-binding factor RbfA	J	Translation, ribosomal structure and biogenesis
NODE_17038_length_5585_cov_6.264376_6	COG0618	223691	1.12e-42	27.857	NrnA	nanoRNase/pAp phosphatase, hydrolyzes c-di-AMP and oligoRNAs	F	Nucleotide transport and metabolism
NODE_17419_length_5476_cov_6.848552_1	COG0541	223615	0.0	57.442	Ffh	Signal recognition particle GTPase	U	Intracellular trafficking, secretion, and vesicular transport
NODE_17419_length_5476_cov_6.848552_2	COG0228	223306	2.49e-36	55.952	RpsP	Ribosomal protein S16	J	Translation, ribosomal structure and biogenesis
NODE_17419_length_5476_cov_6.848552_3	COG1837	224750	4.77e-17	40.58	YlqC	Predicted RNA-binding protein YlqC, contains KH domain, UPF0109 family	R	General function prediction only
NODE_17419_length_5476_cov_6.848552_4	COG0806	223877	1.92e-35	30.178	RimM	Ribosomal 30S subunit maturation factor RimM, required for 16S rRNA processing	J	Translation, ribosomal structure and biogenesis
NODE_17419_length_5476_cov_6.848552_6	COG1295	224214	5.91e-29	27.757	BrkB	Uncharacterized membrane protein, BrkB/YihY/UPF0761 family (not an RNase)	S	Function unknown
NODE_17419_length_5476_cov_6.848552_8	COG2084	224995	4.62e-07	43.636	MmsB	3-hydroxyisobutyrate dehydrogenase or related beta-hydroxyacid dehydrogenase	I	Lipid transport and metabolism
NODE_17699_length_5401_cov_8.100636_1	COG0596	223669	6.74e-17	27.619	MenH	2-succinyl-6-hydroxy-2,4-cyclohexadiene-1-carboxylate synthase MenH and related esterases, alpha/beta hydrolase fold	H	Coenzyme transport and metabolism
NODE_17699_length_5401_cov_8.100636_2	COG1476	224393	2.54e-28	56.667	XRE	DNA-binding transcriptional regulator, XRE-family HTH domain	K	Transcription
NODE_17699_length_5401_cov_8.100636_4	COG1207	224128	2.31e-180	49.543	GlmU	Bifunctional protein GlmU, N-acetylglucosamine-1-phosphate-uridyltransferase/glucosamine-1-phosphate-acetyltransferase	M	Cell wall/membrane/envelope biogenesis
NODE_17699_length_5401_cov_8.100636_5	COG0008	223087	5.8e-173	40.333	GlnS	Glutamyl- or glutaminyl-tRNA synthetase	J	Translation, ribosomal structure and biogenesis
NODE_17699_length_5401_cov_8.100636_6	COG2185	225096	3.5e-53	51.111	Sbm	Methylmalonyl-CoA mutase, C-terminal domain/subunit (cobalamin-binding)	I	Lipid transport and metabolism
NODE_17996_length_5320_cov_6.491738_1	COG4962	227297	1.56e-131	49.133	CpaF	Pilus assembly protein, ATPase of CpaF family	U	Intracellular trafficking, secretion, and vesicular transport
NODE_17996_length_5320_cov_6.491738_2	COG0579	223652	7.95e-123	38.601	LhgO	L-2-hydroxyglutarate oxidase LhgO	G	Carbohydrate transport and metabolism
NODE_17996_length_5320_cov_6.491738_3	COG1012	223944	4.05e-149	42.585	AdhE	Acyl-CoA reductase or other NAD-dependent aldehyde dehydrogenase	I	Lipid transport and metabolism
NODE_18285_length_5239_cov_7.407600_1	COG3577	226106	0.00013	27.273		Predicted aspartyl protease	R	General function prediction only
NODE_18285_length_5239_cov_7.407600_2	COG0290	223367	2.44e-89	52.907	InfC	Translation initiation factor IF-3	J	Translation, ribosomal structure and biogenesis
NODE_18285_length_5239_cov_7.407600_3	COG0291	223368	1.92e-12	47.761	RpmI	Ribosomal protein L35	J	Translation, ribosomal structure and biogenesis
NODE_18285_length_5239_cov_7.407600_4	COG0292	223369	2.13e-48	61.017	RplT	Ribosomal protein L20	J	Translation, ribosomal structure and biogenesis
NODE_18285_length_5239_cov_7.407600_5	COG1398	224316	3.83e-87	43.243	OLE1	Fatty-acid desaturase	I	Lipid transport and metabolism
NODE_18285_length_5239_cov_7.407600_7	COG1051	223979	7.61e-12	28.455	YjhB	ADP-ribose pyrophosphatase YjhB, NUDIX family	F	Nucleotide transport and metabolism
NODE_18285_length_5239_cov_7.407600_8	COG2831	225387	0.006	30.189	FhaC	Hemolysin activation/secretion protein	U	Intracellular trafficking, secretion, and vesicular transport
NODE_19059_length_5049_cov_7.937525_1	COG1199	224120	5.02e-64	38.961	DinG	Rad3-related DNA helicase DinG	L	Replication, recombination and repair
NODE_19059_length_5049_cov_7.937525_2	COG0365	223442	0.0	45.357	Acs	Acyl-coenzyme A synthetase/AMP-(fatty) acid ligase	I	Lipid transport and metabolism
NODE_19059_length_5049_cov_7.937525_3	COG0526	223600	9.96e-13	29.703	TrxA	Thiol-disulfide isomerase or thioredoxin	O	Posttranslational modification, protein turnover, chaperones
NODE_19059_length_5049_cov_7.937525_4	COG1420	224338	2.54e-94	38.938	HrcA	Transcriptional regulator of heat shock response	K	Transcription
NODE_19059_length_5049_cov_7.937525_5	COG0484	223560	5.02e-84	53.535	DnaJ	DnaJ-class molecular chaperone with C-terminal Zn finger domain	O	Posttranslational modification, protein turnover, chaperones
NODE_19514_length_4944_cov_4.643485_2	COG4961	227296	1.92e-06	32.143	TadG	Flp pilus assembly protein TadG, includes N-terminal TadE domain	U	Intracellular trafficking, secretion, and vesicular transport
NODE_19514_length_4944_cov_4.643485_6	COG0084	223162	1.48e-82	41.86	TatD	3'->5' ssDNA/RNA exonuclease TatD	N	Cell motility
NODE_19856_length_4872_cov_6.563629_1	COG1197	224118	5.34e-46	36.408	Mfd	Transcription-repair coupling factor (superfamily II helicase)	L	Replication, recombination and repair
NODE_19856_length_4872_cov_6.563629_5	COG3307	225844	5.75e-06	20.604	RfaL	O-antigen ligase	M	Cell wall/membrane/envelope biogenesis
NODE_19856_length_4872_cov_6.563629_6	COG0213	223291	2.8e-13	44.318	DeoA	Thymidine phosphorylase	F	Nucleotide transport and metabolism
NODE_20190_length_4803_cov_6.898484_1	COG1159	224081	0.000114	19.82	Era	GTPase Era, involved in 16S rRNA processing	J	Translation, ribosomal structure and biogenesis
NODE_20190_length_4803_cov_6.898484_3	COG1109	224034	1.05e-120	37.611	ManB	Phosphomannomutase	G	Carbohydrate transport and metabolism
NODE_20907_length_4666_cov_7.489482_1	COG4117	226602	1.2e-32	31.429	YdhU	Thiosulfate reductase cytochrome b subunit	P	Inorganic ion transport and metabolism
NODE_20907_length_4666_cov_7.489482_2	COG2041	224952	1.84e-54	36.869	MsrP	Molybdopterin-dependent catalytic subunit of periplasmic DMSO/TMAO and protein-methionine-sulfoxide reductases	C	Energy production and conversion
NODE_20907_length_4666_cov_7.489482_5	COG2259	225168	7.69e-12	29.365	DoxX	Uncharacterized membrane protein YphA, DoxX/SURF4 family	S	Function unknown
NODE_20907_length_4666_cov_7.489482_6	COG0697	223769	2.77e-07	25.248	RhaT	Permease of the drug/metabolite transporter (DMT) superfamily	G	Carbohydrate transport and metabolism
NODE_21050_length_4638_cov_5.802531_2	COG1994	224905	0.000598	21.429	SpoIVFB	Zn-dependent protease (includes sporulation protein SpoIVFB)	O	Posttranslational modification, protein turnover, chaperones
NODE_21050_length_4638_cov_5.802531_4	COG2334	225213	7.75e-18	19.805	SrkA	Ser/Thr protein kinase RdoA involved in Cpx stress response, MazF antagonist	T	Signal transduction mechanisms
NODE_21050_length_4638_cov_5.802531_6	COG1252	224172	6.41e-131	41.429	Ndh	NADH dehydrogenase, FAD-containing subunit	C	Energy production and conversion
NODE_21050_length_4638_cov_5.802531_7	COG0077	223155	1.34e-15	33.766	PheA2	Prephenate dehydratase	E	Amino acid transport and metabolism
NODE_21447_length_4560_cov_9.699223_1	COG2319	225201	1.57e-06	38.298	WD40	WD40 repeat	R	General function prediction only
NODE_21447_length_4560_cov_9.699223_2	COG3549	226079	1.56e-20	34.694	HigB	Plasmid maintenance system killer protein	V	Defense mechanisms
NODE_21447_length_4560_cov_9.699223_3	COG3093	225635	3.04e-07	72.0	VapI	Plasmid maintenance system antidote protein VapI, contains XRE-type HTH domain	V	Defense mechanisms
NODE_21732_length_4509_cov_4.767625_2	COG1835	224748	1.86e-22	24.317	OafA	Peptidoglycan/LPS O-acetylase OafA/YrhL, contains acyltransferase and SGNH-hydrolase domains	M	Cell wall/membrane/envelope biogenesis
NODE_21732_length_4509_cov_4.767625_3	COG1835	224748	1.43e-24	25.275	OafA	Peptidoglycan/LPS O-acetylase OafA/YrhL, contains acyltransferase and SGNH-hydrolase domains	M	Cell wall/membrane/envelope biogenesis
NODE_21732_length_4509_cov_4.767625_4	COG0397	223474	5.43e-152	50.152	SelO	Protein adenylyltransferase (AMPylase) SelO/YdiU (selenoprotein O)	O	Posttranslational modification, protein turnover, chaperones
NODE_21982_length_4461_cov_7.123922_2	COG0612	223685	4.98e-46	25.598	PqqL	Predicted Zn-dependent peptidase, M16 family	R	General function prediction only
NODE_21982_length_4461_cov_7.123922_3	COG1024	223955	8.21e-45	31.373	CaiD	Enoyl-CoA hydratase/carnithine racemase	I	Lipid transport and metabolism
NODE_21982_length_4461_cov_7.123922_4	COG4270	226720	8.28e-32	46.903		Uncharacterized membrane protein	S	Function unknown
NODE_22235_length_4416_cov_6.704655_2	COG0559	223633	7.83e-09	35.294	LivH	Branched-chain amino acid ABC-type transport system, permease component	E	Amino acid transport and metabolism
NODE_22235_length_4416_cov_6.704655_3	COG0554	223628	2.18e-36	66.216	GlpK	Glycerol kinase	C	Energy production and conversion
NODE_22235_length_4416_cov_6.704655_4	COG0779	223850	2.45e-21	31.481	RimP	Ribosome maturation factor RimP	J	Translation, ribosomal structure and biogenesis
NODE_22235_length_4416_cov_6.704655_5	COG0195	223273	1.01e-63	51.813	NusA	Transcription antitermination factor NusA, contains S1 and KH domains	K	Transcription
NODE_22759_length_4328_cov_6.605897_1	COG5001	227334	1.13e-71	34.009		Cyclic di-GMP metabolism protein, combines GGDEF and EAL domains with a 6TM membrane domain	T	Signal transduction mechanisms
NODE_22759_length_4328_cov_6.605897_3	COG1120	224045	4.17e-77	36.653	FepC	ABC-type cobalamin/Fe3+-siderophores transport system, ATPase component	P	Inorganic ion transport and metabolism
NODE_22759_length_4328_cov_6.605897_4	COG0609	223682	4.31e-55	42.857	FepD	ABC-type Fe3+-siderophore transport system, permease component	P	Inorganic ion transport and metabolism
NODE_22854_length_4313_cov_3.519962_4	COG4864	227201	0.003	51.724	YqfA	Uncharacterized conserved protein YqfA, UPF0365 family	S	Function unknown
NODE_22854_length_4313_cov_3.519962_5	COG2146	225057	5.58e-21	39.216	NirD	Ferredoxin subunit of nitrite reductase or a ring-hydroxylating dioxygenase	P	Inorganic ion transport and metabolism
NODE_22854_length_4313_cov_3.519962_7	COG0068	223146	4.51e-81	51.412	HypF	Hydrogenase maturation factor HypF (carbamoyltransferase)	O	Posttranslational modification, protein turnover, chaperones
NODE_23293_length_4247_cov_6.974952_2	COG2909	225461	1.82e-38	22.296	MalT	ATP-, maltotriose- and DNA-dependent transcriptional regulator MalT	K	Transcription
NODE_23565_length_4208_cov_8.334216_1	COG1429	224346	0.0	28.22	CobN	Cobalamin biosynthesis protein CobN, Mg-chelatase	H	Coenzyme transport and metabolism
NODE_23677_length_4191_cov_6.326644_1	COG0648	223721	8.85e-22	37.209	Nfo	Endonuclease IV	L	Replication, recombination and repair
NODE_23677_length_4191_cov_6.326644_4	COG0389	223466	3.28e-97	42.21	DinP	Nucleotidyltransferase/DNA polymerase DinP involved in DNA repair	L	Replication, recombination and repair
NODE_23677_length_4191_cov_6.326644_6	COG0596	223669	4.32e-11	26.255	MenH	2-succinyl-6-hydroxy-2,4-cyclohexadiene-1-carboxylate synthase MenH and related esterases, alpha/beta hydrolase fold	H	Coenzyme transport and metabolism
NODE_24031_length_4137_cov_7.283684_1	COG2197	225107	1.28e-24	45.833	CitB	DNA-binding response regulator, NarL/FixJ family, contains REC and HTH domains	T	Signal transduction mechanisms
NODE_24031_length_4137_cov_7.283684_2	COG1012	223944	1.99e-134	40.417	AdhE	Acyl-CoA reductase or other NAD-dependent aldehyde dehydrogenase	I	Lipid transport and metabolism
NODE_24031_length_4137_cov_7.283684_3	COG0468	223544	9.22e-12	28.205	RecA	RecA/RadA recombinase	L	Replication, recombination and repair
NODE_24641_length_4048_cov_7.539945_5	COG0654	223727	8.49e-08	20.915	UbiH	2-polyprenyl-6-methoxyphenol hydroxylase and related FAD-dependent oxidoreductases	H	Coenzyme transport and metabolism
NODE_24641_length_4048_cov_7.539945_6	COG5524	227811	1.28e-11	24.229		Bacteriorhodopsin	C	Energy production and conversion
NODE_24757_length_4031_cov_8.221076_1	COG2814	225371	0.001	22.222	AraJ	Predicted arabinose efflux permease AraJ, MFS family	G	Carbohydrate transport and metabolism
NODE_24757_length_4031_cov_8.221076_2	COG0192	223270	0.0	66.414	MetK	S-adenosylmethionine synthetase	H	Coenzyme transport and metabolism
NODE_24757_length_4031_cov_8.221076_3	COG0499	223573	0.0	57.831	SAM1	S-adenosylhomocysteine hydrolase	H	Coenzyme transport and metabolism
NODE_24757_length_4031_cov_8.221076_4	COG3404	225939	2.62e-32	35.678	FtcD	Formiminotetrahydrofolate cyclodeaminase	E	Amino acid transport and metabolism
NODE_25165_length_3972_cov_7.233852_1	COG4388	226823	0.003	33.333		Mu-like prophage I protein	X	Mobilome: prophages, transposons
NODE_25165_length_3972_cov_7.233852_2	COG2518	225316	1.28e-05	28.44	Pcm	Protein-L-isoaspartate O-methyltransferase	O	Posttranslational modification, protein turnover, chaperones
NODE_25165_length_3972_cov_7.233852_3	COG1807	224720	1.11e-11	21.769	ArnT	PMT family glycosyltransferase ArnT/Agl22, involved in glycosylation of proteins and lipid IVA	M	Cell wall/membrane/envelope biogenesis
NODE_25361_length_3946_cov_5.641223_3	COG0745	223816	3.84e-64	39.738	OmpR	DNA-binding response regulator, OmpR family, contains REC and winged-helix (wHTH) domain	T	Signal transduction mechanisms
NODE_25361_length_3946_cov_5.641223_4	COG2805	225364	4.42e-88	36.12	PilT	Type IV pilus assembly protein PilT, pilus retraction ATPase	N	Cell motility
NODE_25421_length_3937_cov_7.070325_2	COG1131	224054	3.45e-79	43.777	CcmA	ABC-type multidrug transport system, ATPase component	V	Defense mechanisms
NODE_25421_length_3937_cov_7.070325_3	COG0842	223912	0.00041	23.226	YadH	ABC-type multidrug transport system, permease component	V	Defense mechanisms
NODE_25482_length_3928_cov_8.580945_1	COG1884	224796	0.0	59.873	Sbm	Methylmalonyl-CoA mutase, N-terminal domain/subunit	I	Lipid transport and metabolism
NODE_25482_length_3928_cov_8.580945_2	COG3403	225938	8.6e-37	31.858	YcgG	Uncharacterized conserved protein YcgG, contains conserved FPC and CPF motifs	S	Function unknown
NODE_25482_length_3928_cov_8.580945_3	COG3665	226191	4.1e-63	38.462	YcgI	Uncharacterized conserved protein YcgI, DUF1989 family	S	Function unknown
NODE_26171_length_3841_cov_6.575806_3	COG0235	223313	2.05e-50	38.462	AraD	5-methylthioribulose/5-deoxyribulose/Fuculose 1-phosphate aldolase (methionine salvage, sugar degradation)	E	Amino acid transport and metabolism
NODE_26171_length_3841_cov_6.575806_4	COG1012	223944	8.75e-33	35.772	AdhE	Acyl-CoA reductase or other NAD-dependent aldehyde dehydrogenase	I	Lipid transport and metabolism
NODE_26171_length_3841_cov_6.575806_5	COG2193	225104	1.49e-24	26.95	Bfr	Bacterioferritin (cytochrome b1)	P	Inorganic ion transport and metabolism
NODE_26171_length_3841_cov_6.575806_6	COG0406	223483	1.03e-45	39.56	PhoE	Broad specificity phosphatase PhoE	G	Carbohydrate transport and metabolism
NODE_26171_length_3841_cov_6.575806_7	COG2038	224949	1.05e-20	37.226	CobT	NaMN:DMB phosphoribosyltransferase	H	Coenzyme transport and metabolism
NODE_26199_length_3838_cov_6.730108_5	COG4552	226925	2.72e-06	17.808	Eis	Predicted acetyltransferase	R	General function prediction only
NODE_26534_length_3793_cov_3.783574_1	COG0507	223581	4.5e-66	35.326	RecD	ATPase/5’-3’ helicase helicase subunit RecD of the DNA repair enzyme RecBCD (exonuclease V)	L	Replication, recombination and repair
NODE_26534_length_3793_cov_3.783574_4	COG1429	224346	0.002	22.115	CobN	Cobalamin biosynthesis protein CobN, Mg-chelatase	H	Coenzyme transport and metabolism
NODE_26534_length_3793_cov_3.783574_5	COG0553	223627	1.54e-11	39.326	HepA	Superfamily II DNA or RNA helicase, SNF2 family	K	Transcription
NODE_26606_length_3784_cov_6.776616_1	COG1929	224840	3.16e-15	44.578	GlxK	Glycerate kinase	G	Carbohydrate transport and metabolism
NODE_26606_length_3784_cov_6.776616_2	COG0391	223468	4e-108	44.136	CofD	Archaeal 2-phospho-L-lactate transferase/Bacterial gluconeogenesis factor, CofD/UPF0052 family	G	Carbohydrate transport and metabolism
NODE_26606_length_3784_cov_6.776616_3	COG1660	224574	2.48e-110	50.0	RapZ	RNase adaptor protein RapZ for GlmZ sRNA degradation, contains a P-loop ATPase domain	T	Signal transduction mechanisms
NODE_26606_length_3784_cov_6.776616_4	COG4911	227248	2.99e-21	26.357		Uncharacterized conserved protein, DUF2203 domain	S	Function unknown
NODE_27441_length_3683_cov_5.845645_1	COG0001	223080	0.0	67.692	HemL	Glutamate-1-semialdehyde aminotransferase	H	Coenzyme transport and metabolism
NODE_27441_length_3683_cov_5.845645_2	COG0746	223817	2.22e-17	28.877	MobA	Molybdopterin-guanine dinucleotide biosynthesis protein A	H	Coenzyme transport and metabolism
NODE_27441_length_3683_cov_5.845645_3	COG0113	223191	0.0	61.006	HemB	Delta-aminolevulinic acid dehydratase, porphobilinogen synthase	H	Coenzyme transport and metabolism
NODE_27441_length_3683_cov_5.845645_4	COG0181	223259	3.23e-71	51.244	HemC	Porphobilinogen deaminase	H	Coenzyme transport and metabolism
NODE_27733_length_3649_cov_5.201447_1	COG2227	225137	0.004	34.615	UbiG	2-polyprenyl-3-methyl-5-hydroxy-6-metoxy-1,4-benzoquinol methylase	H	Coenzyme transport and metabolism
NODE_27733_length_3649_cov_5.201447_3	COG1215	224136	3.7e-20	29.032	BcsA	Glycosyltransferase, catalytic subunit of cellulose synthase and poly-beta-1,6-N-acetylglucosamine synthase	N	Cell motility
NODE_29241_length_3483_cov_8.052509_1	COG1305	224224	2.25e-35	24.731	YebA	Transglutaminase-like enzyme, putative cysteine protease	O	Posttranslational modification, protein turnover, chaperones
NODE_30126_length_3399_cov_6.640849_1	COG0337	223414	7.06e-92	41.176	AroB	3-dehydroquinate synthetase	E	Amino acid transport and metabolism
NODE_30126_length_3399_cov_6.640849_2	COG1198	224119	2.57e-164	37.5	PriA	Primosomal protein N' (replication factor Y) - superfamily II helicase	L	Replication, recombination and repair
NODE_30919_length_3324_cov_8.052004_1	COG1348	224267	1.26e-84	42.182	NifH/CfbC	Nitrogenase ATPase subunit NifH/coenzyme F430 biosynthesis subunit CfbC	H	Coenzyme transport and metabolism
NODE_30919_length_3324_cov_8.052004_2	COG2303	225186	1.89e-14	23.188	BetA	Choline dehydrogenase or related flavoprotein	I	Lipid transport and metabolism
NODE_31147_length_3302_cov_4.423468_2	COG0847	223916	3.56e-32	28.846	DnaQ	DNA polymerase III, epsilon subunit or related 3'-5' exonuclease	L	Replication, recombination and repair
NODE_31228_length_3294_cov_6.457240_2	COG0547	223621	1.65e-109	46.753	TrpD	Anthranilate phosphoribosyltransferase, glycosyltransferase domain	E	Amino acid transport and metabolism
NODE_31228_length_3294_cov_6.457240_3	COG0134	223212	2.1e-92	46.484	TrpC	Indole-3-glycerol phosphate synthase	E	Amino acid transport and metabolism
NODE_31228_length_3294_cov_6.457240_4	COG0135	223213	9.5e-56	32.075	TrpF	Phosphoribosylanthranilate isomerase	E	Amino acid transport and metabolism
NODE_31228_length_3294_cov_6.457240_5	COG0133	223211	9.12e-139	63.393	TrpB	Tryptophan synthase beta chain	E	Amino acid transport and metabolism
NODE_31298_length_3288_cov_6.849366_1	COG1052	223980	1.1e-101	42.444	LdhA	Lactate dehydrogenase or related 2-hydroxyacid dehydrogenase	C	Energy production and conversion
NODE_31298_length_3288_cov_6.849366_2	COG0722	223794	0.0	67.941	AroG1	3-deoxy-D-arabino-heptulosonate 7-phosphate (DAHP) synthase	E	Amino acid transport and metabolism
NODE_31298_length_3288_cov_6.849366_3	COG0526	223600	7.4e-07	18.584	TrxA	Thiol-disulfide isomerase or thioredoxin	O	Posttranslational modification, protein turnover, chaperones
NODE_32195_length_3212_cov_6.310105_1	COG2366	225241	4.25e-38	24.638	PvdQ	Acyl-homoserine lactone (AHL) acylase PvdQ	Q	Secondary metabolites biosynthesis, transport and catabolism
NODE_32195_length_3212_cov_6.310105_2	COG2208	225118	1.81e-26	30.802	RsbU	Phosphoserine phosphatase RsbU, regulator of sigma subunit	T	Signal transduction mechanisms
NODE_32195_length_3212_cov_6.310105_3	COG1721	224635	7.45e-16	46.988	YeaD2	Uncharacterized conserved protein, DUF58 family, contains vWF domain	S	Function unknown
NODE_32400_length_3197_cov_7.629535_2	COG0749	223820	0.0	45.392	PolA	DNA polymerase I, 3'-5' exonuclease and polymerase domains	L	Replication, recombination and repair
NODE_32678_length_3174_cov_8.417762_1	COG2421	225279	1.5e-77	35.294	FmdA	Acetamidase/formamidase	C	Energy production and conversion
NODE_32678_length_3174_cov_8.417762_2	COG5524	227811	1.25e-42	35.965		Bacteriorhodopsin	C	Energy production and conversion
NODE_32678_length_3174_cov_8.417762_3	COG3899	226415	1.24e-10	23.129		Predicted ATPase	R	General function prediction only
NODE_33017_length_3145_cov_4.821683_3	COG0805	223876	3.86e-50	32.5	TatC	Twin-arginine protein secretion pathway component TatC	U	Intracellular trafficking, secretion, and vesicular transport
NODE_33017_length_3145_cov_4.821683_4	COG1333	224252	1.46e-28	22.616	ResB	Cytochrome c biogenesis protein ResB	C	Energy production and conversion
NODE_33882_length_3081_cov_5.553866_1	COG1024	223955	1.63e-21	35.766	CaiD	Enoyl-CoA hydratase/carnithine racemase	I	Lipid transport and metabolism
NODE_33882_length_3081_cov_5.553866_2	COG2814	225371	1.43e-13	23.729	AraJ	Predicted arabinose efflux permease AraJ, MFS family	G	Carbohydrate transport and metabolism
NODE_33882_length_3081_cov_5.553866_3	COG4206	226664	4.86e-10	26.923	BtuB	Outer membrane cobalamin receptor protein BtuB	H	Coenzyme transport and metabolism
NODE_35266_length_2980_cov_6.901880_1	COG0234	223312	5.08e-14	38.947	GroES	Co-chaperonin GroES (HSP10)	O	Posttranslational modification, protein turnover, chaperones
NODE_35266_length_2980_cov_6.901880_4	COG1961	224872	1.03e-19	29.677	SpoIVCA	Site-specific DNA recombinase SpoIVCA/DNA invertase PinE	L	Replication, recombination and repair
NODE_37200_length_2854_cov_6.421579_2	COG0163	223241	6.89e-86	50.0	UbiX	Flavin prenyltransferase UbiX	H	Coenzyme transport and metabolism
NODE_37200_length_2854_cov_6.421579_3	COG0810	223880	0.000484	35.897	TonB	Periplasmic protein TonB, links inner and outer membranes	M	Cell wall/membrane/envelope biogenesis
NODE_37200_length_2854_cov_6.421579_4	COG0746	223817	2.05e-08	24.476	MobA	Molybdopterin-guanine dinucleotide biosynthesis protein A	H	Coenzyme transport and metabolism
NODE_37200_length_2854_cov_6.421579_5	COG1947	224858	1.96e-28	35.036	IspE	4-diphosphocytidyl-2C-methyl-D-erythritol kinase	I	Lipid transport and metabolism
NODE_37792_length_2818_cov_5.239233_1	COG1300	224219	0.000101	34.043	SpoIIM	Stage II sporulation protein SpoIIM, component of the engulfment complex	D	Cell cycle control, cell division, chromosome partitioning
NODE_37792_length_2818_cov_5.239233_2	COG2377	225252	1.03e-87	40.42	AnmK	1,6-Anhydro-N-acetylmuramate kinase	M	Cell wall/membrane/envelope biogenesis
NODE_37792_length_2818_cov_5.239233_3	COG1680	224594	1.51e-39	29.805	AmpC	CubicO group peptidase, beta-lactamase class C family	V	Defense mechanisms
NODE_39558_length_2716_cov_3.589628_1	COG1835	224748	2.17e-07	42.105	OafA	Peptidoglycan/LPS O-acetylase OafA/YrhL, contains acyltransferase and SGNH-hydrolase domains	M	Cell wall/membrane/envelope biogenesis
NODE_39558_length_2716_cov_3.589628_2	COG0397	223474	0.0	43.424	SelO	Protein adenylyltransferase (AMPylase) SelO/YdiU (selenoprotein O)	O	Posttranslational modification, protein turnover, chaperones
NODE_39623_length_2712_cov_4.256680_2	COG3505	226036	1.71e-98	28.261	VirD4	Type IV secretory pathway, VirD4 component, TraG/TraD family ATPase	U	Intracellular trafficking, secretion, and vesicular transport
NODE_41260_length_2630_cov_4.161942_3	COG4961	227296	0.004	16.667	TadG	Flp pilus assembly protein TadG, includes N-terminal TadE domain	U	Intracellular trafficking, secretion, and vesicular transport
NODE_41354_length_2625_cov_7.767315_1	COG0423	223500	2.03e-159	37.718	GRS1	Glycyl-tRNA synthetase, class II	J	Translation, ribosomal structure and biogenesis
NODE_41354_length_2625_cov_7.767315_3	COG4172	226641	0.001	27.059	YejF	ABC-type microcin C transport system, duplicated ATPase component YejF	Q	Secondary metabolites biosynthesis, transport and catabolism
NODE_41995_length_2592_cov_5.269216_1	COG0469	223545	1.01e-136	49.568	PykF	Pyruvate kinase	G	Carbohydrate transport and metabolism
NODE_41995_length_2592_cov_5.269216_2	COG0438	223515	1.16e-25	22.46	RfaB	Glycosyltransferase involved in cell wall bisynthesis	M	Cell wall/membrane/envelope biogenesis
NODE_41995_length_2592_cov_5.269216_3	COG0497	223571	6.33e-28	44.628	RecN	DNA repair ATPase RecN	L	Replication, recombination and repair
NODE_42543_length_2565_cov_4.028287_1	COG0084	223162	1.07e-41	36.774	TatD	3'->5' ssDNA/RNA exonuclease TatD	N	Cell motility
NODE_43949_length_2496_cov_5.360098_1	COG1835	224748	2.28e-10	20.565	OafA	Peptidoglycan/LPS O-acetylase OafA/YrhL, contains acyltransferase and SGNH-hydrolase domains	M	Cell wall/membrane/envelope biogenesis
NODE_43949_length_2496_cov_5.360098_2	COG0463	223539	1.75e-18	21.622	WcaA	Glycosyltransferase involved in cell wall bisynthesis	M	Cell wall/membrane/envelope biogenesis
NODE_43949_length_2496_cov_5.360098_3	COG2456	225299	0.000245	29.508		Uncharacterized conserved protein, DUF2304 domain	S	Function unknown
NODE_43949_length_2496_cov_5.360098_4	COG2227	225137	1.61e-15	31.25	UbiG	2-polyprenyl-3-methyl-5-hydroxy-6-metoxy-1,4-benzoquinol methylase	H	Coenzyme transport and metabolism
NODE_44052_length_2491_cov_6.275041_1	COG1802	224715	1.89e-14	68.627	GntR	DNA-binding transcriptional regulator, GntR family	K	Transcription
NODE_44052_length_2491_cov_6.275041_2	COG1064	223992	1.96e-154	40.462	AdhP	D-arabinose 1-dehydrogenase, Zn-dependent alcohol dehydrogenase family	G	Carbohydrate transport and metabolism
NODE_44052_length_2491_cov_6.275041_3	COG1012	223944	5.2e-47	28.65	AdhE	Acyl-CoA reductase or other NAD-dependent aldehyde dehydrogenase	I	Lipid transport and metabolism
NODE_44844_length_2457_cov_5.398834_1	COG0415	223492	1.76e-30	33.333	PhrB	Deoxyribodipyrimidine photolyase	L	Replication, recombination and repair
NODE_44844_length_2457_cov_5.398834_2	COG3145	225687	5.64e-45	40.0	AlkB	Alkylated DNA repair dioxygenase AlkB	L	Replication, recombination and repair
NODE_45050_length_2449_cov_3.129908_1	COG3451	225982	2.48e-84	23.661	VirB4	Type IV secretory pathway, VirB4 component	U	Intracellular trafficking, secretion, and vesicular transport
NODE_45758_length_2419_cov_3.623942_1	COG0209	223287	2.33e-108	23.81	NrdA	Ribonucleotide reductase alpha subunit	F	Nucleotide transport and metabolism
NODE_45966_length_2410_cov_4.774522_1	COG0497	223571	8.62e-112	37.143	RecN	DNA repair ATPase RecN	L	Replication, recombination and repair
NODE_45966_length_2410_cov_4.774522_2	COG0061	223139	5.33e-72	43.75	NadK	NAD kinase	H	Coenzyme transport and metabolism
NODE_46313_length_2396_cov_8.622811_1	COG0065	223143	2.88e-95	47.222	LeuC	Homoaconitase/3-isopropylmalate dehydratase large subunit	E	Amino acid transport and metabolism
NODE_46313_length_2396_cov_8.622811_2	COG0119	223197	1.82e-128	29.252	LeuA	Isopropylmalate/homocitrate/citramalate synthases	E	Amino acid transport and metabolism
NODE_46924_length_2370_cov_9.303672_1	COG1199	224120	1.19e-69	30.806	DinG	Rad3-related DNA helicase DinG	L	Replication, recombination and repair
NODE_46924_length_2370_cov_9.303672_2	COG0705	223777	1.17e-23	28.022	GlpG	Membrane-associated serine protease, rhomboid family	O	Posttranslational modification, protein turnover, chaperones
NODE_46924_length_2370_cov_9.303672_3	COG0498	223572	5.44e-25	32.026	ThrC	Threonine synthase	E	Amino acid transport and metabolism
NODE_47034_length_2365_cov_4.732900_1	COG0595	223668	8.25e-109	47.872	RnjA	mRNA degradation ribonuclease J1/J2	J	Translation, ribosomal structure and biogenesis
NODE_47034_length_2365_cov_4.732900_2	COG0778	223849	6.85e-31	29.767	NfnB	Nitroreductase	C	Energy production and conversion
NODE_47196_length_2359_cov_4.480903_1	COG0346	223423	0.001	25.0	GloA	Catechol 2,3-dioxygenase or related enzyme, vicinal oxygen chelate (VOC) family	Q	Secondary metabolites biosynthesis, transport and catabolism
NODE_47196_length_2359_cov_4.480903_2	COG1807	224720	1.09e-42	25.0	ArnT	PMT family glycosyltransferase ArnT/Agl22, involved in glycosylation of proteins and lipid IVA	M	Cell wall/membrane/envelope biogenesis
NODE_47196_length_2359_cov_4.480903_3	COG1648	224562	3.74e-17	45.946	CysG2	Siroheme synthase (precorrin-2 oxidase/ferrochelatase domain)	H	Coenzyme transport and metabolism
NODE_47669_length_2340_cov_8.458643_1	COG2253	225162	3.87e-09	25.333		Predicted nucleotidyltransferase component of viral defense system	V	Defense mechanisms
NODE_49065_length_2285_cov_4.956502_1	COG4122	226607	0.00077	24.432	TrmR	tRNA 5-hydroxyU34 O-methylase TrmR/YrrM	J	Translation, ribosomal structure and biogenesis
NODE_49657_length_2264_cov_5.340878_2	COG2013	224924	2e-40	28.807	AIM24	AIM24 protein, required for mitochondrial respiration	C	Energy production and conversion
NODE_49657_length_2264_cov_5.340878_4	COG1309	224228	5.16e-09	28.07	AcrR	DNA-binding protein, AcrR family, includes nucleoid occlusion protein SlmA	K	Transcription
NODE_52429_length_2169_cov_4.615894_2	COG0270	223348	4.88e-81	32.011	Dcm	DNA-cytosine methylase	L	Replication, recombination and repair
NODE_52764_length_2158_cov_6.434142_1	COG0486	223561	2.69e-11	31.214	MnmE	tRNA U34 5-carboxymethylaminomethyl modifying GTPase MnmE/TrmE	J	Translation, ribosomal structure and biogenesis
NODE_52764_length_2158_cov_6.434142_2	COG0445	223522	0.0	54.527	MnmG	tRNA U34 5-carboxymethylaminomethyl modifying enzyme MnmG/GidA	J	Translation, ribosomal structure and biogenesis
NODE_52878_length_2155_cov_3.658571_1	COG1807	224720	0.004	26.761	ArnT	PMT family glycosyltransferase ArnT/Agl22, involved in glycosylation of proteins and lipid IVA	M	Cell wall/membrane/envelope biogenesis
NODE_52878_length_2155_cov_3.658571_2	COG0463	223539	4.99e-08	19.178	WcaA	Glycosyltransferase involved in cell wall bisynthesis	M	Cell wall/membrane/envelope biogenesis
NODE_52878_length_2155_cov_3.658571_3	COG0755	223826	2.98e-20	47.5	CcmC	ABC-type transport system involved in cytochrome c biogenesis, permease component	O	Posttranslational modification, protein turnover, chaperones
NODE_55618_length_2069_cov_7.181231_1	COG2200	225110	2.75e-41	50.909	EAL	EAL domain, c-di-GMP-specific phosphodiesterase class I (or its enzymatically inactive variant)	T	Signal transduction mechanisms
NODE_55618_length_2069_cov_7.181231_2	COG0412	223489	1.71e-13	24.691	DLH	Dienelactone hydrolase	Q	Secondary metabolites biosynthesis, transport and catabolism
NODE_58562_length_1987_cov_5.083851_2	COG2202	225112	6.14e-07	25.0	PAS	PAS domain	T	Signal transduction mechanisms
NODE_59367_length_1966_cov_6.653585_2	COG1305	224224	4.74e-26	26.545	YebA	Transglutaminase-like enzyme, putative cysteine protease	O	Posttranslational modification, protein turnover, chaperones
NODE_60922_length_1926_cov_4.363442_1	COG1915	224827	9.16e-99	49.2		Uncharacterized conserved protein AF1278, contains saccharopine dehydrogenase N-terminal (SDHN) domain	S	Function unknown
NODE_60922_length_1926_cov_4.363442_2	COG0313	223390	1.57e-71	45.699	RsmI	16S rRNA C1402 (ribose-2'-O) methylase RsmI	J	Translation, ribosomal structure and biogenesis
NODE_60922_length_1926_cov_4.363442_4	COG0143	223221	1.18e-31	45.263	MetG	Methionyl-tRNA synthetase	J	Translation, ribosomal structure and biogenesis
NODE_63825_length_1857_cov_4.842397_1	COG0374	223451	6.74e-106	24.714	HyaB	Ni,Fe-hydrogenase I large subunit	C	Energy production and conversion
NODE_63825_length_1857_cov_4.842397_2	COG0680	223752	6.16e-34	27.564	HyaD	Ni,Fe-hydrogenase maturation factor	C	Energy production and conversion
NODE_64362_length_1845_cov_5.340223_1	COG0383	223460	1.2e-59	31.51	MngB	Alpha-mannosidase	G	Carbohydrate transport and metabolism
NODE_65280_length_1826_cov_5.175042_1	COG1112	224037	5.36e-39	26.286	DNA2	Superfamily I DNA and/or RNA helicase	L	Replication, recombination and repair
NODE_65323_length_1826_cov_2.370412_1	COG2805	225364	7.38e-98	43.2	PilT	Type IV pilus assembly protein PilT, pilus retraction ATPase	N	Cell motility
NODE_65323_length_1826_cov_2.370412_2	COG1459	224376	5.84e-66	32.286	PulF	Type II secretory pathway, component PulF	N	Cell motility
NODE_66209_length_1807_cov_2.456050_1	COG3206	225747	0.000853	24.444	GumC	Exopolysaccharide export protein/domain GumC/Wzc1	M	Cell wall/membrane/envelope biogenesis
NODE_66209_length_1807_cov_2.456050_2	COG0673	223745	2.34e-18	43.564	MviM	Predicted dehydrogenase	R	General function prediction only
NODE_67668_length_1776_cov_3.022661_1	COG0791	223862	3.07e-30	46.923	NlpC	Cell wall-associated hydrolase, NlpC_P60 family	M	Cell wall/membrane/envelope biogenesis
NODE_71047_length_1710_cov_9.254985_2	COG1881	224793	6.81e-39	37.209	PEBP	Uncharacterized conserved protein, phosphatidylethanolamine-binding protein (PEBP) family	R	General function prediction only
NODE_71047_length_1710_cov_9.254985_3	COG2812	225369	1.71e-28	32.42	DnaX	DNA polymerase III, gamma/tau subunits	L	Replication, recombination and repair
NODE_73100_length_1673_cov_4.307787_2	COG0773	223844	3.39e-149	42.667	MurC	UDP-N-acetylmuramate-alanine ligase MurC and related ligases, MurC/Mpl family	M	Cell wall/membrane/envelope biogenesis
NODE_76338_length_1618_cov_4.501599_1	COG0154	223232	3.71e-32	37.405	GatA	Asp-tRNAAsn/Glu-tRNAGln amidotransferase A subunit or related amidase	J	Translation, ribosomal structure and biogenesis
NODE_76338_length_1618_cov_4.501599_3	COG4636	226983	8.25e-14	25.123	Uma2	Endonuclease, Uma2 family (restriction endonuclease fold)	R	General function prediction only
NODE_76338_length_1618_cov_4.501599_4	COG0595	223668	1.36e-08	40.541	RnjA	mRNA degradation ribonuclease J1/J2	J	Translation, ribosomal structure and biogenesis
NODE_79687_length_1564_cov_7.491054_1	COG0559	223633	2.93e-35	36.17	LivH	Branched-chain amino acid ABC-type transport system, permease component	E	Amino acid transport and metabolism
NODE_79687_length_1564_cov_7.491054_2	COG0683	223755	8.05e-25	23.636	LivK	ABC-type branched-chain amino acid transport system, periplasmic component	E	Amino acid transport and metabolism
NODE_80240_length_1556_cov_5.241839_1	COG0028	223107	3.99e-119	45.889	IlvB	Acetolactate synthase large subunit or other thiamine pyrophosphate-requiring enzyme	E	Amino acid transport and metabolism
NODE_80533_length_1552_cov_12.854375_1	COG3328	225865	2e-40	29.855	IS285	Transposase (or an inactivated derivative)	X	Mobilome: prophages, transposons
NODE_84535_length_1496_cov_5.452464_1	COG0373	223450	3.4e-102	41.292	HemA	Glutamyl-tRNA reductase	H	Coenzyme transport and metabolism
NODE_84535_length_1496_cov_5.452464_2	COG0007	223086	1.91e-50	63.0	CysG	Uroporphyrinogen-III methylase (siroheme synthase)	H	Coenzyme transport and metabolism
NODE_90470_length_1418_cov_4.305209_1	COG0145	223223	4.91e-43	26.036	HyuA	N-methylhydantoinase A/oxoprolinase/acetone carboxylase, beta subunit	E	Amino acid transport and metabolism
NODE_92762_length_1391_cov_3.493263_1	COG0791	223862	7.46e-26	49.074	NlpC	Cell wall-associated hydrolase, NlpC_P60 family	M	Cell wall/membrane/envelope biogenesis
NODE_92762_length_1391_cov_3.493263_2	COG4964	227299	5.34e-59	35.273	CpaC	Flp pilus assembly protein, secretin CpaC	U	Intracellular trafficking, secretion, and vesicular transport
NODE_93762_length_1379_cov_9.135196_1	COG3666	226192	1.96e-15	28.169		Transposase, IS1182 family	X	Mobilome: prophages, transposons
NODE_95180_length_1363_cov_4.793578_1	COG0553	223627	8.07e-19	25.424	HepA	Superfamily II DNA or RNA helicase, SNF2 family	K	Transcription
NODE_96888_length_1344_cov_5.440652_1	COG0683	223755	5.46e-21	39.604	LivK	ABC-type branched-chain amino acid transport system, periplasmic component	E	Amino acid transport and metabolism
NODE_96888_length_1344_cov_5.440652_2	COG0583	223656	7.89e-36	36.145	LysR	DNA-binding transcriptional regulator, LysR family	K	Transcription
NODE_97991_length_1332_cov_4.621770_1	COG1960	224871	4.06e-59	30.352	CaiA	Acyl-CoA dehydrogenase related to the alkylation response protein AidB	I	Lipid transport and metabolism
NODE_98194_length_1330_cov_5.690196_2	COG0707	223779	8.18e-44	28.041	MurG	UDP-N-acetylglucosamine:LPS N-acetylglucosamine transferase	M	Cell wall/membrane/envelope biogenesis
NODE_99910_length_1313_cov_3.707472_1	COG0298	223375	8.04e-28	53.012	HypC	Hydrogenase maturation factor HybG, HypC/HupF family	O	Posttranslational modification, protein turnover, chaperones
NODE_99910_length_1313_cov_3.707472_2	COG0409	223486	6.5e-172	54.464	HypD	Hydrogenase maturation factor HypD	O	Posttranslational modification, protein turnover, chaperones
NODE_108843_length_1228_cov_4.511509_1	COG2897	225450	2.4e-63	35.088	SseA	3-mercaptopyruvate sulfurtransferase SseA, contains two rhodanese domains	P	Inorganic ion transport and metabolism
NODE_108843_length_1228_cov_4.511509_2	COG1028	223959	7.13e-22	44.545	FabG	NAD(P)-dependent dehydrogenase, short-chain alcohol dehydrogenase family	I	Lipid transport and metabolism
NODE_108961_length_1227_cov_5.112628_1	COG0501	223575	8.52e-05	21.484	HtpX	Zn-dependent protease with chaperone function	O	Posttranslational modification, protein turnover, chaperones
NODE_109375_length_1224_cov_2.344739_2	COG0697	223769	1.69e-08	20.0	RhaT	Permease of the drug/metabolite transporter (DMT) superfamily	G	Carbohydrate transport and metabolism
NODE_115772_length_1170_cov_7.128251_1	COG1028	223959	9.1e-55	45.291	FabG	NAD(P)-dependent dehydrogenase, short-chain alcohol dehydrogenase family	I	Lipid transport and metabolism
NODE_115772_length_1170_cov_7.128251_2	COG0236	223314	2.19e-18	64.789	AcpP	Acyl carrier protein	I	Lipid transport and metabolism
NODE_115927_length_1169_cov_4.606822_1	COG2217	225127	3.38e-135	51.226	ZntA	Cation-transporting P-type ATPase	P	Inorganic ion transport and metabolism
NODE_122072_length_1123_cov_3.989700_1	COG0473	223549	2.67e-14	25.281	LeuB	Isocitrate/isopropylmalate dehydrogenase	C	Energy production and conversion
NODE_124925_length_1103_cov_3.840649_1	COG0142	223220	4.13e-71	43.231	IspA	Geranylgeranyl pyrophosphate synthase	H	Coenzyme transport and metabolism
NODE_124925_length_1103_cov_3.840649_2	COG2226	225136	4.3e-31	41.818	UbiE	Ubiquinone/menaquinone biosynthesis C-methylase UbiE/MenG	H	Coenzyme transport and metabolism
NODE_125452_length_1100_cov_2.845933_2	COG0438	223515	6.95e-34	39.459	RfaB	Glycosyltransferase involved in cell wall bisynthesis	M	Cell wall/membrane/envelope biogenesis
NODE_130433_length_1067_cov_2.585968_1	COG2814	225371	0.001	28.834	AraJ	Predicted arabinose efflux permease AraJ, MFS family	G	Carbohydrate transport and metabolism
NODE_131016_length_1063_cov_2.981151_2	COG1430	224347	5.98e-22	35.433		Uncharacterized conserved membrane protein, UPF0127 family	S	Function unknown
NODE_132579_length_1053_cov_3.478958_1	COG0068	223146	1.08e-95	40.23	HypF	Hydrogenase maturation factor HypF (carbamoyltransferase)	O	Posttranslational modification, protein turnover, chaperones
NODE_132809_length_1052_cov_2.250752_1	COG1595	224511	5.34e-08	33.333	RpoE	DNA-directed RNA polymerase specialized sigma subunit, sigma24 family	K	Transcription
NODE_132809_length_1052_cov_2.250752_3	COG3544	226074	1.2e-17	41.096		Uncharacterized conserved protein, DUF305 family	S	Function unknown
