QUERY_ID	COG_ID	CDD_ID	EVALUE	IDENTITY	GENE_NAME	COG_NAME	COG_LETTER	COG_DESCRIPTION
NODE_46_length_140083_cov_19.376568_1	COG1806	224719	3.35e-110	43.137	PpsR	Regulator of PEP synthase PpsR, kinase-PPPase family (combines ADP:protein kinase and phosphorylase activities)	T	Signal transduction mechanisms
NODE_46_length_140083_cov_19.376568_2	COG0407	223484	4.63e-135	45.428	HemE	Uroporphyrinogen-III decarboxylase HemE	H	Coenzyme transport and metabolism
NODE_46_length_140083_cov_19.376568_3	COG1981	224892	1.03e-57	56.338	HemJ	Protoporphyrinogen oxidase HemJ (unrelated to HemG or HemY)	H	Coenzyme transport and metabolism
NODE_46_length_140083_cov_19.376568_4	COG1158	224080	0.0	73.397	Rho	Transcription termination factor Rho	K	Transcription
NODE_46_length_140083_cov_19.376568_5	COG3000	225546	1.07e-23	30.46	ERG3	Sterol desaturase/sphingolipid hydroxylase, fatty acid hydroxylase superfamily	I	Lipid transport and metabolism
NODE_46_length_140083_cov_19.376568_6	COG1331	224250	0.0	42.429	YyaL	Uncharacterized conserved protein YyaL, SSP411 family, contains thoiredoxin and six-hairpin glycosidase-like domains	R	General function prediction only
NODE_46_length_140083_cov_19.376568_7	COG0486	223561	3.91e-173	41.485	MnmE	tRNA U34 5-carboxymethylaminomethyl modifying GTPase MnmE/TrmE	J	Translation, ribosomal structure and biogenesis
NODE_46_length_140083_cov_19.376568_8	COG0445	223522	0.0	55.892	MnmG	tRNA U34 5-carboxymethylaminomethyl modifying enzyme MnmG/GidA	J	Translation, ribosomal structure and biogenesis
NODE_46_length_140083_cov_19.376568_9	COG0357	223434	1.46e-48	35.749	RsmG	16S rRNA G527 N7-methylase RsmG (former glucose-inhibited division protein B)	J	Translation, ribosomal structure and biogenesis
NODE_46_length_140083_cov_19.376568_10	COG1192	224113	1.78e-80	38.931	ParA	ParA-like ATPase involved in chromosome/plasmid partitioning or cellulose biosynthesis protein BcsQ	D	Cell cycle control, cell division, chromosome partitioning
NODE_46_length_140083_cov_19.376568_11	COG1475	224392	6.11e-50	39.914	Spo0J	Chromosome segregation protein Spo0J, contains ParB-like nuclease domain	D	Cell cycle control, cell division, chromosome partitioning
NODE_46_length_140083_cov_19.376568_12	COG0140	223218	1.48e-12	52.747	HisI2	Phosphoribosyl-ATP pyrophosphohydrolase	E	Amino acid transport and metabolism
NODE_46_length_140083_cov_19.376568_13	COG1072	223998	3.89e-140	58.885	CoaA	Panthothenate kinase	H	Coenzyme transport and metabolism
NODE_46_length_140083_cov_19.376568_15	COG0524	223598	1.16e-55	32.915	RbsK	Sugar or nucleoside kinase, ribokinase family	G	Carbohydrate transport and metabolism
NODE_46_length_140083_cov_19.376568_16	COG1466	224383	3.56e-42	28.378	HolA	DNA polymerase III, delta subunit	L	Replication, recombination and repair
NODE_46_length_140083_cov_19.376568_17	COG5468	227755	1.23e-22	30.814		Predicted lipoprotein involved in lipopolysaccharide assembly	S	Function unknown
NODE_46_length_140083_cov_19.376568_18	COG0495	223569	0.0	46.75	LeuS	Leucyl-tRNA synthetase	J	Translation, ribosomal structure and biogenesis
NODE_46_length_140083_cov_19.376568_19	COG0325	223402	4.36e-87	45.495	YggS	Pyridoxal 5'-phosphate homeostasis protein YggS, UPF0001 family	H	Coenzyme transport and metabolism
NODE_46_length_140083_cov_19.376568_22	COG0436	223513	3.2e-75	30.597	AspB	Aspartate/methionine/tyrosine aminotransferase	E	Amino acid transport and metabolism
NODE_46_length_140083_cov_19.376568_23	COG1674	224588	2.99e-170	28.005	FtsK	DNA segregation ATPase FtsK/SpoIIIE or related protein	D	Cell cycle control, cell division, chromosome partitioning
NODE_46_length_140083_cov_19.376568_24	COG2834	225390	2.15e-32	25.434	LolA	Outer membrane lipoprotein-sorting protein	M	Cell wall/membrane/envelope biogenesis
NODE_46_length_140083_cov_19.376568_25	COG0664	223736	1.32e-13	26.812	Crp	cAMP-binding domain of CRP or a regulatory subunit of cAMP-dependent protein kinases	T	Signal transduction mechanisms
NODE_46_length_140083_cov_19.376568_26	COG0745	223816	7.07e-69	41.921	OmpR	DNA-binding response regulator, OmpR family, contains REC and winged-helix (wHTH) domain	T	Signal transduction mechanisms
NODE_46_length_140083_cov_19.376568_27	COG3786	226309	1.21e-49	42.675		L,D-peptidoglycan transpeptidase YkuD, ErfK/YbiS/YcfS/YnhG family	M	Cell wall/membrane/envelope biogenesis
NODE_46_length_140083_cov_19.376568_28	COG0004	223083	1.35e-170	60.099	AmtB	Ammonia channel protein AmtB	P	Inorganic ion transport and metabolism
NODE_46_length_140083_cov_19.376568_29	COG0347	223424	2.61e-59	66.964	GlnK	Nitrogen regulatory protein PII	T	Signal transduction mechanisms
NODE_46_length_140083_cov_19.376568_30	COG1946	224857	2.37e-144	56.842	TesB	Acyl-CoA thioesterase	I	Lipid transport and metabolism
NODE_46_length_140083_cov_19.376568_31	COG0654	223727	6.58e-81	38.987	UbiH	2-polyprenyl-6-methoxyphenol hydroxylase and related FAD-dependent oxidoreductases	H	Coenzyme transport and metabolism
NODE_46_length_140083_cov_19.376568_32	COG0806	223877	3.47e-50	40.0	RimM	Ribosomal 30S subunit maturation factor RimM, required for 16S rRNA processing	J	Translation, ribosomal structure and biogenesis
NODE_46_length_140083_cov_19.376568_34	COG0228	223306	5.53e-36	57.303	RpsP	Ribosomal protein S16	J	Translation, ribosomal structure and biogenesis
NODE_46_length_140083_cov_19.376568_35	COG0541	223615	0.0	53.675	Ffh	Signal recognition particle GTPase	U	Intracellular trafficking, secretion, and vesicular transport
NODE_46_length_140083_cov_19.376568_37	COG2133	225044	1.69e-124	45.573	YliI	Glucose/arabinose dehydrogenase, beta-propeller fold	G	Carbohydrate transport and metabolism
NODE_46_length_140083_cov_19.376568_38	COG0253	223331	1.32e-103	46.57	DapF	Diaminopimelate epimerase	E	Amino acid transport and metabolism
NODE_46_length_140083_cov_19.376568_39	COG0621	223694	3.79e-162	37.875	MiaB	tRNA A37 methylthiotransferase MiaB	J	Translation, ribosomal structure and biogenesis
NODE_46_length_140083_cov_19.376568_40	COG0552	223626	1.85e-141	52.698	FtsY	Signal recognition particle GTPase FtsY	U	Intracellular trafficking, secretion, and vesicular transport
NODE_46_length_140083_cov_19.376568_41	COG2917	225469	8.97e-31	33.333	YciB	Intracellular septation protein A	D	Cell cycle control, cell division, chromosome partitioning
NODE_46_length_140083_cov_19.376568_42	COG2917	225469	1.46e-55	43.503	YciB	Intracellular septation protein A	D	Cell cycle control, cell division, chromosome partitioning
NODE_46_length_140083_cov_19.376568_43	COG1846	224759	5.29e-19	37.864	MarR	DNA-binding transcriptional regulator, MarR family	K	Transcription
NODE_46_length_140083_cov_19.376568_44	COG0136	223214	1.38e-164	53.55	Asd	Aspartate-semialdehyde dehydrogenase	E	Amino acid transport and metabolism
NODE_46_length_140083_cov_19.376568_45	COG0473	223549	3.79e-159	51.206	LeuB	Isocitrate/isopropylmalate dehydrogenase	C	Energy production and conversion
NODE_46_length_140083_cov_19.376568_46	COG0588	223661	8.5e-104	51.542	GpmA	Phosphoglycerate mutase (BPG-dependent)	G	Carbohydrate transport and metabolism
NODE_46_length_140083_cov_19.376568_47	COG0289	223366	1.58e-107	49.811	DapB	4-hydroxy-tetrahydrodipicolinate reductase	E	Amino acid transport and metabolism
NODE_46_length_140083_cov_19.376568_48	COG0456	223532	5.22e-09	20.606	RimI	Ribosomal protein S18 acetylase RimI and related acetyltransferases	J	Translation, ribosomal structure and biogenesis
NODE_46_length_140083_cov_19.376568_49	COG5490	227777	4.71e-09	25.874	Phasin	Predicted polyhydroxyalkanoate (PHA)-binding protein, phasin family	S	Function unknown
NODE_46_length_140083_cov_19.376568_50	COG0507	223581	5.86e-26	22.525	RecD	ATPase/5’-3’ helicase helicase subunit RecD of the DNA repair enzyme RecBCD (exonuclease V)	L	Replication, recombination and repair
NODE_46_length_140083_cov_19.376568_52	COG1217	224138	0.0	61.881	TypA	Predicted membrane GTPase TypA/BipA involved in stress response	T	Signal transduction mechanisms
NODE_46_length_140083_cov_19.376568_53	COG2814	225371	4.38e-09	21.63	AraJ	Predicted arabinose efflux permease AraJ, MFS family	G	Carbohydrate transport and metabolism
NODE_46_length_140083_cov_19.376568_55	COG0492	223566	8.53e-128	56.863	TrxB	Thioredoxin reductase	O	Posttranslational modification, protein turnover, chaperones
NODE_46_length_140083_cov_19.376568_56	COG3391	225926	0.000725	21.839	YncE	DNA-binding beta-propeller fold protein YncE	R	General function prediction only
NODE_46_length_140083_cov_19.376568_57	COG0583	223656	7.71e-53	30.1	LysR	DNA-binding transcriptional regulator, LysR family	K	Transcription
NODE_46_length_140083_cov_19.376568_58	COG0065	223143	0.0	56.29	LeuC	Homoaconitase/3-isopropylmalate dehydratase large subunit	E	Amino acid transport and metabolism
NODE_46_length_140083_cov_19.376568_59	COG2226	225136	2.05e-33	39.695	UbiE	Ubiquinone/menaquinone biosynthesis C-methylase UbiE/MenG	H	Coenzyme transport and metabolism
NODE_46_length_140083_cov_19.376568_60	COG3824	226345	6.03e-49	52.593		Predicted Zn-dependent protease, minimal metalloprotease (MMP)-like domain	O	Posttranslational modification, protein turnover, chaperones
NODE_46_length_140083_cov_19.376568_63	COG0066	223144	5.49e-108	58.209	LeuD	3-isopropylmalate dehydratase small subunit	E	Amino acid transport and metabolism
NODE_46_length_140083_cov_19.376568_64	COG0346	223423	2.03e-11	22.794	GloA	Catechol 2,3-dioxygenase or related enzyme, vicinal oxygen chelate (VOC) family	Q	Secondary metabolites biosynthesis, transport and catabolism
NODE_46_length_140083_cov_19.376568_66	COG5488	227775	2.96e-49	46.497		Uncharacterized membrane protein	S	Function unknown
NODE_46_length_140083_cov_19.376568_67	COG0177	223255	4.09e-114	56.872	Nth	Endonuclease III	L	Replication, recombination and repair
NODE_46_length_140083_cov_19.376568_68	COG2199	225109	3.2e-56	44.199	GGDEF	GGDEF domain, diguanylate cyclase (c-di-GMP synthetase) or its enzymatically inactive variants	T	Signal transduction mechanisms
NODE_46_length_140083_cov_19.376568_69	COG2200	225110	2.07e-54	41.143	EAL	EAL domain, c-di-GMP-specific phosphodiesterase class I (or its enzymatically inactive variant)	T	Signal transduction mechanisms
NODE_46_length_140083_cov_19.376568_70	COG0107	223185	3.05e-152	66.537	HisF	Imidazole glycerol phosphate synthase subunit HisF	E	Amino acid transport and metabolism
NODE_46_length_140083_cov_19.376568_71	COG0106	223184	6.72e-115	50.855	HisA	Phosphoribosylformimino-5-aminoimidazole carboxamide ribonucleotide (ProFAR) isomerase	E	Amino acid transport and metabolism
NODE_46_length_140083_cov_19.376568_74	COG0118	223196	7.41e-111	49.309	HisH	Imidazoleglycerol phosphate synthase glutamine amidotransferase subunit HisH	E	Amino acid transport and metabolism
NODE_46_length_140083_cov_19.376568_76	COG0131	223209	1.63e-116	59.694	HisB2	Imidazoleglycerol phosphate dehydratase HisB	E	Amino acid transport and metabolism
NODE_46_length_140083_cov_19.376568_77	COG5405	227692	6.67e-99	64.407	HslV	ATP-dependent protease HslVU (ClpYQ), peptidase subunit	O	Posttranslational modification, protein turnover, chaperones
NODE_46_length_140083_cov_19.376568_79	COG1220	224141	0.0	64.955	HslU	ATP-dependent protease HslVU (ClpYQ), ATPase subunit HslU	O	Posttranslational modification, protein turnover, chaperones
NODE_46_length_140083_cov_19.376568_80	COG3119	225661	4.05e-76	32.084	AslA	Arylsulfatase A or related enzyme, AlkP superfamily	P	Inorganic ion transport and metabolism
NODE_46_length_140083_cov_19.376568_81	COG1262	224182	7.46e-60	34.628	YfmG	Formylglycine-generating enzyme, required for sulfatase activity, contains SUMF1/FGE domain	O	Posttranslational modification, protein turnover, chaperones
NODE_46_length_140083_cov_19.376568_83	COG0820	223890	1.06e-172	51.099	RlmN	Adenine C2-methylase RlmN of 23S rRNA A2503 and tRNA A37	J	Translation, ribosomal structure and biogenesis
NODE_46_length_140083_cov_19.376568_88	COG0137	223215	0.0	58.722	ArgG	Argininosuccinate synthase	E	Amino acid transport and metabolism
NODE_46_length_140083_cov_19.376568_89	COG0367	223444	1.71e-111	27.348	AsnB	Asparagine synthetase B (glutamine-hydrolyzing)	E	Amino acid transport and metabolism
NODE_46_length_140083_cov_19.376568_90	COG2003	224914	1.77e-46	44.444	RadC	DNA repair protein RadC, contains a helix-hairpin-helix DNA-binding motif	L	Replication, recombination and repair
NODE_46_length_140083_cov_19.376568_91	COG0024	223103	6.98e-132	54.331	Map	Methionine aminopeptidase	J	Translation, ribosomal structure and biogenesis
NODE_46_length_140083_cov_19.376568_92	COG0335	223412	3.74e-57	65.812	RplS	Ribosomal protein L19	J	Translation, ribosomal structure and biogenesis
NODE_46_length_140083_cov_19.376568_93	COG0336	223413	3.78e-129	55.066	TrmD	tRNA G37 N-methylase TrmD	J	Translation, ribosomal structure and biogenesis
NODE_46_length_140083_cov_19.376568_94	COG5470	227757	5.23e-33	48.958		Uncharacterized conserved protein, DUF1330 family	S	Function unknown
NODE_46_length_140083_cov_19.376568_95	COG0284	223361	9.89e-77	50.0	PyrF	Orotidine-5'-phosphate decarboxylase	F	Nucleotide transport and metabolism
NODE_46_length_140083_cov_19.376568_96	COG0431	223508	5.99e-30	32.258	SsuE	NAD(P)H-dependent FMN reductase	C	Energy production and conversion
NODE_46_length_140083_cov_19.376568_97	COG0484	223560	0.0	58.621	DnaJ	DnaJ-class molecular chaperone with C-terminal Zn finger domain	O	Posttranslational modification, protein turnover, chaperones
NODE_46_length_140083_cov_19.376568_98	COG0443	223520	0.0	64.892	DnaK	Molecular chaperone DnaK (HSP70)	O	Posttranslational modification, protein turnover, chaperones
NODE_46_length_140083_cov_19.376568_99	COG0576	223649	2.44e-58	52.941	GrpE	Molecular chaperone GrpE (heat shock protein HSP-70)	O	Posttranslational modification, protein turnover, chaperones
NODE_46_length_140083_cov_19.376568_100	COG1420	224338	1.26e-121	48.256	HrcA	Transcriptional regulator of heat shock response	K	Transcription
NODE_46_length_140083_cov_19.376568_101	COG0689	223761	1.17e-109	58.974	Rph	Ribonuclease PH	J	Translation, ribosomal structure and biogenesis
NODE_46_length_140083_cov_19.376568_103	COG0346	223423	1.66e-13	28.467	GloA	Catechol 2,3-dioxygenase or related enzyme, vicinal oxygen chelate (VOC) family	Q	Secondary metabolites biosynthesis, transport and catabolism
NODE_46_length_140083_cov_19.376568_104	COG0127	223205	1.47e-70	40.404	RdgB	Inosine/xanthosine triphosphate pyrophosphatase, all-alpha NTP-PPase family	F	Nucleotide transport and metabolism
NODE_46_length_140083_cov_19.376568_105	COG0635	223708	2.43e-112	37.24	HemN	Coproporphyrinogen-III oxidase HemN  (oxygen-independent) or related Fe-S oxidoreductase	H	Coenzyme transport and metabolism
NODE_46_length_140083_cov_19.376568_106	COG1238	224159	2.01e-32	33.766	YgaA	Uncharacterized membrane protein YqaA, VTT domain	S	Function unknown
NODE_46_length_140083_cov_19.376568_107	COG1495	224412	6.06e-17	34.559	DsbB	Disulfide bond formation protein DsbB	O	Posttranslational modification, protein turnover, chaperones
NODE_46_length_140083_cov_19.376568_109	COG1403	224321	1.69e-37	36.054	McrA	5-methylcytosine-specific restriction endonuclease McrA	V	Defense mechanisms
NODE_46_length_140083_cov_19.376568_110	COG0122	223200	8.05e-55	36.607	AlkA	3-methyladenine DNA glycosylase/8-oxoguanine DNA glycosylase	L	Replication, recombination and repair
NODE_46_length_140083_cov_19.376568_112	COG0008	223087	8.91e-93	35.517	GlnS	Glutamyl- or glutaminyl-tRNA synthetase	J	Translation, ribosomal structure and biogenesis
NODE_46_length_140083_cov_19.376568_113	COG3738	226261	2.93e-49	35.979	YiijF	Uncharacterized conserved protein YijF, DUF1287 family	S	Function unknown
NODE_46_length_140083_cov_19.376568_116	COG0683	223755	1.69e-18	25.0	LivK	ABC-type branched-chain amino acid transport system, periplasmic component	E	Amino acid transport and metabolism
NODE_46_length_140083_cov_19.376568_117	COG0313	223390	6.54e-124	50.545	RsmI	16S rRNA C1402 (ribose-2'-O) methylase RsmI	J	Translation, ribosomal structure and biogenesis
NODE_46_length_140083_cov_19.376568_118	COG0792	223863	1.51e-27	45.098	YraN	Predicted endonuclease distantly related to archaeal Holliday junction resolvase, YraN/UPF0102 family	L	Replication, recombination and repair
NODE_46_length_140083_cov_19.376568_119	COG3752	226275	1.7e-05	25.21		Steroid 5-alpha reductase family enzyme	R	General function prediction only
NODE_46_length_140083_cov_19.376568_120	COG0189	223267	2.26e-90	35.583	LysX	Glutathione synthase, LysX or RimK-type ligase, ATP-grasp superfamily	E	Amino acid transport and metabolism
NODE_46_length_140083_cov_19.376568_121	COG1686	224600	1.08e-88	46.473	DacC	D-alanyl-D-alanine carboxypeptidase	M	Cell wall/membrane/envelope biogenesis
NODE_46_length_140083_cov_19.376568_122	COG1878	224790	4.12e-60	38.912		Kynurenine formamidase	E	Amino acid transport and metabolism
NODE_46_length_140083_cov_19.376568_123	COG0640	223713	2.86e-17	42.0	ArsR	DNA-binding transcriptional regulator, ArsR family	K	Transcription
NODE_46_length_140083_cov_19.376568_124	COG3832	226353	1.21e-27	30.405	YndB	Chalcone/flavanone-binding protein YndB, AHSA1/START/SRPBCC domain	I	Lipid transport and metabolism
NODE_46_length_140083_cov_19.376568_125	COG4254	226705	5.36e-15	22.989		Uncharacterized peptidoglycan binding protein, contains LysM and FecR  domains	R	General function prediction only
NODE_46_length_140083_cov_19.376568_126	COG0457	223533	7.09e-13	24.779	TPR	Tetratricopeptide (TPR) repeat	R	General function prediction only
NODE_46_length_140083_cov_19.376568_127	COG0607	223680	1.61e-13	34.286	PspE	Rhodanese-related sulfurtransferase	P	Inorganic ion transport and metabolism
NODE_46_length_140083_cov_19.376568_128	COG0640	223713	1.07e-16	41.935	ArsR	DNA-binding transcriptional regulator, ArsR family	K	Transcription
NODE_46_length_140083_cov_19.376568_129	COG0491	223565	2.86e-31	27.413	GloB	Glyoxylase or a related metal-dependent hydrolase, beta-lactamase superfamily II	R	General function prediction only
NODE_46_length_140083_cov_19.376568_130	COG1364	224283	0.0	46.829	ArgJ	Glutamate N-acetyltransferase (ornithine transacetylase)	E	Amino acid transport and metabolism
NODE_46_length_140083_cov_19.376568_131	COG0760	223831	3.49e-23	29.304	SurA	Peptidyl-prolyl isomerase, parvulin family	O	Posttranslational modification, protein turnover, chaperones
NODE_46_length_140083_cov_19.376568_132	COG0653	223726	0.0	50.455	SecA	Preprotein translocase subunit SecA (ATPase, RNA helicase)	U	Intracellular trafficking, secretion, and vesicular transport
NODE_46_length_140083_cov_19.376568_133	COG3034	225577	1.89e-54	42.473	YafK	Murein L,D-transpeptidase YafK	M	Cell wall/membrane/envelope biogenesis
NODE_46_length_140083_cov_19.376568_134	COG3034	225577	2.95e-86	45.622	YafK	Murein L,D-transpeptidase YafK	M	Cell wall/membrane/envelope biogenesis
NODE_46_length_140083_cov_19.376568_135	COG3034	225577	3.53e-98	44.726	YafK	Murein L,D-transpeptidase YafK	M	Cell wall/membrane/envelope biogenesis
NODE_46_length_140083_cov_19.376568_136	COG0825	223895	2.48e-176	56.55	AccA	Acetyl-CoA carboxylase alpha subunit	I	Lipid transport and metabolism
NODE_46_length_140083_cov_19.376568_137	COG4974	227308	4.54e-116	46.23	XerD	Site-specific recombinase XerD	L	Replication, recombination and repair
NODE_46_length_140083_cov_19.376568_140	COG0703	223775	8.32e-74	42.424	AroK	Shikimate kinase	E	Amino acid transport and metabolism
NODE_46_length_140083_cov_19.376568_141	COG0337	223414	1.79e-168	52.055	AroB	3-dehydroquinate synthetase	E	Amino acid transport and metabolism
NODE_46_length_140083_cov_19.376568_142	COG4536	226911	1.19e-174	46.973	CorB	Mg2+ and Co2+ transporter CorB, contains DUF21, CBS pair, and CorC-HlyC domains	P	Inorganic ion transport and metabolism
NODE_46_length_140083_cov_19.376568_144	COG3119	225661	1.49e-52	34.109	AslA	Arylsulfatase A or related enzyme, AlkP superfamily	P	Inorganic ion transport and metabolism
NODE_46_length_140083_cov_19.376568_145	COG1278	224197	9.09e-32	58.824	CspC	Cold shock protein, CspA family	K	Transcription
NODE_132_length_98971_cov_19.554218_2	COG2226	225136	5.23e-101	48.333	UbiE	Ubiquinone/menaquinone biosynthesis C-methylase UbiE/MenG	H	Coenzyme transport and metabolism
NODE_132_length_98971_cov_19.554218_3	COG0266	223344	1.72e-122	47.458	Nei	Formamidopyrimidine-DNA glycosylase	L	Replication, recombination and repair
NODE_132_length_98971_cov_19.554218_7	COG0268	223346	8.38e-16	50.575	RpsT	Ribosomal protein S20	J	Translation, ribosomal structure and biogenesis
NODE_132_length_98971_cov_19.554218_8	COG0607	223680	3.68e-12	24.265	PspE	Rhodanese-related sulfurtransferase	P	Inorganic ion transport and metabolism
NODE_132_length_98971_cov_19.554218_9	COG0593	223666	1.39e-136	40.086	DnaA	Chromosomal replication initiation ATPase DnaA	L	Replication, recombination and repair
NODE_132_length_98971_cov_19.554218_10	COG0592	223665	1.9e-122	42.473	DnaN	DNA polymerase III sliding clamp (beta) subunit, PCNA homolog	L	Replication, recombination and repair
NODE_132_length_98971_cov_19.554218_11	COG1195	224116	8.29e-97	38.4	RecF	Recombinational DNA repair ATPase RecF	L	Replication, recombination and repair
NODE_132_length_98971_cov_19.554218_12	COG0187	223265	0.0	49.44	GyrB	DNA gyrase/topoisomerase IV, subunit B	L	Replication, recombination and repair
NODE_132_length_98971_cov_19.554218_15	COG0744	223815	0.0	44.39	MrcB	Penicillin-binding protein 1B/1F, peptidoglycan  transglycosylase/transpeptidase	M	Cell wall/membrane/envelope biogenesis
NODE_132_length_98971_cov_19.554218_16	COG1451	224368	1.5e-57	32.189	YgjP	UTP pyrophosphatase, metal-dependent hydrolase family	R	General function prediction only
NODE_132_length_98971_cov_19.554218_17	COG1999	224910	3.54e-57	46.951	Sco1	Cytochrome oxidase Cu insertion factor, SCO1/SenC/PrrC family	O	Posttranslational modification, protein turnover, chaperones
NODE_132_length_98971_cov_19.554218_18	COG0642	223715	8.19e-23	20.95	BaeS	Signal transduction histidine kinase	T	Signal transduction mechanisms
NODE_132_length_98971_cov_19.554218_19	COG4567	226933	1.73e-92	65.714		DNA-binding response regulator, ActR/RegA family, consists of REC and Fis-type HTH domains	T	Signal transduction mechanisms
NODE_132_length_98971_cov_19.554218_21	COG5321	227631	2.87e-61	55.147		Uncharacterized conserved protein	S	Function unknown
NODE_132_length_98971_cov_19.554218_22	COG1067	223994	3.96e-33	29.675	LonB	Predicted ATP-dependent protease	O	Posttranslational modification, protein turnover, chaperones
NODE_132_length_98971_cov_19.554218_25	COG3453	225984	6.1e-10	22.881		Predicted phosphohydrolase, protein tyrosine phosphatase (PTP) superfamily, DUF442 family	R	General function prediction only
NODE_132_length_98971_cov_19.554218_26	COG3751	226274	1.92e-05	20.769	EGL9	Proline 4-hydroxylase (includes Rps23 Pro-64 3,4-dihydroxylase Tpa1), contains SM-20 domain	J	Translation, ribosomal structure and biogenesis
NODE_132_length_98971_cov_19.554218_27	COG2326	225207	1.47e-129	54.054	PPK2	Polyphosphate kinase 2, PPK2 family	C	Energy production and conversion
NODE_132_length_98971_cov_19.554218_28	COG5002	227335	6.73e-59	37.037	WalK	Sensor histidine kinase WalK	T	Signal transduction mechanisms
NODE_132_length_98971_cov_19.554218_29	COG0745	223816	1.95e-07	46.154	OmpR	DNA-binding response regulator, OmpR family, contains REC and winged-helix (wHTH) domain	T	Signal transduction mechanisms
NODE_132_length_98971_cov_19.554218_30	COG5352	227655	2.78e-61	49.112		Uncharacterized conserved protein	S	Function unknown
NODE_132_length_98971_cov_19.554218_31	COG4992	227325	0.0	54.359	ArgD	Acetylornithine/succinyldiaminopimelate/putrescine aminotransferase	E	Amino acid transport and metabolism
NODE_132_length_98971_cov_19.554218_32	COG0078	223156	4.87e-162	52.581	ArgF	Ornithine carbamoyltransferase	E	Amino acid transport and metabolism
NODE_132_length_98971_cov_19.554218_33	COG1281	224200	3.59e-96	42.071	HslO	Redox-regulated molecular chaperone, HSP33 family	O	Posttranslational modification, protein turnover, chaperones
NODE_132_length_98971_cov_19.554218_34	COG3474	226005	6.08e-34	37.121	Cyc7	Cytochrome c2	C	Energy production and conversion
NODE_132_length_98971_cov_19.554218_35	COG0624	223697	1.13e-76	30.673	ArgE	Acetylornithine deacetylase/Succinyl-diaminopimelate desuccinylase or related deacylase	E	Amino acid transport and metabolism
NODE_132_length_98971_cov_19.554218_36	COG2967	225515	9.34e-65	53.175	ApaG	Uncharacterized conserved protein ApaG affecting Mg2+/Co2+ transport	P	Inorganic ion transport and metabolism
NODE_132_length_98971_cov_19.554218_37	COG0626	223699	1.25e-174	46.31	MetC	Cystathionine beta-lyase/cystathionine gamma-synthase	E	Amino acid transport and metabolism
NODE_132_length_98971_cov_19.554218_38	COG0717	223789	3.82e-32	20.792	Dcd	dCTP deaminase	F	Nucleotide transport and metabolism
NODE_132_length_98971_cov_19.554218_42	COG1136	224059	4.32e-68	44.67	LolD	ABC-type lipoprotein export system, ATPase component	M	Cell wall/membrane/envelope biogenesis
NODE_132_length_98971_cov_19.554218_43	COG0577	223650	8.56e-18	19.128	SalY	ABC-type antimicrobial peptide transport system, permease component	V	Defense mechanisms
NODE_132_length_98971_cov_19.554218_44	COG3495	226026	1.81e-36	33.149		Uncharacterized conserved protein, DUF3299 family	S	Function unknown
NODE_132_length_98971_cov_19.554218_46	COG0664	223736	3.39e-20	30.0	Crp	cAMP-binding domain of CRP or a regulatory subunit of cAMP-dependent protein kinases	T	Signal transduction mechanisms
NODE_132_length_98971_cov_19.554218_47	COG2205	225115	0.002	29.63	KdpD	K+-sensing histidine kinase KdpD	T	Signal transduction mechanisms
NODE_132_length_98971_cov_19.554218_48	COG0624	223697	2.86e-102	32.678	ArgE	Acetylornithine deacetylase/Succinyl-diaminopimelate desuccinylase or related deacylase	E	Amino acid transport and metabolism
NODE_132_length_98971_cov_19.554218_50	COG2171	225082	5.3e-114	48.592	DapD	Tetrahydrodipicolinate N-succinyltransferase	E	Amino acid transport and metabolism
NODE_132_length_98971_cov_19.554218_52	COG0526	223600	1.01e-15	33.628	TrxA	Thiol-disulfide isomerase or thioredoxin	O	Posttranslational modification, protein turnover, chaperones
NODE_132_length_98971_cov_19.554218_53	COG0165	223243	0.0	55.677	ArgH	Argininosuccinate lyase	E	Amino acid transport and metabolism
NODE_132_length_98971_cov_19.554218_55	COG0019	223098	2.39e-165	48.866	LysA	Diaminopimelate decarboxylase	E	Amino acid transport and metabolism
NODE_132_length_98971_cov_19.554218_59	COG3509	226040	9.25e-08	24.038	LpqC	Acetyl xylan esterase AxeA and related esterases, LpqC family	G	Carbohydrate transport and metabolism
NODE_132_length_98971_cov_19.554218_60	COG4953	227289	0.0	45.515	PbpC	Membrane carboxypeptidase/penicillin-binding protein PbpC	M	Cell wall/membrane/envelope biogenesis
NODE_132_length_98971_cov_19.554218_61	COG2373	225248	0.0	37.037	YfaS	Uncharacterized conserved protein YfaS, alpha-2-macroglobulin family	R	General function prediction only
NODE_132_length_98971_cov_19.554218_63	COG3170	225711	0.006	17.291	FimV	Type IV pilus assembly protein FimV	N	Cell motility
NODE_132_length_98971_cov_19.554218_64	COG4953	227289	9.93e-12	23.529	PbpC	Membrane carboxypeptidase/penicillin-binding protein PbpC	M	Cell wall/membrane/envelope biogenesis
NODE_132_length_98971_cov_19.554218_65	COG0433	223510	3.11e-13	22.542	HerA	Archaeal DNA helicase HerA or a related bacterial ATPase, contains HAS-barrel and ATPase domains	L	Replication, recombination and repair
NODE_132_length_98971_cov_19.554218_67	COG2340	225218	1.11e-34	37.6	YkwD	Spore germination protein YkwD and related proteins with CAP (CSP/antigen 5/PR1) domain	D	Cell cycle control, cell division, chromosome partitioning
NODE_132_length_98971_cov_19.554218_68	COG2244	225153	1.14e-33	25.0	RfbX	Membrane protein involved in the export of O-antigen and teichoic acid	M	Cell wall/membrane/envelope biogenesis
NODE_132_length_98971_cov_19.554218_70	COG1686	224600	2.07e-101	43.369	DacC	D-alanyl-D-alanine carboxypeptidase	M	Cell wall/membrane/envelope biogenesis
NODE_132_length_98971_cov_19.554218_71	COG5473	227760	6.94e-08	30.435		Uncharacterized membrane protein	S	Function unknown
NODE_132_length_98971_cov_19.554218_72	COG0598	223671	1.5e-74	28.571	CorA	Mg2+ and Co2+ transporter CorA	P	Inorganic ion transport and metabolism
NODE_132_length_98971_cov_19.554218_74	COG1055	223983	4.25e-06	22.388	ArsB	Na+/H+ antiporter NhaD or related arsenite permease	P	Inorganic ion transport and metabolism
NODE_132_length_98971_cov_19.554218_75	COG2905	225457	8.45e-72	33.243		Signal-transduction protein containing cAMP-binding, CBS, and nucleotidyltransferase domains	T	Signal transduction mechanisms
NODE_132_length_98971_cov_19.554218_76	COG0665	223737	3.35e-60	29.917	DadA	Glycine/D-amino acid oxidase (deaminating)	E	Amino acid transport and metabolism
NODE_132_length_98971_cov_19.554218_77	COG4311	226761	2.98e-31	47.5	SoxD	Sarcosine oxidase delta subunit	E	Amino acid transport and metabolism
NODE_132_length_98971_cov_19.554218_78	COG0404	223481	1.93e-120	39.295	GcvT	Glycine cleavage system protein T (aminomethyltransferase)	E	Amino acid transport and metabolism
NODE_132_length_98971_cov_19.554218_79	COG4583	226949	1.8e-26	29.05	SoxG	Sarcosine oxidase gamma subunit	E	Amino acid transport and metabolism
NODE_132_length_98971_cov_19.554218_80	COG0642	223715	2.68e-35	30.06	BaeS	Signal transduction histidine kinase	T	Signal transduction mechanisms
NODE_132_length_98971_cov_19.554218_81	COG0745	223816	6.05e-81	48.246	OmpR	DNA-binding response regulator, OmpR family, contains REC and winged-helix (wHTH) domain	T	Signal transduction mechanisms
NODE_132_length_98971_cov_19.554218_82	COG5591	227878	2.34e-14	27.907		Uncharacterized conserved protein	S	Function unknown
NODE_132_length_98971_cov_19.554218_83	COG3658	226184	7.52e-47	40.437	CytB	Cytochrome b subunit of Ni2+-dependent hydrogenase	C	Energy production and conversion
NODE_132_length_98971_cov_19.554218_85	COG1215	224136	2.95e-60	30.93	BcsA	Glycosyltransferase, catalytic subunit of cellulose synthase and poly-beta-1,6-N-acetylglucosamine synthase	N	Cell motility
NODE_132_length_98971_cov_19.554218_86	COG0463	223539	2.03e-12	22.727	WcaA	Glycosyltransferase involved in cell wall bisynthesis	M	Cell wall/membrane/envelope biogenesis
NODE_132_length_98971_cov_19.554218_88	COG0463	223539	1.02e-11	27.551	WcaA	Glycosyltransferase involved in cell wall bisynthesis	M	Cell wall/membrane/envelope biogenesis
NODE_179_length_87238_cov_19.343060_3	COG1940	224851	2.03e-73	38.87	NagC	Sugar kinase of the NBD/HSP70 family, may contain an N-terminal HTH domain	G	Carbohydrate transport and metabolism
NODE_179_length_87238_cov_19.343060_4	COG1970	224881	2.09e-52	58.156	MscL	Large-conductance mechanosensitive channel	M	Cell wall/membrane/envelope biogenesis
NODE_179_length_87238_cov_19.343060_5	COG4982	227315	0.000639	27.778	FabG2	3-oxoacyl-ACP reductase domain of yeast-type fatty acid synthase FAS1	I	Lipid transport and metabolism
NODE_179_length_87238_cov_19.343060_11	COG0642	223715	2.04e-37	26.433	BaeS	Signal transduction histidine kinase	T	Signal transduction mechanisms
NODE_179_length_87238_cov_19.343060_12	COG1249	224169	8.85e-134	38.717	Lpd	Dihydrolipoamide dehydrogenase (E3) component of pyruvate/2-oxoglutarate dehydrogenase complex or glutathione oxidoreductase	C	Energy production and conversion
NODE_179_length_87238_cov_19.343060_13	COG0594	223667	1.55e-07	38.889	RnpA	RNase P protein component	J	Translation, ribosomal structure and biogenesis
NODE_179_length_87238_cov_19.343060_14	COG0706	223778	1.49e-95	41.667	YidC	Membrane protein insertase Oxa1/YidC/SpoIIIJ	M	Cell wall/membrane/envelope biogenesis
NODE_179_length_87238_cov_19.343060_15	COG0218	223296	8.77e-83	44.221	EngB	GTP-binding protein EngB required for normal cell division	D	Cell cycle control, cell division, chromosome partitioning
NODE_179_length_87238_cov_19.343060_16	COG0542	223616	1.62e-14	26.056	ClpA	ATP-dependent Clp protease, ATP-binding subunit ClpA	O	Posttranslational modification, protein turnover, chaperones
NODE_179_length_87238_cov_19.343060_17	COG0548	223622	6.78e-110	54.074	ArgB	N-acetylglutamate kinase	E	Amino acid transport and metabolism
NODE_179_length_87238_cov_19.343060_18	COG1011	223943	1.72e-32	26.009	YigB	FMN and 5-amino-6-(5-phospho-D-ribitylamino)uracil phosphatase YigB, HAD superfamily (riboflavin biosynthesis)	H	Coenzyme transport and metabolism
NODE_179_length_87238_cov_19.343060_19	COG1595	224511	1.06e-36	32.37	RpoE	DNA-directed RNA polymerase specialized sigma subunit, sigma24 family	K	Transcription
NODE_179_length_87238_cov_19.343060_20	COG5343	227648	2.24e-36	33.755	RskA	Anti-sigma-K factor RskA	T	Signal transduction mechanisms
NODE_179_length_87238_cov_19.343060_21	COG2335	225214	1.01e-55	48.087	FAS1	Uncaracterized surface protein containing fasciclin (FAS1) repeats	R	General function prediction only
NODE_179_length_87238_cov_19.343060_22	COG3832	226353	2.97e-30	30.137	YndB	Chalcone/flavanone-binding protein YndB, AHSA1/START/SRPBCC domain	I	Lipid transport and metabolism
NODE_179_length_87238_cov_19.343060_23	COG0625	223698	4.75e-13	21.795	GstA	Glutathione S-transferase	O	Posttranslational modification, protein turnover, chaperones
NODE_179_length_87238_cov_19.343060_24	COG4312	226762	1.46e-118	58.009		Predicted dithiol-disulfide oxidoreductase, DUF899 family	R	General function prediction only
NODE_179_length_87238_cov_19.343060_25	COG1250	224170	3.39e-135	54.196	FadB	3-hydroxyacyl-CoA dehydrogenase	I	Lipid transport and metabolism
NODE_179_length_87238_cov_19.343060_26	COG2025	224936	1.34e-116	55.975	FixB	Electron transfer flavoprotein, alpha subunit FixB	C	Energy production and conversion
NODE_179_length_87238_cov_19.343060_27	COG2086	224997	1.96e-105	52.692	FixA	Electron transfer flavoprotein, alpha and beta subunits	C	Energy production and conversion
NODE_179_length_87238_cov_19.343060_28	COG0705	223777	1.47e-37	32.479	GlpG	Membrane-associated serine protease, rhomboid family	O	Posttranslational modification, protein turnover, chaperones
NODE_179_length_87238_cov_19.343060_29	COG2096	225007	1.07e-87	57.216	PduO	Cob(II)alamin adenosyltransferase	H	Coenzyme transport and metabolism
NODE_179_length_87238_cov_19.343060_31	COG4942	227278	3.12e-71	29.464	EnvC	Septal ring factor EnvC, activator of murein hydrolases AmiA and AmiB	D	Cell cycle control, cell division, chromosome partitioning
NODE_179_length_87238_cov_19.343060_32	COG0793	223864	3.62e-144	43.035	CtpA	C-terminal processing protease CtpA/Prc, contains a PDZ domain	O	Posttranslational modification, protein turnover, chaperones
NODE_179_length_87238_cov_19.343060_33	COG0494	223568	7.69e-17	25.658	MutT	8-oxo-dGTP pyrophosphatase MutT and related house-cleaning NTP pyrophosphohydrolases, NUDIX family	V	Defense mechanisms
NODE_179_length_87238_cov_19.343060_34	COG0494	223568	7.2e-14	22.754	MutT	8-oxo-dGTP pyrophosphatase MutT and related house-cleaning NTP pyrophosphohydrolases, NUDIX family	V	Defense mechanisms
NODE_179_length_87238_cov_19.343060_35	COG0355	223432	4.17e-28	39.098	AtpC	FoF1-type ATP synthase, epsilon subunit	C	Energy production and conversion
NODE_179_length_87238_cov_19.343060_37	COG0055	223133	0.0	76.068	AtpD	FoF1-type ATP synthase, beta subunit	C	Energy production and conversion
NODE_179_length_87238_cov_19.343060_38	COG0224	223302	1.2e-110	42.069	AtpG	FoF1-type ATP synthase, gamma subunit	C	Energy production and conversion
NODE_179_length_87238_cov_19.343060_39	COG0056	223134	0.0	69.412	AtpA	FoF1-type ATP synthase, alpha subunit	C	Energy production and conversion
NODE_179_length_87238_cov_19.343060_40	COG0712	223784	1.04e-54	43.503	AtpH	FoF1-type ATP synthase, delta subunit	C	Energy production and conversion
NODE_179_length_87238_cov_19.343060_43	COG1198	224119	0.0	45.02	PriA	Primosomal protein N' (replication factor Y) - superfamily II helicase	L	Replication, recombination and repair
NODE_179_length_87238_cov_19.343060_44	COG0484	223560	1.35e-88	34.225	DnaJ	DnaJ-class molecular chaperone with C-terminal Zn finger domain	O	Posttranslational modification, protein turnover, chaperones
NODE_179_length_87238_cov_19.343060_46	COG4973	227307	2.82e-77	41.639	XerC	Site-specific recombinase XerC	L	Replication, recombination and repair
NODE_179_length_87238_cov_19.343060_47	COG3735	226258	2.21e-67	33.775	TraB	Uncharacterized conserved protein YbaP, TraB family	S	Function unknown
NODE_179_length_87238_cov_19.343060_48	COG1249	224169	0.0	53.159	Lpd	Dihydrolipoamide dehydrogenase (E3) component of pyruvate/2-oxoglutarate dehydrogenase complex or glutathione oxidoreductase	C	Energy production and conversion
NODE_179_length_87238_cov_19.343060_50	COG2764	225356	2.56e-21	34.532	PhnB	Zn-dependent glyoxalase, PhnB family	C	Energy production and conversion
NODE_179_length_87238_cov_19.343060_51	COG0508	223582	4.46e-154	44.944	AceF	Pyruvate/2-oxoglutarate dehydrogenase complex, dihydrolipoamide acyltransferase (E2) component	C	Energy production and conversion
NODE_179_length_87238_cov_19.343060_52	COG0567	223641	0.0	52.755	SucA	2-oxoglutarate dehydrogenase complex, dehydrogenase (E1) component, and related enzymes	C	Energy production and conversion
NODE_179_length_87238_cov_19.343060_53	COG0074	223152	4.87e-166	65.552	SucD	Succinyl-CoA synthetase, alpha subunit	C	Energy production and conversion
NODE_179_length_87238_cov_19.343060_54	COG0045	223123	0.0	57.25	SucC	Succinyl-CoA synthetase, beta subunit	C	Energy production and conversion
NODE_179_length_87238_cov_19.343060_55	COG0039	223117	1.19e-138	41.587	Mdh	Malate/lactate dehydrogenase	C	Energy production and conversion
NODE_179_length_87238_cov_19.343060_57	COG1485	224402	1.11e-148	48.034	ZapE	Cell division protein ZapE (Z ring-associated ATPase), AFG1 superfamily	D	Cell cycle control, cell division, chromosome partitioning
NODE_179_length_87238_cov_19.343060_59	COG0346	223423	1.35e-10	20.139	GloA	Catechol 2,3-dioxygenase or related enzyme, vicinal oxygen chelate (VOC) family	Q	Secondary metabolites biosynthesis, transport and catabolism
NODE_179_length_87238_cov_19.343060_60	COG0479	223555	2.21e-119	54.741	SdhB/FrdB	Succinate dehydrogenase/fumarate reductase, Fe-S protein subunit	C	Energy production and conversion
NODE_179_length_87238_cov_19.343060_62	COG1051	223979	1.26e-34	39.161	YjhB	ADP-ribose pyrophosphatase YjhB, NUDIX family	F	Nucleotide transport and metabolism
NODE_179_length_87238_cov_19.343060_64	COG2197	225107	7.94e-54	42.995	CitB	DNA-binding response regulator, NarL/FixJ family, contains REC and HTH domains	T	Signal transduction mechanisms
NODE_179_length_87238_cov_19.343060_65	COG4585	226951	5.84e-37	26.49	ComP	Signal transduction histidine kinase ComP	T	Signal transduction mechanisms
NODE_179_length_87238_cov_19.343060_66	COG3049	225591	3.5e-107	40.469	YxeI	Penicillin V acylase or related amidase, Ntn superfamily	M	Cell wall/membrane/envelope biogenesis
NODE_179_length_87238_cov_19.343060_70	COG4221	226674	4.19e-43	36.508	YdfG	NADP-dependent 3-hydroxy acid dehydrogenase YdfG	C	Energy production and conversion
NODE_179_length_87238_cov_19.343060_71	COG1053	223981	0.0	53.369	SdhA	Succinate dehydrogenase/fumarate reductase, flavoprotein subunit	C	Energy production and conversion
NODE_179_length_87238_cov_19.343060_72	COG2142	225053	2.27e-21	27.35	SdhD	Succinate dehydrogenase, hydrophobic anchor subunit	C	Energy production and conversion
NODE_179_length_87238_cov_19.343060_73	COG2009	224920	1.38e-19	38.583	SdhC	Succinate dehydrogenase/fumarate reductase, cytochrome b subunit	C	Energy production and conversion
NODE_179_length_87238_cov_19.343060_74	COG2030	224941	1.76e-21	33.333	MaoC	Acyl-CoA dehydratase PaaZ	I	Lipid transport and metabolism
NODE_179_length_87238_cov_19.343060_75	COG2301	225184	2.67e-94	41.754	CitE	Citrate lyase beta subunit	G	Carbohydrate transport and metabolism
NODE_179_length_87238_cov_19.343060_76	COG2240	225149	8.57e-83	43.015	PdxK	Pyridoxal/pyridoxine/pyridoxamine kinase	H	Coenzyme transport and metabolism
NODE_179_length_87238_cov_19.343060_77	COG3004	225549	2.51e-145	58.901	NhaA	Na+/H+ antiporter NhaA	C	Energy production and conversion
NODE_179_length_87238_cov_19.343060_78	COG0659	223732	1.1e-38	27.376	SUL1	Sulfate permease or related transporter, MFS superfamily	P	Inorganic ion transport and metabolism
NODE_179_length_87238_cov_19.343060_79	COG0659	223732	1.54e-29	28.358	SUL1	Sulfate permease or related transporter, MFS superfamily	P	Inorganic ion transport and metabolism
NODE_179_length_87238_cov_19.343060_80	COG0288	223365	3.55e-58	34.314	CynT	Carbonic anhydrase	P	Inorganic ion transport and metabolism
NODE_179_length_87238_cov_19.343060_81	COG0526	223600	2.96e-12	25.926	TrxA	Thiol-disulfide isomerase or thioredoxin	O	Posttranslational modification, protein turnover, chaperones
NODE_179_length_87238_cov_19.343060_83	COG0755	223826	4.05e-52	40.693	CcmC	ABC-type transport system involved in cytochrome c biogenesis, permease component	O	Posttranslational modification, protein turnover, chaperones
NODE_179_length_87238_cov_19.343060_84	COG2386	225260	2.27e-46	48.416	CcmB	ABC-type transport system involved in cytochrome c biogenesis, permease component	O	Posttranslational modification, protein turnover, chaperones
NODE_179_length_87238_cov_19.343060_85	COG4133	226617	6.75e-69	45.455	CcmA	ABC-type transport system involved in cytochrome c biogenesis, ATPase component	O	Posttranslational modification, protein turnover, chaperones
NODE_179_length_87238_cov_19.343060_86	COG1048	223977	0.0	65.14	AcnA	Aconitase A	C	Energy production and conversion
NODE_179_length_87238_cov_19.343060_87	COG5429	227716	1.45e-72	42.553		Uncharacterized conserved protein, DUF1223 domain	S	Function unknown
NODE_179_length_87238_cov_19.343060_88	COG3177	225718	6.79e-55	28.409		Fic family protein	K	Transcription
NODE_179_length_87238_cov_19.343060_89	COG0339	223416	0.0	46.256	Dcp	Zn-dependent oligopeptidase, M3 family	O	Posttranslational modification, protein turnover, chaperones
NODE_181_length_86876_cov_20.071296_7	COG1192	224113	1.9e-23	27.6	ParA	ParA-like ATPase involved in chromosome/plasmid partitioning or cellulose biosynthesis protein BcsQ	D	Cell cycle control, cell division, chromosome partitioning
NODE_181_length_86876_cov_20.071296_8	COG4974	227308	2.24e-36	37.912	XerD	Site-specific recombinase XerD	L	Replication, recombination and repair
NODE_181_length_86876_cov_20.071296_14	COG2199	225109	1.62e-32	48.544	GGDEF	GGDEF domain, diguanylate cyclase (c-di-GMP synthetase) or its enzymatically inactive variants	T	Signal transduction mechanisms
NODE_181_length_86876_cov_20.071296_15	COG2200	225110	7.25e-105	50.607	EAL	EAL domain, c-di-GMP-specific phosphodiesterase class I (or its enzymatically inactive variant)	T	Signal transduction mechanisms
NODE_181_length_86876_cov_20.071296_16	COG2897	225450	6.53e-115	46.237	SseA	3-mercaptopyruvate sulfurtransferase SseA, contains two rhodanese domains	P	Inorganic ion transport and metabolism
NODE_181_length_86876_cov_20.071296_17	COG0031	223110	3.17e-136	45.981	CysK	Cysteine synthase	E	Amino acid transport and metabolism
NODE_181_length_86876_cov_20.071296_18	COG0544	223618	7.38e-120	38.222	Tig	FKBP-type peptidyl-prolyl cis-trans isomerase (trigger factor)	O	Posttranslational modification, protein turnover, chaperones
NODE_181_length_86876_cov_20.071296_19	COG0740	223811	9.49e-119	68.75	ClpP	ATP-dependent protease ClpP, protease subunit	O	Posttranslational modification, protein turnover, chaperones
NODE_181_length_86876_cov_20.071296_20	COG1219	224140	0.0	75.743	ClpX	ATP-dependent protease Clp, ATPase subunit ClpX	O	Posttranslational modification, protein turnover, chaperones
NODE_181_length_86876_cov_20.071296_21	COG0466	223542	0.0	67.226	Lon	ATP-dependent Lon protease, bacterial type	O	Posttranslational modification, protein turnover, chaperones
NODE_181_length_86876_cov_20.071296_22	COG0776	223847	3.05e-36	56.667	HimA	Bacterial nucleoid DNA-binding protein IHF-alpha	L	Replication, recombination and repair
NODE_181_length_86876_cov_20.071296_23	COG3812	226333	1.5e-89	67.262		Uncharacterized conserved protein, DUF1993 domain	S	Function unknown
NODE_181_length_86876_cov_20.071296_24	COG0838	223908	8.07e-45	55.652	NuoA	NADH:ubiquinone oxidoreductase subunit 3 (chain A)	C	Energy production and conversion
NODE_181_length_86876_cov_20.071296_25	COG0377	223454	4.97e-109	66.463	NuoB	NADH:ubiquinone oxidoreductase 20 kD subunit (chain B) or related Fe-S oxidoreductase	C	Energy production and conversion
NODE_181_length_86876_cov_20.071296_26	COG0852	223921	1.19e-75	53.107	NuoC	NADH:ubiquinone oxidoreductase 27 kD subunit (chain C)	C	Energy production and conversion
NODE_181_length_86876_cov_20.071296_28	COG5496	227783	2.52e-40	39.85		Predicted thioesterase	R	General function prediction only
NODE_181_length_86876_cov_20.071296_29	COG0649	223722	0.0	59.343	NuoD	NADH:ubiquinone oxidoreductase 49 kD subunit (chain D)	C	Energy production and conversion
NODE_181_length_86876_cov_20.071296_30	COG4891	227228	1.46e-17	41.758		Uncharacterized conserved protein	S	Function unknown
NODE_181_length_86876_cov_20.071296_31	COG1905	224817	6.1e-72	48.148	NuoE	NADH:ubiquinone oxidoreductase 24 kD subunit (chain E)	C	Energy production and conversion
NODE_181_length_86876_cov_20.071296_32	COG1894	224806	0.0	60.287	NuoF	NADH:ubiquinone oxidoreductase, NADH-binding 51 kD subunit (chain F)	C	Energy production and conversion
NODE_181_length_86876_cov_20.071296_34	COG1034	223965	0.0	48.991	NuoG	NADH dehydrogenase/NADH:ubiquinone oxidoreductase 75 kD subunit (chain G)	C	Energy production and conversion
NODE_181_length_86876_cov_20.071296_35	COG1005	223937	3.06e-122	49.702	NuoH	NADH:ubiquinone oxidoreductase subunit 1 (chain H)	C	Energy production and conversion
NODE_181_length_86876_cov_20.071296_36	COG1143	224066	1.5e-70	43.976	NuoI	Formate hydrogenlyase subunit 6/NADH:ubiquinone oxidoreductase 23 kD subunit (chain I)	C	Energy production and conversion
NODE_181_length_86876_cov_20.071296_37	COG0839	223909	2.08e-29	47.059	NuoJ	NADH:ubiquinone oxidoreductase subunit 6 (chain J)	C	Energy production and conversion
NODE_181_length_86876_cov_20.071296_38	COG0713	223785	4.18e-31	64.0	NuoK	NADH:ubiquinone oxidoreductase subunit 11 or 4L (chain K)	C	Energy production and conversion
NODE_181_length_86876_cov_20.071296_39	COG1009	223941	0.0	44.219	NuoL	Membrane H+-translocase/NADH:ubiquinone oxidoreductase subunit 5 (chain L)/Multisubunit Na+/H+ antiporter, MnhA subunit	C	Energy production and conversion
NODE_181_length_86876_cov_20.071296_40	COG1008	223940	0.0	55.052	NuoM	NADH:ubiquinone oxidoreductase subunit 4 (chain M)	C	Energy production and conversion
NODE_181_length_86876_cov_20.071296_41	COG1007	223939	1.85e-128	52.732	NuoN	NADH:ubiquinone oxidoreductase subunit 2 (chain N)	C	Energy production and conversion
NODE_181_length_86876_cov_20.071296_42	COG0340	223417	7.84e-65	35.95	BirA2	Biotin-(acetyl-CoA carboxylase) ligase	H	Coenzyme transport and metabolism
NODE_181_length_86876_cov_20.071296_43	COG0595	223668	1.1e-161	40.244	RnjA	mRNA degradation ribonuclease J1/J2	J	Translation, ribosomal structure and biogenesis
NODE_181_length_86876_cov_20.071296_44	COG0346	223423	5.29e-12	26.95	GloA	Catechol 2,3-dioxygenase or related enzyme, vicinal oxygen chelate (VOC) family	Q	Secondary metabolites biosynthesis, transport and catabolism
NODE_181_length_86876_cov_20.071296_45	COG5454	227741	2.25e-24	50.0		Predicted secreted protein	S	Function unknown
NODE_181_length_86876_cov_20.071296_46	COG0442	223519	4.39e-128	29.885	ProS	Prolyl-tRNA synthetase	J	Translation, ribosomal structure and biogenesis
NODE_181_length_86876_cov_20.071296_47	COG4591	226957	6.05e-140	40.048	LolE	ABC-type transport system involved in lipoprotein release, permease component LolC	M	Cell wall/membrane/envelope biogenesis
NODE_181_length_86876_cov_20.071296_48	COG1136	224059	3.49e-101	44.843	LolD	ABC-type lipoprotein export system, ATPase component	M	Cell wall/membrane/envelope biogenesis
NODE_181_length_86876_cov_20.071296_49	COG0587	223660	0.0	48.199	DnaE	DNA polymerase III, alpha subunit	L	Replication, recombination and repair
NODE_181_length_86876_cov_20.071296_50	COG3786	226309	2.73e-05	19.289		L,D-peptidoglycan transpeptidase YkuD, ErfK/YbiS/YcfS/YnhG family	M	Cell wall/membrane/envelope biogenesis
NODE_181_length_86876_cov_20.071296_51	COG1723	224637	1.73e-34	27.149	Rmd1	Mitochondrial translation protein, Rmd1/RMND1/DUF155 family	J	Translation, ribosomal structure and biogenesis
NODE_181_length_86876_cov_20.071296_52	COG0052	223130	3.66e-135	55.085	RpsB	Ribosomal protein S2	J	Translation, ribosomal structure and biogenesis
NODE_181_length_86876_cov_20.071296_53	COG0264	223342	1.26e-115	50.831	Tsf	Translation elongation factor EF-Ts	J	Translation, ribosomal structure and biogenesis
NODE_181_length_86876_cov_20.071296_54	COG0528	223602	1.07e-125	60.684	PyrH	Uridylate kinase	F	Nucleotide transport and metabolism
NODE_181_length_86876_cov_20.071296_55	COG0233	223311	2.73e-90	52.941	Frr	Ribosome recycling factor	J	Translation, ribosomal structure and biogenesis
NODE_181_length_86876_cov_20.071296_56	COG0020	223099	1.76e-110	54.425	UppS	Undecaprenyl pyrophosphate synthase	I	Lipid transport and metabolism
NODE_181_length_86876_cov_20.071296_57	COG0575	223648	8.44e-43	32.576	CdsA	CDP-diglyceride synthetase	I	Lipid transport and metabolism
NODE_181_length_86876_cov_20.071296_58	COG0743	223814	0.0	50.909	Dxr	1-deoxy-D-xylulose 5-phosphate reductoisomerase	I	Lipid transport and metabolism
NODE_181_length_86876_cov_20.071296_59	COG0750	223821	8.09e-80	36.74	RseP	Membrane-associated protease RseP, regulator of RpoE activity	O	Posttranslational modification, protein turnover, chaperones
NODE_181_length_86876_cov_20.071296_61	COG4775	227116	0.0	38.615	BamA	Outer membrane protein assembly factor BamA	M	Cell wall/membrane/envelope biogenesis
NODE_181_length_86876_cov_20.071296_62	COG1044	223974	7.12e-121	46.386	LpxD	UDP-3-O-[3-hydroxymyristoyl] glucosamine N-acyltransferase	M	Cell wall/membrane/envelope biogenesis
NODE_181_length_86876_cov_20.071296_63	COG0764	223835	1.1e-64	49.66	FabA	3-hydroxymyristoyl/3-hydroxydecanoyl-(acyl carrier protein) dehydratase	I	Lipid transport and metabolism
NODE_181_length_86876_cov_20.071296_64	COG1043	223973	1e-132	50.787	LpxA	Acyl-[acyl carrier protein]--UDP-N-acetylglucosamine O-acyltransferase	M	Cell wall/membrane/envelope biogenesis
NODE_181_length_86876_cov_20.071296_65	COG3494	226025	5.76e-67	41.241		Uncharacterized conserved protein, DUF1009 family	S	Function unknown
NODE_181_length_86876_cov_20.071296_66	COG0763	223834	7.96e-141	45.596	LpxB	Lipid A disaccharide synthetase	M	Cell wall/membrane/envelope biogenesis
NODE_181_length_86876_cov_20.071296_67	COG0372	223449	0.0	54.074	GltA	Citrate synthase	C	Energy production and conversion
NODE_181_length_86876_cov_20.071296_68	COG0008	223087	4.94e-155	40.169	GlnS	Glutamyl- or glutaminyl-tRNA synthetase	J	Translation, ribosomal structure and biogenesis
NODE_181_length_86876_cov_20.071296_69	COG0658	223731	1.66e-13	25.989	ComEC	DNA uptake channel protein ComEC, N-terminal domain	U	Intracellular trafficking, secretion, and vesicular transport
NODE_181_length_86876_cov_20.071296_70	COG1974	224885	3.79e-78	42.979	LexA	SOS-response transcriptional repressor LexA (RecA-mediated autopeptidase)	K	Transcription
NODE_181_length_86876_cov_20.071296_71	COG0303	223380	2.8e-129	47.75	MoeA	Molybdopterin Mo-transferase (molybdopterin biosynthesis)	H	Coenzyme transport and metabolism
NODE_181_length_86876_cov_20.071296_72	COG0315	223392	6.93e-84	62.581	MoaC	Molybdenum cofactor biosynthesis enzyme MoaC	H	Coenzyme transport and metabolism
NODE_181_length_86876_cov_20.071296_74	COG0134	223212	4.63e-109	55.039	TrpC	Indole-3-glycerol phosphate synthase	E	Amino acid transport and metabolism
NODE_181_length_86876_cov_20.071296_75	COG2005	224916	4.62e-25	42.574	ModE	DNA-binding transcriptional regulator ModE (molybdenum-dependent)	K	Transcription
NODE_181_length_86876_cov_20.071296_76	COG0547	223621	1.88e-146	55.193	TrpD	Anthranilate phosphoribosyltransferase, glycosyltransferase domain	E	Amino acid transport and metabolism
NODE_181_length_86876_cov_20.071296_77	COG0512	223586	8.68e-114	60.847	PabA	Anthranilate/para-aminobenzoate synthase component II (glutamine amidotransferase)	E	Amino acid transport and metabolism
NODE_181_length_86876_cov_20.071296_78	COG2062	224973	6.41e-50	40.23	SixA	Phosphohistidine phosphatase SixA	T	Signal transduction mechanisms
NODE_181_length_86876_cov_20.071296_79	COG0147	223225	0.0	48.211	TrpE	Anthranilate/para-aminobenzoate synthases component I	E	Amino acid transport and metabolism
NODE_181_length_86876_cov_20.071296_80	COG0760	223831	0.000115	24.762	SurA	Peptidyl-prolyl isomerase, parvulin family	O	Posttranslational modification, protein turnover, chaperones
NODE_181_length_86876_cov_20.071296_81	COG0149	223227	9.08e-102	50.4	TpiA	Triosephosphate isomerase	G	Carbohydrate transport and metabolism
NODE_181_length_86876_cov_20.071296_85	COG0504	223578	0.0	61.738	PyrG	CTP synthase (UTP-ammonia lyase)	F	Nucleotide transport and metabolism
NODE_256_length_75502_cov_19.834162_1	COG5379	227670	3.86e-153	56.3	BtaA	S-adenosylmethionine:diacylglycerol 3-amino-3-carboxypropyl transferase	I	Lipid transport and metabolism
NODE_256_length_75502_cov_19.834162_3	COG2227	225137	1.04e-14	29.286	UbiG	2-polyprenyl-3-methyl-5-hydroxy-6-metoxy-1,4-benzoquinol methylase	H	Coenzyme transport and metabolism
NODE_256_length_75502_cov_19.834162_4	COG1278	224197	2.14e-28	53.623	CspC	Cold shock protein, CspA family	K	Transcription
NODE_256_length_75502_cov_19.834162_5	COG2226	225136	0.004	29.245	UbiE	Ubiquinone/menaquinone biosynthesis C-methylase UbiE/MenG	H	Coenzyme transport and metabolism
NODE_256_length_75502_cov_19.834162_6	COG5001	227334	2.37e-114	35.892		Cyclic di-GMP metabolism protein, combines GGDEF and EAL domains with a 6TM membrane domain	T	Signal transduction mechanisms
NODE_256_length_75502_cov_19.834162_7	COG2353	225228	1.03e-63	46.591	YceI	Polyisoprenoid-binding periplasmic protein YceI	R	General function prediction only
NODE_256_length_75502_cov_19.834162_8	COG3038	225580	9.8e-47	45.977	CybB	Cytochrome b561	C	Energy production and conversion
NODE_256_length_75502_cov_19.834162_9	COG4254	226705	1.2e-10	20.079		Uncharacterized peptidoglycan binding protein, contains LysM and FecR  domains	R	General function prediction only
NODE_256_length_75502_cov_19.834162_10	COG4252	226703	8.39e-38	26.856	CHASE2	Extracytoplasmic sensor domain CHASE2 (specificity unknown)	T	Signal transduction mechanisms
NODE_256_length_75502_cov_19.834162_11	COG0596	223669	4.16e-20	24.812	MenH	2-succinyl-6-hydroxy-2,4-cyclohexadiene-1-carboxylate synthase MenH and related esterases, alpha/beta hydrolase fold	H	Coenzyme transport and metabolism
NODE_256_length_75502_cov_19.834162_12	COG3360	225896	5.35e-11	25.758		Flavin-binding protein dodecin	R	General function prediction only
NODE_256_length_75502_cov_19.834162_13	COG2010	224921	3.09e-05	24.468	CccA	Cytochrome c, mono- and diheme variants	C	Energy production and conversion
NODE_256_length_75502_cov_19.834162_14	COG0221	223299	4.52e-74	58.621	Ppa	Inorganic pyrophosphatase	C	Energy production and conversion
NODE_256_length_75502_cov_19.834162_16	COG0064	223142	0.0	56.224	GatB	Asp-tRNAAsn/Glu-tRNAGln amidotransferase B subunit	J	Translation, ribosomal structure and biogenesis
NODE_256_length_75502_cov_19.834162_17	COG1664	224578	1.03e-14	29.73	CcmA	Cytoskeletal protein CcmA, bactofilin family	Z	Cytoskeleton
NODE_256_length_75502_cov_19.834162_19	COG1605	224521	1.93e-16	32.653	PheA	Chorismate mutase	E	Amino acid transport and metabolism
NODE_256_length_75502_cov_19.834162_20	COG0154	223232	0.0	50.301	GatA	Asp-tRNAAsn/Glu-tRNAGln amidotransferase A subunit or related amidase	J	Translation, ribosomal structure and biogenesis
NODE_256_length_75502_cov_19.834162_21	COG0721	223793	1.02e-34	47.368	GatC	Asp-tRNAAsn/Glu-tRNAGln amidotransferase C subunit	J	Translation, ribosomal structure and biogenesis
NODE_256_length_75502_cov_19.834162_22	COG0421	223498	2.45e-08	23.022	SpeE	Spermidine synthase (polyamine aminopropyltransferase)	E	Amino acid transport and metabolism
NODE_256_length_75502_cov_19.834162_23	COG0816	223886	5.9e-51	48.921	YqgF	YqgF/RuvX protein, pre-16S rRNA maturation RNase/Holliday junction resolvase/anti-termination factor	J	Translation, ribosomal structure and biogenesis
NODE_256_length_75502_cov_19.834162_25	COG3152	225694	1.8e-06	32.53	yhaH	Uncharacterized membrane protein YhaH, DUF805 family	S	Function unknown
NODE_256_length_75502_cov_19.834162_26	COG3152	225694	1.26e-07	24.211	yhaH	Uncharacterized membrane protein YhaH, DUF805 family	S	Function unknown
NODE_256_length_75502_cov_19.834162_27	COG1960	224871	7.99e-61	26.835	CaiA	Acyl-CoA dehydrogenase related to the alkylation response protein AidB	I	Lipid transport and metabolism
NODE_256_length_75502_cov_19.834162_28	COG0540	223614	6.52e-153	51.935	PyrB	Aspartate carbamoyltransferase, catalytic subunit	F	Nucleotide transport and metabolism
NODE_256_length_75502_cov_19.834162_29	COG0044	223122	7.54e-158	43.468	AllB	Dihydroorotase or related cyclic amidohydrolase	F	Nucleotide transport and metabolism
NODE_256_length_75502_cov_19.834162_30	COG1598	224514	5.27e-17	42.029	HicB	Antitoxin component HicB of the HicAB toxin-antitoxin system	V	Defense mechanisms
NODE_256_length_75502_cov_19.834162_31	COG1724	224638	2.61e-20	61.538	YcfA	Predicted RNA binding protein YcfA, dsRBD-like fold, HicA-like mRNA interferase family	R	General function prediction only
NODE_256_length_75502_cov_19.834162_32	COG0344	223421	1.19e-65	47.549	PlsY	Phospholipid biosynthesis protein PlsY, probable glycerol-3-phosphate acyltransferase	I	Lipid transport and metabolism
NODE_256_length_75502_cov_19.834162_33	COG0758	223829	4.36e-54	40.331	Smf	Predicted Rossmann fold nucleotide-binding protein DprA/Smf involved in DNA uptake	L	Replication, recombination and repair
NODE_256_length_75502_cov_19.834162_34	COG0550	223624	0.0	49.241	TopA	DNA topoisomerase IA	L	Replication, recombination and repair
NODE_256_length_75502_cov_19.834162_35	COG0557	223631	0.0	38.43	VacB	Exoribonuclease R	K	Transcription
NODE_256_length_75502_cov_19.834162_36	COG5349	227652	2.46e-51	49.587		Uncharacterized conserved protein, DUF983 family	S	Function unknown
NODE_256_length_75502_cov_19.834162_37	COG0267	223345	3.42e-15	56.522	RpmG	Ribosomal protein L33	J	Translation, ribosomal structure and biogenesis
NODE_256_length_75502_cov_19.834162_38	COG3706	226229	1.96e-151	46.622	PleD	Two-component response regulator, PleD family, consists of two REC domains and a diguanylate cyclase (GGDEF) domain	T	Signal transduction mechanisms
NODE_256_length_75502_cov_19.834162_39	COG0784	223855	5.67e-28	33.846	CheY	CheY-like REC (receiver) domain, includes chemotaxis protein CheY  and sporulation regulator Spo0F	T	Signal transduction mechanisms
NODE_256_length_75502_cov_19.834162_42	COG0251	223329	6.61e-23	30.405	RidA	Enamine deaminase RidA, house cleaning of reactive enamine intermediates, YjgF/YER057c/UK114 family	V	Defense mechanisms
NODE_256_length_75502_cov_19.834162_43	COG0584	223657	3.27e-32	27.6	UgpQ	Glycerophosphoryl diester phosphodiesterase	I	Lipid transport and metabolism
NODE_256_length_75502_cov_19.834162_44	COG3146	225688	0.0	58.869		Predicted N-acyltransferase	R	General function prediction only
NODE_256_length_75502_cov_19.834162_45	COG0537	223611	3.34e-52	49.275	HinT	Purine nucleoside phosphoramidase/Ap4A hydrolase, histidine triade (HIT) family	F	Nucleotide transport and metabolism
NODE_256_length_75502_cov_19.834162_46	COG2910	225462	1.97e-15	29.231	YwnB	Putative NADH-flavin reductase	R	General function prediction only
NODE_256_length_75502_cov_19.834162_47	COG0542	223616	0.0	47.27	ClpA	ATP-dependent Clp protease, ATP-binding subunit ClpA	O	Posttranslational modification, protein turnover, chaperones
NODE_256_length_75502_cov_19.834162_48	COG2127	225038	9.37e-53	52.294	ClpS	ATP-dependent Clp protease adapter protein ClpS	O	Posttranslational modification, protein turnover, chaperones
NODE_256_length_75502_cov_19.834162_49	COG5490	227777	8.12e-06	22.857	Phasin	Predicted polyhydroxyalkanoate (PHA)-binding protein, phasin family	S	Function unknown
NODE_256_length_75502_cov_19.834162_50	COG1686	224600	7.53e-97	41.367	DacC	D-alanyl-D-alanine carboxypeptidase	M	Cell wall/membrane/envelope biogenesis
NODE_256_length_75502_cov_19.834162_51	COG0484	223560	1.04e-07	40.816	DnaJ	DnaJ-class molecular chaperone with C-terminal Zn finger domain	O	Posttranslational modification, protein turnover, chaperones
NODE_256_length_75502_cov_19.834162_52	COG4649	226996	0.000774	31.0	TPR1	TPR-like repeat domain	S	Function unknown
NODE_256_length_75502_cov_19.834162_53	COG4230	226683	0.0	53.756	PutA2	Delta 1-pyrroline-5-carboxylate dehydrogenase	E	Amino acid transport and metabolism
NODE_256_length_75502_cov_19.834162_54	COG0414	223491	1.12e-126	51.623	PanC	Panthothenate synthetase	H	Coenzyme transport and metabolism
NODE_256_length_75502_cov_19.834162_55	COG4303	226753	0.0	57.869	EutB	Ethanolamine ammonia-lyase, large subunit	E	Amino acid transport and metabolism
NODE_256_length_75502_cov_19.834162_58	COG0187	223265	0.0	49.145	GyrB	DNA gyrase/topoisomerase IV, subunit B	L	Replication, recombination and repair
NODE_256_length_75502_cov_19.834162_61	COG3239	225779	4.68e-17	18.407	DesA	Fatty acid desaturase	I	Lipid transport and metabolism
NODE_256_length_75502_cov_19.834162_62	COG0580	223653	3.72e-44	37.131	GlpF	Glycerol uptake facilitator or related aquaporin (Major Intrinsic protein Family)	G	Carbohydrate transport and metabolism
NODE_256_length_75502_cov_19.834162_63	COG0513	223587	1.98e-161	42.245	SrmB	Superfamily II DNA and RNA helicase	L	Replication, recombination and repair
NODE_256_length_75502_cov_19.834162_64	COG3070	225612	6.96e-31	45.361	TfoX	Transcriptional regulator of competence genes, TfoX/Sxy family	K	Transcription
NODE_256_length_75502_cov_19.834162_65	COG3803	226325	1.25e-65	53.552		Uncharacterized conserved protein, DUF924 family	S	Function unknown
NODE_256_length_75502_cov_19.834162_66	COG0316	223393	7.8e-51	49.091	IscA	Fe-S cluster assembly iron-binding protein IscA	O	Posttranslational modification, protein turnover, chaperones
NODE_256_length_75502_cov_19.834162_67	COG2151	225062	1.01e-42	43.243	PaaD	Metal-sulfur cluster biosynthetic enzyme	O	Posttranslational modification, protein turnover, chaperones
NODE_256_length_75502_cov_19.834162_68	COG0520	223594	0.0	55.941	CsdA	Selenocysteine lyase/Cysteine desulfurase	E	Amino acid transport and metabolism
NODE_256_length_75502_cov_19.834162_69	COG0719	223791	1.01e-78	27.512	SufB	Fe-S cluster assembly scaffold protein SufB	O	Posttranslational modification, protein turnover, chaperones
NODE_256_length_75502_cov_19.834162_70	COG0396	223473	8.93e-140	62.195	SufC	Fe-S cluster assembly ATPase SufC	O	Posttranslational modification, protein turnover, chaperones
NODE_256_length_75502_cov_19.834162_71	COG0719	223791	5.04e-172	41.814	SufB	Fe-S cluster assembly scaffold protein SufB	O	Posttranslational modification, protein turnover, chaperones
NODE_256_length_75502_cov_19.834162_72	COG1104	224029	6.05e-108	45.263	NifS	Cysteine desulfurase/Cysteine sulfinate desulfinase IscS or related enzyme, NifS family	E	Amino acid transport and metabolism
NODE_256_length_75502_cov_19.834162_73	COG1959	224870	4.45e-43	33.083	IscR	DNA-binding transcriptional regulator, IscR family	K	Transcription
NODE_336_length_67587_cov_18.747172_3	COG1249	224169	0.0	46.269	Lpd	Dihydrolipoamide dehydrogenase (E3) component of pyruvate/2-oxoglutarate dehydrogenase complex or glutathione oxidoreductase	C	Energy production and conversion
NODE_336_length_67587_cov_18.747172_4	COG2261	225170	0.000159	38.961	YeaQ	Uncharacterized membrane protein YeaQ/YmgE, transglycosylase-associated protein family	R	General function prediction only
NODE_336_length_67587_cov_18.747172_5	COG2261	225170	7.26e-05	37.838	YeaQ	Uncharacterized membrane protein YeaQ/YmgE, transglycosylase-associated protein family	R	General function prediction only
NODE_336_length_67587_cov_18.747172_6	COG0320	223397	0.0	59.736	LipA	Lipoate synthase	H	Coenzyme transport and metabolism
NODE_336_length_67587_cov_18.747172_7	COG2867	225422	2.19e-59	43.333	PasT	Ribosome association toxin PasT (RatA) of the RatAB toxin-antitoxin module	J	Translation, ribosomal structure and biogenesis
NODE_336_length_67587_cov_18.747172_8	COG1357	224276	7.79e-08	54.348	YjbI	Uncharacterized conserved protein YjbI, contains pentapeptide repeats	S	Function unknown
NODE_336_length_67587_cov_18.747172_9	COG1546	224463	3.68e-51	55.484	PncC	Nicotinamide mononucleotide (NMN) deamidase PncC	H	Coenzyme transport and metabolism
NODE_336_length_67587_cov_18.747172_10	COG1846	224759	8.01e-16	30.952	MarR	DNA-binding transcriptional regulator, MarR family	K	Transcription
NODE_336_length_67587_cov_18.747172_11	COG1211	224132	2.39e-85	46.725	IspD	2-C-methyl-D-erythritol 4-phosphate cytidylyltransferase	I	Lipid transport and metabolism
NODE_336_length_67587_cov_18.747172_12	COG0042	223120	6.1e-104	43.034	DusA	tRNA-dihydrouridine synthase	J	Translation, ribosomal structure and biogenesis
NODE_336_length_67587_cov_18.747172_13	COG3852	226370	1.72e-159	47.619	NtrB	Signal transduction histidine kinase NtrB, nitrogen specific	T	Signal transduction mechanisms
NODE_336_length_67587_cov_18.747172_14	COG2204	225114	0.0	44.075	AtoC	DNA-binding transcriptional response regulator, NtrC family, contains REC, AAA-type ATPase, and a Fis-type DNA-binding domains	T	Signal transduction mechanisms
NODE_336_length_67587_cov_18.747172_15	COG5000	227333	0.0	42.958	NtrY	Signal transduction histidine kinase NtrY involved in nitrogen fixation and metabolism regulation	T	Signal transduction mechanisms
NODE_336_length_67587_cov_18.747172_16	COG2204	225114	0.0	46.681	AtoC	DNA-binding transcriptional response regulator, NtrC family, contains REC, AAA-type ATPase, and a Fis-type DNA-binding domains	T	Signal transduction mechanisms
NODE_336_length_67587_cov_18.747172_17	COG0115	223193	1.64e-71	33.214	IlvE	Branched-chain amino acid aminotransferase/4-amino-4-deoxychorismate lyase	E	Amino acid transport and metabolism
NODE_336_length_67587_cov_18.747172_18	COG1923	224834	3.8e-40	66.197	Hfq	sRNA-binding regulator protein Hfq	T	Signal transduction mechanisms
NODE_336_length_67587_cov_18.747172_19	COG2262	225171	1.29e-140	45.61	HflX	50S ribosomal subunit-associated GTPase HflX	J	Translation, ribosomal structure and biogenesis
NODE_336_length_67587_cov_18.747172_21	COG3956	226465	1.42e-75	43.678	YabN	Uncharacterized conserved protein YabN, contains tetrapyrrole methylase and MazG-like pyrophosphatase domain	R	General function prediction only
NODE_336_length_67587_cov_18.747172_25	COG0260	223338	0.0	47.412	PepB	Leucyl aminopeptidase	E	Amino acid transport and metabolism
NODE_336_length_67587_cov_18.747172_26	COG0795	223866	2.19e-28	24.457	LptF	Lipopolysaccharide export LptBFGC system, permease protein LptF	M	Cell wall/membrane/envelope biogenesis
NODE_336_length_67587_cov_18.747172_27	COG0795	223866	2.41e-46	27.554	LptF	Lipopolysaccharide export LptBFGC system, permease protein LptF	M	Cell wall/membrane/envelope biogenesis
NODE_336_length_67587_cov_18.747172_28	COG1452	224369	2.9e-126	27.059	LptD	LPS assembly outer membrane protein LptD (organic solvent tolerance protein OstA)	M	Cell wall/membrane/envelope biogenesis
NODE_336_length_67587_cov_18.747172_30	COG1995	224906	4.47e-120	47.095	PdxA	4-hydroxy-L-threonine phosphate dehydrogenase PdxA	H	Coenzyme transport and metabolism
NODE_336_length_67587_cov_18.747172_31	COG0030	223109	4.43e-98	42.264	RsmA	16S rRNA A1518 and A1519 N6-dimethyltransferase RsmA/KsgA/DIM1 (may also have DNA glycosylase/AP lyase activity)	J	Translation, ribosomal structure and biogenesis
NODE_336_length_67587_cov_18.747172_32	COG0194	223272	4.63e-92	51.913	Gmk	Guanylate kinase	F	Nucleotide transport and metabolism
NODE_336_length_67587_cov_18.747172_33	COG1561	224477	4.12e-100	46.102	YicC	Uncharacterized stationary-phase protein YicC, UPF0701 family	S	Function unknown
NODE_336_length_67587_cov_18.747172_34	COG1559	224475	2.88e-124	42.353	MltG	Endolytic transglycosylase MltG, terminates peptidoglycan polymerization	M	Cell wall/membrane/envelope biogenesis
NODE_336_length_67587_cov_18.747172_35	COG0304	223381	2.44e-176	55.474	FabB	3-oxoacyl-(acyl-carrier-protein) synthase	I	Lipid transport and metabolism
NODE_336_length_67587_cov_18.747172_36	COG0236	223314	1.17e-23	57.895	AcpP	Acyl carrier protein	I	Lipid transport and metabolism
NODE_336_length_67587_cov_18.747172_37	COG1028	223959	1.24e-76	48.828	FabG	NAD(P)-dependent dehydrogenase, short-chain alcohol dehydrogenase family	I	Lipid transport and metabolism
NODE_336_length_67587_cov_18.747172_38	COG0331	223408	7.89e-127	50.321	FabD	Malonyl CoA-acyl carrier protein transacylase	I	Lipid transport and metabolism
NODE_336_length_67587_cov_18.747172_40	COG0360	223437	1.24e-38	42.991	RpsF	Ribosomal protein S6	J	Translation, ribosomal structure and biogenesis
NODE_336_length_67587_cov_18.747172_41	COG0238	223316	2.3e-32	64.286	RpsR	Ribosomal protein S18	J	Translation, ribosomal structure and biogenesis
NODE_336_length_67587_cov_18.747172_43	COG0359	223436	5.1e-58	45.946	RplI	Ribosomal protein L9	J	Translation, ribosomal structure and biogenesis
NODE_336_length_67587_cov_18.747172_44	COG0305	223382	0.0	41.401	DnaB	Replicative DNA helicase	L	Replication, recombination and repair
NODE_336_length_67587_cov_18.747172_45	COG0787	223858	2.95e-122	45.179	Alr	Alanine racemase	M	Cell wall/membrane/envelope biogenesis
NODE_336_length_67587_cov_18.747172_46	COG1066	223993	0.0	57.018	Sms	DNA repair protein RadA/Sms, contains AAA+ ATPase domain	L	Replication, recombination and repair
NODE_336_length_67587_cov_18.747172_47	COG1286	224205	3.23e-17	39.535	CvpA	Colicin V production accessory protein CvpA, regulator of purF expression and biofilm formation	F	Nucleotide transport and metabolism
NODE_336_length_67587_cov_18.747172_48	COG0034	223112	0.0	54.624	PurF	Glutamine phosphoribosylpyrophosphate amidotransferase	F	Nucleotide transport and metabolism
NODE_336_length_67587_cov_18.747172_49	COG1028	223959	3.74e-50	35.897	FabG	NAD(P)-dependent dehydrogenase, short-chain alcohol dehydrogenase family	I	Lipid transport and metabolism
NODE_336_length_67587_cov_18.747172_50	COG1235	224156	3.78e-53	32.0	PhnP	Phosphoribosyl 1,2-cyclic phosphate phosphodiesterase	P	Inorganic ion transport and metabolism
NODE_336_length_67587_cov_18.747172_51	COG0084	223162	6.07e-119	50.195	TatD	3'->5' ssDNA/RNA exonuclease TatD	N	Cell motility
NODE_336_length_67587_cov_18.747172_52	COG0143	223221	0.0	44.365	MetG	Methionyl-tRNA synthetase	J	Translation, ribosomal structure and biogenesis
NODE_336_length_67587_cov_18.747172_53	COG2812	225369	3.62e-28	28.182	DnaX	DNA polymerase III, gamma/tau subunits	L	Replication, recombination and repair
NODE_336_length_67587_cov_18.747172_54	COG0125	223203	4.69e-75	43.128	Tmk	Thymidylate kinase	F	Nucleotide transport and metabolism
NODE_336_length_67587_cov_18.747172_55	COG1686	224600	1.54e-124	39.848	DacC	D-alanyl-D-alanine carboxypeptidase	M	Cell wall/membrane/envelope biogenesis
NODE_336_length_67587_cov_18.747172_56	COG0797	223868	1.13e-59	50.658	RlpA	Peptidoglycan lytic transglycosylase RlpA, contains C-terminal SPOR domain	M	Cell wall/membrane/envelope biogenesis
NODE_336_length_67587_cov_18.747172_57	COG3247	225786	3.3e-18	36.842	HdeD	Acid resistance membrane protein HdeD, DUF308 family	R	General function prediction only
NODE_336_length_67587_cov_18.747172_60	COG0382	223459	1.94e-25	26.038	UbiA	4-hydroxybenzoate polyprenyltransferase	H	Coenzyme transport and metabolism
NODE_336_length_67587_cov_18.747172_61	COG1807	224720	2e-10	24.121	ArnT	PMT family glycosyltransferase ArnT/Agl22, involved in glycosylation of proteins and lipid IVA	M	Cell wall/membrane/envelope biogenesis
NODE_336_length_67587_cov_18.747172_65	COG1176	224097	0.006	21.739	PotB	ABC-type spermidine/putrescine transport system, permease component I	E	Amino acid transport and metabolism
NODE_336_length_67587_cov_18.747172_66	COG0511	223585	2.27e-08	28.235	AccB	Biotin carboxyl carrier protein	I	Lipid transport and metabolism
NODE_336_length_67587_cov_18.747172_67	COG3696	226220	5.17e-94	38.529	CusA	Cu/Ag efflux pump CusA	P	Inorganic ion transport and metabolism
NODE_386_length_63846_cov_19.054020_2	COG3038	225580	3.58e-44	42.077	CybB	Cytochrome b561	C	Energy production and conversion
NODE_386_length_63846_cov_19.054020_3	COG4982	227315	0.002	61.29	FabG2	3-oxoacyl-ACP reductase domain of yeast-type fatty acid synthase FAS1	I	Lipid transport and metabolism
NODE_386_length_63846_cov_19.054020_5	COG1814	224727	2.65e-46	40.175	Ccc1	Predicted Fe2+/Mn2+ transporter, VIT1/CCC1 family	P	Inorganic ion transport and metabolism
NODE_386_length_63846_cov_19.054020_7	COG1961	224872	3.36e-16	24.528	SpoIVCA	Site-specific DNA recombinase SpoIVCA/DNA invertase PinE	L	Replication, recombination and repair
NODE_386_length_63846_cov_19.054020_8	COG1430	224347	7.82e-39	40.336		Uncharacterized conserved membrane protein, UPF0127 family	S	Function unknown
NODE_386_length_63846_cov_19.054020_9	COG1278	224197	3.13e-24	45.455	CspC	Cold shock protein, CspA family	K	Transcription
NODE_386_length_63846_cov_19.054020_10	COG0175	223253	1.26e-71	36.82	CysD	3'-phosphoadenosine 5'-phosphosulfate sulfotransferase (PAPS reductase)/FAD synthetase or related enzyme	E	Amino acid transport and metabolism
NODE_386_length_63846_cov_19.054020_11	COG0175	223253	4.56e-80	36.513	CysD	3'-phosphoadenosine 5'-phosphosulfate sulfotransferase (PAPS reductase)/FAD synthetase or related enzyme	E	Amino acid transport and metabolism
NODE_386_length_63846_cov_19.054020_12	COG2895	225448	0.0	49.157	CysN	Sulfate adenylyltransferase subunit 1, EFTu-like GTPase family	P	Inorganic ion transport and metabolism
NODE_386_length_63846_cov_19.054020_13	COG0730	223802	6.64e-13	28.235	TauE	Sulfite exporter TauE/SafE/YfcA and related permeases, UPF0721 family	P	Inorganic ion transport and metabolism
NODE_386_length_63846_cov_19.054020_14	COG0155	223233	0.0	41.03	CysI	Sulfite reductase, beta subunit (hemoprotein)	P	Inorganic ion transport and metabolism
NODE_386_length_63846_cov_19.054020_15	COG0369	223446	0.0	41.409	CysJ	Flavoprotein (flavin reductase) subunit CysJ of sulfite and N-hydroxylaminopurine reductases	F	Nucleotide transport and metabolism
NODE_386_length_63846_cov_19.054020_16	COG0007	223086	5.68e-86	48.276	CysG	Uroporphyrinogen-III methylase (siroheme synthase)	H	Coenzyme transport and metabolism
NODE_386_length_63846_cov_19.054020_18	COG1235	224156	4.55e-20	24.116	PhnP	Phosphoribosyl 1,2-cyclic phosphate phosphodiesterase	P	Inorganic ion transport and metabolism
NODE_386_length_63846_cov_19.054020_19	COG5424	227711	7.14e-63	37.826	PqqC	Pyrroloquinoline quinone (PQQ) biosynthesis protein C	H	Coenzyme transport and metabolism
NODE_386_length_63846_cov_19.054020_21	COG0535	223609	1.22e-62	31.287	SkfB	Radical SAM superfamily maturase, SkfB/NifB/PqqE family	D	Cell cycle control, cell division, chromosome partitioning
NODE_386_length_63846_cov_19.054020_22	COG3474	226005	1.37e-50	52.586	Cyc7	Cytochrome c2	C	Energy production and conversion
NODE_386_length_63846_cov_19.054020_23	COG0801	223872	7.59e-64	48.077	FolK	7,8-dihydro-6-hydroxymethylpterin pyrophosphokinase (folate biosynthesis)	H	Coenzyme transport and metabolism
NODE_386_length_63846_cov_19.054020_24	COG2154	225065	2.24e-23	37.778	PhhB	Pterin-4a-carbinolamine dehydratase	H	Coenzyme transport and metabolism
NODE_386_length_63846_cov_19.054020_25	COG1907	224819	1.9e-85	40.19	bRFAP	Beta-ribofuranosylaminobenzene 5'-phosphate synthase (methanopterin biosynthesis)	H	Coenzyme transport and metabolism
NODE_386_length_63846_cov_19.054020_27	COG2232	225141	5.88e-25	22.995	PylC	Pyrrolysine biosynthesis ligase PylC and related enzymes, ATP-grasp superfamily	E	Amino acid transport and metabolism
NODE_386_length_63846_cov_19.054020_28	COG3252	225791	5.98e-94	42.222	Mch	Methenyltetrahydromethanopterin cyclohydrolase	H	Coenzyme transport and metabolism
NODE_386_length_63846_cov_19.054020_29	COG0189	223267	3e-34	30.738	LysX	Glutathione synthase, LysX or RimK-type ligase, ATP-grasp superfamily	E	Amino acid transport and metabolism
NODE_386_length_63846_cov_19.054020_30	COG1767	224681	7.29e-15	28.899	CitG	Triphosphoribosyl-dephospho-CoA synthetase	H	Coenzyme transport and metabolism
NODE_386_length_63846_cov_19.054020_31	COG1795	224708	1.24e-62	51.899	Fae	Formaldehyde-activating enzyme (5,6,7,8-tetrahydromethanopterin hydrolyase)	C	Energy production and conversion
NODE_386_length_63846_cov_19.054020_32	COG1411	224329	1.78e-21	26.368		Uncharacterized conserved protein related to proFAR isomerase (HisA)	R	General function prediction only
NODE_386_length_63846_cov_19.054020_33	COG1548	224465	1.23e-50	33.448	MfnF	Methanofuran synthetase MfnF, hydantoinase/oxoprolinase family	H	Coenzyme transport and metabolism
NODE_386_length_63846_cov_19.054020_35	COG2457	225300	2.43e-12	27.273		Uncharacterized conserved protein, DUF447 domain	S	Function unknown
NODE_386_length_63846_cov_19.054020_36	COG0294	223371	5.37e-06	28.704	FolP	Dihydropteroate synthase	H	Coenzyme transport and metabolism
NODE_386_length_63846_cov_19.054020_37	COG2054	224965	3.78e-16	28.188	MfnE	5-(aminomethyl)-3-furanmethanol-phosphate kinase MfnE (methanofuran biosynthesis)	H	Coenzyme transport and metabolism
NODE_386_length_63846_cov_19.054020_38	COG1539	224456	1.12e-21	32.203	FolB	Dihydroneopterin aldolase	H	Coenzyme transport and metabolism
NODE_386_length_63846_cov_19.054020_39	COG1891	224803	7.05e-27	34.081	MfnB	4-(hydroxymethyl)-2-furancarboxaldehyde phosphate synthase MfnB	H	Coenzyme transport and metabolism
NODE_386_length_63846_cov_19.054020_40	COG1116	224041	1.63e-87	44.928	TauB	ABC-type nitrate/sulfonate/bicarbonate transport system, ATPase component	P	Inorganic ion transport and metabolism
NODE_386_length_63846_cov_19.054020_41	COG0600	223673	1.09e-45	26.562	TauC	ABC-type nitrate/sulfonate/bicarbonate transport system, permease component	P	Inorganic ion transport and metabolism
NODE_386_length_63846_cov_19.054020_42	COG0715	223787	9.72e-12	23.649	TauA	ABC-type nitrate/sulfonate/bicarbonate transport system, periplasmic component	P	Inorganic ion transport and metabolism
NODE_386_length_63846_cov_19.054020_44	COG0683	223755	1.37e-11	18.127	LivK	ABC-type branched-chain amino acid transport system, periplasmic component	E	Amino acid transport and metabolism
NODE_386_length_63846_cov_19.054020_45	COG3391	225926	4.69e-35	28.013	YncE	DNA-binding beta-propeller fold protein YncE	R	General function prediction only
NODE_386_length_63846_cov_19.054020_46	COG1131	224054	3.62e-68	40.0	CcmA	ABC-type multidrug transport system, ATPase component	V	Defense mechanisms
NODE_386_length_63846_cov_19.054020_47	COG0842	223912	7.05e-13	28.7	YadH	ABC-type multidrug transport system, permease component	V	Defense mechanisms
NODE_386_length_63846_cov_19.054020_49	COG0607	223680	1.5e-05	23.256	PspE	Rhodanese-related sulfurtransferase	P	Inorganic ion transport and metabolism
NODE_386_length_63846_cov_19.054020_50	COG0834	223904	4.19e-10	21.754	HisJ	ABC-type amino acid transport/signal transduction system, periplasmic component/domain	E	Amino acid transport and metabolism
NODE_386_length_63846_cov_19.054020_51	COG2010	224921	3.05e-06	20.192	CccA	Cytochrome c, mono- and diheme variants	C	Energy production and conversion
NODE_386_length_63846_cov_19.054020_52	COG4993	227326	1.06e-176	28.444	Gcd	Glucose dehydrogenase, PQQ-dependent	G	Carbohydrate transport and metabolism
NODE_386_length_63846_cov_19.054020_53	COG0491	223565	1.49e-15	24.02	GloB	Glyoxylase or a related metal-dependent hydrolase, beta-lactamase superfamily II	R	General function prediction only
NODE_386_length_63846_cov_19.054020_54	COG5501	227788	7.73e-23	37.815	SoxY	Sulfur oxidation protein SoxY	S	Function unknown
NODE_386_length_63846_cov_19.054020_57	COG3391	225926	6.29e-36	31.864	YncE	DNA-binding beta-propeller fold protein YncE	R	General function prediction only
NODE_386_length_63846_cov_19.054020_59	COG1029	223960	3.29e-30	24.888	FwdB	Formylmethanofuran dehydrogenase subunit B	C	Energy production and conversion
NODE_386_length_63846_cov_19.054020_60	COG1229	224150	2.16e-176	39.894	FwdA	Formylmethanofuran dehydrogenase subunit A	C	Energy production and conversion
NODE_386_length_63846_cov_19.054020_61	COG2037	224948	3.28e-96	46.512	Ftr	Formylmethanofuran:tetrahydromethanopterin formyltransferase	C	Energy production and conversion
NODE_386_length_63846_cov_19.054020_62	COG2218	225128	8.1e-39	28.889	FwdC	Formylmethanofuran dehydrogenase subunit C	C	Energy production and conversion
NODE_386_length_63846_cov_19.054020_64	COG1357	224276	1.3e-23	31.746	YjbI	Uncharacterized conserved protein YjbI, contains pentapeptide repeats	S	Function unknown
NODE_386_length_63846_cov_19.054020_66	COG0589	223662	2.92e-22	35.135	UspA	Nucleotide-binding universal stress protein,  UspA family	T	Signal transduction mechanisms
NODE_386_length_63846_cov_19.054020_68	COG3795	226318	1.34e-47	46.774	YCII	5-chloro-2-hydroxyhydroquinone dehydrochlorinase TtfG, YCII superfamily	Q	Secondary metabolites biosynthesis, transport and catabolism
NODE_386_length_63846_cov_19.054020_69	COG4941	227277	1.01e-18	59.649		Predicted RNA polymerase sigma factor, contains C-terminal TPR domain	K	Transcription
NODE_424_length_61813_cov_19.763108_2	COG3760	226283	8.24e-68	53.086	ProX	Predicted aminoacyl-tRNA deacylase, YbaK-like aminoacyl-tRNA editing domain	R	General function prediction only
NODE_424_length_61813_cov_19.763108_3	COG3118	225660	3.96e-105	44.983	CnoX	Chaperedoxin CnoX, contains thioredoxin-like and TPR-like domains, YbbN/TrxSC family	O	Posttranslational modification, protein turnover, chaperones
NODE_424_length_61813_cov_19.763108_4	COG2802	225362	1.21e-57	39.64	LON/PUA	Uncharacterized conserved protein, LON_N-like domain, ASCH/PUA-like superfamily	S	Function unknown
NODE_424_length_61813_cov_19.763108_5	COG2835	225391	1.78e-21	50.0	Trm112	RNA methyltransferase activator Trm112/YbaR	J	Translation, ribosomal structure and biogenesis
NODE_424_length_61813_cov_19.763108_6	COG0642	223715	6.27e-51	33.91	BaeS	Signal transduction histidine kinase	T	Signal transduction mechanisms
NODE_424_length_61813_cov_19.763108_7	COG3176	225717	5.57e-76	43.382		Putative hemolysin	R	General function prediction only
NODE_424_length_61813_cov_19.763108_8	COG5001	227334	5.88e-125	38.427		Cyclic di-GMP metabolism protein, combines GGDEF and EAL domains with a 6TM membrane domain	T	Signal transduction mechanisms
NODE_424_length_61813_cov_19.763108_9	COG0784	223855	1.12e-07	28.235	CheY	CheY-like REC (receiver) domain, includes chemotaxis protein CheY  and sporulation regulator Spo0F	T	Signal transduction mechanisms
NODE_424_length_61813_cov_19.763108_10	COG0642	223715	1.14e-36	26.126	BaeS	Signal transduction histidine kinase	T	Signal transduction mechanisms
NODE_424_length_61813_cov_19.763108_11	COG0156	223234	3.63e-93	33.333	BioF	7-keto-8-aminopelargonate synthetase or related enzyme	H	Coenzyme transport and metabolism
NODE_424_length_61813_cov_19.763108_12	COG0625	223698	2.07e-27	24.155	GstA	Glutathione S-transferase	O	Posttranslational modification, protein turnover, chaperones
NODE_424_length_61813_cov_19.763108_13	COG4553	226926	1.38e-170	47.174	DepA	Poly-beta-hydroxyalkanoate depolymerase	I	Lipid transport and metabolism
NODE_424_length_61813_cov_19.763108_14	COG0517	223591	4.2e-22	32.773	CBS	CBS domain	T	Signal transduction mechanisms
NODE_424_length_61813_cov_19.763108_15	COG0517	223591	3.5e-19	33.036	CBS	CBS domain	T	Signal transduction mechanisms
NODE_424_length_61813_cov_19.763108_19	COG0281	223358	0.0	54.93	SfcA	Malic enzyme	C	Energy production and conversion
NODE_424_length_61813_cov_19.763108_20	COG0249	223327	0.0	47.919	MutS	DNA mismatch repair ATPase MutS	L	Replication, recombination and repair
NODE_424_length_61813_cov_19.763108_21	COG2844	225400	0.0	42.281	GlnD	UTP:GlnB (protein PII) uridylyltransferase	O	Posttranslational modification, protein turnover, chaperones
NODE_424_length_61813_cov_19.763108_22	COG2885	225439	6.9e-14	27.523	OmpA	Outer membrane protein OmpA and related peptidoglycan-associated (lipo)proteins	M	Cell wall/membrane/envelope biogenesis
NODE_424_length_61813_cov_19.763108_23	COG0705	223777	4.26e-40	42.647	GlpG	Membrane-associated serine protease, rhomboid family	O	Posttranslational modification, protein turnover, chaperones
NODE_424_length_61813_cov_19.763108_24	COG0728	223800	2.89e-122	39.388	MurJ	Lipid II flippase MurJ/MviN (peptidoglycan biosynthesis)	M	Cell wall/membrane/envelope biogenesis
NODE_424_length_61813_cov_19.763108_25	COG0180	223258	9.4e-145	47.576	TrpS	Tryptophanyl-tRNA synthetase	J	Translation, ribosomal structure and biogenesis
NODE_424_length_61813_cov_19.763108_27	COG0694	223766	6.7e-34	46.914	NifU	Fe-S cluster biogenesis protein NfuA, 4Fe-4S-binding domain	O	Posttranslational modification, protein turnover, chaperones
NODE_424_length_61813_cov_19.763108_28	COG0778	223849	2.73e-22	21.393	NfnB	Nitroreductase	C	Energy production and conversion
NODE_424_length_61813_cov_19.763108_29	COG1214	224135	1.36e-46	33.333	TsaB	tRNA A37 threonylcarbamoyladenosine modification protein TsaB	J	Translation, ribosomal structure and biogenesis
NODE_424_length_61813_cov_19.763108_30	COG0456	223532	8.79e-27	27.703	RimI	Ribosomal protein S18 acetylase RimI and related acetyltransferases	J	Translation, ribosomal structure and biogenesis
NODE_424_length_61813_cov_19.763108_31	COG0735	223806	3.1e-47	46.667	Fur	Fe2+ or Zn2+ uptake regulation protein Fur/Zur	P	Inorganic ion transport and metabolism
NODE_424_length_61813_cov_19.763108_32	COG0204	223282	8.66e-25	31.902	PlsC	1-acyl-sn-glycerol-3-phosphate acyltransferase	I	Lipid transport and metabolism
NODE_424_length_61813_cov_19.763108_33	COG0621	223694	0.0	47.964	MiaB	tRNA A37 methylthiotransferase MiaB	J	Translation, ribosomal structure and biogenesis
NODE_424_length_61813_cov_19.763108_34	COG1702	411689	8.36e-146	61.832	PhoH	Phosphate starvation-inducible protein PhoH, predicted ATPase	T	Signal transduction mechanisms
NODE_424_length_61813_cov_19.763108_35	COG0319	223396	2.05e-41	48.214	YbeY	ssRNA-specific RNase YbeY, 16S rRNA maturation enzyme	J	Translation, ribosomal structure and biogenesis
NODE_424_length_61813_cov_19.763108_36	COG1253	224173	8.99e-74	37.662	TlyC	Hemolysin-related protein, contains CBS domains, UPF0053 family	R	General function prediction only
NODE_424_length_61813_cov_19.763108_37	COG0815	223885	1.02e-116	36.754	Lnt	Apolipoprotein N-acyltransferase	M	Cell wall/membrane/envelope biogenesis
NODE_424_length_61813_cov_19.763108_38	COG1396	224314	4.56e-10	21.186	HipB	Transcriptional regulator, contains XRE-family HTH domain	K	Transcription
NODE_424_length_61813_cov_19.763108_39	COG0192	223270	0.0	57.389	MetK	S-adenosylmethionine synthetase	H	Coenzyme transport and metabolism
NODE_424_length_61813_cov_19.763108_41	COG0220	223298	1.11e-59	35.749	TrmB	tRNA G46 N7-methylase TrmB	J	Translation, ribosomal structure and biogenesis
NODE_424_length_61813_cov_19.763108_42	COG0779	223850	1.65e-51	39.623	RimP	Ribosome maturation factor RimP	J	Translation, ribosomal structure and biogenesis
NODE_424_length_61813_cov_19.763108_43	COG0195	223273	9.96e-71	58.031	NusA	Transcription antitermination factor NusA, contains S1 and KH domains	K	Transcription
NODE_424_length_61813_cov_19.763108_44	COG2740	225350	5.7e-21	39.241	YlxR	Nucleoid-associated protein YlxR, Predicted RNA-binding, DUF448 family	R	General function prediction only
NODE_424_length_61813_cov_19.763108_45	COG0532	223606	0.0	58.974	InfB	Translation initiation factor IF-2, a GTPase	J	Translation, ribosomal structure and biogenesis
NODE_424_length_61813_cov_19.763108_46	COG0858	223927	1.19e-29	36.667	RbfA	Ribosome-binding factor RbfA	J	Translation, ribosomal structure and biogenesis
NODE_424_length_61813_cov_19.763108_47	COG0130	223208	5.1e-94	40.523	TruB	tRNA U55 pseudouridine synthase TruB, may also work on U342 of tmRNA	J	Translation, ribosomal structure and biogenesis
NODE_424_length_61813_cov_19.763108_48	COG0184	223262	1.37e-41	61.798	RpsO	Ribosomal protein S15P/S13E	J	Translation, ribosomal structure and biogenesis
NODE_424_length_61813_cov_19.763108_49	COG1185	224106	0.0	64.409	Pnp	Polyribonucleotide nucleotidyltransferase (polynucleotide phosphorylase)	J	Translation, ribosomal structure and biogenesis
NODE_424_length_61813_cov_19.763108_51	COG1357	224276	2.16e-26	44.767	YjbI	Uncharacterized conserved protein YjbI, contains pentapeptide repeats	S	Function unknown
NODE_424_length_61813_cov_19.763108_55	COG0225	223303	3.06e-81	49.143	MsrA	Peptide methionine sulfoxide reductase MsrA	O	Posttranslational modification, protein turnover, chaperones
NODE_424_length_61813_cov_19.763108_57	COG0583	223656	3.45e-41	32.441	LysR	DNA-binding transcriptional regulator, LysR family	K	Transcription
NODE_424_length_61813_cov_19.763108_58	COG3576	226105	3.34e-23	28.906		Predicted flavin-nucleotide-binding protein, pyridoxine 5'-phosphate oxidase superfamily	R	General function prediction only
NODE_424_length_61813_cov_19.763108_59	COG4977	227311	1.13e-18	20.29	GlxA	Transcriptional regulator GlxA, contains an amidase domain and an AraC-type DNA-binding HTH domain	K	Transcription
NODE_424_length_61813_cov_19.763108_60	COG1741	224655	1.74e-74	41.633	YhaK	Redox-sensitive bicupin YhaK, pirin superfamily	R	General function prediction only
NODE_451_length_60194_cov_17.915413_1	COG4233	226686	5.86e-40	30.0		Thiol-disulfide interchange protein, contains DsbC and DsbD domains	O	Posttranslational modification, protein turnover, chaperones
NODE_451_length_60194_cov_17.915413_2	COG0678	223750	3.58e-72	47.879	AHP1	Peroxiredoxin	O	Posttranslational modification, protein turnover, chaperones
NODE_451_length_60194_cov_17.915413_3	COG0328	223405	2.1e-70	65.753	RnhA	Ribonuclease HI	L	Replication, recombination and repair
NODE_451_length_60194_cov_17.915413_4	COG2334	225213	3.77e-94	36.89	SrkA	Ser/Thr protein kinase RdoA involved in Cpx stress response, MazF antagonist	T	Signal transduction mechanisms
NODE_451_length_60194_cov_17.915413_5	COG0761	223832	1.48e-150	58.784	IspH	4-Hydroxy-3-methylbut-2-enyl diphosphate reductase IspH	I	Lipid transport and metabolism
NODE_451_length_60194_cov_17.915413_7	COG0711	223783	7.6e-26	34.568	AtpF	FoF1-type ATP synthase, membrane subunit b or b'	C	Energy production and conversion
NODE_451_length_60194_cov_17.915413_8	COG0711	223783	2.35e-23	33.333	AtpF	FoF1-type ATP synthase, membrane subunit b or b'	C	Energy production and conversion
NODE_451_length_60194_cov_17.915413_9	COG0636	223709	1.57e-08	44.444	AtpE	FoF1-type ATP synthase, membrane subunit c/Archaeal/vacuolar-type H+-ATPase, subunit K	C	Energy production and conversion
NODE_451_length_60194_cov_17.915413_10	COG0356	223433	1.57e-56	35.124	AtpB	FoF1-type ATP synthase, membrane subunit a	C	Energy production and conversion
NODE_451_length_60194_cov_17.915413_11	COG5336	227641	4.21e-19	41.026	AtpZ	FoF1-type ATP synthase AtpZ/Atp1/AtpQ subunit, putative Ca2+/Mg2+ transporter	C	Energy production and conversion
NODE_451_length_60194_cov_17.915413_14	COG1196	224117	0.0	30.672	Smc	Chromosome segregation ATPase Smc	D	Cell cycle control, cell division, chromosome partitioning
NODE_451_length_60194_cov_17.915413_15	COG1651	224565	1.51e-28	29.146	DsbG	Protein thiol-disulfide isomerase DsbC	O	Posttranslational modification, protein turnover, chaperones
NODE_451_length_60194_cov_17.915413_16	COG1651	224565	7.22e-36	30.516	DsbG	Protein thiol-disulfide isomerase DsbC	O	Posttranslational modification, protein turnover, chaperones
NODE_451_length_60194_cov_17.915413_17	COG5389	227679	6.57e-21	32.99		Uncharacterized conserved protein, DUF721 domain	S	Function unknown
NODE_451_length_60194_cov_17.915413_18	COG1194	224115	4.14e-133	48.986	MutY	Adenine-specific DNA glycosylase, acts on AG and A-oxoG pairs	L	Replication, recombination and repair
NODE_451_length_60194_cov_17.915413_21	COG2072	224983	1.61e-46	27.72	CzcO	Predicted flavoprotein CzcO associated with the cation diffusion facilitator CzcD	P	Inorganic ion transport and metabolism
NODE_451_length_60194_cov_17.915413_22	COG0863	223931	1.64e-83	34.828	YhdJ	DNA modification methylase	L	Replication, recombination and repair
NODE_451_length_60194_cov_17.915413_24	COG0164	223242	7.8e-84	52.284	RnhB	Ribonuclease HII	L	Replication, recombination and repair
NODE_451_length_60194_cov_17.915413_25	COG0535	223609	3.43e-07	20.94	SkfB	Radical SAM superfamily maturase, SkfB/NifB/PqqE family	D	Cell cycle control, cell division, chromosome partitioning
NODE_451_length_60194_cov_17.915413_26	COG1216	224137	3.13e-13	21.456	WcaE	Glycosyltransferase, GT2 family	G	Carbohydrate transport and metabolism
NODE_451_length_60194_cov_17.915413_28	COG0521	223595	1.87e-74	48.235	MoaB	Molybdopterin biosynthesis enzyme MoaB/MogA	H	Coenzyme transport and metabolism
NODE_451_length_60194_cov_17.915413_29	COG1573	224489	4.79e-55	43.0	Udg4	Uracil-DNA glycosylase	L	Replication, recombination and repair
NODE_451_length_60194_cov_17.915413_30	COG0644	223717	1.33e-90	32.321	FixC	Dehydrogenase (flavoprotein)	C	Energy production and conversion
NODE_451_length_60194_cov_17.915413_31	COG5010	227343	8.41e-10	23.699	TadD	Flp pilus assembly protein TadD, contains TPR repeats	U	Intracellular trafficking, secretion, and vesicular transport
NODE_451_length_60194_cov_17.915413_32	COG1947	224858	2.52e-65	32.526	IspE	4-diphosphocytidyl-2C-methyl-D-erythritol kinase	I	Lipid transport and metabolism
NODE_451_length_60194_cov_17.915413_34	COG0142	223220	5.62e-105	36.89	IspA	Geranylgeranyl pyrophosphate synthase	H	Coenzyme transport and metabolism
NODE_451_length_60194_cov_17.915413_35	COG3603	226131	0.003	32.203	ACT-7	ACT domain, ACT-7 family	T	Signal transduction mechanisms
NODE_451_length_60194_cov_17.915413_36	COG4123	226608	9.06e-54	30.165	TrmN6	tRNA1(Val) A37 N6-methylase TrmN6	J	Translation, ribosomal structure and biogenesis
NODE_451_length_60194_cov_17.915413_38	COG0616	223689	3.81e-33	34.752	SppA	Periplasmic serine protease, ClpP class	O	Posttranslational modification, protein turnover, chaperones
NODE_451_length_60194_cov_17.915413_40	COG1309	224228	2e-12	30.128	AcrR	DNA-binding protein, AcrR family, includes nucleoid occlusion protein SlmA	K	Transcription
NODE_451_length_60194_cov_17.915413_42	COG0845	223914	1.6e-46	34.015	AcrA	Multidrug efflux pump subunit AcrA (membrane-fusion protein)	M	Cell wall/membrane/envelope biogenesis
NODE_451_length_60194_cov_17.915413_43	COG0841	223911	0.0	46.872	AcrB	Multidrug efflux pump subunit AcrB	V	Defense mechanisms
NODE_451_length_60194_cov_17.915413_44	COG0477	223553	0.000351	17.593	ProP	MFS family permease, includes anhydromuropeptide permease AmpG	G	Carbohydrate transport and metabolism
NODE_451_length_60194_cov_17.915413_46	COG2355	225230	5.65e-45	31.636		Zn-dependent dipeptidase, microsomal dipeptidase homolog	O	Posttranslational modification, protein turnover, chaperones
NODE_451_length_60194_cov_17.915413_47	COG2173	225084	2.54e-44	30.045	DdpX	D-alanyl-D-alanine dipeptidase	M	Cell wall/membrane/envelope biogenesis
NODE_451_length_60194_cov_17.915413_48	COG0752	223823	0.0	67.466	GlyQ	Glycyl-tRNA synthetase, alpha subunit	J	Translation, ribosomal structure and biogenesis
NODE_451_length_60194_cov_17.915413_50	COG0751	223822	0.0	40.595	GlyS	Glycyl-tRNA synthetase, beta subunit	J	Translation, ribosomal structure and biogenesis
NODE_451_length_60194_cov_17.915413_51	COG2827	225383	1.24e-38	46.316	YhbQ	Predicted endonuclease, GIY-YIG superfamily	L	Replication, recombination and repair
NODE_451_length_60194_cov_17.915413_52	COG2105	225016	1.05e-13	30.952	YtfP	Predicted gamma-glutamylamine cyclotransferase YtfP, GGCT/AIG2-like family	E	Amino acid transport and metabolism
NODE_451_length_60194_cov_17.915413_53	COG0488	223562	8.73e-31	43.373	Uup	ATPase components of ABC transporters with duplicated ATPase domains	R	General function prediction only
NODE_451_length_60194_cov_17.915413_54	COG0488	223562	2.74e-149	43.128	Uup	ATPase components of ABC transporters with duplicated ATPase domains	R	General function prediction only
NODE_451_length_60194_cov_17.915413_56	COG5613	227900	0.008	23.214	SseC	Type III secretion system effector SseC (host membrane pore formation)	U	Intracellular trafficking, secretion, and vesicular transport
NODE_451_length_60194_cov_17.915413_57	COG0105	223183	3e-58	54.701	Ndk	Nucleoside diphosphate kinase	F	Nucleotide transport and metabolism
NODE_451_length_60194_cov_17.915413_58	COG0262	223340	1.05e-29	28.409	FolA	Dihydrofolate reductase	H	Coenzyme transport and metabolism
NODE_451_length_60194_cov_17.915413_59	COG2124	225035	1.17e-41	23.624	CypX	Cytochrome P450	Q	Secondary metabolites biosynthesis, transport and catabolism
NODE_451_length_60194_cov_17.915413_60	COG0299	223376	2.65e-97	52.792	PurN	Folate-dependent phosphoribosylglycinamide formyltransferase PurN	F	Nucleotide transport and metabolism
NODE_451_length_60194_cov_17.915413_62	COG0412	223489	7.16e-11	24.242	DLH	Dienelactone hydrolase	Q	Secondary metabolites biosynthesis, transport and catabolism
NODE_451_length_60194_cov_17.915413_63	COG3146	225688	0.006	23.026		Predicted N-acyltransferase	R	General function prediction only
NODE_479_length_58762_cov_19.820413_1	COG1290	224209	6.19e-83	49.787	QcrB/PetB	Cytochrome b subunit of the bc complex	C	Energy production and conversion
NODE_479_length_58762_cov_19.820413_2	COG0723	223795	2.28e-54	35.789	QcrA/PetC	Rieske Fe-S protein	C	Energy production and conversion
NODE_479_length_58762_cov_19.820413_3	COG1132	224055	5.67e-146	34.459	MdlB	ABC-type multidrug transport system, ATPase and permease component	V	Defense mechanisms
NODE_479_length_58762_cov_19.820413_4	COG0408	223485	8.38e-153	47.138	HemF	Coproporphyrinogen-III oxidase HemH, oxygen-dependent	H	Coenzyme transport and metabolism
NODE_479_length_58762_cov_19.820413_7	COG0494	223568	6.75e-14	23.026	MutT	8-oxo-dGTP pyrophosphatase MutT and related house-cleaning NTP pyrophosphohydrolases, NUDIX family	V	Defense mechanisms
NODE_479_length_58762_cov_19.820413_9	COG0617	223690	1.27e-78	29.257	PcnB	tRNA nucleotidyltransferase/poly(A) polymerase	J	Translation, ribosomal structure and biogenesis
NODE_479_length_58762_cov_19.820413_10	COG2989	225536	7.99e-101	28.681	YcbB	Murein L,D-transpeptidase YcbB/YkuD	M	Cell wall/membrane/envelope biogenesis
NODE_479_length_58762_cov_19.820413_11	COG0459	223535	0.0	50.368	GroEL	Chaperonin GroEL (HSP60 family)	O	Posttranslational modification, protein turnover, chaperones
NODE_479_length_58762_cov_19.820413_12	COG0234	223312	1.44e-51	71.579	GroES	Co-chaperonin GroES (HSP10)	O	Posttranslational modification, protein turnover, chaperones
NODE_479_length_58762_cov_19.820413_13	COG0693	223765	3.09e-42	34.409	YajL	Protein/nucleotide deglycase, PfpI/YajL/DJ-1 family (repair of methylglyoxal-glycated proteins and nucleic acids)	V	Defense mechanisms
NODE_479_length_58762_cov_19.820413_14	COG2916	225468	5.47e-08	25.243	Hns	DNA-binding protein H-NS	K	Transcription
NODE_479_length_58762_cov_19.820413_16	COG0605	223678	6.44e-82	47.475	SodA	Superoxide dismutase	P	Inorganic ion transport and metabolism
NODE_479_length_58762_cov_19.820413_17	COG3258	225797	5.13e-06	25.806	TsdA	Thiosulfate dehydrogenase TsdA, contains C-terminal cytochrome c domain	P	Inorganic ion transport and metabolism
NODE_479_length_58762_cov_19.820413_18	COG0433	223510	3.88e-48	28.188	HerA	Archaeal DNA helicase HerA or a related bacterial ATPase, contains HAS-barrel and ATPase domains	L	Replication, recombination and repair
NODE_479_length_58762_cov_19.820413_19	COG1884	224796	2.7e-77	27.831	Sbm	Methylmalonyl-CoA mutase, N-terminal domain/subunit	I	Lipid transport and metabolism
NODE_479_length_58762_cov_19.820413_21	COG0001	223080	0.000472	33.898	HemL	Glutamate-1-semialdehyde aminotransferase	H	Coenzyme transport and metabolism
NODE_479_length_58762_cov_19.820413_22	COG0225	223303	1.36e-98	54.651	MsrA	Peptide methionine sulfoxide reductase MsrA	O	Posttranslational modification, protein turnover, chaperones
NODE_479_length_58762_cov_19.820413_23	COG3770	226293	1.68e-110	48.727	MepA	Murein endopeptidase MepA (D-alanyl-D-alanine-endopeptidase)	M	Cell wall/membrane/envelope biogenesis
NODE_479_length_58762_cov_19.820413_24	COG3571	226101	7.67e-67	52.356		Predicted hydrolase of the alpha/beta-hydrolase fold	R	General function prediction only
NODE_479_length_58762_cov_19.820413_26	COG1384	224302	0.0	35.436	LysS	Lysyl-tRNA synthetase, class I	J	Translation, ribosomal structure and biogenesis
NODE_479_length_58762_cov_19.820413_27	COG1479	224396	6.54e-17	19.203	GmrSD	DNAse/DNA nickase specific for phosphorothioated or glycosylated phage DNA, GmrSD/DndB/SspE family, contains DUF262 and HNH nuclease domains	V	Defense mechanisms
NODE_479_length_58762_cov_19.820413_28	COG3502	226033	8.26e-37	50.45		Uncharacterized conserved protein, DUF952 family	S	Function unknown
NODE_479_length_58762_cov_19.820413_29	COG0167	223245	1.27e-109	42.006	PyrD	Dihydroorotate dehydrogenase	F	Nucleotide transport and metabolism
NODE_479_length_58762_cov_19.820413_31	COG1201	224122	0.0	30.607	Lhr	Lhr-like helicase	L	Replication, recombination and repair
NODE_479_length_58762_cov_19.820413_32	COG1407	224325	8.6e-56	35.294		Metallophosphoesterase superfamily enzyme	R	General function prediction only
NODE_479_length_58762_cov_19.820413_34	COG0730	223802	7.72e-22	30.827	TauE	Sulfite exporter TauE/SafE/YfcA and related permeases, UPF0721 family	P	Inorganic ion transport and metabolism
NODE_479_length_58762_cov_19.820413_35	COG0790	223861	7.39e-26	27.602	TPR	TPR repeat	R	General function prediction only
NODE_479_length_58762_cov_19.820413_38	COG0432	223509	3.23e-52	39.13	YjbQ	Thiamin phosphate synthase YjbQ, UPF0047 family	H	Coenzyme transport and metabolism
NODE_479_length_58762_cov_19.820413_39	COG0596	223669	8.06e-09	28.061	MenH	2-succinyl-6-hydroxy-2,4-cyclohexadiene-1-carboxylate synthase MenH and related esterases, alpha/beta hydrolase fold	H	Coenzyme transport and metabolism
NODE_479_length_58762_cov_19.820413_41	COG4147	226627	4.57e-53	25.045	ActP	Na+(or H+)/acetate symporter ActP	C	Energy production and conversion
NODE_479_length_58762_cov_19.820413_42	COG4327	226777	5.43e-08	32.184		Uncharacterized membrane protein, DUF4212 domain	S	Function unknown
NODE_479_length_58762_cov_19.820413_43	COG1970	224881	1.95e-37	47.244	MscL	Large-conductance mechanosensitive channel	M	Cell wall/membrane/envelope biogenesis
NODE_479_length_58762_cov_19.820413_46	COG4974	227308	0.002	30.769	XerD	Site-specific recombinase XerD	L	Replication, recombination and repair
NODE_479_length_58762_cov_19.820413_47	COG1571	224487	3.77e-05	28.931	TiaS	tRNA(Ile2) C34 agmatinyltransferase TiaS	J	Translation, ribosomal structure and biogenesis
NODE_479_length_58762_cov_19.820413_50	COG1629	224544	4.91e-38	19.124	CirA	Outer membrane receptor protein, Fe transport	P	Inorganic ion transport and metabolism
NODE_479_length_58762_cov_19.820413_51	COG3753	226276	4.04e-20	30.435	YidB	Uncharacterized conserved protein YidB, DUF937 family	S	Function unknown
NODE_479_length_58762_cov_19.820413_53	COG1894	224806	1.99e-131	42.611	NuoF	NADH:ubiquinone oxidoreductase, NADH-binding 51 kD subunit (chain F)	C	Energy production and conversion
NODE_479_length_58762_cov_19.820413_54	COG1034	223965	1.46e-30	37.086	NuoG	NADH dehydrogenase/NADH:ubiquinone oxidoreductase 75 kD subunit (chain G)	C	Energy production and conversion
NODE_479_length_58762_cov_19.820413_55	COG3383	225918	0.0	38.442	YjgC	Predicted molibdopterin-dependent oxidoreductase YjgC	R	General function prediction only
NODE_479_length_58762_cov_19.820413_56	COG0746	223817	1.88e-44	38.587	MobA	Molybdopterin-guanine dinucleotide biosynthesis protein A	H	Coenzyme transport and metabolism
NODE_479_length_58762_cov_19.820413_57	COG1763	224677	1.32e-57	44.72	MobB	Molybdopterin-guanine dinucleotide biosynthesis protein	H	Coenzyme transport and metabolism
NODE_479_length_58762_cov_19.820413_58	COG0303	223380	1.01e-122	38.48	MoeA	Molybdopterin Mo-transferase (molybdopterin biosynthesis)	H	Coenzyme transport and metabolism
NODE_479_length_58762_cov_19.820413_59	COG1526	224443	2.25e-93	41.288	FdhD	Formate dehydrogenase assembly factor FdhD, a sulfurtransferase	C	Energy production and conversion
NODE_497_length_57462_cov_18.625446_1	COG3847	226366	1.88e-07	47.5	Flp	Flp pilus assembly protein, pilin Flp	U	Intracellular trafficking, secretion, and vesicular transport
NODE_497_length_57462_cov_18.625446_2	COG3847	226366	2.53e-16	53.704	Flp	Flp pilus assembly protein, pilin Flp	U	Intracellular trafficking, secretion, and vesicular transport
NODE_497_length_57462_cov_18.625446_3	COG4960	227295	1.59e-25	46.763	CpaA	Flp pilus assembly protein, peptidase CpaA	O	Posttranslational modification, protein turnover, chaperones
NODE_497_length_57462_cov_18.625446_4	COG3745	226268	1.66e-61	36.122	CpaB	Flp pilus assembly protein CpaB	U	Intracellular trafficking, secretion, and vesicular transport
NODE_497_length_57462_cov_18.625446_5	COG4964	227299	4.53e-122	36.727	CpaC	Flp pilus assembly protein, secretin CpaC	U	Intracellular trafficking, secretion, and vesicular transport
NODE_497_length_57462_cov_18.625446_6	COG5461	227748	5.66e-46	38.889	CpaD	Type IV pilus biogenesis protein CpaD/CtpE	W	Extracellular structures
NODE_497_length_57462_cov_18.625446_7	COG4963	227298	6.44e-86	38.095	CpaE	Flp pilus assembly ATPase CpaE/TadZ, contains N-terminal REC/TadZ_N domain	U	Intracellular trafficking, secretion, and vesicular transport
NODE_497_length_57462_cov_18.625446_8	COG4962	227297	1.57e-180	58.333	CpaF	Pilus assembly protein, ATPase of CpaF family	U	Intracellular trafficking, secretion, and vesicular transport
NODE_497_length_57462_cov_18.625446_9	COG4965	227300	1.65e-76	38.019	TadB	Flp pilus assembly protein TadB	U	Intracellular trafficking, secretion, and vesicular transport
NODE_497_length_57462_cov_18.625446_10	COG2064	224975	2.06e-36	27.564	TadC	Flp pilus assembly protein TadC	W	Extracellular structures
NODE_497_length_57462_cov_18.625446_11	COG5010	227343	3.28e-30	30.924	TadD	Flp pilus assembly protein TadD, contains TPR repeats	U	Intracellular trafficking, secretion, and vesicular transport
NODE_497_length_57462_cov_18.625446_12	COG0625	223698	3.92e-29	29.808	GstA	Glutathione S-transferase	O	Posttranslational modification, protein turnover, chaperones
NODE_497_length_57462_cov_18.625446_13	COG0260	223338	1.21e-137	42.35	PepB	Leucyl aminopeptidase	E	Amino acid transport and metabolism
NODE_497_length_57462_cov_18.625446_14	COG0791	223862	8.1e-20	38.298	NlpC	Cell wall-associated hydrolase, NlpC_P60 family	M	Cell wall/membrane/envelope biogenesis
NODE_497_length_57462_cov_18.625446_16	COG4172	226641	0.0	68.893	YejF	ABC-type microcin C transport system, duplicated ATPase component YejF	Q	Secondary metabolites biosynthesis, transport and catabolism
NODE_497_length_57462_cov_18.625446_17	COG4239	226690	1.94e-177	61.022	YejE	ABC-type microcin C transport system, permease component YejE	Q	Secondary metabolites biosynthesis, transport and catabolism
NODE_497_length_57462_cov_18.625446_18	COG4174	226642	0.0	63.788	YejB	ABC-type microcin C transport system, permease component YejB	Q	Secondary metabolites biosynthesis, transport and catabolism
NODE_497_length_57462_cov_18.625446_19	COG4166	226636	6.34e-97	27.101	OppA	ABC-type oligopeptide transport system, periplasmic component	E	Amino acid transport and metabolism
NODE_497_length_57462_cov_18.625446_20	COG4166	226636	1.25e-116	30.032	OppA	ABC-type oligopeptide transport system, periplasmic component	E	Amino acid transport and metabolism
NODE_497_length_57462_cov_18.625446_21	COG3474	226005	1.23e-52	52.308	Cyc7	Cytochrome c2	C	Energy production and conversion
NODE_497_length_57462_cov_18.625446_22	COG1212	224133	9.86e-112	49.802	KdsB	CMP-2-keto-3-deoxyoctulosonic acid synthetase	M	Cell wall/membrane/envelope biogenesis
NODE_497_length_57462_cov_18.625446_23	COG0077	223155	2.68e-107	47.037	PheA2	Prephenate dehydratase	E	Amino acid transport and metabolism
NODE_497_length_57462_cov_18.625446_24	COG1028	223959	1.79e-68	46.275	FabG	NAD(P)-dependent dehydrogenase, short-chain alcohol dehydrogenase family	I	Lipid transport and metabolism
NODE_497_length_57462_cov_18.625446_25	COG2812	225369	1.54e-154	40.494	DnaX	DNA polymerase III, gamma/tau subunits	L	Replication, recombination and repair
NODE_497_length_57462_cov_18.625446_26	COG0718	223790	4.85e-30	54.808	YbaB	DNA-binding nucleoid-associated protein YbaB/EfbC	K	Transcription
NODE_497_length_57462_cov_18.625446_27	COG1881	224793	1.6e-65	49.359	PEBP	Uncharacterized conserved protein, phosphatidylethanolamine-binding protein (PEBP) family	R	General function prediction only
NODE_497_length_57462_cov_18.625446_29	COG5001	227334	7.93e-109	38.605		Cyclic di-GMP metabolism protein, combines GGDEF and EAL domains with a 6TM membrane domain	T	Signal transduction mechanisms
NODE_497_length_57462_cov_18.625446_30	COG0582	223655	1.67e-09	16.783	FimB	Integrase/recombinase, includes phage integrase	L	Replication, recombination and repair
NODE_497_length_57462_cov_18.625446_34	COG1752	224666	1.22e-07	22.137	RssA	Predicted acylesterase/phospholipase RssA, containd patatin domain	R	General function prediction only
NODE_497_length_57462_cov_18.625446_35	COG2333	225212	2.21e-29	27.341	ComEC	DNA uptake channel protein ComEC C-terminal domain, metallo-beta-lactamase superfamily	U	Intracellular trafficking, secretion, and vesicular transport
NODE_497_length_57462_cov_18.625446_37	COG0476	223552	1.57e-23	30.719	ThiF	Molybdopterin or thiamine biosynthesis adenylyltransferase	H	Coenzyme transport and metabolism
NODE_497_length_57462_cov_18.625446_39	COG5078	227410	3.4e-05	32.075		Ubiquitin-protein ligase	O	Posttranslational modification, protein turnover, chaperones
NODE_497_length_57462_cov_18.625446_41	COG2251	225160	1e-40	25.437		Predicted nuclease, RecB family	R	General function prediction only
NODE_497_length_57462_cov_18.625446_42	COG1483	224400	5.09e-74	18.159		Predicted ATPase, AAA+ superfamily	R	General function prediction only
NODE_497_length_57462_cov_18.625446_43	COG1743	224657	1.1e-11	18.75		Adenine-specific DNA methylase, contains a Zn-ribbon domain	L	Replication, recombination and repair
NODE_497_length_57462_cov_18.625446_44	COG1743	224657	2.19e-32	25.114		Adenine-specific DNA methylase, contains a Zn-ribbon domain	L	Replication, recombination and repair
NODE_497_length_57462_cov_18.625446_45	COG0553	223627	1.02e-13	17.575	HepA	Superfamily II DNA or RNA helicase, SNF2 family	K	Transcription
NODE_564_length_54099_cov_18.610521_1	COG0745	223816	9.39e-66	43.316	OmpR	DNA-binding response regulator, OmpR family, contains REC and winged-helix (wHTH) domain	T	Signal transduction mechanisms
NODE_564_length_54099_cov_18.610521_2	COG0642	223715	5.22e-54	30.233	BaeS	Signal transduction histidine kinase	T	Signal transduction mechanisms
NODE_564_length_54099_cov_18.610521_3	COG1493	224410	2.7e-24	32.432	HprK	Serine kinase of the HPr protein, regulates carbohydrate metabolism	T	Signal transduction mechanisms
NODE_564_length_54099_cov_18.610521_4	COG2893	225446	1.71e-40	40.299	ManX	Phosphotransferase system, mannose/fructose-specific component IIA	G	Carbohydrate transport and metabolism
NODE_564_length_54099_cov_18.610521_5	COG1925	224836	9.78e-31	47.674	PtsH	HPr or related phosphotransfer protein	T	Signal transduction mechanisms
NODE_564_length_54099_cov_18.610521_6	COG0499	223573	0.0	58.606	SAM1	S-adenosylhomocysteine hydrolase	H	Coenzyme transport and metabolism
NODE_564_length_54099_cov_18.610521_7	COG0642	223715	7.15e-54	30.357	BaeS	Signal transduction histidine kinase	T	Signal transduction mechanisms
NODE_564_length_54099_cov_18.610521_8	COG3178	225719	4.33e-113	47.917		Predicted phosphotransferase, aminoglycoside/choline kinase (APH/ChoK) family	R	General function prediction only
NODE_564_length_54099_cov_18.610521_9	COG1208	224129	5.62e-50	29.339	GCD1	NDP-sugar pyrophosphorylase, includes eIF-2Bgamma, eIF-2Bepsilon, and LPS biosynthesis protein s	J	Translation, ribosomal structure and biogenesis
NODE_564_length_54099_cov_18.610521_10	COG3893	226409	1.42e-119	37.778		Inactivated superfamily I helicase	L	Replication, recombination and repair
NODE_564_length_54099_cov_18.610521_11	COG1074	224000	0.0	27.181	RecB	3’-5’ helicase subunit RecB of the DNA repair enzyme RecBCD (exonuclease V)	L	Replication, recombination and repair
NODE_564_length_54099_cov_18.610521_12	COG3118	225660	4.15e-29	45.556	CnoX	Chaperedoxin CnoX, contains thioredoxin-like and TPR-like domains, YbbN/TrxSC family	O	Posttranslational modification, protein turnover, chaperones
NODE_564_length_54099_cov_18.610521_13	COG0285	223362	8.75e-155	44.218	FolC	Folylpolyglutamate synthase/Dihydropteroate synthase	H	Coenzyme transport and metabolism
NODE_564_length_54099_cov_18.610521_14	COG0777	223848	1.25e-151	52.837	AccD	Acetyl-CoA carboxylase beta subunit	I	Lipid transport and metabolism
NODE_564_length_54099_cov_18.610521_15	COG0159	223237	4.95e-124	48.148	TrpA	Tryptophan synthase alpha chain	E	Amino acid transport and metabolism
NODE_564_length_54099_cov_18.610521_16	COG0133	223211	0.0	68.812	TrpB	Tryptophan synthase beta chain	E	Amino acid transport and metabolism
NODE_564_length_54099_cov_18.610521_17	COG0135	223213	1.04e-69	42.723	TrpF	Phosphoribosylanthranilate isomerase	E	Amino acid transport and metabolism
NODE_564_length_54099_cov_18.610521_19	COG0776	223847	2.54e-36	51.064	HimA	Bacterial nucleoid DNA-binding protein IHF-alpha	L	Replication, recombination and repair
NODE_564_length_54099_cov_18.610521_20	COG0616	223689	3.98e-73	35.798	SppA	Periplasmic serine protease, ClpP class	O	Posttranslational modification, protein turnover, chaperones
NODE_564_length_54099_cov_18.610521_21	COG0539	223613	0.0	53.902	RpsA	Ribosomal protein S1	J	Translation, ribosomal structure and biogenesis
NODE_564_length_54099_cov_18.610521_22	COG0283	223360	7.17e-80	45.872	Cmk	Cytidylate kinase	F	Nucleotide transport and metabolism
NODE_564_length_54099_cov_18.610521_23	COG0128	223206	8.14e-142	42.396	AroA	5-enolpyruvylshikimate-3-phosphate synthase	E	Amino acid transport and metabolism
NODE_564_length_54099_cov_18.610521_24	COG4530	226907	8.1e-08	37.037		Uncharacterized conserved protein	S	Function unknown
NODE_564_length_54099_cov_18.610521_33	COG2916	225468	2.13e-07	24.272	Hns	DNA-binding protein H-NS	K	Transcription
NODE_564_length_54099_cov_18.610521_35	COG1961	224872	1.04e-14	23.077	SpoIVCA	Site-specific DNA recombinase SpoIVCA/DNA invertase PinE	L	Replication, recombination and repair
NODE_564_length_54099_cov_18.610521_39	COG1670	224584	4.55e-06	23.529	RimL	Protein N-acetyltransferase, RimJ/RimL family	J	Translation, ribosomal structure and biogenesis
NODE_564_length_54099_cov_18.610521_43	COG1835	224748	1.07e-72	40.0	OafA	Peptidoglycan/LPS O-acetylase OafA/YrhL, contains acyltransferase and SGNH-hydrolase domains	M	Cell wall/membrane/envelope biogenesis
NODE_564_length_54099_cov_18.610521_48	COG1522	224439	1.33e-40	45.714	Lrp	DNA-binding transcriptional regulator, Lrp family	K	Transcription
NODE_564_length_54099_cov_18.610521_49	COG0686	223758	0.0	64.208	Ald	Alanine dehydrogenase (includes sporulation protein SpoVN)	E	Amino acid transport and metabolism
NODE_564_length_54099_cov_18.610521_50	COG0161	223239	0.0	47.738	BioA	Adenosylmethionine-8-amino-7-oxononanoate aminotransferase	H	Coenzyme transport and metabolism
NODE_573_length_53858_cov_19.335762_1	COG4763	227104	4.24e-25	26.761	YcfT	Uncharacterized membrane protein YcfT	S	Function unknown
NODE_573_length_53858_cov_19.335762_3	COG0749	223820	0.0	52.64	PolA	DNA polymerase I, 3'-5' exonuclease and polymerase domains	L	Replication, recombination and repair
NODE_573_length_53858_cov_19.335762_6	COG2020	224931	5.14e-21	31.159	STE14	Protein-S-isoprenylcysteine O-methyltransferase Ste14	O	Posttranslational modification, protein turnover, chaperones
NODE_573_length_53858_cov_19.335762_7	COG3474	226005	1.33e-32	39.56	Cyc7	Cytochrome c2	C	Energy production and conversion
NODE_573_length_53858_cov_19.335762_8	COG4553	226926	0.0	60.837	DepA	Poly-beta-hydroxyalkanoate depolymerase	I	Lipid transport and metabolism
NODE_573_length_53858_cov_19.335762_9	COG2982	225529	1.25e-34	21.708	AsmA	Uncharacterized conserved protein AsmA involved in outer membrane biogenesis	M	Cell wall/membrane/envelope biogenesis
NODE_573_length_53858_cov_19.335762_10	COG1586	224502	1.35e-36	40.171	SpeD	S-adenosylmethionine decarboxylase	E	Amino acid transport and metabolism
NODE_573_length_53858_cov_19.335762_11	COG2845	225401	1.06e-30	30.116		Uncharacterized conserved protein, DUF459 domain	S	Function unknown
NODE_573_length_53858_cov_19.335762_12	COG0493	223567	2.08e-177	43.191	GltD	NADPH-dependent glutamate synthase beta chain or related oxidoreductase	E	Amino acid transport and metabolism
NODE_573_length_53858_cov_19.335762_13	COG0069	223147	0.0	59.476	GltB2	Glutamate synthase domain 2	E	Amino acid transport and metabolism
NODE_573_length_53858_cov_19.335762_14	COG0071	223149	1.62e-42	36.429	IbpA	Small heat shock protein IbpA, HSP20 family	O	Posttranslational modification, protein turnover, chaperones
NODE_573_length_53858_cov_19.335762_16	COG2267	225176	4.42e-56	30.225	PldB	Lysophospholipase, alpha-beta hydrolase superfamily	I	Lipid transport and metabolism
NODE_573_length_53858_cov_19.335762_17	COG0483	223559	7.98e-61	35.135	SuhB	Archaeal fructose-1,6-bisphosphatase or related enzyme, inositol monophosphatase family	G	Carbohydrate transport and metabolism
NODE_573_length_53858_cov_19.335762_18	COG3741	226264	5.6e-90	43.561	HutG	N-formylglutamate amidohydrolase	E	Amino acid transport and metabolism
NODE_573_length_53858_cov_19.335762_20	COG2204	225114	1.33e-24	39.831	AtoC	DNA-binding transcriptional response regulator, NtrC family, contains REC, AAA-type ATPase, and a Fis-type DNA-binding domains	T	Signal transduction mechanisms
NODE_573_length_53858_cov_19.335762_21	COG0257	223335	1.23e-05	56.098	RpmJ	Ribosomal protein L36	J	Translation, ribosomal structure and biogenesis
NODE_573_length_53858_cov_19.335762_22	COG0457	223533	3.43e-05	24.667	TPR	Tetratricopeptide (TPR) repeat	R	General function prediction only
NODE_573_length_53858_cov_19.335762_23	COG0469	223545	0.0	46.122	PykF	Pyruvate kinase	G	Carbohydrate transport and metabolism
NODE_573_length_53858_cov_19.335762_24	COG5480	227767	1.04e-43	46.774		Uncharacterized membrane protein	S	Function unknown
NODE_573_length_53858_cov_19.335762_25	COG3931	226441	1.85e-103	47.082	HutG2	Predicted N-formylglutamate amidohydrolase	E	Amino acid transport and metabolism
NODE_573_length_53858_cov_19.335762_26	COG3750	226273	5.38e-27	57.5		Uncharacterized conserved protein, UPF0335 family	S	Function unknown
NODE_573_length_53858_cov_19.335762_27	COG0583	223656	5.36e-43	35.294	LysR	DNA-binding transcriptional regulator, LysR family	K	Transcription
NODE_573_length_53858_cov_19.335762_28	COG3108	225650	8.36e-58	41.25	YcbK	Uncharacterized conserved protein YcbK, DUF882 family	S	Function unknown
NODE_573_length_53858_cov_19.335762_29	COG2989	225536	1.09e-117	34.651	YcbB	Murein L,D-transpeptidase YcbB/YkuD	M	Cell wall/membrane/envelope biogenesis
NODE_573_length_53858_cov_19.335762_30	COG2204	225114	0.0	44.2	AtoC	DNA-binding transcriptional response regulator, NtrC family, contains REC, AAA-type ATPase, and a Fis-type DNA-binding domains	T	Signal transduction mechanisms
NODE_573_length_53858_cov_19.335762_31	COG1164	224086	0.0	39.065	PepF	Oligoendopeptidase F	E	Amino acid transport and metabolism
NODE_573_length_53858_cov_19.335762_32	COG3158	225700	0.0	57.283	Kup	K+ uptake protein Kup	P	Inorganic ion transport and metabolism
NODE_573_length_53858_cov_19.335762_33	COG0661	223733	3.09e-79	27.703	AarF	Predicted protein kinase regulating ubiquinone biosynthesis, AarF/ABC1/UbiB family	H	Coenzyme transport and metabolism
NODE_573_length_53858_cov_19.335762_34	COG3462	225993	3.57e-06	47.059	TM0315	Uncharacterized protein, contains short C-terminal (SHOCT) domain	S	Function unknown
NODE_573_length_53858_cov_19.335762_36	COG2863	225418	0.006	28.846	CytC553	Cytochrome c553	C	Energy production and conversion
NODE_573_length_53858_cov_19.335762_38	COG3174	225715	4.95e-51	38.624	MgtC	Membrane component of predicted Mg2+ transport system, contains DUF4010 domain	P	Inorganic ion transport and metabolism
NODE_573_length_53858_cov_19.335762_40	COG3288	225826	1.71e-151	54.768	PntA	NAD/NADP transhydrogenase alpha subunit	C	Energy production and conversion
NODE_573_length_53858_cov_19.335762_41	COG3288	225826	1.1e-33	31.852	PntA	NAD/NADP transhydrogenase alpha subunit	C	Energy production and conversion
NODE_573_length_53858_cov_19.335762_42	COG1282	224201	0.0	59.072	PntB	NAD/NADP transhydrogenase beta subunit	C	Energy production and conversion
NODE_573_length_53858_cov_19.335762_43	COG0265	223343	0.000366	25.191	DegQ	Periplasmic serine protease, S1-C subfamily, contain C-terminal PDZ domain	O	Posttranslational modification, protein turnover, chaperones
NODE_573_length_53858_cov_19.335762_44	COG0060	223138	0.0	41.849	IleS	Isoleucyl-tRNA synthetase	J	Translation, ribosomal structure and biogenesis
NODE_573_length_53858_cov_19.335762_45	COG0597	223670	2.14e-31	36.538	LspA	Lipoprotein signal peptidase	M	Cell wall/membrane/envelope biogenesis
NODE_702_length_49369_cov_18.291337_1	COG0304	223381	1.39e-87	44.138	FabB	3-oxoacyl-(acyl-carrier-protein) synthase	I	Lipid transport and metabolism
NODE_702_length_49369_cov_18.291337_2	COG0654	223727	9.64e-42	29.144	UbiH	2-polyprenyl-6-methoxyphenol hydroxylase and related FAD-dependent oxidoreductases	H	Coenzyme transport and metabolism
NODE_702_length_49369_cov_18.291337_3	COG4391	226826	5.44e-25	53.226		Uncharacterized protein, contains Zn-finger domain	S	Function unknown
NODE_702_length_49369_cov_18.291337_4	COG0596	223669	2.52e-28	27.431	MenH	2-succinyl-6-hydroxy-2,4-cyclohexadiene-1-carboxylate synthase MenH and related esterases, alpha/beta hydrolase fold	H	Coenzyme transport and metabolism
NODE_702_length_49369_cov_18.291337_5	COG3921	226435	3.02e-51	40.0		Uncharacterized conserved protein, contains Extensin-like_C domain	S	Function unknown
NODE_702_length_49369_cov_18.291337_9	COG1309	224228	4.53e-15	30.159	AcrR	DNA-binding protein, AcrR family, includes nucleoid occlusion protein SlmA	K	Transcription
NODE_702_length_49369_cov_18.291337_12	COG1357	224276	5.65e-30	36.15	YjbI	Uncharacterized conserved protein YjbI, contains pentapeptide repeats	S	Function unknown
NODE_702_length_49369_cov_18.291337_13	COG0146	223224	0.0	47.17	HyuB	N-methylhydantoinase B/oxoprolinase/acetone carboxylase, alpha subunit	E	Amino acid transport and metabolism
NODE_702_length_49369_cov_18.291337_14	COG1076	224002	6.68e-24	23.563	DjlA	DnaJ domain-containing protein	O	Posttranslational modification, protein turnover, chaperones
NODE_702_length_49369_cov_18.291337_15	COG3023	225567	4.23e-96	44.77	AmpD	N-acetyl-anhydromuramyl-L-alanine amidase AmpD	M	Cell wall/membrane/envelope biogenesis
NODE_702_length_49369_cov_18.291337_16	COG0596	223669	9.38e-21	29.832	MenH	2-succinyl-6-hydroxy-2,4-cyclohexadiene-1-carboxylate synthase MenH and related esterases, alpha/beta hydrolase fold	H	Coenzyme transport and metabolism
NODE_702_length_49369_cov_18.291337_17	COG3568	226098	8.53e-11	20.8	ElsH	Metal-dependent hydrolase, endonuclease/exonuclease/phosphatase family	R	General function prediction only
NODE_702_length_49369_cov_18.291337_18	COG5662	227949	3.1e-08	30.159	RsiW	Transmembrane transcriptional regulator RsiW (anti-sigma-W factor)	K	Transcription
NODE_702_length_49369_cov_18.291337_19	COG1595	224511	2.21e-36	35.45	RpoE	DNA-directed RNA polymerase specialized sigma subunit, sigma24 family	K	Transcription
NODE_702_length_49369_cov_18.291337_21	COG4991	227324	1.15e-30	35.762	YraI	Uncharacterized conserved protein YraI	S	Function unknown
NODE_702_length_49369_cov_18.291337_22	COG1629	224544	4.83e-11	22.517	CirA	Outer membrane receptor protein, Fe transport	P	Inorganic ion transport and metabolism
NODE_702_length_49369_cov_18.291337_25	COG1032	223963	1.62e-36	26.374	YgiQ	Radical SAM superfamily enzyme YgiQ, UPF0313 family	R	General function prediction only
NODE_702_length_49369_cov_18.291337_26	COG2199	225109	0.001	54.167	GGDEF	GGDEF domain, diguanylate cyclase (c-di-GMP synthetase) or its enzymatically inactive variants	T	Signal transduction mechanisms
NODE_702_length_49369_cov_18.291337_27	COG2199	225109	5.53e-28	48.936	GGDEF	GGDEF domain, diguanylate cyclase (c-di-GMP synthetase) or its enzymatically inactive variants	T	Signal transduction mechanisms
NODE_702_length_49369_cov_18.291337_28	COG5473	227760	4.12e-66	48.606		Uncharacterized membrane protein	S	Function unknown
NODE_702_length_49369_cov_18.291337_30	COG0075	223153	2e-50	26.786	PucG	Archaeal aspartate aminotransferase or a related aminotransferase, includes purine catabolism protein PucG	E	Amino acid transport and metabolism
NODE_702_length_49369_cov_18.291337_31	COG2827	225383	9.81e-39	46.739	YhbQ	Predicted endonuclease, GIY-YIG superfamily	L	Replication, recombination and repair
NODE_702_length_49369_cov_18.291337_32	COG1274	224193	0.0	60.57	PepCK	Phosphoenolpyruvate carboxykinase, GTP-dependent	C	Energy production and conversion
NODE_702_length_49369_cov_18.291337_33	COG3011	225556	4.23e-05	23.148	YuxK	Predicted thiol-disulfide oxidoreductase YuxK, DCC family	R	General function prediction only
NODE_702_length_49369_cov_18.291337_36	COG0596	223669	4.96e-29	31.387	MenH	2-succinyl-6-hydroxy-2,4-cyclohexadiene-1-carboxylate synthase MenH and related esterases, alpha/beta hydrolase fold	H	Coenzyme transport and metabolism
NODE_702_length_49369_cov_18.291337_37	COG2001	224912	1.33e-33	30.216	MraZ	MraZ, DNA-binding transcriptional regulator and inhibitor of RsmH methyltransferase activity	J	Translation, ribosomal structure and biogenesis
NODE_702_length_49369_cov_18.291337_38	COG0275	223352	1.01e-148	49.367	RmsH	16S rRNA C1402 N4-methylase RsmH	J	Translation, ribosomal structure and biogenesis
NODE_702_length_49369_cov_18.291337_39	COG5462	227749	1.67e-05	31.579		Predicted secreted (periplasmic) protein	S	Function unknown
NODE_702_length_49369_cov_18.291337_40	COG0768	223839	2.93e-129	34.725	FtsI	Cell division protein FtsI, peptidoglycan transpeptidase (Penicillin-binding protein 2)	D	Cell cycle control, cell division, chromosome partitioning
NODE_702_length_49369_cov_18.291337_41	COG0769	223840	2.26e-147	42.644	MurE	UDP-N-acetylmuramyl tripeptide synthase	M	Cell wall/membrane/envelope biogenesis
NODE_702_length_49369_cov_18.291337_42	COG0770	223841	2.73e-141	41.522	MurF	UDP-N-acetylmuramyl pentapeptide synthase	M	Cell wall/membrane/envelope biogenesis
NODE_702_length_49369_cov_18.291337_43	COG0472	223548	6.13e-81	45.402	Rfe	UDP-N-acetylmuramyl pentapeptide phosphotransferase/UDP-N-acetylglucosamine-1-phosphate transferase	M	Cell wall/membrane/envelope biogenesis
NODE_702_length_49369_cov_18.291337_44	COG0771	223842	3.16e-146	40.506	MurD	UDP-N-acetylmuramoylalanine-D-glutamate ligase	M	Cell wall/membrane/envelope biogenesis
NODE_702_length_49369_cov_18.291337_45	COG0772	223843	3.93e-91	33.858	FtsW	Peptodoglycan polymerase FtsW/RodA/SpoVE	D	Cell cycle control, cell division, chromosome partitioning
NODE_702_length_49369_cov_18.291337_46	COG0707	223779	8.63e-111	39.167	MurG	UDP-N-acetylglucosamine:LPS N-acetylglucosamine transferase	M	Cell wall/membrane/envelope biogenesis
NODE_702_length_49369_cov_18.291337_47	COG0773	223844	6.02e-162	45.085	MurC	UDP-N-acetylmuramate-alanine ligase MurC and related ligases, MurC/Mpl family	M	Cell wall/membrane/envelope biogenesis
NODE_702_length_49369_cov_18.291337_48	COG0812	223882	2.57e-117	45.105	MurB	UDP-N-acetylenolpyruvoylglucosamine reductase	M	Cell wall/membrane/envelope biogenesis
NODE_702_length_49369_cov_18.291337_49	COG1181	224102	5.33e-110	43.519	DdlA	D-alanine-D-alanine ligase or related ATP-grasp enzyme	M	Cell wall/membrane/envelope biogenesis
NODE_741_length_48204_cov_19.683233_1	COG4664	227010	1.84e-96	60.515	FcbT3	TRAP-type mannitol/chloroaromatic compound transport system, large permease component	Q	Secondary metabolites biosynthesis, transport and catabolism
NODE_741_length_48204_cov_19.683233_2	COG4731	227074	2.89e-14	24.691		Uncharacterized conserved protein, DUF2147 family	S	Function unknown
NODE_741_length_48204_cov_19.683233_3	COG4663	227009	2.65e-180	63.664	FcbT1	TRAP-type mannitol/chloroaromatic compound transport system, periplasmic component	Q	Secondary metabolites biosynthesis, transport and catabolism
NODE_741_length_48204_cov_19.683233_4	COG0746	223817	2.6e-48	40.933	MobA	Molybdopterin-guanine dinucleotide biosynthesis protein A	H	Coenzyme transport and metabolism
NODE_741_length_48204_cov_19.683233_7	COG2896	225449	7.97e-145	45.317	MoaA	GTP 3',8-cyclase (molybdenum cofactor biosynthesis protein MoaA)	H	Coenzyme transport and metabolism
NODE_741_length_48204_cov_19.683233_9	COG2204	225114	2.32e-21	35.537	AtoC	DNA-binding transcriptional response regulator, NtrC family, contains REC, AAA-type ATPase, and a Fis-type DNA-binding domains	T	Signal transduction mechanisms
NODE_741_length_48204_cov_19.683233_10	COG0634	223707	2.1e-79	48.864	HptA	Hypoxanthine-guanine phosphoribosyltransferase	F	Nucleotide transport and metabolism
NODE_741_length_48204_cov_19.683233_11	COG2884	225438	1.5e-111	50.691	FtsE	Cell division ATPase FtsE	D	Cell cycle control, cell division, chromosome partitioning
NODE_741_length_48204_cov_19.683233_12	COG2177	225088	9.24e-43	24.055	FtsX	Cell division protein FtsX	D	Cell cycle control, cell division, chromosome partitioning
NODE_741_length_48204_cov_19.683233_13	COG1434	224351	9.43e-18	27.861	ElyC	Lipid carrier protein ElyC involved in cell wall biogenesis, DUF218 family	M	Cell wall/membrane/envelope biogenesis
NODE_741_length_48204_cov_19.683233_14	COG0204	223282	1.55e-37	27.5	PlsC	1-acyl-sn-glycerol-3-phosphate acyltransferase	I	Lipid transport and metabolism
NODE_741_length_48204_cov_19.683233_15	COG0209	223287	7.62e-125	30.164	NrdA	Ribonucleotide reductase alpha subunit	F	Nucleotide transport and metabolism
NODE_741_length_48204_cov_19.683233_17	COG3703	226226	1.48e-67	51.934	ChaC2	Gamma-glutamylcyclotransferase ChaC2 (glutathione degradation)	P	Inorganic ion transport and metabolism
NODE_741_length_48204_cov_19.683233_18	COG0287	223364	7.75e-106	45.105	TyrA	Prephenate dehydrogenase	E	Amino acid transport and metabolism
NODE_741_length_48204_cov_19.683233_19	COG0079	223157	2.21e-117	41.758	HisC	Histidinol-phosphate/aromatic aminotransferase or cobyric acid decarboxylase	E	Amino acid transport and metabolism
NODE_741_length_48204_cov_19.683233_20	COG2021	224932	8.9e-180	54.017	MET2	Homoserine O-acetyltransferase	E	Amino acid transport and metabolism
NODE_741_length_48204_cov_19.683233_21	COG2226	225136	3.46e-08	25.735	UbiE	Ubiquinone/menaquinone biosynthesis C-methylase UbiE/MenG	H	Coenzyme transport and metabolism
NODE_741_length_48204_cov_19.683233_22	COG2226	225136	0.001	37.5	UbiE	Ubiquinone/menaquinone biosynthesis C-methylase UbiE/MenG	H	Coenzyme transport and metabolism
NODE_741_length_48204_cov_19.683233_23	COG0491	223565	6.36e-36	32.922	GloB	Glyoxylase or a related metal-dependent hydrolase, beta-lactamase superfamily II	R	General function prediction only
NODE_741_length_48204_cov_19.683233_24	COG3542	226072	7.69e-57	56.954	CFF1	Predicted sugar epimerase, cupin superfamily	R	General function prediction only
NODE_741_length_48204_cov_19.683233_25	COG1432	224349	3.1e-05	25.0	LabA	NYN domain, predicted PIN-related RNAse, tRNA/rRNA maturation	R	General function prediction only
NODE_741_length_48204_cov_19.683233_26	COG1028	223959	1.4e-66	42.105	FabG	NAD(P)-dependent dehydrogenase, short-chain alcohol dehydrogenase family	I	Lipid transport and metabolism
NODE_741_length_48204_cov_19.683233_27	COG0183	223261	4.23e-132	50.5	PaaJ	Acetyl-CoA acetyltransferase	I	Lipid transport and metabolism
NODE_741_length_48204_cov_19.683233_28	COG5394	227682	7.96e-72	49.751		Polyhydroxyalkanoate (PHA) synthesis regulator protein, binds DNA and PHA	Q	Secondary metabolites biosynthesis, transport and catabolism
NODE_741_length_48204_cov_19.683233_30	COG0333	223410	1.45e-21	52.632	RpmF	Ribosomal protein L32	J	Translation, ribosomal structure and biogenesis
NODE_741_length_48204_cov_19.683233_31	COG0744	223815	1.51e-65	34.348	MrcB	Penicillin-binding protein 1B/1F, peptidoglycan  transglycosylase/transpeptidase	M	Cell wall/membrane/envelope biogenesis
NODE_741_length_48204_cov_19.683233_32	COG3637	226163	7.32e-21	25.49	LomR	Opacity protein LomR and related surface antigens	M	Cell wall/membrane/envelope biogenesis
NODE_741_length_48204_cov_19.683233_33	COG5126	227455	0.000124	28.571	FRQ1	Ca2+-binding protein, EF-hand superfamily	T	Signal transduction mechanisms
NODE_741_length_48204_cov_19.683233_34	COG0821	223891	1.79e-164	46.859	IspG	4-hydroxy-3-methylbut-2-en-1-yl diphosphate synthase IspG/GcpE	I	Lipid transport and metabolism
NODE_741_length_48204_cov_19.683233_35	COG1108	224033	2.14e-46	31.6	ZnuB	ABC-type Mn2+/Zn2+ transport system, permease component	P	Inorganic ion transport and metabolism
NODE_741_length_48204_cov_19.683233_36	COG1121	224046	1.04e-100	44.488	ZnuC	ABC-type Mn2+/Zn2+ transport system, ATPase component	P	Inorganic ion transport and metabolism
NODE_741_length_48204_cov_19.683233_37	COG0735	223806	1.47e-24	25.352	Fur	Fe2+ or Zn2+ uptake regulation protein Fur/Zur	P	Inorganic ion transport and metabolism
NODE_741_length_48204_cov_19.683233_38	COG0183	223261	6.58e-54	33.75	PaaJ	Acetyl-CoA acetyltransferase	I	Lipid transport and metabolism
NODE_741_length_48204_cov_19.683233_39	COG1196	224117	7.5e-07	14.655	Smc	Chromosome segregation ATPase Smc	D	Cell cycle control, cell division, chromosome partitioning
NODE_741_length_48204_cov_19.683233_40	COG0265	223343	3.66e-12	35.87	DegQ	Periplasmic serine protease, S1-C subfamily, contain C-terminal PDZ domain	O	Posttranslational modification, protein turnover, chaperones
NODE_741_length_48204_cov_19.683233_41	COG0179	223257	9.04e-78	46.108	YcgM	2-keto-4-pentenoate hydratase/2-oxohepta-3-ene-1,7-dioic acid hydratase (catechol pathway)	Q	Secondary metabolites biosynthesis, transport and catabolism
NODE_741_length_48204_cov_19.683233_43	COG0628	223701	3.16e-35	23.032	PerM	Predicted PurR-regulated permease PerM	R	General function prediction only
NODE_741_length_48204_cov_19.683233_44	COG2326	225207	4.99e-86	62.252	PPK2	Polyphosphate kinase 2, PPK2 family	C	Energy production and conversion
NODE_741_length_48204_cov_19.683233_45	COG2326	225207	1.14e-25	49.438	PPK2	Polyphosphate kinase 2, PPK2 family	C	Energy production and conversion
NODE_741_length_48204_cov_19.683233_46	COG0457	223533	5e-15	25.439	TPR	Tetratricopeptide (TPR) repeat	R	General function prediction only
NODE_741_length_48204_cov_19.683233_47	COG1629	224544	2.6e-38	16.205	CirA	Outer membrane receptor protein, Fe transport	P	Inorganic ion transport and metabolism
NODE_822_length_45709_cov_19.369694_2	COG1359	224278	4.06e-08	23.232	YgiN	Quinol monooxygenase YgiN	C	Energy production and conversion
NODE_822_length_45709_cov_19.369694_3	COG4977	227311	5.33e-45	28.66	GlxA	Transcriptional regulator GlxA, contains an amidase domain and an AraC-type DNA-binding HTH domain	K	Transcription
NODE_822_length_45709_cov_19.369694_4	COG2200	225110	4.95e-56	54.032	EAL	EAL domain, c-di-GMP-specific phosphodiesterase class I (or its enzymatically inactive variant)	T	Signal transduction mechanisms
NODE_822_length_45709_cov_19.369694_5	COG2199	225109	2.46e-27	47.778	GGDEF	GGDEF domain, diguanylate cyclase (c-di-GMP synthetase) or its enzymatically inactive variants	T	Signal transduction mechanisms
NODE_822_length_45709_cov_19.369694_8	COG0596	223669	1.7e-05	22.222	MenH	2-succinyl-6-hydroxy-2,4-cyclohexadiene-1-carboxylate synthase MenH and related esterases, alpha/beta hydrolase fold	H	Coenzyme transport and metabolism
NODE_822_length_45709_cov_19.369694_9	COG0277	223354	2.4e-07	32.432	GlcD	FAD/FMN-containing lactate dehydrogenase/glycolate oxidase	C	Energy production and conversion
NODE_822_length_45709_cov_19.369694_11	COG0277	223354	8.32e-07	22.078	GlcD	FAD/FMN-containing lactate dehydrogenase/glycolate oxidase	C	Energy production and conversion
NODE_822_length_45709_cov_19.369694_13	COG0412	223489	1.1e-11	32.192	DLH	Dienelactone hydrolase	Q	Secondary metabolites biosynthesis, transport and catabolism
NODE_822_length_45709_cov_19.369694_14	COG1052	223980	5.27e-93	35.831	LdhA	Lactate dehydrogenase or related 2-hydroxyacid dehydrogenase	C	Energy production and conversion
NODE_822_length_45709_cov_19.369694_15	COG2303	225186	1.09e-26	23.063	BetA	Choline dehydrogenase or related flavoprotein	I	Lipid transport and metabolism
NODE_822_length_45709_cov_19.369694_16	COG0196	223274	1.42e-118	46.078	RibF	FAD synthase	H	Coenzyme transport and metabolism
NODE_822_length_45709_cov_19.369694_18	COG2030	224941	1.76e-34	37.857	MaoC	Acyl-CoA dehydratase PaaZ	I	Lipid transport and metabolism
NODE_822_length_45709_cov_19.369694_19	COG3820	226341	5.98e-105	61.864		Uncharacterized conserved protein, DUF1013 family	S	Function unknown
NODE_822_length_45709_cov_19.369694_21	COG0318	223395	6.42e-157	36.685	MenE/FadK	O-succinylbenzoic acid-CoA ligase MenE or related acyl-CoA synthetase (AMP-forming)	I	Lipid transport and metabolism
NODE_822_length_45709_cov_19.369694_22	COG5570	227857	4.96e-05	47.368		Uncharacterized conserved protein, DUF465 domain	S	Function unknown
NODE_822_length_45709_cov_19.369694_23	COG5481	227768	0.000221	48.529		Uncharacterized conserved protein, DUF465 domain	S	Function unknown
NODE_822_length_45709_cov_19.369694_24	COG0041	223119	1.72e-75	62.179	PurE	Phosphoribosylcarboxyaminoimidazole (NCAIR) mutase	F	Nucleotide transport and metabolism
NODE_822_length_45709_cov_19.369694_25	COG0026	223105	3.47e-151	51.183	PurK	Phosphoribosylaminoimidazole carboxylase (NCAIR synthetase)	F	Nucleotide transport and metabolism
NODE_822_length_45709_cov_19.369694_26	COG0828	223898	3.16e-10	50.0	RpsU	Ribosomal protein S21	J	Translation, ribosomal structure and biogenesis
NODE_822_length_45709_cov_19.369694_27	COG1073	223999	9.32e-20	20.576	FrsA	Fermentation-respiration switch esterase FrsA, DUF1100 family	T	Signal transduction mechanisms
NODE_822_length_45709_cov_19.369694_28	COG0686	223758	2.72e-180	62.432	Ald	Alanine dehydrogenase (includes sporulation protein SpoVN)	E	Amino acid transport and metabolism
NODE_822_length_45709_cov_19.369694_29	COG1392	224310	3.27e-06	24.186	YkaA	Phosphate transport regulator YkaA, distantly related to PhoU, UPF0111/DUF47 family	P	Inorganic ion transport and metabolism
NODE_822_length_45709_cov_19.369694_30	COG0574	223647	8.1e-69	20.939	PpsA	Phosphoenolpyruvate synthase/pyruvate phosphate dikinase	G	Carbohydrate transport and metabolism
NODE_822_length_45709_cov_19.369694_31	COG0332	223409	7.75e-116	45.981	FabH	3-oxoacyl-[acyl-carrier-protein] synthase III	I	Lipid transport and metabolism
NODE_822_length_45709_cov_19.369694_32	COG0161	223239	0.0	46.847	BioA	Adenosylmethionine-8-amino-7-oxononanoate aminotransferase	H	Coenzyme transport and metabolism
NODE_822_length_45709_cov_19.369694_33	COG0132	223210	1.78e-68	38.679	BioD	Dethiobiotin synthetase	H	Coenzyme transport and metabolism
NODE_822_length_45709_cov_19.369694_34	COG0156	223234	5.78e-126	44.094	BioF	7-keto-8-aminopelargonate synthetase or related enzyme	H	Coenzyme transport and metabolism
NODE_822_length_45709_cov_19.369694_35	COG0502	223576	5.49e-163	56.563	BioB	Biotin synthase or related enzyme	H	Coenzyme transport and metabolism
NODE_822_length_45709_cov_19.369694_36	COG2188	225099	2.7e-54	36.325	MngR	DNA-binding transcriptional regulator, GntR family	K	Transcription
NODE_822_length_45709_cov_19.369694_37	COG1785	224699	9.82e-98	32.383	PhoA	Alkaline phosphatase	P	Inorganic ion transport and metabolism
NODE_822_length_45709_cov_19.369694_39	COG5319	227630	5.53e-46	45.775		Uncharacterized conserved protein, DUF1178 domain	S	Function unknown
NODE_822_length_45709_cov_19.369694_40	COG0388	223465	1.58e-67	37.234	Nit2	Omega-amidase YafV/Nit2, hydrolyzes alpha-ketoglutaramate	C	Energy production and conversion
NODE_822_length_45709_cov_19.369694_41	COG0695	223767	1.5e-29	55.0	GrxC	Glutaredoxin	O	Posttranslational modification, protein turnover, chaperones
NODE_822_length_45709_cov_19.369694_42	COG1040	223970	8.35e-52	38.813	ComFC	DNA utilization protein ComFC/GntX, contains phosphoribosyltransferase domain	R	General function prediction only
NODE_822_length_45709_cov_19.369694_43	COG2226	225136	1.88e-05	36.364	UbiE	Ubiquinone/menaquinone biosynthesis C-methylase UbiE/MenG	H	Coenzyme transport and metabolism
NODE_822_length_45709_cov_19.369694_44	COG1051	223979	3.27e-17	34.815	YjhB	ADP-ribose pyrophosphatase YjhB, NUDIX family	F	Nucleotide transport and metabolism
NODE_822_length_45709_cov_19.369694_45	COG0810	223880	1.01e-12	22.68	TonB	Periplasmic protein TonB, links inner and outer membranes	M	Cell wall/membrane/envelope biogenesis
NODE_822_length_45709_cov_19.369694_46	COG3721	226244	4.98e-73	49.412	HugX	Putative heme iron utilization protein	P	Inorganic ion transport and metabolism
NODE_822_length_45709_cov_19.369694_47	COG2329	225209	2.74e-11	41.071	HmoA	Heme-degrading monooxygenase HmoA and related ABM domain proteins	H	Coenzyme transport and metabolism
NODE_822_length_45709_cov_19.369694_48	COG1629	224544	1.26e-40	19.943	CirA	Outer membrane receptor protein, Fe transport	P	Inorganic ion transport and metabolism
NODE_822_length_45709_cov_19.369694_50	COG4256	226707	1.04e-10	52.381	HemP	Hemin uptake protein HemP	H	Coenzyme transport and metabolism
NODE_898_length_43636_cov_17.898213_1	COG2890	225443	2.05e-58	40.249	HemK	Methylase of polypeptide chain release factors	J	Translation, ribosomal structure and biogenesis
NODE_898_length_43636_cov_17.898213_3	COG0513	223587	7.34e-159	48.947	SrmB	Superfamily II DNA and RNA helicase	L	Replication, recombination and repair
NODE_898_length_43636_cov_17.898213_4	COG1376	224294	4.29e-12	24.516	ErfK	Lipoprotein-anchoring transpeptidase ErfK/SrfK	M	Cell wall/membrane/envelope biogenesis
NODE_898_length_43636_cov_17.898213_5	COG0412	223489	8.7e-29	25.468	DLH	Dienelactone hydrolase	Q	Secondary metabolites biosynthesis, transport and catabolism
NODE_898_length_43636_cov_17.898213_7	COG1309	224228	2.32e-18	24.631	AcrR	DNA-binding protein, AcrR family, includes nucleoid occlusion protein SlmA	K	Transcription
NODE_898_length_43636_cov_17.898213_8	COG1566	224482	6.72e-100	43.519	EmrA	Multidrug resistance efflux pump EmrA	V	Defense mechanisms
NODE_898_length_43636_cov_17.898213_9	COG0477	223553	7.31e-06	22.152	ProP	MFS family permease, includes anhydromuropeptide permease AmpG	G	Carbohydrate transport and metabolism
NODE_898_length_43636_cov_17.898213_10	COG2211	225121	0.003	24.211	MelB	Na+/melibiose symporter or related transporter	G	Carbohydrate transport and metabolism
NODE_898_length_43636_cov_17.898213_11	COG3814	226335	1.55e-56	56.198	SspB2	SspB-like protein, predicted to bind SsrA peptide	O	Posttranslational modification, protein turnover, chaperones
NODE_898_length_43636_cov_17.898213_12	COG1266	224185	4.24e-08	31.429	YdiL	Membrane protease YdiL, CAAX protease family	O	Posttranslational modification, protein turnover, chaperones
NODE_898_length_43636_cov_17.898213_13	COG0207	223285	2.84e-168	70.301	ThyA	Thymidylate synthase	F	Nucleotide transport and metabolism
NODE_898_length_43636_cov_17.898213_14	COG0262	223340	9.86e-48	40.116	FolA	Dihydrofolate reductase	H	Coenzyme transport and metabolism
NODE_898_length_43636_cov_17.898213_15	COG0330	223407	1.67e-59	27.609	HflC	Regulator of protease activity HflC, stomatin/prohibitin superfamily	O	Posttranslational modification, protein turnover, chaperones
NODE_898_length_43636_cov_17.898213_16	COG0330	223407	2.66e-57	28.0	HflC	Regulator of protease activity HflC, stomatin/prohibitin superfamily	O	Posttranslational modification, protein turnover, chaperones
NODE_898_length_43636_cov_17.898213_17	COG3242	225782	2.07e-08	35.0	yjeT	Uncharacterized conserved protein YjeT, DUF2065 family	S	Function unknown
NODE_898_length_43636_cov_17.898213_18	COG0265	223343	3.25e-92	43.695	DegQ	Periplasmic serine protease, S1-C subfamily, contain C-terminal PDZ domain	O	Posttranslational modification, protein turnover, chaperones
NODE_898_length_43636_cov_17.898213_19	COG0688	223760	1.22e-62	40.889	Psd	Phosphatidylserine decarboxylase	I	Lipid transport and metabolism
NODE_898_length_43636_cov_17.898213_20	COG1183	224104	2.19e-59	41.176	PssA	Phosphatidylserine synthase	I	Lipid transport and metabolism
NODE_898_length_43636_cov_17.898213_21	COG0433	223510	9.34e-21	20.098	HerA	Archaeal DNA helicase HerA or a related bacterial ATPase, contains HAS-barrel and ATPase domains	L	Replication, recombination and repair
NODE_898_length_43636_cov_17.898213_22	COG0642	223715	1.59e-54	36.328	BaeS	Signal transduction histidine kinase	T	Signal transduction mechanisms
NODE_898_length_43636_cov_17.898213_23	COG0810	223880	3.62e-15	25.749	TonB	Periplasmic protein TonB, links inner and outer membranes	M	Cell wall/membrane/envelope biogenesis
NODE_898_length_43636_cov_17.898213_24	COG0848	223917	5.12e-43	39.024	ExbD	Biopolymer transport protein ExbD	U	Intracellular trafficking, secretion, and vesicular transport
NODE_898_length_43636_cov_17.898213_25	COG0811	223881	5.72e-49	37.5	TolQ	Biopolymer transport protein ExbB/TolQ	U	Intracellular trafficking, secretion, and vesicular transport
NODE_898_length_43636_cov_17.898213_27	COG1629	224544	1.05e-37	16.42	CirA	Outer membrane receptor protein, Fe transport	P	Inorganic ion transport and metabolism
NODE_898_length_43636_cov_17.898213_29	COG1052	223980	1.17e-106	42.462	LdhA	Lactate dehydrogenase or related 2-hydroxyacid dehydrogenase	C	Energy production and conversion
NODE_898_length_43636_cov_17.898213_31	COG0154	223232	2.7e-92	38.013	GatA	Asp-tRNAAsn/Glu-tRNAGln amidotransferase A subunit or related amidase	J	Translation, ribosomal structure and biogenesis
NODE_898_length_43636_cov_17.898213_32	COG0075	223153	7.73e-119	42.52	PucG	Archaeal aspartate aminotransferase or a related aminotransferase, includes purine catabolism protein PucG	E	Amino acid transport and metabolism
NODE_898_length_43636_cov_17.898213_35	COG0784	223855	3.59e-11	27.119	CheY	CheY-like REC (receiver) domain, includes chemotaxis protein CheY  and sporulation regulator Spo0F	T	Signal transduction mechanisms
NODE_898_length_43636_cov_17.898213_36	COG4251	226702	5.16e-26	26.054		Bacteriophytochrome (light-regulated signal transduction histidine kinase)	T	Signal transduction mechanisms
NODE_898_length_43636_cov_17.898213_37	COG1100	224025	2.04e-18	27.749	Gem1	GTPase SAR1 family domain	R	General function prediction only
NODE_898_length_43636_cov_17.898213_38	COG2885	225439	5.83e-14	40.86	OmpA	Outer membrane protein OmpA and related peptidoglycan-associated (lipo)proteins	M	Cell wall/membrane/envelope biogenesis
NODE_898_length_43636_cov_17.898213_39	COG0249	223327	0.008	24.0	MutS	DNA mismatch repair ATPase MutS	L	Replication, recombination and repair
NODE_898_length_43636_cov_17.898213_40	COG4663	227009	1.11e-18	26.316	FcbT1	TRAP-type mannitol/chloroaromatic compound transport system, periplasmic component	Q	Secondary metabolites biosynthesis, transport and catabolism
NODE_898_length_43636_cov_17.898213_41	COG2143	225054	1.88e-05	24.528	SoxW	Thioredoxin-related protein SoxW	O	Posttranslational modification, protein turnover, chaperones
NODE_898_length_43636_cov_17.898213_42	COG3683	226208	6.48e-33	30.882		ABC-type uncharacterized transport system, periplasmic component	R	General function prediction only
NODE_898_length_43636_cov_17.898213_43	COG4531	226908	8.95e-107	40.968	ZnuA	ABC-type Zn2+ transport system, periplasmic component/surface adhesin ZnuA	P	Inorganic ion transport and metabolism
NODE_933_length_42945_cov_19.446864_1	COG0048	223126	1.03e-71	73.984	RpsL	Ribosomal protein S12	J	Translation, ribosomal structure and biogenesis
NODE_933_length_42945_cov_19.446864_2	COG0049	223127	2.37e-83	63.514	RpsG	Ribosomal protein S7	J	Translation, ribosomal structure and biogenesis
NODE_933_length_42945_cov_19.446864_3	COG0480	223556	0.0	61.891	FusA	Translation elongation factor EF-G, a GTPase	J	Translation, ribosomal structure and biogenesis
NODE_933_length_42945_cov_19.446864_4	COG0050	223128	0.0	78.283	TufA	Translation elongation factor EF-Tu, a GTPase	J	Translation, ribosomal structure and biogenesis
NODE_933_length_42945_cov_19.446864_5	COG0051	223129	1.03e-59	77.451	RpsJ	Ribosomal protein S10	J	Translation, ribosomal structure and biogenesis
NODE_933_length_42945_cov_19.446864_6	COG0087	223165	2.81e-110	54.128	RplC	Ribosomal protein L3	J	Translation, ribosomal structure and biogenesis
NODE_933_length_42945_cov_19.446864_7	COG0088	223166	1.4e-70	45.238	RplD	Ribosomal protein L4	J	Translation, ribosomal structure and biogenesis
NODE_933_length_42945_cov_19.446864_8	COG0089	223167	6.04e-29	53.191	RplW	Ribosomal protein L23	J	Translation, ribosomal structure and biogenesis
NODE_933_length_42945_cov_19.446864_9	COG0090	223168	1.9e-142	58.242	RplB	Ribosomal protein L2	J	Translation, ribosomal structure and biogenesis
NODE_933_length_42945_cov_19.446864_10	COG0185	223263	8.24e-50	59.14	RpsS	Ribosomal protein S19	J	Translation, ribosomal structure and biogenesis
NODE_933_length_42945_cov_19.446864_11	COG0091	223169	2.48e-45	54.867	RplV	Ribosomal protein L22	J	Translation, ribosomal structure and biogenesis
NODE_933_length_42945_cov_19.446864_12	COG0092	223170	3.03e-104	61.165	RpsC	Ribosomal protein S3	J	Translation, ribosomal structure and biogenesis
NODE_933_length_42945_cov_19.446864_13	COG0197	223275	6.46e-69	63.971	RplP	Ribosomal protein L16/L10AE	J	Translation, ribosomal structure and biogenesis
NODE_933_length_42945_cov_19.446864_14	COG0255	223333	6.3e-18	58.182	RpmC	Ribosomal protein L29	J	Translation, ribosomal structure and biogenesis
NODE_933_length_42945_cov_19.446864_15	COG0186	223264	1.03e-30	63.514	RpsQ	Ribosomal protein S17	J	Translation, ribosomal structure and biogenesis
NODE_933_length_42945_cov_19.446864_16	COG0093	223171	4.04e-72	74.59	RplN	Ribosomal protein L14	J	Translation, ribosomal structure and biogenesis
NODE_933_length_42945_cov_19.446864_17	COG0198	223276	1.58e-24	57.692	RplX	Ribosomal protein L24	J	Translation, ribosomal structure and biogenesis
NODE_933_length_42945_cov_19.446864_18	COG0094	223172	1.8e-105	61.582	RplE	Ribosomal protein L5	J	Translation, ribosomal structure and biogenesis
NODE_933_length_42945_cov_19.446864_19	COG0199	223277	3.27e-21	50.82	RpsN	Ribosomal protein S14	J	Translation, ribosomal structure and biogenesis
NODE_933_length_42945_cov_19.446864_20	COG0096	223174	1.34e-63	49.624	RpsH	Ribosomal protein S8	J	Translation, ribosomal structure and biogenesis
NODE_933_length_42945_cov_19.446864_21	COG0097	223175	3.28e-75	50.838	RplF	Ribosomal protein L6P/L9E	J	Translation, ribosomal structure and biogenesis
NODE_933_length_42945_cov_19.446864_22	COG0256	223334	4.01e-43	59.292	RplR	Ribosomal protein L18	J	Translation, ribosomal structure and biogenesis
NODE_933_length_42945_cov_19.446864_23	COG0098	223176	9.45e-83	61.875	RpsE	Ribosomal protein S5	J	Translation, ribosomal structure and biogenesis
NODE_933_length_42945_cov_19.446864_24	COG1841	224754	3.21e-16	52.83	RpmD	Ribosomal protein L30/L7E	J	Translation, ribosomal structure and biogenesis
NODE_933_length_42945_cov_19.446864_25	COG0200	223278	7.1e-32	44.516	RplO	Ribosomal protein L15	J	Translation, ribosomal structure and biogenesis
NODE_933_length_42945_cov_19.446864_26	COG0201	223279	1.72e-176	51.818	SecY	Preprotein translocase subunit SecY	U	Intracellular trafficking, secretion, and vesicular transport
NODE_933_length_42945_cov_19.446864_27	COG0563	223637	5.35e-68	41.121	Adk	Adenylate kinase or related kinase	F	Nucleotide transport and metabolism
NODE_933_length_42945_cov_19.446864_28	COG0099	223177	1.49e-60	68.142	RpsM	Ribosomal protein S13	J	Translation, ribosomal structure and biogenesis
NODE_933_length_42945_cov_19.446864_29	COG0100	223178	1.58e-71	67.188	RpsK	Ribosomal protein S11	J	Translation, ribosomal structure and biogenesis
NODE_933_length_42945_cov_19.446864_30	COG0202	223280	3.17e-134	49.533	RpoA	DNA-directed RNA polymerase, alpha subunit/40 kD subunit	K	Transcription
NODE_933_length_42945_cov_19.446864_31	COG0203	223281	4.66e-59	66.379	RplQ	Ribosomal protein L17	J	Translation, ribosomal structure and biogenesis
NODE_933_length_42945_cov_19.446864_32	COG0451	223528	9.67e-33	25.364	WcaG	Nucleoside-diphosphate-sugar epimerase	M	Cell wall/membrane/envelope biogenesis
NODE_933_length_42945_cov_19.446864_33	COG0265	223343	6.31e-91	41.096	DegQ	Periplasmic serine protease, S1-C subfamily, contain C-terminal PDZ domain	O	Posttranslational modification, protein turnover, chaperones
NODE_933_length_42945_cov_19.446864_34	COG2256	225165	0.0	54.245	RarA	Replication-associated recombination protein RarA (DNA-dependent ATPase)	L	Replication, recombination and repair
NODE_933_length_42945_cov_19.446864_37	COG0564	223638	2.81e-88	37.785	RluA	Pseudouridine synthase RluA, 23S rRNA- or tRNA-specific	J	Translation, ribosomal structure and biogenesis
NODE_933_length_42945_cov_19.446864_38	COG0546	223620	5.21e-52	35.577	Gph	Phosphoglycolate phosphatase, HAD superfamily	C	Energy production and conversion
NODE_933_length_42945_cov_19.446864_39	COG5387	227677	1.8e-68	49.362	Atp12	Mitochondrial FoF1-type ATP synthase assembly chaperone ATP12	O	Posttranslational modification, protein turnover, chaperones
NODE_933_length_42945_cov_19.446864_42	COG4799	227136	0.0	58.574	MmdA	Acetyl-CoA carboxylase, carboxyltransferase component	I	Lipid transport and metabolism
NODE_933_length_42945_cov_19.446864_44	COG3904	226419	6.07e-10	21.795		Predicted periplasmic protein	S	Function unknown
NODE_933_length_42945_cov_19.446864_46	COG1028	223959	6.87e-37	32.618	FabG	NAD(P)-dependent dehydrogenase, short-chain alcohol dehydrogenase family	I	Lipid transport and metabolism
NODE_933_length_42945_cov_19.446864_50	COG4770	227111	0.0	55.208	PccA	Acetyl/propionyl-CoA carboxylase, alpha subunit	I	Lipid transport and metabolism
NODE_933_length_42945_cov_19.446864_51	COG0251	223329	1.99e-20	29.032	RidA	Enamine deaminase RidA, house cleaning of reactive enamine intermediates, YjgF/YER057c/UK114 family	V	Defense mechanisms
NODE_933_length_42945_cov_19.446864_52	COG0251	223329	4.26e-05	28.571	RidA	Enamine deaminase RidA, house cleaning of reactive enamine intermediates, YjgF/YER057c/UK114 family	V	Defense mechanisms
NODE_933_length_42945_cov_19.446864_53	COG1254	224174	3.86e-29	48.889	AcyP	Acylphosphatase	C	Energy production and conversion
NODE_933_length_42945_cov_19.446864_54	COG0583	223656	5.01e-36	26.78	LysR	DNA-binding transcriptional regulator, LysR family	K	Transcription
NODE_933_length_42945_cov_19.446864_56	COG0321	223398	8.7e-102	45.327	LipB	Lipoate-protein ligase B	H	Coenzyme transport and metabolism
NODE_933_length_42945_cov_19.446864_60	COG2801	225361	1.42e-15	22.535	Tra5	Transposase InsO and inactivated derivatives	X	Mobilome: prophages, transposons
NODE_974_length_41992_cov_19.259294_1	COG4166	226636	2.06e-119	28.548	OppA	ABC-type oligopeptide transport system, periplasmic component	E	Amino acid transport and metabolism
NODE_974_length_41992_cov_19.259294_2	COG0318	223395	5.08e-101	33.265	MenE/FadK	O-succinylbenzoic acid-CoA ligase MenE or related acyl-CoA synthetase (AMP-forming)	I	Lipid transport and metabolism
NODE_974_length_41992_cov_19.259294_6	COG1197	224118	0.0	46.875	Mfd	Transcription-repair coupling factor (superfamily II helicase)	L	Replication, recombination and repair
NODE_974_length_41992_cov_19.259294_7	COG2938	225489	9.79e-13	45.833	SdhE	Succinate dehydrogenase flavin-adding protein, antitoxin component of the CptAB toxin-antitoxin module	O	Posttranslational modification, protein turnover, chaperones
NODE_974_length_41992_cov_19.259294_8	COG1200	224121	0.0	52.594	RecG	RecG-like helicase	L	Replication, recombination and repair
NODE_974_length_41992_cov_19.259294_9	COG2928	225480	3.09e-71	37.981		Uncharacterized membrane protein	S	Function unknown
NODE_974_length_41992_cov_19.259294_10	COG0457	223533	7.93e-05	25.51	TPR	Tetratricopeptide (TPR) repeat	R	General function prediction only
NODE_974_length_41992_cov_19.259294_11	COG0449	223526	0.0	54.201	GlmS	Glucosamine 6-phosphate synthetase, contains amidotransferase and phosphosugar isomerase domains	M	Cell wall/membrane/envelope biogenesis
NODE_974_length_41992_cov_19.259294_12	COG1207	224128	0.0	51.965	GlmU	Bifunctional protein GlmU, N-acetylglucosamine-1-phosphate-uridyltransferase/glucosamine-1-phosphate-acetyltransferase	M	Cell wall/membrane/envelope biogenesis
NODE_974_length_41992_cov_19.259294_13	COG1729	224643	0.002	18.681	CpoB	Cell division protein CpoB, coordinates peptidoglycan biosynthesis and outer membrane constriction	D	Cell cycle control, cell division, chromosome partitioning
NODE_974_length_41992_cov_19.259294_14	COG2321	225203	2.12e-28	29.249	YpfJ	Predicted metalloprotease	R	General function prediction only
NODE_974_length_41992_cov_19.259294_15	COG2321	225203	3.5e-131	48.58	YpfJ	Predicted metalloprotease	R	General function prediction only
NODE_974_length_41992_cov_19.259294_18	COG1359	224278	2.57e-14	24.468	YgiN	Quinol monooxygenase YgiN	C	Energy production and conversion
NODE_974_length_41992_cov_19.259294_24	COG3755	226278	1.23e-16	32.653	YecT	Uncharacterized conserved protein YecT, DUF1311 family	S	Function unknown
NODE_974_length_41992_cov_19.259294_25	COG2217	225127	6.42e-162	37.5	ZntA	Cation-transporting P-type ATPase	P	Inorganic ion transport and metabolism
NODE_974_length_41992_cov_19.259294_27	COG0231	223309	2.36e-50	38.168	Efp	Translation elongation factor P (EF-P)/translation initiation factor 5A (eIF-5A)	J	Translation, ribosomal structure and biogenesis
NODE_974_length_41992_cov_19.259294_28	COG2269	225178	1.37e-138	46.176	EpmA	Elongation factor P--beta-lysine ligase (EF-P beta-lysylation pathway)	J	Translation, ribosomal structure and biogenesis
NODE_974_length_41992_cov_19.259294_29	COG2207	225117	1.04e-16	34.653	AraC	AraC-type DNA-binding domain and AraC-containing proteins	K	Transcription
NODE_974_length_41992_cov_19.259294_30	COG2199	225109	5.46e-61	46.369	GGDEF	GGDEF domain, diguanylate cyclase (c-di-GMP synthetase) or its enzymatically inactive variants	T	Signal transduction mechanisms
NODE_974_length_41992_cov_19.259294_31	COG1741	224655	1.61e-87	37.722	YhaK	Redox-sensitive bicupin YhaK, pirin superfamily	R	General function prediction only
NODE_974_length_41992_cov_19.259294_32	COG1028	223959	2.22e-49	38.247	FabG	NAD(P)-dependent dehydrogenase, short-chain alcohol dehydrogenase family	I	Lipid transport and metabolism
NODE_974_length_41992_cov_19.259294_33	COG1251	224171	2.77e-33	34.194	NirB	NAD(P)H-nitrite reductase, large subunit	C	Energy production and conversion
NODE_974_length_41992_cov_19.259294_34	COG0446	223523	2.75e-23	27.411	FadH2	NADPH-dependent 2,4-dienoyl-CoA reductase, sulfur reductase, or a related oxidoreductase	I	Lipid transport and metabolism
NODE_974_length_41992_cov_19.259294_37	COG3637	226163	2.09e-16	19.313	LomR	Opacity protein LomR and related surface antigens	M	Cell wall/membrane/envelope biogenesis
NODE_974_length_41992_cov_19.259294_38	COG1509	224426	4.44e-151	43.064	EpmB	L-lysine 2,3-aminomutase (EF-P beta-lysylation pathway)	E	Amino acid transport and metabolism
NODE_974_length_41992_cov_19.259294_39	COG3686	226211	2.65e-07	36.364		Uncharacterized conserved protein, MAPEG superfamily	S	Function unknown
NODE_974_length_41992_cov_19.259294_41	COG0243	223321	8.53e-40	25.862	BisC	Anaerobic selenocysteine-containing dehydrogenase	C	Energy production and conversion
NODE_974_length_41992_cov_19.259294_42	COG0843	223913	5.72e-146	60.661	CyoB	Heme/copper-type cytochrome/quinol oxidase, subunit 1	C	Energy production and conversion
NODE_1079_length_39895_cov_19.020030_2	COG4119	226604	6.64e-66	56.954		Predicted NTP pyrophosphohydrolase, NUDIX family	F	Nucleotide transport and metabolism
NODE_1079_length_39895_cov_19.020030_3	COG1028	223959	3.66e-37	33.99	FabG	NAD(P)-dependent dehydrogenase, short-chain alcohol dehydrogenase family	I	Lipid transport and metabolism
NODE_1079_length_39895_cov_19.020030_4	COG5473	227760	2.41e-37	33.766		Uncharacterized membrane protein	S	Function unknown
NODE_1079_length_39895_cov_19.020030_5	COG1272	224191	1.75e-50	38.967	YqfA	Predicted membrane channel-forming protein YqfA, hemolysin III family	U	Intracellular trafficking, secretion, and vesicular transport
NODE_1079_length_39895_cov_19.020030_6	COG4828	227165	0.001	41.176		Uncharacterized membrane protein	S	Function unknown
NODE_1079_length_39895_cov_19.020030_7	COG1434	224351	1.47e-31	30.544	ElyC	Lipid carrier protein ElyC involved in cell wall biogenesis, DUF218 family	M	Cell wall/membrane/envelope biogenesis
NODE_1079_length_39895_cov_19.020030_8	COG0596	223669	8.58e-19	19.377	MenH	2-succinyl-6-hydroxy-2,4-cyclohexadiene-1-carboxylate synthase MenH and related esterases, alpha/beta hydrolase fold	H	Coenzyme transport and metabolism
NODE_1079_length_39895_cov_19.020030_9	COG0741	223812	3.35e-23	22.848	MltE	Soluble lytic murein transglycosylase or regulatory protein s ( may contain LysM/invasin domain)	M	Cell wall/membrane/envelope biogenesis
NODE_1079_length_39895_cov_19.020030_10	COG0329	223406	6.7e-129	53.378	DapA	4-hydroxy-tetrahydrodipicolinate synthase/N-acetylneuraminate lyase	E	Amino acid transport and metabolism
NODE_1079_length_39895_cov_19.020030_11	COG0691	223763	1.01e-71	55.556	SmpB	tmRNA-binding protein	O	Posttranslational modification, protein turnover, chaperones
NODE_1079_length_39895_cov_19.020030_12	COG1225	224146	5.45e-30	32.941	Bcp	Peroxiredoxin	O	Posttranslational modification, protein turnover, chaperones
NODE_1079_length_39895_cov_19.020030_13	COG1225	224146	3.19e-27	26.901	Bcp	Peroxiredoxin	O	Posttranslational modification, protein turnover, chaperones
NODE_1079_length_39895_cov_19.020030_15	COG1573	224489	4.96e-38	28.899	Udg4	Uracil-DNA glycosylase	L	Replication, recombination and repair
NODE_1079_length_39895_cov_19.020030_16	COG1432	224349	1.1e-55	43.169	LabA	NYN domain, predicted PIN-related RNAse, tRNA/rRNA maturation	R	General function prediction only
NODE_1079_length_39895_cov_19.020030_17	COG1758	224672	1.44e-23	58.108	RpoZ	DNA-directed RNA polymerase, subunit K/omega	K	Transcription
NODE_1079_length_39895_cov_19.020030_18	COG0317	223394	0.0	40.187	SpoT	(p)ppGpp synthase/hydrolase, HD superfamily	T	Signal transduction mechanisms
NODE_1079_length_39895_cov_19.020030_19	COG3216	225757	3.2e-26	31.613		Uncharacterized conserved protein, DUF2062 family	S	Function unknown
NODE_1079_length_39895_cov_19.020030_20	COG0854	223923	4.71e-97	56.612	PdxJ	Pyridoxine 5'-phosphate synthase PdxJ	H	Coenzyme transport and metabolism
NODE_1079_length_39895_cov_19.020030_21	COG0736	223807	4.7e-51	46.565	AcpS	Phosphopantetheinyl transferase (holo-ACP synthase)	I	Lipid transport and metabolism
NODE_1079_length_39895_cov_19.020030_22	COG0681	223753	6.51e-16	32.258	LepB	Signal peptidase I	U	Intracellular trafficking, secretion, and vesicular transport
NODE_1079_length_39895_cov_19.020030_23	COG0571	223644	2.21e-81	45.022	Rnc	dsRNA-specific ribonuclease	K	Transcription
NODE_1079_length_39895_cov_19.020030_24	COG1159	224081	1.64e-152	44.781	Era	GTPase Era, involved in 16S rRNA processing	J	Translation, ribosomal structure and biogenesis
NODE_1079_length_39895_cov_19.020030_25	COG1381	224299	9.04e-51	31.984	RecO	Recombinational DNA repair protein RecO (RecF pathway)	L	Replication, recombination and repair
NODE_1079_length_39895_cov_19.020030_26	COG2340	225218	3.48e-26	33.333	YkwD	Spore germination protein YkwD and related proteins with CAP (CSP/antigen 5/PR1) domain	D	Cell cycle control, cell division, chromosome partitioning
NODE_1079_length_39895_cov_19.020030_29	COG0782	223853	1.95e-22	37.288	GreA	Transcription elongation factor, GreA/GreB family	K	Transcription
NODE_1079_length_39895_cov_19.020030_32	COG5501	227788	7.65e-16	26.712	SoxY	Sulfur oxidation protein SoxY	S	Function unknown
NODE_1079_length_39895_cov_19.020030_34	COG0568	223642	4.45e-141	48.883	RpoD	DNA-directed RNA polymerase, sigma subunit (sigma70/sigma32)	K	Transcription
NODE_1079_length_39895_cov_19.020030_35	COG0358	223435	2.54e-142	45.564	DnaG	DNA primase (bacterial type)	L	Replication, recombination and repair
NODE_1079_length_39895_cov_19.020030_36	COG1610	224526	1.96e-49	58.389	YqeY	Uncharacterized conserved protein YqeY, may have tRNA amino acid amidase activity	R	General function prediction only
NODE_1079_length_39895_cov_19.020030_37	COG4101	226586	5.2e-36	43.966	RmlC	Uncharacterized conserved protein, RmlC-like cupin domain	R	General function prediction only
NODE_1079_length_39895_cov_19.020030_38	COG0505	223579	0.0	56.579	CarA	Carbamoylphosphate synthase small subunit	E	Amino acid transport and metabolism
NODE_1079_length_39895_cov_19.020030_41	COG0458	223534	0.0	71.212	CarB	Carbamoylphosphate synthase large subunit	E	Amino acid transport and metabolism
NODE_1079_length_39895_cov_19.020030_42	COG0782	223853	4.53e-57	50.658	GreA	Transcription elongation factor, GreA/GreB family	K	Transcription
NODE_1079_length_39895_cov_19.020030_43	COG1522	224439	1.03e-49	38.961	Lrp	DNA-binding transcriptional regulator, Lrp family	K	Transcription
NODE_1079_length_39895_cov_19.020030_44	COG3660	226186	1.61e-59	33.559	ELM1	Mitochondrial fission protein ELM1	D	Cell cycle control, cell division, chromosome partitioning
NODE_1187_length_38096_cov_20.087090_2	COG1280	224199	1.25e-11	24.176	RhtB	Threonine/homoserine/homoserine lactone efflux protein	E	Amino acid transport and metabolism
NODE_1187_length_38096_cov_20.087090_4	COG1376	224294	8.28e-38	39.716	ErfK	Lipoprotein-anchoring transpeptidase ErfK/SrfK	M	Cell wall/membrane/envelope biogenesis
NODE_1187_length_38096_cov_20.087090_5	COG0044	223122	6.05e-165	43.124	AllB	Dihydroorotase or related cyclic amidohydrolase	F	Nucleotide transport and metabolism
NODE_1187_length_38096_cov_20.087090_6	COG0354	223431	9.69e-70	35.0	YgfZ	Folate-binding protein YgfZ, synthesis and repair of Fe-S clusters	O	Posttranslational modification, protein turnover, chaperones
NODE_1187_length_38096_cov_20.087090_7	COG2818	225374	3.17e-100	55.319	Tag	3-methyladenine DNA glycosylase Tag	L	Replication, recombination and repair
NODE_1187_length_38096_cov_20.087090_8	COG1896	224808	1.81e-38	32.065	YfbR	5'-deoxynucleotidase YfbR and related HD superfamily hydrolases	F	Nucleotide transport and metabolism
NODE_1187_length_38096_cov_20.087090_9	COG4111	226596	3.02e-136	53.674		Uncharacterized conserved protein	S	Function unknown
NODE_1187_length_38096_cov_20.087090_10	COG0379	223456	1.34e-163	52.424	NadA	Quinolinate synthase	H	Coenzyme transport and metabolism
NODE_1187_length_38096_cov_20.087090_11	COG0029	223108	0.0	51.931	NadB	Aspartate oxidase	H	Coenzyme transport and metabolism
NODE_1187_length_38096_cov_20.087090_12	COG0157	223235	7.95e-117	56.604	NadC	Nicotinate-nucleotide pyrophosphorylase	H	Coenzyme transport and metabolism
NODE_1187_length_38096_cov_20.087090_14	COG0574	223647	0.0	27.314	PpsA	Phosphoenolpyruvate synthase/pyruvate phosphate dikinase	G	Carbohydrate transport and metabolism
NODE_1187_length_38096_cov_20.087090_15	COG0624	223697	2.28e-71	27.837	ArgE	Acetylornithine deacetylase/Succinyl-diaminopimelate desuccinylase or related deacylase	E	Amino acid transport and metabolism
NODE_1187_length_38096_cov_20.087090_18	COG2814	225371	5.51e-16	24.468	AraJ	Predicted arabinose efflux permease AraJ, MFS family	G	Carbohydrate transport and metabolism
NODE_1187_length_38096_cov_20.087090_19	COG1917	224829	2.61e-11	24.419	QdoI	Cupin domain protein related to quercetin dioxygenase	R	General function prediction only
NODE_1187_length_38096_cov_20.087090_20	COG1752	224666	5.04e-40	21.802	RssA	Predicted acylesterase/phospholipase RssA, containd patatin domain	R	General function prediction only
NODE_1187_length_38096_cov_20.087090_21	COG1028	223959	6.25e-62	37.165	FabG	NAD(P)-dependent dehydrogenase, short-chain alcohol dehydrogenase family	I	Lipid transport and metabolism
NODE_1187_length_38096_cov_20.087090_23	COG0583	223656	1.12e-05	26.19	LysR	DNA-binding transcriptional regulator, LysR family	K	Transcription
NODE_1187_length_38096_cov_20.087090_24	COG1225	224146	3.73e-18	27.841	Bcp	Peroxiredoxin	O	Posttranslational modification, protein turnover, chaperones
NODE_1187_length_38096_cov_20.087090_25	COG1225	224146	7.91e-15	28.814	Bcp	Peroxiredoxin	O	Posttranslational modification, protein turnover, chaperones
NODE_1187_length_38096_cov_20.087090_26	COG1225	224146	8.66e-09	24.432	Bcp	Peroxiredoxin	O	Posttranslational modification, protein turnover, chaperones
NODE_1187_length_38096_cov_20.087090_27	COG3439	225972	2.77e-19	32.743		Uncharacterized conserved protein, DUF302 family	S	Function unknown
NODE_1187_length_38096_cov_20.087090_28	COG3719	226242	2.25e-51	34.298	RnaI	Ribonuclease I	J	Translation, ribosomal structure and biogenesis
NODE_1187_length_38096_cov_20.087090_34	COG1028	223959	1.68e-46	36.29	FabG	NAD(P)-dependent dehydrogenase, short-chain alcohol dehydrogenase family	I	Lipid transport and metabolism
NODE_1187_length_38096_cov_20.087090_36	COG5373	227665	0.007	30.38		Uncharacterized membrane protein	S	Function unknown
NODE_1187_length_38096_cov_20.087090_38	COG1215	224136	3.18e-24	23.077	BcsA	Glycosyltransferase, catalytic subunit of cellulose synthase and poly-beta-1,6-N-acetylglucosamine synthase	N	Cell motility
NODE_1204_length_37926_cov_19.378416_3	COG1033	223964	1.16e-56	23.077	MMPL	Predicted exporter protein, RND superfamily	R	General function prediction only
NODE_1204_length_37926_cov_19.378416_4	COG0546	223620	1.37e-59	41.553	Gph	Phosphoglycolate phosphatase, HAD superfamily	C	Energy production and conversion
NODE_1204_length_37926_cov_19.378416_5	COG1012	223944	0.0	50.427	AdhE	Acyl-CoA reductase or other NAD-dependent aldehyde dehydrogenase	I	Lipid transport and metabolism
NODE_1204_length_37926_cov_19.378416_6	COG0120	223198	1.9e-101	52.444	RpiA	Ribose 5-phosphate isomerase	G	Carbohydrate transport and metabolism
NODE_1204_length_37926_cov_19.378416_7	COG1249	224169	1.61e-150	36.564	Lpd	Dihydrolipoamide dehydrogenase (E3) component of pyruvate/2-oxoglutarate dehydrogenase complex or glutathione oxidoreductase	C	Energy production and conversion
NODE_1204_length_37926_cov_19.378416_8	COG1028	223959	1.51e-58	41.732	FabG	NAD(P)-dependent dehydrogenase, short-chain alcohol dehydrogenase family	I	Lipid transport and metabolism
NODE_1204_length_37926_cov_19.378416_9	COG2170	225081	2.05e-85	30.978	YbdK	Gamma-glutamyl:cysteine ligase YbdK, ATP-grasp superfamily	O	Posttranslational modification, protein turnover, chaperones
NODE_1204_length_37926_cov_19.378416_10	COG3200	225741	0.0	65.556	AroG2	3-deoxy-D-arabino-heptulosonate 7-phosphate (DAHP) synthase, class II	E	Amino acid transport and metabolism
NODE_1204_length_37926_cov_19.378416_11	COG0171	223249	5.09e-103	42.955	NadE	NH3-dependent NAD+ synthetase	H	Coenzyme transport and metabolism
NODE_1204_length_37926_cov_19.378416_12	COG3203	225744	0.000472	18.116	OmpC	Outer membrane porin OmpC/OmpF/PhoE	M	Cell wall/membrane/envelope biogenesis
NODE_1204_length_37926_cov_19.378416_14	COG0008	223087	1.54e-141	35.532	GlnS	Glutamyl- or glutaminyl-tRNA synthetase	J	Translation, ribosomal structure and biogenesis
NODE_1204_length_37926_cov_19.378416_15	COG3153	225695	1.86e-06	31.25	yhbS	Predicted N-acetyltransferase YhbS	R	General function prediction only
NODE_1204_length_37926_cov_19.378416_16	COG2948	225499	0.009	20.0	VirB10	Type IV secretory pathway, VirB10 component	U	Intracellular trafficking, secretion, and vesicular transport
NODE_1204_length_37926_cov_19.378416_17	COG0215	223293	0.0	43.013	CysS	Cysteinyl-tRNA synthetase	J	Translation, ribosomal structure and biogenesis
NODE_1204_length_37926_cov_19.378416_19	COG0119	223197	1.57e-125	35.431	LeuA	Isopropylmalate/homocitrate/citramalate synthases	E	Amino acid transport and metabolism
NODE_1204_length_37926_cov_19.378416_20	COG3104	225646	5.44e-116	37.649	PTR2	Dipeptide/tripeptide permease	E	Amino acid transport and metabolism
NODE_1204_length_37926_cov_19.378416_21	COG5001	227334	2.38e-123	37.85		Cyclic di-GMP metabolism protein, combines GGDEF and EAL domains with a 6TM membrane domain	T	Signal transduction mechanisms
NODE_1204_length_37926_cov_19.378416_22	COG1703	224617	5.26e-89	45.0	ArgK	GTPase of the G3E family (not a periplasmic protein kinase)	O	Posttranslational modification, protein turnover, chaperones
NODE_1204_length_37926_cov_19.378416_23	COG0501	223575	4.51e-23	24.092	HtpX	Zn-dependent protease with chaperone function	O	Posttranslational modification, protein turnover, chaperones
NODE_1204_length_37926_cov_19.378416_24	COG1611	224527	9.24e-56	46.111	PpnN	Nucleotide monophosphate nucleosidase PpnN/YdgH, Lonely Guy (LOG) family	F	Nucleotide transport and metabolism
NODE_1204_length_37926_cov_19.378416_25	COG2268	225177	6.42e-12	30.457	YqiK	Uncharacterized membrane protein YqiK, contains Band7/PHB/SPFH domain	S	Function unknown
NODE_1204_length_37926_cov_19.378416_26	COG5265	227590	0.0	62.702	ATM1	ABC-type transport system involved in Fe-S cluster assembly, permease and ATPase components	O	Posttranslational modification, protein turnover, chaperones
NODE_1204_length_37926_cov_19.378416_29	COG5501	227788	3.19e-08	27.027	SoxY	Sulfur oxidation protein SoxY	S	Function unknown
NODE_1204_length_37926_cov_19.378416_30	COG0446	223523	7.93e-20	22.647	FadH2	NADPH-dependent 2,4-dienoyl-CoA reductase, sulfur reductase, or a related oxidoreductase	I	Lipid transport and metabolism
NODE_1234_length_37422_cov_17.268017_1	COG1902	224814	1.28e-139	44.086	FadH	2,4-dienoyl-CoA reductase or related NADH-dependent reductase, Old Yellow Enzyme (OYE) family	C	Energy production and conversion
NODE_1234_length_37422_cov_17.268017_3	COG1664	224578	2.76e-13	29.907	CcmA	Cytoskeletal protein CcmA, bactofilin family	Z	Cytoskeleton
NODE_1234_length_37422_cov_17.268017_5	COG5400	227687	8.04e-85	66.667		Uncharacterized conserved protein	S	Function unknown
NODE_1234_length_37422_cov_17.268017_6	COG1218	224139	5.68e-81	40.37	CysQ	3'-Phosphoadenosine 5'-phosphosulfate (PAPS) 3'-phosphatase	P	Inorganic ion transport and metabolism
NODE_1234_length_37422_cov_17.268017_7	COG5385	227675	1.48e-41	43.128	HPt	Histidine phosphotransfer protein ChpT, HPt domain	T	Signal transduction mechanisms
NODE_1234_length_37422_cov_17.268017_8	COG1131	224054	3.29e-36	34.426	CcmA	ABC-type multidrug transport system, ATPase component	V	Defense mechanisms
NODE_1234_length_37422_cov_17.268017_9	COG0390	223467	1.99e-39	44.366	FetB	ABC-type iron transport system FetAB, permease component	P	Inorganic ion transport and metabolism
NODE_1234_length_37422_cov_17.268017_13	COG1278	224197	3.52e-27	52.239	CspC	Cold shock protein, CspA family	K	Transcription
NODE_1234_length_37422_cov_17.268017_14	COG2961	225509	9.51e-130	53.791	RlmJ	23S rRNA A2030 N6-methylase RlmJ	J	Translation, ribosomal structure and biogenesis
NODE_1234_length_37422_cov_17.268017_15	COG2927	225479	2.52e-28	28.319	HolC	DNA polymerase III, chi subunit	L	Replication, recombination and repair
NODE_1234_length_37422_cov_17.268017_17	COG1160	224082	0.0	48.018	Der	Double Era-like domain GTPase Der	J	Translation, ribosomal structure and biogenesis
NODE_1234_length_37422_cov_17.268017_18	COG1520	224437	8.75e-30	24.198	PQQ	Outer membrane protein assembly factor BamB, contains PQQ-like beta-propeller repeat	M	Cell wall/membrane/envelope biogenesis
NODE_1234_length_37422_cov_17.268017_19	COG4649	226996	2.41e-37	35.945	TPR1	TPR-like repeat domain	S	Function unknown
NODE_1234_length_37422_cov_17.268017_20	COG0413	223490	2.96e-132	55.303	PanB	Ketopantoate hydroxymethyltransferase	H	Coenzyme transport and metabolism
NODE_1234_length_37422_cov_17.268017_21	COG1376	224294	2.69e-16	29.53	ErfK	Lipoprotein-anchoring transpeptidase ErfK/SrfK	M	Cell wall/membrane/envelope biogenesis
NODE_1234_length_37422_cov_17.268017_22	COG2258	225167	2.47e-12	26.901	YiiM	N-hydroxylaminopurine reductase YiiM, contains MOSC domain	F	Nucleotide transport and metabolism
NODE_1234_length_37422_cov_17.268017_23	COG4094	226579	8.58e-30	34.545		Uncharacterized membrane protein	S	Function unknown
NODE_1234_length_37422_cov_17.268017_25	COG4076	226562	1.33e-06	21.941		Predicted RNA methylase	R	General function prediction only
NODE_1234_length_37422_cov_17.268017_26	COG0566	223640	1.76e-77	35.632	SpoU	tRNA G18 (ribose-2'-O)-methylase SpoU	J	Translation, ribosomal structure and biogenesis
NODE_1234_length_37422_cov_17.268017_27	COG1092	224017	6.95e-40	22.684	RlmK	23S rRNA G2069 N7-methylase RlmK or C1962 C5-methylase RlmI	J	Translation, ribosomal structure and biogenesis
NODE_1234_length_37422_cov_17.268017_30	COG0590	223663	1.91e-32	34.228	TadA	tRNA(Arg) A34 adenosine deaminase TadA	J	Translation, ribosomal structure and biogenesis
NODE_1234_length_37422_cov_17.268017_31	COG0526	223600	1.65e-07	28.283	TrxA	Thiol-disulfide isomerase or thioredoxin	O	Posttranslational modification, protein turnover, chaperones
NODE_1234_length_37422_cov_17.268017_32	COG1779	224693	0.006	35.294	Zpr1	C4-type Zn-finger protein	R	General function prediction only
NODE_1234_length_37422_cov_17.268017_33	COG1186	224107	9.01e-144	64.854	PrfB	Protein chain release factor PrfB	J	Translation, ribosomal structure and biogenesis
NODE_1234_length_37422_cov_17.268017_34	COG5009	227342	0.0	49.876	MrcA	Membrane carboxypeptidase/penicillin-binding protein	M	Cell wall/membrane/envelope biogenesis
NODE_1234_length_37422_cov_17.268017_35	COG0860	223929	6.78e-55	30.603	AmiC	N-acetylmuramoyl-L-alanine amidase	M	Cell wall/membrane/envelope biogenesis
NODE_1234_length_37422_cov_17.268017_36	COG1530	224447	1.06e-169	36.252	CafA	Ribonuclease G or E	J	Translation, ribosomal structure and biogenesis
NODE_1234_length_37422_cov_17.268017_38	COG0436	223513	1.58e-08	32.5	AspB	Aspartate/methionine/tyrosine aminotransferase	E	Amino acid transport and metabolism
NODE_1297_length_36617_cov_18.090504_1	COG3952	226461	1.68e-27	54.878	LABN	Uncharacterized N-terminal domain of lipid-A-disaccharide synthase	R	General function prediction only
NODE_1297_length_36617_cov_18.090504_3	COG1807	224720	3.61e-35	27.726	ArnT	PMT family glycosyltransferase ArnT/Agl22, involved in glycosylation of proteins and lipid IVA	M	Cell wall/membrane/envelope biogenesis
NODE_1297_length_36617_cov_18.090504_4	COG0147	223225	1.3e-120	35.62	TrpE	Anthranilate/para-aminobenzoate synthases component I	E	Amino acid transport and metabolism
NODE_1297_length_36617_cov_18.090504_9	COG1647	224561	7.74e-25	21.401	YvaK	Esterase/lipase	Q	Secondary metabolites biosynthesis, transport and catabolism
NODE_1297_length_36617_cov_18.090504_10	COG4731	227074	4.48e-13	27.152		Uncharacterized conserved protein, DUF2147 family	S	Function unknown
NODE_1297_length_36617_cov_18.090504_12	COG0577	223650	2.77e-14	17.703	SalY	ABC-type antimicrobial peptide transport system, permease component	V	Defense mechanisms
NODE_1297_length_36617_cov_18.090504_13	COG1136	224059	1.24e-104	46.903	LolD	ABC-type lipoprotein export system, ATPase component	M	Cell wall/membrane/envelope biogenesis
NODE_1297_length_36617_cov_18.090504_14	COG1566	224482	3.23e-21	24.419	EmrA	Multidrug resistance efflux pump EmrA	V	Defense mechanisms
NODE_1297_length_36617_cov_18.090504_15	COG0841	223911	0.0	34.314	AcrB	Multidrug efflux pump subunit AcrB	V	Defense mechanisms
NODE_1297_length_36617_cov_18.090504_16	COG0845	223914	5.99e-28	30.194	AcrA	Multidrug efflux pump subunit AcrA (membrane-fusion protein)	M	Cell wall/membrane/envelope biogenesis
NODE_1297_length_36617_cov_18.090504_17	COG1309	224228	1.61e-16	28.125	AcrR	DNA-binding protein, AcrR family, includes nucleoid occlusion protein SlmA	K	Transcription
NODE_1297_length_36617_cov_18.090504_20	COG5342	227647	4.14e-43	41.026	IalB	Invasion protein IalB, involved in pathogenesis	R	General function prediction only
NODE_1297_length_36617_cov_18.090504_21	COG1622	224537	2.5e-53	32.857	CyoA	Heme/copper-type cytochrome/quinol oxidase, subunit 2	C	Energy production and conversion
NODE_1297_length_36617_cov_18.090504_22	COG0843	223913	0.0	59.501	CyoB	Heme/copper-type cytochrome/quinol oxidase, subunit 1	C	Energy production and conversion
NODE_1297_length_36617_cov_18.090504_23	COG0109	223187	2.98e-116	51.515	CyoE	Polyprenyltransferase (heme O synthase)	H	Coenzyme transport and metabolism
NODE_1297_length_36617_cov_18.090504_25	COG3175	225716	2.87e-87	49.733	COX11	Cytochrome c oxidase assembly protein Cox11	C	Energy production and conversion
NODE_1297_length_36617_cov_18.090504_26	COG1845	224758	3.23e-64	37.751	CyoC	Heme/copper-type cytochrome/quinol oxidase, subunit 3	C	Energy production and conversion
NODE_1297_length_36617_cov_18.090504_27	COG5349	227652	4.08e-43	46.218		Uncharacterized conserved protein, DUF983 family	S	Function unknown
NODE_1297_length_36617_cov_18.090504_28	COG3346	225883	1.15e-83	45.382	Shy1	Cytochrome oxidase assembly protein ShyY1	O	Posttranslational modification, protein turnover, chaperones
NODE_1297_length_36617_cov_18.090504_29	COG0498	223572	1.08e-125	30.108	ThrC	Threonine synthase	E	Amino acid transport and metabolism
NODE_1297_length_36617_cov_18.090504_30	COG0612	223685	5.91e-126	40.047	PqqL	Predicted Zn-dependent peptidase, M16 family	R	General function prediction only
NODE_1297_length_36617_cov_18.090504_31	COG1670	224584	1.77e-25	33.333	RimL	Protein N-acetyltransferase, RimJ/RimL family	J	Translation, ribosomal structure and biogenesis
NODE_1297_length_36617_cov_18.090504_32	COG2200	225110	9.61e-96	43.75	EAL	EAL domain, c-di-GMP-specific phosphodiesterase class I (or its enzymatically inactive variant)	T	Signal transduction mechanisms
NODE_1297_length_36617_cov_18.090504_33	COG1678	224592	7.48e-92	49.0	AlgH	Putative transcriptional regulator, AlgH/UPF0301 family	K	Transcription
NODE_1424_length_34848_cov_19.023568_3	COG0625	223698	1.21e-30	34.742	GstA	Glutathione S-transferase	O	Posttranslational modification, protein turnover, chaperones
NODE_1424_length_34848_cov_19.023568_4	COG4249	226700	1.32e-59	41.797		Uncharacterized conserved protein, contains caspase domain	R	General function prediction only
NODE_1424_length_34848_cov_19.023568_5	COG1664	224578	1.87e-13	28.302	CcmA	Cytoskeletal protein CcmA, bactofilin family	Z	Cytoskeleton
NODE_1424_length_34848_cov_19.023568_6	COG1664	224578	5.86e-22	31.818	CcmA	Cytoskeletal protein CcmA, bactofilin family	Z	Cytoskeleton
NODE_1424_length_34848_cov_19.023568_7	COG1664	224578	4.53e-18	22.695	CcmA	Cytoskeletal protein CcmA, bactofilin family	Z	Cytoskeleton
NODE_1424_length_34848_cov_19.023568_10	COG1409	224327	5.03e-21	26.087	CpdA	3',5'-cyclic AMP phosphodiesterase CpdA	T	Signal transduction mechanisms
NODE_1424_length_34848_cov_19.023568_11	COG3794	226317	3.82e-19	37.895	PetE	Plastocyanin	C	Energy production and conversion
NODE_1424_length_34848_cov_19.023568_12	COG1595	224511	9.09e-36	37.5	RpoE	DNA-directed RNA polymerase specialized sigma subunit, sigma24 family	K	Transcription
NODE_1424_length_34848_cov_19.023568_13	COG5662	227949	3.58e-18	22.672	RsiW	Transmembrane transcriptional regulator RsiW (anti-sigma-W factor)	K	Transcription
NODE_1424_length_34848_cov_19.023568_14	COG1993	224904	1e-41	53.398		PII-like signaling protein	T	Signal transduction mechanisms
NODE_1424_length_34848_cov_19.023568_15	COG0589	223662	3.53e-10	41.667	UspA	Nucleotide-binding universal stress protein,  UspA family	T	Signal transduction mechanisms
NODE_1424_length_34848_cov_19.023568_16	COG0475	223551	2.77e-41	24.873	KefB	Kef-type K+ transport system, membrane component KefB	P	Inorganic ion transport and metabolism
NODE_1424_length_34848_cov_19.023568_18	COG3000	225546	4.39e-32	41.379	ERG3	Sterol desaturase/sphingolipid hydroxylase, fatty acid hydroxylase superfamily	I	Lipid transport and metabolism
NODE_1424_length_34848_cov_19.023568_19	COG1402	224320	2.3e-33	27.778	ArfB	Creatinine amidohydrolase/Fe(II)-dependent FAPy formamide hydrolase (riboflavin and F420 biosynthesis)	H	Coenzyme transport and metabolism
NODE_1424_length_34848_cov_19.023568_23	COG0621	223694	1.95e-179	36.018	MiaB	tRNA A37 methylthiotransferase MiaB	J	Translation, ribosomal structure and biogenesis
NODE_1424_length_34848_cov_19.023568_24	COG0488	223562	5.91e-178	39.065	Uup	ATPase components of ABC transporters with duplicated ATPase domains	R	General function prediction only
NODE_1424_length_34848_cov_19.023568_30	COG1192	224113	1.12e-22	27.519	ParA	ParA-like ATPase involved in chromosome/plasmid partitioning or cellulose biosynthesis protein BcsQ	D	Cell cycle control, cell division, chromosome partitioning
NODE_1424_length_34848_cov_19.023568_35	COG3523	226054	0.007	26.087	IcmF	Type VI protein secretion system component VasK	U	Intracellular trafficking, secretion, and vesicular transport
NODE_1424_length_34848_cov_19.023568_45	COG5010	227343	1.66e-05	23.529	TadD	Flp pilus assembly protein TadD, contains TPR repeats	U	Intracellular trafficking, secretion, and vesicular transport
NODE_1635_length_32312_cov_18.614905_1	COG0583	223656	1.55e-17	20.833	LysR	DNA-binding transcriptional regulator, LysR family	K	Transcription
NODE_1635_length_32312_cov_18.614905_2	COG5639	227926	1.19e-21	46.429		Uncharacterized conserved protein, DUF2274 domain	S	Function unknown
NODE_1635_length_32312_cov_18.614905_3	COG2948	225499	7.64e-84	31.771	VirB10	Type IV secretory pathway, VirB10 component	U	Intracellular trafficking, secretion, and vesicular transport
NODE_1635_length_32312_cov_18.614905_4	COG3504	226035	2.9e-50	40.606	VirB9	Type IV secretory pathway, VirB9 components	U	Intracellular trafficking, secretion, and vesicular transport
NODE_1635_length_32312_cov_18.614905_6	COG3701	226224	2.24e-114	58.667	TrbF	Type IV secretory pathway, TrbF component	U	Intracellular trafficking, secretion, and vesicular transport
NODE_1635_length_32312_cov_18.614905_7	COG3846	226365	4.04e-06	27.322	TrbL	Type IV secretory pathway, TrbL components	U	Intracellular trafficking, secretion, and vesicular transport
NODE_1635_length_32312_cov_18.614905_8	COG3846	226365	1.91e-60	40.891	TrbL	Type IV secretory pathway, TrbL components	U	Intracellular trafficking, secretion, and vesicular transport
NODE_1635_length_32312_cov_18.614905_10	COG5314	227627	1.37e-49	44.444		Conjugal transfer/entry exclusion protein	X	Mobilome: prophages, transposons
NODE_1635_length_32312_cov_18.614905_11	COG3451	225982	0.0	34.963	VirB4	Type IV secretory pathway, VirB4 component	U	Intracellular trafficking, secretion, and vesicular transport
NODE_1635_length_32312_cov_18.614905_12	COG5268	227593	8.66e-27	48.315	TrbD	Type IV secretory pathway, TrbD component	U	Intracellular trafficking, secretion, and vesicular transport
NODE_1635_length_32312_cov_18.614905_13	COG3838	226358	4.67e-17	45.794	VirB2	Type IV secretory pathway, VirB2 component (pilin)	U	Intracellular trafficking, secretion, and vesicular transport
NODE_1635_length_32312_cov_18.614905_14	COG4962	227297	2.67e-114	43.144	CpaF	Pilus assembly protein, ATPase of CpaF family	U	Intracellular trafficking, secretion, and vesicular transport
NODE_1635_length_32312_cov_18.614905_15	COG2905	225457	5.94e-10	25.714		Signal-transduction protein containing cAMP-binding, CBS, and nucleotidyltransferase domains	T	Signal transduction mechanisms
NODE_1635_length_32312_cov_18.614905_17	COG0071	223149	1.06e-36	34.899	IbpA	Small heat shock protein IbpA, HSP20 family	O	Posttranslational modification, protein turnover, chaperones
NODE_1635_length_32312_cov_18.614905_18	COG0071	223149	6.23e-37	33.099	IbpA	Small heat shock protein IbpA, HSP20 family	O	Posttranslational modification, protein turnover, chaperones
NODE_1635_length_32312_cov_18.614905_19	COG2095	225006	3.38e-40	36.41	MarC	Small neutral amino acid transporter SnatA, MarC family	E	Amino acid transport and metabolism
NODE_1635_length_32312_cov_18.614905_21	COG0467	223543	1.1e-14	30.275	RAD55	RecA-superfamily ATPase, KaiC/GvpD/RAD55 family	T	Signal transduction mechanisms
NODE_1635_length_32312_cov_18.614905_22	COG0071	223149	1.58e-28	33.562	IbpA	Small heat shock protein IbpA, HSP20 family	O	Posttranslational modification, protein turnover, chaperones
NODE_1635_length_32312_cov_18.614905_23	COG0071	223149	1.66e-23	33.962	IbpA	Small heat shock protein IbpA, HSP20 family	O	Posttranslational modification, protein turnover, chaperones
NODE_1635_length_32312_cov_18.614905_26	COG3505	226036	1.19e-102	41.137	VirD4	Type IV secretory pathway, VirD4 component, TraG/TraD family ATPase	U	Intracellular trafficking, secretion, and vesicular transport
NODE_1635_length_32312_cov_18.614905_27	COG3505	226036	1.88e-90	39.35	VirD4	Type IV secretory pathway, VirD4 component, TraG/TraD family ATPase	U	Intracellular trafficking, secretion, and vesicular transport
NODE_1635_length_32312_cov_18.614905_28	COG3843	226362	1.19e-66	40.764	VirD2	Type IV secretory pathway, VirD2 component (relaxase)	U	Intracellular trafficking, secretion, and vesicular transport
NODE_1635_length_32312_cov_18.614905_29	COG0741	223812	1.7e-20	38.462	MltE	Soluble lytic murein transglycosylase or regulatory protein s ( may contain LysM/invasin domain)	M	Cell wall/membrane/envelope biogenesis
NODE_1635_length_32312_cov_18.614905_30	COG4959	227294	7.33e-53	45.57	TraF	Type IV secretory pathway, protease TraF	O	Posttranslational modification, protein turnover, chaperones
NODE_1635_length_32312_cov_18.614905_32	COG1166	224088	0.008	33.333	SpeA	Arginine decarboxylase (spermidine biosynthesis)	E	Amino acid transport and metabolism
NODE_1635_length_32312_cov_18.614905_33	COG1192	224113	5.02e-30	30.901	ParA	ParA-like ATPase involved in chromosome/plasmid partitioning or cellulose biosynthesis protein BcsQ	D	Cell cycle control, cell division, chromosome partitioning
NODE_1635_length_32312_cov_18.614905_34	COG5534	227821	2.05e-105	47.042	RepA	Plasmid replication initiator protein	X	Mobilome: prophages, transposons
NODE_1635_length_32312_cov_18.614905_35	COG3311	225848	0.001	36.364	AlpA	DNA-binding transcriptional regulator AlpA	K	Transcription
NODE_1635_length_32312_cov_18.614905_36	COG5419	227706	3.92e-05	33.721		Uncharacterized conserved protein, DUF2285 domain	S	Function unknown
NODE_1635_length_32312_cov_18.614905_39	COG1813	224726	0.004	30.159	aMBF1	Archaeal ribosome-binding protein aMBF1, putative translation factor, contains Zn-ribbon and HTH domains	J	Translation, ribosomal structure and biogenesis
NODE_1635_length_32312_cov_18.614905_40	COG0784	223855	5.55e-09	23.387	CheY	CheY-like REC (receiver) domain, includes chemotaxis protein CheY  and sporulation regulator Spo0F	T	Signal transduction mechanisms
NODE_1635_length_32312_cov_18.614905_41	COG5489	227776	1.42e-51	58.491		Uncharacterized conserved protein, DUF736 family	S	Function unknown
NODE_1836_length_30350_cov_19.481433_1	COG2336	225215	1.41e-08	30.233	MazE	Antitoxin component MazE of the MazEF toxin-antitoxin module	V	Defense mechanisms
NODE_1836_length_30350_cov_19.481433_2	COG2337	225216	4.05e-23	45.946	MazF	mRNA-degrading endonuclease MazF, toxin component of the MazEF toxin-antitoxin module	V	Defense mechanisms
NODE_1836_length_30350_cov_19.481433_10	COG1664	224578	1e-21	29.231	CcmA	Cytoskeletal protein CcmA, bactofilin family	Z	Cytoskeleton
NODE_1836_length_30350_cov_19.481433_12	COG0466	223542	0.0	51.042	Lon	ATP-dependent Lon protease, bacterial type	O	Posttranslational modification, protein turnover, chaperones
NODE_1836_length_30350_cov_19.481433_13	COG0071	223149	1.33e-14	29.927	IbpA	Small heat shock protein IbpA, HSP20 family	O	Posttranslational modification, protein turnover, chaperones
NODE_1836_length_30350_cov_19.481433_16	COG1305	224224	1.65e-53	30.847	YebA	Transglutaminase-like enzyme, putative cysteine protease	O	Posttranslational modification, protein turnover, chaperones
NODE_1836_length_30350_cov_19.481433_17	COG2308	225190	2.26e-135	38.186		Circularly permuted ATP-grasp protein	R	General function prediction only
NODE_1836_length_30350_cov_19.481433_18	COG4196	226659	0.0	60.907		Uncharacterized conserved protein, DUF2126 family	S	Function unknown
NODE_1836_length_30350_cov_19.481433_19	COG4196	226659	3.94e-101	45.652		Uncharacterized conserved protein, DUF2126 family	S	Function unknown
NODE_1836_length_30350_cov_19.481433_20	COG4307	226757	7.08e-125	44.054		Uncharacterized conserved protein, DUF2248 family	S	Function unknown
NODE_1836_length_30350_cov_19.481433_21	COG2094	225005	5.63e-63	42.347	Mpg	3-methyladenine DNA glycosylase Mpg	L	Replication, recombination and repair
NODE_1836_length_30350_cov_19.481433_22	COG4095	226580	1.86e-18	43.373	SWEET	Sugar transporter, SemiSWEET family, contains PQ motif	G	Carbohydrate transport and metabolism
NODE_1836_length_30350_cov_19.481433_24	COG2885	225439	2.87e-23	28.472	OmpA	Outer membrane protein OmpA and related peptidoglycan-associated (lipo)proteins	M	Cell wall/membrane/envelope biogenesis
NODE_1836_length_30350_cov_19.481433_25	COG2863	225418	0.000479	21.348	CytC553	Cytochrome c553	C	Energy production and conversion
NODE_1836_length_30350_cov_19.481433_26	COG0474	223550	0.0	35.007	MgtA	Magnesium-transporting ATPase (P-type)	P	Inorganic ion transport and metabolism
NODE_1836_length_30350_cov_19.481433_27	COG0474	223550	5.17e-09	34.615	MgtA	Magnesium-transporting ATPase (P-type)	P	Inorganic ion transport and metabolism
NODE_1836_length_30350_cov_19.481433_28	COG3568	226098	5.62e-12	25.915	ElsH	Metal-dependent hydrolase, endonuclease/exonuclease/phosphatase family	R	General function prediction only
NODE_1836_length_30350_cov_19.481433_29	COG0589	223662	7.15e-28	39.865	UspA	Nucleotide-binding universal stress protein,  UspA family	T	Signal transduction mechanisms
NODE_1836_length_30350_cov_19.481433_31	COG3243	225783	5.16e-146	43.556	PhaC	Poly-beta-hydroxybutyrate synthase	I	Lipid transport and metabolism
NODE_1845_length_30205_cov_19.680531_1	COG2879	225434	6.5e-21	53.571	YbdD	Uncharacterized short protein YbdD, DUF466 family	S	Function unknown
NODE_1845_length_30205_cov_19.680531_2	COG1893	224805	1.11e-65	31.908	PanE	Ketopantoate reductase	H	Coenzyme transport and metabolism
NODE_1845_length_30205_cov_19.680531_3	COG1028	223959	1.28e-25	29.515	FabG	NAD(P)-dependent dehydrogenase, short-chain alcohol dehydrogenase family	I	Lipid transport and metabolism
NODE_1845_length_30205_cov_19.680531_6	COG0596	223669	4.28e-16	22.0	MenH	2-succinyl-6-hydroxy-2,4-cyclohexadiene-1-carboxylate synthase MenH and related esterases, alpha/beta hydrolase fold	H	Coenzyme transport and metabolism
NODE_1845_length_30205_cov_19.680531_8	COG3049	225591	3.38e-99	39.45	YxeI	Penicillin V acylase or related amidase, Ntn superfamily	M	Cell wall/membrane/envelope biogenesis
NODE_1845_length_30205_cov_19.680531_9	COG3488	226019	0.0	56.448		Uncharacterized conserved protein with two CxxC motifs, DUF1111 family	R	General function prediction only
NODE_1845_length_30205_cov_19.680531_10	COG3487	226018	0.0	62.0	IrpA	Imelysin-like iron-regulated protein IrpA, duplicated M75 peptidase-like domain	S	Function unknown
NODE_1845_length_30205_cov_19.680531_11	COG3489	226020	5.39e-57	31.7	IrpA2	Imelysin-like iron-regulated protein IrpA, duplicated M75 peptidase-like domain	R	General function prediction only
NODE_1845_length_30205_cov_19.680531_12	COG3490	226021	1.37e-107	41.867		Uncharacterized conserved protein, DUF1513 domain	S	Function unknown
NODE_1845_length_30205_cov_19.680531_13	COG3307	225844	8.04e-05	21.101	RfaL	O-antigen ligase	M	Cell wall/membrane/envelope biogenesis
NODE_1845_length_30205_cov_19.680531_14	COG2148	225059	4.75e-85	42.553	WcaJ	Sugar transferase involved in LPS biosynthesis (colanic, teichoic acid)	M	Cell wall/membrane/envelope biogenesis
NODE_1845_length_30205_cov_19.680531_15	COG0438	223515	8.26e-41	26.385	RfaB	Glycosyltransferase involved in cell wall bisynthesis	M	Cell wall/membrane/envelope biogenesis
NODE_1845_length_30205_cov_19.680531_16	COG1596	224512	3.92e-30	37.805	Wza	Periplasmic protein Wza involved in polysaccharide export, contains SLBB domain of the beta-grasp fold	M	Cell wall/membrane/envelope biogenesis
NODE_1845_length_30205_cov_19.680531_17	COG3206	225747	2.96e-46	28.508	GumC	Exopolysaccharide export protein/domain GumC/Wzc1	M	Cell wall/membrane/envelope biogenesis
NODE_1845_length_30205_cov_19.680531_18	COG0726	223798	7.22e-15	18.75	CDA1	Peptidoglycan/xylan/chitin deacetylase, PgdA/NodB/CDA1 family	G	Carbohydrate transport and metabolism
NODE_1845_length_30205_cov_19.680531_19	COG1612	224528	1.89e-64	41.471	CtaA	Heme A synthase	H	Coenzyme transport and metabolism
NODE_1845_length_30205_cov_19.680531_20	COG0002	223081	2.91e-102	30.659	ArgC	N-acetyl-gamma-glutamylphosphate reductase	E	Amino acid transport and metabolism
NODE_1845_length_30205_cov_19.680531_21	COG0861	223930	4.12e-35	31.156	TerC	Tellurite resistance membrane protein TerC	P	Inorganic ion transport and metabolism
NODE_1845_length_30205_cov_19.680531_22	COG0103	223181	1.01e-65	59.843	RpsI	Ribosomal protein S9	J	Translation, ribosomal structure and biogenesis
NODE_1845_length_30205_cov_19.680531_23	COG0102	223180	3.6e-75	55.102	RplM	Ribosomal protein L13	J	Translation, ribosomal structure and biogenesis
NODE_1845_length_30205_cov_19.680531_25	COG1024	223955	2.15e-68	40.769	CaiD	Enoyl-CoA hydratase/carnithine racemase	I	Lipid transport and metabolism
NODE_1845_length_30205_cov_19.680531_26	COG3607	226134	9.48e-12	29.268		Lactoylglutathione lyase-related enzyme, vicinal oxygen chelate (VOC) family	R	General function prediction only
NODE_1845_length_30205_cov_19.680531_27	COG1832	224745	1.46e-65	55.0	YccU	Predicted CoA-binding protein	R	General function prediction only
NODE_1845_length_30205_cov_19.680531_28	COG0834	223904	4.5e-27	19.474	HisJ	ABC-type amino acid transport/signal transduction system, periplasmic component/domain	E	Amino acid transport and metabolism
NODE_1845_length_30205_cov_19.680531_29	COG0797	223868	3.75e-40	47.059	RlpA	Peptidoglycan lytic transglycosylase RlpA, contains C-terminal SPOR domain	M	Cell wall/membrane/envelope biogenesis
NODE_1846_length_30202_cov_17.960693_2	COG1132	224055	2.08e-158	39.703	MdlB	ABC-type multidrug transport system, ATPase and permease component	V	Defense mechanisms
NODE_1846_length_30202_cov_17.960693_5	COG0382	223459	1.12e-67	39.223	UbiA	4-hydroxybenzoate polyprenyltransferase	H	Coenzyme transport and metabolism
NODE_1846_length_30202_cov_17.960693_6	COG1385	224303	1.52e-66	35.371	RsmE	16S rRNA U1498 N3-methylase RsmE	J	Translation, ribosomal structure and biogenesis
NODE_1846_length_30202_cov_17.960693_8	COG3572	226102	0.0	57.494	Gsh2	Gamma-glutamylcysteine synthetase	H	Coenzyme transport and metabolism
NODE_1846_length_30202_cov_17.960693_10	COG1556	224473	3.46e-35	29.444	LutC	L-lactate utilization protein LutC, contains LUD domain	C	Energy production and conversion
NODE_1846_length_30202_cov_17.960693_11	COG1139	224062	4.32e-180	47.309	LutB	L-lactate utilization protein LutB, contains a ferredoxin-type domain	C	Energy production and conversion
NODE_1846_length_30202_cov_17.960693_12	COG0247	223325	4.52e-56	37.398	GlpC	Fe-S cluster-containing oxidoreductase, includes glycolate oxidase subunit GlcF	C	Energy production and conversion
NODE_1846_length_30202_cov_17.960693_13	COG3474	226005	2.24e-49	52.586	Cyc7	Cytochrome c2	C	Energy production and conversion
NODE_1846_length_30202_cov_17.960693_14	COG0583	223656	2.72e-62	32.107	LysR	DNA-binding transcriptional regulator, LysR family	K	Transcription
NODE_1846_length_30202_cov_17.960693_15	COG0277	223354	4.27e-126	40.693	GlcD	FAD/FMN-containing lactate dehydrogenase/glycolate oxidase	C	Energy production and conversion
NODE_1846_length_30202_cov_17.960693_16	COG0277	223354	2.62e-52	23.333	GlcD	FAD/FMN-containing lactate dehydrogenase/glycolate oxidase	C	Energy production and conversion
NODE_1846_length_30202_cov_17.960693_17	COG0247	223325	9.3e-91	31.579	GlpC	Fe-S cluster-containing oxidoreductase, includes glycolate oxidase subunit GlcF	C	Energy production and conversion
NODE_1846_length_30202_cov_17.960693_20	COG4575	226941	0.000278	22.785	ElaB	Membrane-anchored ribosome-binding protein ElaB, inhibits growth in stationary phase, YqjD/DUF883 family	J	Translation, ribosomal structure and biogenesis
NODE_1846_length_30202_cov_17.960693_22	COG0349	223426	2.82e-73	47.283	Rnd	Ribonuclease D	J	Translation, ribosomal structure and biogenesis
NODE_1846_length_30202_cov_17.960693_23	COG5375	227667	4.67e-25	27.419		Uncharacterized conserved protein	S	Function unknown
NODE_1846_length_30202_cov_17.960693_24	COG1137	224060	3.42e-159	68.776	LptB	ABC-type lipopolysaccharide export system, ATPase component	M	Cell wall/membrane/envelope biogenesis
NODE_1846_length_30202_cov_17.960693_25	COG1508	224425	0.0	44.112	RpoN	DNA-directed RNA polymerase specialized sigma subunit, sigma54 homolog	K	Transcription
NODE_1846_length_30202_cov_17.960693_26	COG1762	224676	2.44e-37	41.781	PtsN	Phosphotransferase system mannitol/fructose-specific IIA domain (Ntr-type)	G	Carbohydrate transport and metabolism
NODE_1846_length_30202_cov_17.960693_27	COG1968	224879	2.34e-93	43.82	UppP	Undecaprenyl pyrophosphate phosphatase	I	Lipid transport and metabolism
NODE_1846_length_30202_cov_17.960693_28	COG0625	223698	1.58e-28	30.734	GstA	Glutathione S-transferase	O	Posttranslational modification, protein turnover, chaperones
NODE_1846_length_30202_cov_17.960693_29	COG1600	224516	8.18e-135	47.059	QueG	Epoxyqueuosine reductase QueG (queuosine biosynthesis)	J	Translation, ribosomal structure and biogenesis
NODE_1846_length_30202_cov_17.960693_30	COG0451	223528	2.39e-16	23.502	WcaG	Nucleoside-diphosphate-sugar epimerase	M	Cell wall/membrane/envelope biogenesis
NODE_1846_length_30202_cov_17.960693_31	COG3064	225606	0.000773	33.028	TolA	Membrane protein TolA involved in colicin uptake	M	Cell wall/membrane/envelope biogenesis
NODE_1897_length_29763_cov_18.599535_1	COG1884	224796	0.0	60.077	Sbm	Methylmalonyl-CoA mutase, N-terminal domain/subunit	I	Lipid transport and metabolism
NODE_1897_length_29763_cov_18.599535_7	COG0598	223671	3.48e-27	58.182	CorA	Mg2+ and Co2+ transporter CorA	P	Inorganic ion transport and metabolism
NODE_1897_length_29763_cov_18.599535_8	COG2059	224970	2.09e-39	41.477	ChrA	Chromate transport protein ChrA	P	Inorganic ion transport and metabolism
NODE_1897_length_29763_cov_18.599535_9	COG0797	223868	2.07e-43	41.781	RlpA	Peptidoglycan lytic transglycosylase RlpA, contains C-terminal SPOR domain	M	Cell wall/membrane/envelope biogenesis
NODE_1897_length_29763_cov_18.599535_11	COG1396	224314	0.000363	27.586	HipB	Transcriptional regulator, contains XRE-family HTH domain	K	Transcription
NODE_1897_length_29763_cov_18.599535_12	COG2207	225117	2.68e-19	30.097	AraC	AraC-type DNA-binding domain and AraC-containing proteins	K	Transcription
NODE_1897_length_29763_cov_18.599535_14	COG0491	223565	7.64e-15	27.742	GloB	Glyoxylase or a related metal-dependent hydrolase, beta-lactamase superfamily II	R	General function prediction only
NODE_1897_length_29763_cov_18.599535_17	COG2847	225403	8.73e-44	46.565		Copper(I)-binding protein	P	Inorganic ion transport and metabolism
NODE_1897_length_29763_cov_18.599535_18	COG0156	223234	5.95e-137	45.924	BioF	7-keto-8-aminopelargonate synthetase or related enzyme	H	Coenzyme transport and metabolism
NODE_1897_length_29763_cov_18.599535_20	COG2200	225110	4.1e-107	49.407	EAL	EAL domain, c-di-GMP-specific phosphodiesterase class I (or its enzymatically inactive variant)	T	Signal transduction mechanisms
NODE_1897_length_29763_cov_18.599535_21	COG2199	225109	8.89e-08	33.929	GGDEF	GGDEF domain, diguanylate cyclase (c-di-GMP synthetase) or its enzymatically inactive variants	T	Signal transduction mechanisms
NODE_1897_length_29763_cov_18.599535_22	COG3842	226361	1.43e-96	37.752	PotA	ABC-type Fe3+/spermidine/putrescine transport systems, ATPase component	E	Amino acid transport and metabolism
NODE_1897_length_29763_cov_18.599535_23	COG4149	226629	7.25e-69	44.749	ModB	ABC-type molybdate transport system, permease component ModB	P	Inorganic ion transport and metabolism
NODE_1897_length_29763_cov_18.599535_24	COG0725	223797	4.45e-52	35.498	ModA	ABC-type molybdate transport system, periplasmic Mo-binding protein ModA	P	Inorganic ion transport and metabolism
NODE_1897_length_29763_cov_18.599535_25	COG1752	224666	1.82e-35	25.0	RssA	Predicted acylesterase/phospholipase RssA, containd patatin domain	R	General function prediction only
NODE_1897_length_29763_cov_18.599535_26	COG1120	224045	1.66e-100	44.488	FepC	ABC-type cobalamin/Fe3+-siderophores transport system, ATPase component	P	Inorganic ion transport and metabolism
NODE_1897_length_29763_cov_18.599535_27	COG0609	223682	7.1e-64	43.769	FepD	ABC-type Fe3+-siderophore transport system, permease component	P	Inorganic ion transport and metabolism
NODE_1897_length_29763_cov_18.599535_28	COG0614	223687	8.12e-26	27.143	FepB	ABC-type Fe3+-hydroxamate transport system, periplasmic component	P	Inorganic ion transport and metabolism
NODE_1897_length_29763_cov_18.599535_29	COG4206	226664	2.89e-53	25.145	BtuB	Outer membrane cobalamin receptor protein BtuB	H	Coenzyme transport and metabolism
NODE_1897_length_29763_cov_18.599535_30	COG4206	226664	3.96e-28	44.681	BtuB	Outer membrane cobalamin receptor protein BtuB	H	Coenzyme transport and metabolism
NODE_1897_length_29763_cov_18.599535_31	COG1409	224327	2.94e-30	25.362	CpdA	3',5'-cyclic AMP phosphodiesterase CpdA	T	Signal transduction mechanisms
NODE_1897_length_29763_cov_18.599535_32	COG1051	223979	7.76e-17	33.582	YjhB	ADP-ribose pyrophosphatase YjhB, NUDIX family	F	Nucleotide transport and metabolism
NODE_1897_length_29763_cov_18.599535_33	COG3153	225695	1.41e-24	39.623	yhbS	Predicted N-acetyltransferase YhbS	R	General function prediction only
NODE_1897_length_29763_cov_18.599535_34	COG0590	223663	2.26e-40	42.336	TadA	tRNA(Arg) A34 adenosine deaminase TadA	J	Translation, ribosomal structure and biogenesis
NODE_1897_length_29763_cov_18.599535_36	COG2326	225207	3.99e-143	69.82	PPK2	Polyphosphate kinase 2, PPK2 family	C	Energy production and conversion
NODE_1897_length_29763_cov_18.599535_37	COG0104	223182	4.79e-16	62.162	PurA	Adenylosuccinate synthase	F	Nucleotide transport and metabolism
NODE_2252_length_27029_cov_19.241788_1	COG1914	224826	6.86e-35	50.556	MntH	Mn2+ or Fe2+ transporter, NRAMP family	P	Inorganic ion transport and metabolism
NODE_2252_length_27029_cov_19.241788_2	COG0300	223377	3.62e-82	38.61	YqjQ	Short-chain dehydrogenase	R	General function prediction only
NODE_2252_length_27029_cov_19.241788_4	COG3898	226414	4.28e-125	44.045	HemYx	Uncharacterized protein HemY, contains HemY_N domain and TPR repeats (unrelated to HemY-type protoporphyrinogen oxidase)	S	Function unknown
NODE_2252_length_27029_cov_19.241788_5	COG4223	226676	8.26e-16	34.021		Uncharacterized conserved protein	S	Function unknown
NODE_2252_length_27029_cov_19.241788_6	COG1587	224503	1.42e-27	27.801	HemD	Uroporphyrinogen-III synthase	H	Coenzyme transport and metabolism
NODE_2252_length_27029_cov_19.241788_7	COG0181	223259	1.33e-141	53.311	HemC	Porphobilinogen deaminase	H	Coenzyme transport and metabolism
NODE_2252_length_27029_cov_19.241788_8	COG0533	223607	3.89e-164	51.873	TsaD	tRNA A37 threonylcarbamoyltransferase TsaD	J	Translation, ribosomal structure and biogenesis
NODE_2252_length_27029_cov_19.241788_9	COG0240	223318	1.09e-142	50.153	GpsA	Glycerol-3-phosphate dehydrogenase	C	Energy production and conversion
NODE_2252_length_27029_cov_19.241788_11	COG1232	224153	2.03e-88	26.696	HemY	Protoporphyrinogen oxidase HemY/PPOX	H	Coenzyme transport and metabolism
NODE_2252_length_27029_cov_19.241788_12	COG2246	225155	0.005	22.308	GtrA	Putative flippase GtrA (transmembrane translocase of bactoprenol-linked glucose)	I	Lipid transport and metabolism
NODE_2252_length_27029_cov_19.241788_13	COG2947	225498	3.02e-64	54.487	EVE	Predicted RNA-binding protein, contains EVE domain	R	General function prediction only
NODE_2252_length_27029_cov_19.241788_14	COG3897	226413	5.16e-74	55.869	Nnt1	Protein N-terminal and lysine N-methylase, NNT1/EFM7 family	O	Posttranslational modification, protein turnover, chaperones
NODE_2252_length_27029_cov_19.241788_15	COG3008	225553	0.000697	30.769	PqiB	Intermembrane transporter PqiABC subunit PqiB	M	Cell wall/membrane/envelope biogenesis
NODE_2252_length_27029_cov_19.241788_16	COG0365	223442	0.0	44.149	Acs	Acyl-coenzyme A synthetase/AMP-(fatty) acid ligase	I	Lipid transport and metabolism
NODE_2252_length_27029_cov_19.241788_17	COG4731	227074	6.85e-20	31.707		Uncharacterized conserved protein, DUF2147 family	S	Function unknown
NODE_2252_length_27029_cov_19.241788_18	COG3921	226435	6.45e-40	39.103		Uncharacterized conserved protein, contains Extensin-like_C domain	S	Function unknown
NODE_2252_length_27029_cov_19.241788_19	COG5508	227795	1.1e-14	53.704		Uncharacterized conserved protein, DUF1674 domain	S	Function unknown
NODE_2252_length_27029_cov_19.241788_20	COG0501	223575	4.68e-62	35.274	HtpX	Zn-dependent protease with chaperone function	O	Posttranslational modification, protein turnover, chaperones
NODE_2252_length_27029_cov_19.241788_21	COG0144	223222	3.59e-101	39.722	RsmB	16S rRNA C967 or C1407 C5-methylase, RsmB/RsmF family	J	Translation, ribosomal structure and biogenesis
NODE_2252_length_27029_cov_19.241788_22	COG5360	227658	1.77e-124	38.722		Uncharacterized conserved protein, heparinase superfamily	R	General function prediction only
NODE_2252_length_27029_cov_19.241788_23	COG0138	223216	0.0	63.098	PurH	AICAR transformylase/IMP cyclohydrolase PurH	F	Nucleotide transport and metabolism
NODE_2252_length_27029_cov_19.241788_24	COG0456	223532	1.05e-05	24.0	RimI	Ribosomal protein S18 acetylase RimI and related acetyltransferases	J	Translation, ribosomal structure and biogenesis
NODE_2325_length_26528_cov_17.225739_1	COG0554	223628	0.0	59.026	GlpK	Glycerol kinase	C	Energy production and conversion
NODE_2325_length_26528_cov_17.225739_3	COG2193	225104	1.05e-76	56.051	Bfr	Bacterioferritin (cytochrome b1)	P	Inorganic ion transport and metabolism
NODE_2325_length_26528_cov_17.225739_5	COG1959	224870	3.2e-34	35.461	IscR	DNA-binding transcriptional regulator, IscR family	K	Transcription
NODE_2325_length_26528_cov_17.225739_8	COG0577	223650	4.81e-12	18.377	SalY	ABC-type antimicrobial peptide transport system, permease component	V	Defense mechanisms
NODE_2325_length_26528_cov_17.225739_9	COG1136	224059	2.3e-104	44.444	LolD	ABC-type lipoprotein export system, ATPase component	M	Cell wall/membrane/envelope biogenesis
NODE_2325_length_26528_cov_17.225739_10	COG1566	224482	2.77e-24	26.383	EmrA	Multidrug resistance efflux pump EmrA	V	Defense mechanisms
NODE_2325_length_26528_cov_17.225739_11	COG0040	223118	1.19e-59	38.053	HisG	ATP phosphoribosyltransferase	E	Amino acid transport and metabolism
NODE_2325_length_26528_cov_17.225739_12	COG3705	226228	1.63e-50	34.015	HisZ	ATP phosphoribosyltransferase regulatory subunit HisZ	E	Amino acid transport and metabolism
NODE_2325_length_26528_cov_17.225739_15	COG4782	227121	7.54e-60	30.841		Esterase/lipase superfamily enzyme	R	General function prediction only
NODE_2325_length_26528_cov_17.225739_16	COG1703	224617	7.15e-136	52.308	ArgK	GTPase of the G3E family (not a periplasmic protein kinase)	O	Posttranslational modification, protein turnover, chaperones
NODE_2325_length_26528_cov_17.225739_17	COG2039	224950	5.73e-24	30.588	Pcp	Pyrrolidone-carboxylate peptidase (N-terminal pyroglutamyl peptidase)	O	Posttranslational modification, protein turnover, chaperones
NODE_2325_length_26528_cov_17.225739_19	COG4448	226856	4.22e-114	47.59	AnsA2	L-asparaginase II	E	Amino acid transport and metabolism
NODE_2325_length_26528_cov_17.225739_23	COG1752	224666	6.62e-32	28.231	RssA	Predicted acylesterase/phospholipase RssA, containd patatin domain	R	General function prediction only
NODE_2325_length_26528_cov_17.225739_24	COG2076	224987	1.33e-29	43.269	EmrE	Multidrug transporter EmrE and related cation transporters	V	Defense mechanisms
NODE_2325_length_26528_cov_17.225739_25	COG1186	224107	2.71e-35	32.308	PrfB	Protein chain release factor PrfB	J	Translation, ribosomal structure and biogenesis
NODE_2325_length_26528_cov_17.225739_26	COG1233	224154	1.66e-102	31.818		Phytoene dehydrogenase-related protein	Q	Secondary metabolites biosynthesis, transport and catabolism
NODE_2330_length_26499_cov_18.735365_1	COG0271	223349	1.99e-29	49.412	BolA	DNA-binding global transcriptional regulator BolA, affects cell shape, cell division and biofilm formation	K	Transcription
NODE_2330_length_26499_cov_18.735365_2	COG0484	223560	2.21e-08	38.0	DnaJ	DnaJ-class molecular chaperone with C-terminal Zn finger domain	O	Posttranslational modification, protein turnover, chaperones
NODE_2330_length_26499_cov_18.735365_3	COG0714	223786	2.01e-52	18.987	MoxR	MoxR-like ATPase	R	General function prediction only
NODE_2330_length_26499_cov_18.735365_4	COG4547	226920	0.0	59.574	CobT2	Cobalamin biosynthesis cobaltochelatase CobT subunit	H	Coenzyme transport and metabolism
NODE_2330_length_26499_cov_18.735365_5	COG4246	226697	1.23e-44	33.585		Uncharacterized conserved protein, contains a phytase-like domain	S	Function unknown
NODE_2330_length_26499_cov_18.735365_6	COG4246	226697	3.49e-12	52.083		Uncharacterized conserved protein, contains a phytase-like domain	S	Function unknown
NODE_2330_length_26499_cov_18.735365_7	COG0227	223305	1.39e-26	52.778	RpmB	Ribosomal protein L28	J	Translation, ribosomal structure and biogenesis
NODE_2330_length_26499_cov_18.735365_9	COG4581	226947	2.86e-11	37.079	Dob10	Superfamily II RNA helicase	L	Replication, recombination and repair
NODE_2330_length_26499_cov_18.735365_10	COG1188	224109	2.69e-27	40.449	HslR	Ribosomal 50S subunit-recycling heat shock protein, contains S4 domain	J	Translation, ribosomal structure and biogenesis
NODE_2330_length_26499_cov_18.735365_11	COG1146	224069	1.57e-14	44.286	PreA	NAD-dependent dihydropyrimidine dehydrogenase, PreA subunit	F	Nucleotide transport and metabolism
NODE_2330_length_26499_cov_18.735365_12	COG1329	224248	3.12e-68	46.061	CdnL	RNA polymerase-interacting regulator, CarD/CdnL/TRCF family	K	Transcription
NODE_2330_length_26499_cov_18.735365_13	COG1525	224442	3.09e-12	31.655	YncB	Endonuclease YncB, thermonuclease family	L	Replication, recombination and repair
NODE_2330_length_26499_cov_18.735365_14	COG2931	225483	0.000818	25.926		Ca2+-binding protein, RTX toxin-related	Q	Secondary metabolites biosynthesis, transport and catabolism
NODE_2330_length_26499_cov_18.735365_15	COG0845	223914	2.15e-43	31.606	AcrA	Multidrug efflux pump subunit AcrA (membrane-fusion protein)	M	Cell wall/membrane/envelope biogenesis
NODE_2330_length_26499_cov_18.735365_16	COG0841	223911	0.0	45.648	AcrB	Multidrug efflux pump subunit AcrB	V	Defense mechanisms
NODE_2330_length_26499_cov_18.735365_21	COG3311	225848	9.63e-07	39.474	AlpA	DNA-binding transcriptional regulator AlpA	K	Transcription
NODE_2330_length_26499_cov_18.735365_24	COG4974	227308	1.92e-05	28.866	XerD	Site-specific recombinase XerD	L	Replication, recombination and repair
NODE_2347_length_26420_cov_19.113560_1	COG0583	223656	7.03e-41	32.677	LysR	DNA-binding transcriptional regulator, LysR family	K	Transcription
NODE_2347_length_26420_cov_19.113560_2	COG4689	227033	2.74e-104	55.932	Adc	Acetoacetate decarboxylase	Q	Secondary metabolites biosynthesis, transport and catabolism
NODE_2347_length_26420_cov_19.113560_3	COG0598	223671	7.58e-75	34.579	CorA	Mg2+ and Co2+ transporter CorA	P	Inorganic ion transport and metabolism
NODE_2347_length_26420_cov_19.113560_4	COG0388	223465	8.65e-66	36.268	Nit2	Omega-amidase YafV/Nit2, hydrolyzes alpha-ketoglutaramate	C	Energy production and conversion
NODE_2347_length_26420_cov_19.113560_5	COG2957	225505	6.34e-116	43.881	AguA	Agmatine/peptidylarginine deiminase	E	Amino acid transport and metabolism
NODE_2347_length_26420_cov_19.113560_6	COG2217	225127	0.0	51.156	ZntA	Cation-transporting P-type ATPase	P	Inorganic ion transport and metabolism
NODE_2347_length_26420_cov_19.113560_7	COG0796	223867	2.31e-54	27.941	MurI	Glutamate racemase	M	Cell wall/membrane/envelope biogenesis
NODE_2347_length_26420_cov_19.113560_8	COG0623	223696	6.86e-136	54.475	FabI	Enoyl-[acyl-carrier-protein] reductase FabI	I	Lipid transport and metabolism
NODE_2347_length_26420_cov_19.113560_9	COG0304	223381	1.59e-167	43.855	FabB	3-oxoacyl-(acyl-carrier-protein) synthase	I	Lipid transport and metabolism
NODE_2347_length_26420_cov_19.113560_10	COG0764	223835	1.02e-46	33.951	FabA	3-hydroxymyristoyl/3-hydroxydecanoyl-(acyl carrier protein) dehydratase	I	Lipid transport and metabolism
NODE_2347_length_26420_cov_19.113560_11	COG0735	223806	4.8e-32	30.709	Fur	Fe2+ or Zn2+ uptake regulation protein Fur/Zur	P	Inorganic ion transport and metabolism
NODE_2347_length_26420_cov_19.113560_12	COG3807	226329	2.57e-57	48.649	SH3	SH3-like domain	S	Function unknown
NODE_2347_length_26420_cov_19.113560_13	COG1052	223980	4.29e-129	46.626	LdhA	Lactate dehydrogenase or related 2-hydroxyacid dehydrogenase	C	Energy production and conversion
NODE_2347_length_26420_cov_19.113560_15	COG0476	223552	9.55e-90	52.381	ThiF	Molybdopterin or thiamine biosynthesis adenylyltransferase	H	Coenzyme transport and metabolism
NODE_2347_length_26420_cov_19.113560_17	COG0031	223110	1.49e-136	57.237	CysK	Cysteine synthase	E	Amino acid transport and metabolism
NODE_2347_length_26420_cov_19.113560_18	COG0756	223827	8.36e-67	62.044	Dut	dUTP pyrophosphatase (dUTPase)	F	Nucleotide transport and metabolism
NODE_2347_length_26420_cov_19.113560_19	COG0452	223529	2.76e-139	49.63	CoaBC	Phosphopantothenoylcysteine synthetase/decarboxylase CoaBC	H	Coenzyme transport and metabolism
NODE_2347_length_26420_cov_19.113560_20	COG0457	223533	4.08e-08	31.373	TPR	Tetratricopeptide (TPR) repeat	R	General function prediction only
NODE_2347_length_26420_cov_19.113560_21	COG4327	226777	2.68e-07	33.898		Uncharacterized membrane protein, DUF4212 domain	S	Function unknown
NODE_2347_length_26420_cov_19.113560_22	COG4147	226627	3.86e-23	25.72	ActP	Na+(or H+)/acetate symporter ActP	C	Energy production and conversion
NODE_2347_length_26420_cov_19.113560_23	COG0578	223651	2.61e-166	49.367	GlpA	Glycerol-3-phosphate dehydrogenase	C	Energy production and conversion
NODE_2347_length_26420_cov_19.113560_24	COG2982	225529	6.84e-14	17.0	AsmA	Uncharacterized conserved protein AsmA involved in outer membrane biogenesis	M	Cell wall/membrane/envelope biogenesis
NODE_2400_length_26045_cov_19.250943_2	COG0556	223630	0.0	65.309	UvrB	Excinuclease UvrABC helicase subunit UvrB	L	Replication, recombination and repair
NODE_2400_length_26045_cov_19.250943_4	COG2353	225228	4.02e-26	29.677	YceI	Polyisoprenoid-binding periplasmic protein YceI	R	General function prediction only
NODE_2400_length_26045_cov_19.250943_5	COG2353	225228	6.3e-61	49.405	YceI	Polyisoprenoid-binding periplasmic protein YceI	R	General function prediction only
NODE_2400_length_26045_cov_19.250943_7	COG1331	224250	1.86e-71	26.636	YyaL	Uncharacterized conserved protein YyaL, SSP411 family, contains thoiredoxin and six-hairpin glycosidase-like domains	R	General function prediction only
NODE_2400_length_26045_cov_19.250943_8	COG5001	227334	1.72e-124	41.121		Cyclic di-GMP metabolism protein, combines GGDEF and EAL domains with a 6TM membrane domain	T	Signal transduction mechanisms
NODE_2400_length_26045_cov_19.250943_10	COG2020	224931	5.16e-05	21.818	STE14	Protein-S-isoprenylcysteine O-methyltransferase Ste14	O	Posttranslational modification, protein turnover, chaperones
NODE_2400_length_26045_cov_19.250943_12	COG3485	226016	4.15e-47	39.474	PcaH	Protocatechuate 3,4-dioxygenase beta subunit	Q	Secondary metabolites biosynthesis, transport and catabolism
NODE_2400_length_26045_cov_19.250943_13	COG3169	225710	2.21e-49	61.207		Uncharacterized membrane protein, DMT/DUF486 family	S	Function unknown
NODE_2400_length_26045_cov_19.250943_15	COG1028	223959	2.47e-43	39.604	FabG	NAD(P)-dependent dehydrogenase, short-chain alcohol dehydrogenase family	I	Lipid transport and metabolism
NODE_2400_length_26045_cov_19.250943_19	COG0436	223513	7.34e-163	45.567	AspB	Aspartate/methionine/tyrosine aminotransferase	E	Amino acid transport and metabolism
NODE_2400_length_26045_cov_19.250943_21	COG0480	223556	0.0	37.591	FusA	Translation elongation factor EF-G, a GTPase	J	Translation, ribosomal structure and biogenesis
NODE_2400_length_26045_cov_19.250943_22	COG0239	223317	3.58e-34	44.715	CrcB	Fluoride ion exporter CrcB/FEX, affects chromosome condensation	D	Cell cycle control, cell division, chromosome partitioning
NODE_2400_length_26045_cov_19.250943_23	COG1993	224904	4.7e-42	53.846		PII-like signaling protein	T	Signal transduction mechanisms
NODE_2400_length_26045_cov_19.250943_24	COG3670	226196	2.09e-99	32.377		Carotenoid cleavage dioxygenase or a related enzyme	Q	Secondary metabolites biosynthesis, transport and catabolism
NODE_2400_length_26045_cov_19.250943_25	COG0753	223824	3.73e-47	31.208	KatE	Catalase	P	Inorganic ion transport and metabolism
NODE_2400_length_26045_cov_19.250943_26	COG0229	223307	2.1e-80	51.145	MsrB	Peptide methionine sulfoxide reductase MsrB	O	Posttranslational modification, protein turnover, chaperones
NODE_2400_length_26045_cov_19.250943_27	COG1489	224406	4.34e-102	52.119	SfsA	DNA-binding protein, stimulates sugar fermentation	G	Carbohydrate transport and metabolism
NODE_2400_length_26045_cov_19.250943_28	COG1058	223986	3.62e-67	41.52	CinA	ADP-ribose pyrophosphatase domain of DNA damage- and competence-inducible protein CinA	L	Replication, recombination and repair
NODE_2505_length_25425_cov_18.532795_1	COG3236	225776	6.88e-21	33.117	RibX	N-glycosidase YbiA/RibX (riboflavin biosynthesis, damage control), NADAR superfamily	H	Coenzyme transport and metabolism
NODE_2505_length_25425_cov_18.532795_3	COG2091	225002	2.76e-16	25.85	Sfp	Phosphopantetheinyl transferase	H	Coenzyme transport and metabolism
NODE_2505_length_25425_cov_18.532795_4	COG0789	223860	9.38e-17	30.12	SoxR	DNA-binding transcriptional regulator, MerR family	K	Transcription
NODE_2505_length_25425_cov_18.532795_5	COG0776	223847	8.3e-34	40.86	HimA	Bacterial nucleoid DNA-binding protein IHF-alpha	L	Replication, recombination and repair
NODE_2505_length_25425_cov_18.532795_6	COG0332	223409	1.04e-157	57.055	FabH	3-oxoacyl-[acyl-carrier-protein] synthase III	I	Lipid transport and metabolism
NODE_2505_length_25425_cov_18.532795_7	COG0416	223493	4.94e-153	46.726	PlsX	Acyl-ACP:phosphate acyltransferase (fatty acid/phospholipid biosynthesis)	I	Lipid transport and metabolism
NODE_2505_length_25425_cov_18.532795_9	COG5452	227739	6.76e-45	41.667		Uncharacterized conserved protein	S	Function unknown
NODE_2505_length_25425_cov_18.532795_10	COG2913	225465	1.4e-23	33.333	BamE	Outer membrane protein assembly factor BamE, lipoprotein component of the BamABCDE complex	M	Cell wall/membrane/envelope biogenesis
NODE_2505_length_25425_cov_18.532795_11	COG3808	226330	0.0	66.339	OVP1	Na+ or H+-translocating membrane pyrophosphatase	C	Energy production and conversion
NODE_2505_length_25425_cov_18.532795_13	COG5403	227690	5.61e-13	24.473		Uncharacterized conserved protein, DUF937 domain	S	Function unknown
NODE_2505_length_25425_cov_18.532795_15	COG4929	227266	6.84e-12	29.67		Uncharacterized membrane-anchored protein	S	Function unknown
NODE_2505_length_25425_cov_18.532795_16	COG4872	227209	3.55e-42	23.575		Uncharacterized membrane protein	S	Function unknown
NODE_2505_length_25425_cov_18.532795_17	COG1206	224127	0.0	57.94	TrmFO	Folate-dependent tRNA-U54 methylase TrmFO/GidA	J	Translation, ribosomal structure and biogenesis
NODE_2505_length_25425_cov_18.532795_19	COG1562	224478	1.06e-19	30.279	ERG9	Phytoene/squalene synthetase	I	Lipid transport and metabolism
NODE_2505_length_25425_cov_18.532795_20	COG3737	226260	1.27e-46	53.782		Uncharacterized protein, contains Mth938-like domain	S	Function unknown
NODE_2505_length_25425_cov_18.532795_21	COG0341	223418	9.6e-122	51.361	SecF	Preprotein translocase subunit SecF	U	Intracellular trafficking, secretion, and vesicular transport
NODE_2505_length_25425_cov_18.532795_22	COG0342	223419	0.0	45.131	SecD	Preprotein translocase subunit SecD	U	Intracellular trafficking, secretion, and vesicular transport
NODE_2505_length_25425_cov_18.532795_23	COG1862	224775	4.8e-27	39.785	YajC	Protein translocase subunit YajC	U	Intracellular trafficking, secretion, and vesicular transport
NODE_2505_length_25425_cov_18.532795_24	COG2607	225327	3.26e-143	55.185	Atu1564	Predicted ATPase, AAA+ superfamily	R	General function prediction only
NODE_2505_length_25425_cov_18.532795_27	COG0739	223810	7.76e-41	30.943	NlpD	Murein DD-endopeptidase MepM and murein hydrolase activator NlpD, contains LysM domain	M	Cell wall/membrane/envelope biogenesis
NODE_2602_length_24904_cov_17.269669_2	COG0114	223192	0.0	68.478	FumC	Fumarate hydratase class II	C	Energy production and conversion
NODE_2602_length_24904_cov_17.269669_4	COG4321	226771	5.11e-18	53.968		Predicted DNA-binding protein, contains ribbon-helix-helix (RHH) domain	R	General function prediction only
NODE_2602_length_24904_cov_17.269669_5	COG2982	225529	1.01e-09	20.601	AsmA	Uncharacterized conserved protein AsmA involved in outer membrane biogenesis	M	Cell wall/membrane/envelope biogenesis
NODE_2602_length_24904_cov_17.269669_6	COG0210	223288	0.0	46.462	UvrD	Superfamily I DNA or RNA helicase	L	Replication, recombination and repair
NODE_2602_length_24904_cov_17.269669_8	COG2518	225316	8.05e-88	57.527	Pcm	Protein-L-isoaspartate O-methyltransferase	O	Posttranslational modification, protein turnover, chaperones
NODE_2602_length_24904_cov_17.269669_11	COG2264	225173	5.39e-40	33.466	PrmA	Ribosomal protein L11 methylase PrmA	J	Translation, ribosomal structure and biogenesis
NODE_2602_length_24904_cov_17.269669_12	COG0006	223085	7.11e-83	31.5	PepP	Xaa-Pro aminopeptidase	E	Amino acid transport and metabolism
NODE_2602_length_24904_cov_17.269669_14	COG0272	223350	0.0	55.7	Lig	NAD-dependent DNA ligase	L	Replication, recombination and repair
NODE_2602_length_24904_cov_17.269669_15	COG4105	226590	7.13e-86	41.767	BamD	Outer membrane protein assembly factor BamD, BamD/ComL family	M	Cell wall/membrane/envelope biogenesis
NODE_2602_length_24904_cov_17.269669_16	COG0774	223845	5.48e-143	49.829	LpxC	UDP-3-O-acyl-N-acetylglucosamine deacetylase	M	Cell wall/membrane/envelope biogenesis
NODE_2602_length_24904_cov_17.269669_17	COG0206	223284	2.12e-114	56.818	FtsZ	Cell division GTPase FtsZ	D	Cell cycle control, cell division, chromosome partitioning
NODE_2602_length_24904_cov_17.269669_18	COG0849	223918	4.32e-56	36.842	FtsA	Cell division ATPase FtsA	D	Cell cycle control, cell division, chromosome partitioning
NODE_2626_length_24720_cov_20.855544_1	COG2764	225356	3.21e-31	38.806	PhnB	Zn-dependent glyoxalase, PhnB family	C	Energy production and conversion
NODE_2626_length_24720_cov_20.855544_2	COG2226	225136	4.11e-14	28.485	UbiE	Ubiquinone/menaquinone biosynthesis C-methylase UbiE/MenG	H	Coenzyme transport and metabolism
NODE_2626_length_24720_cov_20.855544_3	COG1942	224853	8.9e-12	32.258	PptA	Phenylpyruvate tautomerase PptA, 4-oxalocrotonate tautomerase family	Q	Secondary metabolites biosynthesis, transport and catabolism
NODE_2626_length_24720_cov_20.855544_4	COG1733	224647	4.21e-33	47.917	HxlR	DNA-binding transcriptional regulator, HxlR family	K	Transcription
NODE_2626_length_24720_cov_20.855544_5	COG3813	226334	1e-28	57.303		Uncharacterized conserved protein, DUF1272 domain	S	Function unknown
NODE_2626_length_24720_cov_20.855544_7	COG2863	225418	5.96e-16	35.294	CytC553	Cytochrome c553	C	Energy production and conversion
NODE_2626_length_24720_cov_20.855544_8	COG1960	224871	3.89e-56	28.426	CaiA	Acyl-CoA dehydrogenase related to the alkylation response protein AidB	I	Lipid transport and metabolism
NODE_2626_length_24720_cov_20.855544_9	COG1250	224170	7.04e-87	45.196	FadB	3-hydroxyacyl-CoA dehydrogenase	I	Lipid transport and metabolism
NODE_2626_length_24720_cov_20.855544_10	COG2852	225408	3.05e-25	55.556	YcjD	Very-short-patch-repair endonuclease	L	Replication, recombination and repair
NODE_2626_length_24720_cov_20.855544_11	COG0183	223261	6.49e-72	29.493	PaaJ	Acetyl-CoA acetyltransferase	I	Lipid transport and metabolism
NODE_2626_length_24720_cov_20.855544_12	COG2230	225139	1.52e-105	45.205	Cfa	Cyclopropane fatty-acyl-phospholipid synthase and related methyltransferases	I	Lipid transport and metabolism
NODE_2626_length_24720_cov_20.855544_14	COG0318	223395	8.75e-156	38.448	MenE/FadK	O-succinylbenzoic acid-CoA ligase MenE or related acyl-CoA synthetase (AMP-forming)	I	Lipid transport and metabolism
NODE_2626_length_24720_cov_20.855544_15	COG0236	223314	6.11e-10	33.75	AcpP	Acyl carrier protein	I	Lipid transport and metabolism
NODE_2626_length_24720_cov_20.855544_16	COG0304	223381	4.65e-140	44.389	FabB	3-oxoacyl-(acyl-carrier-protein) synthase	I	Lipid transport and metabolism
NODE_2626_length_24720_cov_20.855544_17	COG2164	225075	7.02e-22	33.058		Uncharacterized protein with cyclophilin fold, contains DUF369 domain	R	General function prediction only
NODE_2626_length_24720_cov_20.855544_19	COG2968	225516	1.16e-66	41.25	YggE	Uncharacterized conserved protein YggE, contains kinase-interacting SIMPL domain	S	Function unknown
NODE_2626_length_24720_cov_20.855544_20	COG0388	223465	1.94e-36	27.397	Nit2	Omega-amidase YafV/Nit2, hydrolyzes alpha-ketoglutaramate	C	Energy production and conversion
NODE_2626_length_24720_cov_20.855544_21	COG0012	223091	0.002	29.091	GTP1	Ribosome-binding ATPase YchF, GTP1/OBG family	J	Translation, ribosomal structure and biogenesis
NODE_2626_length_24720_cov_20.855544_22	COG0853	223922	2.3e-58	57.265	PanD	Aspartate 1-decarboxylase	H	Coenzyme transport and metabolism
NODE_2626_length_24720_cov_20.855544_23	COG3631	226158	3.29e-07	24.615	YesE	Ketosteroid isomerase-related protein	R	General function prediction only
NODE_2626_length_24720_cov_20.855544_26	COG0647	223720	1.83e-62	32.046	NagD	Ribonucleotide monophosphatase NagD, HAD superfamily	F	Nucleotide transport and metabolism
NODE_2761_length_23931_cov_18.993927_5	COG4123	226608	0.001	25.472	TrmN6	tRNA1(Val) A37 N6-methylase TrmN6	J	Translation, ribosomal structure and biogenesis
NODE_2761_length_23931_cov_18.993927_9	COG2390	225263	0.005	45.946	DeoR	DNA-binding transcriptional regulator LsrR, DeoR family	K	Transcription
NODE_2761_length_23931_cov_18.993927_10	COG0531	223605	0.001	34.615	PotE	Serine transporter YbeC, amino acid:H+ symporter family	E	Amino acid transport and metabolism
NODE_2761_length_23931_cov_18.993927_11	COG0810	223880	0.002	43.75	TonB	Periplasmic protein TonB, links inner and outer membranes	M	Cell wall/membrane/envelope biogenesis
NODE_2761_length_23931_cov_18.993927_15	COG0007	223086	6.06e-80	45.968	CysG	Uroporphyrinogen-III methylase (siroheme synthase)	H	Coenzyme transport and metabolism
NODE_2761_length_23931_cov_18.993927_16	COG0243	223321	0.0	33.737	BisC	Anaerobic selenocysteine-containing dehydrogenase	C	Energy production and conversion
NODE_2761_length_23931_cov_18.993927_17	COG2146	225057	4.02e-38	41.584	NirD	Ferredoxin subunit of nitrite reductase or a ring-hydroxylating dioxygenase	P	Inorganic ion transport and metabolism
NODE_2761_length_23931_cov_18.993927_18	COG1251	224171	0.0	58.488	NirB	NAD(P)H-nitrite reductase, large subunit	C	Energy production and conversion
NODE_2761_length_23931_cov_18.993927_19	COG2223	225133	1.04e-103	39.762	NarK	Nitrate/nitrite transporter NarK	P	Inorganic ion transport and metabolism
NODE_2761_length_23931_cov_18.993927_20	COG0715	223787	8.33e-49	27.761	TauA	ABC-type nitrate/sulfonate/bicarbonate transport system, periplasmic component	P	Inorganic ion transport and metabolism
NODE_2761_length_23931_cov_18.993927_21	COG3707	226230	7.22e-70	46.032	AmiR	Two-component response regulator, AmiR/NasT family, consists of REC and RNA-binding antiterminator (ANTAR) domains	T	Signal transduction mechanisms
NODE_2761_length_23931_cov_18.993927_22	COG1613	224529	3.15e-13	43.59	Sbp	ABC-type sulfate transport system, periplasmic component	P	Inorganic ion transport and metabolism
NODE_2761_length_23931_cov_18.993927_23	COG4961	227296	8.17e-11	20.312	TadG	Flp pilus assembly protein TadG, includes N-terminal TadE domain	U	Intracellular trafficking, secretion, and vesicular transport
NODE_2761_length_23931_cov_18.993927_24	COG2261	225170	1.67e-05	49.057	YeaQ	Uncharacterized membrane protein YeaQ/YmgE, transglycosylase-associated protein family	R	General function prediction only
NODE_2761_length_23931_cov_18.993927_25	COG1793	224706	6.11e-99	30.146	CDC9	ATP-dependent DNA ligase	L	Replication, recombination and repair
NODE_2761_length_23931_cov_18.993927_26	COG1236	224157	3.61e-60	25.062	YSH1	RNA processing exonuclease, beta-lactamase fold, Cft2 family	J	Translation, ribosomal structure and biogenesis
NODE_2981_length_22895_cov_18.556217_2	COG0664	223736	8.44e-22	25.683	Crp	cAMP-binding domain of CRP or a regulatory subunit of cAMP-dependent protein kinases	T	Signal transduction mechanisms
NODE_2981_length_22895_cov_18.556217_3	COG5496	227783	2.26e-30	42.735		Predicted thioesterase	R	General function prediction only
NODE_2981_length_22895_cov_18.556217_4	COG0726	223798	1.89e-38	34.597	CDA1	Peptidoglycan/xylan/chitin deacetylase, PgdA/NodB/CDA1 family	G	Carbohydrate transport and metabolism
NODE_2981_length_22895_cov_18.556217_5	COG5400	227687	1.21e-68	45.098		Uncharacterized conserved protein	S	Function unknown
NODE_2981_length_22895_cov_18.556217_6	COG1376	224294	5.05e-13	26.277	ErfK	Lipoprotein-anchoring transpeptidase ErfK/SrfK	M	Cell wall/membrane/envelope biogenesis
NODE_2981_length_22895_cov_18.556217_7	COG0457	223533	9.13e-17	25.0	TPR	Tetratricopeptide (TPR) repeat	R	General function prediction only
NODE_2981_length_22895_cov_18.556217_8	COG0063	223141	1.28e-66	39.286	Nnr2	NAD(P)H-hydrate repair enzyme Nnr, NAD(P)H-hydrate dehydratase domain	F	Nucleotide transport and metabolism
NODE_2981_length_22895_cov_18.556217_9	COG0347	223424	1.19e-56	70.536	GlnK	Nitrogen regulatory protein PII	T	Signal transduction mechanisms
NODE_2981_length_22895_cov_18.556217_10	COG0174	223252	0.0	46.285	GlnA	Glutamine synthetase	E	Amino acid transport and metabolism
NODE_2981_length_22895_cov_18.556217_12	COG4982	227315	0.002	28.049	FabG2	3-oxoacyl-ACP reductase domain of yeast-type fatty acid synthase FAS1	I	Lipid transport and metabolism
NODE_2981_length_22895_cov_18.556217_17	COG0079	223157	2.93e-83	34.795	HisC	Histidinol-phosphate/aromatic aminotransferase or cobyric acid decarboxylase	E	Amino acid transport and metabolism
NODE_2981_length_22895_cov_18.556217_18	COG5458	227745	7.54e-57	51.034		Uncharacterized conserved protein, DUF1489 domain	S	Function unknown
NODE_2981_length_22895_cov_18.556217_21	COG2020	224931	1.75e-18	32.143	STE14	Protein-S-isoprenylcysteine O-methyltransferase Ste14	O	Posttranslational modification, protein turnover, chaperones
NODE_2981_length_22895_cov_18.556217_24	COG0456	223532	5.66e-07	21.277	RimI	Ribosomal protein S18 acetylase RimI and related acetyltransferases	J	Translation, ribosomal structure and biogenesis
NODE_2981_length_22895_cov_18.556217_25	COG2239	225148	5.62e-126	43.349	MgtE	Mg/Co/Ni transporter MgtE (contains CBS domain)	P	Inorganic ion transport and metabolism
NODE_2981_length_22895_cov_18.556217_26	COG0726	223798	6.59e-30	30.481	CDA1	Peptidoglycan/xylan/chitin deacetylase, PgdA/NodB/CDA1 family	G	Carbohydrate transport and metabolism
NODE_2990_length_22852_cov_20.103522_1	COG0013	223092	0.0	54.115	AlaS	Alanyl-tRNA synthetase	J	Translation, ribosomal structure and biogenesis
NODE_2990_length_22852_cov_20.103522_2	COG0475	223551	6.65e-70	35.523	KefB	Kef-type K+ transport system, membrane component KefB	P	Inorganic ion transport and metabolism
NODE_2990_length_22852_cov_20.103522_4	COG0538	223612	3.11e-174	31.829	Icd	Isocitrate dehydrogenase	C	Energy production and conversion
NODE_2990_length_22852_cov_20.103522_5	COG0565	223639	1.65e-77	39.382	TrmJ	tRNA C32,U32 (ribose-2'-O)-methylase TrmJ or a related methyltransferase	J	Translation, ribosomal structure and biogenesis
NODE_2990_length_22852_cov_20.103522_7	COG0522	223596	3.26e-79	45.673	RpsD	Ribosomal protein S4 or related protein	J	Translation, ribosomal structure and biogenesis
NODE_2990_length_22852_cov_20.103522_8	COG5486	227773	1.2e-46	47.664		Predicted metal-binding membrane protein	S	Function unknown
NODE_2990_length_22852_cov_20.103522_9	COG5588	227875	7.53e-83	44.118		Uncharacterized conserved protein, DUF1326 domain	S	Function unknown
NODE_2990_length_22852_cov_20.103522_10	COG2995	225542	8.53e-14	21.725	PqiA	Intermembrane transporter PqiABC subunit PqiA	M	Cell wall/membrane/envelope biogenesis
NODE_2990_length_22852_cov_20.103522_11	COG0278	223355	6.75e-54	59.048	GrxD	Glutaredoxin-related protein	O	Posttranslational modification, protein turnover, chaperones
NODE_2990_length_22852_cov_20.103522_12	COG0271	223349	5.83e-27	39.286	BolA	DNA-binding global transcriptional regulator BolA, affects cell shape, cell division and biofilm formation	K	Transcription
NODE_2990_length_22852_cov_20.103522_13	COG0046	223124	0.0	50.75	PurL1	Phosphoribosylformylglycinamidine (FGAM) synthase, synthetase domain	F	Nucleotide transport and metabolism
NODE_2990_length_22852_cov_20.103522_14	COG1573	224489	2.91e-53	37.629	Udg4	Uracil-DNA glycosylase	L	Replication, recombination and repair
NODE_2990_length_22852_cov_20.103522_16	COG0047	223125	6.57e-124	54.783	PurL2	Phosphoribosylformylglycinamidine (FGAM) synthase, glutamine amidotransferase domain	F	Nucleotide transport and metabolism
NODE_2990_length_22852_cov_20.103522_17	COG1828	224741	2.09e-35	55.0	PurS	Phosphoribosylformylglycinamidine (FGAM) synthase, PurS subunit	F	Nucleotide transport and metabolism
NODE_2990_length_22852_cov_20.103522_18	COG0152	223230	3.66e-125	57.563	PurC	Phosphoribosylaminoimidazole-succinocarboxamide synthase	F	Nucleotide transport and metabolism
NODE_2990_length_22852_cov_20.103522_19	COG5467	227754	7.59e-34	58.491		Uncharacterized conserved protein, DUF1476 domain	S	Function unknown
NODE_2990_length_22852_cov_20.103522_20	COG3545	226075	8.56e-17	40.244	YdeN	Predicted esterase of the alpha/beta hydrolase fold	R	General function prediction only
NODE_2990_length_22852_cov_20.103522_21	COG0015	223094	0.0	49.087	PurB	Adenylosuccinate lyase	F	Nucleotide transport and metabolism
NODE_3048_length_22501_cov_18.007217_3	COG0776	223847	2.48e-25	41.111	HimA	Bacterial nucleoid DNA-binding protein IHF-alpha	L	Replication, recombination and repair
NODE_3048_length_22501_cov_18.007217_4	COG0824	223894	1.8e-31	36.296	FadM	Acyl-CoA thioesterase FadM	I	Lipid transport and metabolism
NODE_3048_length_22501_cov_18.007217_5	COG1408	224326	1.75e-63	35.424	YaeI	Predicted phosphohydrolase, MPP superfamily	R	General function prediction only
NODE_3048_length_22501_cov_18.007217_6	COG2255	225164	0.0	64.134	RuvB	Holliday junction resolvasome RuvABC, ATP-dependent DNA helicase subunit RuvB	L	Replication, recombination and repair
NODE_3048_length_22501_cov_18.007217_7	COG3548	226078	2.82e-24	26.286		Uncharacterized membrane protein	S	Function unknown
NODE_3048_length_22501_cov_18.007217_9	COG0793	223864	3.5e-51	26.7	CtpA	C-terminal processing protease CtpA/Prc, contains a PDZ domain	O	Posttranslational modification, protein turnover, chaperones
NODE_3048_length_22501_cov_18.007217_11	COG0632	223705	1.33e-65	44.335	RuvA	Holliday junction resolvasome RuvABC DNA-binding subunit	L	Replication, recombination and repair
NODE_3048_length_22501_cov_18.007217_12	COG0817	223887	1.52e-71	54.839	RuvC	Holliday junction resolvasome RuvABC endonuclease subunit RuvC	L	Replication, recombination and repair
NODE_3048_length_22501_cov_18.007217_13	COG1225	224146	1.6e-09	30.088	Bcp	Peroxiredoxin	O	Posttranslational modification, protein turnover, chaperones
NODE_3048_length_22501_cov_18.007217_14	COG0596	223669	7.2e-11	21.923	MenH	2-succinyl-6-hydroxy-2,4-cyclohexadiene-1-carboxylate synthase MenH and related esterases, alpha/beta hydrolase fold	H	Coenzyme transport and metabolism
NODE_3048_length_22501_cov_18.007217_16	COG0217	223295	4.63e-117	54.772	TACO1	Transcriptional and/or translational regulatory protein YebC/TACO1	K	Transcription
NODE_3048_length_22501_cov_18.007217_17	COG1692	224606	1.11e-137	57.778	YmdB	2',3'- and 3',5'-cNMP phosphodiesterase YmdB, calcineurin family	T	Signal transduction mechanisms
NODE_3048_length_22501_cov_18.007217_18	COG0212	223290	3.84e-47	37.113	FAU1	5-formyltetrahydrofolate cyclo-ligase	H	Coenzyme transport and metabolism
NODE_3048_length_22501_cov_18.007217_21	COG0057	223135	0.0	63.095	GapA	Glyceraldehyde-3-phosphate dehydrogenase/erythrose-4-phosphate dehydrogenase	G	Carbohydrate transport and metabolism
NODE_3048_length_22501_cov_18.007217_22	COG2102	225013	3.11e-31	34.742	Dph6	Diphthamide synthase (EF-2-diphthine--ammonia ligase)	J	Translation, ribosomal structure and biogenesis
NODE_3048_length_22501_cov_18.007217_23	COG0846	223915	9.38e-68	44.444	SIR2	NAD-dependent protein deacetylase, SIR2 family	O	Posttranslational modification, protein turnover, chaperones
NODE_3048_length_22501_cov_18.007217_24	COG3049	225591	9.23e-111	35.87	YxeI	Penicillin V acylase or related amidase, Ntn superfamily	M	Cell wall/membrane/envelope biogenesis
NODE_3048_length_22501_cov_18.007217_25	COG2265	225174	1.84e-92	33.333	TrmA	tRNA/tmRNA/rRNA uracil-C5-methylase, TrmA/RlmC/RlmD family	J	Translation, ribosomal structure and biogenesis
NODE_3048_length_22501_cov_18.007217_26	COG1189	224110	2.49e-97	47.755	YqxC	Predicted rRNA methylase YqxC, contains S4 and FtsJ domains	J	Translation, ribosomal structure and biogenesis
NODE_3105_length_22296_cov_19.196754_1	COG2204	225114	3.97e-21	48.485	AtoC	DNA-binding transcriptional response regulator, NtrC family, contains REC, AAA-type ATPase, and a Fis-type DNA-binding domains	T	Signal transduction mechanisms
NODE_3105_length_22296_cov_19.196754_2	COG0748	223819	8.95e-35	32.083	HugZ	Putative heme iron utilization protein, contains PNPOx domain	P	Inorganic ion transport and metabolism
NODE_3105_length_22296_cov_19.196754_3	COG0461	223537	2.64e-41	39.227	PyrE	Orotate phosphoribosyltransferase	F	Nucleotide transport and metabolism
NODE_3105_length_22296_cov_19.196754_4	COG1807	224720	3.4e-25	27.292	ArnT	PMT family glycosyltransferase ArnT/Agl22, involved in glycosylation of proteins and lipid IVA	M	Cell wall/membrane/envelope biogenesis
NODE_3105_length_22296_cov_19.196754_6	COG0518	223592	1.8e-47	35.567	GuaA1	GMP synthase, glutamine amidotransferase domain	F	Nucleotide transport and metabolism
NODE_3105_length_22296_cov_19.196754_7	COG0560	223634	3.61e-06	20.601	SerB	Phosphoserine phosphatase	E	Amino acid transport and metabolism
NODE_3105_length_22296_cov_19.196754_10	COG3920	226434	3.39e-46	30.18		Two-component sensor histidine kinase, HisKA and HATPase domains	T	Signal transduction mechanisms
NODE_3105_length_22296_cov_19.196754_12	COG0438	223515	9.23e-47	28.495	RfaB	Glycosyltransferase involved in cell wall bisynthesis	M	Cell wall/membrane/envelope biogenesis
NODE_3105_length_22296_cov_19.196754_13	COG2908	225460	1.71e-94	41.909	LpxH	UDP-2,3-diacylglucosamine pyrophosphatase LpxH	M	Cell wall/membrane/envelope biogenesis
NODE_3105_length_22296_cov_19.196754_14	COG0834	223904	4.32e-45	31.148	HisJ	ABC-type amino acid transport/signal transduction system, periplasmic component/domain	E	Amino acid transport and metabolism
NODE_3105_length_22296_cov_19.196754_16	COG1215	224136	1.55e-19	39.241	BcsA	Glycosyltransferase, catalytic subunit of cellulose synthase and poly-beta-1,6-N-acetylglucosamine synthase	N	Cell motility
NODE_3105_length_22296_cov_19.196754_18	COG3285	225823	6.83e-127	51.957	LigD	Eukaryotic-type DNA primase	L	Replication, recombination and repair
NODE_3105_length_22296_cov_19.196754_19	COG1793	224706	3.8e-91	34.949	CDC9	ATP-dependent DNA ligase	L	Replication, recombination and repair
NODE_3105_length_22296_cov_19.196754_20	COG2204	225114	2.56e-19	30.159	AtoC	DNA-binding transcriptional response regulator, NtrC family, contains REC, AAA-type ATPase, and a Fis-type DNA-binding domains	T	Signal transduction mechanisms
NODE_3105_length_22296_cov_19.196754_21	COG0262	223340	1.48e-15	24.862	FolA	Dihydrofolate reductase	H	Coenzyme transport and metabolism
NODE_3353_length_21230_cov_18.456576_3	COG1215	224136	4.18e-33	34.862	BcsA	Glycosyltransferase, catalytic subunit of cellulose synthase and poly-beta-1,6-N-acetylglucosamine synthase	N	Cell motility
NODE_3353_length_21230_cov_18.456576_5	COG1566	224482	6.52e-08	21.262	EmrA	Multidrug resistance efflux pump EmrA	V	Defense mechanisms
NODE_3353_length_21230_cov_18.456576_6	COG0468	223544	4.43e-124	66.784	RecA	RecA/RadA recombinase	L	Replication, recombination and repair
NODE_3353_length_21230_cov_18.456576_7	COG0810	223880	2.14e-08	41.935	TonB	Periplasmic protein TonB, links inner and outer membranes	M	Cell wall/membrane/envelope biogenesis
NODE_3353_length_21230_cov_18.456576_11	COG0642	223715	6.44e-45	34.553	BaeS	Signal transduction histidine kinase	T	Signal transduction mechanisms
NODE_3353_length_21230_cov_18.456576_12	COG1734	224648	1.18e-42	52.101	DksA	RNA polymerase-binding transcription factor DksA	K	Transcription
NODE_3353_length_21230_cov_18.456576_13	COG0714	223786	3.93e-49	24.088	MoxR	MoxR-like ATPase	R	General function prediction only
NODE_3353_length_21230_cov_18.456576_14	COG3106	225648	0.0	44.068	YcjX	Ras-like GTP-binding stress-induced protein YcjX,  DUF463 family	T	Signal transduction mechanisms
NODE_3353_length_21230_cov_18.456576_15	COG3768	226291	1.25e-59	34.524	YcjF	Uncharacterized membrane protein YcjF, UPF0283 family	S	Function unknown
NODE_3353_length_21230_cov_18.456576_16	COG2943	225494	0.0	39.052	MdoH	Membrane glycosyltransferase	M	Cell wall/membrane/envelope biogenesis
NODE_3353_length_21230_cov_18.456576_17	COG3131	225673	0.0	45.01	MdoG	Periplasmic glucan biosynthesis protein OpgG	M	Cell wall/membrane/envelope biogenesis
NODE_3400_length_21013_cov_19.155454_3	COG0019	223098	1.85e-64	31.148	LysA	Diaminopimelate decarboxylase	E	Amino acid transport and metabolism
NODE_3400_length_21013_cov_19.155454_4	COG0028	223107	1.34e-134	37.705	IlvB	Acetolactate synthase large subunit or other thiamine pyrophosphate-requiring enzyme	E	Amino acid transport and metabolism
NODE_3400_length_21013_cov_19.155454_7	COG2084	224995	3.83e-107	47.887	MmsB	3-hydroxyisobutyrate dehydrogenase or related beta-hydroxyacid dehydrogenase	I	Lipid transport and metabolism
NODE_3400_length_21013_cov_19.155454_8	COG3788	226311	1.28e-20	37.815	YecN	Uncharacterized membrane protein YecN, MAPEG domain	S	Function unknown
NODE_3400_length_21013_cov_19.155454_9	COG1522	224439	3.34e-49	42.384	Lrp	DNA-binding transcriptional regulator, Lrp family	K	Transcription
NODE_3400_length_21013_cov_19.155454_10	COG1234	224155	9.06e-40	26.37	ElaC	Ribonuclease BN, tRNA processing enzyme	J	Translation, ribosomal structure and biogenesis
NODE_3400_length_21013_cov_19.155454_11	COG0625	223698	3.6e-28	31.469	GstA	Glutathione S-transferase	O	Posttranslational modification, protein turnover, chaperones
NODE_3400_length_21013_cov_19.155454_12	COG0642	223715	2.5e-58	35.168	BaeS	Signal transduction histidine kinase	T	Signal transduction mechanisms
NODE_3400_length_21013_cov_19.155454_13	COG3313	225850	2.81e-14	44.898	YdhL	Predicted Fe-S protein YdhL, DUF1289 family	R	General function prediction only
NODE_3400_length_21013_cov_19.155454_14	COG3577	226106	3.56e-47	39.196		Predicted aspartyl protease	R	General function prediction only
NODE_3400_length_21013_cov_19.155454_15	COG3577	226106	1.76e-45	43.575		Predicted aspartyl protease	R	General function prediction only
NODE_3400_length_21013_cov_19.155454_16	COG1109	224034	2.95e-116	31.158	ManB	Phosphomannomutase	G	Carbohydrate transport and metabolism
NODE_3400_length_21013_cov_19.155454_18	COG4252	226703	1.18e-19	24.079	CHASE2	Extracytoplasmic sensor domain CHASE2 (specificity unknown)	T	Signal transduction mechanisms
NODE_3400_length_21013_cov_19.155454_19	COG0730	223802	4.5e-10	27.679	TauE	Sulfite exporter TauE/SafE/YfcA and related permeases, UPF0721 family	P	Inorganic ion transport and metabolism
NODE_3400_length_21013_cov_19.155454_20	COG0042	223120	9.61e-98	38.11	DusA	tRNA-dihydrouridine synthase	J	Translation, ribosomal structure and biogenesis
NODE_3400_length_21013_cov_19.155454_22	COG5424	227711	5.16e-67	38.865	PqqC	Pyrroloquinoline quinone (PQQ) biosynthesis protein C	H	Coenzyme transport and metabolism
NODE_3400_length_21013_cov_19.155454_23	COG0535	223609	4.99e-59	29.24	SkfB	Radical SAM superfamily maturase, SkfB/NifB/PqqE family	D	Cell cycle control, cell division, chromosome partitioning
NODE_3400_length_21013_cov_19.155454_26	COG2202	225112	1.4e-09	29.907	PAS	PAS domain	T	Signal transduction mechanisms
NODE_3441_length_20887_cov_17.929724_1	COG0104	223182	0.0	58.394	PurA	Adenylosuccinate synthase	F	Nucleotide transport and metabolism
NODE_3441_length_20887_cov_17.929724_3	COG1932	224843	9.3e-134	33.333	SerC	Phosphoserine aminotransferase	H	Coenzyme transport and metabolism
NODE_3441_length_20887_cov_17.929724_4	COG3637	226163	1.81e-08	20.536	LomR	Opacity protein LomR and related surface antigens	M	Cell wall/membrane/envelope biogenesis
NODE_3441_length_20887_cov_17.929724_5	COG3637	226163	3.59e-19	24.599	LomR	Opacity protein LomR and related surface antigens	M	Cell wall/membrane/envelope biogenesis
NODE_3441_length_20887_cov_17.929724_6	COG1109	224034	2.88e-167	47.241	ManB	Phosphomannomutase	G	Carbohydrate transport and metabolism
NODE_3441_length_20887_cov_17.929724_8	COG0294	223371	1.34e-96	49.042	FolP	Dihydropteroate synthase	H	Coenzyme transport and metabolism
NODE_3441_length_20887_cov_17.929724_9	COG0465	223541	0.0	58.017	HflB	ATP-dependent Zn proteases	O	Posttranslational modification, protein turnover, chaperones
NODE_3441_length_20887_cov_17.929724_10	COG0037	223115	1.7e-36	34.807	TilS	tRNA(Ile)-lysidine synthase TilS/MesJ	J	Translation, ribosomal structure and biogenesis
NODE_3441_length_20887_cov_17.929724_11	COG1729	224643	2.76e-34	31.646	CpoB	Cell division protein CpoB, coordinates peptidoglycan biosynthesis and outer membrane constriction	D	Cell cycle control, cell division, chromosome partitioning
NODE_3441_length_20887_cov_17.929724_12	COG2885	225439	1.84e-27	31.496	OmpA	Outer membrane protein OmpA and related peptidoglycan-associated (lipo)proteins	M	Cell wall/membrane/envelope biogenesis
NODE_3441_length_20887_cov_17.929724_13	COG2885	225439	4.74e-43	33.566	OmpA	Outer membrane protein OmpA and related peptidoglycan-associated (lipo)proteins	M	Cell wall/membrane/envelope biogenesis
NODE_3441_length_20887_cov_17.929724_15	COG0823	223893	4.83e-135	38.916	TolB	Periplasmic component TolB of the Tol biopolymer transport system	U	Intracellular trafficking, secretion, and vesicular transport
NODE_3441_length_20887_cov_17.929724_18	COG0848	223917	4.54e-48	43.443	ExbD	Biopolymer transport protein ExbD	U	Intracellular trafficking, secretion, and vesicular transport
NODE_3582_length_20306_cov_18.039702_1	COG5388	227678	2.22e-36	35.204		Uncharacterized conserved protein	S	Function unknown
NODE_3582_length_20306_cov_18.039702_3	COG3672	226198	2.67e-66	47.273		Predicted transglutaminase-like protein	O	Posttranslational modification, protein turnover, chaperones
NODE_3582_length_20306_cov_18.039702_4	COG0663	223735	3.18e-80	50.318	PaaY	Carbonic anhydrase or acetyltransferase, isoleucine patch superfamily	R	General function prediction only
NODE_3582_length_20306_cov_18.039702_6	COG1045	223975	4.21e-94	56.497	CysE	Serine acetyltransferase	E	Amino acid transport and metabolism
NODE_3582_length_20306_cov_18.039702_7	COG1024	223955	1.02e-57	39.147	CaiD	Enoyl-CoA hydratase/carnithine racemase	I	Lipid transport and metabolism
NODE_3582_length_20306_cov_18.039702_8	COG0726	223798	6.48e-31	32.273	CDA1	Peptidoglycan/xylan/chitin deacetylase, PgdA/NodB/CDA1 family	G	Carbohydrate transport and metabolism
NODE_3582_length_20306_cov_18.039702_9	COG0456	223532	4.56e-08	30.303	RimI	Ribosomal protein S18 acetylase RimI and related acetyltransferases	J	Translation, ribosomal structure and biogenesis
NODE_3582_length_20306_cov_18.039702_10	COG0604	223677	6.31e-66	30.723	Qor	NADPH:quinone reductase or related Zn-dependent oxidoreductase	C	Energy production and conversion
NODE_3582_length_20306_cov_18.039702_12	COG1410	224328	0.0	60.542	MetH2	Methionine synthase I, cobalamin-binding domain	E	Amino acid transport and metabolism
NODE_3582_length_20306_cov_18.039702_13	COG0646	223719	2.42e-149	60.615	MetH1	Methionine synthase I (cobalamin-dependent), methyltransferase domain	E	Amino acid transport and metabolism
NODE_3582_length_20306_cov_18.039702_14	COG0685	223757	9.48e-99	46.154	MetF	5,10-methylenetetrahydrofolate reductase	E	Amino acid transport and metabolism
NODE_3582_length_20306_cov_18.039702_15	COG2226	225136	1.9e-20	32.8	UbiE	Ubiquinone/menaquinone biosynthesis C-methylase UbiE/MenG	H	Coenzyme transport and metabolism
NODE_3582_length_20306_cov_18.039702_18	COG2854	225410	0.001	15.957	MlaC	Periplasmic subunit MlaC of the ABC-type intermembrane phospholipid transporter Mla	M	Cell wall/membrane/envelope biogenesis
NODE_3582_length_20306_cov_18.039702_19	COG0841	223911	0.0	37.843	AcrB	Multidrug efflux pump subunit AcrB	V	Defense mechanisms
NODE_3582_length_20306_cov_18.039702_20	COG0845	223914	9.39e-46	33.509	AcrA	Multidrug efflux pump subunit AcrA (membrane-fusion protein)	M	Cell wall/membrane/envelope biogenesis
NODE_3657_length_20005_cov_17.969524_1	COG0475	223551	4.33e-74	41.944	KefB	Kef-type K+ transport system, membrane component KefB	P	Inorganic ion transport and metabolism
NODE_3657_length_20005_cov_17.969524_2	COG0524	223598	1.19e-48	31.935	RbsK	Sugar or nucleoside kinase, ribokinase family	G	Carbohydrate transport and metabolism
NODE_3657_length_20005_cov_17.969524_3	COG0021	223100	0.0	54.325	TktA	Transketolase	G	Carbohydrate transport and metabolism
NODE_3657_length_20005_cov_17.969524_4	COG0126	223204	3.06e-176	51.399	Pgk	3-phosphoglycerate kinase	G	Carbohydrate transport and metabolism
NODE_3657_length_20005_cov_17.969524_5	COG0785	223856	5.84e-45	47.248	CcdA	Cytochrome c biogenesis protein CcdA	C	Energy production and conversion
NODE_3657_length_20005_cov_17.969524_6	COG0351	223428	1.62e-113	52.06	ThiD	Hydroxymethylpyrimidine/phosphomethylpyrimidine kinase	H	Coenzyme transport and metabolism
NODE_3657_length_20005_cov_17.969524_8	COG4948	227284	1.27e-39	32.578	RspA	L-alanine-DL-glutamate epimerase or related enzyme of enolase superfamily	M	Cell wall/membrane/envelope biogenesis
NODE_3657_length_20005_cov_17.969524_9	COG1196	224117	2.65e-06	17.291	Smc	Chromosome segregation ATPase Smc	D	Cell cycle control, cell division, chromosome partitioning
NODE_3657_length_20005_cov_17.969524_10	COG2198	225108	4.48e-08	31.068	HPtr	HPt (histidine-containing phosphotransfer) domain	T	Signal transduction mechanisms
NODE_3657_length_20005_cov_17.969524_11	COG0633	223706	2.58e-25	40.566	Fdx	Ferredoxin	C	Energy production and conversion
NODE_3657_length_20005_cov_17.969524_12	COG0492	223566	3.21e-59	28.657	TrxB	Thioredoxin reductase	O	Posttranslational modification, protein turnover, chaperones
NODE_3657_length_20005_cov_17.969524_13	COG5653	227940	6.93e-16	22.573	BcsL	Acetyltransferase involved in cellulose biosynthesis, CelD/BcsL family	N	Cell motility
NODE_3657_length_20005_cov_17.969524_17	COG3825	226346	0.0	60.969	CoxE2	Uncharacterized CoxE-like protein,  contains von Willebrand factor type A (vWA) domain	S	Function unknown
NODE_3679_length_19942_cov_19.613366_3	COG1613	224529	0.0	69.164	Sbp	ABC-type sulfate transport system, periplasmic component	P	Inorganic ion transport and metabolism
NODE_3679_length_19942_cov_19.613366_4	COG3545	226075	9.75e-57	41.808	YdeN	Predicted esterase of the alpha/beta hydrolase fold	R	General function prediction only
NODE_3679_length_19942_cov_19.613366_7	COG1396	224314	5.19e-11	47.541	HipB	Transcriptional regulator, contains XRE-family HTH domain	K	Transcription
NODE_3679_length_19942_cov_19.613366_8	COG1917	224829	0.000216	22.222	QdoI	Cupin domain protein related to quercetin dioxygenase	R	General function prediction only
NODE_3679_length_19942_cov_19.613366_11	COG0542	223616	1.02e-105	42.274	ClpA	ATP-dependent Clp protease, ATP-binding subunit ClpA	O	Posttranslational modification, protein turnover, chaperones
NODE_3679_length_19942_cov_19.613366_12	COG0265	223343	1.25e-37	35.0	DegQ	Periplasmic serine protease, S1-C subfamily, contain C-terminal PDZ domain	O	Posttranslational modification, protein turnover, chaperones
NODE_3679_length_19942_cov_19.613366_13	COG0793	223864	6.06e-09	34.848	CtpA	C-terminal processing protease CtpA/Prc, contains a PDZ domain	O	Posttranslational modification, protein turnover, chaperones
NODE_3679_length_19942_cov_19.613366_14	COG1273	224192	6.26e-96	43.561	YkoV	Non-homologous end joining protein Ku, dsDNA break repair	L	Replication, recombination and repair
NODE_3679_length_19942_cov_19.613366_19	COG3920	226434	2.07e-37	34.831		Two-component sensor histidine kinase, HisKA and HATPase domains	T	Signal transduction mechanisms
NODE_3679_length_19942_cov_19.613366_23	COG0277	223354	1.68e-28	20.0	GlcD	FAD/FMN-containing lactate dehydrogenase/glycolate oxidase	C	Energy production and conversion
NODE_3698_length_19881_cov_18.451074_3	COG1576	224492	2.68e-55	44.654	RlmH	23S rRNA pseudoU1915 N3-methylase RlmH	J	Translation, ribosomal structure and biogenesis
NODE_3698_length_19881_cov_18.451074_4	COG0799	223870	5.46e-47	50.0	RsfS	Ribosomal silencing factor RsfS, regulates association of 30S and 50S subunits	J	Translation, ribosomal structure and biogenesis
NODE_3698_length_19881_cov_18.451074_5	COG1057	223985	2.16e-49	35.393	NadD	Nicotinate-nucleotide adenylyltransferase NadD	H	Coenzyme transport and metabolism
NODE_3698_length_19881_cov_18.451074_6	COG2367	225242	8.09e-12	31.818	PenP	Beta-lactamase class A	V	Defense mechanisms
NODE_3698_length_19881_cov_18.451074_7	COG4319	226769	7.11e-10	25.191	YybH	Ketosteroid isomerase homolog YybH	R	General function prediction only
NODE_3698_length_19881_cov_18.451074_8	COG1873	224785	6.7e-05	25.714	YlmC	Sporulation protein YlmC, YlmC/YmxH family, contains PRC-barrel domain	R	General function prediction only
NODE_3698_length_19881_cov_18.451074_9	COG2169	225080	1.09e-83	52.381	AdaA	Methylphosphotriester-DNA--protein-cysteine methyltransferase (N-terminal fragment of Ada), contains Zn-binding and two AraC-type DNA-binding domains	L	Replication, recombination and repair
NODE_3698_length_19881_cov_18.451074_12	COG0014	223093	0.0	57.794	ProA	Gamma-glutamyl phosphate reductase	E	Amino acid transport and metabolism
NODE_3698_length_19881_cov_18.451074_13	COG0263	223341	2.1e-167	53.825	ProB	Glutamate 5-kinase	E	Amino acid transport and metabolism
NODE_3698_length_19881_cov_18.451074_14	COG3247	225786	4.34e-14	31.461	HdeD	Acid resistance membrane protein HdeD, DUF308 family	R	General function prediction only
NODE_3698_length_19881_cov_18.451074_15	COG1233	224154	5.4e-21	26.946		Phytoene dehydrogenase-related protein	Q	Secondary metabolites biosynthesis, transport and catabolism
NODE_3698_length_19881_cov_18.451074_16	COG5001	227334	3.49e-102	37.529		Cyclic di-GMP metabolism protein, combines GGDEF and EAL domains with a 6TM membrane domain	T	Signal transduction mechanisms
NODE_3698_length_19881_cov_18.451074_17	COG0536	223610	1.44e-162	58.182	Obg	GTPase involved in cell partioning and DNA repair	D	Cell cycle control, cell division, chromosome partitioning
NODE_3698_length_19881_cov_18.451074_18	COG1670	224584	2.52e-28	27.624	RimL	Protein N-acetyltransferase, RimJ/RimL family	J	Translation, ribosomal structure and biogenesis
NODE_3698_length_19881_cov_18.451074_19	COG0211	223289	3.06e-45	65.432	RpmA	Ribosomal protein L27	J	Translation, ribosomal structure and biogenesis
NODE_3698_length_19881_cov_18.451074_20	COG0261	223339	1.35e-37	58.654	RplU	Ribosomal protein L21	J	Translation, ribosomal structure and biogenesis
NODE_3698_length_19881_cov_18.451074_22	COG4452	226859	4.96e-94	34.908	CreD	Inner membrane protein CreD involved in colicin E2 resistance	V	Defense mechanisms
NODE_3893_length_19231_cov_18.718502_2	COG0860	223929	3.42e-51	31.933	AmiC	N-acetylmuramoyl-L-alanine amidase	M	Cell wall/membrane/envelope biogenesis
NODE_3893_length_19231_cov_18.718502_3	COG0314	223391	1.72e-47	46.575	MoaE	Molybdopterin synthase catalytic subunit MoaE	H	Coenzyme transport and metabolism
NODE_3893_length_19231_cov_18.718502_4	COG1977	224888	4.19e-22	34.524	MoaD	Molybdopterin synthase sulfur carrier subunit MoaD	H	Coenzyme transport and metabolism
NODE_3893_length_19231_cov_18.718502_5	COG0558	223632	5.91e-38	41.753	PgsA	Phosphatidylglycerophosphate synthase	I	Lipid transport and metabolism
NODE_3893_length_19231_cov_18.718502_6	COG3921	226435	6.4e-40	25.912		Uncharacterized conserved protein, contains Extensin-like_C domain	S	Function unknown
NODE_3893_length_19231_cov_18.718502_7	COG0412	223489	7.87e-79	38.843	DLH	Dienelactone hydrolase	Q	Secondary metabolites biosynthesis, transport and catabolism
NODE_3893_length_19231_cov_18.718502_9	COG0322	223399	0.0	47.46	UvrC	Excinuclease UvrABC, nuclease subunit	L	Replication, recombination and repair
NODE_3893_length_19231_cov_18.718502_10	COG0647	223720	2.21e-68	34.177	NagD	Ribonucleotide monophosphatase NagD, HAD superfamily	F	Nucleotide transport and metabolism
NODE_3893_length_19231_cov_18.718502_11	COG2200	225110	1.09e-17	23.413	EAL	EAL domain, c-di-GMP-specific phosphodiesterase class I (or its enzymatically inactive variant)	T	Signal transduction mechanisms
NODE_3893_length_19231_cov_18.718502_12	COG1028	223959	2.27e-14	23.622	FabG	NAD(P)-dependent dehydrogenase, short-chain alcohol dehydrogenase family	I	Lipid transport and metabolism
NODE_3893_length_19231_cov_18.718502_13	COG4129	226614	1e-08	23.81	YgaE	Uncharacterized membrane protein YgaE, UPF0421/DUF939 family	S	Function unknown
NODE_3893_length_19231_cov_18.718502_14	COG0234	223312	1.12e-49	66.667	GroES	Co-chaperonin GroES (HSP10)	O	Posttranslational modification, protein turnover, chaperones
NODE_3893_length_19231_cov_18.718502_15	COG0459	223535	0.0	48.54	GroEL	Chaperonin GroEL (HSP60 family)	O	Posttranslational modification, protein turnover, chaperones
NODE_3893_length_19231_cov_18.718502_17	COG0583	223656	1.13e-47	31.741	LysR	DNA-binding transcriptional regulator, LysR family	K	Transcription
NODE_3893_length_19231_cov_18.718502_18	COG1905	224817	1.22e-54	36.129	NuoE	NADH:ubiquinone oxidoreductase 24 kD subunit (chain E)	C	Energy production and conversion
NODE_3893_length_19231_cov_18.718502_19	COG1894	224806	6e-98	59.239	NuoF	NADH:ubiquinone oxidoreductase, NADH-binding 51 kD subunit (chain F)	C	Energy production and conversion
NODE_3939_length_19076_cov_16.671363_1	COG1138	224061	4.71e-141	67.619	CcmF	Cytochrome c biogenesis protein CcmF	C	Energy production and conversion
NODE_3939_length_19076_cov_16.671363_2	COG2332	225211	5.95e-70	57.616	CcmE	Cytochrome c biogenesis protein CcmE	C	Energy production and conversion
NODE_3939_length_19076_cov_16.671363_3	COG4235	226687	4.51e-47	35.206	NrfG	Cytochrome c-type biogenesis protein CcmH/NrfG	C	Energy production and conversion
NODE_3939_length_19076_cov_16.671363_4	COG4520	226903	1.01e-26	41.129	LipA17	Surface antigen	M	Cell wall/membrane/envelope biogenesis
NODE_3939_length_19076_cov_16.671363_5	COG0642	223715	6.86e-43	25.974	BaeS	Signal transduction histidine kinase	T	Signal transduction mechanisms
NODE_3939_length_19076_cov_16.671363_6	COG0745	223816	2.49e-91	45.652	OmpR	DNA-binding response regulator, OmpR family, contains REC and winged-helix (wHTH) domain	T	Signal transduction mechanisms
NODE_3939_length_19076_cov_16.671363_7	COG5507	227794	4.33e-52	55.462	YbaA	Uncharacterized conserved protein YbaA, DUF1428 family	S	Function unknown
NODE_3939_length_19076_cov_16.671363_8	COG3212	225753	0.003	26.389	YkoI	PepSY domain containing protein, regulator of zincin peptidase activity	O	Posttranslational modification, protein turnover, chaperones
NODE_3939_length_19076_cov_16.671363_9	COG5323	227633	1.02e-56	57.407		Phage large terminase packaging protein	X	Mobilome: prophages, transposons
NODE_3939_length_19076_cov_16.671363_12	COG4447	226855	0.000759	18.834		Uncharacterized conserved protein related to plant photosystem II stability/assembly factor	R	General function prediction only
NODE_3939_length_19076_cov_16.671363_13	COG0744	223815	0.0	38.615	MrcB	Penicillin-binding protein 1B/1F, peptidoglycan  transglycosylase/transpeptidase	M	Cell wall/membrane/envelope biogenesis
NODE_3939_length_19076_cov_16.671363_14	COG5402	227689	1.08e-41	35.028		Uncharacterized protein, contains DUF1214 domain	S	Function unknown
NODE_3939_length_19076_cov_16.671363_15	COG5436	227723	3.77e-15	27.174		Uncharacterized membrane protein	S	Function unknown
NODE_3939_length_19076_cov_16.671363_17	COG5447	227734	4.39e-26	43.243		Uncharacterized conserved protein, DUF1491 domain	S	Function unknown
NODE_3939_length_19076_cov_16.671363_18	COG3409	225943	0.000443	24.088	PGRP	Peptidoglycan-binding (PGRP) domain of peptidoglycan hydrolases	M	Cell wall/membrane/envelope biogenesis
NODE_3939_length_19076_cov_16.671363_20	COG2166	225077	3.69e-63	59.559	SufE	Sulfur transfer protein SufE, Fe-S cluster assembly	O	Posttranslational modification, protein turnover, chaperones
NODE_3939_length_19076_cov_16.671363_21	COG2226	225136	3.93e-21	40.351	UbiE	Ubiquinone/menaquinone biosynthesis C-methylase UbiE/MenG	H	Coenzyme transport and metabolism
NODE_3939_length_19076_cov_16.671363_23	COG0593	223666	1.1e-06	38.095	DnaA	Chromosomal replication initiation ATPase DnaA	L	Replication, recombination and repair
NODE_3939_length_19076_cov_16.671363_26	COG4957	227293	6.73e-76	68.504		Predicted transcriptional regulator	K	Transcription
NODE_3942_length_19069_cov_19.294730_1	COG0422	223499	8.76e-32	49.505	ThiC	4-amino-2-methyl-5-hydroxymethylpyrimidine (HMP) synthase ThiC	H	Coenzyme transport and metabolism
NODE_3942_length_19069_cov_19.294730_3	COG5426	227713	5.99e-05	27.5		Uncharacterized protein STM3548, contains class I glutamine amidotransferase domain	R	General function prediction only
NODE_3942_length_19069_cov_19.294730_5	COG1721	224635	2.49e-41	27.667	YeaD2	Uncharacterized conserved protein, DUF58 family, contains vWF domain	S	Function unknown
NODE_3942_length_19069_cov_19.294730_6	COG0714	223786	1.01e-89	44.242	MoxR	MoxR-like ATPase	R	General function prediction only
NODE_3942_length_19069_cov_19.294730_7	COG3816	226337	8.99e-73	60.241		Uncharacterized conserved protein, DUF1285 family	S	Function unknown
NODE_3942_length_19069_cov_19.294730_8	COG5425	227712	2.38e-39	59.551	Usg	Usg protein (tryptophan operon, function unknown)	S	Function unknown
NODE_3942_length_19069_cov_19.294730_9	COG2095	225006	2.27e-40	34.314	MarC	Small neutral amino acid transporter SnatA, MarC family	E	Amino acid transport and metabolism
NODE_3942_length_19069_cov_19.294730_13	COG0456	223532	2.61e-05	24.39	RimI	Ribosomal protein S18 acetylase RimI and related acetyltransferases	J	Translation, ribosomal structure and biogenesis
NODE_3942_length_19069_cov_19.294730_14	COG1126	224051	6.39e-165	61.411	GlnQ	ABC-type polar amino acid transport system, ATPase component	E	Amino acid transport and metabolism
NODE_3942_length_19069_cov_19.294730_15	COG0834	223904	2.11e-43	30.112	HisJ	ABC-type amino acid transport/signal transduction system, periplasmic component/domain	E	Amino acid transport and metabolism
NODE_3942_length_19069_cov_19.294730_16	COG4597	226960	4.17e-157	57.218	BatB	ABC-type amino acid transport system, permease component	E	Amino acid transport and metabolism
NODE_3942_length_19069_cov_19.294730_17	COG0765	223836	8.9e-68	38.967	HisM	ABC-type amino acid transport system, permease component	E	Amino acid transport and metabolism
NODE_3942_length_19069_cov_19.294730_18	COG2114	225025	2.32e-37	28.571	AcyC	Adenylate cyclase, class 3	T	Signal transduction mechanisms
NODE_4022_length_18768_cov_18.751830_2	COG3474	226005	0.001	28.07	Cyc7	Cytochrome c2	C	Energy production and conversion
NODE_4022_length_18768_cov_18.751830_3	COG1994	224905	1.66e-34	33.778	SpoIVFB	Zn-dependent protease (includes sporulation protein SpoIVFB)	O	Posttranslational modification, protein turnover, chaperones
NODE_4022_length_18768_cov_18.751830_4	COG2989	225536	1.96e-107	39.529	YcbB	Murein L,D-transpeptidase YcbB/YkuD	M	Cell wall/membrane/envelope biogenesis
NODE_4022_length_18768_cov_18.751830_5	COG0611	223684	1.53e-89	40.367	ThiL	Thiamine monophosphate kinase	H	Coenzyme transport and metabolism
NODE_4022_length_18768_cov_18.751830_6	COG0781	223852	1.2e-46	44.444	NusB	Transcription antitermination protein NusB	K	Transcription
NODE_4022_length_18768_cov_18.751830_7	COG0054	223132	1.88e-34	40.625	RibE	6,7-dimethyl-8-ribityllumazine synthase (Riboflavin synthase beta chain)	H	Coenzyme transport and metabolism
NODE_4022_length_18768_cov_18.751830_8	COG0108	223186	4.83e-100	55.446	RibB	3,4-dihydroxy-2-butanone 4-phosphate synthase	H	Coenzyme transport and metabolism
NODE_4022_length_18768_cov_18.751830_9	COG0307	223384	4.4e-93	48.744	RibC	Riboflavin synthase alpha chain	H	Coenzyme transport and metabolism
NODE_4022_length_18768_cov_18.751830_10	COG0117	223195	4.12e-64	55.862	RibD1	Riboflavin biosynthesis protein RibD, pyrimidine deaminase domain	H	Coenzyme transport and metabolism
NODE_4022_length_18768_cov_18.751830_11	COG1327	224246	6.69e-77	56.954	NrdR	Transcriptional regulator NrdR, contains Zn-ribbon and ATP-cone domains	K	Transcription
NODE_4022_length_18768_cov_18.751830_12	COG0112	223190	0.0	67.78	GlyA	Glycine/serine hydroxymethyltransferase	E	Amino acid transport and metabolism
NODE_4022_length_18768_cov_18.751830_13	COG0156	223234	1.14e-155	46.985	BioF	7-keto-8-aminopelargonate synthetase or related enzyme	H	Coenzyme transport and metabolism
NODE_4022_length_18768_cov_18.751830_14	COG2989	225536	4.98e-115	41.828	YcbB	Murein L,D-transpeptidase YcbB/YkuD	M	Cell wall/membrane/envelope biogenesis
NODE_4022_length_18768_cov_18.751830_15	COG1846	224759	2.77e-12	32.331	MarR	DNA-binding transcriptional regulator, MarR family	K	Transcription
NODE_4022_length_18768_cov_18.751830_16	COG1024	223955	3.17e-44	28.527	CaiD	Enoyl-CoA hydratase/carnithine racemase	I	Lipid transport and metabolism
NODE_4022_length_18768_cov_18.751830_17	COG3921	226435	7.9e-34	26.686		Uncharacterized conserved protein, contains Extensin-like_C domain	S	Function unknown
NODE_4022_length_18768_cov_18.751830_18	COG0113	223191	0.0	56.698	HemB	Delta-aminolevulinic acid dehydratase, porphobilinogen synthase	H	Coenzyme transport and metabolism
NODE_4022_length_18768_cov_18.751830_19	COG4765	227106	5.48e-54	65.421		Uncharacterized conserved protein, DUF2155 domain	S	Function unknown
NODE_4022_length_18768_cov_18.751830_20	COG3761	226284	1.01e-27	59.722	NDUFA12	NADH:ubiquinone oxidoreductase NDUFA12 subunit (Leigh syndrome)	C	Energy production and conversion
NODE_4087_length_18602_cov_18.190058_3	COG0012	223091	0.0	60.215	GTP1	Ribosome-binding ATPase YchF, GTP1/OBG family	J	Translation, ribosomal structure and biogenesis
NODE_4087_length_18602_cov_18.190058_6	COG0235	223313	4.55e-69	40.553	AraD	5-methylthioribulose/5-deoxyribulose/Fuculose 1-phosphate aldolase (methionine salvage, sugar degradation)	E	Amino acid transport and metabolism
NODE_4087_length_18602_cov_18.190058_7	COG0182	223260	7.2e-160	48.851	MtnA	5-methylthioribose/5-deoxyribulose 1-phosphate isomerase (methionine salvage pathway), a paralog of eIF-2B alpha subunit	E	Amino acid transport and metabolism
NODE_4087_length_18602_cov_18.190058_9	COG0503	223577	3.94e-48	48.322	Apt	Adenine/guanine phosphoribosyltransferase or related PRPP-binding protein	F	Nucleotide transport and metabolism
NODE_4087_length_18602_cov_18.190058_15	COG3474	226005	2.2e-07	29.73	Cyc7	Cytochrome c2	C	Energy production and conversion
NODE_4087_length_18602_cov_18.190058_17	COG0596	223669	2.22e-22	26.224	MenH	2-succinyl-6-hydroxy-2,4-cyclohexadiene-1-carboxylate synthase MenH and related esterases, alpha/beta hydrolase fold	H	Coenzyme transport and metabolism
NODE_4087_length_18602_cov_18.190058_20	COG1680	224594	1.61e-22	24.567	AmpC	CubicO group peptidase, beta-lactamase class C family	V	Defense mechanisms
NODE_4087_length_18602_cov_18.190058_21	COG1752	224666	3.2e-41	29.391	RssA	Predicted acylesterase/phospholipase RssA, containd patatin domain	R	General function prediction only
NODE_4087_length_18602_cov_18.190058_22	COG2124	225035	1.85e-79	32.095	CypX	Cytochrome P450	Q	Secondary metabolites biosynthesis, transport and catabolism
NODE_4087_length_18602_cov_18.190058_25	COG0005	223084	1.17e-79	38.43	XapA	Purine nucleoside phosphorylase	F	Nucleotide transport and metabolism
NODE_4087_length_18602_cov_18.190058_26	COG2857	225413	6.52e-20	35.897	CYT1	Cytochrome c1	C	Energy production and conversion
NODE_4279_length_18017_cov_18.415878_2	COG2919	225471	1.75e-12	29.412	FtsB	Cell division protein FtsB	D	Cell cycle control, cell division, chromosome partitioning
NODE_4279_length_18017_cov_18.415878_3	COG0148	223226	0.0	67.529	Eno	Enolase	G	Carbohydrate transport and metabolism
NODE_4279_length_18017_cov_18.415878_4	COG3791	226314	1.47e-29	36.634		Uncharacterized conserved protein	S	Function unknown
NODE_4279_length_18017_cov_18.415878_5	COG0603	223676	7.52e-75	39.301	QueC	7-cyano-7-deazaguanine synthase (queuosine biosynthesis)	J	Translation, ribosomal structure and biogenesis
NODE_4279_length_18017_cov_18.415878_8	COG0783	223854	3.45e-49	36.667	Dps	DNA-binding ferritin-like protein (oxidative damage protectant)	P	Inorganic ion transport and metabolism
NODE_4279_length_18017_cov_18.415878_9	COG0667	223739	3.13e-80	33.231	PdxI	Pyridoxal reductase PdxI or related oxidoreductase, aldo/keto reductase family	H	Coenzyme transport and metabolism
NODE_4279_length_18017_cov_18.415878_10	COG0602	223675	3.28e-55	36.323	QueE	Organic radical activating enzyme NrdG/QueE	H	Coenzyme transport and metabolism
NODE_4279_length_18017_cov_18.415878_11	COG0720	223792	8.4e-31	40.0	QueD	6-pyruvoyl-tetrahydropterin synthase	H	Coenzyme transport and metabolism
NODE_4279_length_18017_cov_18.415878_12	COG0780	223851	5.07e-64	48.462	QueFC	NADPH-dependent 7-cyano-7-deazaguanine reductase QueF, C-terminal domain, T-fold superfamily	J	Translation, ribosomal structure and biogenesis
NODE_4279_length_18017_cov_18.415878_13	COG2989	225536	5.06e-70	23.768	YcbB	Murein L,D-transpeptidase YcbB/YkuD	M	Cell wall/membrane/envelope biogenesis
NODE_4279_length_18017_cov_18.415878_15	COG0697	223769	1.82e-16	28.082	RhaT	Permease of the drug/metabolite transporter (DMT) superfamily	G	Carbohydrate transport and metabolism
NODE_4279_length_18017_cov_18.415878_16	COG3011	225556	3.04e-32	30.216	YuxK	Predicted thiol-disulfide oxidoreductase YuxK, DCC family	R	General function prediction only
NODE_4279_length_18017_cov_18.415878_17	COG0441	223518	0.0	52.117	ThrS	Threonyl-tRNA synthetase	J	Translation, ribosomal structure and biogenesis
NODE_4279_length_18017_cov_18.415878_18	COG0759	223830	2.94e-29	39.759	YidD	Membrane-anchored protein YidD, putatitve component of membrane protein insertase Oxa1/YidC/SpoIIIJ	M	Cell wall/membrane/envelope biogenesis
NODE_4279_length_18017_cov_18.415878_19	COG3837	226357	8.87e-57	50.323		Uncharacterized conserved protein, cupin superfamily	S	Function unknown
NODE_4279_length_18017_cov_18.415878_21	COG0302	223379	3.97e-88	50.0	FolE	GTP cyclohydrolase I	H	Coenzyme transport and metabolism
NODE_4279_length_18017_cov_18.415878_22	COG0139	223217	9.8e-63	54.955	HisI1	Phosphoribosyl-AMP cyclohydrolase	E	Amino acid transport and metabolism
NODE_4279_length_18017_cov_18.415878_23	COG1752	224666	3e-79	38.629	RssA	Predicted acylesterase/phospholipase RssA, containd patatin domain	R	General function prediction only
NODE_4279_length_18017_cov_18.415878_24	COG0517	223591	7.79e-19	32.5	CBS	CBS domain	T	Signal transduction mechanisms
NODE_4279_length_18017_cov_18.415878_25	COG0705	223777	2.39e-14	27.329	GlpG	Membrane-associated serine protease, rhomboid family	O	Posttranslational modification, protein turnover, chaperones
NODE_4295_length_17971_cov_17.199152_1	COG0612	223685	0.000141	40.541	PqqL	Predicted Zn-dependent peptidase, M16 family	R	General function prediction only
NODE_4295_length_17971_cov_17.199152_2	COG0229	223307	8.89e-71	55.725	MsrB	Peptide methionine sulfoxide reductase MsrB	O	Posttranslational modification, protein turnover, chaperones
NODE_4295_length_17971_cov_17.199152_3	COG2041	224952	1.17e-58	32.937	MsrP	Molybdopterin-dependent catalytic subunit of periplasmic DMSO/TMAO and protein-methionine-sulfoxide reductases	C	Energy production and conversion
NODE_4295_length_17971_cov_17.199152_4	COG4117	226602	3.16e-45	40.964	YdhU	Thiosulfate reductase cytochrome b subunit	P	Inorganic ion transport and metabolism
NODE_4295_length_17971_cov_17.199152_5	COG0785	223856	1.36e-15	35.211	CcdA	Cytochrome c biogenesis protein CcdA	C	Energy production and conversion
NODE_4295_length_17971_cov_17.199152_6	COG0526	223600	1.01e-09	32.381	TrxA	Thiol-disulfide isomerase or thioredoxin	O	Posttranslational modification, protein turnover, chaperones
NODE_4295_length_17971_cov_17.199152_8	COG0323	223400	0.0	44.671	MutL	DNA mismatch repair ATPase MutL	L	Replication, recombination and repair
NODE_4295_length_17971_cov_17.199152_11	COG1983	224894	3.81e-19	44.615	PspC	Phage shock protein PspC (stress-responsive transcriptional regulator)	K	Transcription
NODE_4295_length_17971_cov_17.199152_12	COG0742	223813	3.98e-72	46.561	RsmD	16S rRNA G966 N2-methylase RsmD	J	Translation, ribosomal structure and biogenesis
NODE_4295_length_17971_cov_17.199152_13	COG1187	224108	9.54e-87	46.256	RsuA	Pseudouridylate synthase RsuA, specific for 16S rRNA U516  and 23S rRNA U2605	J	Translation, ribosomal structure and biogenesis
NODE_4295_length_17971_cov_17.199152_14	COG0590	223663	4.01e-55	52.846	TadA	tRNA(Arg) A34 adenosine deaminase TadA	J	Translation, ribosomal structure and biogenesis
NODE_4295_length_17971_cov_17.199152_15	COG1752	224666	7.18e-39	28.417	RssA	Predicted acylesterase/phospholipase RssA, containd patatin domain	R	General function prediction only
NODE_4295_length_17971_cov_17.199152_16	COG0151	223229	0.0	56.776	PurD	Phosphoribosylamine-glycine ligase	F	Nucleotide transport and metabolism
NODE_4295_length_17971_cov_17.199152_17	COG1570	224486	5.49e-176	47.556	XseA	Exonuclease VII, large subunit	L	Replication, recombination and repair
NODE_4295_length_17971_cov_17.199152_18	COG3908	226423	1.11e-26	56.923		Uncharacterized conserved protein, DUF2093 domain	S	Function unknown
NODE_4295_length_17971_cov_17.199152_19	COG1663	224577	7.36e-89	43.344	LpxK	Tetraacyldisaccharide-1-P 4'-kinase (Lipid A 4'-kinase)	M	Cell wall/membrane/envelope biogenesis
NODE_4295_length_17971_cov_17.199152_20	COG1519	224436	8.85e-139	44.81	KdtA	3-deoxy-D-manno-octulosonic-acid transferase	M	Cell wall/membrane/envelope biogenesis
NODE_4295_length_17971_cov_17.199152_21	COG2365	225240	5.13e-11	24.638	Oca4	Protein tyrosine/serine phosphatase Oca4	T	Signal transduction mechanisms
NODE_4388_length_17726_cov_19.475072_1	COG2207	225117	3.11e-21	38.462	AraC	AraC-type DNA-binding domain and AraC-containing proteins	K	Transcription
NODE_4388_length_17726_cov_19.475072_3	COG3424	225958	8.28e-52	45.087	BH0617	Predicted naringenin-chalcone synthase	Q	Secondary metabolites biosynthesis, transport and catabolism
NODE_4388_length_17726_cov_19.475072_6	COG2197	225107	1.76e-10	39.241	CitB	DNA-binding response regulator, NarL/FixJ family, contains REC and HTH domains	T	Signal transduction mechanisms
NODE_4388_length_17726_cov_19.475072_7	COG3030	225574	3.95e-20	41.489	FxsA	FxsA protein affecting phage T7 exclusion by the F plasmid, UPF0716 family	R	General function prediction only
NODE_4388_length_17726_cov_19.475072_8	COG4395	226830	4.37e-47	33.186	Tim44	Predicted lipid-binding transport protein, Tim44 family	I	Lipid transport and metabolism
NODE_4388_length_17726_cov_19.475072_9	COG2821	225377	1.58e-127	38.843	MltA	Membrane-bound lytic murein transglycosylase	M	Cell wall/membrane/envelope biogenesis
NODE_4388_length_17726_cov_19.475072_10	COG2840	225396	9.77e-29	31.841	SmrA	DNA-nicking endonuclease, Smr domain	L	Replication, recombination and repair
NODE_4388_length_17726_cov_19.475072_11	COG5342	227647	0.007	24.39	IalB	Invasion protein IalB, involved in pathogenesis	R	General function prediction only
NODE_4388_length_17726_cov_19.475072_12	COG0566	223640	1.91e-12	26.619	SpoU	tRNA G18 (ribose-2'-O)-methylase SpoU	J	Translation, ribosomal structure and biogenesis
NODE_4388_length_17726_cov_19.475072_13	COG0604	223677	2.76e-77	44.073	Qor	NADPH:quinone reductase or related Zn-dependent oxidoreductase	C	Energy production and conversion
NODE_4388_length_17726_cov_19.475072_15	COG1514	224431	8.74e-40	42.541	ThpR	RNA 2',3'-cyclic phosphodiesterase (2'-5' RNA ligase)	J	Translation, ribosomal structure and biogenesis
NODE_4388_length_17726_cov_19.475072_16	COG2755	225353	1.93e-32	33.498	TesA	Lysophospholipase L1 or related esterase. Includes spore coat protein LipC/YcsK	D	Cell cycle control, cell division, chromosome partitioning
NODE_4388_length_17726_cov_19.475072_17	COG4181	226647	1.5e-107	52.679	YbbA	Predicted ABC-type transport system involved in lysophospholipase L1 biosynthesis, ATPase component	Q	Secondary metabolites biosynthesis, transport and catabolism
NODE_4388_length_17726_cov_19.475072_18	COG3127	225669	0.0	37.618	YbbP	Predicted ABC-type transport system involved in lysophospholipase L1 biosynthesis, permease component	Q	Secondary metabolites biosynthesis, transport and catabolism
NODE_4432_length_17584_cov_17.909864_1	COG0492	223566	5.02e-45	38.43	TrxB	Thioredoxin reductase	O	Posttranslational modification, protein turnover, chaperones
NODE_4432_length_17584_cov_17.909864_2	COG2814	225371	1.08e-21	20.541	AraJ	Predicted arabinose efflux permease AraJ, MFS family	G	Carbohydrate transport and metabolism
NODE_4432_length_17584_cov_17.909864_5	COG0302	223379	2.76e-95	51.064	FolE	GTP cyclohydrolase I	H	Coenzyme transport and metabolism
NODE_4432_length_17584_cov_17.909864_6	COG0101	223179	2.15e-122	51.626	TruA	tRNA U38,U39,U40 pseudouridine synthase TruA	J	Translation, ribosomal structure and biogenesis
NODE_4432_length_17584_cov_17.909864_8	COG0223	223301	3.56e-139	50.482	Fmt	Methionyl-tRNA formyltransferase	J	Translation, ribosomal structure and biogenesis
NODE_4432_length_17584_cov_17.909864_9	COG0242	223320	7.14e-66	59.124	Def	Peptide deformylase	J	Translation, ribosomal structure and biogenesis
NODE_4432_length_17584_cov_17.909864_11	COG4067	226553	5.55e-36	40.288		Uncharacterized conserved protein	S	Function unknown
NODE_4432_length_17584_cov_17.909864_12	COG0438	223515	9.11e-34	28.959	RfaB	Glycosyltransferase involved in cell wall bisynthesis	M	Cell wall/membrane/envelope biogenesis
NODE_4432_length_17584_cov_17.909864_13	COG1086	224011	0.0	42.757	FlaA1	NDP-sugar epimerase, includes UDP-GlcNAc-inverting 4,6-dehydratase FlaA1 and capsular polysaccharide biosynthesis protein EpsC	M	Cell wall/membrane/envelope biogenesis
NODE_4432_length_17584_cov_17.909864_15	COG1012	223944	0.0	45.902	AdhE	Acyl-CoA reductase or other NAD-dependent aldehyde dehydrogenase	I	Lipid transport and metabolism
NODE_4432_length_17584_cov_17.909864_16	COG3564	226094	1.74e-61	63.636		Uncharacterized conserved protein, DUF779 family	S	Function unknown
NODE_4432_length_17584_cov_17.909864_19	COG0465	223541	4.83e-81	50.446	HflB	ATP-dependent Zn proteases	O	Posttranslational modification, protein turnover, chaperones
NODE_4593_length_17112_cov_19.529519_3	COG0115	223193	1.28e-93	38.732	IlvE	Branched-chain amino acid aminotransferase/4-amino-4-deoxychorismate lyase	E	Amino acid transport and metabolism
NODE_4593_length_17112_cov_19.529519_4	COG1846	224759	8.45e-18	27.679	MarR	DNA-binding transcriptional regulator, MarR family	K	Transcription
NODE_4593_length_17112_cov_19.529519_5	COG0745	223816	8.58e-69	38.938	OmpR	DNA-binding response regulator, OmpR family, contains REC and winged-helix (wHTH) domain	T	Signal transduction mechanisms
NODE_4593_length_17112_cov_19.529519_6	COG0642	223715	1.04e-45	24.702	BaeS	Signal transduction histidine kinase	T	Signal transduction mechanisms
NODE_4593_length_17112_cov_19.529519_7	COG1309	224228	7.4e-05	19.487	AcrR	DNA-binding protein, AcrR family, includes nucleoid occlusion protein SlmA	K	Transcription
NODE_4593_length_17112_cov_19.529519_8	COG0345	223422	5.09e-76	46.468	ProC	Pyrroline-5-carboxylate reductase	E	Amino acid transport and metabolism
NODE_4593_length_17112_cov_19.529519_9	COG5465	227752	7.11e-63	47.531	YbjN	Uncharacterized conserved protein YbjN, helps stabilize unstable proteins	R	General function prediction only
NODE_4593_length_17112_cov_19.529519_10	COG2960	225508	1.72e-20	43.373	UbiK	Ubiquinone biosynthesis accessory factor UbiK	H	Coenzyme transport and metabolism
NODE_4593_length_17112_cov_19.529519_11	COG0682	223754	2.69e-78	42.349	Lgt	Prolipoprotein diacylglyceryltransferase	M	Cell wall/membrane/envelope biogenesis
NODE_4593_length_17112_cov_19.529519_12	COG1565	224481	3.41e-99	37.6	MidA	SAM-dependent methyltransferase, MidA family	R	General function prediction only
NODE_4593_length_17112_cov_19.529519_13	COG1496	224413	5.39e-80	41.961	YfiH	Copper oxidase (laccase) domain	P	Inorganic ion transport and metabolism
NODE_4593_length_17112_cov_19.529519_15	COG0462	223538	9.7e-164	59.032	PrsA	Phosphoribosylpyrophosphate synthetase	F	Nucleotide transport and metabolism
NODE_4593_length_17112_cov_19.529519_16	COG0735	223806	4.4e-25	33.884	Fur	Fe2+ or Zn2+ uptake regulation protein Fur/Zur	P	Inorganic ion transport and metabolism
NODE_4593_length_17112_cov_19.529519_17	COG1825	224738	1.49e-27	45.652	RplY	Ribosomal protein L25 (general stress protein Ctc)	J	Translation, ribosomal structure and biogenesis
NODE_4593_length_17112_cov_19.529519_18	COG0193	223271	5.67e-76	51.934	Pth	Peptidyl-tRNA hydrolase	J	Translation, ribosomal structure and biogenesis
NODE_4593_length_17112_cov_19.529519_19	COG1131	224054	4.21e-74	41.436	CcmA	ABC-type multidrug transport system, ATPase component	V	Defense mechanisms
NODE_4593_length_17112_cov_19.529519_20	COG1131	224054	6.23e-17	25.41	CcmA	ABC-type multidrug transport system, ATPase component	V	Defense mechanisms
NODE_4593_length_17112_cov_19.529519_21	COG0842	223912	4.03e-15	25.106	YadH	ABC-type multidrug transport system, permease component	V	Defense mechanisms
NODE_4827_length_16424_cov_19.490439_1	COG4592	226958	0.004	41.935	FepB	ABC-type Fe2+-enterobactin transport system, periplasmic component	P	Inorganic ion transport and metabolism
NODE_4827_length_16424_cov_19.490439_7	COG3131	225673	0.0	46.761	MdoG	Periplasmic glucan biosynthesis protein OpgG	M	Cell wall/membrane/envelope biogenesis
NODE_4827_length_16424_cov_19.490439_10	COG3832	226353	0.004	26.389	YndB	Chalcone/flavanone-binding protein YndB, AHSA1/START/SRPBCC domain	I	Lipid transport and metabolism
NODE_4827_length_16424_cov_19.490439_11	COG4106	226591	6.35e-06	25.455	Tam	Trans-aconitate methyltransferase	C	Energy production and conversion
NODE_4827_length_16424_cov_19.490439_12	COG2199	225109	1.97e-47	41.143	GGDEF	GGDEF domain, diguanylate cyclase (c-di-GMP synthetase) or its enzymatically inactive variants	T	Signal transduction mechanisms
NODE_4827_length_16424_cov_19.490439_13	COG1525	224442	7.59e-32	35.152	YncB	Endonuclease YncB, thermonuclease family	L	Replication, recombination and repair
NODE_4827_length_16424_cov_19.490439_17	COG0361	223438	2.36e-31	60.274	InfA	Translation initiation factor IF-1	J	Translation, ribosomal structure and biogenesis
NODE_4827_length_16424_cov_19.490439_18	COG1278	224197	5.52e-34	63.235	CspC	Cold shock protein, CspA family	K	Transcription
NODE_4827_length_16424_cov_19.490439_19	COG3108	225650	1.54e-08	21.053	YcbK	Uncharacterized conserved protein YcbK, DUF882 family	S	Function unknown
NODE_4827_length_16424_cov_19.490439_21	COG0481	223557	0.0	70.45	LepA	Translation elongation factor EF-4, membrane-bound GTPase	J	Translation, ribosomal structure and biogenesis
NODE_4997_length_15993_cov_19.265654_2	COG3439	225972	5.37e-22	32.039		Uncharacterized conserved protein, DUF302 family	S	Function unknown
NODE_4997_length_15993_cov_19.265654_3	COG2149	225060	9.69e-12	29.825	YidH	Uncharacterized membrane protein YidH, DUF202 family	S	Function unknown
NODE_4997_length_15993_cov_19.265654_5	COG1414	224332	0.003	51.351	IclR	DNA-binding transcriptional regulator, IclR family	K	Transcription
NODE_4997_length_15993_cov_19.265654_8	COG1409	224327	4.83e-06	19.259	CpdA	3',5'-cyclic AMP phosphodiesterase CpdA	T	Signal transduction mechanisms
NODE_4997_length_15993_cov_19.265654_9	COG0608	223681	4.05e-122	40.156	RecJ	ssDNA-specific exonuclease RecJ, DHH superfamily, may be involved in archaeal DNA replication intiation	L	Replication, recombination and repair
NODE_4997_length_15993_cov_19.265654_11	COG0531	223605	2.45e-38	24.408	PotE	Serine transporter YbeC, amino acid:H+ symporter family	E	Amino acid transport and metabolism
NODE_4997_length_15993_cov_19.265654_12	COG4099	226584	0.001	20.8		Predicted peptidase	R	General function prediction only
NODE_4997_length_15993_cov_19.265654_13	COG1494	224411	6.98e-155	59.692	GlpX	Fructose-1,6-bisphosphatase/sedoheptulose 1,7-bisphosphatase or related protein	G	Carbohydrate transport and metabolism
NODE_4997_length_15993_cov_19.265654_14	COG0460	223536	1.48e-142	51.524	ThrA	Homoserine dehydrogenase	E	Amino acid transport and metabolism
NODE_4997_length_15993_cov_19.265654_15	COG0436	223513	1.95e-140	42.967	AspB	Aspartate/methionine/tyrosine aminotransferase	E	Amino acid transport and metabolism
NODE_5126_length_15751_cov_21.108435_2	COG0566	223640	1.37e-62	33.75	SpoU	tRNA G18 (ribose-2'-O)-methylase SpoU	J	Translation, ribosomal structure and biogenesis
NODE_5126_length_15751_cov_21.108435_5	COG0393	223470	3.22e-31	40.187	YbjQ	Uncharacterized pentameric protein YbjQ, UPF0145 family	S	Function unknown
NODE_5126_length_15751_cov_21.108435_6	COG0690	223762	8.8e-16	47.273	SecE	Preprotein translocase subunit SecE	U	Intracellular trafficking, secretion, and vesicular transport
NODE_5126_length_15751_cov_21.108435_7	COG0250	223328	6.89e-74	56.497	NusG	Transcription termination/antitermination protein NusG	K	Transcription
NODE_5126_length_15751_cov_21.108435_8	COG0080	223158	6.76e-78	65.248	RplK	Ribosomal protein L11	J	Translation, ribosomal structure and biogenesis
NODE_5126_length_15751_cov_21.108435_9	COG0081	223159	4.69e-105	63.229	RplA	Ribosomal protein L1	J	Translation, ribosomal structure and biogenesis
NODE_5126_length_15751_cov_21.108435_10	COG0244	223322	1.92e-47	42.941	RplJ	Ribosomal protein L10	J	Translation, ribosomal structure and biogenesis
NODE_5126_length_15751_cov_21.108435_11	COG0222	223300	2.6e-31	59.2	RplL	Ribosomal protein L7/L12	J	Translation, ribosomal structure and biogenesis
NODE_5126_length_15751_cov_21.108435_12	COG0085	223163	0.0	50.292	RpoB	DNA-directed RNA polymerase, beta subunit/140 kD subunit	K	Transcription
NODE_5126_length_15751_cov_21.108435_13	COG0086	223164	0.0	50.879	RpoC	DNA-directed RNA polymerase, beta' subunit/160 kD subunit	K	Transcription
NODE_5190_length_15586_cov_17.021634_4	COG0515	223589	1.53e-47	27.875	SPS1	Serine/threonine protein kinase	T	Signal transduction mechanisms
NODE_5190_length_15586_cov_17.021634_10	COG1961	224872	2.01e-31	40.404	SpoIVCA	Site-specific DNA recombinase SpoIVCA/DNA invertase PinE	L	Replication, recombination and repair
NODE_5190_length_15586_cov_17.021634_12	COG4636	226983	4.6e-14	23.618	Uma2	Endonuclease, Uma2 family (restriction endonuclease fold)	R	General function prediction only
NODE_5190_length_15586_cov_17.021634_15	COG1595	224511	3.57e-29	33.333	RpoE	DNA-directed RNA polymerase specialized sigma subunit, sigma24 family	K	Transcription
NODE_5190_length_15586_cov_17.021634_16	COG1335	224254	1.05e-33	35.119	PncA	Nicotinamidase-related amidase	H	Coenzyme transport and metabolism
NODE_5190_length_15586_cov_17.021634_18	COG1192	224113	1.49e-32	26.016	ParA	ParA-like ATPase involved in chromosome/plasmid partitioning or cellulose biosynthesis protein BcsQ	D	Cell cycle control, cell division, chromosome partitioning
NODE_5737_length_14369_cov_18.749406_1	COG1633	224548	2.45e-26	31.461	YhjR	Rubrerythrin, includes spore coat protein YhjR	P	Inorganic ion transport and metabolism
NODE_5737_length_14369_cov_18.749406_2	COG2951	225501	5.15e-107	44.554	MltB	Membrane-bound lytic murein transglycosylase B	M	Cell wall/membrane/envelope biogenesis
NODE_5737_length_14369_cov_18.749406_5	COG1252	224172	8.52e-121	35.961	Ndh	NADH dehydrogenase, FAD-containing subunit	C	Energy production and conversion
NODE_5737_length_14369_cov_18.749406_7	COG0072	223150	0.0	40.451	PheT	Phenylalanyl-tRNA synthetase beta subunit	J	Translation, ribosomal structure and biogenesis
NODE_5737_length_14369_cov_18.749406_8	COG0016	223095	9.13e-165	53.274	PheS	Phenylalanyl-tRNA synthetase alpha subunit	J	Translation, ribosomal structure and biogenesis
NODE_5737_length_14369_cov_18.749406_9	COG0292	223369	1.21e-52	70.093	RplT	Ribosomal protein L20	J	Translation, ribosomal structure and biogenesis
NODE_5737_length_14369_cov_18.749406_10	COG0291	223368	8.16e-16	52.308	RpmI	Ribosomal protein L35	J	Translation, ribosomal structure and biogenesis
NODE_5737_length_14369_cov_18.749406_12	COG0290	223367	3.6e-93	67.073	InfC	Translation initiation factor IF-3	J	Translation, ribosomal structure and biogenesis
NODE_5737_length_14369_cov_18.749406_13	COG0489	223563	2.29e-80	42.652	Mrp	Fe-S cluster carrier ATPase, Mrp/ApbC/NBP35 family	D	Cell cycle control, cell division, chromosome partitioning
NODE_5737_length_14369_cov_18.749406_14	COG4665	227011	1.35e-68	48.837	FcbT2	TRAP-type mannitol/chloroaromatic compound transport system, small permease component	Q	Secondary metabolites biosynthesis, transport and catabolism
NODE_5737_length_14369_cov_18.749406_15	COG4664	227010	4.96e-92	61.789	FcbT3	TRAP-type mannitol/chloroaromatic compound transport system, large permease component	Q	Secondary metabolites biosynthesis, transport and catabolism
NODE_5780_length_14269_cov_18.768819_1	COG2945	225496	2.23e-102	60.476		Alpha/beta superfamily hydrolase	R	General function prediction only
NODE_5780_length_14269_cov_18.768819_2	COG2234	225143	2.45e-20	24.335	Iap	Zn-dependent amino- or carboxypeptidase, M28 family	O	Posttranslational modification, protein turnover, chaperones
NODE_5780_length_14269_cov_18.768819_3	COG2377	225252	2.12e-121	45.503	AnmK	1,6-Anhydro-N-acetylmuramate kinase	M	Cell wall/membrane/envelope biogenesis
NODE_5780_length_14269_cov_18.768819_4	COG0162	223240	3.56e-167	49.157	TyrS	Tyrosyl-tRNA synthetase	J	Translation, ribosomal structure and biogenesis
NODE_5780_length_14269_cov_18.768819_5	COG3164	225705	0.000409	20.982	YhdR	Uncharacterized conserved protein YhdP, contains DUF3971 and AsmA2 domains	S	Function unknown
NODE_5780_length_14269_cov_18.768819_6	COG1225	224146	9.09e-66	58.871	Bcp	Peroxiredoxin	O	Posttranslational modification, protein turnover, chaperones
NODE_5780_length_14269_cov_18.768819_7	COG1664	224578	4.03e-27	31.148	CcmA	Cytoskeletal protein CcmA, bactofilin family	Z	Cytoskeleton
NODE_5780_length_14269_cov_18.768819_8	COG4717	227061	1.65e-08	40.58	YhaN	Uncharacterized conserved protein YhaN, contains AAA domain	S	Function unknown
NODE_5780_length_14269_cov_18.768819_9	COG0420	223497	1.05e-12	19.403	SbcD	DNA repair exonuclease SbcCD nuclease subunit	L	Replication, recombination and repair
NODE_5935_length_13966_cov_19.787506_1	COG3696	226220	0.0	50.0	CusA	Cu/Ag efflux pump CusA	P	Inorganic ion transport and metabolism
NODE_5935_length_13966_cov_19.787506_2	COG0845	223914	7.01e-28	31.212	AcrA	Multidrug efflux pump subunit AcrA (membrane-fusion protein)	M	Cell wall/membrane/envelope biogenesis
NODE_5935_length_13966_cov_19.787506_3	COG0745	223816	3.41e-78	43.172	OmpR	DNA-binding response regulator, OmpR family, contains REC and winged-helix (wHTH) domain	T	Signal transduction mechanisms
NODE_5935_length_13966_cov_19.787506_4	COG2205	225115	0.0	45.973	KdpD	K+-sensing histidine kinase KdpD	T	Signal transduction mechanisms
NODE_5935_length_13966_cov_19.787506_5	COG2156	225067	1.79e-83	52.736	KdpC	K+-transporting ATPase, KdpC subunit	P	Inorganic ion transport and metabolism
NODE_5935_length_13966_cov_19.787506_6	COG2216	225126	0.0	68.268	KdpB	K+ transport ATPase, ATPase subunit KdpB	P	Inorganic ion transport and metabolism
NODE_5935_length_13966_cov_19.787506_7	COG2060	224971	0.0	60.573	KdpA	K+-transporting ATPase, KdpA subunit	P	Inorganic ion transport and metabolism
NODE_6813_length_12532_cov_17.524565_2	COG0150	223228	0.0	57.143	PurM	Phosphoribosylaminoimidazole (AIR) synthetase	F	Nucleotide transport and metabolism
NODE_6813_length_12532_cov_17.524565_4	COG0558	223632	2.47e-21	32.768	PgsA	Phosphatidylglycerophosphate synthase	I	Lipid transport and metabolism
NODE_6813_length_12532_cov_17.524565_5	COG0628	223701	7.92e-57	30.259	PerM	Predicted PurR-regulated permease PerM	R	General function prediction only
NODE_6813_length_12532_cov_17.524565_6	COG0593	223666	6.09e-41	26.295	DnaA	Chromosomal replication initiation ATPase DnaA	L	Replication, recombination and repair
NODE_6813_length_12532_cov_17.524565_7	COG0855	223924	0.0	52.496	Ppk	Polyphosphate kinase	P	Inorganic ion transport and metabolism
NODE_6813_length_12532_cov_17.524565_8	COG0248	223326	1.3e-110	30.189	GppA	Exopolyphosphatase/pppGpp-phosphohydrolase	F	Nucleotide transport and metabolism
NODE_6813_length_12532_cov_17.524565_9	COG0484	223560	4.33e-64	34.366	DnaJ	DnaJ-class molecular chaperone with C-terminal Zn finger domain	O	Posttranslational modification, protein turnover, chaperones
NODE_6813_length_12532_cov_17.524565_10	COG0349	223426	1.56e-132	40.934	Rnd	Ribonuclease D	J	Translation, ribosomal structure and biogenesis
NODE_6895_length_12434_cov_19.896438_3	COG3275	225814	0.008	28.169	LytS	Sensor histidine kinase, LytS/YehU family	T	Signal transduction mechanisms
NODE_6895_length_12434_cov_19.896438_4	COG1077	224003	1.26e-125	51.84	MreB	Cell shape-determining ATPase MreB, actin-like superfamily	D	Cell cycle control, cell division, chromosome partitioning
NODE_6895_length_12434_cov_19.896438_5	COG0119	223197	5.82e-168	52.657	LeuA	Isopropylmalate/homocitrate/citramalate synthases	E	Amino acid transport and metabolism
NODE_6895_length_12434_cov_19.896438_6	COG0384	223461	1.2e-91	43.234	YHI9	Predicted epimerase YddE/YHI9, PhzF superfamily	R	General function prediction only
NODE_6895_length_12434_cov_19.896438_9	COG0059	223137	0.0	64.688	IlvC	Ketol-acid reductoisomerase	E	Amino acid transport and metabolism
NODE_6895_length_12434_cov_19.896438_10	COG0440	223517	2.27e-67	55.28	IlvH	Acetolactate synthase, small subunit	E	Amino acid transport and metabolism
NODE_6895_length_12434_cov_19.896438_12	COG0028	223107	0.0	49.645	IlvB	Acetolactate synthase large subunit or other thiamine pyrophosphate-requiring enzyme	E	Amino acid transport and metabolism
NODE_6895_length_12434_cov_19.896438_13	COG0324	223401	1.05e-108	45.423	MiaA	tRNA A37 N6-isopentenylltransferase MiaA	J	Translation, ribosomal structure and biogenesis
NODE_6895_length_12434_cov_19.896438_14	COG3659	226185	2.81e-05	43.182	OprB	Carbohydrate-selective porin OprB	M	Cell wall/membrane/envelope biogenesis
NODE_6962_length_12326_cov_19.170402_1	COG0726	223798	1.55e-34	34.197	CDA1	Peptidoglycan/xylan/chitin deacetylase, PgdA/NodB/CDA1 family	G	Carbohydrate transport and metabolism
NODE_6962_length_12326_cov_19.170402_2	COG3743	226266	8.01e-25	54.93	H3TH	Predicted 5' DNA nuclease, flap endonuclease-1-like, helix-3-turn-helix (H3TH) domain	L	Replication, recombination and repair
NODE_6962_length_12326_cov_19.170402_4	COG2230	225139	1.05e-126	53.684	Cfa	Cyclopropane fatty-acyl-phospholipid synthase and related methyltransferases	I	Lipid transport and metabolism
NODE_6962_length_12326_cov_19.170402_8	COG0745	223816	2.4e-72	41.304	OmpR	DNA-binding response regulator, OmpR family, contains REC and winged-helix (wHTH) domain	T	Signal transduction mechanisms
NODE_6962_length_12326_cov_19.170402_9	COG0642	223715	7.43e-48	31.153	BaeS	Signal transduction histidine kinase	T	Signal transduction mechanisms
NODE_6962_length_12326_cov_19.170402_11	COG0790	223861	5.94e-07	37.5	TPR	TPR repeat	R	General function prediction only
NODE_6962_length_12326_cov_19.170402_12	COG0604	223677	2.15e-103	44.985	Qor	NADPH:quinone reductase or related Zn-dependent oxidoreductase	C	Energy production and conversion
NODE_6962_length_12326_cov_19.170402_14	COG0586	223659	9.88e-30	28.481	DedA	Membrane integrity protein DedA, putative transporter, DedA/Tvp38 family	M	Cell wall/membrane/envelope biogenesis
NODE_6962_length_12326_cov_19.170402_15	COG2226	225136	4.13e-16	31.333	UbiE	Ubiquinone/menaquinone biosynthesis C-methylase UbiE/MenG	H	Coenzyme transport and metabolism
NODE_6962_length_12326_cov_19.170402_16	COG5379	227670	7.85e-07	45.161	BtaA	S-adenosylmethionine:diacylglycerol 3-amino-3-carboxypropyl transferase	I	Lipid transport and metabolism
NODE_6976_length_12304_cov_20.102457_3	COG0105	223183	3.21e-05	41.818	Ndk	Nucleoside diphosphate kinase	F	Nucleotide transport and metabolism
NODE_6976_length_12304_cov_20.102457_4	COG1960	224871	5.8e-101	41.772	CaiA	Acyl-CoA dehydrogenase related to the alkylation response protein AidB	I	Lipid transport and metabolism
NODE_6976_length_12304_cov_20.102457_6	COG1295	224214	1.27e-32	26.056	BrkB	Uncharacterized membrane protein, BrkB/YihY/UPF0761 family (not an RNase)	S	Function unknown
NODE_6976_length_12304_cov_20.102457_7	COG0604	223677	5.18e-63	28.226	Qor	NADPH:quinone reductase or related Zn-dependent oxidoreductase	C	Energy production and conversion
NODE_6976_length_12304_cov_20.102457_9	COG1884	224796	0.0	44.172	Sbm	Methylmalonyl-CoA mutase, N-terminal domain/subunit	I	Lipid transport and metabolism
NODE_7010_length_12247_cov_21.729659_4	COG0784	223855	6.04e-16	29.661	CheY	CheY-like REC (receiver) domain, includes chemotaxis protein CheY  and sporulation regulator Spo0F	T	Signal transduction mechanisms
NODE_7010_length_12247_cov_21.729659_5	COG2199	225109	2.2e-44	38.75	GGDEF	GGDEF domain, diguanylate cyclase (c-di-GMP synthetase) or its enzymatically inactive variants	T	Signal transduction mechanisms
NODE_7010_length_12247_cov_21.729659_6	COG0599	223672	2.79e-18	35.0	YurZ	Uncharacterized conserved protein YurZ, alkylhydroperoxidase/carboxymuconolactone decarboxylase family	R	General function prediction only
NODE_7010_length_12247_cov_21.729659_7	COG3278	225817	0.0	68.898	CcoN	Cbb3-type cytochrome oxidase, subunit 1	C	Energy production and conversion
NODE_7010_length_12247_cov_21.729659_8	COG2993	225540	6.01e-142	62.869	CcoO	Cbb3-type cytochrome oxidase, cytochrome c subunit FixO	C	Energy production and conversion
NODE_7010_length_12247_cov_21.729659_9	COG4736	227079	8.2e-06	42.308	CcoQ	Cbb3-type cytochrome oxidase, subunit 3	C	Energy production and conversion
NODE_7010_length_12247_cov_21.729659_10	COG2010	224921	7.4e-15	25.625	CccA	Cytochrome c, mono- and diheme variants	C	Energy production and conversion
NODE_7010_length_12247_cov_21.729659_11	COG0348	223425	1.71e-92	31.591	NapH	Polyferredoxin NapH	C	Energy production and conversion
NODE_7010_length_12247_cov_21.729659_12	COG5456	227743	7.16e-24	28.571	FixH	Nitrogen fixation protein FixH	P	Inorganic ion transport and metabolism
NODE_7010_length_12247_cov_21.729659_13	COG2217	225127	0.0	38.643	ZntA	Cation-transporting P-type ATPase	P	Inorganic ion transport and metabolism
NODE_7010_length_12247_cov_21.729659_14	COG3197	225738	5.11e-06	48.0	FixS	Cytochrome oxidase maturation protein, CcoS/FixS family	O	Posttranslational modification, protein turnover, chaperones
NODE_7010_length_12247_cov_21.729659_15	COG0457	223533	0.002	23.75	TPR	Tetratricopeptide (TPR) repeat	R	General function prediction only
NODE_7213_length_11948_cov_19.796183_2	COG0654	223727	1.82e-69	33.967	UbiH	2-polyprenyl-6-methoxyphenol hydroxylase and related FAD-dependent oxidoreductases	H	Coenzyme transport and metabolism
NODE_7213_length_11948_cov_19.796183_3	COG1560	224476	4.15e-50	24.43	LpxP	Palmitoleoyl-ACP: Kdo2-lipid-IV acyltransferase (lipid A biosynthesis)	I	Lipid transport and metabolism
NODE_7213_length_11948_cov_19.796183_4	COG2207	225117	2.46e-19	38.318	AraC	AraC-type DNA-binding domain and AraC-containing proteins	K	Transcription
NODE_7213_length_11948_cov_19.796183_10	COG0642	223715	4.62e-40	28.235	BaeS	Signal transduction histidine kinase	T	Signal transduction mechanisms
NODE_7213_length_11948_cov_19.796183_11	COG0745	223816	2.39e-79	46.087	OmpR	DNA-binding response regulator, OmpR family, contains REC and winged-helix (wHTH) domain	T	Signal transduction mechanisms
NODE_7213_length_11948_cov_19.796183_12	COG1846	224759	4.65e-14	26.19	MarR	DNA-binding transcriptional regulator, MarR family	K	Transcription
NODE_7213_length_11948_cov_19.796183_13	COG2301	225184	2.57e-81	32.595	CitE	Citrate lyase beta subunit	G	Carbohydrate transport and metabolism
NODE_7213_length_11948_cov_19.796183_14	COG3785	226308	2.48e-55	61.765	HspQ	Heat shock protein HspQ	O	Posttranslational modification, protein turnover, chaperones
NODE_7360_length_11739_cov_22.786032_4	COG3753	226276	1.19e-10	38.235	YidB	Uncharacterized conserved protein YidB, DUF937 family	S	Function unknown
NODE_7360_length_11739_cov_22.786032_5	COG0516	223590	1.38e-48	30.455	GuaB	IMP dehydrogenase/GMP reductase	F	Nucleotide transport and metabolism
NODE_7360_length_11739_cov_22.786032_6	COG5331	227639	1.09e-20	33.577		Uncharacterized conserved protein	S	Function unknown
NODE_7360_length_11739_cov_22.786032_7	COG0144	223222	1.16e-98	41.214	RsmB	16S rRNA C967 or C1407 C5-methylase, RsmB/RsmF family	J	Translation, ribosomal structure and biogenesis
NODE_7360_length_11739_cov_22.786032_8	COG1181	224102	7.71e-34	26.642	DdlA	D-alanine-D-alanine ligase or related ATP-grasp enzyme	M	Cell wall/membrane/envelope biogenesis
NODE_7360_length_11739_cov_22.786032_9	COG3476	226007	1.24e-28	44.355	TspO	Tryptophan-rich sensory protein TspO/CrtK (mitochondrial benzodiazepine receptor homolog)	T	Signal transduction mechanisms
NODE_7360_length_11739_cov_22.786032_11	COG2360	225235	2.06e-61	40.394	Aat	Leu/Phe-tRNA-protein transferase	O	Posttranslational modification, protein turnover, chaperones
NODE_7360_length_11739_cov_22.786032_12	COG0519	223593	0.0	68.966	GuaA2	GMP synthase, PP-ATPase domain/subunit	F	Nucleotide transport and metabolism
NODE_7614_length_11408_cov_19.725183_1	COG2759	225354	0.0	64.64	MIS1	Formyltetrahydrofolate synthetase	F	Nucleotide transport and metabolism
NODE_7614_length_11408_cov_19.725183_2	COG2308	225190	0.0	57.419		Circularly permuted ATP-grasp protein	R	General function prediction only
NODE_7614_length_11408_cov_19.725183_3	COG2307	225189	2.19e-98	36.05	Alpha-E	Uncharacterized conserved protein, Alpha-E superfamily	S	Function unknown
NODE_7614_length_11408_cov_19.725183_4	COG1305	224224	4.26e-38	28.47	YebA	Transglutaminase-like enzyme, putative cysteine protease	O	Posttranslational modification, protein turnover, chaperones
NODE_7614_length_11408_cov_19.725183_5	COG3484	226015	2.45e-116	54.959		Predicted proteasome-type protease	O	Posttranslational modification, protein turnover, chaperones
NODE_7614_length_11408_cov_19.725183_6	COG1004	223936	0.0	49.879	Ugd	UDP-glucose 6-dehydrogenase	M	Cell wall/membrane/envelope biogenesis
NODE_7614_length_11408_cov_19.725183_7	COG0158	223236	1.69e-124	46.416	Fbp	Fructose-1,6-bisphosphatase	G	Carbohydrate transport and metabolism
NODE_7614_length_11408_cov_19.725183_8	COG3954	226463	6.49e-150	54.483	PrkB	Phosphoribulokinase	G	Carbohydrate transport and metabolism
NODE_7614_length_11408_cov_19.725183_9	COG0036	223114	2.06e-119	63.107	Rpe	Pentose-5-phosphate-3-epimerase	G	Carbohydrate transport and metabolism
NODE_7641_length_11373_cov_18.958031_1	COG2352	225227	1.32e-15	22.671	Ppc	Phosphoenolpyruvate carboxylase	C	Energy production and conversion
NODE_7641_length_11373_cov_18.958031_2	COG0074	223152	4.51e-150	57.912	SucD	Succinyl-CoA synthetase, alpha subunit	C	Energy production and conversion
NODE_7641_length_11373_cov_18.958031_3	COG0045	223123	0.0	54.787	SucC	Succinyl-CoA synthetase, beta subunit	C	Energy production and conversion
NODE_7641_length_11373_cov_18.958031_4	COG2301	225184	1.3e-90	43.151	CitE	Citrate lyase beta subunit	G	Carbohydrate transport and metabolism
NODE_7641_length_11373_cov_18.958031_5	COG0075	223153	3.49e-143	40.568	PucG	Archaeal aspartate aminotransferase or a related aminotransferase, includes purine catabolism protein PucG	E	Amino acid transport and metabolism
NODE_7641_length_11373_cov_18.958031_6	COG2197	225107	9.39e-60	34.975	CitB	DNA-binding response regulator, NarL/FixJ family, contains REC and HTH domains	T	Signal transduction mechanisms
NODE_7641_length_11373_cov_18.958031_7	COG1230	224151	1.54e-90	46.233	CzcD	Co/Zn/Cd efflux system component	P	Inorganic ion transport and metabolism
NODE_7641_length_11373_cov_18.958031_8	COG0861	223930	3.36e-31	28.351	TerC	Tellurite resistance membrane protein TerC	P	Inorganic ion transport and metabolism
NODE_7641_length_11373_cov_18.958031_9	COG2759	225354	5.71e-63	72.269	MIS1	Formyltetrahydrofolate synthetase	F	Nucleotide transport and metabolism
NODE_7941_length_11021_cov_18.490790_1	COG0178	223256	0.0	65.086	UvrA	Excinuclease UvrABC ATPase subunit	L	Replication, recombination and repair
NODE_7941_length_11021_cov_18.490790_7	COG0797	223868	8.57e-15	33.981	RlpA	Peptidoglycan lytic transglycosylase RlpA, contains C-terminal SPOR domain	M	Cell wall/membrane/envelope biogenesis
NODE_7941_length_11021_cov_18.490790_8	COG3206	225747	7.86e-06	23.179	GumC	Exopolysaccharide export protein/domain GumC/Wzc1	M	Cell wall/membrane/envelope biogenesis
NODE_8210_length_10690_cov_18.206958_1	COG4558	226928	1.2e-79	42.802	ChuT	ABC-type hemin transport system, periplasmic component	P	Inorganic ion transport and metabolism
NODE_8210_length_10690_cov_18.206958_2	COG0609	223682	1.43e-59	44.337	FepD	ABC-type Fe3+-siderophore transport system, permease component	P	Inorganic ion transport and metabolism
NODE_8210_length_10690_cov_18.206958_3	COG4559	226929	3.65e-98	49.231		ABC-type hemin transport system, ATPase component	P	Inorganic ion transport and metabolism
NODE_8210_length_10690_cov_18.206958_6	COG1647	224561	1.29e-32	24.9	YvaK	Esterase/lipase	Q	Secondary metabolites biosynthesis, transport and catabolism
NODE_8210_length_10690_cov_18.206958_7	COG0665	223737	1.87e-56	24.81	DadA	Glycine/D-amino acid oxidase (deaminating)	E	Amino acid transport and metabolism
NODE_8210_length_10690_cov_18.206958_8	COG0702	223774	6.81e-16	28.241	YbjT	Uncharacterized conserved protein YbjT, contains NAD(P)-binding and DUF2867 domains	R	General function prediction only
NODE_8210_length_10690_cov_18.206958_9	COG3119	225661	1.79e-90	28.136	AslA	Arylsulfatase A or related enzyme, AlkP superfamily	P	Inorganic ion transport and metabolism
NODE_8520_length_10400_cov_17.815950_1	COG1426	224343	8.13e-08	30.303	RodZ	Cytoskeletal protein RodZ, contains Xre-like HTH and DUF4115 domains	D	Cell cycle control, cell division, chromosome partitioning
NODE_8520_length_10400_cov_17.815950_2	COG3605	226133	0.0	50.337	PtsP	Signal transduction protein containing GAF and PtsI domains	T	Signal transduction mechanisms
NODE_8520_length_10400_cov_17.815950_3	COG0527	223601	9.26e-155	40.987	MetL1	Aspartate kinase	E	Amino acid transport and metabolism
NODE_8520_length_10400_cov_17.815950_4	COG2227	225137	2.05e-97	47.899	UbiG	2-polyprenyl-3-methyl-5-hydroxy-6-metoxy-1,4-benzoquinol methylase	H	Coenzyme transport and metabolism
NODE_8520_length_10400_cov_17.815950_6	COG0457	223533	0.000134	24.37	TPR	Tetratricopeptide (TPR) repeat	R	General function prediction only
NODE_8520_length_10400_cov_17.815950_7	COG5490	227777	9.86e-08	30.189	Phasin	Predicted polyhydroxyalkanoate (PHA)-binding protein, phasin family	S	Function unknown
NODE_8520_length_10400_cov_17.815950_8	COG0642	223715	5.56e-34	27.35	BaeS	Signal transduction histidine kinase	T	Signal transduction mechanisms
NODE_8520_length_10400_cov_17.815950_10	COG3608	226135	2.58e-61	32.639		Predicted deacylase	R	General function prediction only
NODE_8583_length_10324_cov_18.538027_1	COG1595	224511	5.1e-32	36.517	RpoE	DNA-directed RNA polymerase specialized sigma subunit, sigma24 family	K	Transcription
NODE_8583_length_10324_cov_18.538027_2	COG1391	224309	0.0	40.268	GlnE1	Glutamine synthetase adenylyltransferase	O	Posttranslational modification, protein turnover, chaperones
NODE_8583_length_10324_cov_18.538027_3	COG0642	223715	1.14e-50	31.804	BaeS	Signal transduction histidine kinase	T	Signal transduction mechanisms
NODE_8583_length_10324_cov_18.538027_4	COG0745	223816	9.63e-87	45.175	OmpR	DNA-binding response regulator, OmpR family, contains REC and winged-helix (wHTH) domain	T	Signal transduction mechanisms
NODE_8583_length_10324_cov_18.538027_5	COG0265	223343	4.43e-95	37.669	DegQ	Periplasmic serine protease, S1-C subfamily, contain C-terminal PDZ domain	O	Posttranslational modification, protein turnover, chaperones
NODE_8583_length_10324_cov_18.538027_6	COG3591	226119	1.37e-05	17.647	eMpr	V8-like Glu-specific endopeptidase	O	Posttranslational modification, protein turnover, chaperones
NODE_8583_length_10324_cov_18.538027_7	COG3088	225630	1e-53	42.484	NrfF	Cytochrome c-type biogenesis protein CcmH/NrfF	C	Energy production and conversion
NODE_8583_length_10324_cov_18.538027_8	COG1138	224061	5.75e-106	45.272	CcmF	Cytochrome c biogenesis protein CcmF	C	Energy production and conversion
NODE_8620_length_10288_cov_21.147562_1	COG1566	224482	1.17e-22	22.458	EmrA	Multidrug resistance efflux pump EmrA	V	Defense mechanisms
NODE_8620_length_10288_cov_21.147562_2	COG4572	226938	2.53e-13	44.928	ChaB	Cation transport regulator ChaB	P	Inorganic ion transport and metabolism
NODE_8620_length_10288_cov_21.147562_3	COG2312	225194	3.95e-111	33.643	YbfO	Erythromycin esterase homolog	Q	Secondary metabolites biosynthesis, transport and catabolism
NODE_8620_length_10288_cov_21.147562_5	COG0517	223591	1.92e-18	39.831	CBS	CBS domain	T	Signal transduction mechanisms
NODE_8620_length_10288_cov_21.147562_6	COG5502	227789	2.6e-31	41.129		Uncharacterized conserved protein, DUF2267 family	S	Function unknown
NODE_8620_length_10288_cov_21.147562_7	COG1544	224461	1.31e-06	27.083	RaiA	Ribosome-associated translation inhibitor RaiA	J	Translation, ribosomal structure and biogenesis
NODE_8620_length_10288_cov_21.147562_8	COG4143	226624	0.00018	25.974	TbpA	ABC-type thiamine transport system, periplasmic component TbpA	H	Coenzyme transport and metabolism
NODE_8620_length_10288_cov_21.147562_9	COG1914	224826	6.06e-49	25.783	MntH	Mn2+ or Fe2+ transporter, NRAMP family	P	Inorganic ion transport and metabolism
NODE_8620_length_10288_cov_21.147562_10	COG2518	225316	5.38e-57	39.706	Pcm	Protein-L-isoaspartate O-methyltransferase	O	Posttranslational modification, protein turnover, chaperones
NODE_8620_length_10288_cov_21.147562_12	COG1538	224455	2.2e-11	22.293	TolC	Outer membrane protein TolC	M	Cell wall/membrane/envelope biogenesis
NODE_8833_length_10066_cov_14.229148_1	COG2128	225039	2.59e-10	21.831	YciW	Alkylhydroperoxidase family enzyme, contains CxxC motif	P	Inorganic ion transport and metabolism
NODE_8833_length_10066_cov_14.229148_2	COG1802	224715	1.43e-45	37.864	GntR	DNA-binding transcriptional regulator, GntR family	K	Transcription
NODE_8833_length_10066_cov_14.229148_3	COG0119	223197	2.5e-53	22.727	LeuA	Isopropylmalate/homocitrate/citramalate synthases	E	Amino acid transport and metabolism
NODE_8833_length_10066_cov_14.229148_4	COG0145	223223	0.0	39.568	HyuA	N-methylhydantoinase A/oxoprolinase/acetone carboxylase, beta subunit	E	Amino acid transport and metabolism
NODE_8833_length_10066_cov_14.229148_5	COG0146	223224	5.49e-146	35.911	HyuB	N-methylhydantoinase B/oxoprolinase/acetone carboxylase, alpha subunit	E	Amino acid transport and metabolism
NODE_8833_length_10066_cov_14.229148_6	COG1804	224717	4.82e-157	42.532	CaiB	Crotonobetainyl-CoA:carnitine CoA-transferase CaiB and related acyl-CoA transferases	I	Lipid transport and metabolism
NODE_8833_length_10066_cov_14.229148_7	COG1335	224254	5.91e-25	28.571	PncA	Nicotinamidase-related amidase	H	Coenzyme transport and metabolism
NODE_8849_length_10052_cov_19.163249_1	COG0739	223810	3.05e-44	40.0	NlpD	Murein DD-endopeptidase MepM and murein hydrolase activator NlpD, contains LysM domain	M	Cell wall/membrane/envelope biogenesis
NODE_8849_length_10052_cov_19.163249_4	COG0542	223616	0.0	59.604	ClpA	ATP-dependent Clp protease, ATP-binding subunit ClpA	O	Posttranslational modification, protein turnover, chaperones
NODE_8849_length_10052_cov_19.163249_6	COG2890	225443	4.65e-67	39.007	HemK	Methylase of polypeptide chain release factors	J	Translation, ribosomal structure and biogenesis
NODE_8849_length_10052_cov_19.163249_7	COG0216	223294	0.0	59.392	PrfA	Protein chain release factor RF1	J	Translation, ribosomal structure and biogenesis
NODE_9273_length_9675_cov_14.800312_1	COG0265	223343	8.2e-32	38.71	DegQ	Periplasmic serine protease, S1-C subfamily, contain C-terminal PDZ domain	O	Posttranslational modification, protein turnover, chaperones
NODE_9273_length_9675_cov_14.800312_2	COG1525	224442	2.26e-13	34.091	YncB	Endonuclease YncB, thermonuclease family	L	Replication, recombination and repair
NODE_9273_length_9675_cov_14.800312_3	COG1294	224213	1.06e-92	44.282	AppB	Cytochrome bd-type quinol oxidase, subunit 2	C	Energy production and conversion
NODE_9273_length_9675_cov_14.800312_4	COG1271	224190	1.99e-173	48.791	AppC	Cytochrome bd-type quinol oxidase, subunit 1	C	Energy production and conversion
NODE_9273_length_9675_cov_14.800312_5	COG2319	225201	7.36e-49	32.66	WD40	WD40 repeat	R	General function prediction only
NODE_9273_length_9675_cov_14.800312_6	COG1716	224630	3.29e-13	39.744	FHA	Forkhead associated (FHA) domain, binds pSer, pThr, pTyr	T	Signal transduction mechanisms
NODE_9273_length_9675_cov_14.800312_8	COG0631	223704	4.29e-42	33.462	PTC1	Serine/threonine protein phosphatase PrpC	T	Signal transduction mechanisms
NODE_9402_length_9552_cov_19.341266_1	COG1196	224117	2.48e-07	17.411	Smc	Chromosome segregation ATPase Smc	D	Cell cycle control, cell division, chromosome partitioning
NODE_9402_length_9552_cov_19.341266_2	COG1215	224136	1.43e-33	30.876	BcsA	Glycosyltransferase, catalytic subunit of cellulose synthase and poly-beta-1,6-N-acetylglucosamine synthase	N	Cell motility
NODE_9402_length_9552_cov_19.341266_3	COG1215	224136	1.33e-19	24.215	BcsA	Glycosyltransferase, catalytic subunit of cellulose synthase and poly-beta-1,6-N-acetylglucosamine synthase	N	Cell motility
NODE_9402_length_9552_cov_19.341266_4	COG0277	223354	6.21e-24	20.659	GlcD	FAD/FMN-containing lactate dehydrogenase/glycolate oxidase	C	Energy production and conversion
NODE_9402_length_9552_cov_19.341266_5	COG1929	224840	3.28e-170	56.579	GlxK	Glycerate kinase	G	Carbohydrate transport and metabolism
NODE_9402_length_9552_cov_19.341266_6	COG0702	223774	7.88e-18	23.786	YbjT	Uncharacterized conserved protein YbjT, contains NAD(P)-binding and DUF2867 domains	R	General function prediction only
NODE_9402_length_9552_cov_19.341266_8	COG1183	224104	4.25e-22	25.806	PssA	Phosphatidylserine synthase	I	Lipid transport and metabolism
NODE_9770_length_9239_cov_20.907339_1	COG0583	223656	1.61e-42	28.425	LysR	DNA-binding transcriptional regulator, LysR family	K	Transcription
NODE_9770_length_9239_cov_20.907339_2	COG4962	227297	1.42e-117	42.258	CpaF	Pilus assembly protein, ATPase of CpaF family	U	Intracellular trafficking, secretion, and vesicular transport
NODE_9770_length_9239_cov_20.907339_3	COG3838	226358	1.56e-12	41.111	VirB2	Type IV secretory pathway, VirB2 component (pilin)	U	Intracellular trafficking, secretion, and vesicular transport
NODE_9770_length_9239_cov_20.907339_4	COG5268	227593	2.02e-25	48.81	TrbD	Type IV secretory pathway, TrbD component	U	Intracellular trafficking, secretion, and vesicular transport
NODE_9770_length_9239_cov_20.907339_5	COG3451	225982	0.0	34.97	VirB4	Type IV secretory pathway, VirB4 component	U	Intracellular trafficking, secretion, and vesicular transport
NODE_9770_length_9239_cov_20.907339_6	COG5314	227627	1.95e-53	44.8		Conjugal transfer/entry exclusion protein	X	Mobilome: prophages, transposons
NODE_9770_length_9239_cov_20.907339_8	COG3846	226365	1.7e-86	40.583	TrbL	Type IV secretory pathway, TrbL components	U	Intracellular trafficking, secretion, and vesicular transport
NODE_9770_length_9239_cov_20.907339_9	COG3701	226224	1.63e-122	58.772	TrbF	Type IV secretory pathway, TrbF component	U	Intracellular trafficking, secretion, and vesicular transport
NODE_9770_length_9239_cov_20.907339_10	COG3504	226035	3.01e-54	37.198	VirB9	Type IV secretory pathway, VirB9 components	U	Intracellular trafficking, secretion, and vesicular transport
NODE_9804_length_9210_cov_17.404806_1	COG5451	227738	1.88e-31	44.444		Predicted secreted protein	S	Function unknown
NODE_9804_length_9210_cov_17.404806_2	COG2135	225046	2.84e-83	46.667	SRAP	ssDNA abasic site-binding protein YedK/HMCES, SRAP family	L	Replication, recombination and repair
NODE_9804_length_9210_cov_17.404806_3	COG0277	223354	4.68e-128	41.631	GlcD	FAD/FMN-containing lactate dehydrogenase/glycolate oxidase	C	Energy production and conversion
NODE_9804_length_9210_cov_17.404806_5	COG0009	223088	3.31e-86	51.5	TsaC	tRNA A37 threonylcarbamoyladenosine synthetase subunit TsaC/SUA5/YrdC	J	Translation, ribosomal structure and biogenesis
NODE_9804_length_9210_cov_17.404806_7	COG1028	223959	9.02e-41	35.317	FabG	NAD(P)-dependent dehydrogenase, short-chain alcohol dehydrogenase family	I	Lipid transport and metabolism
NODE_9804_length_9210_cov_17.404806_8	COG0123	223201	6.66e-101	44.969	AcuC	Acetoin utilization deacetylase AcuC or a related deacetylase	Q	Secondary metabolites biosynthesis, transport and catabolism
NODE_9804_length_9210_cov_17.404806_9	COG1722	224636	1.5e-21	42.466	XseB	Exonuclease VII small subunit	L	Replication, recombination and repair
NODE_9804_length_9210_cov_17.404806_12	COG1154	224076	1.17e-08	55.556	Dxs	Deoxyxylulose-5-phosphate synthase	H	Coenzyme transport and metabolism
NODE_9905_length_9132_cov_21.786824_1	COG0422	223499	0.0	68.351	ThiC	4-amino-2-methyl-5-hydroxymethylpyrimidine (HMP) synthase ThiC	H	Coenzyme transport and metabolism
NODE_9905_length_9132_cov_21.786824_3	COG0330	223407	8.42e-39	41.232	HflC	Regulator of protease activity HflC, stomatin/prohibitin superfamily	O	Posttranslational modification, protein turnover, chaperones
NODE_9905_length_9132_cov_21.786824_4	COG1858	224771	1.73e-81	34.341	MauG	Cytochrome c peroxidase	O	Posttranslational modification, protein turnover, chaperones
NODE_9905_length_9132_cov_21.786824_5	COG4783	227122	1.91e-05	33.333	BepA	Outer membrane protein chaperone/metalloprotease BepA/YfgC, contains M48 and TPR domains	M	Cell wall/membrane/envelope biogenesis
NODE_9905_length_9132_cov_21.786824_6	COG1733	224647	6.75e-39	56.842	HxlR	DNA-binding transcriptional regulator, HxlR family	K	Transcription
NODE_9905_length_9132_cov_21.786824_8	COG5552	227839	3.06e-30	55.172		Uncharacterized conserved protein, DUF2277 domain	S	Function unknown
NODE_9905_length_9132_cov_21.786824_9	COG2930	225482	1.2e-23	32.432	SYLF	Lipid-binding SYLF domain, Ysc84/FYVE family	I	Lipid transport and metabolism
NODE_9905_length_9132_cov_21.786824_11	COG4319	226769	3.21e-23	34.4	YybH	Ketosteroid isomerase homolog YybH	R	General function prediction only
NODE_9905_length_9132_cov_21.786824_12	COG0672	223744	2.68e-17	26.102	FTR1	High-affinity Fe2+/Pb2+ permease	P	Inorganic ion transport and metabolism
NODE_9905_length_9132_cov_21.786824_14	COG5207	227532	1.02e-05	43.243	UBP14	Uncharacterized Zn-finger protein, UBP-type	R	General function prediction only
NODE_10148_length_8949_cov_19.251968_1	COG4964	227299	7.03e-07	28.986	CpaC	Flp pilus assembly protein, secretin CpaC	U	Intracellular trafficking, secretion, and vesicular transport
NODE_10148_length_8949_cov_19.251968_2	COG4961	227296	5.96e-14	23.077	TadG	Flp pilus assembly protein TadG, includes N-terminal TadE domain	U	Intracellular trafficking, secretion, and vesicular transport
NODE_10148_length_8949_cov_19.251968_3	COG4961	227296	5.16e-06	21.512	TadG	Flp pilus assembly protein TadG, includes N-terminal TadE domain	U	Intracellular trafficking, secretion, and vesicular transport
NODE_10148_length_8949_cov_19.251968_4	COG1309	224228	2.14e-12	28.293	AcrR	DNA-binding protein, AcrR family, includes nucleoid occlusion protein SlmA	K	Transcription
NODE_10148_length_8949_cov_19.251968_6	COG0053	223131	2.91e-84	38.462	FieF	Divalent metal cation (Fe/Co/Zn/Cd) efflux pump	P	Inorganic ion transport and metabolism
NODE_10148_length_8949_cov_19.251968_8	COG3239	225779	2.12e-29	26.866	DesA	Fatty acid desaturase	I	Lipid transport and metabolism
NODE_10510_length_8677_cov_16.139991_1	COG2885	225439	3.95e-23	25.806	OmpA	Outer membrane protein OmpA and related peptidoglycan-associated (lipo)proteins	M	Cell wall/membrane/envelope biogenesis
NODE_10510_length_8677_cov_16.139991_2	COG5429	227716	1.53e-74	48.101		Uncharacterized conserved protein, DUF1223 domain	S	Function unknown
NODE_10510_length_8677_cov_16.139991_4	COG1432	224349	1.65e-55	43.716	LabA	NYN domain, predicted PIN-related RNAse, tRNA/rRNA maturation	R	General function prediction only
NODE_10510_length_8677_cov_16.139991_5	COG2207	225117	7e-17	31.068	AraC	AraC-type DNA-binding domain and AraC-containing proteins	K	Transcription
NODE_10510_length_8677_cov_16.139991_6	COG3631	226158	6.81e-09	25.217	YesE	Ketosteroid isomerase-related protein	R	General function prediction only
NODE_10510_length_8677_cov_16.139991_8	COG0810	223880	1.44e-09	18.593	TonB	Periplasmic protein TonB, links inner and outer membranes	M	Cell wall/membrane/envelope biogenesis
NODE_10543_length_8652_cov_17.104804_2	COG1028	223959	4.28e-75	42.0	FabG	NAD(P)-dependent dehydrogenase, short-chain alcohol dehydrogenase family	I	Lipid transport and metabolism
NODE_10543_length_8652_cov_17.104804_3	COG0640	223713	2.43e-08	30.851	ArsR	DNA-binding transcriptional regulator, ArsR family	K	Transcription
NODE_10543_length_8652_cov_17.104804_7	COG0662	223734	3.51e-13	19.565	ManC	Mannose-6-phosphate isomerase, cupin superfamily	G	Carbohydrate transport and metabolism
NODE_10543_length_8652_cov_17.104804_8	COG1801	224714	1.17e-71	31.086	YecE	Sugar isomerase-related protein YecE, UPF0759/DUF72 family	R	General function prediction only
NODE_10543_length_8652_cov_17.104804_9	COG0662	223734	1.12e-11	26.471	ManC	Mannose-6-phosphate isomerase, cupin superfamily	G	Carbohydrate transport and metabolism
NODE_10543_length_8652_cov_17.104804_12	COG1664	224578	2.36e-14	24.444	CcmA	Cytoskeletal protein CcmA, bactofilin family	Z	Cytoskeleton
NODE_10779_length_8486_cov_18.925394_1	COG3659	226185	3.03e-18	21.447	OprB	Carbohydrate-selective porin OprB	M	Cell wall/membrane/envelope biogenesis
NODE_10779_length_8486_cov_18.925394_2	COG3369	225904	5.8e-08	29.091		Uncharacterized conserved protein, contains Zn-finger domain of CDGSH type	S	Function unknown
NODE_10779_length_8486_cov_18.925394_3	COG0559	223633	4.4e-83	45.724	LivH	Branched-chain amino acid ABC-type transport system, permease component	E	Amino acid transport and metabolism
NODE_10779_length_8486_cov_18.925394_4	COG4177	226645	2.23e-77	43.182	LivM	ABC-type branched-chain amino acid transport system, permease component	E	Amino acid transport and metabolism
NODE_10779_length_8486_cov_18.925394_5	COG0411	223488	4.02e-121	47.917	LivG	ABC-type branched-chain amino acid transport system, ATPase component LivG	E	Amino acid transport and metabolism
NODE_10779_length_8486_cov_18.925394_6	COG0410	223487	1.71e-129	60.338	LivF	ABC-type branched-chain amino acid transport system, ATPase component LivF	E	Amino acid transport and metabolism
NODE_10779_length_8486_cov_18.925394_8	COG0683	223755	5.58e-103	42.254	LivK	ABC-type branched-chain amino acid transport system, periplasmic component	E	Amino acid transport and metabolism
NODE_10779_length_8486_cov_18.925394_9	COG0683	223755	2.16e-61	31.933	LivK	ABC-type branched-chain amino acid transport system, periplasmic component	E	Amino acid transport and metabolism
NODE_11265_length_8153_cov_17.492097_1	COG3829	226350	0.00079	17.949	RocR	RocR-type transcriptional regulator, contains PAS, AAA-type ATPase, and DNA-binding Fis domains	K	Transcription
NODE_11265_length_8153_cov_17.492097_2	COG5001	227334	1.41e-107	38.274		Cyclic di-GMP metabolism protein, combines GGDEF and EAL domains with a 6TM membrane domain	T	Signal transduction mechanisms
NODE_11265_length_8153_cov_17.492097_3	COG1793	224706	2.4e-08	23.718	CDC9	ATP-dependent DNA ligase	L	Replication, recombination and repair
NODE_11265_length_8153_cov_17.492097_5	COG0308	223385	0.0	39.663	PepN	Aminopeptidase N, contains DUF3458 domain	E	Amino acid transport and metabolism
NODE_11265_length_8153_cov_17.492097_6	COG0642	223715	2.78e-20	24.354	BaeS	Signal transduction histidine kinase	T	Signal transduction mechanisms
NODE_11265_length_8153_cov_17.492097_7	COG3678	226203	1.53e-09	28.859	CpxP	Periplasmic chaperone Spy, Spy/CpxP family	O	Posttranslational modification, protein turnover, chaperones
NODE_11302_length_8129_cov_19.538147_1	COG3119	225661	8.43e-26	48.571	AslA	Arylsulfatase A or related enzyme, AlkP superfamily	P	Inorganic ion transport and metabolism
NODE_11302_length_8129_cov_19.538147_3	COG0463	223539	6.98e-16	36.0	WcaA	Glycosyltransferase involved in cell wall bisynthesis	M	Cell wall/membrane/envelope biogenesis
NODE_11302_length_8129_cov_19.538147_4	COG1566	224482	3.16e-06	20.962	EmrA	Multidrug resistance efflux pump EmrA	V	Defense mechanisms
NODE_11302_length_8129_cov_19.538147_7	COG1324	224243	2.58e-32	43.564	CutA1	Divalent cation tolerance protein CutA	P	Inorganic ion transport and metabolism
NODE_11302_length_8129_cov_19.538147_8	COG0061	223139	5.39e-76	30.916	NadK	NAD kinase	H	Coenzyme transport and metabolism
NODE_11302_length_8129_cov_19.538147_10	COG0778	223849	3.83e-09	27.211	NfnB	Nitroreductase	C	Energy production and conversion
NODE_11387_length_8063_cov_20.137612_1	COG4227	226680	5.89e-77	52.778	ArdC	Antirestriction protein ArdC	L	Replication, recombination and repair
NODE_11387_length_8063_cov_20.137612_2	COG1475	224392	1.39e-15	26.943	Spo0J	Chromosome segregation protein Spo0J, contains ParB-like nuclease domain	D	Cell cycle control, cell division, chromosome partitioning
NODE_11759_length_7831_cov_18.287809_1	COG0587	223660	5.63e-134	44.482	DnaE	DNA polymerase III, alpha subunit	L	Replication, recombination and repair
NODE_11759_length_7831_cov_18.287809_2	COG1917	224829	1.29e-08	26.437	QdoI	Cupin domain protein related to quercetin dioxygenase	R	General function prediction only
NODE_11759_length_7831_cov_18.287809_3	COG0405	223482	0.0	45.255	Ggt	Gamma-glutamyltranspeptidase	E	Amino acid transport and metabolism
NODE_11759_length_7831_cov_18.287809_4	COG0665	223737	2.25e-24	27.027	DadA	Glycine/D-amino acid oxidase (deaminating)	E	Amino acid transport and metabolism
NODE_11759_length_7831_cov_18.287809_6	COG2104	225015	1.97e-13	35.938	ThiS	Sulfur carrier protein ThiS (thiamine biosynthesis)	H	Coenzyme transport and metabolism
NODE_11759_length_7831_cov_18.287809_7	COG2022	224933	2.86e-44	54.369	ThiG	Thiazole synthase ThiGH, ThiG subunit (thiamin biosynthesis)	H	Coenzyme transport and metabolism
NODE_11887_length_7748_cov_15.553490_1	COG0422	223499	1.3e-32	50.485	ThiC	4-amino-2-methyl-5-hydroxymethylpyrimidine (HMP) synthase ThiC	H	Coenzyme transport and metabolism
NODE_11887_length_7748_cov_15.553490_2	COG0600	223673	2.4e-59	35.656	TauC	ABC-type nitrate/sulfonate/bicarbonate transport system, permease component	P	Inorganic ion transport and metabolism
NODE_11887_length_7748_cov_15.553490_3	COG1116	224041	3.73e-131	55.039	TauB	ABC-type nitrate/sulfonate/bicarbonate transport system, ATPase component	P	Inorganic ion transport and metabolism
NODE_11887_length_7748_cov_15.553490_4	COG1246	224167	9.16e-09	23.846	ArgA	N-acetylglutamate synthase or related acetyltransferase, GNAT family	E	Amino acid transport and metabolism
NODE_11887_length_7748_cov_15.553490_6	COG0493	223567	1.42e-172	42.796	GltD	NADPH-dependent glutamate synthase beta chain or related oxidoreductase	E	Amino acid transport and metabolism
NODE_11887_length_7748_cov_15.553490_7	COG0069	223147	4.18e-150	66.939	GltB2	Glutamate synthase domain 2	E	Amino acid transport and metabolism
NODE_12219_length_7567_cov_28.562433_2	COG2060	224971	0.0	65.771	KdpA	K+-transporting ATPase, KdpA subunit	P	Inorganic ion transport and metabolism
NODE_12219_length_7567_cov_28.562433_3	COG2216	225126	0.0	70.228	KdpB	K+ transport ATPase, ATPase subunit KdpB	P	Inorganic ion transport and metabolism
NODE_12219_length_7567_cov_28.562433_4	COG2156	225067	4.14e-96	56.784	KdpC	K+-transporting ATPase, KdpC subunit	P	Inorganic ion transport and metabolism
NODE_12219_length_7567_cov_28.562433_5	COG2205	225115	0.0	49.607	KdpD	K+-sensing histidine kinase KdpD	T	Signal transduction mechanisms
NODE_13214_length_7032_cov_16.117242_1	COG0745	223816	4.34e-12	42.222	OmpR	DNA-binding response regulator, OmpR family, contains REC and winged-helix (wHTH) domain	T	Signal transduction mechanisms
NODE_13214_length_7032_cov_16.117242_4	COG2140	225051	2.21e-50	33.178	OxdD	Oxalate decarboxylase/archaeal phosphoglucose isomerase, cupin superfamily	G	Carbohydrate transport and metabolism
NODE_13214_length_7032_cov_16.117242_6	COG1091	224016	1.66e-115	48.464	RfbD	dTDP-4-dehydrorhamnose reductase	M	Cell wall/membrane/envelope biogenesis
NODE_13214_length_7032_cov_16.117242_7	COG5472	227759	5.7e-56	53.374		Predicted small integral membrane protein	S	Function unknown
NODE_13214_length_7032_cov_16.117242_8	COG0491	223565	1.64e-44	30.973	GloB	Glyoxylase or a related metal-dependent hydrolase, beta-lactamase superfamily II	R	General function prediction only
NODE_13469_length_6902_cov_18.775668_2	COG2764	225356	3.76e-45	44.882	PhnB	Zn-dependent glyoxalase, PhnB family	C	Energy production and conversion
NODE_13469_length_6902_cov_18.775668_3	COG0174	223252	7.24e-102	28.212	GlnA	Glutamine synthetase	E	Amino acid transport and metabolism
NODE_13469_length_6902_cov_18.775668_5	COG2066	224977	1.83e-159	60.069	GlsA	Glutaminase	E	Amino acid transport and metabolism
NODE_14428_length_6470_cov_17.442245_1	COG2114	225025	1.51e-14	27.619	AcyC	Adenylate cyclase, class 3	T	Signal transduction mechanisms
NODE_14428_length_6470_cov_17.442245_2	COG0394	223471	2.02e-35	34.532	Wzb	Protein-tyrosine-phosphatase	T	Signal transduction mechanisms
NODE_14428_length_6470_cov_17.442245_3	COG5328	227636	2.62e-81	60.0		Uncharacterized conserved protein, UPF0262 family	S	Function unknown
NODE_14428_length_6470_cov_17.442245_4	COG0141	223219	0.0	54.676	HisD	Histidinol dehydrogenase	E	Amino acid transport and metabolism
NODE_14428_length_6470_cov_17.442245_7	COG0766	223837	0.0	59.441	MurA	UDP-N-acetylglucosamine enolpyruvyl transferase	M	Cell wall/membrane/envelope biogenesis
NODE_14428_length_6470_cov_17.442245_9	COG0451	223528	6.58e-82	37.695	WcaG	Nucleoside-diphosphate-sugar epimerase	M	Cell wall/membrane/envelope biogenesis
NODE_14428_length_6470_cov_17.442245_10	COG0662	223734	3.2e-05	62.5	ManC	Mannose-6-phosphate isomerase, cupin superfamily	G	Carbohydrate transport and metabolism
NODE_15539_length_6051_cov_19.293696_1	COG1376	224294	5.57e-32	38.667	ErfK	Lipoprotein-anchoring transpeptidase ErfK/SrfK	M	Cell wall/membrane/envelope biogenesis
NODE_15539_length_6051_cov_19.293696_2	COG4544	226918	2.73e-23	33.068		Uncharacterized conserved protein	S	Function unknown
NODE_15539_length_6051_cov_19.293696_3	COG0389	223466	1.08e-06	24.055	DinP	Nucleotidyltransferase/DNA polymerase DinP involved in DNA repair	L	Replication, recombination and repair
NODE_15539_length_6051_cov_19.293696_4	COG0587	223660	0.0	34.735	DnaE	DNA polymerase III, alpha subunit	L	Replication, recombination and repair
NODE_15925_length_5915_cov_19.631058_1	COG0209	223287	1.99e-117	19.727	NrdA	Ribonucleotide reductase alpha subunit	F	Nucleotide transport and metabolism
NODE_15925_length_5915_cov_19.631058_2	COG2856	225412	0.000173	33.333	ImmA	Zn-dependent peptidase ImmA, M78 family	O	Posttranslational modification, protein turnover, chaperones
NODE_16519_length_5739_cov_15.372449_1	COG1396	224314	0.000492	29.091	HipB	Transcriptional regulator, contains XRE-family HTH domain	K	Transcription
NODE_16519_length_5739_cov_15.372449_2	COG0384	223461	6.72e-94	44.85	YHI9	Predicted epimerase YddE/YHI9, PhzF superfamily	R	General function prediction only
NODE_16519_length_5739_cov_15.372449_3	COG3637	226163	7.16e-24	27.0	LomR	Opacity protein LomR and related surface antigens	M	Cell wall/membrane/envelope biogenesis
NODE_16519_length_5739_cov_15.372449_5	COG0137	223215	0.003	52.174	ArgG	Argininosuccinate synthase	E	Amino acid transport and metabolism
NODE_16519_length_5739_cov_15.372449_6	COG2195	225106	1.22e-27	24.221	PepD2	Di- or tripeptidase	E	Amino acid transport and metabolism
NODE_16519_length_5739_cov_15.372449_7	COG2261	225170	0.005	37.097	YeaQ	Uncharacterized membrane protein YeaQ/YmgE, transglycosylase-associated protein family	R	General function prediction only
NODE_16686_length_5687_cov_22.139382_2	COG2270	225179	3.29e-106	35.268	BtlA	MFS-type transporter involved in bile tolerance, Atg22 family	R	General function prediction only
NODE_16686_length_5687_cov_22.139382_3	COG3762	226285	2.26e-42	37.681		Uncharacterized membrane protein	S	Function unknown
NODE_16686_length_5687_cov_22.139382_4	COG1512	224429	1.77e-57	42.703	YgcG	Uncharacterized membrane protein YgcG, contains a TPM-fold domain	S	Function unknown
NODE_16686_length_5687_cov_22.139382_5	COG1704	224618	2.35e-74	47.12	LemA	Magnetosome formation protein MamQ, lipoprotein antigen LemA family	M	Cell wall/membrane/envelope biogenesis
NODE_16686_length_5687_cov_22.139382_6	COG1192	224113	1.3e-32	26.69	ParA	ParA-like ATPase involved in chromosome/plasmid partitioning or cellulose biosynthesis protein BcsQ	D	Cell cycle control, cell division, chromosome partitioning
NODE_16699_length_5684_cov_16.011725_1	COG0811	223881	1.37e-68	42.13	TolQ	Biopolymer transport protein ExbB/TolQ	U	Intracellular trafficking, secretion, and vesicular transport
NODE_16699_length_5684_cov_16.011725_3	COG0288	223365	2.11e-05	38.462	CynT	Carbonic anhydrase	P	Inorganic ion transport and metabolism
NODE_16699_length_5684_cov_16.011725_4	COG0288	223365	2.26e-35	36.667	CynT	Carbonic anhydrase	P	Inorganic ion transport and metabolism
NODE_16699_length_5684_cov_16.011725_5	COG0642	223715	2.49e-44	31.034	BaeS	Signal transduction histidine kinase	T	Signal transduction mechanisms
NODE_16699_length_5684_cov_16.011725_6	COG0745	223816	9.26e-36	44.595	OmpR	DNA-binding response regulator, OmpR family, contains REC and winged-helix (wHTH) domain	T	Signal transduction mechanisms
NODE_16699_length_5684_cov_16.011725_7	COG3000	225546	2.58e-12	34.375	ERG3	Sterol desaturase/sphingolipid hydroxylase, fatty acid hydroxylase superfamily	I	Lipid transport and metabolism
NODE_17061_length_5578_cov_17.374796_1	COG2202	225112	0.00012	27.184	PAS	PAS domain	T	Signal transduction mechanisms
NODE_17061_length_5578_cov_17.374796_2	COG0071	223149	6.39e-30	31.034	IbpA	Small heat shock protein IbpA, HSP20 family	O	Posttranslational modification, protein turnover, chaperones
NODE_17061_length_5578_cov_17.374796_4	COG1064	223992	1.57e-121	39.701	AdhP	D-arabinose 1-dehydrogenase, Zn-dependent alcohol dehydrogenase family	G	Carbohydrate transport and metabolism
NODE_17061_length_5578_cov_17.374796_5	COG2187	225098	7.75e-73	37.681		Aminoglycoside phosphotransferase family enzyme	R	General function prediction only
NODE_17061_length_5578_cov_17.374796_6	COG0531	223605	3.04e-28	29.34	PotE	Serine transporter YbeC, amino acid:H+ symporter family	E	Amino acid transport and metabolism
NODE_17093_length_5569_cov_17.218535_1	COG3547	226077	3.75e-14	30.469		Transposase	X	Mobilome: prophages, transposons
NODE_17093_length_5569_cov_17.218535_2	COG0433	223510	2.5e-19	34.454	HerA	Archaeal DNA helicase HerA or a related bacterial ATPase, contains HAS-barrel and ATPase domains	L	Replication, recombination and repair
NODE_17093_length_5569_cov_17.218535_3	COG2721	225342	0.0	51.852	UxaA	Altronate dehydratase	G	Carbohydrate transport and metabolism
NODE_17093_length_5569_cov_17.218535_4	COG3093	225635	2.57e-34	45.918	VapI	Plasmid maintenance system antidote protein VapI, contains XRE-type HTH domain	V	Defense mechanisms
NODE_17093_length_5569_cov_17.218535_5	COG0624	223697	6.76e-100	32.234	ArgE	Acetylornithine deacetylase/Succinyl-diaminopimelate desuccinylase or related deacylase	E	Amino acid transport and metabolism
NODE_18413_length_5208_cov_16.976907_1	COG0840	223910	0.002	15.47	Tar	Methyl-accepting chemotaxis protein (MCP)	T	Signal transduction mechanisms
NODE_18413_length_5208_cov_16.976907_2	COG0702	223774	1.85e-35	30.35	YbjT	Uncharacterized conserved protein YbjT, contains NAD(P)-binding and DUF2867 domains	R	General function prediction only
NODE_18413_length_5208_cov_16.976907_3	COG5568	227855	2.65e-18	40.789		Uncharacterized conserved protein, DUF1150 family	S	Function unknown
NODE_18413_length_5208_cov_16.976907_4	COG0071	223149	1.96e-27	31.343	IbpA	Small heat shock protein IbpA, HSP20 family	O	Posttranslational modification, protein turnover, chaperones
NODE_18413_length_5208_cov_16.976907_5	COG0612	223685	7.84e-108	33.489	PqqL	Predicted Zn-dependent peptidase, M16 family	R	General function prediction only
NODE_19310_length_4995_cov_18.471660_1	COG2022	224933	4.2e-91	57.059	ThiG	Thiazole synthase ThiGH, ThiG subunit (thiamin biosynthesis)	H	Coenzyme transport and metabolism
NODE_19310_length_4995_cov_18.471660_3	COG0276	223353	1.58e-141	44.785	HemH	Protoheme ferro-lyase (ferrochelatase)	H	Coenzyme transport and metabolism
NODE_19310_length_4995_cov_18.471660_5	COG0794	223865	5.7e-82	50.99	GutQ	D-arabinose 5-phosphate isomerase GutQ	G	Carbohydrate transport and metabolism
NODE_20104_length_4823_cov_18.928272_2	COG3387	225922	0.004	38.71	SGA1	Glucoamylase (glucan-1,4-alpha-glucosidase), GH15 family	G	Carbohydrate transport and metabolism
NODE_20104_length_4823_cov_18.928272_4	COG2512	225310	0.003	20.833		Predicted transcriptional regulator, contains CW (cell wall-binding) repeats and an HTH domain	R	General function prediction only
NODE_21925_length_4470_cov_18.845527_3	COG0667	223739	8.39e-89	33.546	PdxI	Pyridoxal reductase PdxI or related oxidoreductase, aldo/keto reductase family	H	Coenzyme transport and metabolism
NODE_21925_length_4470_cov_18.845527_6	COG4320	226770	4.37e-15	21.893		Uncharacterized conserved protein, DUF2252 family	S	Function unknown
NODE_21925_length_4470_cov_18.845527_8	COG1231	224152	8.76e-13	39.241	YobN	Monoamine oxidase	E	Amino acid transport and metabolism
NODE_22092_length_4438_cov_13.883641_1	COG0457	223533	5.63e-17	23.311	TPR	Tetratricopeptide (TPR) repeat	R	General function prediction only
NODE_22092_length_4438_cov_13.883641_2	COG0389	223466	4.72e-112	43.02	DinP	Nucleotidyltransferase/DNA polymerase DinP involved in DNA repair	L	Replication, recombination and repair
NODE_22092_length_4438_cov_13.883641_4	COG0747	223818	1.26e-16	26.761	DdpA	ABC-type transport system, periplasmic component	E	Amino acid transport and metabolism
NODE_22982_length_4292_cov_18.427897_2	COG1752	224666	3.26e-11	27.586	RssA	Predicted acylesterase/phospholipase RssA, containd patatin domain	R	General function prediction only
NODE_22982_length_4292_cov_18.427897_3	COG0488	223562	0.0	48.699	Uup	ATPase components of ABC transporters with duplicated ATPase domains	R	General function prediction only
NODE_22982_length_4292_cov_18.427897_4	COG4691	227035	2.16e-10	65.0	StbC1	Plasmid stability protein StbC1, contains ribbon-helix-helix domain	V	Defense mechanisms
NODE_22982_length_4292_cov_18.427897_5	COG4374	226811	2.2e-19	34.921		PIN domain nuclease, a component of toxin-antitoxin system (PIN domain)	V	Defense mechanisms
NODE_22982_length_4292_cov_18.427897_7	COG3660	226186	4.37e-07	39.024	ELM1	Mitochondrial fission protein ELM1	D	Cell cycle control, cell division, chromosome partitioning
NODE_24492_length_4069_cov_103.115097_1	COG0234	223312	6.77e-52	67.368	GroES	Co-chaperonin GroES (HSP10)	O	Posttranslational modification, protein turnover, chaperones
NODE_24492_length_4069_cov_103.115097_2	COG0459	223535	0.0	50.093	GroEL	Chaperonin GroEL (HSP60 family)	O	Posttranslational modification, protein turnover, chaperones
NODE_24492_length_4069_cov_103.115097_3	COG0071	223149	5.22e-09	24.138	IbpA	Small heat shock protein IbpA, HSP20 family	O	Posttranslational modification, protein turnover, chaperones
NODE_24492_length_4069_cov_103.115097_4	COG0583	223656	1.78e-44	33.667	LysR	DNA-binding transcriptional regulator, LysR family	K	Transcription
NODE_24786_length_4027_cov_20.282226_2	COG0664	223736	2.92e-21	29.358	Crp	cAMP-binding domain of CRP or a regulatory subunit of cAMP-dependent protein kinases	T	Signal transduction mechanisms
NODE_24786_length_4027_cov_20.282226_3	COG0300	223377	2.51e-40	30.466	YqjQ	Short-chain dehydrogenase	R	General function prediction only
NODE_24786_length_4027_cov_20.282226_4	COG0596	223669	1.17e-27	26.736	MenH	2-succinyl-6-hydroxy-2,4-cyclohexadiene-1-carboxylate synthase MenH and related esterases, alpha/beta hydrolase fold	H	Coenzyme transport and metabolism
NODE_24786_length_4027_cov_20.282226_5	COG0614	223687	2.15e-42	25.597	FepB	ABC-type Fe3+-hydroxamate transport system, periplasmic component	P	Inorganic ion transport and metabolism
NODE_25140_length_3975_cov_16.134439_1	COG0491	223565	3.95e-13	22.128	GloB	Glyoxylase or a related metal-dependent hydrolase, beta-lactamase superfamily II	R	General function prediction only
NODE_25140_length_3975_cov_16.134439_2	COG0463	223539	8.56e-18	28.436	WcaA	Glycosyltransferase involved in cell wall bisynthesis	M	Cell wall/membrane/envelope biogenesis
NODE_25140_length_3975_cov_16.134439_3	COG2100	225011	4.78e-06	21.622		Uncharacterized Fe-S cluster-containing enzyme, radical SAM superfamily	R	General function prediction only
NODE_25140_length_3975_cov_16.134439_4	COG0164	223242	1.14e-67	54.45	RnhB	Ribonuclease HII	L	Replication, recombination and repair
NODE_25310_length_3952_cov_20.356171_1	COG4974	227308	2.73e-21	28.674	XerD	Site-specific recombinase XerD	L	Replication, recombination and repair
NODE_25310_length_3952_cov_20.356171_2	COG4974	227308	5.23e-25	30.038	XerD	Site-specific recombinase XerD	L	Replication, recombination and repair
NODE_25310_length_3952_cov_20.356171_3	COG4974	227308	2.94e-53	31.879	XerD	Site-specific recombinase XerD	L	Replication, recombination and repair
NODE_26365_length_3813_cov_33.266365_1	COG1071	223997	8.4e-152	47.516	AcoA	TPP-dependent pyruvate or acetoin dehydrogenase subunit alpha	C	Energy production and conversion
NODE_26365_length_3813_cov_33.266365_2	COG0022	223101	0.0	55.864	AcoB	Pyruvate/2-oxoglutarate/acetoin dehydrogenase complex, dehydrogenase (E1) component, beta subunit	C	Energy production and conversion
NODE_26365_length_3813_cov_33.266365_4	COG0508	223582	1.7e-94	41.379	AceF	Pyruvate/2-oxoglutarate dehydrogenase complex, dihydrolipoamide acyltransferase (E2) component	C	Energy production and conversion
NODE_26603_length_3784_cov_15.271118_1	COG4731	227074	1.44e-16	28.966		Uncharacterized conserved protein, DUF2147 family	S	Function unknown
NODE_26603_length_3784_cov_15.271118_2	COG0620	223693	6.78e-22	21.233	MetE	Methionine synthase II (cobalamin-independent)	E	Amino acid transport and metabolism
NODE_26603_length_3784_cov_15.271118_3	COG0620	223693	1.01e-08	25.714	MetE	Methionine synthase II (cobalamin-independent)	E	Amino acid transport and metabolism
NODE_26603_length_3784_cov_15.271118_5	COG0019	223098	2.79e-166	47.487	LysA	Diaminopimelate decarboxylase	E	Amino acid transport and metabolism
NODE_27641_length_3659_cov_19.624306_1	COG3865	226383	1.28e-25	64.815		Glyoxalase superfamily enzyme, possible 3-demethylubiquinone-9 3-methyltransferase	R	General function prediction only
NODE_27641_length_3659_cov_19.624306_2	COG0346	223423	1.1e-11	23.022	GloA	Catechol 2,3-dioxygenase or related enzyme, vicinal oxygen chelate (VOC) family	Q	Secondary metabolites biosynthesis, transport and catabolism
NODE_27641_length_3659_cov_19.624306_5	COG0179	223257	5.07e-42	32.796	YcgM	2-keto-4-pentenoate hydratase/2-oxohepta-3-ene-1,7-dioic acid hydratase (catechol pathway)	Q	Secondary metabolites biosynthesis, transport and catabolism
NODE_27641_length_3659_cov_19.624306_6	COG1878	224790	1.66e-34	32.95		Kynurenine formamidase	E	Amino acid transport and metabolism
NODE_28438_length_3568_cov_25.492457_1	COG0789	223860	1.13e-25	35.0	SoxR	DNA-binding transcriptional regulator, MerR family	K	Transcription
NODE_28438_length_3568_cov_25.492457_3	COG2608	225328	6.49e-15	40.299	CopZ	Copper chaperone CopZ	P	Inorganic ion transport and metabolism
NODE_28438_length_3568_cov_25.492457_5	COG1249	224169	4.02e-119	45.556	Lpd	Dihydrolipoamide dehydrogenase (E3) component of pyruvate/2-oxoglutarate dehydrogenase complex or glutathione oxidoreductase	C	Energy production and conversion
NODE_30655_length_3347_cov_18.834751_2	COG4636	226983	2.32e-14	28.402	Uma2	Endonuclease, Uma2 family (restriction endonuclease fold)	R	General function prediction only
NODE_32321_length_3203_cov_16.116900_1	COG0346	223423	2.78e-14	18.248	GloA	Catechol 2,3-dioxygenase or related enzyme, vicinal oxygen chelate (VOC) family	Q	Secondary metabolites biosynthesis, transport and catabolism
NODE_32321_length_3203_cov_16.116900_2	COG1028	223959	3.17e-19	27.35	FabG	NAD(P)-dependent dehydrogenase, short-chain alcohol dehydrogenase family	I	Lipid transport and metabolism
NODE_32321_length_3203_cov_16.116900_3	COG0161	223239	9.25e-179	40.682	BioA	Adenosylmethionine-8-amino-7-oxononanoate aminotransferase	H	Coenzyme transport and metabolism
NODE_33011_length_3145_cov_16.084790_2	COG0248	223326	3.23e-98	35.843	GppA	Exopolyphosphatase/pppGpp-phosphohydrolase	F	Nucleotide transport and metabolism
NODE_33011_length_3145_cov_16.084790_3	COG0293	223370	8.03e-97	51.691	RlmE	23S rRNA U2552 (ribose-2'-O)-methylase RlmE/FtsJ	J	Translation, ribosomal structure and biogenesis
NODE_33565_length_3105_cov_24.022951_1	COG0412	223489	4.38e-05	32.857	DLH	Dienelactone hydrolase	Q	Secondary metabolites biosynthesis, transport and catabolism
NODE_33565_length_3105_cov_24.022951_2	COG4584	226950	7.41e-23	26.882		Transposase	X	Mobilome: prophages, transposons
NODE_33565_length_3105_cov_24.022951_3	COG1484	224401	5.3e-54	34.286	DnaC	DNA replication protein DnaC	L	Replication, recombination and repair
NODE_34115_length_3062_cov_20.861656_1	COG1301	224220	1.3e-133	47.805	GltP	Na+/H+-dicarboxylate symporter	C	Energy production and conversion
NODE_34115_length_3062_cov_20.861656_3	COG3637	226163	2.26e-09	23.077	LomR	Opacity protein LomR and related surface antigens	M	Cell wall/membrane/envelope biogenesis
NODE_35333_length_2975_cov_15.200000_1	COG3436	225970	1.8e-16	28.947		Transposase	X	Mobilome: prophages, transposons
NODE_35333_length_2975_cov_15.200000_2	COG3436	225970	2.3e-09	23.894		Transposase	X	Mobilome: prophages, transposons
NODE_37789_length_2818_cov_22.315599_1	COG0579	223652	9.27e-05	39.286	LhgO	L-2-hydroxyglutarate oxidase LhgO	G	Carbohydrate transport and metabolism
NODE_37789_length_2818_cov_22.315599_2	COG0501	223575	7.47e-31	23.529	HtpX	Zn-dependent protease with chaperone function	O	Posttranslational modification, protein turnover, chaperones
NODE_37789_length_2818_cov_22.315599_3	COG4731	227074	3.08e-20	31.746		Uncharacterized conserved protein, DUF2147 family	S	Function unknown
NODE_37995_length_2805_cov_19.633455_1	COG0481	223557	8.24e-41	73.438	LepA	Translation elongation factor EF-4, membrane-bound GTPase	J	Translation, ribosomal structure and biogenesis
NODE_37995_length_2805_cov_19.633455_2	COG2133	225044	2.75e-53	28.321	YliI	Glucose/arabinose dehydrogenase, beta-propeller fold	G	Carbohydrate transport and metabolism
NODE_40663_length_2659_cov_14.111367_2	COG5649	227936	0.00054	31.481		Uncharacterized conserved protein, DUF1801 domain	S	Function unknown
NODE_40663_length_2659_cov_14.111367_3	COG5649	227936	5.41e-47	41.228		Uncharacterized conserved protein, DUF1801 domain	S	Function unknown
NODE_49038_length_2286_cov_27.849843_1	COG1067	223994	5.68e-79	34.188	LonB	Predicted ATP-dependent protease	O	Posttranslational modification, protein turnover, chaperones
NODE_49248_length_2278_cov_21.268106_1	COG3311	225848	1.66e-05	33.333	AlpA	DNA-binding transcriptional regulator AlpA	K	Transcription
NODE_49248_length_2278_cov_21.268106_5	COG1813	224726	0.006	22.222	aMBF1	Archaeal ribosome-binding protein aMBF1, putative translation factor, contains Zn-ribbon and HTH domains	J	Translation, ribosomal structure and biogenesis
NODE_49248_length_2278_cov_21.268106_6	COG5489	227776	8.4e-29	65.455		Uncharacterized conserved protein, DUF736 family	S	Function unknown
NODE_50029_length_2251_cov_15.564663_2	COG0457	223533	0.000409	22.222	TPR	Tetratricopeptide (TPR) repeat	R	General function prediction only
NODE_50529_length_2233_cov_19.096878_3	COG0635	223708	9.55e-144	35.092	HemN	Coproporphyrinogen-III oxidase HemN  (oxygen-independent) or related Fe-S oxidoreductase	H	Coenzyme transport and metabolism
NODE_54936_length_2090_cov_17.143980_1	COG4584	226950	4.78e-05	30.337		Transposase	X	Mobilome: prophages, transposons
NODE_54936_length_2090_cov_17.143980_2	COG3267	225806	6.39e-19	24.39	ExeA	Type II secretory pathway ATPase component GspA/ExeA/MshM	U	Intracellular trafficking, secretion, and vesicular transport
NODE_59996_length_1949_cov_13.469377_1	COG3549	226079	1.94e-13	44.0	HigB	Plasmid maintenance system killer protein	V	Defense mechanisms
NODE_59996_length_1949_cov_13.469377_2	COG1386	224304	3.17e-57	35.484	ScpB	Chromosome segregation and condensation protein ScpB	K	Transcription
NODE_62149_length_1896_cov_19.882129_1	COG0745	223816	2.85e-67	43.75	OmpR	DNA-binding response regulator, OmpR family, contains REC and winged-helix (wHTH) domain	T	Signal transduction mechanisms
NODE_62149_length_1896_cov_19.882129_2	COG0642	223715	3.19e-36	28.333	BaeS	Signal transduction histidine kinase	T	Signal transduction mechanisms
