QUERY_ID	COG_ID	CDD_ID	EVALUE	IDENTITY	GENE_NAME	COG_NAME	COG_LETTER	COG_DESCRIPTION
NODE_1_length_35554_cov_3.529611_3	COG2318	225200	1.08e-07	22.148	DinB	Bacillithiol/mycothiol S-transferase BstA/DinB, DinB/YfiT family (unrelated to E. coli DinB)	Q	Secondary metabolites biosynthesis, transport and catabolism
NODE_1_length_35554_cov_3.529611_4	COG1595	224511	9.47e-42	34.254	RpoE	DNA-directed RNA polymerase specialized sigma subunit, sigma24 family	K	Transcription
NODE_1_length_35554_cov_3.529611_5	COG5660	227947	2.76e-08	26.786	YlaD	Anti-sigma-YlaC factor YlaD, contains Zn-finger domain	T	Signal transduction mechanisms
NODE_1_length_35554_cov_3.529611_6	COG2314	225196	0.000554	26.829	TM2	Uncharacterized membrane protein YozV, TM2 domain, contains pTyr	R	General function prediction only
NODE_1_length_35554_cov_3.529611_7	COG3828	226349	1.6e-37	32.292		Type 1 glutamine amidotransferase (GATase1)-like domain	R	General function prediction only
NODE_1_length_35554_cov_3.529611_8	COG1082	224007	7.16e-12	20.253	YcjR	Sugar phosphate isomerase/epimerase	G	Carbohydrate transport and metabolism
NODE_1_length_35554_cov_3.529611_9	COG4636	226983	0.000604	23.711	Uma2	Endonuclease, Uma2 family (restriction endonuclease fold)	R	General function prediction only
NODE_1_length_35554_cov_3.529611_10	COG5426	227713	1.19e-13	27.103		Uncharacterized protein STM3548, contains class I glutamine amidotransferase domain	R	General function prediction only
NODE_1_length_35554_cov_3.529611_11	COG3147	225689	0.00026	26.667	DedD	Cell division protein DedD (periplasmic protein involved in septation)	D	Cell cycle control, cell division, chromosome partitioning
NODE_1_length_35554_cov_3.529611_12	COG4783	227122	1.05e-07	28.221	BepA	Outer membrane protein chaperone/metalloprotease BepA/YfgC, contains M48 and TPR domains	M	Cell wall/membrane/envelope biogenesis
NODE_1_length_35554_cov_3.529611_14	COG4636	226983	5.82e-06	24.242	Uma2	Endonuclease, Uma2 family (restriction endonuclease fold)	R	General function prediction only
NODE_1_length_35554_cov_3.529611_15	COG1079	224005	9.72e-110	51.613	NupQ	ABC-type guanosine uptake system NupNOPQ, permease subunit NupQ	F	Nucleotide transport and metabolism
NODE_1_length_35554_cov_3.529611_16	COG0005	223084	1.32e-87	37.453	XapA	Purine nucleoside phosphorylase	F	Nucleotide transport and metabolism
NODE_1_length_35554_cov_3.529611_17	COG0572	223645	1.15e-86	49.524	Udk	Uridine kinase	F	Nucleotide transport and metabolism
NODE_1_length_35554_cov_3.529611_18	COG0295	223372	2.01e-48	51.376	Cdd	Cytidine deaminase	F	Nucleotide transport and metabolism
NODE_1_length_35554_cov_3.529611_19	COG0810	223880	1.95e-06	34.328	TonB	Periplasmic protein TonB, links inner and outer membranes	M	Cell wall/membrane/envelope biogenesis
NODE_1_length_35554_cov_3.529611_20	COG0515	223589	9.13e-46	31.757	SPS1	Serine/threonine protein kinase	T	Signal transduction mechanisms
NODE_1_length_35554_cov_3.529611_21	COG0634	223707	3.69e-92	58.382	HptA	Hypoxanthine-guanine phosphoribosyltransferase	F	Nucleotide transport and metabolism
NODE_1_length_35554_cov_3.529611_22	COG0436	223513	1.55e-139	40.204	AspB	Aspartate/methionine/tyrosine aminotransferase	E	Amino acid transport and metabolism
NODE_1_length_35554_cov_3.529611_23	COG0698	223770	3e-56	48.0	RpiB	Ribose 5-phosphate isomerase RpiB	G	Carbohydrate transport and metabolism
NODE_1_length_35554_cov_3.529611_24	COG3653	226179	2.64e-105	30.993		N-acyl-D-aspartate/D-glutamate deacylase	Q	Secondary metabolites biosynthesis, transport and catabolism
NODE_1_length_35554_cov_3.529611_26	COG0129	223207	0.0	43.328	IlvD	Dihydroxyacid dehydratase/phosphogluconate dehydratase	E	Amino acid transport and metabolism
NODE_1_length_35554_cov_3.529611_27	COG3134	225676	0.004	27.586	YcfJ	Uncharacterized conserved protein YcfJ, contains glycine zipper 2TM domain	S	Function unknown
NODE_1_length_35554_cov_3.529611_30	COG1297	224216	1.84e-106	29.784	OPT	Predicted oligopeptide transporter, OPT family	R	General function prediction only
NODE_2_length_31986_cov_3.138707_3	COG3083	225625	0.000823	27.536	YejM	Periplasmic protein PbgA/YejM, regulator of the LPS biosynthesis, AlkP superfamily	M	Cell wall/membrane/envelope biogenesis
NODE_2_length_31986_cov_3.138707_4	COG3436	225970	4.4e-08	21.656		Transposase	X	Mobilome: prophages, transposons
NODE_2_length_31986_cov_3.138707_5	COG1846	224759	9.19e-07	19.802	MarR	DNA-binding transcriptional regulator, MarR family	K	Transcription
NODE_2_length_31986_cov_3.138707_8	COG0735	223806	1.11e-44	32.117	Fur	Fe2+ or Zn2+ uptake regulation protein Fur/Zur	P	Inorganic ion transport and metabolism
NODE_2_length_31986_cov_3.138707_9	COG0450	223527	1.87e-88	48.087	AhpC	Alkyl hydroperoxide reductase subunit AhpC (peroxiredoxin)	V	Defense mechanisms
NODE_2_length_31986_cov_3.138707_12	COG0753	223824	3.68e-180	50.696	KatE	Catalase	P	Inorganic ion transport and metabolism
NODE_2_length_31986_cov_3.138707_13	COG0753	223824	1.9e-54	60.748	KatE	Catalase	P	Inorganic ion transport and metabolism
NODE_2_length_31986_cov_3.138707_14	COG1459	224376	1e-111	38.5	PulF	Type II secretory pathway, component PulF	N	Cell motility
NODE_2_length_31986_cov_3.138707_15	COG2804	225363	0.0	45.614	PulE	Type II secretory pathway ATPase GspE/PulE or T4P pilus assembly pathway ATPase PilB	N	Cell motility
NODE_2_length_31986_cov_3.138707_16	COG1450	224367	3.27e-33	23.361	PulD	Type II secretory pathway component GspD/PulD (secretin)	U	Intracellular trafficking, secretion, and vesicular transport
NODE_2_length_31986_cov_3.138707_17	COG2165	225076	2.59e-13	22.5	PulG	Type II secretory pathway, pseudopilin PulG	N	Cell motility
NODE_2_length_31986_cov_3.138707_18	COG4537	226912	9.2e-05	31.944	ComGC	Competence protein ComGC	X	Mobilome: prophages, transposons
NODE_2_length_31986_cov_3.138707_19	COG4972	227306	1.16e-05	20.435	PilM	Type IV pilus assembly protein, ATPase PilM	N	Cell motility
NODE_2_length_31986_cov_3.138707_20	COG3115	225657	0.000862	21.053	ZipA	Cell division protein ZipA, interacts with FtsZ	D	Cell cycle control, cell division, chromosome partitioning
NODE_2_length_31986_cov_3.138707_21	COG5343	227648	1.23e-06	21.245	RskA	Anti-sigma-K factor RskA	T	Signal transduction mechanisms
NODE_2_length_31986_cov_3.138707_23	COG0182	223260	3.77e-178	59.195	MtnA	5-methylthioribose/5-deoxyribulose 1-phosphate isomerase (methionine salvage pathway), a paralog of eIF-2B alpha subunit	E	Amino acid transport and metabolism
NODE_2_length_31986_cov_3.138707_24	COG1247	224168	6.07e-07	24.161	MnaT	L-amino acid N-acyltransferase MnaT	E	Amino acid transport and metabolism
NODE_2_length_31986_cov_3.138707_25	COG1680	224594	5.84e-28	28.623	AmpC	CubicO group peptidase, beta-lactamase class C family	V	Defense mechanisms
NODE_2_length_31986_cov_3.138707_26	COG0022	223101	1.6e-54	33.041	AcoB	Pyruvate/2-oxoglutarate/acetoin dehydrogenase complex, dehydrogenase (E1) component, beta subunit	C	Energy production and conversion
NODE_2_length_31986_cov_3.138707_27	COG1233	224154	1.87e-112	33.918		Phytoene dehydrogenase-related protein	Q	Secondary metabolites biosynthesis, transport and catabolism
NODE_2_length_31986_cov_3.138707_29	COG3766	226289	0.000576	23.704	YjfL	Uncharacterized membrane protein YjfL, UPF0719 family	S	Function unknown
NODE_2_length_31986_cov_3.138707_30	COG1371	224290	1.14e-13	34.177	ARCH	Archease, activates RNA ligation by RtcB (tRNA splicing)	J	Translation, ribosomal structure and biogenesis
NODE_3_length_30375_cov_3.560400_1	COG0649	223722	1.61e-72	50.327	NuoD	NADH:ubiquinone oxidoreductase 49 kD subunit (chain D)	C	Energy production and conversion
NODE_3_length_30375_cov_3.560400_2	COG2442	225291	4.71e-20	32.877		Predicted antitoxin component of a toxin-antitoxin system, DUF433 family	V	Defense mechanisms
NODE_3_length_30375_cov_3.560400_4	COG1905	224817	3.26e-67	38.462	NuoE	NADH:ubiquinone oxidoreductase 24 kD subunit (chain E)	C	Energy production and conversion
NODE_3_length_30375_cov_3.560400_5	COG1894	224806	0.0	59.809	NuoF	NADH:ubiquinone oxidoreductase, NADH-binding 51 kD subunit (chain F)	C	Energy production and conversion
NODE_3_length_30375_cov_3.560400_7	COG3383	225918	5.2e-146	25.889	YjgC	Predicted molibdopterin-dependent oxidoreductase YjgC	R	General function prediction only
NODE_3_length_30375_cov_3.560400_8	COG1005	223937	2.74e-120	49.275	NuoH	NADH:ubiquinone oxidoreductase subunit 1 (chain H)	C	Energy production and conversion
NODE_3_length_30375_cov_3.560400_9	COG0839	223909	5.08e-30	38.15	NuoJ	NADH:ubiquinone oxidoreductase subunit 6 (chain J)	C	Energy production and conversion
NODE_3_length_30375_cov_3.560400_10	COG0713	223785	1.52e-25	54.545	NuoK	NADH:ubiquinone oxidoreductase subunit 11 or 4L (chain K)	C	Energy production and conversion
NODE_3_length_30375_cov_3.560400_11	COG1009	223941	2.2e-168	40.348	NuoL	Membrane H+-translocase/NADH:ubiquinone oxidoreductase subunit 5 (chain L)/Multisubunit Na+/H+ antiporter, MnhA subunit	C	Energy production and conversion
NODE_3_length_30375_cov_3.560400_12	COG1008	223940	0.0	48.33	NuoM	NADH:ubiquinone oxidoreductase subunit 4 (chain M)	C	Energy production and conversion
NODE_3_length_30375_cov_3.560400_13	COG1008	223940	0.0	50.392	NuoM	NADH:ubiquinone oxidoreductase subunit 4 (chain M)	C	Energy production and conversion
NODE_3_length_30375_cov_3.560400_14	COG1007	223939	6.24e-121	43.125	NuoN	NADH:ubiquinone oxidoreductase subunit 2 (chain N)	C	Energy production and conversion
NODE_3_length_30375_cov_3.560400_15	COG0737	223808	4.87e-100	34.542	UshA	2',3'-cyclic-nucleotide 2'-phosphodiesterase/5'- or 3'-nucleotidase, 5'-nucleotidase family	F	Nucleotide transport and metabolism
NODE_3_length_30375_cov_3.560400_17	COG1293	224212	1.41e-72	27.534	RqcH	Ribosome quality control (RQC) protein RqcH, Rqc2/NEMF/Tae2 family, contains fibronectin-(FbpA) and RNA- (NFACT) binding domains	J	Translation, ribosomal structure and biogenesis
NODE_3_length_30375_cov_3.560400_18	COG4625	226973	0.002	24.194		Uncharacterized conserved protein, contains a C-terminal beta-barrel porin domain	S	Function unknown
NODE_3_length_30375_cov_3.560400_19	COG3590	226118	0.0	44.954	PepO	Predicted metalloendopeptidase	O	Posttranslational modification, protein turnover, chaperones
NODE_3_length_30375_cov_3.560400_22	COG1714	224628	5.69e-06	22.137	YckC	Uncharacterized membrane protein YckC, RDD family	S	Function unknown
NODE_3_length_30375_cov_3.560400_23	COG0526	223600	3.28e-14	29.0	TrxA	Thiol-disulfide isomerase or thioredoxin	O	Posttranslational modification, protein turnover, chaperones
NODE_3_length_30375_cov_3.560400_24	COG0828	223898	1.29e-11	56.604	RpsU	Ribosomal protein S21	J	Translation, ribosomal structure and biogenesis
NODE_3_length_30375_cov_3.560400_25	COG1398	224316	7.89e-50	30.208	OLE1	Fatty-acid desaturase	I	Lipid transport and metabolism
NODE_3_length_30375_cov_3.560400_26	COG0724	223796	3.1e-23	49.398	RRM	RNA recognition motif (RRM) domain	J	Translation, ribosomal structure and biogenesis
NODE_3_length_30375_cov_3.560400_27	COG0513	223587	1.32e-40	40.559	SrmB	Superfamily II DNA and RNA helicase	L	Replication, recombination and repair
NODE_4_length_29665_cov_3.523455_2	COG0661	223733	1.25e-119	37.821	AarF	Predicted protein kinase regulating ubiquinone biosynthesis, AarF/ABC1/UbiB family	H	Coenzyme transport and metabolism
NODE_4_length_29665_cov_3.523455_3	COG2226	225136	3.01e-13	40.952	UbiE	Ubiquinone/menaquinone biosynthesis C-methylase UbiE/MenG	H	Coenzyme transport and metabolism
NODE_4_length_29665_cov_3.523455_5	COG0183	223261	1.07e-105	38.785	PaaJ	Acetyl-CoA acetyltransferase	I	Lipid transport and metabolism
NODE_4_length_29665_cov_3.523455_7	COG1595	224511	7.84e-33	28.571	RpoE	DNA-directed RNA polymerase specialized sigma subunit, sigma24 family	K	Transcription
NODE_4_length_29665_cov_3.523455_8	COG1228	224149	2.34e-99	39.512	HutI	Imidazolonepropionase or related amidohydrolase	Q	Secondary metabolites biosynthesis, transport and catabolism
NODE_4_length_29665_cov_3.523455_9	COG0010	223089	7.93e-48	34.495	SpeB	Arginase/agmatinase family enzyme	E	Amino acid transport and metabolism
NODE_4_length_29665_cov_3.523455_10	COG2987	225534	0.0	65.934	HutU	Urocanate hydratase	E	Amino acid transport and metabolism
NODE_4_length_29665_cov_3.523455_13	COG3335	225872	9.35e-06	37.5		Transposase	X	Mobilome: prophages, transposons
NODE_4_length_29665_cov_3.523455_14	COG0673	223745	4.41e-23	18.274	MviM	Predicted dehydrogenase	R	General function prediction only
NODE_4_length_29665_cov_3.523455_15	COG1082	224007	6.44e-18	17.905	YcjR	Sugar phosphate isomerase/epimerase	G	Carbohydrate transport and metabolism
NODE_4_length_29665_cov_3.523455_16	COG0825	223895	1.35e-154	65.909	AccA	Acetyl-CoA carboxylase alpha subunit	I	Lipid transport and metabolism
NODE_4_length_29665_cov_3.523455_17	COG0587	223660	0.0	47.028	DnaE	DNA polymerase III, alpha subunit	L	Replication, recombination and repair
NODE_4_length_29665_cov_3.523455_18	COG0519	223593	0.0	68.139	GuaA2	GMP synthase, PP-ATPase domain/subunit	F	Nucleotide transport and metabolism
NODE_4_length_29665_cov_3.523455_19	COG1183	224104	7.65e-52	33.071	PssA	Phosphatidylserine synthase	I	Lipid transport and metabolism
NODE_4_length_29665_cov_3.523455_20	COG0688	223760	1.42e-46	42.683	Psd	Phosphatidylserine decarboxylase	I	Lipid transport and metabolism
NODE_4_length_29665_cov_3.523455_22	COG0456	223532	1.45e-20	35.714	RimI	Ribosomal protein S18 acetylase RimI and related acetyltransferases	J	Translation, ribosomal structure and biogenesis
NODE_4_length_29665_cov_3.523455_23	COG1214	224135	5.54e-24	32.5	TsaB	tRNA A37 threonylcarbamoyladenosine modification protein TsaB	J	Translation, ribosomal structure and biogenesis
NODE_4_length_29665_cov_3.523455_24	COG0205	223283	4.51e-114	44.444	PfkA	6-phosphofructokinase	G	Carbohydrate transport and metabolism
NODE_5_length_28854_cov_3.263683_1	COG1044	223974	3.58e-54	45.833	LpxD	UDP-3-O-[3-hydroxymyristoyl] glucosamine N-acyltransferase	M	Cell wall/membrane/envelope biogenesis
NODE_5_length_28854_cov_3.263683_2	COG0764	223835	8.46e-62	55.782	FabA	3-hydroxymyristoyl/3-hydroxydecanoyl-(acyl carrier protein) dehydratase	I	Lipid transport and metabolism
NODE_5_length_28854_cov_3.263683_3	COG1043	223973	4.61e-112	50.198	LpxA	Acyl-[acyl carrier protein]--UDP-N-acetylglucosamine O-acyltransferase	M	Cell wall/membrane/envelope biogenesis
NODE_5_length_28854_cov_3.263683_4	COG3494	226025	9.66e-66	37.868		Uncharacterized conserved protein, DUF1009 family	S	Function unknown
NODE_5_length_28854_cov_3.263683_5	COG3191	225732	6.73e-79	43.114	DmpA	L-aminopeptidase/D-esterase	E	Amino acid transport and metabolism
NODE_5_length_28854_cov_3.263683_6	COG0695	223767	6.58e-18	41.791	GrxC	Glutaredoxin	O	Posttranslational modification, protein turnover, chaperones
NODE_5_length_28854_cov_3.263683_7	COG0372	223449	1.78e-174	50.133	GltA	Citrate synthase	C	Energy production and conversion
NODE_5_length_28854_cov_3.263683_8	COG0491	223565	1.66e-42	34.419	GloB	Glyoxylase or a related metal-dependent hydrolase, beta-lactamase superfamily II	R	General function prediction only
NODE_5_length_28854_cov_3.263683_10	COG0673	223745	1.92e-62	30.411	MviM	Predicted dehydrogenase	R	General function prediction only
NODE_5_length_28854_cov_3.263683_11	COG0859	223928	1.05e-64	30.702	RfaF	ADP-heptose:LPS heptosyltransferase	M	Cell wall/membrane/envelope biogenesis
NODE_5_length_28854_cov_3.263683_13	COG0859	223928	1.34e-57	28.902	RfaF	ADP-heptose:LPS heptosyltransferase	M	Cell wall/membrane/envelope biogenesis
NODE_5_length_28854_cov_3.263683_14	COG2020	224931	6.23e-14	24.818	STE14	Protein-S-isoprenylcysteine O-methyltransferase Ste14	O	Posttranslational modification, protein turnover, chaperones
NODE_5_length_28854_cov_3.263683_18	COG3016	225561	4.01e-07	29.07	PhuW	Putative heme-binding protein PhuW	R	General function prediction only
NODE_5_length_28854_cov_3.263683_19	COG0766	223837	0.0	58.81	MurA	UDP-N-acetylglucosamine enolpyruvyl transferase	M	Cell wall/membrane/envelope biogenesis
NODE_5_length_28854_cov_3.263683_20	COG0402	223479	2.17e-127	45.561	SsnA	Cytosine/adenosine deaminase or related metal-dependent hydrolase	F	Nucleotide transport and metabolism
NODE_5_length_28854_cov_3.263683_22	COG0451	223528	8.03e-53	27.778	WcaG	Nucleoside-diphosphate-sugar epimerase	M	Cell wall/membrane/envelope biogenesis
NODE_5_length_28854_cov_3.263683_23	COG0432	223509	5.5e-50	42.553	YjbQ	Thiamin phosphate synthase YjbQ, UPF0047 family	H	Coenzyme transport and metabolism
NODE_5_length_28854_cov_3.263683_25	COG1063	223991	1.73e-64	32.951	Tdh	Threonine dehydrogenase or related Zn-dependent dehydrogenase	E	Amino acid transport and metabolism
NODE_5_length_28854_cov_3.263683_27	COG2303	225186	0.0	48.037	BetA	Choline dehydrogenase or related flavoprotein	I	Lipid transport and metabolism
NODE_5_length_28854_cov_3.263683_28	COG2204	225114	0.0	50.753	AtoC	DNA-binding transcriptional response regulator, NtrC family, contains REC, AAA-type ATPase, and a Fis-type DNA-binding domains	T	Signal transduction mechanisms
NODE_5_length_28854_cov_3.263683_29	COG0642	223715	6.94e-47	30.655	BaeS	Signal transduction histidine kinase	T	Signal transduction mechanisms
NODE_6_length_28645_cov_3.636621_1	COG3415	225949	9.31e-11	21.168	Csa3	CRISPR-associated protein Csa3, CARF domain	V	Defense mechanisms
NODE_6_length_28645_cov_3.636621_3	COG0810	223880	8.75e-13	36.905	TonB	Periplasmic protein TonB, links inner and outer membranes	M	Cell wall/membrane/envelope biogenesis
NODE_6_length_28645_cov_3.636621_4	COG0811	223881	1.78e-29	30.583	TolQ	Biopolymer transport protein ExbB/TolQ	U	Intracellular trafficking, secretion, and vesicular transport
NODE_6_length_28645_cov_3.636621_5	COG0848	223917	1.13e-35	41.549	ExbD	Biopolymer transport protein ExbD	U	Intracellular trafficking, secretion, and vesicular transport
NODE_6_length_28645_cov_3.636621_6	COG0848	223917	2.82e-11	33.571	ExbD	Biopolymer transport protein ExbD	U	Intracellular trafficking, secretion, and vesicular transport
NODE_6_length_28645_cov_3.636621_7	COG5010	227343	0.000225	24.107	TadD	Flp pilus assembly protein TadD, contains TPR repeats	U	Intracellular trafficking, secretion, and vesicular transport
NODE_6_length_28645_cov_3.636621_8	COG0317	223394	0.0	44.966	SpoT	(p)ppGpp synthase/hydrolase, HD superfamily	T	Signal transduction mechanisms
NODE_6_length_28645_cov_3.636621_9	COG0251	223329	2.57e-53	58.065	RidA	Enamine deaminase RidA, house cleaning of reactive enamine intermediates, YjgF/YER057c/UK114 family	V	Defense mechanisms
NODE_6_length_28645_cov_3.636621_10	COG0227	223305	2.59e-22	56.14	RpmB	Ribosomal protein L28	J	Translation, ribosomal structure and biogenesis
NODE_6_length_28645_cov_3.636621_11	COG0760	223831	3.58e-13	17.905	SurA	Peptidyl-prolyl isomerase, parvulin family	O	Posttranslational modification, protein turnover, chaperones
NODE_6_length_28645_cov_3.636621_12	COG0488	223562	0.0	44.299	Uup	ATPase components of ABC transporters with duplicated ATPase domains	R	General function prediction only
NODE_6_length_28645_cov_3.636621_13	COG2606	225326	2.72e-54	45.752	EbsC	Cys-tRNA(Pro) deacylase, prolyl-tRNA editing enzyme YbaK/EbsC	J	Translation, ribosomal structure and biogenesis
NODE_6_length_28645_cov_3.636621_14	COG2947	225498	1.12e-31	34.028	EVE	Predicted RNA-binding protein, contains EVE domain	R	General function prediction only
NODE_6_length_28645_cov_3.636621_15	COG0346	223423	1.1e-13	27.407	GloA	Catechol 2,3-dioxygenase or related enzyme, vicinal oxygen chelate (VOC) family	Q	Secondary metabolites biosynthesis, transport and catabolism
NODE_6_length_28645_cov_3.636621_16	COG0204	223282	1.61e-40	44.643	PlsC	1-acyl-sn-glycerol-3-phosphate acyltransferase	I	Lipid transport and metabolism
NODE_6_length_28645_cov_3.636621_18	COG0463	223539	4.29e-29	23.906	WcaA	Glycosyltransferase involved in cell wall bisynthesis	M	Cell wall/membrane/envelope biogenesis
NODE_6_length_28645_cov_3.636621_19	COG1208	224129	8.03e-75	31.599	GCD1	NDP-sugar pyrophosphorylase, includes eIF-2Bgamma, eIF-2Bepsilon, and LPS biosynthesis protein s	J	Translation, ribosomal structure and biogenesis
NODE_6_length_28645_cov_3.636621_20	COG0451	223528	7.59e-52	29.467	WcaG	Nucleoside-diphosphate-sugar epimerase	M	Cell wall/membrane/envelope biogenesis
NODE_6_length_28645_cov_3.636621_23	COG2227	225137	6.96e-05	25.0	UbiG	2-polyprenyl-3-methyl-5-hydroxy-6-metoxy-1,4-benzoquinol methylase	H	Coenzyme transport and metabolism
NODE_6_length_28645_cov_3.636621_24	COG1028	223959	4.62e-59	42.292	FabG	NAD(P)-dependent dehydrogenase, short-chain alcohol dehydrogenase family	I	Lipid transport and metabolism
NODE_6_length_28645_cov_3.636621_25	COG0673	223745	1.51e-81	34.503	MviM	Predicted dehydrogenase	R	General function prediction only
NODE_6_length_28645_cov_3.636621_27	COG0365	223442	0.0	46.168	Acs	Acyl-coenzyme A synthetase/AMP-(fatty) acid ligase	I	Lipid transport and metabolism
NODE_6_length_28645_cov_3.636621_29	COG1643	224557	7.1e-123	42.609	HrpA	HrpA-like RNA helicase	J	Translation, ribosomal structure and biogenesis
NODE_7_length_28382_cov_3.487900_1	COG1228	224149	2.58e-05	30.435	HutI	Imidazolonepropionase or related amidohydrolase	Q	Secondary metabolites biosynthesis, transport and catabolism
NODE_7_length_28382_cov_3.487900_2	COG3458	225989	6.25e-13	29.167	Axe1	Cephalosporin-C deacetylase or related acetyl esterase	Q	Secondary metabolites biosynthesis, transport and catabolism
NODE_7_length_28382_cov_3.487900_3	COG0526	223600	7.43e-11	24.786	TrxA	Thiol-disulfide isomerase or thioredoxin	O	Posttranslational modification, protein turnover, chaperones
NODE_7_length_28382_cov_3.487900_4	COG0464	223540	1.21e-39	26.087	SpoVK	AAA+-type ATPase, SpoVK/Ycf46/Vps4 family	M	Cell wall/membrane/envelope biogenesis
NODE_7_length_28382_cov_3.487900_7	COG1842	224755	8.14e-23	29.148	PspA	Phage shock protein A	K	Transcription
NODE_7_length_28382_cov_3.487900_9	COG4783	227122	2.62e-11	25.676	BepA	Outer membrane protein chaperone/metalloprotease BepA/YfgC, contains M48 and TPR domains	M	Cell wall/membrane/envelope biogenesis
NODE_7_length_28382_cov_3.487900_10	COG0810	223880	0.000595	25.688	TonB	Periplasmic protein TonB, links inner and outer membranes	M	Cell wall/membrane/envelope biogenesis
NODE_7_length_28382_cov_3.487900_11	COG0086	223164	0.0	48.97	RpoC	DNA-directed RNA polymerase, beta' subunit/160 kD subunit	K	Transcription
NODE_7_length_28382_cov_3.487900_12	COG1848	224761	4.79e-12	23.125	VapC	VapC family ribonuclease, toxin component of the VapBC toxin-antitoxin module, contains PIN domain	V	Defense mechanisms
NODE_7_length_28382_cov_3.487900_14	COG0085	223163	0.0	52.886	RpoB	DNA-directed RNA polymerase, beta subunit/140 kD subunit	K	Transcription
NODE_7_length_28382_cov_3.487900_15	COG0085	223163	1.66e-81	40.702	RpoB	DNA-directed RNA polymerase, beta subunit/140 kD subunit	K	Transcription
NODE_7_length_28382_cov_3.487900_16	COG0222	223300	5.68e-40	62.016	RplL	Ribosomal protein L7/L12	J	Translation, ribosomal structure and biogenesis
NODE_7_length_28382_cov_3.487900_17	COG0244	223322	2.02e-42	37.931	RplJ	Ribosomal protein L10	J	Translation, ribosomal structure and biogenesis
NODE_7_length_28382_cov_3.487900_18	COG0081	223159	6.78e-84	64.943	RplA	Ribosomal protein L1	J	Translation, ribosomal structure and biogenesis
NODE_8_length_27868_cov_3.382246_3	COG1629	224544	5.78e-05	16.561	CirA	Outer membrane receptor protein, Fe transport	P	Inorganic ion transport and metabolism
NODE_8_length_27868_cov_3.382246_4	COG0363	223440	5.28e-43	34.167	NagB	6-phosphogluconolactonase/Glucosamine-6-phosphate isomerase/deaminase	G	Carbohydrate transport and metabolism
NODE_8_length_27868_cov_3.382246_5	COG1820	224733	1.56e-85	37.458	NagA	N-acetylglucosamine-6-phosphate deacetylase	G	Carbohydrate transport and metabolism
NODE_8_length_27868_cov_3.382246_6	COG2271	225180	4.64e-27	26.503	UhpC	Sugar phosphate permease	G	Carbohydrate transport and metabolism
NODE_8_length_27868_cov_3.382246_7	COG0475	223551	1.23e-62	32.405	KefB	Kef-type K+ transport system, membrane component KefB	P	Inorganic ion transport and metabolism
NODE_8_length_27868_cov_3.382246_8	COG0554	223628	0.0	66.122	GlpK	Glycerol kinase	C	Energy production and conversion
NODE_8_length_27868_cov_3.382246_9	COG1235	224156	4.58e-30	27.652	PhnP	Phosphoribosyl 1,2-cyclic phosphate phosphodiesterase	P	Inorganic ion transport and metabolism
NODE_8_length_27868_cov_3.382246_11	COG0015	223094	0.0	48.741	PurB	Adenylosuccinate lyase	F	Nucleotide transport and metabolism
NODE_8_length_27868_cov_3.382246_13	COG0780	223851	1.01e-37	34.646	QueFC	NADPH-dependent 7-cyano-7-deazaguanine reductase QueF, C-terminal domain, T-fold superfamily	J	Translation, ribosomal structure and biogenesis
NODE_8_length_27868_cov_3.382246_15	COG2127	225038	1.35e-41	49.0	ClpS	ATP-dependent Clp protease adapter protein ClpS	O	Posttranslational modification, protein turnover, chaperones
NODE_8_length_27868_cov_3.382246_17	COG1112	224037	1.9e-36	29.739	DNA2	Superfamily I DNA and/or RNA helicase	L	Replication, recombination and repair
NODE_9_length_27483_cov_3.637306_1	COG0229	223307	6.42e-71	61.818	MsrB	Peptide methionine sulfoxide reductase MsrB	O	Posttranslational modification, protein turnover, chaperones
NODE_9_length_27483_cov_3.637306_2	COG1274	224193	0.0	61.577	PepCK	Phosphoenolpyruvate carboxykinase, GTP-dependent	C	Energy production and conversion
NODE_9_length_27483_cov_3.637306_4	COG3119	225661	1.17e-50	28.704	AslA	Arylsulfatase A or related enzyme, AlkP superfamily	P	Inorganic ion transport and metabolism
NODE_9_length_27483_cov_3.637306_5	COG0841	223911	3.56e-85	25.673	AcrB	Multidrug efflux pump subunit AcrB	V	Defense mechanisms
NODE_9_length_27483_cov_3.637306_6	COG0845	223914	4.34e-32	29.298	AcrA	Multidrug efflux pump subunit AcrA (membrane-fusion protein)	M	Cell wall/membrane/envelope biogenesis
NODE_9_length_27483_cov_3.637306_7	COG1126	224051	1.71e-147	60.081	GlnQ	ABC-type polar amino acid transport system, ATPase component	E	Amino acid transport and metabolism
NODE_9_length_27483_cov_3.637306_8	COG0765	223836	9.62e-87	50.718	HisM	ABC-type amino acid transport system, permease component	E	Amino acid transport and metabolism
NODE_9_length_27483_cov_3.637306_9	COG0129	223207	1.6e-163	33.706	IlvD	Dihydroxyacid dehydratase/phosphogluconate dehydratase	E	Amino acid transport and metabolism
NODE_9_length_27483_cov_3.637306_10	COG0693	223765	6.16e-40	34.031	YajL	Protein/nucleotide deglycase, PfpI/YajL/DJ-1 family (repair of methylglyoxal-glycated proteins and nucleic acids)	V	Defense mechanisms
NODE_9_length_27483_cov_3.637306_11	COG2272	225181	7.31e-25	47.222	PnbA	Carboxylesterase type B	I	Lipid transport and metabolism
NODE_9_length_27483_cov_3.637306_12	COG0841	223911	0.0	28.935	AcrB	Multidrug efflux pump subunit AcrB	V	Defense mechanisms
NODE_9_length_27483_cov_3.637306_13	COG1566	224482	2.55e-30	28.251	EmrA	Multidrug resistance efflux pump EmrA	V	Defense mechanisms
NODE_9_length_27483_cov_3.637306_14	COG1538	224455	3.89e-45	27.991	TolC	Outer membrane protein TolC	M	Cell wall/membrane/envelope biogenesis
NODE_9_length_27483_cov_3.637306_17	COG3439	225972	3.49e-22	28.571		Uncharacterized conserved protein, DUF302 family	S	Function unknown
NODE_9_length_27483_cov_3.637306_18	COG0640	223713	1.6e-21	40.816	ArsR	DNA-binding transcriptional regulator, ArsR family	K	Transcription
NODE_9_length_27483_cov_3.637306_19	COG1011	223943	6.22e-10	20.851	YigB	FMN and 5-amino-6-(5-phospho-D-ribitylamino)uracil phosphatase YigB, HAD superfamily (riboflavin biosynthesis)	H	Coenzyme transport and metabolism
NODE_9_length_27483_cov_3.637306_21	COG4567	226933	2.96e-05	30.769		DNA-binding response regulator, ActR/RegA family, consists of REC and Fis-type HTH domains	T	Signal transduction mechanisms
NODE_9_length_27483_cov_3.637306_22	COG0039	223117	1.69e-132	45.659	Mdh	Malate/lactate dehydrogenase	C	Energy production and conversion
NODE_9_length_27483_cov_3.637306_23	COG2203	225113	2.6e-07	30.952	GAF	GAF domain	T	Signal transduction mechanisms
NODE_9_length_27483_cov_3.637306_25	COG0277	223354	1.29e-09	25.434	GlcD	FAD/FMN-containing lactate dehydrogenase/glycolate oxidase	C	Energy production and conversion
NODE_10_length_27329_cov_3.612579_2	COG4102	226587	9.71e-07	29.545		Uncharacterized conserved protein, DUF1501 family	S	Function unknown
NODE_10_length_27329_cov_3.612579_5	COG0473	223549	2.48e-131	46.944	LeuB	Isocitrate/isopropylmalate dehydrogenase	C	Energy production and conversion
NODE_10_length_27329_cov_3.612579_6	COG3653	226179	3.44e-106	32.605		N-acyl-D-aspartate/D-glutamate deacylase	Q	Secondary metabolites biosynthesis, transport and catabolism
NODE_10_length_27329_cov_3.612579_11	COG1917	224829	2.21e-05	33.333	QdoI	Cupin domain protein related to quercetin dioxygenase	R	General function prediction only
NODE_10_length_27329_cov_3.612579_12	COG1028	223959	1.2e-63	40.239	FabG	NAD(P)-dependent dehydrogenase, short-chain alcohol dehydrogenase family	I	Lipid transport and metabolism
NODE_10_length_27329_cov_3.612579_13	COG4886	227223	9.78e-08	26.531	LRR	Leucine-rich repeat (LRR) protein	K	Transcription
NODE_10_length_27329_cov_3.612579_14	COG4886	227223	0.002	24.904	LRR	Leucine-rich repeat (LRR) protein	K	Transcription
NODE_10_length_27329_cov_3.612579_15	COG4122	226607	3.19e-64	41.256	TrmR	tRNA 5-hydroxyU34 O-methylase TrmR/YrrM	J	Translation, ribosomal structure and biogenesis
NODE_10_length_27329_cov_3.612579_16	COG0673	223745	1.76e-51	22.306	MviM	Predicted dehydrogenase	R	General function prediction only
NODE_10_length_27329_cov_3.612579_18	COG3237	225777	0.002	49.153	yjbJ	Uncharacterized conserved protein YjbJ, UPF0337 family	S	Function unknown
NODE_10_length_27329_cov_3.612579_19	COG0443	223520	1.29e-39	20.755	DnaK	Molecular chaperone DnaK (HSP70)	O	Posttranslational modification, protein turnover, chaperones
NODE_10_length_27329_cov_3.612579_21	COG2814	225371	1.43e-07	27.119	AraJ	Predicted arabinose efflux permease AraJ, MFS family	G	Carbohydrate transport and metabolism
NODE_10_length_27329_cov_3.612579_22	COG5637	227924	5.33e-46	50.45		Uncharacterized protein, contains SRPBCC domain	S	Function unknown
NODE_10_length_27329_cov_3.612579_25	COG2823	225379	1.32e-07	25.926	OsmY	Osmotically-inducible protein OsmY, contains BON domain	M	Cell wall/membrane/envelope biogenesis
NODE_10_length_27329_cov_3.612579_26	COG1434	224351	6.44e-14	26.38	ElyC	Lipid carrier protein ElyC involved in cell wall biogenesis, DUF218 family	M	Cell wall/membrane/envelope biogenesis
NODE_10_length_27329_cov_3.612579_28	COG1215	224136	4.75e-32	29.893	BcsA	Glycosyltransferase, catalytic subunit of cellulose synthase and poly-beta-1,6-N-acetylglucosamine synthase	N	Cell motility
NODE_11_length_26822_cov_3.533595_1	COG0042	223120	9.27e-80	41.702	DusA	tRNA-dihydrouridine synthase	J	Translation, ribosomal structure and biogenesis
NODE_11_length_26822_cov_3.533595_3	COG4636	226983	0.000433	22.764	Uma2	Endonuclease, Uma2 family (restriction endonuclease fold)	R	General function prediction only
NODE_11_length_26822_cov_3.533595_4	COG0137	223215	0.0	58.734	ArgG	Argininosuccinate synthase	E	Amino acid transport and metabolism
NODE_11_length_26822_cov_3.533595_6	COG1629	224544	0.001	30.233	CirA	Outer membrane receptor protein, Fe transport	P	Inorganic ion transport and metabolism
NODE_11_length_26822_cov_3.533595_7	COG0061	223139	2.19e-90	44.718	NadK	NAD kinase	H	Coenzyme transport and metabolism
NODE_11_length_26822_cov_3.533595_8	COG0705	223777	1.03e-39	31.557	GlpG	Membrane-associated serine protease, rhomboid family	O	Posttranslational modification, protein turnover, chaperones
NODE_11_length_26822_cov_3.533595_9	COG2211	225121	2.72e-11	21.892	MelB	Na+/melibiose symporter or related transporter	G	Carbohydrate transport and metabolism
NODE_11_length_26822_cov_3.533595_10	COG0749	223820	7.57e-129	34.926	PolA	DNA polymerase I, 3'-5' exonuclease and polymerase domains	L	Replication, recombination and repair
NODE_11_length_26822_cov_3.533595_13	COG0303	223380	1.51e-146	46.269	MoeA	Molybdopterin Mo-transferase (molybdopterin biosynthesis)	H	Coenzyme transport and metabolism
NODE_11_length_26822_cov_3.533595_14	COG0315	223392	3.95e-83	60.897	MoaC	Molybdenum cofactor biosynthesis enzyme MoaC	H	Coenzyme transport and metabolism
NODE_11_length_26822_cov_3.533595_15	COG1352	224271	4.04e-58	33.761	CheR	Methylase of chemotaxis methyl-accepting proteins	T	Signal transduction mechanisms
NODE_11_length_26822_cov_3.533595_17	COG0624	223697	1.37e-50	24.297	ArgE	Acetylornithine deacetylase/Succinyl-diaminopimelate desuccinylase or related deacylase	E	Amino acid transport and metabolism
NODE_11_length_26822_cov_3.533595_18	COG2171	225082	2.01e-58	33.887	DapD	Tetrahydrodipicolinate N-succinyltransferase	E	Amino acid transport and metabolism
NODE_11_length_26822_cov_3.533595_19	COG0329	223406	9.22e-118	47.079	DapA	4-hydroxy-tetrahydrodipicolinate synthase/N-acetylneuraminate lyase	E	Amino acid transport and metabolism
NODE_11_length_26822_cov_3.533595_20	COG0289	223366	1.89e-48	33.582	DapB	4-hydroxy-tetrahydrodipicolinate reductase	E	Amino acid transport and metabolism
NODE_11_length_26822_cov_3.533595_21	COG4118	226603	4.3e-14	44.776	Phd	Antitoxin component of toxin-antitoxin stability system, DNA-binding transcriptional repressor	V	Defense mechanisms
NODE_11_length_26822_cov_3.533595_22	COG0527	223601	1.4e-134	38.261	MetL1	Aspartate kinase	E	Amino acid transport and metabolism
NODE_11_length_26822_cov_3.533595_23	COG0725	223797	2.15e-66	32.53	ModA	ABC-type molybdate transport system, periplasmic Mo-binding protein ModA	P	Inorganic ion transport and metabolism
NODE_11_length_26822_cov_3.533595_24	COG0812	223882	4.21e-99	33.903	MurB	UDP-N-acetylenolpyruvoylglucosamine reductase	M	Cell wall/membrane/envelope biogenesis
NODE_11_length_26822_cov_3.533595_25	COG0741	223812	1.69e-15	31.288	MltE	Soluble lytic murein transglycosylase or regulatory protein s ( may contain LysM/invasin domain)	M	Cell wall/membrane/envelope biogenesis
NODE_11_length_26822_cov_3.533595_26	COG0606	223679	0.0	52.0	YifB	Predicted Mg-chelatase, contains ChlI-like and ATPase domains, YifB family	O	Posttranslational modification, protein turnover, chaperones
NODE_11_length_26822_cov_3.533595_27	COG2204	225114	2.86e-153	53.106	AtoC	DNA-binding transcriptional response regulator, NtrC family, contains REC, AAA-type ATPase, and a Fis-type DNA-binding domains	T	Signal transduction mechanisms
NODE_11_length_26822_cov_3.533595_28	COG0651	223724	5.52e-16	48.485	HyfB	Formate hydrogenlyase subunit 3/Multisubunit Na+/H+ antiporter, MnhD subunit	C	Energy production and conversion
NODE_12_length_26275_cov_4.549927_2	COG1172	224093	6.15e-78	47.552	AraH	Ribose/xylose/arabinose/galactoside ABC-type transport system, permease component	G	Carbohydrate transport and metabolism
NODE_12_length_26275_cov_4.549927_3	COG1129	224053	0.0	52.016	MglA	ABC-type sugar transport system, ATPase component	G	Carbohydrate transport and metabolism
NODE_12_length_26275_cov_4.549927_4	COG1172	224093	1.45e-75	42.071	AraH	Ribose/xylose/arabinose/galactoside ABC-type transport system, permease component	G	Carbohydrate transport and metabolism
NODE_12_length_26275_cov_4.549927_5	COG1879	224791	1.16e-51	31.595	RbsB	ABC-type sugar transport system, periplasmic component, contains N-terminal xre family HTH domain	G	Carbohydrate transport and metabolism
NODE_12_length_26275_cov_4.549927_6	COG0287	223364	0.000213	25.397	TyrA	Prephenate dehydrogenase	E	Amino acid transport and metabolism
NODE_12_length_26275_cov_4.549927_7	COG0673	223745	6.47e-61	29.971	MviM	Predicted dehydrogenase	R	General function prediction only
NODE_12_length_26275_cov_4.549927_9	COG1850	224763	2.05e-141	40.049	RbcL	Ribulose 1,5-bisphosphate carboxylase, large subunit, or a RuBisCO-like protein	G	Carbohydrate transport and metabolism
NODE_12_length_26275_cov_4.549927_10	COG2207	225117	6.75e-28	33.962	AraC	AraC-type DNA-binding domain and AraC-containing proteins	K	Transcription
NODE_12_length_26275_cov_4.549927_12	COG3182	225723	3.4e-33	24.818	PiuB	PepSY-associated TM region	S	Function unknown
NODE_12_length_26275_cov_4.549927_13	COG4772	227113	2.5e-130	28.297	FecA	Outer membrane receptor for Fe3+-dicitrate	P	Inorganic ion transport and metabolism
NODE_12_length_26275_cov_4.549927_16	COG4118	226603	9.8e-11	41.509	Phd	Antitoxin component of toxin-antitoxin stability system, DNA-binding transcriptional repressor	V	Defense mechanisms
NODE_12_length_26275_cov_4.549927_17	COG2129	225040	2.73e-11	34.286		Predicted phosphoesterase, related to the Icc protein	R	General function prediction only
NODE_12_length_26275_cov_4.549927_18	COG1397	224315	6.6e-42	26.316	DraG	ADP-ribosylglycohydrolase	O	Posttranslational modification, protein turnover, chaperones
NODE_12_length_26275_cov_4.549927_19	COG4102	226587	3.44e-07	30.952		Uncharacterized conserved protein, DUF1501 family	S	Function unknown
NODE_13_length_25843_cov_3.101607_2	COG1109	224034	3.5e-133	43.326	ManB	Phosphomannomutase	G	Carbohydrate transport and metabolism
NODE_13_length_25843_cov_3.101607_3	COG3653	226179	4.5e-117	32.582		N-acyl-D-aspartate/D-glutamate deacylase	Q	Secondary metabolites biosynthesis, transport and catabolism
NODE_13_length_25843_cov_3.101607_5	COG1629	224544	2.43e-10	13.553	CirA	Outer membrane receptor protein, Fe transport	P	Inorganic ion transport and metabolism
NODE_13_length_25843_cov_3.101607_6	COG3103	225645	0.00068	35.714	YgiM	Uncharacterized conserved protein YgiM, contains N-terminal SH3 domain, DUF1202 family	R	General function prediction only
NODE_13_length_25843_cov_3.101607_7	COG4783	227122	1.28e-05	21.642	BepA	Outer membrane protein chaperone/metalloprotease BepA/YfgC, contains M48 and TPR domains	M	Cell wall/membrane/envelope biogenesis
NODE_13_length_25843_cov_3.101607_9	COG0038	223116	1.5e-70	37.882	ClcA	H+/Cl- antiporter ClcA	P	Inorganic ion transport and metabolism
NODE_13_length_25843_cov_3.101607_11	COG1252	224172	1.52e-141	45.966	Ndh	NADH dehydrogenase, FAD-containing subunit	C	Energy production and conversion
NODE_13_length_25843_cov_3.101607_12	COG0084	223162	4.33e-116	51.331	TatD	3'->5' ssDNA/RNA exonuclease TatD	N	Cell motility
NODE_13_length_25843_cov_3.101607_13	COG3158	225700	0.0	54.358	Kup	K+ uptake protein Kup	P	Inorganic ion transport and metabolism
NODE_13_length_25843_cov_3.101607_15	COG2318	225200	0.000459	19.355	DinB	Bacillithiol/mycothiol S-transferase BstA/DinB, DinB/YfiT family (unrelated to E. coli DinB)	Q	Secondary metabolites biosynthesis, transport and catabolism
NODE_13_length_25843_cov_3.101607_16	COG1225	224146	3.02e-83	53.947	Bcp	Peroxiredoxin	O	Posttranslational modification, protein turnover, chaperones
NODE_13_length_25843_cov_3.101607_17	COG0515	223589	1.58e-48	30.599	SPS1	Serine/threonine protein kinase	T	Signal transduction mechanisms
NODE_13_length_25843_cov_3.101607_19	COG0823	223893	4.36e-05	22.917	TolB	Periplasmic component TolB of the Tol biopolymer transport system	U	Intracellular trafficking, secretion, and vesicular transport
NODE_13_length_25843_cov_3.101607_20	COG0823	223893	4.02e-12	26.761	TolB	Periplasmic component TolB of the Tol biopolymer transport system	U	Intracellular trafficking, secretion, and vesicular transport
NODE_13_length_25843_cov_3.101607_21	COG0662	223734	6.72e-21	31.667	ManC	Mannose-6-phosphate isomerase, cupin superfamily	G	Carbohydrate transport and metabolism
NODE_13_length_25843_cov_3.101607_22	COG0492	223566	9.31e-45	28.617	TrxB	Thioredoxin reductase	O	Posttranslational modification, protein turnover, chaperones
NODE_14_length_25831_cov_3.531451_3	COG0352	223429	3.36e-56	45.794	ThiE	Thiamine monophosphate synthase	H	Coenzyme transport and metabolism
NODE_14_length_25831_cov_3.531451_4	COG1611	224527	4.74e-64	45.714	PpnN	Nucleotide monophosphate nucleosidase PpnN/YdgH, Lonely Guy (LOG) family	F	Nucleotide transport and metabolism
NODE_14_length_25831_cov_3.531451_7	COG4633	226980	2.81e-19	29.204		Plastocyanin domain containing protein	R	General function prediction only
NODE_14_length_25831_cov_3.531451_9	COG3696	226220	0.0	47.615	CusA	Cu/Ag efflux pump CusA	P	Inorganic ion transport and metabolism
NODE_14_length_25831_cov_3.531451_10	COG2010	224921	7.16e-12	28.09	CccA	Cytochrome c, mono- and diheme variants	C	Energy production and conversion
NODE_14_length_25831_cov_3.531451_11	COG1538	224455	7.75e-32	25.383	TolC	Outer membrane protein TolC	M	Cell wall/membrane/envelope biogenesis
NODE_14_length_25831_cov_3.531451_12	COG0845	223914	4.71e-34	31.233	AcrA	Multidrug efflux pump subunit AcrA (membrane-fusion protein)	M	Cell wall/membrane/envelope biogenesis
NODE_14_length_25831_cov_3.531451_13	COG0530	223604	1.83e-24	22.302	ECM27	Ca2+/Na+ antiporter	P	Inorganic ion transport and metabolism
NODE_14_length_25831_cov_3.531451_14	COG0037	223115	8.35e-51	32.0	TilS	tRNA(Ile)-lysidine synthase TilS/MesJ	J	Translation, ribosomal structure and biogenesis
NODE_14_length_25831_cov_3.531451_15	COG0465	223541	0.0	58.794	HflB	ATP-dependent Zn proteases	O	Posttranslational modification, protein turnover, chaperones
NODE_14_length_25831_cov_3.531451_16	COG0727	223799	1.18e-07	24.779	YkgJ	Uncharacterized protein YkgJ, contains CxxCxxCC motif	R	General function prediction only
NODE_14_length_25831_cov_3.531451_17	COG3568	226098	2.68e-13	21.6	ElsH	Metal-dependent hydrolase, endonuclease/exonuclease/phosphatase family	R	General function prediction only
NODE_14_length_25831_cov_3.531451_18	COG1218	224139	2.83e-77	39.689	CysQ	3'-Phosphoadenosine 5'-phosphosulfate (PAPS) 3'-phosphatase	P	Inorganic ion transport and metabolism
NODE_14_length_25831_cov_3.531451_19	COG1266	224185	1.06e-11	33.621	YdiL	Membrane protease YdiL, CAAX protease family	O	Posttranslational modification, protein turnover, chaperones
NODE_14_length_25831_cov_3.531451_20	COG5000	227333	2.52e-115	26.755	NtrY	Signal transduction histidine kinase NtrY involved in nitrogen fixation and metabolism regulation	T	Signal transduction mechanisms
NODE_14_length_25831_cov_3.531451_22	COG2204	225114	1.17e-122	52.256	AtoC	DNA-binding transcriptional response regulator, NtrC family, contains REC, AAA-type ATPase, and a Fis-type DNA-binding domains	T	Signal transduction mechanisms
NODE_15_length_24679_cov_3.607227_2	COG0221	223299	4.73e-58	50.292	Ppa	Inorganic pyrophosphatase	C	Energy production and conversion
NODE_15_length_24679_cov_3.607227_4	COG0308	223385	1.14e-14	20.408	PepN	Aminopeptidase N, contains DUF3458 domain	E	Amino acid transport and metabolism
NODE_15_length_24679_cov_3.607227_5	COG2062	224973	2.37e-32	31.548	SixA	Phosphohistidine phosphatase SixA	T	Signal transduction mechanisms
NODE_15_length_24679_cov_3.607227_7	COG5373	227665	2.34e-52	26.573		Uncharacterized membrane protein	S	Function unknown
NODE_15_length_24679_cov_3.607227_8	COG0323	223400	0.0	38.427	MutL	DNA mismatch repair ATPase MutL	L	Replication, recombination and repair
NODE_15_length_24679_cov_3.607227_9	COG0157	223235	6.78e-131	57.455	NadC	Nicotinate-nucleotide pyrophosphorylase	H	Coenzyme transport and metabolism
NODE_15_length_24679_cov_3.607227_11	COG0525	223599	0.0	53.685	ValS	Valyl-tRNA synthetase	J	Translation, ribosomal structure and biogenesis
NODE_15_length_24679_cov_3.607227_12	COG0784	223855	1.14e-23	36.434	CheY	CheY-like REC (receiver) domain, includes chemotaxis protein CheY  and sporulation regulator Spo0F	T	Signal transduction mechanisms
NODE_15_length_24679_cov_3.607227_13	COG4105	226590	1.73e-24	29.707	BamD	Outer membrane protein assembly factor BamD, BamD/ComL family	M	Cell wall/membrane/envelope biogenesis
NODE_15_length_24679_cov_3.607227_14	COG0036	223114	7.82e-118	57.991	Rpe	Pentose-5-phosphate-3-epimerase	G	Carbohydrate transport and metabolism
NODE_15_length_24679_cov_3.607227_15	COG2815	225372	3.7e-12	36.047	PASTA	PASTA domain, binds beta-lactams	M	Cell wall/membrane/envelope biogenesis
NODE_15_length_24679_cov_3.607227_16	COG0782	223853	5.26e-36	43.448	GreA	Transcription elongation factor, GreA/GreB family	K	Transcription
NODE_15_length_24679_cov_3.607227_17	COG0039	223117	1.39e-140	47.869	Mdh	Malate/lactate dehydrogenase	C	Energy production and conversion
NODE_15_length_24679_cov_3.607227_18	COG2835	225391	1.56e-08	39.13	Trm112	RNA methyltransferase activator Trm112/YbaR	J	Translation, ribosomal structure and biogenesis
NODE_15_length_24679_cov_3.607227_19	COG0859	223928	3.15e-59	31.988	RfaF	ADP-heptose:LPS heptosyltransferase	M	Cell wall/membrane/envelope biogenesis
NODE_16_length_23903_cov_3.409804_1	COG1940	224851	2.43e-33	39.394	NagC	Sugar kinase of the NBD/HSP70 family, may contain an N-terminal HTH domain	G	Carbohydrate transport and metabolism
NODE_16_length_23903_cov_3.409804_2	COG0556	223630	0.0	68.175	UvrB	Excinuclease UvrABC helicase subunit UvrB	L	Replication, recombination and repair
NODE_16_length_23903_cov_3.409804_3	COG2227	225137	1.16e-06	27.193	UbiG	2-polyprenyl-3-methyl-5-hydroxy-6-metoxy-1,4-benzoquinol methylase	H	Coenzyme transport and metabolism
NODE_16_length_23903_cov_3.409804_4	COG0442	223519	0.0	40.823	ProS	Prolyl-tRNA synthetase	J	Translation, ribosomal structure and biogenesis
NODE_16_length_23903_cov_3.409804_5	COG3706	226229	4.18e-62	26.708	PleD	Two-component response regulator, PleD family, consists of two REC domains and a diguanylate cyclase (GGDEF) domain	T	Signal transduction mechanisms
NODE_16_length_23903_cov_3.409804_6	COG0642	223715	1.2e-55	38.127	BaeS	Signal transduction histidine kinase	T	Signal transduction mechanisms
NODE_16_length_23903_cov_3.409804_7	COG0557	223631	0.0	42.483	VacB	Exoribonuclease R	K	Transcription
NODE_16_length_23903_cov_3.409804_8	COG0436	223513	9.08e-141	40.5	AspB	Aspartate/methionine/tyrosine aminotransferase	E	Amino acid transport and metabolism
NODE_16_length_23903_cov_3.409804_9	COG0669	223741	5.54e-87	57.233	CoaD	Phosphopantetheine adenylyltransferase	H	Coenzyme transport and metabolism
NODE_16_length_23903_cov_3.409804_10	COG0742	223813	6.41e-58	38.542	RsmD	16S rRNA G966 N2-methylase RsmD	J	Translation, ribosomal structure and biogenesis
NODE_16_length_23903_cov_3.409804_11	COG1087	224012	4.54e-117	42.598	GalE	UDP-glucose 4-epimerase	M	Cell wall/membrane/envelope biogenesis
NODE_16_length_23903_cov_3.409804_15	COG2919	225471	0.004	21.111	FtsB	Cell division protein FtsB	D	Cell cycle control, cell division, chromosome partitioning
NODE_16_length_23903_cov_3.409804_16	COG2197	225107	9.16e-20	36.585	CitB	DNA-binding response regulator, NarL/FixJ family, contains REC and HTH domains	T	Signal transduction mechanisms
NODE_16_length_23903_cov_3.409804_17	COG3063	225605	5.77e-11	24.02	PilF	Type IV pilus assembly protein PilF/PilW	N	Cell motility
NODE_16_length_23903_cov_3.409804_18	COG0567	223641	0.0	54.206	SucA	2-oxoglutarate dehydrogenase complex, dehydrogenase (E1) component, and related enzymes	C	Energy production and conversion
NODE_17_length_23793_cov_3.880756_1	COG0347	223424	2.15e-08	72.0	GlnK	Nitrogen regulatory protein PII	T	Signal transduction mechanisms
NODE_17_length_23793_cov_3.880756_2	COG0542	223616	1.53e-104	48.63	ClpA	ATP-dependent Clp protease, ATP-binding subunit ClpA	O	Posttranslational modification, protein turnover, chaperones
NODE_17_length_23793_cov_3.880756_5	COG1012	223944	9.3e-146	36.853	AdhE	Acyl-CoA reductase or other NAD-dependent aldehyde dehydrogenase	I	Lipid transport and metabolism
NODE_17_length_23793_cov_3.880756_7	COG1028	223959	5.3e-56	40.625	FabG	NAD(P)-dependent dehydrogenase, short-chain alcohol dehydrogenase family	I	Lipid transport and metabolism
NODE_17_length_23793_cov_3.880756_8	COG0174	223252	1.9e-136	34.773	GlnA	Glutamine synthetase	E	Amino acid transport and metabolism
NODE_17_length_23793_cov_3.880756_9	COG0531	223605	1.67e-38	19.913	PotE	Serine transporter YbeC, amino acid:H+ symporter family	E	Amino acid transport and metabolism
NODE_17_length_23793_cov_3.880756_10	COG1629	224544	0.005	13.242	CirA	Outer membrane receptor protein, Fe transport	P	Inorganic ion transport and metabolism
NODE_17_length_23793_cov_3.880756_11	COG2197	225107	1.71e-44	36.527	CitB	DNA-binding response regulator, NarL/FixJ family, contains REC and HTH domains	T	Signal transduction mechanisms
NODE_17_length_23793_cov_3.880756_12	COG4585	226951	1.65e-07	30.986	ComP	Signal transduction histidine kinase ComP	T	Signal transduction mechanisms
NODE_17_length_23793_cov_3.880756_14	COG2072	224983	1.96e-139	40.097	CzcO	Predicted flavoprotein CzcO associated with the cation diffusion facilitator CzcD	P	Inorganic ion transport and metabolism
NODE_17_length_23793_cov_3.880756_16	COG1680	224594	2.42e-64	30.0	AmpC	CubicO group peptidase, beta-lactamase class C family	V	Defense mechanisms
NODE_17_length_23793_cov_3.880756_17	COG4946	227282	3.59e-58	25.513		Uncharacterized N-terminal domain of tricorn protease, contains WD40 repeats	S	Function unknown
NODE_18_length_23732_cov_3.443669_1	COG2814	225371	4.19e-08	20.724	AraJ	Predicted arabinose efflux permease AraJ, MFS family	G	Carbohydrate transport and metabolism
NODE_18_length_23732_cov_3.443669_3	COG1505	224422	0.0	44.461	PreP	Prolyl endopeptidase PreP, S9A serine peptidase family	E	Amino acid transport and metabolism
NODE_18_length_23732_cov_3.443669_4	COG1640	224555	3.25e-180	41.154	MalQ	4-alpha-glucanotransferase	G	Carbohydrate transport and metabolism
NODE_18_length_23732_cov_3.443669_5	COG0302	223379	8.07e-96	58.602	FolE	GTP cyclohydrolase I	H	Coenzyme transport and metabolism
NODE_18_length_23732_cov_3.443669_6	COG0034	223112	0.0	56.388	PurF	Glutamine phosphoribosylpyrophosphate amidotransferase	F	Nucleotide transport and metabolism
NODE_18_length_23732_cov_3.443669_7	COG2808	225366	2.08e-69	44.762	PaiB	Predicted FMN-binding regulatory protein PaiB	T	Signal transduction mechanisms
NODE_18_length_23732_cov_3.443669_8	COG2333	225212	7.28e-80	37.262	ComEC	DNA uptake channel protein ComEC C-terminal domain, metallo-beta-lactamase superfamily	U	Intracellular trafficking, secretion, and vesicular transport
NODE_18_length_23732_cov_3.443669_10	COG0150	223228	9.25e-155	50.298	PurM	Phosphoribosylaminoimidazole (AIR) synthetase	F	Nucleotide transport and metabolism
NODE_18_length_23732_cov_3.443669_12	COG1506	224423	3.57e-66	27.255	DAP2	Dipeptidyl aminopeptidase/acylaminoacyl peptidase	E	Amino acid transport and metabolism
NODE_18_length_23732_cov_3.443669_13	COG0299	223376	3.85e-95	53.03	PurN	Folate-dependent phosphoribosylglycinamide formyltransferase PurN	F	Nucleotide transport and metabolism
NODE_18_length_23732_cov_3.443669_14	COG1215	224136	4.34e-31	31.944	BcsA	Glycosyltransferase, catalytic subunit of cellulose synthase and poly-beta-1,6-N-acetylglucosamine synthase	N	Cell motility
NODE_18_length_23732_cov_3.443669_15	COG2227	225137	4.38e-14	29.091	UbiG	2-polyprenyl-3-methyl-5-hydroxy-6-metoxy-1,4-benzoquinol methylase	H	Coenzyme transport and metabolism
NODE_18_length_23732_cov_3.443669_16	COG1216	224137	2.42e-28	25.574	WcaE	Glycosyltransferase, GT2 family	G	Carbohydrate transport and metabolism
NODE_18_length_23732_cov_3.443669_17	COG1134	224057	1.03e-116	50.0	TagH	ABC-type polysaccharide/polyol phosphate transport system, ATPase component	G	Carbohydrate transport and metabolism
NODE_18_length_23732_cov_3.443669_18	COG1682	224596	4.17e-51	28.679	TagG	ABC-type polysaccharide/teichoic acid/polyol phosphate export permease	G	Carbohydrate transport and metabolism
NODE_18_length_23732_cov_3.443669_19	COG0438	223515	6.1e-47	28.818	RfaB	Glycosyltransferase involved in cell wall bisynthesis	M	Cell wall/membrane/envelope biogenesis
NODE_18_length_23732_cov_3.443669_20	COG0438	223515	6.63e-22	22.749	RfaB	Glycosyltransferase involved in cell wall bisynthesis	M	Cell wall/membrane/envelope biogenesis
NODE_19_length_23394_cov_3.763006_1	COG1082	224007	1.73e-10	21.339	YcjR	Sugar phosphate isomerase/epimerase	G	Carbohydrate transport and metabolism
NODE_19_length_23394_cov_3.763006_2	COG4993	227326	1.45e-68	25.871	Gcd	Glucose dehydrogenase, PQQ-dependent	G	Carbohydrate transport and metabolism
NODE_19_length_23394_cov_3.763006_3	COG3258	225797	6.9e-07	20.619	TsdA	Thiosulfate dehydrogenase TsdA, contains C-terminal cytochrome c domain	P	Inorganic ion transport and metabolism
NODE_19_length_23394_cov_3.763006_4	COG2382	225256	2.05e-05	25.581	Fes	Enterochelin esterase or related enzyme	P	Inorganic ion transport and metabolism
NODE_19_length_23394_cov_3.763006_5	COG0673	223745	3.44e-50	23.529	MviM	Predicted dehydrogenase	R	General function prediction only
NODE_19_length_23394_cov_3.763006_9	COG1192	224113	1.18e-48	32.197	ParA	ParA-like ATPase involved in chromosome/plasmid partitioning or cellulose biosynthesis protein BcsQ	D	Cell cycle control, cell division, chromosome partitioning
NODE_19_length_23394_cov_3.763006_10	COG1475	224392	2.38e-12	24.046	Spo0J	Chromosome segregation protein Spo0J, contains ParB-like nuclease domain	D	Cell cycle control, cell division, chromosome partitioning
NODE_19_length_23394_cov_3.763006_12	COG3661	226187	1.44e-105	47.794	AguA2	Alpha-glucuronidase	G	Carbohydrate transport and metabolism
NODE_19_length_23394_cov_3.763006_13	COG4948	227284	1.76e-76	29.396	RspA	L-alanine-DL-glutamate epimerase or related enzyme of enolase superfamily	M	Cell wall/membrane/envelope biogenesis
NODE_19_length_23394_cov_3.763006_14	COG0079	223157	1.31e-79	30.882	HisC	Histidinol-phosphate/aromatic aminotransferase or cobyric acid decarboxylase	E	Amino acid transport and metabolism
NODE_19_length_23394_cov_3.763006_15	COG0659	223732	5.59e-112	36.902	SUL1	Sulfate permease or related transporter, MFS superfamily	P	Inorganic ion transport and metabolism
NODE_19_length_23394_cov_3.763006_16	COG1629	224544	0.000279	13.776	CirA	Outer membrane receptor protein, Fe transport	P	Inorganic ion transport and metabolism
NODE_20_length_23238_cov_3.294072_2	COG2204	225114	1.53e-180	42.505	AtoC	DNA-binding transcriptional response regulator, NtrC family, contains REC, AAA-type ATPase, and a Fis-type DNA-binding domains	T	Signal transduction mechanisms
NODE_20_length_23238_cov_3.294072_3	COG0642	223715	2.44e-45	29.02	BaeS	Signal transduction histidine kinase	T	Signal transduction mechanisms
NODE_20_length_23238_cov_3.294072_4	COG0768	223839	9.49e-48	29.513	FtsI	Cell division protein FtsI, peptidoglycan transpeptidase (Penicillin-binding protein 2)	D	Cell cycle control, cell division, chromosome partitioning
NODE_20_length_23238_cov_3.294072_7	COG2373	225248	8.02e-139	24.065	YfaS	Uncharacterized conserved protein YfaS, alpha-2-macroglobulin family	R	General function prediction only
NODE_20_length_23238_cov_3.294072_9	COG3234	225774	4.29e-44	31.858	yfaT	Uncharacterized conserved protein YfaT, DUF1175 family	S	Function unknown
NODE_20_length_23238_cov_3.294072_10	COG1240	224161	4.96e-06	33.645	ChlD	vWFA (von Willebrand factor type A) domain of Mg and Co chelatases	H	Coenzyme transport and metabolism
NODE_20_length_23238_cov_3.294072_12	COG0741	223812	3.94e-26	44.697	MltE	Soluble lytic murein transglycosylase or regulatory protein s ( may contain LysM/invasin domain)	M	Cell wall/membrane/envelope biogenesis
NODE_20_length_23238_cov_3.294072_13	COG5010	227343	1.64e-15	27.711	TadD	Flp pilus assembly protein TadD, contains TPR repeats	U	Intracellular trafficking, secretion, and vesicular transport
NODE_20_length_23238_cov_3.294072_14	COG1287	224206	0.009	16.239	Stt3	Asparagine N-glycosylation enzyme, membrane subunit Stt3	O	Posttranslational modification, protein turnover, chaperones
NODE_20_length_23238_cov_3.294072_15	COG1430	224347	1.88e-19	35.135		Uncharacterized conserved membrane protein, UPF0127 family	S	Function unknown
NODE_20_length_23238_cov_3.294072_17	COG2064	224975	1.69e-27	33.884	TadC	Flp pilus assembly protein TadC	W	Extracellular structures
NODE_20_length_23238_cov_3.294072_18	COG4965	227300	5.34e-60	32.915	TadB	Flp pilus assembly protein TadB	U	Intracellular trafficking, secretion, and vesicular transport
NODE_21_length_22827_cov_3.890549_3	COG3167	225708	4.55e-12	27.778	PilO	Type IV pilus assembly protein PilO	N	Cell motility
NODE_21_length_22827_cov_3.890549_4	COG3166	225707	1.63e-05	22.485	PilN	Type IV pilus assembly protein PilN	N	Cell motility
NODE_21_length_22827_cov_3.890549_5	COG4972	227306	1.12e-73	30.833	PilM	Type IV pilus assembly protein, ATPase PilM	N	Cell motility
NODE_21_length_22827_cov_3.890549_6	COG1200	224121	0.0	49.15	RecG	RecG-like helicase	L	Replication, recombination and repair
NODE_21_length_22827_cov_3.890549_7	COG0802	223873	1.06e-46	44.604	TsaE	tRNA A37 threonylcarbamoyladenosine biosynthesis protein TsaE	J	Translation, ribosomal structure and biogenesis
NODE_21_length_22827_cov_3.890549_8	COG1047	223976	5.39e-40	41.912	SlpA	Peptidyl-prolyl cis-trans isomerase, FKBP type	O	Posttranslational modification, protein turnover, chaperones
NODE_21_length_22827_cov_3.890549_11	COG1988	224899	3.81e-06	23.776	YbcI	Membrane-bound metal-dependent hydrolase YbcI, DUF457 family	R	General function prediction only
NODE_21_length_22827_cov_3.890549_12	COG2956	225504	0.005	22.314	LapB	Lipopolysaccharide biosynthesis regulator YciM/LapB, contains six TPR domains and a C-terminal metal-binding domain	M	Cell wall/membrane/envelope biogenesis
NODE_21_length_22827_cov_3.890549_13	COG0272	223350	0.0	50.354	Lig	NAD-dependent DNA ligase	L	Replication, recombination and repair
NODE_21_length_22827_cov_3.890549_14	COG5316	227628	1.52e-86	30.717		Uncharacterized protein, contains DUF4139 domain	S	Function unknown
NODE_21_length_22827_cov_3.890549_15	COG0439	223516	0.0	66.441	AccC	Biotin carboxylase	I	Lipid transport and metabolism
NODE_21_length_22827_cov_3.890549_16	COG0511	223585	2.13e-41	40.0	AccB	Biotin carboxyl carrier protein	I	Lipid transport and metabolism
NODE_21_length_22827_cov_3.890549_17	COG0203	223281	7.22e-49	49.66	RplQ	Ribosomal protein L17	J	Translation, ribosomal structure and biogenesis
NODE_21_length_22827_cov_3.890549_18	COG0202	223280	5.84e-132	47.368	RpoA	DNA-directed RNA polymerase, alpha subunit/40 kD subunit	K	Transcription
NODE_21_length_22827_cov_3.890549_19	COG0522	223596	4.87e-76	50.746	RpsD	Ribosomal protein S4 or related protein	J	Translation, ribosomal structure and biogenesis
NODE_21_length_22827_cov_3.890549_20	COG0100	223178	1.56e-53	63.158	RpsK	Ribosomal protein S11	J	Translation, ribosomal structure and biogenesis
NODE_21_length_22827_cov_3.890549_21	COG0099	223177	1.18e-57	66.087	RpsM	Ribosomal protein S13	J	Translation, ribosomal structure and biogenesis
NODE_22_length_22738_cov_3.254093_2	COG1466	224383	7.35e-52	27.515	HolA	DNA polymerase III, delta subunit	L	Replication, recombination and repair
NODE_22_length_22738_cov_3.254093_5	COG0535	223609	8.46e-25	25.0	SkfB	Radical SAM superfamily maturase, SkfB/NifB/PqqE family	D	Cell cycle control, cell division, chromosome partitioning
NODE_22_length_22738_cov_3.254093_6	COG1595	224511	2.06e-52	40.449	RpoE	DNA-directed RNA polymerase specialized sigma subunit, sigma24 family	K	Transcription
NODE_22_length_22738_cov_3.254093_7	COG5662	227949	0.000118	27.381	RsiW	Transmembrane transcriptional regulator RsiW (anti-sigma-W factor)	K	Transcription
NODE_22_length_22738_cov_3.254093_9	COG5434	227721	0.000197	46.552	Pgu1	Polygalacturonase	G	Carbohydrate transport and metabolism
NODE_22_length_22738_cov_3.254093_10	COG2956	225504	3.14e-08	22.901	LapB	Lipopolysaccharide biosynthesis regulator YciM/LapB, contains six TPR domains and a C-terminal metal-binding domain	M	Cell wall/membrane/envelope biogenesis
NODE_22_length_22738_cov_3.254093_12	COG1940	224851	6.13e-56	33.548	NagC	Sugar kinase of the NBD/HSP70 family, may contain an N-terminal HTH domain	G	Carbohydrate transport and metabolism
NODE_22_length_22738_cov_3.254093_13	COG1878	224790	8.29e-66	40.506		Kynurenine formamidase	E	Amino acid transport and metabolism
NODE_22_length_22738_cov_3.254093_14	COG0491	223565	3.36e-20	21.762	GloB	Glyoxylase or a related metal-dependent hydrolase, beta-lactamase superfamily II	R	General function prediction only
NODE_22_length_22738_cov_3.254093_15	COG0474	223550	6.27e-49	37.158	MgtA	Magnesium-transporting ATPase (P-type)	P	Inorganic ion transport and metabolism
NODE_22_length_22738_cov_3.254093_16	COG1530	224447	8.03e-118	41.045	CafA	Ribonuclease G or E	J	Translation, ribosomal structure and biogenesis
NODE_22_length_22738_cov_3.254093_17	COG0772	223843	4.09e-86	35.772	FtsW	Peptodoglycan polymerase FtsW/RodA/SpoVE	D	Cell cycle control, cell division, chromosome partitioning
NODE_22_length_22738_cov_3.254093_18	COG0768	223839	9.84e-141	29.678	FtsI	Cell division protein FtsI, peptidoglycan transpeptidase (Penicillin-binding protein 2)	D	Cell cycle control, cell division, chromosome partitioning
NODE_23_length_22647_cov_3.511254_3	COG1807	224720	0.005	14.559	ArnT	PMT family glycosyltransferase ArnT/Agl22, involved in glycosylation of proteins and lipid IVA	M	Cell wall/membrane/envelope biogenesis
NODE_23_length_22647_cov_3.511254_4	COG0438	223515	1.66e-15	21.615	RfaB	Glycosyltransferase involved in cell wall bisynthesis	M	Cell wall/membrane/envelope biogenesis
NODE_23_length_22647_cov_3.511254_5	COG0367	223444	1.32e-119	31.376	AsnB	Asparagine synthetase B (glutamine-hydrolyzing)	E	Amino acid transport and metabolism
NODE_23_length_22647_cov_3.511254_6	COG0726	223798	8.13e-09	17.761	CDA1	Peptidoglycan/xylan/chitin deacetylase, PgdA/NodB/CDA1 family	G	Carbohydrate transport and metabolism
NODE_23_length_22647_cov_3.511254_7	COG0223	223301	8.58e-21	25.322	Fmt	Methionyl-tRNA formyltransferase	J	Translation, ribosomal structure and biogenesis
NODE_23_length_22647_cov_3.511254_8	COG2227	225137	3.98e-12	25.253	UbiG	2-polyprenyl-3-methyl-5-hydroxy-6-metoxy-1,4-benzoquinol methylase	H	Coenzyme transport and metabolism
NODE_23_length_22647_cov_3.511254_9	COG0451	223528	9.95e-73	36.25	WcaG	Nucleoside-diphosphate-sugar epimerase	M	Cell wall/membrane/envelope biogenesis
NODE_23_length_22647_cov_3.511254_10	COG2242	225151	1.14e-06	24.812	CobL	Precorrin-6B methylase 2	H	Coenzyme transport and metabolism
NODE_23_length_22647_cov_3.511254_11	COG0463	223539	9.74e-36	23.432	WcaA	Glycosyltransferase involved in cell wall bisynthesis	M	Cell wall/membrane/envelope biogenesis
NODE_23_length_22647_cov_3.511254_12	COG0438	223515	2.21e-41	22.656	RfaB	Glycosyltransferase involved in cell wall bisynthesis	M	Cell wall/membrane/envelope biogenesis
NODE_23_length_22647_cov_3.511254_13	COG2244	225153	4.51e-07	22.439	RfbX	Membrane protein involved in the export of O-antigen and teichoic acid	M	Cell wall/membrane/envelope biogenesis
NODE_23_length_22647_cov_3.511254_14	COG0438	223515	1.37e-36	24.286	RfaB	Glycosyltransferase involved in cell wall bisynthesis	M	Cell wall/membrane/envelope biogenesis
NODE_23_length_22647_cov_3.511254_15	COG2244	225153	6.76e-14	21.354	RfbX	Membrane protein involved in the export of O-antigen and teichoic acid	M	Cell wall/membrane/envelope biogenesis
NODE_23_length_22647_cov_3.511254_16	COG1209	224130	3.03e-152	56.446	RmlA1	dTDP-glucose pyrophosphorylase	M	Cell wall/membrane/envelope biogenesis
NODE_23_length_22647_cov_3.511254_17	COG1898	224810	1.85e-87	61.364	RfbC	dTDP-4-dehydrorhamnose 3,5-epimerase or related enzyme	M	Cell wall/membrane/envelope biogenesis
NODE_23_length_22647_cov_3.511254_18	COG0438	223515	5.48e-39	25.964	RfaB	Glycosyltransferase involved in cell wall bisynthesis	M	Cell wall/membrane/envelope biogenesis
NODE_23_length_22647_cov_3.511254_19	COG0438	223515	1.22e-44	30.645	RfaB	Glycosyltransferase involved in cell wall bisynthesis	M	Cell wall/membrane/envelope biogenesis
NODE_23_length_22647_cov_3.511254_20	COG2226	225136	5.72e-10	25.676	UbiE	Ubiquinone/menaquinone biosynthesis C-methylase UbiE/MenG	H	Coenzyme transport and metabolism
NODE_23_length_22647_cov_3.511254_21	COG0438	223515	4.06e-46	28.297	RfaB	Glycosyltransferase involved in cell wall bisynthesis	M	Cell wall/membrane/envelope biogenesis
NODE_24_length_22057_cov_3.516106_1	COG0002	223081	2.26e-44	43.478	ArgC	N-acetyl-gamma-glutamylphosphate reductase	E	Amino acid transport and metabolism
NODE_24_length_22057_cov_3.516106_2	COG0548	223622	1.38e-72	42.146	ArgB	N-acetylglutamate kinase	E	Amino acid transport and metabolism
NODE_24_length_22057_cov_3.516106_3	COG2105	225016	6.34e-17	35.156	YtfP	Predicted gamma-glutamylamine cyclotransferase YtfP, GGCT/AIG2-like family	E	Amino acid transport and metabolism
NODE_24_length_22057_cov_3.516106_4	COG4992	227325	1.86e-178	49.875	ArgD	Acetylornithine/succinyldiaminopimelate/putrescine aminotransferase	E	Amino acid transport and metabolism
NODE_24_length_22057_cov_3.516106_5	COG1246	224167	9.14e-43	34.211	ArgA	N-acetylglutamate synthase or related acetyltransferase, GNAT family	E	Amino acid transport and metabolism
NODE_24_length_22057_cov_3.516106_8	COG1364	224283	0.0	57.071	ArgJ	Glutamate N-acetyltransferase (ornithine transacetylase)	E	Amino acid transport and metabolism
NODE_24_length_22057_cov_3.516106_9	COG0040	223118	1.16e-76	47.005	HisG	ATP phosphoribosyltransferase	E	Amino acid transport and metabolism
NODE_24_length_22057_cov_3.516106_10	COG0141	223219	0.0	56.345	HisD	Histidinol dehydrogenase	E	Amino acid transport and metabolism
NODE_24_length_22057_cov_3.516106_11	COG0079	223157	6.14e-104	40.395	HisC	Histidinol-phosphate/aromatic aminotransferase or cobyric acid decarboxylase	E	Amino acid transport and metabolism
NODE_24_length_22057_cov_3.516106_12	COG1404	224322	2.12e-25	33.893	AprE	Serine protease, subtilisin family	O	Posttranslational modification, protein turnover, chaperones
NODE_24_length_22057_cov_3.516106_13	COG3847	226366	0.000274	34.615	Flp	Flp pilus assembly protein, pilin Flp	U	Intracellular trafficking, secretion, and vesicular transport
NODE_24_length_22057_cov_3.516106_14	COG3847	226366	6.83e-10	32.075	Flp	Flp pilus assembly protein, pilin Flp	U	Intracellular trafficking, secretion, and vesicular transport
NODE_24_length_22057_cov_3.516106_15	COG4960	227295	0.000288	33.889	CpaA	Flp pilus assembly protein, peptidase CpaA	O	Posttranslational modification, protein turnover, chaperones
NODE_24_length_22057_cov_3.516106_16	COG4961	227296	0.000183	50.0	TadG	Flp pilus assembly protein TadG, includes N-terminal TadE domain	U	Intracellular trafficking, secretion, and vesicular transport
NODE_24_length_22057_cov_3.516106_17	COG4961	227296	1.66e-09	52.941	TadG	Flp pilus assembly protein TadG, includes N-terminal TadE domain	U	Intracellular trafficking, secretion, and vesicular transport
NODE_24_length_22057_cov_3.516106_18	COG3745	226268	5.15e-36	31.818	CpaB	Flp pilus assembly protein CpaB	U	Intracellular trafficking, secretion, and vesicular transport
NODE_24_length_22057_cov_3.516106_19	COG4964	227299	1.75e-89	33.179	CpaC	Flp pilus assembly protein, secretin CpaC	U	Intracellular trafficking, secretion, and vesicular transport
NODE_24_length_22057_cov_3.516106_21	COG4963	227298	3.05e-41	31.984	CpaE	Flp pilus assembly ATPase CpaE/TadZ, contains N-terminal REC/TadZ_N domain	U	Intracellular trafficking, secretion, and vesicular transport
NODE_24_length_22057_cov_3.516106_22	COG4962	227297	1.41e-159	54.469	CpaF	Pilus assembly protein, ATPase of CpaF family	U	Intracellular trafficking, secretion, and vesicular transport
NODE_25_length_21808_cov_3.488657_1	COG4447	226855	9.77e-34	26.667		Uncharacterized conserved protein related to plant photosystem II stability/assembly factor	R	General function prediction only
NODE_25_length_21808_cov_3.488657_2	COG3392	225927	7.12e-114	45.429		Adenine-specific DNA methylase	L	Replication, recombination and repair
NODE_25_length_21808_cov_3.488657_4	COG0542	223616	0.0	46.871	ClpA	ATP-dependent Clp protease, ATP-binding subunit ClpA	O	Posttranslational modification, protein turnover, chaperones
NODE_25_length_21808_cov_3.488657_5	COG0471	223547	6.29e-76	31.198	CitT	Di- and tricarboxylate antiporter	G	Carbohydrate transport and metabolism
NODE_25_length_21808_cov_3.488657_6	COG3173	225714	8.62e-72	32.743	YcbJ	Predicted  kinase, aminoglycoside phosphotransferase (APT) family	R	General function prediction only
NODE_25_length_21808_cov_3.488657_8	COG2258	225167	3.91e-69	47.887	YiiM	N-hydroxylaminopurine reductase YiiM, contains MOSC domain	F	Nucleotide transport and metabolism
NODE_25_length_21808_cov_3.488657_9	COG2208	225118	1.65e-43	30.333	RsbU	Phosphoserine phosphatase RsbU, regulator of sigma subunit	T	Signal transduction mechanisms
NODE_25_length_21808_cov_3.488657_10	COG0169	223247	1.96e-102	46.367	AroE	Shikimate 5-dehydrogenase	E	Amino acid transport and metabolism
NODE_25_length_21808_cov_3.488657_11	COG0796	223867	1.78e-112	48.339	MurI	Glutamate racemase	M	Cell wall/membrane/envelope biogenesis
NODE_25_length_21808_cov_3.488657_12	COG0689	223761	5.13e-96	57.203	Rph	Ribonuclease PH	J	Translation, ribosomal structure and biogenesis
NODE_25_length_21808_cov_3.488657_14	COG4319	226769	5.26e-05	24.603	YybH	Ketosteroid isomerase homolog YybH	R	General function prediction only
NODE_25_length_21808_cov_3.488657_15	COG0662	223734	9.4e-17	41.429	ManC	Mannose-6-phosphate isomerase, cupin superfamily	G	Carbohydrate transport and metabolism
NODE_25_length_21808_cov_3.488657_16	COG0123	223201	6.43e-80	32.877	AcuC	Acetoin utilization deacetylase AcuC or a related deacetylase	Q	Secondary metabolites biosynthesis, transport and catabolism
NODE_25_length_21808_cov_3.488657_17	COG1607	224523	9.4e-41	42.5	YciA	Acyl-CoA hydrolase	I	Lipid transport and metabolism
NODE_25_length_21808_cov_3.488657_18	COG1359	224278	4.89e-34	42.708	YgiN	Quinol monooxygenase YgiN	C	Energy production and conversion
NODE_25_length_21808_cov_3.488657_19	COG0720	223792	2.55e-37	38.4	QueD	6-pyruvoyl-tetrahydropterin synthase	H	Coenzyme transport and metabolism
NODE_26_length_21525_cov_3.150177_1	COG1629	224544	1.04e-11	13.884	CirA	Outer membrane receptor protein, Fe transport	P	Inorganic ion transport and metabolism
NODE_26_length_21525_cov_3.150177_3	COG0249	223327	3.82e-25	29.012	MutS	DNA mismatch repair ATPase MutS	L	Replication, recombination and repair
NODE_26_length_21525_cov_3.150177_4	COG0110	223188	9.16e-41	41.436	WbbJ	Acetyltransferase, isoleucine patch superfamily	R	General function prediction only
NODE_26_length_21525_cov_3.150177_5	COG3395	225930	2.88e-82	29.73	OtnK	D-threonate/D-erythronate kinase OtnK and related C4-acid sugar kinases, YgbK/DUF1537 family	G	Carbohydrate transport and metabolism
NODE_26_length_21525_cov_3.150177_6	COG2814	225371	7.1e-23	20.844	AraJ	Predicted arabinose efflux permease AraJ, MFS family	G	Carbohydrate transport and metabolism
NODE_26_length_21525_cov_3.150177_7	COG0235	223313	1.4e-52	38.967	AraD	5-methylthioribulose/5-deoxyribulose/Fuculose 1-phosphate aldolase (methionine salvage, sugar degradation)	E	Amino acid transport and metabolism
NODE_26_length_21525_cov_3.150177_8	COG1359	224278	1.09e-22	30.682	YgiN	Quinol monooxygenase YgiN	C	Energy production and conversion
NODE_26_length_21525_cov_3.150177_9	COG0745	223816	7.28e-25	39.252	OmpR	DNA-binding response regulator, OmpR family, contains REC and winged-helix (wHTH) domain	T	Signal transduction mechanisms
NODE_26_length_21525_cov_3.150177_10	COG0642	223715	1.74e-55	36.431	BaeS	Signal transduction histidine kinase	T	Signal transduction mechanisms
NODE_26_length_21525_cov_3.150177_13	COG4102	226587	1.89e-08	25.191		Uncharacterized conserved protein, DUF1501 family	S	Function unknown
NODE_26_length_21525_cov_3.150177_16	COG0515	223589	2.5e-08	32.836	SPS1	Serine/threonine protein kinase	T	Signal transduction mechanisms
NODE_27_length_21150_cov_3.825796_2	COG2204	225114	1.37e-148	52.26	AtoC	DNA-binding transcriptional response regulator, NtrC family, contains REC, AAA-type ATPase, and a Fis-type DNA-binding domains	T	Signal transduction mechanisms
NODE_27_length_21150_cov_3.825796_3	COG0810	223880	3.94e-06	25.641	TonB	Periplasmic protein TonB, links inner and outer membranes	M	Cell wall/membrane/envelope biogenesis
NODE_27_length_21150_cov_3.825796_5	COG1483	224400	3.26e-69	19.818		Predicted ATPase, AAA+ superfamily	R	General function prediction only
NODE_27_length_21150_cov_3.825796_7	COG1743	224657	1.15e-123	22.847		Adenine-specific DNA methylase, contains a Zn-ribbon domain	L	Replication, recombination and repair
NODE_27_length_21150_cov_3.825796_9	COG1743	224657	1.99e-12	44.231		Adenine-specific DNA methylase, contains a Zn-ribbon domain	L	Replication, recombination and repair
NODE_27_length_21150_cov_3.825796_11	COG0218	223296	0.000198	60.0	EngB	GTP-binding protein EngB required for normal cell division	D	Cell cycle control, cell division, chromosome partitioning
NODE_27_length_21150_cov_3.825796_13	COG0463	223539	3.68e-23	18.493	WcaA	Glycosyltransferase involved in cell wall bisynthesis	M	Cell wall/membrane/envelope biogenesis
NODE_27_length_21150_cov_3.825796_14	COG1233	224154	1.6e-77	30.658		Phytoene dehydrogenase-related protein	Q	Secondary metabolites biosynthesis, transport and catabolism
NODE_27_length_21150_cov_3.825796_15	COG2324	225206	2.37e-13	33.333		Uncharacterized membrane protein	S	Function unknown
NODE_27_length_21150_cov_3.825796_16	COG1566	224482	1.38e-08	33.898	EmrA	Multidrug resistance efflux pump EmrA	V	Defense mechanisms
NODE_28_length_20396_cov_3.520006_1	COG2718	225339	1.82e-79	43.85	YeaH	Uncharacterized conserved protein YeaH/YhbH, required for sporulation, DUF444 family	R	General function prediction only
NODE_28_length_20396_cov_3.520006_2	COG0063	223141	1.39e-78	43.617	Nnr2	NAD(P)H-hydrate repair enzyme Nnr, NAD(P)H-hydrate dehydratase domain	F	Nucleotide transport and metabolism
NODE_28_length_20396_cov_3.520006_3	COG2195	225106	0.007	31.373	PepD2	Di- or tripeptidase	E	Amino acid transport and metabolism
NODE_28_length_20396_cov_3.520006_4	COG2206	225116	1.23e-62	47.59	HDGYP	HD-GYP domain, c-di-GMP phosphodiesterase class II (or its inactivated variant)	T	Signal transduction mechanisms
NODE_28_length_20396_cov_3.520006_5	COG1595	224511	1.24e-43	34.783	RpoE	DNA-directed RNA polymerase specialized sigma subunit, sigma24 family	K	Transcription
NODE_28_length_20396_cov_3.520006_6	COG5662	227949	1.77e-05	33.871	RsiW	Transmembrane transcriptional regulator RsiW (anti-sigma-W factor)	K	Transcription
NODE_28_length_20396_cov_3.520006_7	COG3678	226203	7.59e-07	30.526	CpxP	Periplasmic chaperone Spy, Spy/CpxP family	O	Posttranslational modification, protein turnover, chaperones
NODE_28_length_20396_cov_3.520006_8	COG3276	225815	1.08e-111	36.596	SelB	Selenocysteine-specific translation elongation factor SelB	J	Translation, ribosomal structure and biogenesis
NODE_28_length_20396_cov_3.520006_10	COG2133	225044	2.05e-08	34.694	YliI	Glucose/arabinose dehydrogenase, beta-propeller fold	G	Carbohydrate transport and metabolism
NODE_28_length_20396_cov_3.520006_12	COG4640	226987	0.000171	26.761	YvbJ	Uncharacterized protein YvbJ, contains N-terminal Zn ribbon domain	S	Function unknown
NODE_28_length_20396_cov_3.520006_14	COG2206	225116	9.92e-55	47.024	HDGYP	HD-GYP domain, c-di-GMP phosphodiesterase class II (or its inactivated variant)	T	Signal transduction mechanisms
NODE_29_length_20207_cov_3.151018_1	COG4446	226854	2.99e-09	36.842		Uncharacterized conserved protein, DUF1499 family	S	Function unknown
NODE_29_length_20207_cov_3.151018_2	COG0543	223617	2.79e-40	30.041	Mcr1	NAD(P)H-flavin reductase	H	Coenzyme transport and metabolism
NODE_29_length_20207_cov_3.151018_3	COG0167	223245	1.04e-91	40.777	PyrD	Dihydroorotate dehydrogenase	F	Nucleotide transport and metabolism
NODE_29_length_20207_cov_3.151018_4	COG0739	223810	1.2e-32	30.144	NlpD	Murein DD-endopeptidase MepM and murein hydrolase activator NlpD, contains LysM domain	M	Cell wall/membrane/envelope biogenesis
NODE_29_length_20207_cov_3.151018_5	COG1247	224168	2.35e-39	37.423	MnaT	L-amino acid N-acyltransferase MnaT	E	Amino acid transport and metabolism
NODE_29_length_20207_cov_3.151018_6	COG0284	223361	5.85e-71	50.0	PyrF	Orotidine-5'-phosphate decarboxylase	F	Nucleotide transport and metabolism
NODE_29_length_20207_cov_3.151018_8	COG1187	224108	3.15e-72	41.833	RsuA	Pseudouridylate synthase RsuA, specific for 16S rRNA U516  and 23S rRNA U2605	J	Translation, ribosomal structure and biogenesis
NODE_29_length_20207_cov_3.151018_9	COG0370	223447	1.22e-134	28.0	FeoB	Fe2+ transporter FeoB	P	Inorganic ion transport and metabolism
NODE_29_length_20207_cov_3.151018_10	COG1918	224830	0.000772	30.986	FeoA	Fe2+ transport protein FeoA	P	Inorganic ion transport and metabolism
NODE_29_length_20207_cov_3.151018_11	COG0805	223876	6.47e-62	27.164	TatC	Twin-arginine protein secretion pathway component TatC	U	Intracellular trafficking, secretion, and vesicular transport
NODE_29_length_20207_cov_3.151018_12	COG1826	224739	6.69e-22	42.424	TatA	Twin-arginine protein secretion pathway components TatA and TatB	U	Intracellular trafficking, secretion, and vesicular transport
NODE_29_length_20207_cov_3.151018_13	COG2425	225281	6.97e-06	24.806	ViaA	Uncharacterized conserved protein, contains a von Willebrand factor type A (vWA) domain	S	Function unknown
NODE_29_length_20207_cov_3.151018_17	COG0337	223414	5.14e-150	44.231	AroB	3-dehydroquinate synthetase	E	Amino acid transport and metabolism
NODE_29_length_20207_cov_3.151018_18	COG2198	225108	2.49e-12	29.73	HPtr	HPt (histidine-containing phosphotransfer) domain	T	Signal transduction mechanisms
NODE_29_length_20207_cov_3.151018_19	COG5662	227949	5.04e-05	26.087	RsiW	Transmembrane transcriptional regulator RsiW (anti-sigma-W factor)	K	Transcription
NODE_30_length_19970_cov_3.523652_1	COG0103	223181	2.11e-59	66.154	RpsI	Ribosomal protein S9	J	Translation, ribosomal structure and biogenesis
NODE_30_length_19970_cov_3.523652_2	COG0102	223180	3.3e-68	52.414	RplM	Ribosomal protein L13	J	Translation, ribosomal structure and biogenesis
NODE_30_length_19970_cov_3.523652_5	COG0463	223539	7.05e-20	33.175	WcaA	Glycosyltransferase involved in cell wall bisynthesis	M	Cell wall/membrane/envelope biogenesis
NODE_30_length_19970_cov_3.523652_6	COG4360	226803	2.48e-07	27.451	APA2	ATP adenylyltransferase (5',5'''-P-1,P-4-tetraphosphate phosphorylase II)	F	Nucleotide transport and metabolism
NODE_30_length_19970_cov_3.523652_7	COG0788	223859	1.49e-165	58.865	PurU	Formyltetrahydrofolate hydrolase	F	Nucleotide transport and metabolism
NODE_30_length_19970_cov_3.523652_9	COG2385	225259	1.84e-36	25.882	SpoIID	Peptidoglycan hydrolase (amidase) enhancer domain SpoIID	M	Cell wall/membrane/envelope biogenesis
NODE_30_length_19970_cov_3.523652_10	COG0670	223742	5.72e-20	27.619	YbhL	Integral membrane protein YbhL, putative Ca2+ regulator, Bax inhibitor (BI-1)/TMBIM family	P	Inorganic ion transport and metabolism
NODE_30_length_19970_cov_3.523652_11	COG3595	226123	5.27e-07	19.531	YvlB	Uncharacterized conserved protein YvlB, contains  DUF4097 and DUF4098 domains	S	Function unknown
NODE_30_length_19970_cov_3.523652_12	COG4636	226983	8.1e-07	20.958	Uma2	Endonuclease, Uma2 family (restriction endonuclease fold)	R	General function prediction only
NODE_30_length_19970_cov_3.523652_13	COG1914	224826	1.82e-16	18.519	MntH	Mn2+ or Fe2+ transporter, NRAMP family	P	Inorganic ion transport and metabolism
NODE_30_length_19970_cov_3.523652_14	COG5285	227609	8.12e-21	22.835	PhyH	Ectoine hydroxylase-related dioxygenase, phytanoyl-CoA dioxygenase (PhyH) family	Q	Secondary metabolites biosynthesis, transport and catabolism
NODE_30_length_19970_cov_3.523652_15	COG4993	227326	9.27e-147	36.076	Gcd	Glucose dehydrogenase, PQQ-dependent	G	Carbohydrate transport and metabolism
NODE_30_length_19970_cov_3.523652_17	COG1848	224761	1.41e-08	23.704	VapC	VapC family ribonuclease, toxin component of the VapBC toxin-antitoxin module, contains PIN domain	V	Defense mechanisms
NODE_30_length_19970_cov_3.523652_18	COG4948	227284	2.29e-94	36.705	RspA	L-alanine-DL-glutamate epimerase or related enzyme of enolase superfamily	M	Cell wall/membrane/envelope biogenesis
NODE_30_length_19970_cov_3.523652_19	COG1629	224544	5.08e-05	15.21	CirA	Outer membrane receptor protein, Fe transport	P	Inorganic ion transport and metabolism
NODE_31_length_19842_cov_3.599848_3	COG1629	224544	3.91e-05	18.687	CirA	Outer membrane receptor protein, Fe transport	P	Inorganic ion transport and metabolism
NODE_31_length_19842_cov_3.599848_4	COG5583	227870	2e-07	28.261		Uncharacterized conserved protein YezD	S	Function unknown
NODE_31_length_19842_cov_3.599848_6	COG0125	223203	8.17e-33	31.532	Tmk	Thymidylate kinase	F	Nucleotide transport and metabolism
NODE_31_length_19842_cov_3.599848_7	COG2041	224952	7.25e-39	33.333	MsrP	Molybdopterin-dependent catalytic subunit of periplasmic DMSO/TMAO and protein-methionine-sulfoxide reductases	C	Energy production and conversion
NODE_31_length_19842_cov_3.599848_8	COG1959	224870	1.15e-45	38.621	IscR	DNA-binding transcriptional regulator, IscR family	K	Transcription
NODE_31_length_19842_cov_3.599848_9	COG3842	226361	3.61e-136	44.127	PotA	ABC-type Fe3+/spermidine/putrescine transport systems, ATPase component	E	Amino acid transport and metabolism
NODE_31_length_19842_cov_3.599848_10	COG3534	226064	2.73e-56	23.459	AbfA	Alpha-L-arabinofuranosidase	G	Carbohydrate transport and metabolism
NODE_31_length_19842_cov_3.599848_11	COG0153	223231	1.96e-44	27.093	GalK	Galactokinase	G	Carbohydrate transport and metabolism
NODE_31_length_19842_cov_3.599848_12	COG0483	223559	2.79e-07	19.63	SuhB	Archaeal fructose-1,6-bisphosphatase or related enzyme, inositol monophosphatase family	G	Carbohydrate transport and metabolism
NODE_31_length_19842_cov_3.599848_13	COG1085	224010	1.9e-84	39.249	GalT	Galactose-1-phosphate uridylyltransferase	G	Carbohydrate transport and metabolism
NODE_32_length_19204_cov_3.198777_2	COG0438	223515	5.1e-33	21.934	RfaB	Glycosyltransferase involved in cell wall bisynthesis	M	Cell wall/membrane/envelope biogenesis
NODE_32_length_19204_cov_3.198777_4	COG1109	224034	8.7e-117	30.886	ManB	Phosphomannomutase	G	Carbohydrate transport and metabolism
NODE_32_length_19204_cov_3.198777_5	COG2919	225471	1.46e-09	26.506	FtsB	Cell division protein FtsB	D	Cell cycle control, cell division, chromosome partitioning
NODE_32_length_19204_cov_3.198777_7	COG4126	226611	0.008	26.471	Dcg1	Asp/Glu/hydantoin racemase	E	Amino acid transport and metabolism
NODE_32_length_19204_cov_3.198777_8	COG1235	224156	1.35e-42	28.996	PhnP	Phosphoribosyl 1,2-cyclic phosphate phosphodiesterase	P	Inorganic ion transport and metabolism
NODE_32_length_19204_cov_3.198777_9	COG0196	223274	1.28e-101	43.464	RibF	FAD synthase	H	Coenzyme transport and metabolism
NODE_32_length_19204_cov_3.198777_10	COG0661	223733	8.3e-151	39.618	AarF	Predicted protein kinase regulating ubiquinone biosynthesis, AarF/ABC1/UbiB family	H	Coenzyme transport and metabolism
NODE_32_length_19204_cov_3.198777_11	COG1940	224851	1.04e-54	33.445	NagC	Sugar kinase of the NBD/HSP70 family, may contain an N-terminal HTH domain	G	Carbohydrate transport and metabolism
NODE_32_length_19204_cov_3.198777_12	COG0488	223562	0.0	46.494	Uup	ATPase components of ABC transporters with duplicated ATPase domains	R	General function prediction only
NODE_32_length_19204_cov_3.198777_13	COG1011	223943	6.69e-25	23.834	YigB	FMN and 5-amino-6-(5-phospho-D-ribitylamino)uracil phosphatase YigB, HAD superfamily (riboflavin biosynthesis)	H	Coenzyme transport and metabolism
NODE_32_length_19204_cov_3.198777_15	COG0426	223503	3.56e-17	28.814	NorV	Flavorubredoxin	C	Energy production and conversion
NODE_32_length_19204_cov_3.198777_17	COG0823	223893	2.84e-26	20.139	TolB	Periplasmic component TolB of the Tol biopolymer transport system	U	Intracellular trafficking, secretion, and vesicular transport
NODE_33_length_19071_cov_3.582763_1	COG0419	223496	3.01e-10	22.5	SbcC	DNA repair exonuclease SbcCD ATPase subunit	L	Replication, recombination and repair
NODE_33_length_19071_cov_3.582763_2	COG1966	224877	0.0	39.482	CstA	Carbon starvation protein CstA (peptide/pyruvate transporter)	C	Energy production and conversion
NODE_33_length_19071_cov_3.582763_3	COG4640	226987	0.001	55.0	YvbJ	Uncharacterized protein YvbJ, contains N-terminal Zn ribbon domain	S	Function unknown
NODE_33_length_19071_cov_3.582763_6	COG2866	225421	3e-09	21.788	MpaA	Murein tripeptide amidase MpaA	M	Cell wall/membrane/envelope biogenesis
NODE_33_length_19071_cov_3.582763_8	COG1884	224796	0.0	66.041	Sbm	Methylmalonyl-CoA mutase, N-terminal domain/subunit	I	Lipid transport and metabolism
NODE_33_length_19071_cov_3.582763_9	COG3609	226136	1e-08	35.294	ParD	Transcriptional regulator, contains Arc/MetJ-type RHH (ribbon-helix-helix) DNA-binding domain	K	Transcription
NODE_33_length_19071_cov_3.582763_10	COG3668	226194	6.96e-18	31.633	ParE	Plasmid stabilization system protein ParE	X	Mobilome: prophages, transposons
NODE_33_length_19071_cov_3.582763_11	COG1186	224107	2.64e-137	62.128	PrfB	Protein chain release factor PrfB	J	Translation, ribosomal structure and biogenesis
NODE_33_length_19071_cov_3.582763_12	COG1674	224588	7.54e-166	29.621	FtsK	DNA segregation ATPase FtsK/SpoIIIE or related protein	D	Cell cycle control, cell division, chromosome partitioning
NODE_33_length_19071_cov_3.582763_13	COG0269	223347	2.13e-50	38.318	UlaD	3-keto-L-gulonate-6-phosphate decarboxylase	G	Carbohydrate transport and metabolism
NODE_33_length_19071_cov_3.582763_17	COG2010	224921	0.000161	23.377	CccA	Cytochrome c, mono- and diheme variants	C	Energy production and conversion
NODE_33_length_19071_cov_3.582763_22	COG0589	223662	5.75e-19	32.886	UspA	Nucleotide-binding universal stress protein,  UspA family	T	Signal transduction mechanisms
NODE_34_length_18268_cov_3.502776_1	COG0189	223267	5.05e-12	21.818	LysX	Glutathione synthase, LysX or RimK-type ligase, ATP-grasp superfamily	E	Amino acid transport and metabolism
NODE_34_length_18268_cov_3.502776_2	COG2170	225081	3.3e-105	34.53	YbdK	Gamma-glutamyl:cysteine ligase YbdK, ATP-grasp superfamily	O	Posttranslational modification, protein turnover, chaperones
NODE_34_length_18268_cov_3.502776_3	COG3194	225735	1.38e-24	34.416	AllA	Ureidoglycolate hydrolase (allantoin degradation)	F	Nucleotide transport and metabolism
NODE_34_length_18268_cov_3.502776_5	COG5336	227641	0.000231	27.692	AtpZ	FoF1-type ATP synthase AtpZ/Atp1/AtpQ subunit, putative Ca2+/Mg2+ transporter	C	Energy production and conversion
NODE_34_length_18268_cov_3.502776_6	COG4251	226702	2.2e-59	36.538		Bacteriophytochrome (light-regulated signal transduction histidine kinase)	T	Signal transduction mechanisms
NODE_34_length_18268_cov_3.502776_7	COG0642	223715	3.63e-44	27.922	BaeS	Signal transduction histidine kinase	T	Signal transduction mechanisms
NODE_34_length_18268_cov_3.502776_9	COG0598	223671	7.19e-89	42.612	CorA	Mg2+ and Co2+ transporter CorA	P	Inorganic ion transport and metabolism
NODE_34_length_18268_cov_3.502776_10	COG4771	227112	9.35e-11	21.951	FepA	Outer membrane receptor for ferrienterochelin and colicins	P	Inorganic ion transport and metabolism
NODE_34_length_18268_cov_3.502776_11	COG2204	225114	3.79e-25	35.246	AtoC	DNA-binding transcriptional response regulator, NtrC family, contains REC, AAA-type ATPase, and a Fis-type DNA-binding domains	T	Signal transduction mechanisms
NODE_34_length_18268_cov_3.502776_12	COG2133	225044	0.008	22.581	YliI	Glucose/arabinose dehydrogenase, beta-propeller fold	G	Carbohydrate transport and metabolism
NODE_34_length_18268_cov_3.502776_13	COG1024	223955	3.6e-73	41.313	CaiD	Enoyl-CoA hydratase/carnithine racemase	I	Lipid transport and metabolism
NODE_34_length_18268_cov_3.502776_15	COG1595	224511	1.04e-22	31.293	RpoE	DNA-directed RNA polymerase specialized sigma subunit, sigma24 family	K	Transcription
NODE_35_length_18014_cov_3.927803_1	COG2956	225504	9.17e-12	22.794	LapB	Lipopolysaccharide biosynthesis regulator YciM/LapB, contains six TPR domains and a C-terminal metal-binding domain	M	Cell wall/membrane/envelope biogenesis
NODE_35_length_18014_cov_3.927803_2	COG1629	224544	0.000334	14.57	CirA	Outer membrane receptor protein, Fe transport	P	Inorganic ion transport and metabolism
NODE_35_length_18014_cov_3.927803_4	COG0037	223115	5.06e-70	34.979	TilS	tRNA(Ile)-lysidine synthase TilS/MesJ	J	Translation, ribosomal structure and biogenesis
NODE_35_length_18014_cov_3.927803_5	COG0611	223684	5.63e-81	36.337	ThiL	Thiamine monophosphate kinase	H	Coenzyme transport and metabolism
NODE_35_length_18014_cov_3.927803_6	COG0612	223685	4.9e-91	33.82	PqqL	Predicted Zn-dependent peptidase, M16 family	R	General function prediction only
NODE_35_length_18014_cov_3.927803_7	COG3024	225568	1.79e-14	47.17	YacG	Endogenous inhibitor of DNA gyrase, YacG/DUF329 family	L	Replication, recombination and repair
NODE_35_length_18014_cov_3.927803_8	COG0526	223600	3.66e-14	28.261	TrxA	Thiol-disulfide isomerase or thioredoxin	O	Posttranslational modification, protein turnover, chaperones
NODE_35_length_18014_cov_3.927803_9	COG0526	223600	3.17e-08	22.901	TrxA	Thiol-disulfide isomerase or thioredoxin	O	Posttranslational modification, protein turnover, chaperones
NODE_35_length_18014_cov_3.927803_10	COG0526	223600	7.82e-09	23.894	TrxA	Thiol-disulfide isomerase or thioredoxin	O	Posttranslational modification, protein turnover, chaperones
NODE_35_length_18014_cov_3.927803_11	COG0469	223545	0.0	51.992	PykF	Pyruvate kinase	G	Carbohydrate transport and metabolism
NODE_35_length_18014_cov_3.927803_12	COG0535	223609	2.66e-24	25.084	SkfB	Radical SAM superfamily maturase, SkfB/NifB/PqqE family	D	Cell cycle control, cell division, chromosome partitioning
NODE_36_length_17880_cov_3.111947_1	COG1012	223944	9.69e-148	40.371	AdhE	Acyl-CoA reductase or other NAD-dependent aldehyde dehydrogenase	I	Lipid transport and metabolism
NODE_36_length_17880_cov_3.111947_6	COG0515	223589	8.96e-51	26.099	SPS1	Serine/threonine protein kinase	T	Signal transduction mechanisms
NODE_36_length_17880_cov_3.111947_7	COG0631	223704	1.78e-72	39.683	PTC1	Serine/threonine protein phosphatase PrpC	T	Signal transduction mechanisms
NODE_36_length_17880_cov_3.111947_8	COG0515	223589	3.11e-45	31.295	SPS1	Serine/threonine protein kinase	T	Signal transduction mechanisms
NODE_36_length_17880_cov_3.111947_9	COG0265	223343	1.7e-10	24.803	DegQ	Periplasmic serine protease, S1-C subfamily, contain C-terminal PDZ domain	O	Posttranslational modification, protein turnover, chaperones
NODE_36_length_17880_cov_3.111947_10	COG1595	224511	4.04e-09	29.091	RpoE	DNA-directed RNA polymerase specialized sigma subunit, sigma24 family	K	Transcription
NODE_36_length_17880_cov_3.111947_11	COG0515	223589	4.48e-38	30.065	SPS1	Serine/threonine protein kinase	T	Signal transduction mechanisms
NODE_36_length_17880_cov_3.111947_13	COG3185	225726	0.009	23.881	HppD	4-hydroxyphenylpyruvate dioxygenase and related hemolysins	E	Amino acid transport and metabolism
NODE_37_length_17609_cov_2.949350_1	COG0642	223715	5.65e-47	46.575	BaeS	Signal transduction histidine kinase	T	Signal transduction mechanisms
NODE_37_length_17609_cov_2.949350_2	COG0845	223914	1.49e-29	29.095	AcrA	Multidrug efflux pump subunit AcrA (membrane-fusion protein)	M	Cell wall/membrane/envelope biogenesis
NODE_37_length_17609_cov_2.949350_3	COG0841	223911	0.0	30.32	AcrB	Multidrug efflux pump subunit AcrB	V	Defense mechanisms
NODE_37_length_17609_cov_2.949350_4	COG1538	224455	2.26e-49	27.358	TolC	Outer membrane protein TolC	M	Cell wall/membrane/envelope biogenesis
NODE_37_length_17609_cov_2.949350_5	COG1240	224161	2.19e-05	21.429	ChlD	vWFA (von Willebrand factor type A) domain of Mg and Co chelatases	H	Coenzyme transport and metabolism
NODE_37_length_17609_cov_2.949350_7	COG0823	223893	2.42e-48	30.288	TolB	Periplasmic component TolB of the Tol biopolymer transport system	U	Intracellular trafficking, secretion, and vesicular transport
NODE_37_length_17609_cov_2.949350_9	COG1082	224007	4.54e-25	24.066	YcjR	Sugar phosphate isomerase/epimerase	G	Carbohydrate transport and metabolism
NODE_37_length_17609_cov_2.949350_10	COG3063	225605	0.001	34.694	PilF	Type IV pilus assembly protein PilF/PilW	N	Cell motility
NODE_37_length_17609_cov_2.949350_11	COG1940	224851	5.13e-62	35.22	NagC	Sugar kinase of the NBD/HSP70 family, may contain an N-terminal HTH domain	G	Carbohydrate transport and metabolism
NODE_37_length_17609_cov_2.949350_12	COG0296	223373	1.88e-34	43.956	GlgB	1,4-alpha-glucan branching enzyme	G	Carbohydrate transport and metabolism
NODE_37_length_17609_cov_2.949350_14	COG0784	223855	9.94e-19	32.203	CheY	CheY-like REC (receiver) domain, includes chemotaxis protein CheY  and sporulation regulator Spo0F	T	Signal transduction mechanisms
NODE_37_length_17609_cov_2.949350_15	COG4235	226687	0.000211	15.73	NrfG	Cytochrome c-type biogenesis protein CcmH/NrfG	C	Energy production and conversion
NODE_38_length_17461_cov_2.797285_2	COG3332	225869	0.000452	30.088	Tango2	Uncharacterized stress-responsive protein, TANGO2 (Transport and Golgi organisation 2) family, contains NRDE motif	R	General function prediction only
NODE_38_length_17461_cov_2.797285_3	COG0586	223659	1.65e-23	28.276	DedA	Membrane integrity protein DedA, putative transporter, DedA/Tvp38 family	M	Cell wall/membrane/envelope biogenesis
NODE_38_length_17461_cov_2.797285_4	COG0642	223715	1.65e-52	35.689	BaeS	Signal transduction histidine kinase	T	Signal transduction mechanisms
NODE_38_length_17461_cov_2.797285_5	COG3408	225942	1.42e-99	28.743	GDB1	Glycogen debranching enzyme (alpha-1,6-glucosidase)	G	Carbohydrate transport and metabolism
NODE_38_length_17461_cov_2.797285_6	COG0296	223373	1.95e-145	34.417	GlgB	1,4-alpha-glucan branching enzyme	G	Carbohydrate transport and metabolism
NODE_38_length_17461_cov_2.797285_9	COG5010	227343	1.37e-05	26.923	TadD	Flp pilus assembly protein TadD, contains TPR repeats	U	Intracellular trafficking, secretion, and vesicular transport
NODE_38_length_17461_cov_2.797285_10	COG0642	223715	1.01e-49	40.637	BaeS	Signal transduction histidine kinase	T	Signal transduction mechanisms
NODE_38_length_17461_cov_2.797285_13	COG0783	223854	4.74e-73	49.032	Dps	DNA-binding ferritin-like protein (oxidative damage protectant)	P	Inorganic ion transport and metabolism
NODE_39_length_17215_cov_4.660500_1	COG3293	225830	0.002	19.718		Transposase	X	Mobilome: prophages, transposons
NODE_39_length_17215_cov_4.660500_4	COG1192	224113	8.92e-68	37.452	ParA	ParA-like ATPase involved in chromosome/plasmid partitioning or cellulose biosynthesis protein BcsQ	D	Cell cycle control, cell division, chromosome partitioning
NODE_39_length_17215_cov_4.660500_8	COG1569	224485	0.002	29.333		Predicted nucleic acid-binding protein, contains PIN domain	R	General function prediction only
NODE_39_length_17215_cov_4.660500_9	COG4974	227308	2.63e-22	31.395	XerD	Site-specific recombinase XerD	L	Replication, recombination and repair
NODE_39_length_17215_cov_4.660500_10	COG1662	224576	1.44e-19	36.607	InsB	Transposase and inactivated derivatives, IS1 family	X	Mobilome: prophages, transposons
NODE_40_length_17060_cov_3.059825_1	COG0324	223401	5.46e-44	54.545	MiaA	tRNA A37 N6-isopentenylltransferase MiaA	J	Translation, ribosomal structure and biogenesis
NODE_40_length_17060_cov_3.059825_2	COG0436	223513	5.62e-58	27.027	AspB	Aspartate/methionine/tyrosine aminotransferase	E	Amino acid transport and metabolism
NODE_40_length_17060_cov_3.059825_3	COG0484	223560	1.68e-170	52.8	DnaJ	DnaJ-class molecular chaperone with C-terminal Zn finger domain	O	Posttranslational modification, protein turnover, chaperones
NODE_40_length_17060_cov_3.059825_4	COG1404	224322	0.000108	21.429	AprE	Serine protease, subtilisin family	O	Posttranslational modification, protein turnover, chaperones
NODE_40_length_17060_cov_3.059825_5	COG1028	223959	3.6e-50	36.293	FabG	NAD(P)-dependent dehydrogenase, short-chain alcohol dehydrogenase family	I	Lipid transport and metabolism
NODE_40_length_17060_cov_3.059825_6	COG0744	223815	0.0	43.182	MrcB	Penicillin-binding protein 1B/1F, peptidoglycan  transglycosylase/transpeptidase	M	Cell wall/membrane/envelope biogenesis
NODE_40_length_17060_cov_3.059825_7	COG0845	223914	3.66e-35	27.889	AcrA	Multidrug efflux pump subunit AcrA (membrane-fusion protein)	M	Cell wall/membrane/envelope biogenesis
NODE_40_length_17060_cov_3.059825_8	COG0577	223650	3.68e-36	25.917	SalY	ABC-type antimicrobial peptide transport system, permease component	V	Defense mechanisms
NODE_40_length_17060_cov_3.059825_9	COG0577	223650	1.74e-44	26.887	SalY	ABC-type antimicrobial peptide transport system, permease component	V	Defense mechanisms
NODE_40_length_17060_cov_3.059825_10	COG3706	226229	0.001	24.742	PleD	Two-component response regulator, PleD family, consists of two REC domains and a diguanylate cyclase (GGDEF) domain	T	Signal transduction mechanisms
NODE_41_length_16901_cov_3.340109_2	COG1558	224474	1.45e-47	39.61	FlgC	Flagellar basal body rod protein FlgC	N	Cell motility
NODE_41_length_16901_cov_3.340109_3	COG1815	224728	1.45e-26	36.923	FlgB	Flagellar basal body rod protein FlgB	N	Cell motility
NODE_41_length_16901_cov_3.340109_4	COG0835	223905	6.5e-47	39.49	CheW	Chemotaxis signal transduction protein CheW	T	Signal transduction mechanisms
NODE_41_length_16901_cov_3.340109_5	COG1352	224271	1.35e-86	40.741	CheR	Methylase of chemotaxis methyl-accepting proteins	T	Signal transduction mechanisms
NODE_41_length_16901_cov_3.340109_6	COG0643	223716	0.0	36.3	CheA	Chemotaxis protein histidine kinase CheA	T	Signal transduction mechanisms
NODE_41_length_16901_cov_3.340109_7	COG2201	225111	6.35e-108	45.304	CheB	Chemotaxis response regulator CheB, contains REC and protein-glutamate methylesterase domains	T	Signal transduction mechanisms
NODE_41_length_16901_cov_3.340109_8	COG4372	226809	0.001	21.698		Uncharacterized protein, contains DUF3084 domain	S	Function unknown
NODE_41_length_16901_cov_3.340109_9	COG0784	223855	2.1e-27	37.815	CheY	CheY-like REC (receiver) domain, includes chemotaxis protein CheY  and sporulation regulator Spo0F	T	Signal transduction mechanisms
NODE_41_length_16901_cov_3.340109_10	COG0810	223880	4.23e-10	35.897	TonB	Periplasmic protein TonB, links inner and outer membranes	M	Cell wall/membrane/envelope biogenesis
NODE_41_length_16901_cov_3.340109_11	COG0840	223910	4.51e-49	28.81	Tar	Methyl-accepting chemotaxis protein (MCP)	T	Signal transduction mechanisms
NODE_41_length_16901_cov_3.340109_12	COG2204	225114	2.55e-176	49.574	AtoC	DNA-binding transcriptional response regulator, NtrC family, contains REC, AAA-type ATPase, and a Fis-type DNA-binding domains	T	Signal transduction mechanisms
NODE_41_length_16901_cov_3.340109_14	COG1516	224433	1.23e-24	36.283	FliS	Flagellin-specific chaperone FliS	N	Cell motility
NODE_41_length_16901_cov_3.340109_15	COG1345	224264	8.14e-56	30.579	FliD	Flagellar capping protein FliD	N	Cell motility
NODE_41_length_16901_cov_3.340109_16	COG1334	224253	1.11e-06	23.077	FlaG	Uncharacterized conserved protein, FlaG/YvyC family	R	General function prediction only
NODE_41_length_16901_cov_3.340109_17	COG1344	224263	1.34e-28	23.483	FlgL	Flagellin and related hook-associated protein FlgL	N	Cell motility
NODE_42_length_16875_cov_3.897012_1	COG0443	223520	0.0	63.242	DnaK	Molecular chaperone DnaK (HSP70)	O	Posttranslational modification, protein turnover, chaperones
NODE_42_length_16875_cov_3.897012_2	COG0071	223149	6.79e-29	43.878	IbpA	Small heat shock protein IbpA, HSP20 family	O	Posttranslational modification, protein turnover, chaperones
NODE_42_length_16875_cov_3.897012_3	COG0484	223560	1.94e-85	55.385	DnaJ	DnaJ-class molecular chaperone with C-terminal Zn finger domain	O	Posttranslational modification, protein turnover, chaperones
NODE_42_length_16875_cov_3.897012_4	COG0789	223860	8.37e-19	46.25	SoxR	DNA-binding transcriptional regulator, MerR family	K	Transcription
NODE_42_length_16875_cov_3.897012_5	COG0135	223213	1.25e-43	35.714	TrpF	Phosphoribosylanthranilate isomerase	E	Amino acid transport and metabolism
NODE_42_length_16875_cov_3.897012_6	COG1682	224596	6.58e-51	30.739	TagG	ABC-type polysaccharide/teichoic acid/polyol phosphate export permease	G	Carbohydrate transport and metabolism
NODE_42_length_16875_cov_3.897012_7	COG0438	223515	2.95e-34	23.958	RfaB	Glycosyltransferase involved in cell wall bisynthesis	M	Cell wall/membrane/envelope biogenesis
NODE_42_length_16875_cov_3.897012_8	COG3894	226410	0.001	28.571		Uncharacterized 2Fe-2S and 4Fe-4S clusters-containing protein, contains DUF4445 domain	S	Function unknown
NODE_42_length_16875_cov_3.897012_9	COG1828	224741	5.7e-30	42.683	PurS	Phosphoribosylformylglycinamidine (FGAM) synthase, PurS subunit	F	Nucleotide transport and metabolism
NODE_42_length_16875_cov_3.897012_11	COG2331	225210	4.64e-24	42.623		Predicted nucleic acid-binding protein, contains Zn-ribbon domain	R	General function prediction only
NODE_42_length_16875_cov_3.897012_12	COG1167	224089	3.84e-155	44.529	ARO8	DNA-binding transcriptional regulator, MocR family, contains an aminotransferase domain	K	Transcription
NODE_42_length_16875_cov_3.897012_13	COG1522	224439	3e-40	41.892	Lrp	DNA-binding transcriptional regulator, Lrp family	K	Transcription
NODE_42_length_16875_cov_3.897012_14	COG2924	225476	1.55e-23	40.476	YggX	Fe-S cluster biosynthesis and repair protein YggX	P	Inorganic ion transport and metabolism
NODE_42_length_16875_cov_3.897012_15	COG0681	223753	2.83e-10	21.429	LepB	Signal peptidase I	U	Intracellular trafficking, secretion, and vesicular transport
NODE_42_length_16875_cov_3.897012_16	COG0505	223579	0.0	54.912	CarA	Carbamoylphosphate synthase small subunit	E	Amino acid transport and metabolism
NODE_42_length_16875_cov_3.897012_17	COG1629	224544	1.84e-11	16.295	CirA	Outer membrane receptor protein, Fe transport	P	Inorganic ion transport and metabolism
NODE_43_length_16751_cov_3.257227_1	COG1028	223959	2.99e-22	42.222	FabG	NAD(P)-dependent dehydrogenase, short-chain alcohol dehydrogenase family	I	Lipid transport and metabolism
NODE_43_length_16751_cov_3.257227_2	COG1192	224113	2.11e-48	31.835	ParA	ParA-like ATPase involved in chromosome/plasmid partitioning or cellulose biosynthesis protein BcsQ	D	Cell cycle control, cell division, chromosome partitioning
NODE_43_length_16751_cov_3.257227_4	COG0432	223509	1.22e-53	42.857	YjbQ	Thiamin phosphate synthase YjbQ, UPF0047 family	H	Coenzyme transport and metabolism
NODE_43_length_16751_cov_3.257227_5	COG1995	224906	7.92e-30	42.056	PdxA	4-hydroxy-L-threonine phosphate dehydrogenase PdxA	H	Coenzyme transport and metabolism
NODE_43_length_16751_cov_3.257227_7	COG3395	225930	2.86e-45	33.484	OtnK	D-threonate/D-erythronate kinase OtnK and related C4-acid sugar kinases, YgbK/DUF1537 family	G	Carbohydrate transport and metabolism
NODE_43_length_16751_cov_3.257227_11	COG0008	223087	4.72e-79	33.333	GlnS	Glutamyl- or glutaminyl-tRNA synthetase	J	Translation, ribosomal structure and biogenesis
NODE_43_length_16751_cov_3.257227_12	COG3386	225921	3.66e-32	26.394	YvrE	Sugar lactone lactonase YvrE	G	Carbohydrate transport and metabolism
NODE_43_length_16751_cov_3.257227_13	COG0667	223739	3.6e-45	28.571	PdxI	Pyridoxal reductase PdxI or related oxidoreductase, aldo/keto reductase family	H	Coenzyme transport and metabolism
NODE_43_length_16751_cov_3.257227_14	COG1670	224584	3.57e-06	19.62	RimL	Protein N-acetyltransferase, RimJ/RimL family	J	Translation, ribosomal structure and biogenesis
NODE_43_length_16751_cov_3.257227_15	COG0111	223189	3.18e-78	38.095	SerA	Phosphoglycerate dehydrogenase or related dehydrogenase	H	Coenzyme transport and metabolism
NODE_43_length_16751_cov_3.257227_16	COG0726	223798	2.62e-17	24.481	CDA1	Peptidoglycan/xylan/chitin deacetylase, PgdA/NodB/CDA1 family	G	Carbohydrate transport and metabolism
NODE_43_length_16751_cov_3.257227_17	COG1082	224007	1.35e-35	28.409	YcjR	Sugar phosphate isomerase/epimerase	G	Carbohydrate transport and metabolism
NODE_43_length_16751_cov_3.257227_18	COG1879	224791	2.97e-76	37.671	RbsB	ABC-type sugar transport system, periplasmic component, contains N-terminal xre family HTH domain	G	Carbohydrate transport and metabolism
NODE_43_length_16751_cov_3.257227_19	COG1063	223991	7.02e-43	37.838	Tdh	Threonine dehydrogenase or related Zn-dependent dehydrogenase	E	Amino acid transport and metabolism
NODE_43_length_16751_cov_3.257227_20	COG1063	223991	8.7e-19	27.778	Tdh	Threonine dehydrogenase or related Zn-dependent dehydrogenase	E	Amino acid transport and metabolism
NODE_44_length_16619_cov_3.452122_3	COG1116	224041	2.3e-118	46.899	TauB	ABC-type nitrate/sulfonate/bicarbonate transport system, ATPase component	P	Inorganic ion transport and metabolism
NODE_44_length_16619_cov_3.452122_4	COG0600	223673	4.96e-56	35.747	TauC	ABC-type nitrate/sulfonate/bicarbonate transport system, permease component	P	Inorganic ion transport and metabolism
NODE_44_length_16619_cov_3.452122_5	COG0715	223787	4.4e-67	29.282	TauA	ABC-type nitrate/sulfonate/bicarbonate transport system, periplasmic component	P	Inorganic ion transport and metabolism
NODE_44_length_16619_cov_3.452122_6	COG2223	225133	1.58e-92	40.05	NarK	Nitrate/nitrite transporter NarK	P	Inorganic ion transport and metabolism
NODE_44_length_16619_cov_3.452122_7	COG2146	225057	2.2e-27	38.462	NirD	Ferredoxin subunit of nitrite reductase or a ring-hydroxylating dioxygenase	P	Inorganic ion transport and metabolism
NODE_44_length_16619_cov_3.452122_8	COG1251	224171	0.0	48.323	NirB	NAD(P)H-nitrite reductase, large subunit	C	Energy production and conversion
NODE_44_length_16619_cov_3.452122_9	COG3383	225918	3.76e-163	32.999	YjgC	Predicted molibdopterin-dependent oxidoreductase YjgC	R	General function prediction only
NODE_44_length_16619_cov_3.452122_10	COG2204	225114	7.02e-142	54.098	AtoC	DNA-binding transcriptional response regulator, NtrC family, contains REC, AAA-type ATPase, and a Fis-type DNA-binding domains	T	Signal transduction mechanisms
NODE_44_length_16619_cov_3.452122_11	COG4813	227150	1.22e-63	42.273	ThuA	Trehalose utilization protein	G	Carbohydrate transport and metabolism
NODE_44_length_16619_cov_3.452122_13	COG2204	225114	0.0	49.787	AtoC	DNA-binding transcriptional response regulator, NtrC family, contains REC, AAA-type ATPase, and a Fis-type DNA-binding domains	T	Signal transduction mechanisms
NODE_44_length_16619_cov_3.452122_14	COG0642	223715	1.86e-38	30.627	BaeS	Signal transduction histidine kinase	T	Signal transduction mechanisms
NODE_45_length_16538_cov_3.072778_3	COG3119	225661	0.000114	25.0	AslA	Arylsulfatase A or related enzyme, AlkP superfamily	P	Inorganic ion transport and metabolism
NODE_45_length_16538_cov_3.072778_4	COG0590	223663	4.8e-63	52.98	TadA	tRNA(Arg) A34 adenosine deaminase TadA	J	Translation, ribosomal structure and biogenesis
NODE_45_length_16538_cov_3.072778_6	COG2812	225369	4.06e-154	50.789	DnaX	DNA polymerase III, gamma/tau subunits	L	Replication, recombination and repair
NODE_45_length_16538_cov_3.072778_7	COG0718	223790	1.3e-22	44.898	YbaB	DNA-binding nucleoid-associated protein YbaB/EfbC	K	Transcription
NODE_45_length_16538_cov_3.072778_8	COG0353	223430	8.96e-105	58.706	RecR	Recombinational DNA repair protein RecR	L	Replication, recombination and repair
NODE_45_length_16538_cov_3.072778_9	COG1665	224579	0.007	35.556	AF1967	Predicted nucleotidyltransferase AF1967	R	General function prediction only
NODE_45_length_16538_cov_3.072778_11	COG0205	223283	6.84e-117	42.935	PfkA	6-phosphofructokinase	G	Carbohydrate transport and metabolism
NODE_45_length_16538_cov_3.072778_13	COG2104	225015	2.55e-20	53.125	ThiS	Sulfur carrier protein ThiS (thiamine biosynthesis)	H	Coenzyme transport and metabolism
NODE_46_length_16437_cov_3.700183_1	COG0495	223569	0.0	48.565	LeuS	Leucyl-tRNA synthetase	J	Translation, ribosomal structure and biogenesis
NODE_46_length_16437_cov_3.700183_2	COG2382	225256	1.28e-21	27.66	Fes	Enterochelin esterase or related enzyme	P	Inorganic ion transport and metabolism
NODE_46_length_16437_cov_3.700183_3	COG1725	224639	4.45e-28	40.517	YhcF	DNA-binding transcriptional regulator YhcF, GntR family	K	Transcription
NODE_46_length_16437_cov_3.700183_6	COG4929	227266	1.19e-20	33.129		Uncharacterized membrane-anchored protein	S	Function unknown
NODE_46_length_16437_cov_3.700183_7	COG0204	223282	3.28e-22	29.949	PlsC	1-acyl-sn-glycerol-3-phosphate acyltransferase	I	Lipid transport and metabolism
NODE_46_length_16437_cov_3.700183_10	COG1876	224788	1.31e-05	25.828	LdcB	LD-carboxypeptidase LdcB, LAS superfamily	M	Cell wall/membrane/envelope biogenesis
NODE_46_length_16437_cov_3.700183_11	COG2930	225482	4.31e-47	37.245	SYLF	Lipid-binding SYLF domain, Ysc84/FYVE family	I	Lipid transport and metabolism
NODE_46_length_16437_cov_3.700183_12	COG1585	224501	0.002	28.788	YbbJ	Membrane protein implicated in regulation of membrane protease activity	O	Posttranslational modification, protein turnover, chaperones
NODE_46_length_16437_cov_3.700183_13	COG0845	223914	1.46e-41	31.302	AcrA	Multidrug efflux pump subunit AcrA (membrane-fusion protein)	M	Cell wall/membrane/envelope biogenesis
NODE_46_length_16437_cov_3.700183_14	COG0841	223911	0.0	39.745	AcrB	Multidrug efflux pump subunit AcrB	V	Defense mechanisms
NODE_47_length_16254_cov_3.763120_1	COG0747	223818	1.44e-93	28.147	DdpA	ABC-type transport system, periplasmic component	E	Amino acid transport and metabolism
NODE_47_length_16254_cov_3.763120_2	COG3328	225865	5.28e-52	31.594	IS285	Transposase (or an inactivated derivative)	X	Mobilome: prophages, transposons
NODE_47_length_16254_cov_3.763120_3	COG0745	223816	3.68e-28	39.831	OmpR	DNA-binding response regulator, OmpR family, contains REC and winged-helix (wHTH) domain	T	Signal transduction mechanisms
NODE_47_length_16254_cov_3.763120_4	COG0745	223816	5.72e-26	43.119	OmpR	DNA-binding response regulator, OmpR family, contains REC and winged-helix (wHTH) domain	T	Signal transduction mechanisms
NODE_47_length_16254_cov_3.763120_5	COG0745	223816	3.17e-08	39.706	OmpR	DNA-binding response regulator, OmpR family, contains REC and winged-helix (wHTH) domain	T	Signal transduction mechanisms
NODE_47_length_16254_cov_3.763120_7	COG1484	224401	8.25e-33	26.415	DnaC	DNA replication protein DnaC	L	Replication, recombination and repair
NODE_47_length_16254_cov_3.763120_10	COG3415	225949	1.29e-06	33.333	Csa3	CRISPR-associated protein Csa3, CARF domain	V	Defense mechanisms
NODE_47_length_16254_cov_3.763120_13	COG1475	224392	4.52e-19	26.383	Spo0J	Chromosome segregation protein Spo0J, contains ParB-like nuclease domain	D	Cell cycle control, cell division, chromosome partitioning
NODE_47_length_16254_cov_3.763120_14	COG1192	224113	3.16e-43	29.924	ParA	ParA-like ATPase involved in chromosome/plasmid partitioning or cellulose biosynthesis protein BcsQ	D	Cell cycle control, cell division, chromosome partitioning
NODE_47_length_16254_cov_3.763120_17	COG4974	227308	1.88e-38	30.42	XerD	Site-specific recombinase XerD	L	Replication, recombination and repair
NODE_48_length_16230_cov_3.441369_1	COG1408	224326	1.79e-56	38.889	YaeI	Predicted phosphohydrolase, MPP superfamily	R	General function prediction only
NODE_48_length_16230_cov_3.441369_3	COG0379	223456	1.63e-127	40.51	NadA	Quinolinate synthase	H	Coenzyme transport and metabolism
NODE_48_length_16230_cov_3.441369_5	COG2146	225057	3.06e-25	47.312	NirD	Ferredoxin subunit of nitrite reductase or a ring-hydroxylating dioxygenase	P	Inorganic ion transport and metabolism
NODE_48_length_16230_cov_3.441369_7	COG0652	223725	1.3e-66	51.408	PpiB	Peptidyl-prolyl cis-trans isomerase (rotamase) - cyclophilin family	O	Posttranslational modification, protein turnover, chaperones
NODE_48_length_16230_cov_3.441369_8	COG0561	223635	3.66e-58	33.214	Cof	Hydroxymethylpyrimidine pyrophosphatase and other HAD family phosphatases	H	Coenzyme transport and metabolism
NODE_48_length_16230_cov_3.441369_9	COG0677	223749	0.0	52.425	WecC	UDP-N-acetyl-D-mannosaminuronate dehydrogenase	M	Cell wall/membrane/envelope biogenesis
NODE_48_length_16230_cov_3.441369_10	COG1189	224110	3.37e-122	55.51	YqxC	Predicted rRNA methylase YqxC, contains S4 and FtsJ domains	J	Translation, ribosomal structure and biogenesis
NODE_48_length_16230_cov_3.441369_12	COG1154	224076	0.0	54.213	Dxs	Deoxyxylulose-5-phosphate synthase	H	Coenzyme transport and metabolism
NODE_48_length_16230_cov_3.441369_14	COG2252	225161	3.72e-144	56.613	NCS2	Xanthine/guanine/uracil/vitamin C permease GhxP/GhxQ, nucleobase:cation symporter 2 ( NCS2) family	F	Nucleotide transport and metabolism
NODE_48_length_16230_cov_3.441369_15	COG1127	224052	2.76e-68	41.296	MlaF	ATPase subunit MlaF of the ABC-type intermembrane phospholipid transporter Mla	M	Cell wall/membrane/envelope biogenesis
NODE_48_length_16230_cov_3.441369_16	COG1127	224052	6.78e-87	44.195	MlaF	ATPase subunit MlaF of the ABC-type intermembrane phospholipid transporter Mla	M	Cell wall/membrane/envelope biogenesis
NODE_48_length_16230_cov_3.441369_17	COG0274	223351	6.74e-109	60.274	DeoC	Deoxyribose-phosphate aldolase	F	Nucleotide transport and metabolism
NODE_49_length_16159_cov_3.499813_1	COG0592	223665	3.86e-93	35.772	DnaN	DNA polymerase III sliding clamp (beta) subunit, PCNA homolog	L	Replication, recombination and repair
NODE_49_length_16159_cov_3.499813_3	COG3402	225937	8.57e-07	21.495	YdbS	Uncharacterized membrane protein YdbS, contains bPH2 (bacterial pleckstrin homology) domain	S	Function unknown
NODE_49_length_16159_cov_3.499813_4	COG0596	223669	1.88e-42	32.258	MenH	2-succinyl-6-hydroxy-2,4-cyclohexadiene-1-carboxylate synthase MenH and related esterases, alpha/beta hydrolase fold	H	Coenzyme transport and metabolism
NODE_49_length_16159_cov_3.499813_5	COG1524	224441	1.07e-23	21.854	AtaC	c-di-AMP phosphodiesterase AtaC or nucleotide pyrophosphatase, AlkP superfamily	T	Signal transduction mechanisms
NODE_49_length_16159_cov_3.499813_6	COG0854	223923	4.74e-99	54.472	PdxJ	Pyridoxine 5'-phosphate synthase PdxJ	H	Coenzyme transport and metabolism
NODE_49_length_16159_cov_3.499813_7	COG0463	223539	4.75e-29	24.314	WcaA	Glycosyltransferase involved in cell wall bisynthesis	M	Cell wall/membrane/envelope biogenesis
NODE_49_length_16159_cov_3.499813_8	COG0018	223097	2.35e-118	25.0	ArgS	Arginyl-tRNA synthetase	J	Translation, ribosomal structure and biogenesis
NODE_49_length_16159_cov_3.499813_9	COG4805	227142	5.35e-43	22.848		Uncharacterized conserved protein, DUF885 family	S	Function unknown
NODE_49_length_16159_cov_3.499813_10	COG2876	225431	1.31e-131	51.838	AroGA	3-deoxy-D-arabino-heptulosonate 7-phosphate (DAHP) synthase	E	Amino acid transport and metabolism
NODE_49_length_16159_cov_3.499813_11	COG0142	223220	7.07e-92	45.946	IspA	Geranylgeranyl pyrophosphate synthase	H	Coenzyme transport and metabolism
NODE_49_length_16159_cov_3.499813_13	COG0706	223778	1.09e-60	33.929	YidC	Membrane protein insertase Oxa1/YidC/SpoIIIJ	M	Cell wall/membrane/envelope biogenesis
NODE_50_length_16123_cov_3.255204_2	COG1131	224054	1.18e-102	39.809	CcmA	ABC-type multidrug transport system, ATPase component	V	Defense mechanisms
NODE_50_length_16123_cov_3.255204_3	COG1277	224196	2.41e-13	21.782	NosY	ABC-type transport system involved in multi-copper enzyme maturation, permease component	O	Posttranslational modification, protein turnover, chaperones
NODE_50_length_16123_cov_3.255204_4	COG3225	225766	1.09e-19	21.521	GldG	ABC-type uncharacterized transport system involved in gliding motility, auxiliary component	N	Cell motility
NODE_50_length_16123_cov_3.255204_7	COG1240	224161	0.006	23.502	ChlD	vWFA (von Willebrand factor type A) domain of Mg and Co chelatases	H	Coenzyme transport and metabolism
NODE_50_length_16123_cov_3.255204_8	COG2885	225439	7.9e-24	39.623	OmpA	Outer membrane protein OmpA and related peptidoglycan-associated (lipo)proteins	M	Cell wall/membrane/envelope biogenesis
NODE_50_length_16123_cov_3.255204_9	COG0642	223715	1.36e-52	34.564	BaeS	Signal transduction histidine kinase	T	Signal transduction mechanisms
NODE_50_length_16123_cov_3.255204_10	COG0745	223816	1.27e-27	35.0	OmpR	DNA-binding response regulator, OmpR family, contains REC and winged-helix (wHTH) domain	T	Signal transduction mechanisms
NODE_50_length_16123_cov_3.255204_11	COG0642	223715	7.73e-60	29.619	BaeS	Signal transduction histidine kinase	T	Signal transduction mechanisms
NODE_50_length_16123_cov_3.255204_13	COG2204	225114	3.28e-17	39.394	AtoC	DNA-binding transcriptional response regulator, NtrC family, contains REC, AAA-type ATPase, and a Fis-type DNA-binding domains	T	Signal transduction mechanisms
NODE_51_length_16039_cov_3.523619_1	COG0318	223395	4.96e-121	38.542	MenE/FadK	O-succinylbenzoic acid-CoA ligase MenE or related acyl-CoA synthetase (AMP-forming)	I	Lipid transport and metabolism
NODE_51_length_16039_cov_3.523619_4	COG1477	224394	1.58e-90	38.141	ApbE	FAD:protein FMN transferase ApbE	H	Coenzyme transport and metabolism
NODE_51_length_16039_cov_3.523619_6	COG2006	224917	0.001	23.577		Uncharacterized conserved protein, DUF362 family	S	Function unknown
NODE_51_length_16039_cov_3.523619_7	COG3653	226179	3.44e-31	23.408		N-acyl-D-aspartate/D-glutamate deacylase	Q	Secondary metabolites biosynthesis, transport and catabolism
NODE_51_length_16039_cov_3.523619_8	COG5485	227772	1.23e-23	35.238		Predicted ester cyclase	R	General function prediction only
NODE_51_length_16039_cov_3.523619_9	COG0251	223329	7.71e-28	31.933	RidA	Enamine deaminase RidA, house cleaning of reactive enamine intermediates, YjgF/YER057c/UK114 family	V	Defense mechanisms
NODE_51_length_16039_cov_3.523619_10	COG0251	223329	2.12e-35	38.095	RidA	Enamine deaminase RidA, house cleaning of reactive enamine intermediates, YjgF/YER057c/UK114 family	V	Defense mechanisms
NODE_51_length_16039_cov_3.523619_11	COG0251	223329	1.97e-15	28.676	RidA	Enamine deaminase RidA, house cleaning of reactive enamine intermediates, YjgF/YER057c/UK114 family	V	Defense mechanisms
NODE_51_length_16039_cov_3.523619_12	COG3616	226143	1.76e-48	27.968	Dsd1	D-serine deaminase, pyridoxal phosphate-dependent	E	Amino acid transport and metabolism
NODE_51_length_16039_cov_3.523619_13	COG1921	224832	3.21e-44	25.32	SelA	Seryl-tRNA(Sec) selenium transferase	J	Translation, ribosomal structure and biogenesis
NODE_51_length_16039_cov_3.523619_16	COG1028	223959	2.05e-51	33.197	FabG	NAD(P)-dependent dehydrogenase, short-chain alcohol dehydrogenase family	I	Lipid transport and metabolism
NODE_51_length_16039_cov_3.523619_18	COG0633	223706	2.09e-08	29.333	Fdx	Ferredoxin	C	Energy production and conversion
NODE_52_length_15758_cov_3.245456_1	COG0612	223685	3.08e-97	32.388	PqqL	Predicted Zn-dependent peptidase, M16 family	R	General function prediction only
NODE_52_length_15758_cov_3.245456_2	COG0612	223685	4.46e-82	28.211	PqqL	Predicted Zn-dependent peptidase, M16 family	R	General function prediction only
NODE_52_length_15758_cov_3.245456_3	COG2018	224929	3.38e-05	20.325		Predicted regulator of Ras-like GTPase activity, Roadblock/LC7/MglB family	T	Signal transduction mechanisms
NODE_52_length_15758_cov_3.245456_4	COG1448	224365	0.000234	24.0	TyrB	Aspartate/aromatic aminotransferase	E	Amino acid transport and metabolism
NODE_52_length_15758_cov_3.245456_5	COG0820	223890	2.62e-142	45.714	RlmN	Adenine C2-methylase RlmN of 23S rRNA A2503 and tRNA A37	J	Translation, ribosomal structure and biogenesis
NODE_52_length_15758_cov_3.245456_6	COG0029	223108	0.0	50.98	NadB	Aspartate oxidase	H	Coenzyme transport and metabolism
NODE_52_length_15758_cov_3.245456_7	COG2857	225413	0.000309	23.288	CYT1	Cytochrome c1	C	Energy production and conversion
NODE_52_length_15758_cov_3.245456_10	COG2823	225379	2.25e-17	39.706	OsmY	Osmotically-inducible protein OsmY, contains BON domain	M	Cell wall/membrane/envelope biogenesis
NODE_53_length_15607_cov_3.405216_1	COG1353	224272	2.35e-21	31.724	Cas10	CRISPR/Cas system-associated protein Cas10, large subunit of type III CRISPR-Cas systems, contains HD superfamily nuclease domain	V	Defense mechanisms
NODE_53_length_15607_cov_3.405216_2	COG3649	226175	2.91e-55	31.944	Cas7	CRISPR-Cas system type I effector complex subunit Cas7,  RAMP superfamily	V	Defense mechanisms
NODE_53_length_15607_cov_3.405216_5	COG1203	224124	6.02e-40	22.963	Cas3	CRISPR-Cas type I system-associated endonuclease/helicase Cas3	V	Defense mechanisms
NODE_53_length_15607_cov_3.405216_6	COG2378	225253	3.42e-26	24.096	YobV	Predicted DNA-binding transcriptional regulator YobV, contains HTH and WYL domains	K	Transcription
NODE_53_length_15607_cov_3.405216_8	COG1595	224511	4.32e-09	28.889	RpoE	DNA-directed RNA polymerase specialized sigma subunit, sigma24 family	K	Transcription
NODE_53_length_15607_cov_3.405216_10	COG0248	223326	2.81e-123	38.351	GppA	Exopolyphosphatase/pppGpp-phosphohydrolase	F	Nucleotide transport and metabolism
NODE_53_length_15607_cov_3.405216_11	COG0657	223730	1.43e-32	26.19	Aes	Acetyl esterase/lipase	I	Lipid transport and metabolism
NODE_54_length_15570_cov_3.588653_1	COG2442	225291	2.07e-28	47.945		Predicted antitoxin component of a toxin-antitoxin system, DUF433 family	V	Defense mechanisms
NODE_54_length_15570_cov_3.588653_3	COG5588	227875	0.000156	25.556		Uncharacterized conserved protein, DUF1326 domain	S	Function unknown
NODE_54_length_15570_cov_3.588653_5	COG1319	224238	2.1e-61	35.258	CutB	Aldehyde, CO, or xanthine dehydrogenase, FAD-binding subunit	C	Energy production and conversion
NODE_54_length_15570_cov_3.588653_6	COG1529	224446	4.01e-138	31.536	CoxL	Aldehyde, CO or xanthine dehydrogenase, Mo-binding subunit	C	Energy production and conversion
NODE_54_length_15570_cov_3.588653_7	COG2080	224991	1e-75	50.323	CutS	Aldehyde, CO, or xanthine dehydrogenase, Fe-S subunit, CoxS/CutS family	C	Energy production and conversion
NODE_54_length_15570_cov_3.588653_9	COG0744	223815	0.0	39.902	MrcB	Penicillin-binding protein 1B/1F, peptidoglycan  transglycosylase/transpeptidase	M	Cell wall/membrane/envelope biogenesis
NODE_54_length_15570_cov_3.588653_10	COG4672	227018	0.000829	26.0	gp18	Phage tail protein	X	Mobilome: prophages, transposons
NODE_54_length_15570_cov_3.588653_12	COG1404	224322	6.76e-16	22.905	AprE	Serine protease, subtilisin family	O	Posttranslational modification, protein turnover, chaperones
NODE_54_length_15570_cov_3.588653_13	COG2226	225136	6.46e-11	21.681	UbiE	Ubiquinone/menaquinone biosynthesis C-methylase UbiE/MenG	H	Coenzyme transport and metabolism
NODE_54_length_15570_cov_3.588653_14	COG3456	225987	8.56e-08	32.927		Predicted component of the type VI protein secretion system, contains a FHA domain	T	Signal transduction mechanisms
NODE_54_length_15570_cov_3.588653_15	COG0127	223205	4.69e-53	49.351	RdgB	Inosine/xanthosine triphosphate pyrophosphatase, all-alpha NTP-PPase family	F	Nucleotide transport and metabolism
NODE_55_length_15558_cov_4.074543_2	COG4948	227284	2.52e-49	27.624	RspA	L-alanine-DL-glutamate epimerase or related enzyme of enolase superfamily	M	Cell wall/membrane/envelope biogenesis
NODE_55_length_15558_cov_4.074543_3	COG2755	225353	1.34e-08	20.814	TesA	Lysophospholipase L1 or related esterase. Includes spore coat protein LipC/YcsK	D	Cell cycle control, cell division, chromosome partitioning
NODE_55_length_15558_cov_4.074543_4	COG4102	226587	2.05e-07	30.275		Uncharacterized conserved protein, DUF1501 family	S	Function unknown
NODE_55_length_15558_cov_4.074543_6	COG3534	226064	3.36e-05	22.656	AbfA	Alpha-L-arabinofuranosidase	G	Carbohydrate transport and metabolism
NODE_55_length_15558_cov_4.074543_7	COG1629	224544	0.003	12.931	CirA	Outer membrane receptor protein, Fe transport	P	Inorganic ion transport and metabolism
NODE_55_length_15558_cov_4.074543_8	COG1609	224525	4.9e-89	36.257	PurR	DNA-binding transcriptional regulator, LacI/PurR family	K	Transcription
NODE_56_length_15019_cov_3.910320_3	COG0558	223632	5.32e-30	41.667	PgsA	Phosphatidylglycerophosphate synthase	I	Lipid transport and metabolism
NODE_56_length_15019_cov_3.910320_4	COG0171	223249	5.96e-90	37.276	NadE	NH3-dependent NAD+ synthetase	H	Coenzyme transport and metabolism
NODE_56_length_15019_cov_3.910320_5	COG4576	226942	3.2e-34	49.438	CcmL	Carboxysome shell and ethanolamine utilization microcompartment protein CcmK/EutM	Q	Secondary metabolites biosynthesis, transport and catabolism
NODE_56_length_15019_cov_3.910320_6	COG4577	226943	4.7e-33	70.652	CcmK	Carboxysome shell and ethanolamine utilization microcompartment protein CcmL/EutN	Q	Secondary metabolites biosynthesis, transport and catabolism
NODE_56_length_15019_cov_3.910320_7	COG0235	223313	5.05e-53	34.615	AraD	5-methylthioribulose/5-deoxyribulose/Fuculose 1-phosphate aldolase (methionine salvage, sugar degradation)	E	Amino acid transport and metabolism
NODE_56_length_15019_cov_3.910320_8	COG2344	225221	6.38e-75	42.857	Rex	NADH/NAD ratio-sensing transcriptional regulator Rex	K	Transcription
NODE_56_length_15019_cov_3.910320_9	COG0632	223705	7.42e-62	44.059	RuvA	Holliday junction resolvasome RuvABC DNA-binding subunit	L	Replication, recombination and repair
NODE_56_length_15019_cov_3.910320_10	COG2255	225164	0.0	65.337	RuvB	Holliday junction resolvasome RuvABC, ATP-dependent DNA helicase subunit RuvB	L	Replication, recombination and repair
NODE_56_length_15019_cov_3.910320_11	COG1295	224214	6.43e-37	30.903	BrkB	Uncharacterized membrane protein, BrkB/YihY/UPF0761 family (not an RNase)	S	Function unknown
NODE_56_length_15019_cov_3.910320_12	COG1611	224527	2.57e-53	32.474	PpnN	Nucleotide monophosphate nucleosidase PpnN/YdgH, Lonely Guy (LOG) family	F	Nucleotide transport and metabolism
NODE_56_length_15019_cov_3.910320_13	COG0809	223879	1.67e-178	53.429	QueA	S-adenosylmethionine:tRNA-ribosyltransferase-isomerase (queuine synthetase)	J	Translation, ribosomal structure and biogenesis
NODE_56_length_15019_cov_3.910320_14	COG0456	223532	3.44e-23	30.519	RimI	Ribosomal protein S18 acetylase RimI and related acetyltransferases	J	Translation, ribosomal structure and biogenesis
NODE_56_length_15019_cov_3.910320_15	COG2229	225138	1.11e-15	27.374	Srp102	Signal recognition particle receptor subunit beta, a GTPase	U	Intracellular trafficking, secretion, and vesicular transport
NODE_56_length_15019_cov_3.910320_16	COG2018	224929	2.67e-08	27.966		Predicted regulator of Ras-like GTPase activity, Roadblock/LC7/MglB family	T	Signal transduction mechanisms
NODE_56_length_15019_cov_3.910320_17	COG5010	227343	7.12e-05	22.308	TadD	Flp pilus assembly protein TadD, contains TPR repeats	U	Intracellular trafficking, secretion, and vesicular transport
NODE_56_length_15019_cov_3.910320_18	COG0526	223600	3.13e-08	21.368	TrxA	Thiol-disulfide isomerase or thioredoxin	O	Posttranslational modification, protein turnover, chaperones
NODE_57_length_14967_cov_3.442848_1	COG3485	226016	0.000345	29.412	PcaH	Protocatechuate 3,4-dioxygenase beta subunit	Q	Secondary metabolites biosynthesis, transport and catabolism
NODE_57_length_14967_cov_3.442848_2	COG3169	225710	2.25e-34	53.704		Uncharacterized membrane protein, DMT/DUF486 family	S	Function unknown
NODE_57_length_14967_cov_3.442848_4	COG4319	226769	8.11e-05	21.212	YybH	Ketosteroid isomerase homolog YybH	R	General function prediction only
NODE_57_length_14967_cov_3.442848_5	COG0308	223385	5.24e-106	24.926	PepN	Aminopeptidase N, contains DUF3458 domain	E	Amino acid transport and metabolism
NODE_57_length_14967_cov_3.442848_6	COG0457	223533	2.76e-07	29.412	TPR	Tetratricopeptide (TPR) repeat	R	General function prediction only
NODE_57_length_14967_cov_3.442848_7	COG1210	224131	4.24e-171	60.627	GalU	UTP-glucose-1-phosphate uridylyltransferase	M	Cell wall/membrane/envelope biogenesis
NODE_57_length_14967_cov_3.442848_8	COG0172	223250	0.0	62.264	SerS	Seryl-tRNA synthetase	J	Translation, ribosomal structure and biogenesis
NODE_57_length_14967_cov_3.442848_9	COG0644	223717	1.39e-54	26.699	FixC	Dehydrogenase (flavoprotein)	C	Energy production and conversion
NODE_57_length_14967_cov_3.442848_11	COG0433	223510	1.85e-55	27.907	HerA	Archaeal DNA helicase HerA or a related bacterial ATPase, contains HAS-barrel and ATPase domains	L	Replication, recombination and repair
NODE_58_length_14867_cov_3.520584_2	COG2046	224957	0.0	55.875	MET3	ATP sulfurylase (sulfate adenylyltransferase)	P	Inorganic ion transport and metabolism
NODE_58_length_14867_cov_3.520584_3	COG0529	223603	7.44e-28	52.727	CysC	Adenylylsulfate kinase or related kinase	P	Inorganic ion transport and metabolism
NODE_58_length_14867_cov_3.520584_4	COG0529	223603	5.43e-42	52.427	CysC	Adenylylsulfate kinase or related kinase	P	Inorganic ion transport and metabolism
NODE_58_length_14867_cov_3.520584_5	COG0007	223086	1.2e-119	59.426	CysG	Uroporphyrinogen-III methylase (siroheme synthase)	H	Coenzyme transport and metabolism
NODE_58_length_14867_cov_3.520584_6	COG1648	224562	2.61e-53	47.596	CysG2	Siroheme synthase (precorrin-2 oxidase/ferrochelatase domain)	H	Coenzyme transport and metabolism
NODE_58_length_14867_cov_3.520584_7	COG0175	223253	7.5e-79	41.81	CysD	3'-phosphoadenosine 5'-phosphosulfate sulfotransferase (PAPS reductase)/FAD synthetase or related enzyme	E	Amino acid transport and metabolism
NODE_58_length_14867_cov_3.520584_8	COG1613	224529	4.6e-75	33.828	Sbp	ABC-type sulfate transport system, periplasmic component	P	Inorganic ion transport and metabolism
NODE_58_length_14867_cov_3.520584_9	COG0555	223629	3.68e-71	44.309	CysU	ABC-type sulfate transport system, permease component	P	Inorganic ion transport and metabolism
NODE_58_length_14867_cov_3.520584_10	COG3842	226361	1.42e-125	40.058	PotA	ABC-type Fe3+/spermidine/putrescine transport systems, ATPase component	E	Amino acid transport and metabolism
NODE_58_length_14867_cov_3.520584_12	COG4993	227326	9.63e-117	33.051	Gcd	Glucose dehydrogenase, PQQ-dependent	G	Carbohydrate transport and metabolism
NODE_58_length_14867_cov_3.520584_14	COG3202	225743	0.001	19.383	TlcC	ATP/ADP translocase	C	Energy production and conversion
NODE_58_length_14867_cov_3.520584_15	COG3453	225984	4.78e-17	24.427		Predicted phosphohydrolase, protein tyrosine phosphatase (PTP) superfamily, DUF442 family	R	General function prediction only
NODE_59_length_14869_cov_3.077339_1	COG0206	223284	4.61e-124	58.025	FtsZ	Cell division GTPase FtsZ	D	Cell cycle control, cell division, chromosome partitioning
NODE_59_length_14869_cov_3.077339_2	COG0849	223918	1.6e-159	46.793	FtsA	Cell division ATPase FtsA	D	Cell cycle control, cell division, chromosome partitioning
NODE_59_length_14869_cov_3.077339_3	COG1589	224505	1.97e-25	23.239	FtsQ	Cell division septal protein FtsQ	D	Cell cycle control, cell division, chromosome partitioning
NODE_59_length_14869_cov_3.077339_4	COG0773	223844	0.0	52.36	MurC	UDP-N-acetylmuramate-alanine ligase MurC and related ligases, MurC/Mpl family	M	Cell wall/membrane/envelope biogenesis
NODE_59_length_14869_cov_3.077339_5	COG0707	223779	6.4e-108	39.368	MurG	UDP-N-acetylglucosamine:LPS N-acetylglucosamine transferase	M	Cell wall/membrane/envelope biogenesis
NODE_59_length_14869_cov_3.077339_6	COG0772	223843	1.69e-105	46.797	FtsW	Peptodoglycan polymerase FtsW/RodA/SpoVE	D	Cell cycle control, cell division, chromosome partitioning
NODE_59_length_14869_cov_3.077339_7	COG0771	223842	1.57e-117	43.354	MurD	UDP-N-acetylmuramoylalanine-D-glutamate ligase	M	Cell wall/membrane/envelope biogenesis
NODE_59_length_14869_cov_3.077339_8	COG0472	223548	1.2e-73	39.306	Rfe	UDP-N-acetylmuramyl pentapeptide phosphotransferase/UDP-N-acetylglucosamine-1-phosphate transferase	M	Cell wall/membrane/envelope biogenesis
NODE_59_length_14869_cov_3.077339_9	COG0770	223841	2.28e-129	40.449	MurF	UDP-N-acetylmuramyl pentapeptide synthase	M	Cell wall/membrane/envelope biogenesis
NODE_59_length_14869_cov_3.077339_10	COG0769	223840	1.07e-153	42.463	MurE	UDP-N-acetylmuramyl tripeptide synthase	M	Cell wall/membrane/envelope biogenesis
NODE_59_length_14869_cov_3.077339_11	COG0768	223839	1.54e-116	39.951	FtsI	Cell division protein FtsI, peptidoglycan transpeptidase (Penicillin-binding protein 2)	D	Cell cycle control, cell division, chromosome partitioning
NODE_60_length_14769_cov_3.418459_1	COG0188	223266	0.0	61.131	GyrA	DNA gyrase/topoisomerase IV, subunit A	L	Replication, recombination and repair
NODE_60_length_14769_cov_3.418459_3	COG4235	226687	0.000104	21.986	NrfG	Cytochrome c-type biogenesis protein CcmH/NrfG	C	Energy production and conversion
NODE_60_length_14769_cov_3.418459_4	COG0810	223880	3.54e-05	29.231	TonB	Periplasmic protein TonB, links inner and outer membranes	M	Cell wall/membrane/envelope biogenesis
NODE_60_length_14769_cov_3.418459_5	COG0313	223390	3.03e-129	53.623	RsmI	16S rRNA C1402 (ribose-2'-O) methylase RsmI	J	Translation, ribosomal structure and biogenesis
NODE_60_length_14769_cov_3.418459_7	COG1940	224851	3.1e-21	33.333	NagC	Sugar kinase of the NBD/HSP70 family, may contain an N-terminal HTH domain	G	Carbohydrate transport and metabolism
NODE_60_length_14769_cov_3.418459_9	COG0583	223656	9.55e-57	27.458	LysR	DNA-binding transcriptional regulator, LysR family	K	Transcription
NODE_60_length_14769_cov_3.418459_10	COG1082	224007	6.31e-20	20.504	YcjR	Sugar phosphate isomerase/epimerase	G	Carbohydrate transport and metabolism
NODE_60_length_14769_cov_3.418459_12	COG0863	223931	2.23e-29	26.619	YhdJ	DNA modification methylase	L	Replication, recombination and repair
NODE_60_length_14769_cov_3.418459_13	COG0498	223572	1.49e-123	42.893	ThrC	Threonine synthase	E	Amino acid transport and metabolism
NODE_60_length_14769_cov_3.418459_15	COG0527	223601	7.37e-132	40.209	MetL1	Aspartate kinase	E	Amino acid transport and metabolism
NODE_61_length_14564_cov_2.924139_1	COG2202	225112	2.19e-13	26.383	PAS	PAS domain	T	Signal transduction mechanisms
NODE_61_length_14564_cov_2.924139_2	COG0823	223893	4.05e-26	22.018	TolB	Periplasmic component TolB of the Tol biopolymer transport system	U	Intracellular trafficking, secretion, and vesicular transport
NODE_61_length_14564_cov_2.924139_3	COG1185	224106	0.0	57.554	Pnp	Polyribonucleotide nucleotidyltransferase (polynucleotide phosphorylase)	J	Translation, ribosomal structure and biogenesis
NODE_61_length_14564_cov_2.924139_4	COG0184	223262	3.82e-38	58.427	RpsO	Ribosomal protein S15P/S13E	J	Translation, ribosomal structure and biogenesis
NODE_61_length_14564_cov_2.924139_5	COG0176	223254	4.96e-88	44.105	TalA	Transaldolase/fructose-6-phosphate aldolase	G	Carbohydrate transport and metabolism
NODE_61_length_14564_cov_2.924139_6	COG5126	227455	0.003	24.242	FRQ1	Ca2+-binding protein, EF-hand superfamily	T	Signal transduction mechanisms
NODE_61_length_14564_cov_2.924139_7	COG1131	224054	8.2e-103	44.482	CcmA	ABC-type multidrug transport system, ATPase component	V	Defense mechanisms
NODE_61_length_14564_cov_2.924139_9	COG0451	223528	5.63e-84	36.697	WcaG	Nucleoside-diphosphate-sugar epimerase	M	Cell wall/membrane/envelope biogenesis
NODE_61_length_14564_cov_2.924139_10	COG0457	223533	5.62e-10	28.889	TPR	Tetratricopeptide (TPR) repeat	R	General function prediction only
NODE_61_length_14564_cov_2.924139_11	COG0537	223611	3.85e-31	25.175	HinT	Purine nucleoside phosphoramidase/Ap4A hydrolase, histidine triade (HIT) family	F	Nucleotide transport and metabolism
NODE_61_length_14564_cov_2.924139_12	COG0776	223847	1.95e-42	57.778	HimA	Bacterial nucleoid DNA-binding protein IHF-alpha	L	Replication, recombination and repair
NODE_61_length_14564_cov_2.924139_13	COG0616	223689	5.69e-72	45.0	SppA	Periplasmic serine protease, ClpP class	O	Posttranslational modification, protein turnover, chaperones
NODE_61_length_14564_cov_2.924139_14	COG0539	223613	3.05e-61	44.828	RpsA	Ribosomal protein S1	J	Translation, ribosomal structure and biogenesis
NODE_62_length_14514_cov_3.927270_1	COG4787	227126	0.000555	32.653	FlgF	Flagellar basal body rod protein FlgF	N	Cell motility
NODE_62_length_14514_cov_3.927270_3	COG2234	225143	8.19e-25	25.758	Iap	Zn-dependent amino- or carboxypeptidase, M28 family	O	Posttranslational modification, protein turnover, chaperones
NODE_62_length_14514_cov_3.927270_4	COG1970	224881	1.17e-38	50.781	MscL	Large-conductance mechanosensitive channel	M	Cell wall/membrane/envelope biogenesis
NODE_62_length_14514_cov_3.927270_6	COG1874	224786	1.58e-06	18.966	GanA	Beta-galactosidase GanA	G	Carbohydrate transport and metabolism
NODE_62_length_14514_cov_3.927270_9	COG2340	225218	2.07e-36	40.909	YkwD	Spore germination protein YkwD and related proteins with CAP (CSP/antigen 5/PR1) domain	D	Cell cycle control, cell division, chromosome partitioning
NODE_62_length_14514_cov_3.927270_13	COG2520	225318	0.005	29.825	Trm5	tRNA G37 N-methylase Trm5	J	Translation, ribosomal structure and biogenesis
NODE_62_length_14514_cov_3.927270_14	COG0265	223343	4.97e-101	51.418	DegQ	Periplasmic serine protease, S1-C subfamily, contain C-terminal PDZ domain	O	Posttranslational modification, protein turnover, chaperones
NODE_63_length_14406_cov_3.708214_3	COG0262	223340	1.49e-23	33.728	FolA	Dihydrofolate reductase	H	Coenzyme transport and metabolism
NODE_63_length_14406_cov_3.708214_4	COG1082	224007	2.22e-43	24.138	YcjR	Sugar phosphate isomerase/epimerase	G	Carbohydrate transport and metabolism
NODE_63_length_14406_cov_3.708214_5	COG0553	223627	2.28e-123	34.069	HepA	Superfamily II DNA or RNA helicase, SNF2 family	K	Transcription
NODE_63_length_14406_cov_3.708214_6	COG0397	223474	0.0	52.254	SelO	Protein adenylyltransferase (AMPylase) SelO/YdiU (selenoprotein O)	O	Posttranslational modification, protein turnover, chaperones
NODE_63_length_14406_cov_3.708214_8	COG1305	224224	2.75e-26	31.313	YebA	Transglutaminase-like enzyme, putative cysteine protease	O	Posttranslational modification, protein turnover, chaperones
NODE_63_length_14406_cov_3.708214_9	COG1721	224635	2.15e-27	24.776	YeaD2	Uncharacterized conserved protein, DUF58 family, contains vWF domain	S	Function unknown
NODE_63_length_14406_cov_3.708214_11	COG0714	223786	9.77e-95	45.141	MoxR	MoxR-like ATPase	R	General function prediction only
NODE_64_length_14330_cov_3.664632_1	COG2303	225186	9.86e-32	25.658	BetA	Choline dehydrogenase or related flavoprotein	I	Lipid transport and metabolism
NODE_64_length_14330_cov_3.664632_4	COG0126	223204	0.0	59.95	Pgk	3-phosphoglycerate kinase	G	Carbohydrate transport and metabolism
NODE_64_length_14330_cov_3.664632_5	COG0149	223227	2.61e-115	52.4	TpiA	Triosephosphate isomerase	G	Carbohydrate transport and metabolism
NODE_64_length_14330_cov_3.664632_6	COG0793	223864	3.09e-64	31.755	CtpA	C-terminal processing protease CtpA/Prc, contains a PDZ domain	O	Posttranslational modification, protein turnover, chaperones
NODE_64_length_14330_cov_3.664632_7	COG0776	223847	2.52e-29	45.161	HimA	Bacterial nucleoid DNA-binding protein IHF-alpha	L	Replication, recombination and repair
NODE_64_length_14330_cov_3.664632_8	COG4799	227136	0.0	59.038	MmdA	Acetyl-CoA carboxylase, carboxyltransferase component	I	Lipid transport and metabolism
NODE_64_length_14330_cov_3.664632_9	COG5009	227342	0.0	37.607	MrcA	Membrane carboxypeptidase/penicillin-binding protein	M	Cell wall/membrane/envelope biogenesis
NODE_64_length_14330_cov_3.664632_10	COG0745	223816	1.79e-97	49.351	OmpR	DNA-binding response regulator, OmpR family, contains REC and winged-helix (wHTH) domain	T	Signal transduction mechanisms
NODE_64_length_14330_cov_3.664632_11	COG0152	223230	2.36e-87	32.765	PurC	Phosphoribosylaminoimidazole-succinocarboxamide synthase	F	Nucleotide transport and metabolism
NODE_64_length_14330_cov_3.664632_12	COG3829	226350	1.58e-09	48.889	RocR	RocR-type transcriptional regulator, contains PAS, AAA-type ATPase, and DNA-binding Fis domains	K	Transcription
NODE_64_length_14330_cov_3.664632_13	COG0234	223312	3.01e-47	63.83	GroES	Co-chaperonin GroES (HSP10)	O	Posttranslational modification, protein turnover, chaperones
NODE_64_length_14330_cov_3.664632_14	COG0459	223535	8.29e-140	52.231	GroEL	Chaperonin GroEL (HSP60 family)	O	Posttranslational modification, protein turnover, chaperones
NODE_65_length_14315_cov_3.726577_1	COG2197	225107	1.55e-38	40.876	CitB	DNA-binding response regulator, NarL/FixJ family, contains REC and HTH domains	T	Signal transduction mechanisms
NODE_65_length_14315_cov_3.726577_2	COG4564	226930	4.4e-09	47.17		Signal transduction histidine kinase	T	Signal transduction mechanisms
NODE_65_length_14315_cov_3.726577_4	COG0355	223432	5.23e-43	46.269	AtpC	FoF1-type ATP synthase, epsilon subunit	C	Energy production and conversion
NODE_65_length_14315_cov_3.726577_5	COG0055	223133	0.0	70.464	AtpD	FoF1-type ATP synthase, beta subunit	C	Energy production and conversion
NODE_65_length_14315_cov_3.726577_6	COG1335	224254	5.42e-20	25.0	PncA	Nicotinamidase-related amidase	H	Coenzyme transport and metabolism
NODE_65_length_14315_cov_3.726577_7	COG2912	225464	1.96e-60	33.206	SirB1	Regulator of sirC expression, contains transglutaminase-like and TPR domains	T	Signal transduction mechanisms
NODE_65_length_14315_cov_3.726577_8	COG0268	223346	9.84e-21	47.727	RpsT	Ribosomal protein S20	J	Translation, ribosomal structure and biogenesis
NODE_65_length_14315_cov_3.726577_9	COG1675	224589	0.008	31.429	TFA1	Transcription initiation factor IIE, alpha subunit	K	Transcription
NODE_65_length_14315_cov_3.726577_10	COG1028	223959	3.49e-62	46.85	FabG	NAD(P)-dependent dehydrogenase, short-chain alcohol dehydrogenase family	I	Lipid transport and metabolism
NODE_65_length_14315_cov_3.726577_11	COG0583	223656	2.1e-49	35.017	LysR	DNA-binding transcriptional regulator, LysR family	K	Transcription
NODE_65_length_14315_cov_3.726577_12	COG2855	225411	4.98e-48	31.561	YeiH	Uncharacterized membrane protein YadS, UPF0324 family	S	Function unknown
NODE_65_length_14315_cov_3.726577_13	COG0664	223736	9.51e-33	27.749	Crp	cAMP-binding domain of CRP or a regulatory subunit of cAMP-dependent protein kinases	T	Signal transduction mechanisms
NODE_65_length_14315_cov_3.726577_15	COG1722	224636	4.99e-17	52.174	XseB	Exonuclease VII small subunit	L	Replication, recombination and repair
NODE_65_length_14315_cov_3.726577_16	COG1570	224486	5.34e-23	31.844	XseA	Exonuclease VII, large subunit	L	Replication, recombination and repair
NODE_66_length_14257_cov_3.650282_1	COG2204	225114	1.23e-22	45.283	AtoC	DNA-binding transcriptional response regulator, NtrC family, contains REC, AAA-type ATPase, and a Fis-type DNA-binding domains	T	Signal transduction mechanisms
NODE_66_length_14257_cov_3.650282_2	COG0138	223216	0.0	59.963	PurH	AICAR transformylase/IMP cyclohydrolase PurH	F	Nucleotide transport and metabolism
NODE_66_length_14257_cov_3.650282_4	COG0659	223732	2.13e-153	42.357	SUL1	Sulfate permease or related transporter, MFS superfamily	P	Inorganic ion transport and metabolism
NODE_66_length_14257_cov_3.650282_5	COG2355	225230	3.8e-66	30.409		Zn-dependent dipeptidase, microsomal dipeptidase homolog	O	Posttranslational modification, protein turnover, chaperones
NODE_66_length_14257_cov_3.650282_6	COG2885	225439	1.6e-40	45.736	OmpA	Outer membrane protein OmpA and related peptidoglycan-associated (lipo)proteins	M	Cell wall/membrane/envelope biogenesis
NODE_66_length_14257_cov_3.650282_7	COG0542	223616	4.32e-83	35.202	ClpA	ATP-dependent Clp protease, ATP-binding subunit ClpA	O	Posttranslational modification, protein turnover, chaperones
NODE_66_length_14257_cov_3.650282_8	COG5592	227879	0.0003	17.391		Hemerythrin domain-containing protein	R	General function prediction only
NODE_66_length_14257_cov_3.650282_10	COG5637	227924	1.6e-69	43.478		Uncharacterized protein, contains SRPBCC domain	S	Function unknown
NODE_66_length_14257_cov_3.650282_12	COG5373	227665	0.004	26.667		Uncharacterized membrane protein	S	Function unknown
NODE_66_length_14257_cov_3.650282_13	COG4420	226844	2.58e-33	36.923		Uncharacterized membrane protein	S	Function unknown
NODE_66_length_14257_cov_3.650282_14	COG0429	223506	2.77e-05	38.462	YheT	Predicted hydrolase of the alpha/beta-hydrolase fold	R	General function prediction only
NODE_67_length_14253_cov_3.430728_1	COG4191	226654	2.51e-44	29.952		Signal transduction histidine kinase regulating C4-dicarboxylate transport system	T	Signal transduction mechanisms
NODE_67_length_14253_cov_3.430728_2	COG2204	225114	1.05e-28	35.556	AtoC	DNA-binding transcriptional response regulator, NtrC family, contains REC, AAA-type ATPase, and a Fis-type DNA-binding domains	T	Signal transduction mechanisms
NODE_67_length_14253_cov_3.430728_3	COG0328	223405	9.73e-26	34.266	RnhA	Ribonuclease HI	L	Replication, recombination and repair
NODE_67_length_14253_cov_3.430728_5	COG0022	223101	3.78e-159	49.258	AcoB	Pyruvate/2-oxoglutarate/acetoin dehydrogenase complex, dehydrogenase (E1) component, beta subunit	C	Energy production and conversion
NODE_67_length_14253_cov_3.430728_6	COG2258	225167	6.66e-20	31.69	YiiM	N-hydroxylaminopurine reductase YiiM, contains MOSC domain	F	Nucleotide transport and metabolism
NODE_67_length_14253_cov_3.430728_7	COG0673	223745	9.53e-61	27.907	MviM	Predicted dehydrogenase	R	General function prediction only
NODE_67_length_14253_cov_3.430728_8	COG1082	224007	1.94e-18	26.761	YcjR	Sugar phosphate isomerase/epimerase	G	Carbohydrate transport and metabolism
NODE_67_length_14253_cov_3.430728_9	COG1453	224370	1.52e-38	27.273		Predicted oxidoreductase of the aldo/keto reductase family	R	General function prediction only
NODE_67_length_14253_cov_3.430728_10	COG5473	227760	1.58e-09	23.636		Uncharacterized membrane protein	S	Function unknown
NODE_67_length_14253_cov_3.430728_11	COG1125	224050	4.53e-116	53.39	OpuBA	ABC-type proline/glycine betaine transport system, ATPase component	E	Amino acid transport and metabolism
NODE_67_length_14253_cov_3.430728_12	COG2402	225266	2.64e-13	20.301		Predicted nucleic acid-binding protein, contains PIN domain	R	General function prediction only
NODE_67_length_14253_cov_3.430728_14	COG1732	224646	2.3e-98	40.136	OsmF	Periplasmic glycine betaine/choline-binding (lipo)protein of an ABC-type transport system (osmoprotectant binding protein)	M	Cell wall/membrane/envelope biogenesis
NODE_67_length_14253_cov_3.430728_15	COG0190	223268	5.25e-71	51.25	FolD	5,10-methylene-tetrahydrofolate dehydrogenase/Methenyl tetrahydrofolate cyclohydrolase	H	Coenzyme transport and metabolism
NODE_68_length_14240_cov_3.804773_1	COG0257	223335	3.63e-10	71.053	RpmJ	Ribosomal protein L36	J	Translation, ribosomal structure and biogenesis
NODE_68_length_14240_cov_3.804773_2	COG0361	223438	7.07e-38	70.833	InfA	Translation initiation factor IF-1	J	Translation, ribosomal structure and biogenesis
NODE_68_length_14240_cov_3.804773_3	COG0024	223103	4.13e-124	51.779	Map	Methionine aminopeptidase	J	Translation, ribosomal structure and biogenesis
NODE_68_length_14240_cov_3.804773_4	COG0563	223637	3.82e-51	35.885	Adk	Adenylate kinase or related kinase	F	Nucleotide transport and metabolism
NODE_68_length_14240_cov_3.804773_5	COG0201	223279	1.3e-150	47.21	SecY	Preprotein translocase subunit SecY	U	Intracellular trafficking, secretion, and vesicular transport
NODE_68_length_14240_cov_3.804773_6	COG0200	223278	8.06e-52	54.248	RplO	Ribosomal protein L15	J	Translation, ribosomal structure and biogenesis
NODE_68_length_14240_cov_3.804773_7	COG1841	224754	1.24e-13	41.818	RpmD	Ribosomal protein L30/L7E	J	Translation, ribosomal structure and biogenesis
NODE_68_length_14240_cov_3.804773_8	COG0098	223176	3.02e-76	61.635	RpsE	Ribosomal protein S5	J	Translation, ribosomal structure and biogenesis
NODE_68_length_14240_cov_3.804773_9	COG0256	223334	1.13e-45	56.098	RplR	Ribosomal protein L18	J	Translation, ribosomal structure and biogenesis
NODE_68_length_14240_cov_3.804773_10	COG0097	223175	2.65e-62	41.711	RplF	Ribosomal protein L6P/L9E	J	Translation, ribosomal structure and biogenesis
NODE_68_length_14240_cov_3.804773_11	COG0096	223174	5.34e-61	52.273	RpsH	Ribosomal protein S8	J	Translation, ribosomal structure and biogenesis
NODE_68_length_14240_cov_3.804773_12	COG0199	223277	1.01e-24	57.377	RpsN	Ribosomal protein S14	J	Translation, ribosomal structure and biogenesis
NODE_68_length_14240_cov_3.804773_13	COG0094	223172	1.19e-108	64.804	RplE	Ribosomal protein L5	J	Translation, ribosomal structure and biogenesis
NODE_68_length_14240_cov_3.804773_14	COG0198	223276	1.95e-27	52.83	RplX	Ribosomal protein L24	J	Translation, ribosomal structure and biogenesis
NODE_68_length_14240_cov_3.804773_15	COG0093	223171	1.42e-53	65.574	RplN	Ribosomal protein L14	J	Translation, ribosomal structure and biogenesis
NODE_68_length_14240_cov_3.804773_16	COG0186	223264	2e-30	51.807	RpsQ	Ribosomal protein S17	J	Translation, ribosomal structure and biogenesis
NODE_68_length_14240_cov_3.804773_18	COG0197	223275	2.73e-67	61.429	RplP	Ribosomal protein L16/L10AE	J	Translation, ribosomal structure and biogenesis
NODE_68_length_14240_cov_3.804773_19	COG0092	223170	7.88e-96	56.853	RpsC	Ribosomal protein S3	J	Translation, ribosomal structure and biogenesis
NODE_68_length_14240_cov_3.804773_20	COG0091	223169	1.52e-30	46.218	RplV	Ribosomal protein L22	J	Translation, ribosomal structure and biogenesis
NODE_68_length_14240_cov_3.804773_21	COG0185	223263	8.59e-50	65.957	RpsS	Ribosomal protein S19	J	Translation, ribosomal structure and biogenesis
NODE_68_length_14240_cov_3.804773_22	COG0090	223168	2.69e-151	64.0	RplB	Ribosomal protein L2	J	Translation, ribosomal structure and biogenesis
NODE_68_length_14240_cov_3.804773_23	COG0089	223167	2.35e-23	47.778	RplW	Ribosomal protein L23	J	Translation, ribosomal structure and biogenesis
NODE_68_length_14240_cov_3.804773_24	COG0088	223166	4.5e-71	43.75	RplD	Ribosomal protein L4	J	Translation, ribosomal structure and biogenesis
NODE_68_length_14240_cov_3.804773_25	COG0087	223165	2.42e-92	50.0	RplC	Ribosomal protein L3	J	Translation, ribosomal structure and biogenesis
NODE_68_length_14240_cov_3.804773_26	COG0051	223129	2.73e-57	70.192	RpsJ	Ribosomal protein S10	J	Translation, ribosomal structure and biogenesis
NODE_68_length_14240_cov_3.804773_27	COG0050	223128	3.61e-22	77.778	TufA	Translation elongation factor EF-Tu, a GTPase	J	Translation, ribosomal structure and biogenesis
NODE_69_length_14087_cov_3.266310_1	COG0644	223717	3.1e-20	26.161	FixC	Dehydrogenase (flavoprotein)	C	Energy production and conversion
NODE_69_length_14087_cov_3.266310_2	COG4803	227140	0.003	25.424		Uncharacterized membrane protein	S	Function unknown
NODE_69_length_14087_cov_3.266310_4	COG0760	223831	4.25e-08	24.684	SurA	Peptidyl-prolyl isomerase, parvulin family	O	Posttranslational modification, protein turnover, chaperones
NODE_69_length_14087_cov_3.266310_5	COG1652	224566	1.74e-14	41.667	XkdP	Cytoplasmic potassium-binding protein Kbp/XkdP/YgaU, contains LysM domain	P	Inorganic ion transport and metabolism
NODE_69_length_14087_cov_3.266310_7	COG0741	223812	4.16e-33	31.25	MltE	Soluble lytic murein transglycosylase or regulatory protein s ( may contain LysM/invasin domain)	M	Cell wall/membrane/envelope biogenesis
NODE_69_length_14087_cov_3.266310_9	COG1136	224059	1.39e-29	50.685	LolD	ABC-type lipoprotein export system, ATPase component	M	Cell wall/membrane/envelope biogenesis
NODE_69_length_14087_cov_3.266310_10	COG1136	224059	1.62e-20	40.0	LolD	ABC-type lipoprotein export system, ATPase component	M	Cell wall/membrane/envelope biogenesis
NODE_69_length_14087_cov_3.266310_11	COG1960	224871	6.2e-94	34.739	CaiA	Acyl-CoA dehydrogenase related to the alkylation response protein AidB	I	Lipid transport and metabolism
NODE_69_length_14087_cov_3.266310_12	COG2200	225110	2.18e-106	51.362	EAL	EAL domain, c-di-GMP-specific phosphodiesterase class I (or its enzymatically inactive variant)	T	Signal transduction mechanisms
NODE_70_length_14017_cov_3.369512_2	COG0565	223639	1.39e-70	40.773	TrmJ	tRNA C32,U32 (ribose-2'-O)-methylase TrmJ or a related methyltransferase	J	Translation, ribosomal structure and biogenesis
NODE_70_length_14017_cov_3.369512_3	COG1131	224054	3.08e-102	38.312	CcmA	ABC-type multidrug transport system, ATPase component	V	Defense mechanisms
NODE_70_length_14017_cov_3.369512_4	COG5010	227343	1.58e-07	26.471	TadD	Flp pilus assembly protein TadD, contains TPR repeats	U	Intracellular trafficking, secretion, and vesicular transport
NODE_70_length_14017_cov_3.369512_5	COG1277	224196	2.48e-09	22.0	NosY	ABC-type transport system involved in multi-copper enzyme maturation, permease component	O	Posttranslational modification, protein turnover, chaperones
NODE_70_length_14017_cov_3.369512_6	COG2006	224917	1.5e-49	31.667		Uncharacterized conserved protein, DUF362 family	S	Function unknown
NODE_70_length_14017_cov_3.369512_9	COG2204	225114	0.0	48.791	AtoC	DNA-binding transcriptional response regulator, NtrC family, contains REC, AAA-type ATPase, and a Fis-type DNA-binding domains	T	Signal transduction mechanisms
NODE_70_length_14017_cov_3.369512_10	COG0642	223715	5.27e-43	38.679	BaeS	Signal transduction histidine kinase	T	Signal transduction mechanisms
NODE_70_length_14017_cov_3.369512_11	COG1459	224376	2.57e-125	41.791	PulF	Type II secretory pathway, component PulF	N	Cell motility
NODE_70_length_14017_cov_3.369512_12	COG2805	225364	0.0	57.67	PilT	Type IV pilus assembly protein PilT, pilus retraction ATPase	N	Cell motility
NODE_70_length_14017_cov_3.369512_13	COG2804	225363	0.0	49.338	PulE	Type II secretory pathway ATPase GspE/PulE or T4P pilus assembly pathway ATPase PilB	N	Cell motility
NODE_71_length_13809_cov_3.470725_2	COG0642	223715	9.36e-54	42.292	BaeS	Signal transduction histidine kinase	T	Signal transduction mechanisms
NODE_71_length_13809_cov_3.470725_4	COG1404	224322	1.8e-21	26.113	AprE	Serine protease, subtilisin family	O	Posttranslational modification, protein turnover, chaperones
NODE_71_length_13809_cov_3.470725_5	COG2120	225031	6.72e-45	31.418	LmbE	N-acetylglucosaminyl deacetylase, LmbE family	G	Carbohydrate transport and metabolism
NODE_71_length_13809_cov_3.470725_6	COG0438	223515	3.75e-33	20.735	RfaB	Glycosyltransferase involved in cell wall bisynthesis	M	Cell wall/membrane/envelope biogenesis
NODE_71_length_13809_cov_3.470725_7	COG2227	225137	4.71e-07	29.474	UbiG	2-polyprenyl-3-methyl-5-hydroxy-6-metoxy-1,4-benzoquinol methylase	H	Coenzyme transport and metabolism
NODE_72_length_13718_cov_3.246903_3	COG4577	226943	2.64e-33	69.318	CcmK	Carboxysome shell and ethanolamine utilization microcompartment protein CcmL/EutN	Q	Secondary metabolites biosynthesis, transport and catabolism
NODE_72_length_13718_cov_3.246903_4	COG1012	223944	4.35e-43	21.445	AdhE	Acyl-CoA reductase or other NAD-dependent aldehyde dehydrogenase	I	Lipid transport and metabolism
NODE_72_length_13718_cov_3.246903_5	COG2215	225125	0.006	23.563	RcnA	ABC-type nickel/cobalt efflux system, permease component RcnA	P	Inorganic ion transport and metabolism
NODE_72_length_13718_cov_3.246903_6	COG3043	225585	3.11e-05	31.667	NapB	Nitrate reductase cytochrome c-type subunit NapB	C	Energy production and conversion
NODE_72_length_13718_cov_3.246903_7	COG1012	223944	0.0	47.412	AdhE	Acyl-CoA reductase or other NAD-dependent aldehyde dehydrogenase	I	Lipid transport and metabolism
NODE_72_length_13718_cov_3.246903_8	COG4636	226983	2.27e-40	33.862	Uma2	Endonuclease, Uma2 family (restriction endonuclease fold)	R	General function prediction only
NODE_72_length_13718_cov_3.246903_10	COG1960	224871	1.57e-151	48.579	CaiA	Acyl-CoA dehydrogenase related to the alkylation response protein AidB	I	Lipid transport and metabolism
NODE_72_length_13718_cov_3.246903_11	COG4636	226983	2.39e-26	24.752	Uma2	Endonuclease, Uma2 family (restriction endonuclease fold)	R	General function prediction only
NODE_72_length_13718_cov_3.246903_12	COG1112	224037	4e-17	26.582	DNA2	Superfamily I DNA and/or RNA helicase	L	Replication, recombination and repair
NODE_72_length_13718_cov_3.246903_13	COG1112	224037	5.4e-13	26.923	DNA2	Superfamily I DNA and/or RNA helicase	L	Replication, recombination and repair
NODE_72_length_13718_cov_3.246903_14	COG2852	225408	0.000161	27.083	YcjD	Very-short-patch-repair endonuclease	L	Replication, recombination and repair
NODE_72_length_13718_cov_3.246903_16	COG1208	224129	1.28e-68	31.852	GCD1	NDP-sugar pyrophosphorylase, includes eIF-2Bgamma, eIF-2Bepsilon, and LPS biosynthesis protein s	J	Translation, ribosomal structure and biogenesis
NODE_72_length_13718_cov_3.246903_17	COG0463	223539	3.7e-13	18.846	WcaA	Glycosyltransferase involved in cell wall bisynthesis	M	Cell wall/membrane/envelope biogenesis
NODE_72_length_13718_cov_3.246903_18	COG1595	224511	9.15e-39	33.129	RpoE	DNA-directed RNA polymerase specialized sigma subunit, sigma24 family	K	Transcription
NODE_72_length_13718_cov_3.246903_19	COG0745	223816	4.33e-05	35.897	OmpR	DNA-binding response regulator, OmpR family, contains REC and winged-helix (wHTH) domain	T	Signal transduction mechanisms
NODE_72_length_13718_cov_3.246903_20	COG0204	223282	1.53e-17	27.586	PlsC	1-acyl-sn-glycerol-3-phosphate acyltransferase	I	Lipid transport and metabolism
NODE_73_length_13715_cov_3.334287_4	COG1403	224321	0.000337	28.125	McrA	5-methylcytosine-specific restriction endonuclease McrA	V	Defense mechanisms
NODE_73_length_13715_cov_3.334287_5	COG3653	226179	7.34e-95	32.021		N-acyl-D-aspartate/D-glutamate deacylase	Q	Secondary metabolites biosynthesis, transport and catabolism
NODE_73_length_13715_cov_3.334287_6	COG2226	225136	2.54e-23	37.5	UbiE	Ubiquinone/menaquinone biosynthesis C-methylase UbiE/MenG	H	Coenzyme transport and metabolism
NODE_73_length_13715_cov_3.334287_7	COG0842	223912	3.83e-07	22.053	YadH	ABC-type multidrug transport system, permease component	V	Defense mechanisms
NODE_73_length_13715_cov_3.334287_8	COG0526	223600	7.09e-18	31.967	TrxA	Thiol-disulfide isomerase or thioredoxin	O	Posttranslational modification, protein turnover, chaperones
NODE_73_length_13715_cov_3.334287_9	COG0531	223605	2.81e-53	32.377	PotE	Serine transporter YbeC, amino acid:H+ symporter family	E	Amino acid transport and metabolism
NODE_73_length_13715_cov_3.334287_10	COG0531	223605	3.03e-47	28.953	PotE	Serine transporter YbeC, amino acid:H+ symporter family	E	Amino acid transport and metabolism
NODE_73_length_13715_cov_3.334287_11	COG0750	223821	1.89e-49	28.09	RseP	Membrane-associated protease RseP, regulator of RpoE activity	O	Posttranslational modification, protein turnover, chaperones
NODE_73_length_13715_cov_3.334287_12	COG0743	223814	0.0	52.713	Dxr	1-deoxy-D-xylulose 5-phosphate reductoisomerase	I	Lipid transport and metabolism
NODE_73_length_13715_cov_3.334287_13	COG0575	223648	4.79e-16	51.923	CdsA	CDP-diglyceride synthetase	I	Lipid transport and metabolism
NODE_74_length_13663_cov_3.554394_1	COG0181	223259	7.15e-140	53.896	HemC	Porphobilinogen deaminase	H	Coenzyme transport and metabolism
NODE_74_length_13663_cov_3.554394_2	COG0714	223786	2.82e-95	45.714	MoxR	MoxR-like ATPase	R	General function prediction only
NODE_74_length_13663_cov_3.554394_3	COG1721	224635	9.37e-71	30.184	YeaD2	Uncharacterized conserved protein, DUF58 family, contains vWF domain	S	Function unknown
NODE_74_length_13663_cov_3.554394_4	COG0458	223534	0.0	69.193	CarB	Carbamoylphosphate synthase large subunit	E	Amino acid transport and metabolism
NODE_74_length_13663_cov_3.554394_5	COG0642	223715	1.37e-56	39.453	BaeS	Signal transduction histidine kinase	T	Signal transduction mechanisms
NODE_74_length_13663_cov_3.554394_6	COG2197	225107	3.64e-15	33.673	CitB	DNA-binding response regulator, NarL/FixJ family, contains REC and HTH domains	T	Signal transduction mechanisms
NODE_74_length_13663_cov_3.554394_7	COG4251	226702	1.17e-70	40.893		Bacteriophytochrome (light-regulated signal transduction histidine kinase)	T	Signal transduction mechanisms
NODE_74_length_13663_cov_3.554394_8	COG0696	223768	5.22e-148	60.211	GpmI	Phosphoglycerate mutase (BPG-independent), AlkP superfamily	G	Carbohydrate transport and metabolism
NODE_75_length_13596_cov_3.412161_2	COG2308	225190	0.0	60.851		Circularly permuted ATP-grasp protein	R	General function prediction only
NODE_75_length_13596_cov_3.412161_4	COG2307	225189	1.82e-79	32.026	Alpha-E	Uncharacterized conserved protein, Alpha-E superfamily	S	Function unknown
NODE_75_length_13596_cov_3.412161_5	COG1305	224224	8.63e-43	29.787	YebA	Transglutaminase-like enzyme, putative cysteine protease	O	Posttranslational modification, protein turnover, chaperones
NODE_75_length_13596_cov_3.412161_6	COG0586	223659	4.43e-42	35.751	DedA	Membrane integrity protein DedA, putative transporter, DedA/Tvp38 family	M	Cell wall/membrane/envelope biogenesis
NODE_75_length_13596_cov_3.412161_7	COG1028	223959	2.1e-68	40.8	FabG	NAD(P)-dependent dehydrogenase, short-chain alcohol dehydrogenase family	I	Lipid transport and metabolism
NODE_75_length_13596_cov_3.412161_8	COG0707	223779	8.23e-25	21.922	MurG	UDP-N-acetylglucosamine:LPS N-acetylglucosamine transferase	M	Cell wall/membrane/envelope biogenesis
NODE_75_length_13596_cov_3.412161_9	COG0535	223609	1.09e-19	22.674	SkfB	Radical SAM superfamily maturase, SkfB/NifB/PqqE family	D	Cell cycle control, cell division, chromosome partitioning
NODE_75_length_13596_cov_3.412161_10	COG0811	223881	8.13e-32	34.197	TolQ	Biopolymer transport protein ExbB/TolQ	U	Intracellular trafficking, secretion, and vesicular transport
NODE_75_length_13596_cov_3.412161_11	COG0848	223917	1.62e-14	41.053	ExbD	Biopolymer transport protein ExbD	U	Intracellular trafficking, secretion, and vesicular transport
NODE_76_length_13322_cov_3.047497_1	COG4447	226855	6.06e-06	24.859		Uncharacterized conserved protein related to plant photosystem II stability/assembly factor	R	General function prediction only
NODE_76_length_13322_cov_3.047497_2	COG1566	224482	5.45e-25	23.324	EmrA	Multidrug resistance efflux pump EmrA	V	Defense mechanisms
NODE_76_length_13322_cov_3.047497_3	COG0841	223911	0.0	28.786	AcrB	Multidrug efflux pump subunit AcrB	V	Defense mechanisms
NODE_76_length_13322_cov_3.047497_4	COG1309	224228	9.7e-12	20.619	AcrR	DNA-binding protein, AcrR family, includes nucleoid occlusion protein SlmA	K	Transcription
NODE_76_length_13322_cov_3.047497_5	COG1629	224544	1.32e-05	17.617	CirA	Outer membrane receptor protein, Fe transport	P	Inorganic ion transport and metabolism
NODE_77_length_13265_cov_3.960343_4	COG2041	224952	1.9e-46	26.119	MsrP	Molybdopterin-dependent catalytic subunit of periplasmic DMSO/TMAO and protein-methionine-sulfoxide reductases	C	Energy production and conversion
NODE_77_length_13265_cov_3.960343_6	COG4654	227001	7.17e-06	24.779	CytC552	Cytochrome c551/c552	C	Energy production and conversion
NODE_77_length_13265_cov_3.960343_7	COG3278	225817	6.58e-68	29.083	CcoN	Cbb3-type cytochrome oxidase, subunit 1	C	Energy production and conversion
NODE_77_length_13265_cov_3.960343_10	COG1595	224511	2.46e-40	34.091	RpoE	DNA-directed RNA polymerase specialized sigma subunit, sigma24 family	K	Transcription
NODE_77_length_13265_cov_3.960343_11	COG5662	227949	2.7e-06	30.208	RsiW	Transmembrane transcriptional regulator RsiW (anti-sigma-W factor)	K	Transcription
NODE_77_length_13265_cov_3.960343_13	COG3544	226074	1.07e-18	34.821		Uncharacterized conserved protein, DUF305 family	S	Function unknown
NODE_77_length_13265_cov_3.960343_14	COG3391	225926	9.09e-26	24.611	YncE	DNA-binding beta-propeller fold protein YncE	R	General function prediction only
NODE_78_length_13144_cov_3.359685_4	COG0402	223479	1.07e-82	33.716	SsnA	Cytosine/adenosine deaminase or related metal-dependent hydrolase	F	Nucleotide transport and metabolism
NODE_78_length_13144_cov_3.359685_9	COG0564	223638	9.59e-90	44.218	RluA	Pseudouridine synthase RluA, 23S rRNA- or tRNA-specific	J	Translation, ribosomal structure and biogenesis
NODE_78_length_13144_cov_3.359685_10	COG0492	223566	1.91e-71	37.624	TrxB	Thioredoxin reductase	O	Posttranslational modification, protein turnover, chaperones
NODE_78_length_13144_cov_3.359685_11	COG3147	225689	0.004	30.986	DedD	Cell division protein DedD (periplasmic protein involved in septation)	D	Cell cycle control, cell division, chromosome partitioning
NODE_78_length_13144_cov_3.359685_15	COG3103	225645	8.63e-08	26.389	YgiM	Uncharacterized conserved protein YgiM, contains N-terminal SH3 domain, DUF1202 family	R	General function prediction only
NODE_79_length_13108_cov_4.216177_1	COG1120	224045	2.76e-99	45.455	FepC	ABC-type cobalamin/Fe3+-siderophores transport system, ATPase component	P	Inorganic ion transport and metabolism
NODE_79_length_13108_cov_4.216177_3	COG0013	223092	0.0	51.4	AlaS	Alanyl-tRNA synthetase	J	Translation, ribosomal structure and biogenesis
NODE_79_length_13108_cov_4.216177_4	COG4591	226957	2.38e-28	26.409	LolE	ABC-type transport system involved in lipoprotein release, permease component LolC	M	Cell wall/membrane/envelope biogenesis
NODE_79_length_13108_cov_4.216177_8	COG3394	225929	5.26e-59	35.357	ChbG	Chitooligosaccharide deacetylase ChbG, YdjC/CelG family	G	Carbohydrate transport and metabolism
NODE_79_length_13108_cov_4.216177_10	COG1912	224824	5.32e-09	26.733		Stereoselective (R,S)-S-adenosylmethionine hydrolase (adenosine-forming)	H	Coenzyme transport and metabolism
NODE_79_length_13108_cov_4.216177_11	COG0233	223311	5.08e-82	58.378	Frr	Ribosome recycling factor	J	Translation, ribosomal structure and biogenesis
NODE_79_length_13108_cov_4.216177_12	COG0528	223602	7.46e-103	59.809	PyrH	Uridylate kinase	F	Nucleotide transport and metabolism
NODE_80_length_12936_cov_3.493740_1	COG1474	224391	0.003	28.07	CDC6	Cdc6-related protein, AAA superfamily ATPase	L	Replication, recombination and repair
NODE_80_length_12936_cov_3.493740_2	COG1403	224321	0.00027	28.358	McrA	5-methylcytosine-specific restriction endonuclease McrA	V	Defense mechanisms
NODE_80_length_12936_cov_3.493740_3	COG0433	223510	3.74e-07	20.27	HerA	Archaeal DNA helicase HerA or a related bacterial ATPase, contains HAS-barrel and ATPase domains	L	Replication, recombination and repair
NODE_80_length_12936_cov_3.493740_5	COG2823	225379	7.89e-14	33.607	OsmY	Osmotically-inducible protein OsmY, contains BON domain	M	Cell wall/membrane/envelope biogenesis
NODE_80_length_12936_cov_3.493740_6	COG0183	223261	1.95e-125	45.432	PaaJ	Acetyl-CoA acetyltransferase	I	Lipid transport and metabolism
NODE_80_length_12936_cov_3.493740_7	COG0457	223533	8.83e-14	30.667	TPR	Tetratricopeptide (TPR) repeat	R	General function prediction only
NODE_80_length_12936_cov_3.493740_8	COG0468	223544	7.34e-123	61.672	RecA	RecA/RadA recombinase	L	Replication, recombination and repair
NODE_80_length_12936_cov_3.493740_9	COG0709	223781	9.02e-94	40.764	SelD	Selenophosphate synthase	E	Amino acid transport and metabolism
NODE_80_length_12936_cov_3.493740_10	COG1136	224059	3.96e-122	53.778	LolD	ABC-type lipoprotein export system, ATPase component	M	Cell wall/membrane/envelope biogenesis
NODE_81_length_12916_cov_3.403380_2	COG4102	226587	0.000116	28.571		Uncharacterized conserved protein, DUF1501 family	S	Function unknown
NODE_81_length_12916_cov_3.403380_3	COG2319	225201	3e-05	14.068	WD40	WD40 repeat	R	General function prediction only
NODE_81_length_12916_cov_3.403380_4	COG2863	225418	4.79e-05	22.667	CytC553	Cytochrome c553	C	Energy production and conversion
NODE_81_length_12916_cov_3.403380_5	COG2223	225133	2.19e-19	22.506	NarK	Nitrate/nitrite transporter NarK	P	Inorganic ion transport and metabolism
NODE_81_length_12916_cov_3.403380_6	COG1848	224761	3.67e-13	25.899	VapC	VapC family ribonuclease, toxin component of the VapBC toxin-antitoxin module, contains PIN domain	V	Defense mechanisms
NODE_81_length_12916_cov_3.403380_8	COG1228	224149	5.43e-38	23.765	HutI	Imidazolonepropionase or related amidohydrolase	Q	Secondary metabolites biosynthesis, transport and catabolism
NODE_81_length_12916_cov_3.403380_9	COG1249	224169	3.01e-138	37.194	Lpd	Dihydrolipoamide dehydrogenase (E3) component of pyruvate/2-oxoglutarate dehydrogenase complex or glutathione oxidoreductase	C	Energy production and conversion
NODE_82_length_12901_cov_3.620555_1	COG1621	224536	1.23e-26	56.14	SacC	Sucrose-6-phosphate hydrolase SacC, GH32 family	G	Carbohydrate transport and metabolism
NODE_82_length_12901_cov_3.620555_3	COG0477	223553	0.008	14.42	ProP	MFS family permease, includes anhydromuropeptide permease AmpG	G	Carbohydrate transport and metabolism
NODE_82_length_12901_cov_3.620555_5	COG4319	226769	1.01e-05	27.344	YybH	Ketosteroid isomerase homolog YybH	R	General function prediction only
NODE_82_length_12901_cov_3.620555_8	COG0045	223123	6.62e-177	58.73	SucC	Succinyl-CoA synthetase, beta subunit	C	Energy production and conversion
NODE_82_length_12901_cov_3.620555_9	COG1902	224814	3.12e-148	46.087	FadH	2,4-dienoyl-CoA reductase or related NADH-dependent reductase, Old Yellow Enzyme (OYE) family	C	Energy production and conversion
NODE_82_length_12901_cov_3.620555_10	COG3604	226132	0.009	31.25	FhlA	FhlA-type transcriptional regulator, contains GAF, AAA-type ATPase, and DNA-binding Fis domains	K	Transcription
NODE_83_length_12790_cov_3.012584_1	COG4935	227271	2.41e-09	23.871		Regulatory P domain of the subtilisin-like proprotein convertases and other proteases	O	Posttranslational modification, protein turnover, chaperones
NODE_83_length_12790_cov_3.012584_2	COG0652	223725	1.18e-54	41.818	PpiB	Peptidyl-prolyl cis-trans isomerase (rotamase) - cyclophilin family	O	Posttranslational modification, protein turnover, chaperones
NODE_83_length_12790_cov_3.012584_3	COG0064	223142	2.39e-101	48.161	GatB	Asp-tRNAAsn/Glu-tRNAGln amidotransferase B subunit	J	Translation, ribosomal structure and biogenesis
NODE_83_length_12790_cov_3.012584_4	COG0662	223734	2.6e-16	36.585	ManC	Mannose-6-phosphate isomerase, cupin superfamily	G	Carbohydrate transport and metabolism
NODE_83_length_12790_cov_3.012584_5	COG2271	225180	2.7e-24	24.46	UhpC	Sugar phosphate permease	G	Carbohydrate transport and metabolism
NODE_83_length_12790_cov_3.012584_6	COG0388	223465	9.44e-77	37.77	Nit2	Omega-amidase YafV/Nit2, hydrolyzes alpha-ketoglutaramate	C	Energy production and conversion
NODE_83_length_12790_cov_3.012584_7	COG2957	225505	3.26e-142	44.828	AguA	Agmatine/peptidylarginine deiminase	E	Amino acid transport and metabolism
NODE_83_length_12790_cov_3.012584_8	COG4636	226983	0.000672	29.63	Uma2	Endonuclease, Uma2 family (restriction endonuclease fold)	R	General function prediction only
NODE_83_length_12790_cov_3.012584_10	COG1282	224201	2.83e-174	43.617	PntB	NAD/NADP transhydrogenase beta subunit	C	Energy production and conversion
NODE_83_length_12790_cov_3.012584_11	COG3288	225826	3.57e-20	30.392	PntA	NAD/NADP transhydrogenase alpha subunit	C	Energy production and conversion
NODE_84_length_12746_cov_3.364433_1	COG4772	227113	0.00053	24.074	FecA	Outer membrane receptor for Fe3+-dicitrate	P	Inorganic ion transport and metabolism
NODE_84_length_12746_cov_3.364433_2	COG1940	224851	4.35e-62	31.613	NagC	Sugar kinase of the NBD/HSP70 family, may contain an N-terminal HTH domain	G	Carbohydrate transport and metabolism
NODE_84_length_12746_cov_3.364433_3	COG2271	225180	1.36e-32	23.278	UhpC	Sugar phosphate permease	G	Carbohydrate transport and metabolism
NODE_84_length_12746_cov_3.364433_4	COG0456	223532	3.69e-08	24.476	RimI	Ribosomal protein S18 acetylase RimI and related acetyltransferases	J	Translation, ribosomal structure and biogenesis
NODE_84_length_12746_cov_3.364433_6	COG3157	225699	1.16e-47	31.138	Hcp	Type VI protein secretion system component Hcp (secreted cytotoxin)	U	Intracellular trafficking, secretion, and vesicular transport
NODE_84_length_12746_cov_3.364433_9	COG3518	226049	5.82e-38	41.333		Predicted component of the type VI protein secretion system	U	Intracellular trafficking, secretion, and vesicular transport
NODE_84_length_12746_cov_3.364433_10	COG4797	227134	4.08e-14	23.282		Predicted regulatory domain of a methyltransferase	R	General function prediction only
NODE_84_length_12746_cov_3.364433_11	COG3519	226050	2.43e-132	42.927	VasA	Type VI protein secretion system component VasA	U	Intracellular trafficking, secretion, and vesicular transport
NODE_85_length_12666_cov_2.988959_1	COG0674	223746	1.32e-37	40.0	PorA	Pyruvate:ferredoxin oxidoreductase or related 2-oxoacid:ferredoxin oxidoreductase, alpha subunit	C	Energy production and conversion
NODE_85_length_12666_cov_2.988959_2	COG0053	223131	1.97e-76	39.56	FieF	Divalent metal cation (Fe/Co/Zn/Cd) efflux pump	P	Inorganic ion transport and metabolism
NODE_85_length_12666_cov_2.988959_3	COG2107	225018	4.2e-109	45.353	MqnD	1,4-dihydroxy-6-naphtoate synthase (menaquinone biosynthesis, futalosine pathway)	H	Coenzyme transport and metabolism
NODE_85_length_12666_cov_2.988959_4	COG4636	226983	4.29e-25	23.383	Uma2	Endonuclease, Uma2 family (restriction endonuclease fold)	R	General function prediction only
NODE_85_length_12666_cov_2.988959_5	COG1060	223988	1.26e-135	46.175	ThiH	2-iminoacetate synthase ThiH/Menaquinone biosynthesis enzymes MqnC and MqnE	H	Coenzyme transport and metabolism
NODE_85_length_12666_cov_2.988959_7	COG0382	223459	3.33e-52	37.413	UbiA	4-hydroxybenzoate polyprenyltransferase	H	Coenzyme transport and metabolism
NODE_85_length_12666_cov_2.988959_8	COG0163	223241	3.48e-90	51.741	UbiX	Flavin prenyltransferase UbiX	H	Coenzyme transport and metabolism
NODE_85_length_12666_cov_2.988959_9	COG1691	224605	5.88e-101	52.227		NCAIR mutase (PurE)-related protein	F	Nucleotide transport and metabolism
NODE_85_length_12666_cov_2.988959_10	COG5607	227894	4.69e-08	28.571	CHAD	CHAD domain, binds inorganic polyphosphates	S	Function unknown
NODE_85_length_12666_cov_2.988959_11	COG5607	227894	4.87e-11	38.835	CHAD	CHAD domain, binds inorganic polyphosphates	S	Function unknown
NODE_85_length_12666_cov_2.988959_13	COG0535	223609	2.05e-18	21.895	SkfB	Radical SAM superfamily maturase, SkfB/NifB/PqqE family	D	Cell cycle control, cell division, chromosome partitioning
NODE_85_length_12666_cov_2.988959_14	COG0438	223515	6.11e-26	30.033	RfaB	Glycosyltransferase involved in cell wall bisynthesis	M	Cell wall/membrane/envelope biogenesis
NODE_86_length_12654_cov_3.483104_1	COG1609	224525	2.52e-103	35.976	PurR	DNA-binding transcriptional regulator, LacI/PurR family	K	Transcription
NODE_86_length_12654_cov_3.483104_2	COG1082	224007	4.51e-22	23.741	YcjR	Sugar phosphate isomerase/epimerase	G	Carbohydrate transport and metabolism
NODE_86_length_12654_cov_3.483104_3	COG0673	223745	3.61e-47	24.791	MviM	Predicted dehydrogenase	R	General function prediction only
NODE_86_length_12654_cov_3.483104_4	COG1629	224544	5.69e-07	15.16	CirA	Outer membrane receptor protein, Fe transport	P	Inorganic ion transport and metabolism
NODE_86_length_12654_cov_3.483104_6	COG3718	226241	1.8e-16	26.778	IolB	5-deoxy-D-glucuronate isomerase	G	Carbohydrate transport and metabolism
NODE_86_length_12654_cov_3.483104_7	COG1943	224854	9.53e-07	20.312	RAYT	REP element-mobilizing transposase RayT	X	Mobilome: prophages, transposons
NODE_87_length_12622_cov_3.815544_1	COG1475	224392	1.44e-16	26.957	Spo0J	Chromosome segregation protein Spo0J, contains ParB-like nuclease domain	D	Cell cycle control, cell division, chromosome partitioning
NODE_87_length_12622_cov_3.815544_2	COG1192	224113	5.83e-39	28.938	ParA	ParA-like ATPase involved in chromosome/plasmid partitioning or cellulose biosynthesis protein BcsQ	D	Cell cycle control, cell division, chromosome partitioning
NODE_87_length_12622_cov_3.815544_4	COG0531	223605	6.43e-23	19.306	PotE	Serine transporter YbeC, amino acid:H+ symporter family	E	Amino acid transport and metabolism
NODE_87_length_12622_cov_3.815544_5	COG0612	223685	2.29e-84	28.074	PqqL	Predicted Zn-dependent peptidase, M16 family	R	General function prediction only
NODE_87_length_12622_cov_3.815544_6	COG0612	223685	1.69e-95	33.494	PqqL	Predicted Zn-dependent peptidase, M16 family	R	General function prediction only
NODE_87_length_12622_cov_3.815544_7	COG0653	223726	0.0	54.374	SecA	Preprotein translocase subunit SecA (ATPase, RNA helicase)	U	Intracellular trafficking, secretion, and vesicular transport
NODE_88_length_12612_cov_3.514958_2	COG0402	223479	2.07e-110	35.664	SsnA	Cytosine/adenosine deaminase or related metal-dependent hydrolase	F	Nucleotide transport and metabolism
NODE_88_length_12612_cov_3.514958_5	COG0550	223624	0.0	51.591	TopA	DNA topoisomerase IA	L	Replication, recombination and repair
NODE_88_length_12612_cov_3.514958_6	COG0008	223087	1.42e-144	37.475	GlnS	Glutamyl- or glutaminyl-tRNA synthetase	J	Translation, ribosomal structure and biogenesis
NODE_88_length_12612_cov_3.514958_7	COG1061	223989	3.12e-62	28.667	SSL2	Superfamily II DNA or RNA helicase	K	Transcription
NODE_88_length_12612_cov_3.514958_9	COG0008	223087	1.34e-131	33.843	GlnS	Glutamyl- or glutaminyl-tRNA synthetase	J	Translation, ribosomal structure and biogenesis
NODE_89_length_12600_cov_3.849796_1	COG2834	225390	2.36e-25	25.773	LolA	Outer membrane lipoprotein-sorting protein	M	Cell wall/membrane/envelope biogenesis
NODE_89_length_12600_cov_3.849796_3	COG1136	224059	1.33e-107	51.818	LolD	ABC-type lipoprotein export system, ATPase component	M	Cell wall/membrane/envelope biogenesis
NODE_89_length_12600_cov_3.849796_4	COG4591	226957	6.96e-26	23.821	LolE	ABC-type transport system involved in lipoprotein release, permease component LolC	M	Cell wall/membrane/envelope biogenesis
NODE_89_length_12600_cov_3.849796_8	COG3375	225910	4.79e-52	33.074		Predicted acetyltransferase, GNAT superfamily	R	General function prediction only
NODE_89_length_12600_cov_3.849796_10	COG1426	224343	1.1e-22	23.529	RodZ	Cytoskeletal protein RodZ, contains Xre-like HTH and DUF4115 domains	D	Cell cycle control, cell division, chromosome partitioning
NODE_89_length_12600_cov_3.849796_11	COG0516	223590	3.07e-47	30.0	GuaB	IMP dehydrogenase/GMP reductase	F	Nucleotide transport and metabolism
NODE_89_length_12600_cov_3.849796_12	COG1217	224138	0.0	58.413	TypA	Predicted membrane GTPase TypA/BipA involved in stress response	T	Signal transduction mechanisms
NODE_90_length_12403_cov_4.514847_2	COG0614	223687	3.59e-37	22.896	FepB	ABC-type Fe3+-hydroxamate transport system, periplasmic component	P	Inorganic ion transport and metabolism
NODE_90_length_12403_cov_4.514847_5	COG0415	223492	4.94e-66	23.853	PhrB	Deoxyribodipyrimidine photolyase	L	Replication, recombination and repair
NODE_90_length_12403_cov_4.514847_6	COG0789	223860	2.49e-27	36.667	SoxR	DNA-binding transcriptional regulator, MerR family	K	Transcription
NODE_90_length_12403_cov_4.514847_7	COG2608	225328	1.06e-18	37.313	CopZ	Copper chaperone CopZ	P	Inorganic ion transport and metabolism
NODE_90_length_12403_cov_4.514847_10	COG2608	225328	2.85e-17	38.571	CopZ	Copper chaperone CopZ	P	Inorganic ion transport and metabolism
NODE_90_length_12403_cov_4.514847_11	COG1249	224169	8.21e-167	38.197	Lpd	Dihydrolipoamide dehydrogenase (E3) component of pyruvate/2-oxoglutarate dehydrogenase complex or glutathione oxidoreductase	C	Energy production and conversion
NODE_90_length_12403_cov_4.514847_12	COG1225	224146	5.07e-20	28.571	Bcp	Peroxiredoxin	O	Posttranslational modification, protein turnover, chaperones
NODE_90_length_12403_cov_4.514847_15	COG1294	224213	6.24e-09	22.222	AppB	Cytochrome bd-type quinol oxidase, subunit 2	C	Energy production and conversion
NODE_91_length_12370_cov_4.083869_1	COG1131	224054	2.21e-94	35.294	CcmA	ABC-type multidrug transport system, ATPase component	V	Defense mechanisms
NODE_91_length_12370_cov_4.083869_2	COG4314	226764	2.88e-06	21.97	NosL	Nitrous oxide reductase accessory protein NosL	P	Inorganic ion transport and metabolism
NODE_91_length_12370_cov_4.083869_3	COG1277	224196	1e-07	23.105	NosY	ABC-type transport system involved in multi-copper enzyme maturation, permease component	O	Posttranslational modification, protein turnover, chaperones
NODE_91_length_12370_cov_4.083869_5	COG1629	224544	6.89e-08	14.739	CirA	Outer membrane receptor protein, Fe transport	P	Inorganic ion transport and metabolism
NODE_91_length_12370_cov_4.083869_8	COG3005	225550	1.68e-21	24.848	NapC	Tetraheme cytochrome c subunit NapC of nitrate or TMAO reductase	C	Energy production and conversion
NODE_91_length_12370_cov_4.083869_9	COG3303	225840	2.71e-96	29.508	NrfA	Formate-dependent nitrite reductase, periplasmic cytochrome c552 subunit	P	Inorganic ion transport and metabolism
NODE_91_length_12370_cov_4.083869_10	COG2836	225392	1.17e-27	33.796	DsbD	Uncharacterized membrane protein, DsbD domain	S	Function unknown
NODE_91_length_12370_cov_4.083869_11	COG3198	225739	2.79e-05	22.059		Uncharacterized conserved protein	S	Function unknown
NODE_92_length_12337_cov_3.800245_2	COG4636	226983	9.66e-06	18.548	Uma2	Endonuclease, Uma2 family (restriction endonuclease fold)	R	General function prediction only
NODE_92_length_12337_cov_3.800245_3	COG2200	225110	1.51e-111	53.488	EAL	EAL domain, c-di-GMP-specific phosphodiesterase class I (or its enzymatically inactive variant)	T	Signal transduction mechanisms
NODE_92_length_12337_cov_3.800245_4	COG0463	223539	2.31e-24	25.0	WcaA	Glycosyltransferase involved in cell wall bisynthesis	M	Cell wall/membrane/envelope biogenesis
NODE_92_length_12337_cov_3.800245_5	COG4485	226888	2.65e-07	34.0	YfhO	Uncharacterized membrane protein YfhO	S	Function unknown
NODE_92_length_12337_cov_3.800245_6	COG4485	226888	0.000147	35.714	YfhO	Uncharacterized membrane protein YfhO	S	Function unknown
NODE_93_length_12336_cov_3.283220_1	COG2515	225313	1.43e-48	37.38	Acd	1-aminocyclopropane-1-carboxylate deaminase/D-cysteine desulfhydrase, PLP-dependent ACC family	E	Amino acid transport and metabolism
NODE_93_length_12336_cov_3.283220_2	COG2877	225432	1.15e-147	63.636	KdsA	3-deoxy-D-manno-octulosonic acid (KDO) 8-phosphate synthase	M	Cell wall/membrane/envelope biogenesis
NODE_93_length_12336_cov_3.283220_4	COG0504	223578	0.0	66.135	PyrG	CTP synthase (UTP-ammonia lyase)	F	Nucleotide transport and metabolism
NODE_93_length_12336_cov_3.283220_7	COG1212	224133	1.95e-109	52.713	KdsB	CMP-2-keto-3-deoxyoctulosonic acid synthetase	M	Cell wall/membrane/envelope biogenesis
NODE_93_length_12336_cov_3.283220_8	COG4636	226983	1.5e-24	30.769	Uma2	Endonuclease, Uma2 family (restriction endonuclease fold)	R	General function prediction only
NODE_93_length_12336_cov_3.283220_9	COG1304	224223	1.74e-86	36.338	LldD	FMN-dependent dehydrogenase, includes L-lactate dehydrogenase and type II isopentenyl diphosphate isomerase	C	Energy production and conversion
NODE_93_length_12336_cov_3.283220_10	COG0463	223539	3.05e-28	25.952	WcaA	Glycosyltransferase involved in cell wall bisynthesis	M	Cell wall/membrane/envelope biogenesis
NODE_93_length_12336_cov_3.283220_11	COG0784	223855	1.07e-19	44.66	CheY	CheY-like REC (receiver) domain, includes chemotaxis protein CheY  and sporulation regulator Spo0F	T	Signal transduction mechanisms
NODE_93_length_12336_cov_3.283220_12	COG0784	223855	3.31e-05	25.758	CheY	CheY-like REC (receiver) domain, includes chemotaxis protein CheY  and sporulation regulator Spo0F	T	Signal transduction mechanisms
NODE_93_length_12336_cov_3.283220_13	COG2204	225114	9.15e-66	51.099	AtoC	DNA-binding transcriptional response regulator, NtrC family, contains REC, AAA-type ATPase, and a Fis-type DNA-binding domains	T	Signal transduction mechanisms
NODE_94_length_12213_cov_3.239535_1	COG2244	225153	1.05e-10	24.0	RfbX	Membrane protein involved in the export of O-antigen and teichoic acid	M	Cell wall/membrane/envelope biogenesis
NODE_94_length_12213_cov_3.239535_3	COG0438	223515	7.71e-46	30.886	RfaB	Glycosyltransferase involved in cell wall bisynthesis	M	Cell wall/membrane/envelope biogenesis
NODE_94_length_12213_cov_3.239535_4	COG0438	223515	2.94e-33	24.165	RfaB	Glycosyltransferase involved in cell wall bisynthesis	M	Cell wall/membrane/envelope biogenesis
NODE_94_length_12213_cov_3.239535_5	COG0438	223515	4.29e-46	27.154	RfaB	Glycosyltransferase involved in cell wall bisynthesis	M	Cell wall/membrane/envelope biogenesis
NODE_94_length_12213_cov_3.239535_6	COG0438	223515	9.56e-39	28.173	RfaB	Glycosyltransferase involved in cell wall bisynthesis	M	Cell wall/membrane/envelope biogenesis
NODE_94_length_12213_cov_3.239535_7	COG2348	225224	1.04e-07	28.696	FmhB	Lipid II:glycine glycyltransferase (Peptidoglycan interpeptide bridge formation enzyme)	M	Cell wall/membrane/envelope biogenesis
NODE_94_length_12213_cov_3.239535_9	COG0608	223681	7.66e-113	39.351	RecJ	ssDNA-specific exonuclease RecJ, DHH superfamily, may be involved in archaeal DNA replication intiation	L	Replication, recombination and repair
NODE_94_length_12213_cov_3.239535_10	COG4206	226664	2.68e-35	25.833	BtuB	Outer membrane cobalamin receptor protein BtuB	H	Coenzyme transport and metabolism
NODE_95_length_12008_cov_4.026067_1	COG0438	223515	2.35e-06	21.101	RfaB	Glycosyltransferase involved in cell wall bisynthesis	M	Cell wall/membrane/envelope biogenesis
NODE_95_length_12008_cov_4.026067_2	COG0682	223754	2.51e-39	25.086	Lgt	Prolipoprotein diacylglyceryltransferase	M	Cell wall/membrane/envelope biogenesis
NODE_95_length_12008_cov_4.026067_3	COG0597	223670	1.18e-36	34.286	LspA	Lipoprotein signal peptidase	M	Cell wall/membrane/envelope biogenesis
NODE_95_length_12008_cov_4.026067_4	COG0060	223138	0.0	48.947	IleS	Isoleucyl-tRNA synthetase	J	Translation, ribosomal structure and biogenesis
NODE_95_length_12008_cov_4.026067_5	COG0810	223880	2.12e-09	33.708	TonB	Periplasmic protein TonB, links inner and outer membranes	M	Cell wall/membrane/envelope biogenesis
NODE_95_length_12008_cov_4.026067_7	COG4980	227313	1.12e-09	26.786	GvpP	Gas vesicle protein YhaH	R	General function prediction only
NODE_95_length_12008_cov_4.026067_8	COG1826	224739	0.007	52.273	TatA	Twin-arginine protein secretion pathway components TatA and TatB	U	Intracellular trafficking, secretion, and vesicular transport
NODE_95_length_12008_cov_4.026067_9	COG2865	225420	9.27e-38	25.449		Predicted transcriptional regulator, contains HTH domain	K	Transcription
NODE_95_length_12008_cov_4.026067_10	COG3823	226344	6.96e-101	47.186		Glutamine cyclotransferase	O	Posttranslational modification, protein turnover, chaperones
NODE_95_length_12008_cov_4.026067_11	COG1555	224472	3.59e-16	38.095	ComEA	DNA uptake protein ComE or related DNA-binding protein	L	Replication, recombination and repair
NODE_95_length_12008_cov_4.026067_12	COG2333	225212	2.87e-70	32.246	ComEC	DNA uptake channel protein ComEC C-terminal domain, metallo-beta-lactamase superfamily	U	Intracellular trafficking, secretion, and vesicular transport
NODE_96_length_11901_cov_4.031208_2	COG1082	224007	4.62e-28	24.806	YcjR	Sugar phosphate isomerase/epimerase	G	Carbohydrate transport and metabolism
NODE_96_length_11901_cov_4.031208_3	COG0673	223745	1.79e-32	22.54	MviM	Predicted dehydrogenase	R	General function prediction only
NODE_96_length_11901_cov_4.031208_5	COG3618	226145	2.48e-90	39.146		Predicted metal-dependent hydrolase, TIM-barrel fold	R	General function prediction only
NODE_96_length_11901_cov_4.031208_6	COG0637	223710	9.28e-59	35.681	YcjU	Beta-phosphoglucomutase, HAD superfamily	G	Carbohydrate transport and metabolism
NODE_96_length_11901_cov_4.031208_7	COG3429	225963	6.11e-27	26.0	OpcA	Glucose-6-phosphate dehydrogenase assembly protein OpcA, contains a peptidoglycan-binding domain	G	Carbohydrate transport and metabolism
NODE_96_length_11901_cov_4.031208_8	COG0837	223907	3.45e-83	36.527	Glk	Glucokinase	G	Carbohydrate transport and metabolism
NODE_96_length_11901_cov_4.031208_9	COG1940	224851	4.44e-19	25.857	NagC	Sugar kinase of the NBD/HSP70 family, may contain an N-terminal HTH domain	G	Carbohydrate transport and metabolism
NODE_96_length_11901_cov_4.031208_10	COG1249	224169	3.66e-154	38.816	Lpd	Dihydrolipoamide dehydrogenase (E3) component of pyruvate/2-oxoglutarate dehydrogenase complex or glutathione oxidoreductase	C	Energy production and conversion
NODE_96_length_11901_cov_4.031208_11	COG0265	223343	3.84e-09	29.07	DegQ	Periplasmic serine protease, S1-C subfamily, contain C-terminal PDZ domain	O	Posttranslational modification, protein turnover, chaperones
NODE_97_length_11894_cov_3.092325_1	COG1028	223959	1.8e-45	46.277	FabG	NAD(P)-dependent dehydrogenase, short-chain alcohol dehydrogenase family	I	Lipid transport and metabolism
NODE_97_length_11894_cov_3.092325_2	COG5637	227924	2.48e-24	30.935		Uncharacterized protein, contains SRPBCC domain	S	Function unknown
NODE_97_length_11894_cov_3.092325_3	COG3336	225873	1.81e-19	36.508	CtaG	Cytochrome c oxidase assembly protein CtaG	C	Energy production and conversion
NODE_97_length_11894_cov_3.092325_5	COG0520	223594	6.07e-99	36.867	CsdA	Selenocysteine lyase/Cysteine desulfurase	E	Amino acid transport and metabolism
NODE_97_length_11894_cov_3.092325_7	COG0474	223550	0.0	42.428	MgtA	Magnesium-transporting ATPase (P-type)	P	Inorganic ion transport and metabolism
NODE_97_length_11894_cov_3.092325_9	COG3591	226119	2.76e-29	24.545	eMpr	V8-like Glu-specific endopeptidase	O	Posttranslational modification, protein turnover, chaperones
NODE_97_length_11894_cov_3.092325_10	COG0457	223533	9.06e-08	23.462	TPR	Tetratricopeptide (TPR) repeat	R	General function prediction only
NODE_98_length_11871_cov_3.332288_1	COG1703	224617	1.87e-13	31.818	ArgK	GTPase of the G3E family (not a periplasmic protein kinase)	O	Posttranslational modification, protein turnover, chaperones
NODE_98_length_11871_cov_3.332288_2	COG0760	223831	5.29e-11	30.597	SurA	Peptidyl-prolyl isomerase, parvulin family	O	Posttranslational modification, protein turnover, chaperones
NODE_98_length_11871_cov_3.332288_3	COG0005	223084	1.05e-97	41.434	XapA	Purine nucleoside phosphorylase	F	Nucleotide transport and metabolism
NODE_98_length_11871_cov_3.332288_4	COG4105	226590	6.5e-07	23.134	BamD	Outer membrane protein assembly factor BamD, BamD/ComL family	M	Cell wall/membrane/envelope biogenesis
NODE_98_length_11871_cov_3.332288_5	COG0524	223598	1.28e-22	23.344	RbsK	Sugar or nucleoside kinase, ribokinase family	G	Carbohydrate transport and metabolism
NODE_98_length_11871_cov_3.332288_6	COG0253	223331	1.26e-80	40.493	DapF	Diaminopimelate epimerase	E	Amino acid transport and metabolism
NODE_98_length_11871_cov_3.332288_8	COG1324	224243	3.7e-41	47.115	CutA1	Divalent cation tolerance protein CutA	P	Inorganic ion transport and metabolism
NODE_98_length_11871_cov_3.332288_9	COG0745	223816	1.51e-89	48.261	OmpR	DNA-binding response regulator, OmpR family, contains REC and winged-helix (wHTH) domain	T	Signal transduction mechanisms
NODE_98_length_11871_cov_3.332288_10	COG0642	223715	8.76e-72	38.438	BaeS	Signal transduction histidine kinase	T	Signal transduction mechanisms
NODE_98_length_11871_cov_3.332288_11	COG1028	223959	3.67e-55	36.719	FabG	NAD(P)-dependent dehydrogenase, short-chain alcohol dehydrogenase family	I	Lipid transport and metabolism
NODE_98_length_11871_cov_3.332288_12	COG4323	226773	9.47e-33	48.387		Uncharacterized conserved protein, DUF962 domain	S	Function unknown
NODE_98_length_11871_cov_3.332288_13	COG3437	225971	5.97e-58	43.716	RpfG	Response regulator c-di-GMP phosphodiesterase, RpfG family, contains REC and HD-GYP domains	T	Signal transduction mechanisms
NODE_99_length_11824_cov_3.454073_1	COG5403	227690	4.06e-12	31.138		Uncharacterized conserved protein, DUF937 domain	S	Function unknown
NODE_99_length_11824_cov_3.454073_2	COG2966	225514	7.18e-37	28.87	YjjP	Uncharacterized membrane protein YjjP, DUF1212 family	S	Function unknown
NODE_99_length_11824_cov_3.454073_4	COG5001	227334	2.52e-117	38.739		Cyclic di-GMP metabolism protein, combines GGDEF and EAL domains with a 6TM membrane domain	T	Signal transduction mechanisms
NODE_99_length_11824_cov_3.454073_5	COG1595	224511	0.000409	55.172	RpoE	DNA-directed RNA polymerase specialized sigma subunit, sigma24 family	K	Transcription
NODE_99_length_11824_cov_3.454073_8	COG2267	225176	1.74e-71	32.459	PldB	Lysophospholipase, alpha-beta hydrolase superfamily	I	Lipid transport and metabolism
NODE_100_length_11806_cov_3.391849_1	COG3585	226113	9.05e-13	41.791	MopI	Molybdopterin-binding protein MopI	H	Coenzyme transport and metabolism
NODE_100_length_11806_cov_3.391849_2	COG0473	223549	6.82e-144	45.326	LeuB	Isocitrate/isopropylmalate dehydrogenase	C	Energy production and conversion
NODE_100_length_11806_cov_3.391849_4	COG2425	225281	2.19e-08	23.485	ViaA	Uncharacterized conserved protein, contains a von Willebrand factor type A (vWA) domain	S	Function unknown
NODE_100_length_11806_cov_3.391849_7	COG1506	224423	8.59e-128	32.317	DAP2	Dipeptidyl aminopeptidase/acylaminoacyl peptidase	E	Amino acid transport and metabolism
NODE_100_length_11806_cov_3.391849_8	COG4235	226687	4.05e-06	28.125	NrfG	Cytochrome c-type biogenesis protein CcmH/NrfG	C	Energy production and conversion
NODE_100_length_11806_cov_3.391849_9	COG1506	224423	1.25e-20	25.09	DAP2	Dipeptidyl aminopeptidase/acylaminoacyl peptidase	E	Amino acid transport and metabolism
NODE_100_length_11806_cov_3.391849_10	COG0657	223730	1.92e-22	23.984	Aes	Acetyl esterase/lipase	I	Lipid transport and metabolism
NODE_101_length_11623_cov_3.761109_1	COG1975	224886	9.92e-15	43.299	XdhC	Molybdoenzyme maturation factor PaoD (Mo cofactor insertion), XdhC/CoxF family	O	Posttranslational modification, protein turnover, chaperones
NODE_101_length_11623_cov_3.761109_2	COG1408	224326	6.85e-51	36.923	YaeI	Predicted phosphohydrolase, MPP superfamily	R	General function prediction only
NODE_101_length_11623_cov_3.761109_3	COG0810	223880	1.41e-08	24.265	TonB	Periplasmic protein TonB, links inner and outer membranes	M	Cell wall/membrane/envelope biogenesis
NODE_101_length_11623_cov_3.761109_4	COG0456	223532	7.61e-08	25.0	RimI	Ribosomal protein S18 acetylase RimI and related acetyltransferases	J	Translation, ribosomal structure and biogenesis
NODE_101_length_11623_cov_3.761109_5	COG0451	223528	8.37e-80	42.675	WcaG	Nucleoside-diphosphate-sugar epimerase	M	Cell wall/membrane/envelope biogenesis
NODE_101_length_11623_cov_3.761109_6	COG2303	225186	2.05e-41	21.379	BetA	Choline dehydrogenase or related flavoprotein	I	Lipid transport and metabolism
NODE_101_length_11623_cov_3.761109_8	COG1904	224816	0.0	37.342	UxaC	Glucuronate isomerase	G	Carbohydrate transport and metabolism
NODE_101_length_11623_cov_3.761109_10	COG1028	223959	4.58e-55	32.584	FabG	NAD(P)-dependent dehydrogenase, short-chain alcohol dehydrogenase family	I	Lipid transport and metabolism
NODE_102_length_11576_cov_3.064440_1	COG0673	223745	4.72e-77	30.058	MviM	Predicted dehydrogenase	R	General function prediction only
NODE_102_length_11576_cov_3.064440_2	COG4636	226983	1.43e-42	33.0	Uma2	Endonuclease, Uma2 family (restriction endonuclease fold)	R	General function prediction only
NODE_102_length_11576_cov_3.064440_3	COG1680	224594	1.66e-60	27.446	AmpC	CubicO group peptidase, beta-lactamase class C family	V	Defense mechanisms
NODE_102_length_11576_cov_3.064440_4	COG0583	223656	1.88e-38	25.589	LysR	DNA-binding transcriptional regulator, LysR family	K	Transcription
NODE_102_length_11576_cov_3.064440_5	COG3875	226392	3.62e-75	31.628	LarA	Nickel-dependent lactate racemase	M	Cell wall/membrane/envelope biogenesis
NODE_102_length_11576_cov_3.064440_7	COG3437	225971	1.07e-74	35.103	RpfG	Response regulator c-di-GMP phosphodiesterase, RpfG family, contains REC and HD-GYP domains	T	Signal transduction mechanisms
NODE_102_length_11576_cov_3.064440_8	COG0789	223860	7.58e-29	46.087	SoxR	DNA-binding transcriptional regulator, MerR family	K	Transcription
NODE_102_length_11576_cov_3.064440_9	COG2217	225127	0.0	53.858	ZntA	Cation-transporting P-type ATPase	P	Inorganic ion transport and metabolism
NODE_102_length_11576_cov_3.064440_10	COG2346	225223	2.01e-42	40.0	YjbI	Truncated hemoglobin YjbI	P	Inorganic ion transport and metabolism
NODE_103_length_11437_cov_3.156426_1	COG3458	225989	2.65e-46	32.219	Axe1	Cephalosporin-C deacetylase or related acetyl esterase	Q	Secondary metabolites biosynthesis, transport and catabolism
NODE_103_length_11437_cov_3.156426_2	COG0784	223855	4.56e-30	46.218	CheY	CheY-like REC (receiver) domain, includes chemotaxis protein CheY  and sporulation regulator Spo0F	T	Signal transduction mechanisms
NODE_103_length_11437_cov_3.156426_4	COG1612	224528	4.1e-29	27.885	CtaA	Heme A synthase	H	Coenzyme transport and metabolism
NODE_103_length_11437_cov_3.156426_5	COG0304	223381	0.0	57.869	FabB	3-oxoacyl-(acyl-carrier-protein) synthase	I	Lipid transport and metabolism
NODE_103_length_11437_cov_3.156426_6	COG0236	223314	1.04e-20	59.74	AcpP	Acyl carrier protein	I	Lipid transport and metabolism
NODE_103_length_11437_cov_3.156426_7	COG1028	223959	5.17e-71	50.198	FabG	NAD(P)-dependent dehydrogenase, short-chain alcohol dehydrogenase family	I	Lipid transport and metabolism
NODE_103_length_11437_cov_3.156426_8	COG0331	223408	4.05e-123	53.873	FabD	Malonyl CoA-acyl carrier protein transacylase	I	Lipid transport and metabolism
NODE_103_length_11437_cov_3.156426_9	COG0332	223409	3.57e-153	52.599	FabH	3-oxoacyl-[acyl-carrier-protein] synthase III	I	Lipid transport and metabolism
NODE_104_length_11368_cov_3.562395_1	COG2876	225431	3.34e-152	63.441	AroGA	3-deoxy-D-arabino-heptulosonate 7-phosphate (DAHP) synthase	E	Amino acid transport and metabolism
NODE_104_length_11368_cov_3.562395_2	COG0077	223155	1.49e-109	45.357	PheA2	Prephenate dehydratase	E	Amino acid transport and metabolism
NODE_104_length_11368_cov_3.562395_3	COG0209	223287	4.31e-57	32.5	NrdA	Ribonucleotide reductase alpha subunit	F	Nucleotide transport and metabolism
NODE_104_length_11368_cov_3.562395_5	COG0265	223343	4.82e-97	46.953	DegQ	Periplasmic serine protease, S1-C subfamily, contain C-terminal PDZ domain	O	Posttranslational modification, protein turnover, chaperones
NODE_105_length_11246_cov_3.369773_2	COG0438	223515	4.08e-22	23.773	RfaB	Glycosyltransferase involved in cell wall bisynthesis	M	Cell wall/membrane/envelope biogenesis
NODE_105_length_11246_cov_3.369773_3	COG0367	223444	3.83e-134	30.414	AsnB	Asparagine synthetase B (glutamine-hydrolyzing)	E	Amino acid transport and metabolism
NODE_105_length_11246_cov_3.369773_4	COG0438	223515	1.2e-54	27.569	RfaB	Glycosyltransferase involved in cell wall bisynthesis	M	Cell wall/membrane/envelope biogenesis
NODE_105_length_11246_cov_3.369773_5	COG2148	225059	1.34e-77	42.105	WcaJ	Sugar transferase involved in LPS biosynthesis (colanic, teichoic acid)	M	Cell wall/membrane/envelope biogenesis
NODE_105_length_11246_cov_3.369773_6	COG1045	223975	7.46e-19	32.857	CysE	Serine acetyltransferase	E	Amino acid transport and metabolism
NODE_105_length_11246_cov_3.369773_7	COG0399	223476	2.3e-139	40.885	WecE	dTDP-4-amino-4,6-dideoxygalactose transaminase	M	Cell wall/membrane/envelope biogenesis
NODE_105_length_11246_cov_3.369773_9	COG0299	223376	7.18e-11	38.71	PurN	Folate-dependent phosphoribosylglycinamide formyltransferase PurN	F	Nucleotide transport and metabolism
NODE_105_length_11246_cov_3.369773_10	COG1086	224011	2.45e-82	32.52	FlaA1	NDP-sugar epimerase, includes UDP-GlcNAc-inverting 4,6-dehydratase FlaA1 and capsular polysaccharide biosynthesis protein EpsC	M	Cell wall/membrane/envelope biogenesis
NODE_106_length_11243_cov_3.382769_1	COG1724	224638	0.006	31.429	YcfA	Predicted RNA binding protein YcfA, dsRBD-like fold, HicA-like mRNA interferase family	R	General function prediction only
NODE_106_length_11243_cov_3.382769_2	COG4895	227232	7.35e-26	69.841	YwbE	Uncharacterized conserved protein YwbE, DUF2196 family	S	Function unknown
NODE_106_length_11243_cov_3.382769_4	COG1943	224854	6.88e-17	27.907	RAYT	REP element-mobilizing transposase RayT	X	Mobilome: prophages, transposons
NODE_106_length_11243_cov_3.382769_5	COG4783	227122	7.01e-11	19.106	BepA	Outer membrane protein chaperone/metalloprotease BepA/YfgC, contains M48 and TPR domains	M	Cell wall/membrane/envelope biogenesis
NODE_106_length_11243_cov_3.382769_6	COG3063	225605	6.28e-07	26.351	PilF	Type IV pilus assembly protein PilF/PilW	N	Cell motility
NODE_106_length_11243_cov_3.382769_7	COG1629	224544	0.000459	13.818	CirA	Outer membrane receptor protein, Fe transport	P	Inorganic ion transport and metabolism
NODE_107_length_11232_cov_2.785516_1	COG4447	226855	3.78e-06	20.571		Uncharacterized conserved protein related to plant photosystem II stability/assembly factor	R	General function prediction only
NODE_107_length_11232_cov_2.785516_3	COG0515	223589	2.3e-16	43.75	SPS1	Serine/threonine protein kinase	T	Signal transduction mechanisms
NODE_107_length_11232_cov_2.785516_6	COG1595	224511	2.69e-12	31.875	RpoE	DNA-directed RNA polymerase specialized sigma subunit, sigma24 family	K	Transcription
NODE_107_length_11232_cov_2.785516_7	COG0515	223589	7.17e-50	31.613	SPS1	Serine/threonine protein kinase	T	Signal transduction mechanisms
NODE_108_length_11220_cov_3.734452_2	COG2120	225031	9.54e-23	28.889	LmbE	N-acetylglucosaminyl deacetylase, LmbE family	G	Carbohydrate transport and metabolism
NODE_108_length_11220_cov_3.734452_3	COG0243	223321	0.0	33.424	BisC	Anaerobic selenocysteine-containing dehydrogenase	C	Energy production and conversion
NODE_108_length_11220_cov_3.734452_4	COG1003	223935	0.0	54.99	GcvP2	Glycine cleavage system protein P (pyridoxal-binding), C-terminal domain	E	Amino acid transport and metabolism
NODE_108_length_11220_cov_3.734452_5	COG0403	223480	4.39e-170	45.514	GcvP1	Glycine cleavage system protein P (pyridoxal-binding), N-terminal domain	E	Amino acid transport and metabolism
NODE_108_length_11220_cov_3.734452_6	COG0509	223583	1.22e-55	49.612	GcvH	Glycine cleavage system protein H (lipoate-binding)	E	Amino acid transport and metabolism
NODE_108_length_11220_cov_3.734452_7	COG0404	223481	6.93e-154	47.297	GcvT	Glycine cleavage system protein T (aminomethyltransferase)	E	Amino acid transport and metabolism
NODE_108_length_11220_cov_3.734452_8	COG1714	224628	1.4e-17	29.63	YckC	Uncharacterized membrane protein YckC, RDD family	S	Function unknown
NODE_108_length_11220_cov_3.734452_9	COG0624	223697	1.41e-43	21.616	ArgE	Acetylornithine deacetylase/Succinyl-diaminopimelate desuccinylase or related deacylase	E	Amino acid transport and metabolism
NODE_109_length_11213_cov_3.486171_1	COG1058	223986	2.1e-75	43.005	CinA	ADP-ribose pyrophosphatase domain of DNA damage- and competence-inducible protein CinA	L	Replication, recombination and repair
NODE_109_length_11213_cov_3.486171_2	COG1267	224186	1.86e-22	36.667	PgpA	Phosphatidylglycerophosphatase A	I	Lipid transport and metabolism
NODE_109_length_11213_cov_3.486171_3	COG0621	223694	7.86e-173	38.767	MiaB	tRNA A37 methylthiotransferase MiaB	J	Translation, ribosomal structure and biogenesis
NODE_109_length_11213_cov_3.486171_5	COG4185	226648	6e-40	37.654		Predicted ABC-type ATPase or kinase	R	General function prediction only
NODE_109_length_11213_cov_3.486171_6	COG0210	223288	0.0	44.179	UvrD	Superfamily I DNA or RNA helicase	L	Replication, recombination and repair
NODE_109_length_11213_cov_3.486171_9	COG1960	224871	6.62e-130	46.214	CaiA	Acyl-CoA dehydrogenase related to the alkylation response protein AidB	I	Lipid transport and metabolism
NODE_109_length_11213_cov_3.486171_10	COG1298	224217	0.0	50.612	FlhA	Flagellar biosynthesis protein FlhA	N	Cell motility
NODE_109_length_11213_cov_3.486171_11	COG1419	224337	9.24e-11	38.333	FlhF	Flagellar biosynthesis GTPase FlhF	N	Cell motility
NODE_110_length_11178_cov_3.738762_2	COG2103	225014	8.25e-136	56.271	MurQ	N-acetylmuramic acid 6-phosphate (MurNAc-6-P) etherase	M	Cell wall/membrane/envelope biogenesis
NODE_110_length_11178_cov_3.738762_3	COG1629	224544	2.47e-07	15.136	CirA	Outer membrane receptor protein, Fe transport	P	Inorganic ion transport and metabolism
NODE_110_length_11178_cov_3.738762_4	COG0019	223098	7.71e-113	34.272	LysA	Diaminopimelate decarboxylase	E	Amino acid transport and metabolism
NODE_110_length_11178_cov_3.738762_8	COG0531	223605	1.5e-44	27.366	PotE	Serine transporter YbeC, amino acid:H+ symporter family	E	Amino acid transport and metabolism
NODE_110_length_11178_cov_3.738762_9	COG2267	225176	3.49e-06	27.049	PldB	Lysophospholipase, alpha-beta hydrolase superfamily	I	Lipid transport and metabolism
NODE_110_length_11178_cov_3.738762_10	COG0591	223664	1.74e-19	24.06	PutP	Na+/proline symporter	E	Amino acid transport and metabolism
NODE_111_length_11052_cov_3.461139_1	COG4947	227283	1.25e-63	38.174		Esterase/lipase superfamily enzyme	R	General function prediction only
NODE_111_length_11052_cov_3.461139_2	COG3350	225886	2.09e-05	39.583	YHS	Heavy metal-bindng TRASH/YHS domain, predicted Cu/Ag metallochaperone	P	Inorganic ion transport and metabolism
NODE_111_length_11052_cov_3.461139_3	COG0318	223395	5e-167	33.761	MenE/FadK	O-succinylbenzoic acid-CoA ligase MenE or related acyl-CoA synthetase (AMP-forming)	I	Lipid transport and metabolism
NODE_111_length_11052_cov_3.461139_4	COG2208	225118	6.47e-60	40.562	RsbU	Phosphoserine phosphatase RsbU, regulator of sigma subunit	T	Signal transduction mechanisms
NODE_111_length_11052_cov_3.461139_5	COG2208	225118	2.91e-21	23.022	RsbU	Phosphoserine phosphatase RsbU, regulator of sigma subunit	T	Signal transduction mechanisms
NODE_111_length_11052_cov_3.461139_6	COG2204	225114	0.000112	30.612	AtoC	DNA-binding transcriptional response regulator, NtrC family, contains REC, AAA-type ATPase, and a Fis-type DNA-binding domains	T	Signal transduction mechanisms
NODE_112_length_11035_cov_3.626939_1	COG2267	225176	4.16e-12	25.606	PldB	Lysophospholipase, alpha-beta hydrolase superfamily	I	Lipid transport and metabolism
NODE_112_length_11035_cov_3.626939_2	COG0074	223152	4.59e-159	68.276	SucD	Succinyl-CoA synthetase, alpha subunit	C	Energy production and conversion
NODE_112_length_11035_cov_3.626939_4	COG2442	225291	7.93e-17	34.615		Predicted antitoxin component of a toxin-antitoxin system, DUF433 family	V	Defense mechanisms
NODE_112_length_11035_cov_3.626939_6	COG0667	223739	6.62e-41	22.099	PdxI	Pyridoxal reductase PdxI or related oxidoreductase, aldo/keto reductase family	H	Coenzyme transport and metabolism
NODE_112_length_11035_cov_3.626939_7	COG1164	224086	0.000163	18.219	PepF	Oligoendopeptidase F	E	Amino acid transport and metabolism
NODE_112_length_11035_cov_3.626939_8	COG2442	225291	0.000562	25.532		Predicted antitoxin component of a toxin-antitoxin system, DUF433 family	V	Defense mechanisms
NODE_112_length_11035_cov_3.626939_10	COG3335	225872	4.69e-05	18.868		Transposase	X	Mobilome: prophages, transposons
NODE_112_length_11035_cov_3.626939_11	COG0286	223363	8.67e-07	27.381	HsdM	Type I restriction-modification system, DNA methylase subunit	V	Defense mechanisms
NODE_112_length_11035_cov_3.626939_12	COG2890	225443	0.000545	24.59	HemK	Methylase of polypeptide chain release factors	J	Translation, ribosomal structure and biogenesis
NODE_113_length_10998_cov_3.870158_1	COG0437	223514	1.51e-31	31.677	HybA	Fe-S-cluster-containing dehydrogenase component (DMSO reductase)	C	Energy production and conversion
NODE_113_length_10998_cov_3.870158_2	COG5557	227844	1.23e-14	19.37	HybB	Ni/Fe-hydrogenase 2 integral membrane subunit HybB	C	Energy production and conversion
NODE_113_length_10998_cov_3.870158_4	COG2010	224921	5.47e-05	21.359	CccA	Cytochrome c, mono- and diheme variants	C	Energy production and conversion
NODE_113_length_10998_cov_3.870158_7	COG1999	224910	1.29e-11	22.613	Sco1	Cytochrome oxidase Cu insertion factor, SCO1/SenC/PrrC family	O	Posttranslational modification, protein turnover, chaperones
NODE_113_length_10998_cov_3.870158_8	COG1622	224537	5.26e-56	33.333	CyoA	Heme/copper-type cytochrome/quinol oxidase, subunit 2	C	Energy production and conversion
NODE_113_length_10998_cov_3.870158_9	COG0843	223913	0.0	48.099	CyoB	Heme/copper-type cytochrome/quinol oxidase, subunit 1	C	Energy production and conversion
NODE_113_length_10998_cov_3.870158_10	COG1845	224758	1.06e-44	29.545	CyoC	Heme/copper-type cytochrome/quinol oxidase, subunit 3	C	Energy production and conversion
NODE_113_length_10998_cov_3.870158_12	COG0109	223187	2.25e-86	42.336	CyoE	Polyprenyltransferase (heme O synthase)	H	Coenzyme transport and metabolism
NODE_114_length_10889_cov_3.468091_2	COG2755	225353	1.28e-15	21.905	TesA	Lysophospholipase L1 or related esterase. Includes spore coat protein LipC/YcsK	D	Cell cycle control, cell division, chromosome partitioning
NODE_114_length_10889_cov_3.468091_3	COG1555	224472	1.3e-16	37.255	ComEA	DNA uptake protein ComE or related DNA-binding protein	L	Replication, recombination and repair
NODE_114_length_10889_cov_3.468091_4	COG1520	224437	4.91e-05	20.652	PQQ	Outer membrane protein assembly factor BamB, contains PQQ-like beta-propeller repeat	M	Cell wall/membrane/envelope biogenesis
NODE_114_length_10889_cov_3.468091_5	COG1520	224437	4.4e-05	22.275	PQQ	Outer membrane protein assembly factor BamB, contains PQQ-like beta-propeller repeat	M	Cell wall/membrane/envelope biogenesis
NODE_114_length_10889_cov_3.468091_7	COG3391	225926	1.7e-38	31.579	YncE	DNA-binding beta-propeller fold protein YncE	R	General function prediction only
NODE_114_length_10889_cov_3.468091_8	COG3794	226317	2e-05	25.275	PetE	Plastocyanin	C	Energy production and conversion
NODE_115_length_10727_cov_4.373991_1	COG1359	224278	3.21e-11	27.059	YgiN	Quinol monooxygenase YgiN	C	Energy production and conversion
NODE_115_length_10727_cov_4.373991_2	COG3324	225861	4.94e-25	31.2	VOC	Lactoylglutathione lyase-related enzyme, vicinal oxygen chelate (VOC) family	R	General function prediction only
NODE_115_length_10727_cov_4.373991_3	COG3324	225861	3.54e-19	32.727	VOC	Lactoylglutathione lyase-related enzyme, vicinal oxygen chelate (VOC) family	R	General function prediction only
NODE_115_length_10727_cov_4.373991_5	COG0347	223424	1.19e-54	69.643	GlnK	Nitrogen regulatory protein PII	T	Signal transduction mechanisms
NODE_115_length_10727_cov_4.373991_6	COG0004	223083	2.52e-172	57.957	AmtB	Ammonia channel protein AmtB	P	Inorganic ion transport and metabolism
NODE_115_length_10727_cov_4.373991_7	COG2844	225400	0.0	34.545	GlnD	UTP:GlnB (protein PII) uridylyltransferase	O	Posttranslational modification, protein turnover, chaperones
NODE_115_length_10727_cov_4.373991_8	COG3369	225904	2.71e-18	48.333		Uncharacterized conserved protein, contains Zn-finger domain of CDGSH type	S	Function unknown
NODE_115_length_10727_cov_4.373991_10	COG3710	226233	3.37e-18	43.548	CadC1	DNA-binding winged helix-turn-helix (wHTH) domain	K	Transcription
NODE_115_length_10727_cov_4.373991_11	COG0493	223567	3.37e-42	41.221	GltD	NADPH-dependent glutamate synthase beta chain or related oxidoreductase	E	Amino acid transport and metabolism
NODE_116_length_10682_cov_3.689675_1	COG0210	223288	1.02e-133	39.511	UvrD	Superfamily I DNA or RNA helicase	L	Replication, recombination and repair
NODE_116_length_10682_cov_3.689675_2	COG2366	225241	6.59e-152	33.915	PvdQ	Acyl-homoserine lactone (AHL) acylase PvdQ	Q	Secondary metabolites biosynthesis, transport and catabolism
NODE_116_length_10682_cov_3.689675_3	COG0069	223147	0.0	61.336	GltB2	Glutamate synthase domain 2	E	Amino acid transport and metabolism
NODE_116_length_10682_cov_3.689675_5	COG1403	224321	2.81e-06	38.462	McrA	5-methylcytosine-specific restriction endonuclease McrA	V	Defense mechanisms
NODE_116_length_10682_cov_3.689675_6	COG0493	223567	5.41e-13	37.037	GltD	NADPH-dependent glutamate synthase beta chain or related oxidoreductase	E	Amino acid transport and metabolism
NODE_117_length_10651_cov_3.833649_1	COG3847	226366	1.97e-07	32.692	Flp	Flp pilus assembly protein, pilin Flp	U	Intracellular trafficking, secretion, and vesicular transport
NODE_117_length_10651_cov_3.833649_2	COG2814	225371	4.24e-36	26.302	AraJ	Predicted arabinose efflux permease AraJ, MFS family	G	Carbohydrate transport and metabolism
NODE_117_length_10651_cov_3.833649_3	COG0115	223193	2.56e-95	39.863	IlvE	Branched-chain amino acid aminotransferase/4-amino-4-deoxychorismate lyase	E	Amino acid transport and metabolism
NODE_117_length_10651_cov_3.833649_4	COG1331	224250	0.0	52.199	YyaL	Uncharacterized conserved protein YyaL, SSP411 family, contains thoiredoxin and six-hairpin glycosidase-like domains	R	General function prediction only
NODE_117_length_10651_cov_3.833649_5	COG3391	225926	1.35e-06	23.121	YncE	DNA-binding beta-propeller fold protein YncE	R	General function prediction only
NODE_117_length_10651_cov_3.833649_6	COG2261	225170	1.35e-08	40.741	YeaQ	Uncharacterized membrane protein YeaQ/YmgE, transglycosylase-associated protein family	R	General function prediction only
NODE_117_length_10651_cov_3.833649_7	COG0406	223483	1.55e-18	26.126	PhoE	Broad specificity phosphatase PhoE	G	Carbohydrate transport and metabolism
NODE_117_length_10651_cov_3.833649_9	COG2234	225143	3.89e-20	26.54	Iap	Zn-dependent amino- or carboxypeptidase, M28 family	O	Posttranslational modification, protein turnover, chaperones
NODE_118_length_10617_cov_3.082258_1	COG1198	224119	5.36e-140	47.849	PriA	Primosomal protein N' (replication factor Y) - superfamily II helicase	L	Replication, recombination and repair
NODE_118_length_10617_cov_3.082258_3	COG0738	223809	3.27e-20	24.317	FucP	Fucose permease	G	Carbohydrate transport and metabolism
NODE_118_length_10617_cov_3.082258_4	COG1921	224832	4.08e-96	47.287	SelA	Seryl-tRNA(Sec) selenium transferase	J	Translation, ribosomal structure and biogenesis
NODE_118_length_10617_cov_3.082258_7	COG1404	224322	1.61e-16	27.566	AprE	Serine protease, subtilisin family	O	Posttranslational modification, protein turnover, chaperones
NODE_118_length_10617_cov_3.082258_10	COG0419	223496	2.83e-29	20.487	SbcC	DNA repair exonuclease SbcCD ATPase subunit	L	Replication, recombination and repair
NODE_119_length_10541_cov_3.761586_2	COG0436	223513	2.46e-134	39.85	AspB	Aspartate/methionine/tyrosine aminotransferase	E	Amino acid transport and metabolism
NODE_119_length_10541_cov_3.761586_4	COG5660	227947	0.001	29.825	YlaD	Anti-sigma-YlaC factor YlaD, contains Zn-finger domain	T	Signal transduction mechanisms
NODE_119_length_10541_cov_3.761586_5	COG1452	224369	3.5e-44	20.449	LptD	LPS assembly outer membrane protein LptD (organic solvent tolerance protein OstA)	M	Cell wall/membrane/envelope biogenesis
NODE_119_length_10541_cov_3.761586_6	COG1187	224108	2.85e-96	45.455	RsuA	Pseudouridylate synthase RsuA, specific for 16S rRNA U516  and 23S rRNA U2605	J	Translation, ribosomal structure and biogenesis
NODE_119_length_10541_cov_3.761586_7	COG0761	223832	3.82e-102	39.373	IspH	4-Hydroxy-3-methylbut-2-enyl diphosphate reductase IspH	I	Lipid transport and metabolism
NODE_119_length_10541_cov_3.761586_8	COG0539	223613	4.22e-139	51.734	RpsA	Ribosomal protein S1	J	Translation, ribosomal structure and biogenesis
NODE_120_length_10447_cov_3.796432_3	COG1196	224117	3.95e-07	17.801	Smc	Chromosome segregation ATPase Smc	D	Cell cycle control, cell division, chromosome partitioning
NODE_120_length_10447_cov_3.796432_5	COG1232	224153	6.45e-86	25.764	HemY	Protoporphyrinogen oxidase HemY/PPOX	H	Coenzyme transport and metabolism
NODE_120_length_10447_cov_3.796432_6	COG0463	223539	4.53e-06	18.033	WcaA	Glycosyltransferase involved in cell wall bisynthesis	M	Cell wall/membrane/envelope biogenesis
NODE_120_length_10447_cov_3.796432_7	COG1082	224007	4.36e-22	24.904	YcjR	Sugar phosphate isomerase/epimerase	G	Carbohydrate transport and metabolism
NODE_120_length_10447_cov_3.796432_8	COG0451	223528	2.69e-05	17.157	WcaG	Nucleoside-diphosphate-sugar epimerase	M	Cell wall/membrane/envelope biogenesis
NODE_120_length_10447_cov_3.796432_9	COG0463	223539	1.24e-15	21.951	WcaA	Glycosyltransferase involved in cell wall bisynthesis	M	Cell wall/membrane/envelope biogenesis
NODE_121_length_10432_cov_3.038532_1	COG1448	224365	2.14e-91	60.465	TyrB	Aspartate/aromatic aminotransferase	E	Amino acid transport and metabolism
NODE_121_length_10432_cov_3.038532_2	COG0082	223160	1.25e-156	45.052	AroC	Chorismate synthase	E	Amino acid transport and metabolism
NODE_121_length_10432_cov_3.038532_3	COG0242	223320	8.59e-68	45.57	Def	Peptide deformylase	J	Translation, ribosomal structure and biogenesis
NODE_121_length_10432_cov_3.038532_5	COG0223	223301	1.02e-144	53.674	Fmt	Methionyl-tRNA formyltransferase	J	Translation, ribosomal structure and biogenesis
NODE_121_length_10432_cov_3.038532_6	COG0144	223222	6.09e-99	35.989	RsmB	16S rRNA C967 or C1407 C5-methylase, RsmB/RsmF family	J	Translation, ribosomal structure and biogenesis
NODE_121_length_10432_cov_3.038532_7	COG0329	223406	2.68e-28	24.776	DapA	4-hydroxy-tetrahydrodipicolinate synthase/N-acetylneuraminate lyase	E	Amino acid transport and metabolism
NODE_121_length_10432_cov_3.038532_8	COG0112	223190	0.0	64.878	GlyA	Glycine/serine hydroxymethyltransferase	E	Amino acid transport and metabolism
NODE_121_length_10432_cov_3.038532_9	COG0698	223770	2.78e-69	59.459	RpiB	Ribose 5-phosphate isomerase RpiB	G	Carbohydrate transport and metabolism
NODE_121_length_10432_cov_3.038532_10	COG1807	224720	0.000346	29.885	ArnT	PMT family glycosyltransferase ArnT/Agl22, involved in glycosylation of proteins and lipid IVA	M	Cell wall/membrane/envelope biogenesis
NODE_122_length_10414_cov_3.148302_1	COG0318	223395	4.81e-20	38.655	MenE/FadK	O-succinylbenzoic acid-CoA ligase MenE or related acyl-CoA synthetase (AMP-forming)	I	Lipid transport and metabolism
NODE_122_length_10414_cov_3.148302_2	COG5285	227609	0.000307	24.39	PhyH	Ectoine hydroxylase-related dioxygenase, phytanoyl-CoA dioxygenase (PhyH) family	Q	Secondary metabolites biosynthesis, transport and catabolism
NODE_122_length_10414_cov_3.148302_3	COG2936	225487	3.57e-149	36.301		Predicted acyl esterase	R	General function prediction only
NODE_122_length_10414_cov_3.148302_4	COG1629	224544	1.42e-05	16.746	CirA	Outer membrane receptor protein, Fe transport	P	Inorganic ion transport and metabolism
NODE_123_length_10384_cov_3.604541_1	COG2268	225177	0.004	19.318	YqiK	Uncharacterized membrane protein YqiK, contains Band7/PHB/SPFH domain	S	Function unknown
NODE_123_length_10384_cov_3.604541_2	COG3164	225705	0.006	26.087	YhdR	Uncharacterized conserved protein YhdP, contains DUF3971 and AsmA2 domains	S	Function unknown
NODE_123_length_10384_cov_3.604541_3	COG0265	223343	5.06e-90	42.105	DegQ	Periplasmic serine protease, S1-C subfamily, contain C-terminal PDZ domain	O	Posttranslational modification, protein turnover, chaperones
NODE_123_length_10384_cov_3.604541_4	COG0596	223669	1.79e-32	29.787	MenH	2-succinyl-6-hydroxy-2,4-cyclohexadiene-1-carboxylate synthase MenH and related esterases, alpha/beta hydrolase fold	H	Coenzyme transport and metabolism
NODE_123_length_10384_cov_3.604541_5	COG1225	224146	5.39e-42	45.0	Bcp	Peroxiredoxin	O	Posttranslational modification, protein turnover, chaperones
NODE_123_length_10384_cov_3.604541_6	COG2208	225118	1.04e-48	33.333	RsbU	Phosphoserine phosphatase RsbU, regulator of sigma subunit	T	Signal transduction mechanisms
NODE_123_length_10384_cov_3.604541_7	COG0637	223710	2.63e-41	37.5	YcjU	Beta-phosphoglucomutase, HAD superfamily	G	Carbohydrate transport and metabolism
NODE_123_length_10384_cov_3.604541_8	COG4576	226942	8.94e-24	48.81	CcmL	Carboxysome shell and ethanolamine utilization microcompartment protein CcmK/EutM	Q	Secondary metabolites biosynthesis, transport and catabolism
NODE_123_length_10384_cov_3.604541_9	COG4576	226942	3.3e-16	32.222	CcmL	Carboxysome shell and ethanolamine utilization microcompartment protein CcmK/EutM	Q	Secondary metabolites biosynthesis, transport and catabolism
NODE_123_length_10384_cov_3.604541_12	COG0652	223725	3.15e-44	35.326	PpiB	Peptidyl-prolyl cis-trans isomerase (rotamase) - cyclophilin family	O	Posttranslational modification, protein turnover, chaperones
NODE_123_length_10384_cov_3.604541_13	COG0662	223734	5.56e-08	28.916	ManC	Mannose-6-phosphate isomerase, cupin superfamily	G	Carbohydrate transport and metabolism
NODE_123_length_10384_cov_3.604541_14	COG1225	224146	1.03e-15	57.778	Bcp	Peroxiredoxin	O	Posttranslational modification, protein turnover, chaperones
NODE_123_length_10384_cov_3.604541_15	COG1225	224146	1.78e-30	34.653	Bcp	Peroxiredoxin	O	Posttranslational modification, protein turnover, chaperones
NODE_124_length_10323_cov_3.009467_1	COG2805	225364	9.68e-58	43.827	PilT	Type IV pilus assembly protein PilT, pilus retraction ATPase	N	Cell motility
NODE_124_length_10323_cov_3.009467_2	COG1206	224127	0.0	56.208	TrmFO	Folate-dependent tRNA-U54 methylase TrmFO/GidA	J	Translation, ribosomal structure and biogenesis
NODE_124_length_10323_cov_3.009467_3	COG1240	224161	7.35e-05	25.424	ChlD	vWFA (von Willebrand factor type A) domain of Mg and Co chelatases	H	Coenzyme transport and metabolism
NODE_124_length_10323_cov_3.009467_4	COG1432	224349	5.49e-13	23.121	LabA	NYN domain, predicted PIN-related RNAse, tRNA/rRNA maturation	R	General function prediction only
NODE_124_length_10323_cov_3.009467_5	COG1573	224489	1.77e-34	34.826	Udg4	Uracil-DNA glycosylase	L	Replication, recombination and repair
NODE_124_length_10323_cov_3.009467_6	COG1309	224228	1.42e-12	24.607	AcrR	DNA-binding protein, AcrR family, includes nucleoid occlusion protein SlmA	K	Transcription
NODE_124_length_10323_cov_3.009467_7	COG1022	223953	0.0	41.612	FAA1	Long-chain acyl-CoA synthetase (AMP-forming)	I	Lipid transport and metabolism
NODE_124_length_10323_cov_3.009467_8	COG0543	223617	1.1e-33	25.641	Mcr1	NAD(P)H-flavin reductase	H	Coenzyme transport and metabolism
NODE_124_length_10323_cov_3.009467_9	COG1250	224170	7.76e-75	36.33	FadB	3-hydroxyacyl-CoA dehydrogenase	I	Lipid transport and metabolism
NODE_125_length_10299_cov_2.853258_1	COG2333	225212	1.45e-11	21.778	ComEC	DNA uptake channel protein ComEC C-terminal domain, metallo-beta-lactamase superfamily	U	Intracellular trafficking, secretion, and vesicular transport
NODE_125_length_10299_cov_2.853258_3	COG0542	223616	5.05e-80	37.082	ClpA	ATP-dependent Clp protease, ATP-binding subunit ClpA	O	Posttranslational modification, protein turnover, chaperones
NODE_125_length_10299_cov_2.853258_4	COG3010	225555	1.07e-76	45.852	NanE	Putative N-acetylmannosamine-6-phosphate epimerase	G	Carbohydrate transport and metabolism
NODE_125_length_10299_cov_2.853258_5	COG2971	225518	1.47e-45	33.54	BadF	BadF-type ATPase, related to human N-acetylglucosamine kinase	G	Carbohydrate transport and metabolism
NODE_125_length_10299_cov_2.853258_8	COG0145	223223	2.14e-54	25.811	HyuA	N-methylhydantoinase A/oxoprolinase/acetone carboxylase, beta subunit	E	Amino acid transport and metabolism
NODE_126_length_10153_cov_3.332870_1	COG1478	224395	3.82e-73	43.825	CofE	F420-0:Gamma-glutamyl ligase (F420 biosynthesis)	H	Coenzyme transport and metabolism
NODE_126_length_10153_cov_3.332870_2	COG0391	223468	1.77e-68	30.645	CofD	Archaeal 2-phospho-L-lactate transferase/Bacterial gluconeogenesis factor, CofD/UPF0052 family	G	Carbohydrate transport and metabolism
NODE_126_length_10153_cov_3.332870_3	COG1920	224831	3.15e-25	28.947		2-phospho-L-lactate guanylyltransferase, coenzyme F420 biosynthesis enzyme, CobY/MobA/RfbA family	H	Coenzyme transport and metabolism
NODE_126_length_10153_cov_3.332870_4	COG1035	223966	3.44e-69	36.066	FrhB	Coenzyme F420-reducing hydrogenase, beta subunit	C	Energy production and conversion
NODE_126_length_10153_cov_3.332870_5	COG3696	226220	0.0	40.936	CusA	Cu/Ag efflux pump CusA	P	Inorganic ion transport and metabolism
NODE_126_length_10153_cov_3.332870_7	COG0845	223914	2.96e-33	33.609	AcrA	Multidrug efflux pump subunit AcrA (membrane-fusion protein)	M	Cell wall/membrane/envelope biogenesis
NODE_126_length_10153_cov_3.332870_8	COG0845	223914	0.000248	42.5	AcrA	Multidrug efflux pump subunit AcrA (membrane-fusion protein)	M	Cell wall/membrane/envelope biogenesis
NODE_127_length_10119_cov_3.328819_1	COG0007	223086	7.29e-52	52.066	CysG	Uroporphyrinogen-III methylase (siroheme synthase)	H	Coenzyme transport and metabolism
NODE_127_length_10119_cov_3.328819_3	COG4030	226517	4.54e-07	21.875		Predicted phosphohydrolase, HAD superfamily	R	General function prediction only
NODE_127_length_10119_cov_3.328819_5	COG2989	225536	8.63e-13	21.469	YcbB	Murein L,D-transpeptidase YcbB/YkuD	M	Cell wall/membrane/envelope biogenesis
NODE_127_length_10119_cov_3.328819_6	COG0739	223810	1.68e-13	33.607	NlpD	Murein DD-endopeptidase MepM and murein hydrolase activator NlpD, contains LysM domain	M	Cell wall/membrane/envelope biogenesis
NODE_127_length_10119_cov_3.328819_7	COG1899	224811	1.6e-99	36.28	DYS1	Deoxyhypusine synthase	O	Posttranslational modification, protein turnover, chaperones
NODE_127_length_10119_cov_3.328819_9	COG0407	223484	1.73e-152	53.488	HemE	Uroporphyrinogen-III decarboxylase HemE	H	Coenzyme transport and metabolism
NODE_127_length_10119_cov_3.328819_10	COG0612	223685	1.49e-95	30.425	PqqL	Predicted Zn-dependent peptidase, M16 family	R	General function prediction only
NODE_127_length_10119_cov_3.328819_11	COG0612	223685	1.5e-79	28.306	PqqL	Predicted Zn-dependent peptidase, M16 family	R	General function prediction only
NODE_127_length_10119_cov_3.328819_12	COG0276	223353	2.43e-57	46.711	HemH	Protoheme ferro-lyase (ferrochelatase)	H	Coenzyme transport and metabolism
NODE_128_length_10048_cov_2.973323_1	COG1595	224511	0.000859	51.515	RpoE	DNA-directed RNA polymerase specialized sigma subunit, sigma24 family	K	Transcription
NODE_128_length_10048_cov_2.973323_3	COG0810	223880	9.03e-13	43.21	TonB	Periplasmic protein TonB, links inner and outer membranes	M	Cell wall/membrane/envelope biogenesis
NODE_128_length_10048_cov_2.973323_4	COG0414	223491	1.21e-142	53.357	PanC	Panthothenate synthetase	H	Coenzyme transport and metabolism
NODE_128_length_10048_cov_2.973323_6	COG0413	223490	1e-133	56.226	PanB	Ketopantoate hydroxymethyltransferase	H	Coenzyme transport and metabolism
NODE_128_length_10048_cov_2.973323_7	COG0405	223482	0.0	40.775	Ggt	Gamma-glutamyltranspeptidase	E	Amino acid transport and metabolism
NODE_128_length_10048_cov_2.973323_8	COG1538	224455	1.9e-29	19.553	TolC	Outer membrane protein TolC	M	Cell wall/membrane/envelope biogenesis
NODE_128_length_10048_cov_2.973323_9	COG2423	225280	1.17e-27	49.515	OCDMu	Ornithine cyclodeaminase/archaeal alanine dehydrogenase, mu-crystallin family	E	Amino acid transport and metabolism
NODE_129_length_9995_cov_3.816193_1	COG4821	227158	2.18e-51	38.571		Uncharacterized conserved protein, contains SIS (Sugar ISomerase) phosphosugar binding domain	R	General function prediction only
NODE_129_length_9995_cov_3.816193_2	COG4102	226587	4.02e-07	28.099		Uncharacterized conserved protein, DUF1501 family	S	Function unknown
NODE_129_length_9995_cov_3.816193_3	COG0673	223745	1.05e-53	27.493	MviM	Predicted dehydrogenase	R	General function prediction only
NODE_129_length_9995_cov_3.816193_5	COG0673	223745	4.55e-63	32.143	MviM	Predicted dehydrogenase	R	General function prediction only
NODE_129_length_9995_cov_3.816193_6	COG0673	223745	1.11e-42	21.096	MviM	Predicted dehydrogenase	R	General function prediction only
NODE_129_length_9995_cov_3.816193_8	COG1253	224173	3.75e-18	24.138	TlyC	Hemolysin-related protein, contains CBS domains, UPF0053 family	R	General function prediction only
NODE_130_length_9955_cov_3.449990_3	COG1629	224544	1.47e-11	14.338	CirA	Outer membrane receptor protein, Fe transport	P	Inorganic ion transport and metabolism
NODE_130_length_9955_cov_3.449990_7	COG1186	224107	4.5e-20	29.661	PrfB	Protein chain release factor PrfB	J	Translation, ribosomal structure and biogenesis
NODE_130_length_9955_cov_3.449990_8	COG0456	223532	2.04e-14	25.581	RimI	Ribosomal protein S18 acetylase RimI and related acetyltransferases	J	Translation, ribosomal structure and biogenesis
NODE_131_length_9896_cov_3.455545_1	COG1629	224544	6.92e-07	13.19	CirA	Outer membrane receptor protein, Fe transport	P	Inorganic ion transport and metabolism
NODE_131_length_9896_cov_3.455545_2	COG1879	224791	9.25e-52	29.607	RbsB	ABC-type sugar transport system, periplasmic component, contains N-terminal xre family HTH domain	G	Carbohydrate transport and metabolism
NODE_131_length_9896_cov_3.455545_3	COG1484	224401	5.03e-35	23.506	DnaC	DNA replication protein DnaC	L	Replication, recombination and repair
NODE_131_length_9896_cov_3.455545_6	COG1028	223959	4.68e-18	38.393	FabG	NAD(P)-dependent dehydrogenase, short-chain alcohol dehydrogenase family	I	Lipid transport and metabolism
NODE_132_length_9878_cov_3.397715_1	COG4775	227116	7.07e-80	23.91	BamA	Outer membrane protein assembly factor BamA	M	Cell wall/membrane/envelope biogenesis
NODE_132_length_9878_cov_3.397715_4	COG0745	223816	2.08e-24	34.211	OmpR	DNA-binding response regulator, OmpR family, contains REC and winged-helix (wHTH) domain	T	Signal transduction mechanisms
NODE_132_length_9878_cov_3.397715_5	COG2823	225379	7.94e-14	30.667	OsmY	Osmotically-inducible protein OsmY, contains BON domain	M	Cell wall/membrane/envelope biogenesis
NODE_132_length_9878_cov_3.397715_8	COG2723	225343	2.61e-17	22.166	BglB	Beta-glucosidase/6-phospho-beta-glucosidase/beta-galactosidase	G	Carbohydrate transport and metabolism
NODE_133_length_9851_cov_3.920094_3	COG3278	225817	0.0	59.827	CcoN	Cbb3-type cytochrome oxidase, subunit 1	C	Energy production and conversion
NODE_133_length_9851_cov_3.920094_4	COG3197	225738	1.01e-13	50.98	FixS	Cytochrome oxidase maturation protein, CcoS/FixS family	O	Posttranslational modification, protein turnover, chaperones
NODE_133_length_9851_cov_3.920094_5	COG0635	223708	2.72e-153	37.701	HemN	Coproporphyrinogen-III oxidase HemN  (oxygen-independent) or related Fe-S oxidoreductase	H	Coenzyme transport and metabolism
NODE_133_length_9851_cov_3.920094_7	COG2217	225127	2.2e-126	28.841	ZntA	Cation-transporting P-type ATPase	P	Inorganic ion transport and metabolism
NODE_133_length_9851_cov_3.920094_8	COG0731	223803	1.28e-63	37.981	Tyw1	Wyosine [tRNA(Phe)-imidazoG37] synthetase, radical SAM superfamily	J	Translation, ribosomal structure and biogenesis
NODE_134_length_9742_cov_3.274289_1	COG4102	226587	4.05e-09	29.915		Uncharacterized conserved protein, DUF1501 family	S	Function unknown
NODE_134_length_9742_cov_3.274289_2	COG0607	223680	1.64e-07	41.333	PspE	Rhodanese-related sulfurtransferase	P	Inorganic ion transport and metabolism
NODE_134_length_9742_cov_3.274289_4	COG4671	227017	2.45e-128	40.0		Predicted glycosyl transferase	R	General function prediction only
NODE_134_length_9742_cov_3.274289_5	COG0438	223515	6.35e-51	28.963	RfaB	Glycosyltransferase involved in cell wall bisynthesis	M	Cell wall/membrane/envelope biogenesis
NODE_134_length_9742_cov_3.274289_6	COG4671	227017	7.02e-90	36.829		Predicted glycosyl transferase	R	General function prediction only
NODE_134_length_9742_cov_3.274289_8	COG1132	224055	3.91e-180	40.0	MdlB	ABC-type multidrug transport system, ATPase and permease component	V	Defense mechanisms
NODE_135_length_9709_cov_3.347280_1	COG3975	226483	2.35e-06	23.438		Predicted metalloprotease, contains C-terminal PDZ domain	R	General function prediction only
NODE_135_length_9709_cov_3.347280_2	COG3184	225725	1.32e-05	30.612		Uncharacterized conserved protein, contains DUF2059 domain	S	Function unknown
NODE_135_length_9709_cov_3.347280_3	COG0399	223476	1.27e-27	28.431	WecE	dTDP-4-amino-4,6-dideoxygalactose transaminase	M	Cell wall/membrane/envelope biogenesis
NODE_135_length_9709_cov_3.347280_4	COG0673	223745	1.07e-36	23.99	MviM	Predicted dehydrogenase	R	General function prediction only
NODE_135_length_9709_cov_3.347280_5	COG1228	224149	1.22e-45	26.522	HutI	Imidazolonepropionase or related amidohydrolase	Q	Secondary metabolites biosynthesis, transport and catabolism
NODE_135_length_9709_cov_3.347280_6	COG0515	223589	3.19e-40	31.271	SPS1	Serine/threonine protein kinase	T	Signal transduction mechanisms
NODE_135_length_9709_cov_3.347280_7	COG0787	223858	1.26e-131	42.257	Alr	Alanine racemase	M	Cell wall/membrane/envelope biogenesis
NODE_135_length_9709_cov_3.347280_8	COG0305	223382	2.07e-108	55.652	DnaB	Replicative DNA helicase	L	Replication, recombination and repair
NODE_136_length_9681_cov_3.458247_1	COG1366	224285	1.25e-12	28.235	SpoIIAA	Anti-anti-sigma regulatory factor (antagonist of anti-sigma factor)	T	Signal transduction mechanisms
NODE_136_length_9681_cov_3.458247_2	COG1171	224092	6.46e-116	43.925	IlvA	Threonine deaminase	E	Amino acid transport and metabolism
NODE_136_length_9681_cov_3.458247_3	COG2089	225000	0.008	20.588	SpsE	Sialic acid synthase SpsE, contains C-terminal SAF domain	M	Cell wall/membrane/envelope biogenesis
NODE_136_length_9681_cov_3.458247_4	COG2318	225200	9.65e-09	29.07	DinB	Bacillithiol/mycothiol S-transferase BstA/DinB, DinB/YfiT family (unrelated to E. coli DinB)	Q	Secondary metabolites biosynthesis, transport and catabolism
NODE_136_length_9681_cov_3.458247_5	COG1012	223944	4.3e-171	42.857	AdhE	Acyl-CoA reductase or other NAD-dependent aldehyde dehydrogenase	I	Lipid transport and metabolism
NODE_136_length_9681_cov_3.458247_6	COG2141	225052	4.17e-34	24.405	SsuD	Flavin-dependent oxidoreductase, luciferase family (includes alkanesulfonate monooxygenase SsuD and methylene tetrahydromethanopterin reductase)	H	Coenzyme transport and metabolism
NODE_136_length_9681_cov_3.458247_7	COG0388	223465	1.38e-65	33.591	Nit2	Omega-amidase YafV/Nit2, hydrolyzes alpha-ketoglutaramate	C	Energy production and conversion
NODE_136_length_9681_cov_3.458247_8	COG1953	224864	3.25e-170	43.058	FUI1	Cytosine/uracil/thiamine/allantoin permease	F	Nucleotide transport and metabolism
NODE_136_length_9681_cov_3.458247_9	COG0044	223122	2.12e-127	34.792	AllB	Dihydroorotase or related cyclic amidohydrolase	F	Nucleotide transport and metabolism
NODE_136_length_9681_cov_3.458247_10	COG0160	223238	1.68e-104	49.554	ArgD	Acetylornithine aminotransferase/4-aminobutyrate aminotransferase	E	Amino acid transport and metabolism
NODE_137_length_9654_cov_3.342696_1	COG0648	223721	3.63e-06	31.579	Nfo	Endonuclease IV	L	Replication, recombination and repair
NODE_137_length_9654_cov_3.342696_2	COG2823	225379	1.42e-06	21.795	OsmY	Osmotically-inducible protein OsmY, contains BON domain	M	Cell wall/membrane/envelope biogenesis
NODE_137_length_9654_cov_3.342696_3	COG4221	226674	4.59e-70	41.393	YdfG	NADP-dependent 3-hydroxy acid dehydrogenase YdfG	C	Energy production and conversion
NODE_137_length_9654_cov_3.342696_4	COG0412	223489	6.18e-58	34.746	DLH	Dienelactone hydrolase	Q	Secondary metabolites biosynthesis, transport and catabolism
NODE_137_length_9654_cov_3.342696_5	COG1024	223955	3.25e-90	51.55	CaiD	Enoyl-CoA hydratase/carnithine racemase	I	Lipid transport and metabolism
NODE_137_length_9654_cov_3.342696_7	COG1629	224544	4.43e-08	14.264	CirA	Outer membrane receptor protein, Fe transport	P	Inorganic ion transport and metabolism
NODE_137_length_9654_cov_3.342696_9	COG0515	223589	0.002	48.387	SPS1	Serine/threonine protein kinase	T	Signal transduction mechanisms
NODE_138_length_9424_cov_3.227667_2	COG2949	225500	8.62e-55	41.566	SanA	Uncharacterized periplasmic protein SanA, affects membrane permeability for vancomycin	M	Cell wall/membrane/envelope biogenesis
NODE_138_length_9424_cov_3.227667_3	COG0002	223081	0.002	22.078	ArgC	N-acetyl-gamma-glutamylphosphate reductase	E	Amino acid transport and metabolism
NODE_138_length_9424_cov_3.227667_5	COG0399	223476	1.47e-145	43.048	WecE	dTDP-4-amino-4,6-dideoxygalactose transaminase	M	Cell wall/membrane/envelope biogenesis
NODE_138_length_9424_cov_3.227667_6	COG0367	223444	1.76e-123	32.915	AsnB	Asparagine synthetase B (glutamine-hydrolyzing)	E	Amino acid transport and metabolism
NODE_138_length_9424_cov_3.227667_7	COG2226	225136	1.88e-21	33.019	UbiE	Ubiquinone/menaquinone biosynthesis C-methylase UbiE/MenG	H	Coenzyme transport and metabolism
NODE_139_length_9415_cov_3.805312_1	COG1413	224331	1.03e-07	27.322	HEAT	HEAT repeat	R	General function prediction only
NODE_139_length_9415_cov_3.805312_2	COG2086	224997	2.64e-77	41.473	FixA	Electron transfer flavoprotein, alpha and beta subunits	C	Energy production and conversion
NODE_139_length_9415_cov_3.805312_4	COG2025	224936	7.1e-97	38.006	FixB	Electron transfer flavoprotein, alpha subunit FixB	C	Energy production and conversion
NODE_139_length_9415_cov_3.805312_5	COG0644	223717	4.37e-63	32.338	FixC	Dehydrogenase (flavoprotein)	C	Energy production and conversion
NODE_139_length_9415_cov_3.805312_7	COG4232	226685	1.67e-47	25.212	DsbD	Thiol:disulfide interchange protein DsbD	O	Posttranslational modification, protein turnover, chaperones
NODE_139_length_9415_cov_3.805312_8	COG3132	225674	1.42e-64	42.857	YceH	Uncharacterized conserved protein YceH, UPF0502 family	S	Function unknown
NODE_139_length_9415_cov_3.805312_9	COG0286	223363	2.35e-05	30.233	HsdM	Type I restriction-modification system, DNA methylase subunit	V	Defense mechanisms
NODE_140_length_9406_cov_3.283417_1	COG2706	225333	2.62e-132	44.954	Pgl	6-phosphogluconolactonase, cycloisomerase 2 family	G	Carbohydrate transport and metabolism
NODE_140_length_9406_cov_3.283417_2	COG2814	225371	4.85e-11	20.539	AraJ	Predicted arabinose efflux permease AraJ, MFS family	G	Carbohydrate transport and metabolism
NODE_140_length_9406_cov_3.283417_4	COG2256	225165	0.0	57.805	RarA	Replication-associated recombination protein RarA (DNA-dependent ATPase)	L	Replication, recombination and repair
NODE_140_length_9406_cov_3.283417_5	COG2197	225107	1.19e-19	35.714	CitB	DNA-binding response regulator, NarL/FixJ family, contains REC and HTH domains	T	Signal transduction mechanisms
NODE_140_length_9406_cov_3.283417_6	COG0047	223125	1.67e-123	56.889	PurL2	Phosphoribosylformylglycinamidine (FGAM) synthase, glutamine amidotransferase domain	F	Nucleotide transport and metabolism
NODE_140_length_9406_cov_3.283417_7	COG0046	223124	0.0	53.634	PurL1	Phosphoribosylformylglycinamidine (FGAM) synthase, synthetase domain	F	Nucleotide transport and metabolism
NODE_141_length_9372_cov_3.345777_2	COG0568	223642	9.17e-128	52.134	RpoD	DNA-directed RNA polymerase, sigma subunit (sigma70/sigma32)	K	Transcription
NODE_141_length_9372_cov_3.345777_3	COG0358	223435	3.58e-136	34.576	DnaG	DNA primase (bacterial type)	L	Replication, recombination and repair
NODE_141_length_9372_cov_3.345777_4	COG1193	224114	1.24e-148	32.754	MutS2	dsDNA-specific endonuclease/ATPase MutS2	L	Replication, recombination and repair
NODE_141_length_9372_cov_3.345777_5	COG0793	223864	4.96e-97	40.063	CtpA	C-terminal processing protease CtpA/Prc, contains a PDZ domain	O	Posttranslational modification, protein turnover, chaperones
NODE_141_length_9372_cov_3.345777_6	COG1801	224714	9.49e-10	34.667	YecE	Sugar isomerase-related protein YecE, UPF0759/DUF72 family	R	General function prediction only
NODE_142_length_9306_cov_3.325387_2	COG0287	223364	4.45e-75	33.935	TyrA	Prephenate dehydrogenase	E	Amino acid transport and metabolism
NODE_142_length_9306_cov_3.325387_4	COG2876	225431	2.34e-130	57.692	AroGA	3-deoxy-D-arabino-heptulosonate 7-phosphate (DAHP) synthase	E	Amino acid transport and metabolism
NODE_142_length_9306_cov_3.325387_6	COG1605	224521	2.21e-17	37.778	PheA	Chorismate mutase	E	Amino acid transport and metabolism
NODE_142_length_9306_cov_3.325387_7	COG0159	223237	1.54e-111	49.618	TrpA	Tryptophan synthase alpha chain	E	Amino acid transport and metabolism
NODE_142_length_9306_cov_3.325387_8	COG2133	225044	2.11e-98	29.04	YliI	Glucose/arabinose dehydrogenase, beta-propeller fold	G	Carbohydrate transport and metabolism
NODE_142_length_9306_cov_3.325387_9	COG0133	223211	0.0	71.32	TrpB	Tryptophan synthase beta chain	E	Amino acid transport and metabolism
NODE_142_length_9306_cov_3.325387_10	COG2226	225136	7.85e-13	24.194	UbiE	Ubiquinone/menaquinone biosynthesis C-methylase UbiE/MenG	H	Coenzyme transport and metabolism
NODE_142_length_9306_cov_3.325387_11	COG4783	227122	4.08e-06	29.787	BepA	Outer membrane protein chaperone/metalloprotease BepA/YfgC, contains M48 and TPR domains	M	Cell wall/membrane/envelope biogenesis
NODE_143_length_9276_cov_3.922274_2	COG5459	227746	1.08e-65	31.034	Rsm22	Ribosomal protein RSM22 (predicted mitochondrial rRNA methylase)	J	Translation, ribosomal structure and biogenesis
NODE_143_length_9276_cov_3.922274_4	COG3845	226364	0.0	55.666	NupO	ABC-type guanosine uptake system NupNOPQ, ATPase component NupO	F	Nucleotide transport and metabolism
NODE_143_length_9276_cov_3.922274_5	COG1744	224658	2.91e-102	44.828	Med	Lipoprotein Med, regulator of KinD/Spo0A, PBP1-ABC superfamily, includes NupN	T	Signal transduction mechanisms
NODE_143_length_9276_cov_3.922274_6	COG0213	223291	0.0	48.268	DeoA	Thymidine phosphorylase	F	Nucleotide transport and metabolism
NODE_143_length_9276_cov_3.922274_8	COG0642	223715	5.36e-46	32.143	BaeS	Signal transduction histidine kinase	T	Signal transduction mechanisms
NODE_144_length_9225_cov_3.502186_1	COG4783	227122	2.32e-09	27.717	BepA	Outer membrane protein chaperone/metalloprotease BepA/YfgC, contains M48 and TPR domains	M	Cell wall/membrane/envelope biogenesis
NODE_144_length_9225_cov_3.502186_4	COG4102	226587	1e-07	24.818		Uncharacterized conserved protein, DUF1501 family	S	Function unknown
NODE_144_length_9225_cov_3.502186_5	COG2010	224921	2.82e-05	21.481	CccA	Cytochrome c, mono- and diheme variants	C	Energy production and conversion
NODE_145_length_9175_cov_3.667399_3	COG0129	223207	0.0	50.794	IlvD	Dihydroxyacid dehydratase/phosphogluconate dehydratase	E	Amino acid transport and metabolism
NODE_145_length_9175_cov_3.667399_4	COG4221	226674	8.35e-68	36.694	YdfG	NADP-dependent 3-hydroxy acid dehydrogenase YdfG	C	Energy production and conversion
NODE_145_length_9175_cov_3.667399_5	COG1680	224594	1.15e-36	24.375	AmpC	CubicO group peptidase, beta-lactamase class C family	V	Defense mechanisms
NODE_145_length_9175_cov_3.667399_6	COG0642	223715	2.26e-39	26.498	BaeS	Signal transduction histidine kinase	T	Signal transduction mechanisms
NODE_145_length_9175_cov_3.667399_7	COG2204	225114	1.78e-163	47.228	AtoC	DNA-binding transcriptional response regulator, NtrC family, contains REC, AAA-type ATPase, and a Fis-type DNA-binding domains	T	Signal transduction mechanisms
NODE_145_length_9175_cov_3.667399_8	COG1136	224059	1.56e-24	48.276	LolD	ABC-type lipoprotein export system, ATPase component	M	Cell wall/membrane/envelope biogenesis
NODE_146_length_9128_cov_2.691526_1	COG0642	223715	6.75e-13	33.058	BaeS	Signal transduction histidine kinase	T	Signal transduction mechanisms
NODE_146_length_9128_cov_2.691526_2	COG0745	223816	3.54e-78	45.652	OmpR	DNA-binding response regulator, OmpR family, contains REC and winged-helix (wHTH) domain	T	Signal transduction mechanisms
NODE_146_length_9128_cov_2.691526_3	COG1597	224513	2.03e-61	33.0	LCB5	Phosphatidylglycerol kinase, diacylglycerol kinase family	I	Lipid transport and metabolism
NODE_146_length_9128_cov_2.691526_5	COG0262	223340	3.33e-09	24.762	FolA	Dihydrofolate reductase	H	Coenzyme transport and metabolism
NODE_146_length_9128_cov_2.691526_6	COG1082	224007	4.51e-24	18.571	YcjR	Sugar phosphate isomerase/epimerase	G	Carbohydrate transport and metabolism
NODE_146_length_9128_cov_2.691526_8	COG0006	223085	1.75e-58	26.362	PepP	Xaa-Pro aminopeptidase	E	Amino acid transport and metabolism
NODE_147_length_9127_cov_3.432486_1	COG0760	223831	2.18e-08	27.907	SurA	Peptidyl-prolyl isomerase, parvulin family	O	Posttranslational modification, protein turnover, chaperones
NODE_147_length_9127_cov_3.432486_2	COG3481	226012	1.86e-42	33.569	YhaM	3'-5' exoribonuclease YhaM, can participate in 23S rRNA maturation,  HD superfamily	J	Translation, ribosomal structure and biogenesis
NODE_147_length_9127_cov_3.432486_3	COG2068	224979	4.13e-49	33.846	MocA	CTP:molybdopterin cytidylyltransferase MocA	H	Coenzyme transport and metabolism
NODE_147_length_9127_cov_3.432486_4	COG1502	224419	9.42e-70	30.39	Cls	Phosphatidylserine/phosphatidylglycerophosphate/cardiolipin synthase	I	Lipid transport and metabolism
NODE_147_length_9127_cov_3.432486_5	COG3568	226098	8.44e-47	33.969	ElsH	Metal-dependent hydrolase, endonuclease/exonuclease/phosphatase family	R	General function prediction only
NODE_147_length_9127_cov_3.432486_6	COG0043	223121	0.0	49.275	UbiD	3-polyprenyl-4-hydroxybenzoate decarboxylase	H	Coenzyme transport and metabolism
NODE_147_length_9127_cov_3.432486_7	COG2273	225182	1.97e-41	27.17	BglS	Beta-glucanase, GH16 family	G	Carbohydrate transport and metabolism
NODE_147_length_9127_cov_3.432486_8	COG3258	225797	0.001	28.261	TsdA	Thiosulfate dehydrogenase TsdA, contains C-terminal cytochrome c domain	P	Inorganic ion transport and metabolism
NODE_147_length_9127_cov_3.432486_9	COG2041	224952	6.85e-50	29.344	MsrP	Molybdopterin-dependent catalytic subunit of periplasmic DMSO/TMAO and protein-methionine-sulfoxide reductases	C	Energy production and conversion
NODE_148_length_8996_cov_3.746720_2	COG3330	225867	2.2e-08	25.0		Uncharacterized conserved protein BH1414	S	Function unknown
NODE_148_length_8996_cov_3.746720_4	COG0507	223581	2.39e-96	42.049	RecD	ATPase/5’-3’ helicase helicase subunit RecD of the DNA repair enzyme RecBCD (exonuclease V)	L	Replication, recombination and repair
NODE_149_length_8933_cov_3.897245_1	COG1915	224827	0.000631	32.258		Uncharacterized conserved protein AF1278, contains saccharopine dehydrogenase N-terminal (SDHN) domain	S	Function unknown
NODE_149_length_8933_cov_3.897245_3	COG0483	223559	5.54e-98	46.124	SuhB	Archaeal fructose-1,6-bisphosphatase or related enzyme, inositol monophosphatase family	G	Carbohydrate transport and metabolism
NODE_149_length_8933_cov_3.897245_4	COG0531	223605	1.75e-41	30.425	PotE	Serine transporter YbeC, amino acid:H+ symporter family	E	Amino acid transport and metabolism
NODE_149_length_8933_cov_3.897245_5	COG0436	223513	5.85e-63	27.492	AspB	Aspartate/methionine/tyrosine aminotransferase	E	Amino acid transport and metabolism
NODE_149_length_8933_cov_3.897245_6	COG3063	225605	5.93e-08	29.545	PilF	Type IV pilus assembly protein PilF/PilW	N	Cell motility
NODE_149_length_8933_cov_3.897245_7	COG3119	225661	9.08e-13	41.463	AslA	Arylsulfatase A or related enzyme, AlkP superfamily	P	Inorganic ion transport and metabolism
NODE_149_length_8933_cov_3.897245_8	COG3119	225661	8.91e-15	29.012	AslA	Arylsulfatase A or related enzyme, AlkP superfamily	P	Inorganic ion transport and metabolism
NODE_149_length_8933_cov_3.897245_9	COG1807	224720	0.000155	25.0	ArnT	PMT family glycosyltransferase ArnT/Agl22, involved in glycosylation of proteins and lipid IVA	M	Cell wall/membrane/envelope biogenesis
NODE_150_length_8930_cov_3.322377_1	COG0793	223864	2.99e-12	32.558	CtpA	C-terminal processing protease CtpA/Prc, contains a PDZ domain	O	Posttranslational modification, protein turnover, chaperones
NODE_150_length_8930_cov_3.322377_2	COG0823	223893	9.35e-06	18.367	TolB	Periplasmic component TolB of the Tol biopolymer transport system	U	Intracellular trafficking, secretion, and vesicular transport
NODE_150_length_8930_cov_3.322377_4	COG3411	225945	1.47e-19	45.455		2Fe-2S ferredoxin	C	Energy production and conversion
NODE_150_length_8930_cov_3.322377_5	COG0391	223468	6.73e-99	41.194	CofD	Archaeal 2-phospho-L-lactate transferase/Bacterial gluconeogenesis factor, CofD/UPF0052 family	G	Carbohydrate transport and metabolism
NODE_150_length_8930_cov_3.322377_6	COG1207	224128	0.0	49.359	GlmU	Bifunctional protein GlmU, N-acetylglucosamine-1-phosphate-uridyltransferase/glucosamine-1-phosphate-acetyltransferase	M	Cell wall/membrane/envelope biogenesis
NODE_150_length_8930_cov_3.322377_7	COG0449	223526	0.0	53.933	GlmS	Glucosamine 6-phosphate synthetase, contains amidotransferase and phosphosugar isomerase domains	M	Cell wall/membrane/envelope biogenesis
NODE_151_length_8896_cov_3.659145_1	COG1216	224137	1.22e-12	19.094	WcaE	Glycosyltransferase, GT2 family	G	Carbohydrate transport and metabolism
NODE_151_length_8896_cov_3.659145_2	COG1028	223959	6.01e-61	40.876	FabG	NAD(P)-dependent dehydrogenase, short-chain alcohol dehydrogenase family	I	Lipid transport and metabolism
NODE_151_length_8896_cov_3.659145_3	COG0595	223668	0.0	44.102	RnjA	mRNA degradation ribonuclease J1/J2	J	Translation, ribosomal structure and biogenesis
NODE_151_length_8896_cov_3.659145_4	COG0030	223109	1.23e-99	42.697	RsmA	16S rRNA A1518 and A1519 N6-dimethyltransferase RsmA/KsgA/DIM1 (may also have DNA glycosylase/AP lyase activity)	J	Translation, ribosomal structure and biogenesis
NODE_151_length_8896_cov_3.659145_7	COG0117	223195	7.69e-71	63.83	RibD1	Riboflavin biosynthesis protein RibD, pyrimidine deaminase domain	H	Coenzyme transport and metabolism
NODE_151_length_8896_cov_3.659145_8	COG1848	224761	8.59e-06	23.577	VapC	VapC family ribonuclease, toxin component of the VapBC toxin-antitoxin module, contains PIN domain	V	Defense mechanisms
NODE_151_length_8896_cov_3.659145_11	COG0552	223626	9.81e-115	59.278	FtsY	Signal recognition particle GTPase FtsY	U	Intracellular trafficking, secretion, and vesicular transport
NODE_152_length_8878_cov_3.539371_1	COG1301	224220	2.19e-126	46.602	GltP	Na+/H+-dicarboxylate symporter	C	Energy production and conversion
NODE_152_length_8878_cov_3.539371_2	COG0321	223398	6.86e-85	45.026	LipB	Lipoate-protein ligase B	H	Coenzyme transport and metabolism
NODE_152_length_8878_cov_3.539371_3	COG0508	223582	5.93e-136	41.29	AceF	Pyruvate/2-oxoglutarate dehydrogenase complex, dihydrolipoamide acyltransferase (E2) component	C	Energy production and conversion
NODE_152_length_8878_cov_3.539371_4	COG1249	224169	0.0	49.339	Lpd	Dihydrolipoamide dehydrogenase (E3) component of pyruvate/2-oxoglutarate dehydrogenase complex or glutathione oxidoreductase	C	Energy production and conversion
NODE_152_length_8878_cov_3.539371_5	COG2077	224988	2.55e-83	58.228	Tpx	Peroxiredoxin	O	Posttranslational modification, protein turnover, chaperones
NODE_152_length_8878_cov_3.539371_6	COG2226	225136	3.64e-14	33.945	UbiE	Ubiquinone/menaquinone biosynthesis C-methylase UbiE/MenG	H	Coenzyme transport and metabolism
NODE_153_length_8838_cov_3.079785_2	COG0438	223515	4.11e-40	29.781	RfaB	Glycosyltransferase involved in cell wall bisynthesis	M	Cell wall/membrane/envelope biogenesis
NODE_153_length_8838_cov_3.079785_3	COG0438	223515	1.38e-17	24.498	RfaB	Glycosyltransferase involved in cell wall bisynthesis	M	Cell wall/membrane/envelope biogenesis
NODE_153_length_8838_cov_3.079785_4	COG0438	223515	3.69e-44	24.409	RfaB	Glycosyltransferase involved in cell wall bisynthesis	M	Cell wall/membrane/envelope biogenesis
NODE_153_length_8838_cov_3.079785_5	COG3307	225844	4.01e-10	20.195	RfaL	O-antigen ligase	M	Cell wall/membrane/envelope biogenesis
NODE_153_length_8838_cov_3.079785_6	COG0367	223444	2.7e-142	31.507	AsnB	Asparagine synthetase B (glutamine-hydrolyzing)	E	Amino acid transport and metabolism
NODE_154_length_8822_cov_3.436592_1	COG5368	227662	2.99e-99	35.011		Endo-beta-1,2-glucanase, glucoamylase superfamily	G	Carbohydrate transport and metabolism
NODE_154_length_8822_cov_3.436592_2	COG4783	227122	8.97e-05	26.05	BepA	Outer membrane protein chaperone/metalloprotease BepA/YfgC, contains M48 and TPR domains	M	Cell wall/membrane/envelope biogenesis
NODE_154_length_8822_cov_3.436592_3	COG5010	227343	6.76e-08	30.275	TadD	Flp pilus assembly protein TadD, contains TPR repeats	U	Intracellular trafficking, secretion, and vesicular transport
NODE_154_length_8822_cov_3.436592_4	COG1629	224544	7.58e-10	13.73	CirA	Outer membrane receptor protein, Fe transport	P	Inorganic ion transport and metabolism
NODE_154_length_8822_cov_3.436592_5	COG1609	224525	3.86e-10	30.189	PurR	DNA-binding transcriptional regulator, LacI/PurR family	K	Transcription
NODE_155_length_8820_cov_3.332838_1	COG0231	223309	5.61e-44	39.37	Efp	Translation elongation factor P (EF-P)/translation initiation factor 5A (eIF-5A)	J	Translation, ribosomal structure and biogenesis
NODE_155_length_8820_cov_3.332838_2	COG1943	224854	1.24e-37	41.176	RAYT	REP element-mobilizing transposase RayT	X	Mobilome: prophages, transposons
NODE_155_length_8820_cov_3.332838_3	COG1422	224340	0.000236	17.241	YidC	Archaeal YidC/Oxa1-related membrane protein, DUF106 family	M	Cell wall/membrane/envelope biogenesis
NODE_155_length_8820_cov_3.332838_4	COG3631	226158	0.000892	24.49	YesE	Ketosteroid isomerase-related protein	R	General function prediction only
NODE_155_length_8820_cov_3.332838_5	COG1032	223963	3.14e-34	24.041	YgiQ	Radical SAM superfamily enzyme YgiQ, UPF0313 family	R	General function prediction only
NODE_155_length_8820_cov_3.332838_6	COG4319	226769	5.45e-06	29.67	YybH	Ketosteroid isomerase homolog YybH	R	General function prediction only
NODE_155_length_8820_cov_3.332838_8	COG0334	223411	3.12e-147	40.645	GdhA	Glutamate dehydrogenase/leucine dehydrogenase	E	Amino acid transport and metabolism
NODE_155_length_8820_cov_3.332838_10	COG1716	224630	1.15e-14	30.189	FHA	Forkhead associated (FHA) domain, binds pSer, pThr, pTyr	T	Signal transduction mechanisms
NODE_156_length_8773_cov_3.791398_2	COG3710	226233	6.92e-25	34.653	CadC1	DNA-binding winged helix-turn-helix (wHTH) domain	K	Transcription
NODE_156_length_8773_cov_3.791398_4	COG4783	227122	1.68e-33	31.884	BepA	Outer membrane protein chaperone/metalloprotease BepA/YfgC, contains M48 and TPR domains	M	Cell wall/membrane/envelope biogenesis
NODE_156_length_8773_cov_3.791398_5	COG1240	224161	1.39e-09	27.869	ChlD	vWFA (von Willebrand factor type A) domain of Mg and Co chelatases	H	Coenzyme transport and metabolism
NODE_157_length_8773_cov_3.609246_2	COG2303	225186	8.63e-57	21.739	BetA	Choline dehydrogenase or related flavoprotein	I	Lipid transport and metabolism
NODE_157_length_8773_cov_3.609246_4	COG4636	226983	1.36e-10	22.222	Uma2	Endonuclease, Uma2 family (restriction endonuclease fold)	R	General function prediction only
NODE_157_length_8773_cov_3.609246_5	COG5010	227343	2.94e-12	25.806	TadD	Flp pilus assembly protein TadD, contains TPR repeats	U	Intracellular trafficking, secretion, and vesicular transport
NODE_157_length_8773_cov_3.609246_6	COG1629	224544	7.53e-09	13.706	CirA	Outer membrane receptor protein, Fe transport	P	Inorganic ion transport and metabolism
NODE_158_length_8767_cov_3.518182_1	COG2303	225186	1.42e-19	35.484	BetA	Choline dehydrogenase or related flavoprotein	I	Lipid transport and metabolism
NODE_158_length_8767_cov_3.518182_2	COG3394	225929	1.47e-28	36.478	ChbG	Chitooligosaccharide deacetylase ChbG, YdjC/CelG family	G	Carbohydrate transport and metabolism
NODE_158_length_8767_cov_3.518182_4	COG1166	224088	0.0	44.953	SpeA	Arginine decarboxylase (spermidine biosynthesis)	E	Amino acid transport and metabolism
NODE_158_length_8767_cov_3.518182_5	COG1899	224811	4.71e-95	35.35	DYS1	Deoxyhypusine synthase	O	Posttranslational modification, protein turnover, chaperones
NODE_158_length_8767_cov_3.518182_6	COG4254	226705	0.002	19.469		Uncharacterized peptidoglycan binding protein, contains LysM and FecR  domains	R	General function prediction only
NODE_158_length_8767_cov_3.518182_7	COG2199	225109	1.03e-57	45.665	GGDEF	GGDEF domain, diguanylate cyclase (c-di-GMP synthetase) or its enzymatically inactive variants	T	Signal transduction mechanisms
NODE_158_length_8767_cov_3.518182_8	COG1077	224003	3.15e-50	69.474	MreB	Cell shape-determining ATPase MreB, actin-like superfamily	D	Cell cycle control, cell division, chromosome partitioning
NODE_159_length_8716_cov_2.580275_2	COG1802	224715	7.49e-38	30.918	GntR	DNA-binding transcriptional regulator, GntR family	K	Transcription
NODE_159_length_8716_cov_2.580275_3	COG1629	224544	0.000215	16.111	CirA	Outer membrane receptor protein, Fe transport	P	Inorganic ion transport and metabolism
NODE_159_length_8716_cov_2.580275_4	COG3119	225661	2.59e-57	30.12	AslA	Arylsulfatase A or related enzyme, AlkP superfamily	P	Inorganic ion transport and metabolism
NODE_160_length_8715_cov_3.272169_2	COG4102	226587	5.98e-06	25.61		Uncharacterized conserved protein, DUF1501 family	S	Function unknown
NODE_160_length_8715_cov_3.272169_3	COG0668	223740	3.98e-06	28.571	MscS	Small-conductance mechanosensitive channel	M	Cell wall/membrane/envelope biogenesis
NODE_160_length_8715_cov_3.272169_5	COG4771	227112	9.64e-51	23.46	FepA	Outer membrane receptor for ferrienterochelin and colicins	P	Inorganic ion transport and metabolism
NODE_160_length_8715_cov_3.272169_7	COG0642	223715	1.38e-58	32.698	BaeS	Signal transduction histidine kinase	T	Signal transduction mechanisms
NODE_161_length_8691_cov_3.445438_1	COG1472	224389	2.27e-103	38.679	BglX	Periplasmic beta-glucosidase and related glycosidases	G	Carbohydrate transport and metabolism
NODE_161_length_8691_cov_3.445438_2	COG5368	227662	3.16e-114	39.091		Endo-beta-1,2-glucanase, glucoamylase superfamily	G	Carbohydrate transport and metabolism
NODE_161_length_8691_cov_3.445438_3	COG4359	226802	3.25e-47	29.245	MtnX	2-hydroxy-3-keto-5-methylthiopentenyl-1-phosphate phosphatase (methionine salvage)	E	Amino acid transport and metabolism
NODE_161_length_8691_cov_3.445438_4	COG2834	225390	3.16e-29	26.364	LolA	Outer membrane lipoprotein-sorting protein	M	Cell wall/membrane/envelope biogenesis
NODE_161_length_8691_cov_3.445438_7	COG1484	224401	0.000578	27.0	DnaC	DNA replication protein DnaC	L	Replication, recombination and repair
NODE_162_length_8677_cov_3.859767_1	COG2324	225206	0.002	27.407		Uncharacterized membrane protein	S	Function unknown
NODE_162_length_8677_cov_3.859767_2	COG2227	225137	2.71e-07	32.143	UbiG	2-polyprenyl-3-methyl-5-hydroxy-6-metoxy-1,4-benzoquinol methylase	H	Coenzyme transport and metabolism
NODE_162_length_8677_cov_3.859767_3	COG1657	224571	1.07e-121	36.746	SqhC	Terpene cyclase SqhC	I	Lipid transport and metabolism
NODE_162_length_8677_cov_3.859767_5	COG3119	225661	1.88e-93	33.85	AslA	Arylsulfatase A or related enzyme, AlkP superfamily	P	Inorganic ion transport and metabolism
NODE_162_length_8677_cov_3.859767_6	COG1132	224055	1.22e-169	41.228	MdlB	ABC-type multidrug transport system, ATPase and permease component	V	Defense mechanisms
NODE_162_length_8677_cov_3.859767_8	COG1573	224489	7.7e-34	32.796	Udg4	Uracil-DNA glycosylase	L	Replication, recombination and repair
NODE_163_length_8676_cov_3.162344_1	COG0183	223261	6.36e-96	39.062	PaaJ	Acetyl-CoA acetyltransferase	I	Lipid transport and metabolism
NODE_163_length_8676_cov_3.162344_2	COG1960	224871	3.82e-108	35.784	CaiA	Acyl-CoA dehydrogenase related to the alkylation response protein AidB	I	Lipid transport and metabolism
NODE_163_length_8676_cov_3.162344_3	COG0432	223509	2.06e-58	44.526	YjbQ	Thiamin phosphate synthase YjbQ, UPF0047 family	H	Coenzyme transport and metabolism
NODE_163_length_8676_cov_3.162344_4	COG1136	224059	8.03e-111	54.505	LolD	ABC-type lipoprotein export system, ATPase component	M	Cell wall/membrane/envelope biogenesis
NODE_163_length_8676_cov_3.162344_5	COG1566	224482	2.46e-34	31.452	EmrA	Multidrug resistance efflux pump EmrA	V	Defense mechanisms
NODE_163_length_8676_cov_3.162344_6	COG4591	226957	1.9e-19	19.324	LolE	ABC-type transport system involved in lipoprotein release, permease component LolC	M	Cell wall/membrane/envelope biogenesis
NODE_163_length_8676_cov_3.162344_7	COG4591	226957	3.02e-18	20.29	LolE	ABC-type transport system involved in lipoprotein release, permease component LolC	M	Cell wall/membrane/envelope biogenesis
NODE_163_length_8676_cov_3.162344_8	COG1846	224759	6.17e-11	24.561	MarR	DNA-binding transcriptional regulator, MarR family	K	Transcription
NODE_164_length_8668_cov_4.051682_2	COG3427	225961	5.3e-34	33.571	CoxG	Carbon monoxide dehydrogenase subunit CoxG	C	Energy production and conversion
NODE_164_length_8668_cov_4.051682_3	COG1319	224238	6.16e-75	46.691	CutB	Aldehyde, CO, or xanthine dehydrogenase, FAD-binding subunit	C	Energy production and conversion
NODE_164_length_8668_cov_4.051682_5	COG1529	224446	0.0	40.832	CoxL	Aldehyde, CO or xanthine dehydrogenase, Mo-binding subunit	C	Energy production and conversion
NODE_164_length_8668_cov_4.051682_6	COG2080	224991	4.02e-83	59.355	CutS	Aldehyde, CO, or xanthine dehydrogenase, Fe-S subunit, CoxS/CutS family	C	Energy production and conversion
NODE_164_length_8668_cov_4.051682_7	COG4102	226587	1.09e-07	26.772		Uncharacterized conserved protein, DUF1501 family	S	Function unknown
NODE_164_length_8668_cov_4.051682_9	COG2442	225291	1.85e-07	29.787		Predicted antitoxin component of a toxin-antitoxin system, DUF433 family	V	Defense mechanisms
NODE_165_length_8638_cov_2.922906_1	COG4959	227294	6.45e-07	29.412	TraF	Type IV secretory pathway, protease TraF	O	Posttranslational modification, protein turnover, chaperones
NODE_165_length_8638_cov_2.922906_2	COG0855	223924	0.0	57.794	Ppk	Polyphosphate kinase	P	Inorganic ion transport and metabolism
NODE_165_length_8638_cov_2.922906_3	COG3394	225929	1.58e-41	42.308	ChbG	Chitooligosaccharide deacetylase ChbG, YdjC/CelG family	G	Carbohydrate transport and metabolism
NODE_165_length_8638_cov_2.922906_4	COG2017	224928	3.83e-100	41.143	GalM	Galactose mutarotase or related enzyme	G	Carbohydrate transport and metabolism
NODE_165_length_8638_cov_2.922906_5	COG2510	225308	0.002	32.836	RibN	Riboflavin transporter RibN, EamA domain	H	Coenzyme transport and metabolism
NODE_165_length_8638_cov_2.922906_6	COG1215	224136	1.05e-30	22.857	BcsA	Glycosyltransferase, catalytic subunit of cellulose synthase and poly-beta-1,6-N-acetylglucosamine synthase	N	Cell motility
NODE_165_length_8638_cov_2.922906_7	COG0515	223589	1.77e-43	29.36	SPS1	Serine/threonine protein kinase	T	Signal transduction mechanisms
NODE_166_length_8615_cov_2.974116_1	COG4771	227112	1e-05	27.329	FepA	Outer membrane receptor for ferrienterochelin and colicins	P	Inorganic ion transport and metabolism
NODE_166_length_8615_cov_2.974116_3	COG1295	224214	0.000508	36.842	BrkB	Uncharacterized membrane protein, BrkB/YihY/UPF0761 family (not an RNase)	S	Function unknown
NODE_166_length_8615_cov_2.974116_4	COG1295	224214	1.45e-21	30.769	BrkB	Uncharacterized membrane protein, BrkB/YihY/UPF0761 family (not an RNase)	S	Function unknown
NODE_166_length_8615_cov_2.974116_5	COG2930	225482	7.37e-38	40.761	SYLF	Lipid-binding SYLF domain, Ysc84/FYVE family	I	Lipid transport and metabolism
NODE_166_length_8615_cov_2.974116_6	COG1876	224788	4.02e-10	32.727	LdcB	LD-carboxypeptidase LdcB, LAS superfamily	M	Cell wall/membrane/envelope biogenesis
NODE_166_length_8615_cov_2.974116_7	COG1376	224294	1.93e-08	28.873	ErfK	Lipoprotein-anchoring transpeptidase ErfK/SrfK	M	Cell wall/membrane/envelope biogenesis
NODE_166_length_8615_cov_2.974116_8	COG0628	223701	1.84e-07	20.879	PerM	Predicted PurR-regulated permease PerM	R	General function prediction only
NODE_166_length_8615_cov_2.974116_9	COG3040	225582	8.36e-48	40.678	Blc	Bacterial lipocalin Blc	M	Cell wall/membrane/envelope biogenesis
NODE_167_length_8573_cov_3.263889_2	COG4104	226589	1.83e-15	41.414	PAAR	Zn-binding Pro-Ala-Ala-Arg (PAAR) domain, involved in Type VI secretion	U	Intracellular trafficking, secretion, and vesicular transport
NODE_167_length_8573_cov_3.263889_4	COG3501	226032	0.0	43.693	VgrG	Uncharacterized conserved protein VgrG, implicated in type VI secretion and phage assembly	U	Intracellular trafficking, secretion, and vesicular transport
NODE_167_length_8573_cov_3.263889_6	COG2110	225021	8.18e-59	52.976	YmdB	O-acetyl-ADP-ribose deacetylase (regulator of RNase III), contains Macro domain	J	Translation, ribosomal structure and biogenesis
NODE_167_length_8573_cov_3.263889_7	COG0542	223616	0.0	40.045	ClpA	ATP-dependent Clp protease, ATP-binding subunit ClpA	O	Posttranslational modification, protein turnover, chaperones
NODE_167_length_8573_cov_3.263889_8	COG4249	226700	2.69e-49	35.841		Uncharacterized conserved protein, contains caspase domain	R	General function prediction only
NODE_168_length_8556_cov_2.966741_1	COG0577	223650	3.51e-40	28.313	SalY	ABC-type antimicrobial peptide transport system, permease component	V	Defense mechanisms
NODE_168_length_8556_cov_2.966741_2	COG0673	223745	9.21e-55	26.542	MviM	Predicted dehydrogenase	R	General function prediction only
NODE_168_length_8556_cov_2.966741_3	COG3828	226349	6.42e-08	22.541		Type 1 glutamine amidotransferase (GATase1)-like domain	R	General function prediction only
NODE_168_length_8556_cov_2.966741_4	COG0642	223715	8e-31	32.192	BaeS	Signal transduction histidine kinase	T	Signal transduction mechanisms
NODE_168_length_8556_cov_2.966741_7	COG2801	225361	3.04e-17	27.094	Tra5	Transposase InsO and inactivated derivatives	X	Mobilome: prophages, transposons
NODE_168_length_8556_cov_2.966741_8	COG1011	223943	6.7e-27	22.553	YigB	FMN and 5-amino-6-(5-phospho-D-ribitylamino)uracil phosphatase YigB, HAD superfamily (riboflavin biosynthesis)	H	Coenzyme transport and metabolism
NODE_168_length_8556_cov_2.966741_9	COG0245	223323	2.06e-74	57.692	IspF	2C-methyl-D-erythritol 2,4-cyclodiphosphate synthase	I	Lipid transport and metabolism
NODE_168_length_8556_cov_2.966741_10	COG1917	224829	6.1e-07	27.941	QdoI	Cupin domain protein related to quercetin dioxygenase	R	General function prediction only
NODE_168_length_8556_cov_2.966741_11	COG1211	224132	3.07e-85	45.852	IspD	2-C-methyl-D-erythritol 4-phosphate cytidylyltransferase	I	Lipid transport and metabolism
NODE_169_length_8538_cov_3.477485_1	COG1546	224463	1.17e-70	53.503	PncC	Nicotinamide mononucleotide (NMN) deamidase PncC	H	Coenzyme transport and metabolism
NODE_169_length_8538_cov_3.477485_2	COG0344	223421	4.9e-56	43.961	PlsY	Phospholipid biosynthesis protein PlsY, probable glycerol-3-phosphate acyltransferase	I	Lipid transport and metabolism
NODE_169_length_8538_cov_3.477485_3	COG0240	223318	2.02e-152	53.313	GpsA	Glycerol-3-phosphate dehydrogenase	C	Energy production and conversion
NODE_169_length_8538_cov_3.477485_4	COG0456	223532	1.44e-05	30.435	RimI	Ribosomal protein S18 acetylase RimI and related acetyltransferases	J	Translation, ribosomal structure and biogenesis
NODE_169_length_8538_cov_3.477485_5	COG0691	223763	6.88e-80	59.459	SmpB	tmRNA-binding protein	O	Posttranslational modification, protein turnover, chaperones
NODE_169_length_8538_cov_3.477485_6	COG0260	223338	0.0	46.849	PepB	Leucyl aminopeptidase	E	Amino acid transport and metabolism
NODE_169_length_8538_cov_3.477485_7	COG4995	227328	1.49e-38	51.456		Uncharacterized conserved protein, contains CHAT domain	S	Function unknown
NODE_169_length_8538_cov_3.477485_8	COG0457	223533	9.95e-08	25.571	TPR	Tetratricopeptide (TPR) repeat	R	General function prediction only
NODE_170_length_8507_cov_3.560009_2	COG0441	223518	0.0	50.0	ThrS	Threonyl-tRNA synthetase	J	Translation, ribosomal structure and biogenesis
NODE_170_length_8507_cov_3.560009_3	COG0290	223367	7.97e-86	52.047	InfC	Translation initiation factor IF-3	J	Translation, ribosomal structure and biogenesis
NODE_170_length_8507_cov_3.560009_4	COG0291	223368	2.81e-19	62.5	RpmI	Ribosomal protein L35	J	Translation, ribosomal structure and biogenesis
NODE_170_length_8507_cov_3.560009_6	COG0016	223095	6.4e-152	51.603	PheS	Phenylalanyl-tRNA synthetase alpha subunit	J	Translation, ribosomal structure and biogenesis
NODE_170_length_8507_cov_3.560009_7	COG0072	223150	0.0	43.318	PheT	Phenylalanyl-tRNA synthetase beta subunit	J	Translation, ribosomal structure and biogenesis
NODE_170_length_8507_cov_3.560009_9	COG3027	225571	4.85e-14	24.468	ZapA	Cell division protein ZapA, inhibits GTPase activity of FtsZ	D	Cell cycle control, cell division, chromosome partitioning
NODE_171_length_8496_cov_3.641881_1	COG1028	223959	2.05e-10	66.667	FabG	NAD(P)-dependent dehydrogenase, short-chain alcohol dehydrogenase family	I	Lipid transport and metabolism
NODE_171_length_8496_cov_3.641881_2	COG0422	223499	0.0	65.948	ThiC	4-amino-2-methyl-5-hydroxymethylpyrimidine (HMP) synthase ThiC	H	Coenzyme transport and metabolism
NODE_171_length_8496_cov_3.641881_3	COG4636	226983	3.13e-11	23.196	Uma2	Endonuclease, Uma2 family (restriction endonuclease fold)	R	General function prediction only
NODE_171_length_8496_cov_3.641881_4	COG0624	223697	1.93e-44	23.866	ArgE	Acetylornithine deacetylase/Succinyl-diaminopimelate desuccinylase or related deacylase	E	Amino acid transport and metabolism
NODE_171_length_8496_cov_3.641881_6	COG2896	225449	3.33e-138	48.012	MoaA	GTP 3',8-cyclase (molybdenum cofactor biosynthesis protein MoaA)	H	Coenzyme transport and metabolism
NODE_171_length_8496_cov_3.641881_7	COG0612	223685	1.96e-127	36.516	PqqL	Predicted Zn-dependent peptidase, M16 family	R	General function prediction only
NODE_171_length_8496_cov_3.641881_8	COG0204	223282	3.24e-44	33.921	PlsC	1-acyl-sn-glycerol-3-phosphate acyltransferase	I	Lipid transport and metabolism
NODE_172_length_8480_cov_3.553731_1	COG2010	224921	0.004	18.182	CccA	Cytochrome c, mono- and diheme variants	C	Energy production and conversion
NODE_172_length_8480_cov_3.553731_2	COG0596	223669	3.52e-38	24.917	MenH	2-succinyl-6-hydroxy-2,4-cyclohexadiene-1-carboxylate synthase MenH and related esterases, alpha/beta hydrolase fold	H	Coenzyme transport and metabolism
NODE_172_length_8480_cov_3.553731_4	COG0515	223589	2.18e-51	33.447	SPS1	Serine/threonine protein kinase	T	Signal transduction mechanisms
NODE_172_length_8480_cov_3.553731_5	COG1403	224321	0.000595	34.783	McrA	5-methylcytosine-specific restriction endonuclease McrA	V	Defense mechanisms
NODE_172_length_8480_cov_3.553731_7	COG1402	224320	1.77e-21	22.374	ArfB	Creatinine amidohydrolase/Fe(II)-dependent FAPy formamide hydrolase (riboflavin and F420 biosynthesis)	H	Coenzyme transport and metabolism
NODE_172_length_8480_cov_3.553731_8	COG2041	224952	1.22e-88	42.857	MsrP	Molybdopterin-dependent catalytic subunit of periplasmic DMSO/TMAO and protein-methionine-sulfoxide reductases	C	Energy production and conversion
NODE_172_length_8480_cov_3.553731_9	COG2717	225338	3.37e-56	43.318	MsrQ	Heme-binding membrane subunit of periplasmic DMSO/TMAO and protein-methionine-sulfoxide reductases	C	Energy production and conversion
NODE_173_length_8464_cov_3.390890_1	COG0006	223085	2.95e-74	28.087	PepP	Xaa-Pro aminopeptidase	E	Amino acid transport and metabolism
NODE_173_length_8464_cov_3.390890_3	COG4640	226987	0.000451	35.714	YvbJ	Uncharacterized protein YvbJ, contains N-terminal Zn ribbon domain	S	Function unknown
NODE_173_length_8464_cov_3.390890_4	COG3331	225868	4.29e-16	26.442	YotM	Penicillin-binding protein-related factor A, putative recombinase	R	General function prediction only
NODE_173_length_8464_cov_3.390890_5	COG0217	223295	7.67e-133	58.921	TACO1	Transcriptional and/or translational regulatory protein YebC/TACO1	K	Transcription
NODE_173_length_8464_cov_3.390890_6	COG3734	226257	1.05e-43	26.774	DgoK	2-keto-3-deoxy-galactonokinase	G	Carbohydrate transport and metabolism
NODE_173_length_8464_cov_3.390890_7	COG0800	223871	6.78e-63	42.788	Eda	2-keto-3-deoxy-6-phosphogluconate aldolase	G	Carbohydrate transport and metabolism
NODE_173_length_8464_cov_3.390890_8	COG1680	224594	5.23e-78	33.168	AmpC	CubicO group peptidase, beta-lactamase class C family	V	Defense mechanisms
NODE_173_length_8464_cov_3.390890_9	COG2303	225186	1.34e-28	23.418	BetA	Choline dehydrogenase or related flavoprotein	I	Lipid transport and metabolism
NODE_174_length_8432_cov_3.595931_2	COG1595	224511	1.46e-10	26.064	RpoE	DNA-directed RNA polymerase specialized sigma subunit, sigma24 family	K	Transcription
NODE_174_length_8432_cov_3.595931_3	COG0515	223589	5.48e-57	36.301	SPS1	Serine/threonine protein kinase	T	Signal transduction mechanisms
NODE_174_length_8432_cov_3.595931_4	COG0708	223780	1.13e-120	44.444	XthA	Exonuclease III	L	Replication, recombination and repair
NODE_174_length_8432_cov_3.595931_7	COG2942	225493	1.69e-50	25.45	YihS	Mannose or cellobiose epimerase, N-acyl-D-glucosamine 2-epimerase family	G	Carbohydrate transport and metabolism
NODE_174_length_8432_cov_3.595931_8	COG4447	226855	0.000856	29.032		Uncharacterized conserved protein related to plant photosystem II stability/assembly factor	R	General function prediction only
NODE_175_length_8390_cov_3.595573_1	COG1629	224544	3.07e-07	18.338	CirA	Outer membrane receptor protein, Fe transport	P	Inorganic ion transport and metabolism
NODE_175_length_8390_cov_3.595573_2	COG5569	227856	7.11e-09	35.185	CusF	Periplasmic Cu and Ag efflux protein CusF	P	Inorganic ion transport and metabolism
NODE_175_length_8390_cov_3.595573_3	COG4775	227116	1.67e-78	21.583	BamA	Outer membrane protein assembly factor BamA	M	Cell wall/membrane/envelope biogenesis
NODE_175_length_8390_cov_3.595573_4	COG2911	225463	1.75e-30	17.594	TamB	Autotransporter translocation and assembly protein TamB	U	Intracellular trafficking, secretion, and vesicular transport
NODE_176_length_8367_cov_3.306514_2	COG1247	224168	5.69e-07	27.143	MnaT	L-amino acid N-acyltransferase MnaT	E	Amino acid transport and metabolism
NODE_176_length_8367_cov_3.306514_4	COG4948	227284	7.05e-06	15.929	RspA	L-alanine-DL-glutamate epimerase or related enzyme of enolase superfamily	M	Cell wall/membrane/envelope biogenesis
NODE_176_length_8367_cov_3.306514_6	COG0076	223154	6.72e-38	27.739	GadA	Glutamate or tyrosine decarboxylase or a related PLP-dependent protein	E	Amino acid transport and metabolism
NODE_176_length_8367_cov_3.306514_8	COG0591	223664	5.05e-46	21.739	PutP	Na+/proline symporter	E	Amino acid transport and metabolism
NODE_176_length_8367_cov_3.306514_9	COG2120	225031	4.85e-18	27.273	LmbE	N-acetylglucosaminyl deacetylase, LmbE family	G	Carbohydrate transport and metabolism
NODE_177_length_8328_cov_3.162405_4	COG3710	226233	1.53e-29	30.827	CadC1	DNA-binding winged helix-turn-helix (wHTH) domain	K	Transcription
NODE_177_length_8328_cov_3.162405_5	COG1033	223964	5.75e-63	23.431	MMPL	Predicted exporter protein, RND superfamily	R	General function prediction only
NODE_177_length_8328_cov_3.162405_7	COG0451	223528	1.51e-38	26.667	WcaG	Nucleoside-diphosphate-sugar epimerase	M	Cell wall/membrane/envelope biogenesis
NODE_178_length_8255_cov_3.474810_2	COG0673	223745	2.74e-47	23.446	MviM	Predicted dehydrogenase	R	General function prediction only
NODE_178_length_8255_cov_3.474810_3	COG0723	223795	1.5e-21	27.344	QcrA/PetC	Rieske Fe-S protein	C	Energy production and conversion
NODE_178_length_8255_cov_3.474810_6	COG2706	225333	1.49e-100	36.648	Pgl	6-phosphogluconolactonase, cycloisomerase 2 family	G	Carbohydrate transport and metabolism
NODE_179_length_8254_cov_3.632139_2	COG3618	226145	2.87e-33	30.07		Predicted metal-dependent hydrolase, TIM-barrel fold	R	General function prediction only
NODE_179_length_8254_cov_3.632139_3	COG4771	227112	2.2e-14	19.512	FepA	Outer membrane receptor for ferrienterochelin and colicins	P	Inorganic ion transport and metabolism
NODE_179_length_8254_cov_3.632139_8	COG1595	224511	2.57e-27	34.946	RpoE	DNA-directed RNA polymerase specialized sigma subunit, sigma24 family	K	Transcription
NODE_179_length_8254_cov_3.632139_9	COG0456	223532	2.25e-07	24.306	RimI	Ribosomal protein S18 acetylase RimI and related acetyltransferases	J	Translation, ribosomal structure and biogenesis
NODE_180_length_8131_cov_3.274522_1	COG1312	224231	4.01e-76	28.338	UxuA	D-mannonate dehydratase	G	Carbohydrate transport and metabolism
NODE_180_length_8131_cov_3.274522_2	COG2027	224938	8.16e-31	26.087	DacB	D-alanyl-D-alanine carboxypeptidase	M	Cell wall/membrane/envelope biogenesis
NODE_180_length_8131_cov_3.274522_3	COG2866	225421	0.000355	18.881	MpaA	Murein tripeptide amidase MpaA	M	Cell wall/membrane/envelope biogenesis
NODE_180_length_8131_cov_3.274522_4	COG1272	224191	9.39e-60	42.396	YqfA	Predicted membrane channel-forming protein YqfA, hemolysin III family	U	Intracellular trafficking, secretion, and vesicular transport
NODE_180_length_8131_cov_3.274522_5	COG0673	223745	5.23e-49	24.607	MviM	Predicted dehydrogenase	R	General function prediction only
NODE_181_length_8096_cov_3.516024_3	COG1670	224584	2.8e-07	42.857	RimL	Protein N-acetyltransferase, RimJ/RimL family	J	Translation, ribosomal structure and biogenesis
NODE_181_length_8096_cov_3.516024_4	COG0111	223189	4.51e-85	40.123	SerA	Phosphoglycerate dehydrogenase or related dehydrogenase	H	Coenzyme transport and metabolism
NODE_181_length_8096_cov_3.516024_5	COG1595	224511	5.82e-13	25.275	RpoE	DNA-directed RNA polymerase specialized sigma subunit, sigma24 family	K	Transcription
NODE_181_length_8096_cov_3.516024_6	COG0515	223589	1.3e-50	32.907	SPS1	Serine/threonine protein kinase	T	Signal transduction mechanisms
NODE_181_length_8096_cov_3.516024_9	COG4102	226587	1.14e-06	32.143		Uncharacterized conserved protein, DUF1501 family	S	Function unknown
NODE_182_length_8076_cov_2.972372_4	COG0457	223533	0.000348	21.687	TPR	Tetratricopeptide (TPR) repeat	R	General function prediction only
NODE_182_length_8076_cov_2.972372_6	COG4783	227122	4.32e-10	23.664	BepA	Outer membrane protein chaperone/metalloprotease BepA/YfgC, contains M48 and TPR domains	M	Cell wall/membrane/envelope biogenesis
NODE_182_length_8076_cov_2.972372_7	COG3303	225840	0.000383	23.333	NrfA	Formate-dependent nitrite reductase, periplasmic cytochrome c552 subunit	P	Inorganic ion transport and metabolism
NODE_183_length_8023_cov_4.017493_1	COG0154	223232	0.0	56.936	GatA	Asp-tRNAAsn/Glu-tRNAGln amidotransferase A subunit or related amidase	J	Translation, ribosomal structure and biogenesis
NODE_183_length_8023_cov_4.017493_3	COG2755	225353	1.77e-11	20.571	TesA	Lysophospholipase L1 or related esterase. Includes spore coat protein LipC/YcsK	D	Cell cycle control, cell division, chromosome partitioning
NODE_183_length_8023_cov_4.017493_5	COG1132	224055	3.01e-169	41.315	MdlB	ABC-type multidrug transport system, ATPase and permease component	V	Defense mechanisms
NODE_183_length_8023_cov_4.017493_6	COG1561	224477	4.42e-88	37.884	YicC	Uncharacterized stationary-phase protein YicC, UPF0701 family	S	Function unknown
NODE_183_length_8023_cov_4.017493_7	COG0194	223272	5.73e-85	51.351	Gmk	Guanylate kinase	F	Nucleotide transport and metabolism
NODE_183_length_8023_cov_4.017493_8	COG1758	224672	3.73e-10	35.849	RpoZ	DNA-directed RNA polymerase, subunit K/omega	K	Transcription
NODE_183_length_8023_cov_4.017493_9	COG0452	223529	2.3e-100	56.25	CoaBC	Phosphopantothenoylcysteine synthetase/decarboxylase CoaBC	H	Coenzyme transport and metabolism
NODE_184_length_8022_cov_3.524355_1	COG1802	224715	2.51e-45	33.645	GntR	DNA-binding transcriptional regulator, GntR family	K	Transcription
NODE_184_length_8022_cov_3.524355_2	COG1158	224080	0.0	68.571	Rho	Transcription termination factor Rho	K	Transcription
NODE_184_length_8022_cov_3.524355_4	COG4948	227284	9.44e-108	35.829	RspA	L-alanine-DL-glutamate epimerase or related enzyme of enolase superfamily	M	Cell wall/membrane/envelope biogenesis
NODE_184_length_8022_cov_3.524355_5	COG4783	227122	5.38e-47	34.572	BepA	Outer membrane protein chaperone/metalloprotease BepA/YfgC, contains M48 and TPR domains	M	Cell wall/membrane/envelope biogenesis
NODE_184_length_8022_cov_3.524355_6	COG0577	223650	3.71e-22	20.092	SalY	ABC-type antimicrobial peptide transport system, permease component	V	Defense mechanisms
NODE_185_length_7991_cov_3.361511_1	COG1028	223959	3.37e-38	39.442	FabG	NAD(P)-dependent dehydrogenase, short-chain alcohol dehydrogenase family	I	Lipid transport and metabolism
NODE_185_length_7991_cov_3.361511_2	COG2335	225214	3.82e-54	47.5	FAS1	Uncaracterized surface protein containing fasciclin (FAS1) repeats	R	General function prediction only
NODE_185_length_7991_cov_3.361511_4	COG1738	224652	5.46e-35	27.919	YhhQ	Queuosine precursor transporter YhhQ, DUF165 family	J	Translation, ribosomal structure and biogenesis
NODE_185_length_7991_cov_3.361511_5	COG1496	224413	2.69e-69	38.735	YfiH	Copper oxidase (laccase) domain	P	Inorganic ion transport and metabolism
NODE_185_length_7991_cov_3.361511_6	COG0736	223807	1.16e-30	42.857	AcpS	Phosphopantetheinyl transferase (holo-ACP synthase)	I	Lipid transport and metabolism
NODE_185_length_7991_cov_3.361511_7	COG0405	223482	0.0	49.911	Ggt	Gamma-glutamyltranspeptidase	E	Amino acid transport and metabolism
NODE_185_length_7991_cov_3.361511_8	COG3437	225971	1.36e-23	32.847	RpfG	Response regulator c-di-GMP phosphodiesterase, RpfG family, contains REC and HD-GYP domains	T	Signal transduction mechanisms
NODE_185_length_7991_cov_3.361511_9	COG1940	224851	6.33e-27	28.869	NagC	Sugar kinase of the NBD/HSP70 family, may contain an N-terminal HTH domain	G	Carbohydrate transport and metabolism
NODE_186_length_7971_cov_3.618951_1	COG1020	223951	4.77e-81	33.738	EntF	EntF, seryl-AMP synthase component  of non-ribosomal peptide synthetase	Q	Secondary metabolites biosynthesis, transport and catabolism
NODE_186_length_7971_cov_3.618951_2	COG3293	225830	0.002	24.528		Transposase	X	Mobilome: prophages, transposons
NODE_186_length_7971_cov_3.618951_3	COG1662	224576	1.37e-14	31.452	InsB	Transposase and inactivated derivatives, IS1 family	X	Mobilome: prophages, transposons
NODE_186_length_7971_cov_3.618951_4	COG2865	225420	3.46e-106	34.573		Predicted transcriptional regulator, contains HTH domain	K	Transcription
NODE_186_length_7971_cov_3.618951_5	COG0535	223609	1.37e-16	22.846	SkfB	Radical SAM superfamily maturase, SkfB/NifB/PqqE family	D	Cell cycle control, cell division, chromosome partitioning
NODE_186_length_7971_cov_3.618951_6	COG0599	223672	2.08e-16	27.0	YurZ	Uncharacterized conserved protein YurZ, alkylhydroperoxidase/carboxymuconolactone decarboxylase family	R	General function prediction only
NODE_186_length_7971_cov_3.618951_7	COG3222	225763	1.85e-30	33.5		Uncharacterized conserved protein, glycosyltransferase A (GT-A) superfamily, DUF2064 family	S	Function unknown
NODE_186_length_7971_cov_3.618951_8	COG0463	223539	7.69e-21	28.723	WcaA	Glycosyltransferase involved in cell wall bisynthesis	M	Cell wall/membrane/envelope biogenesis
NODE_187_length_7949_cov_3.397358_1	COG3420	225954	3.13e-64	33.526	NosD	Nitrous oxide reductase accessory protein NosD, contains tandem CASH domains	P	Inorganic ion transport and metabolism
NODE_187_length_7949_cov_3.397358_3	COG4263	226714	9.65e-127	35.459	NosZ	Nitrous oxide reductase	P	Inorganic ion transport and metabolism
NODE_187_length_7949_cov_3.397358_4	COG3474	226005	0.004	24.0	Cyc7	Cytochrome c2	C	Energy production and conversion
NODE_187_length_7949_cov_3.397358_5	COG2846	225402	1.55e-64	34.061	RIC	Iron-sulfur cluster repair protein YtfE, RIC family, contains ScdAN and hemerythrin domains	O	Posttranslational modification, protein turnover, chaperones
NODE_187_length_7949_cov_3.397358_7	COG3945	226454	0.000377	25.51		Hemerythrin domain	R	General function prediction only
NODE_187_length_7949_cov_3.397358_8	COG0664	223736	1.53e-43	34.112	Crp	cAMP-binding domain of CRP or a regulatory subunit of cAMP-dependent protein kinases	T	Signal transduction mechanisms
NODE_188_length_7944_cov_3.594254_2	COG0438	223515	1.25e-39	25.362	RfaB	Glycosyltransferase involved in cell wall bisynthesis	M	Cell wall/membrane/envelope biogenesis
NODE_188_length_7944_cov_3.594254_3	COG0726	223798	5.89e-22	23.651	CDA1	Peptidoglycan/xylan/chitin deacetylase, PgdA/NodB/CDA1 family	G	Carbohydrate transport and metabolism
NODE_188_length_7944_cov_3.594254_4	COG0438	223515	1.68e-38	23.786	RfaB	Glycosyltransferase involved in cell wall bisynthesis	M	Cell wall/membrane/envelope biogenesis
NODE_188_length_7944_cov_3.594254_6	COG1922	224833	7.21e-66	36.325	WecG	UDP-N-acetyl-D-mannosaminuronic acid transferase, WecB/TagA/CpsF family	M	Cell wall/membrane/envelope biogenesis
NODE_188_length_7944_cov_3.594254_7	COG0451	223528	1.9e-69	33.228	WcaG	Nucleoside-diphosphate-sugar epimerase	M	Cell wall/membrane/envelope biogenesis
NODE_188_length_7944_cov_3.594254_8	COG2148	225059	3.67e-54	38.667	WcaJ	Sugar transferase involved in LPS biosynthesis (colanic, teichoic acid)	M	Cell wall/membrane/envelope biogenesis
NODE_189_length_7940_cov_2.814575_1	COG0515	223589	4.82e-26	38.571	SPS1	Serine/threonine protein kinase	T	Signal transduction mechanisms
NODE_189_length_7940_cov_2.814575_2	COG1629	224544	1.21e-50	19.631	CirA	Outer membrane receptor protein, Fe transport	P	Inorganic ion transport and metabolism
NODE_189_length_7940_cov_2.814575_3	COG0642	223715	7.25e-45	32.669	BaeS	Signal transduction histidine kinase	T	Signal transduction mechanisms
NODE_189_length_7940_cov_2.814575_4	COG2124	225035	3.35e-93	31.333	CypX	Cytochrome P450	Q	Secondary metabolites biosynthesis, transport and catabolism
NODE_189_length_7940_cov_2.814575_5	COG0432	223509	4.12e-53	39.855	YjbQ	Thiamin phosphate synthase YjbQ, UPF0047 family	H	Coenzyme transport and metabolism
NODE_190_length_7928_cov_2.463508_3	COG1843	224756	0.003	28.571	FlgD	Flagellar hook-capping protein FlgD	N	Cell motility
NODE_191_length_7895_cov_3.455871_1	COG3293	225830	0.000275	35.0		Transposase	X	Mobilome: prophages, transposons
NODE_191_length_7895_cov_3.455871_2	COG1240	224161	8.72e-12	29.371	ChlD	vWFA (von Willebrand factor type A) domain of Mg and Co chelatases	H	Coenzyme transport and metabolism
NODE_191_length_7895_cov_3.455871_3	COG2870	225425	2.62e-73	57.333	RfaE	ADP-heptose synthase, bifunctional sugar kinase/adenylyltransferase	M	Cell wall/membrane/envelope biogenesis
NODE_191_length_7895_cov_3.455871_4	COG1197	224118	0.0	42.314	Mfd	Transcription-repair coupling factor (superfamily II helicase)	L	Replication, recombination and repair
NODE_191_length_7895_cov_3.455871_5	COG0760	223831	3.35e-15	21.923	SurA	Peptidyl-prolyl isomerase, parvulin family	O	Posttranslational modification, protein turnover, chaperones
NODE_192_length_7852_cov_3.267910_4	COG0550	223624	3.85e-57	34.513	TopA	DNA topoisomerase IA	L	Replication, recombination and repair
NODE_192_length_7852_cov_3.267910_6	COG0600	223673	8.43e-59	42.241	TauC	ABC-type nitrate/sulfonate/bicarbonate transport system, permease component	P	Inorganic ion transport and metabolism
NODE_192_length_7852_cov_3.267910_7	COG1116	224041	1.57e-111	50.612	TauB	ABC-type nitrate/sulfonate/bicarbonate transport system, ATPase component	P	Inorganic ion transport and metabolism
NODE_192_length_7852_cov_3.267910_9	COG0715	223787	9.08e-53	27.308	TauA	ABC-type nitrate/sulfonate/bicarbonate transport system, periplasmic component	P	Inorganic ion transport and metabolism
NODE_192_length_7852_cov_3.267910_10	COG1247	224168	4.35e-06	25.564	MnaT	L-amino acid N-acyltransferase MnaT	E	Amino acid transport and metabolism
NODE_193_length_7833_cov_4.129706_1	COG0459	223535	8.1e-141	51.181	GroEL	Chaperonin GroEL (HSP60 family)	O	Posttranslational modification, protein turnover, chaperones
NODE_193_length_7833_cov_4.129706_2	COG0234	223312	1.87e-46	62.766	GroES	Co-chaperonin GroES (HSP10)	O	Posttranslational modification, protein turnover, chaperones
NODE_193_length_7833_cov_4.129706_3	COG0576	223649	2.95e-22	30.573	GrpE	Molecular chaperone GrpE (heat shock protein HSP-70)	O	Posttranslational modification, protein turnover, chaperones
NODE_193_length_7833_cov_4.129706_4	COG0071	223149	5.74e-39	34.483	IbpA	Small heat shock protein IbpA, HSP20 family	O	Posttranslational modification, protein turnover, chaperones
NODE_193_length_7833_cov_4.129706_6	COG4447	226855	7.8e-25	27.16		Uncharacterized conserved protein related to plant photosystem II stability/assembly factor	R	General function prediction only
NODE_193_length_7833_cov_4.129706_7	COG0465	223541	0.0	51.155	HflB	ATP-dependent Zn proteases	O	Posttranslational modification, protein turnover, chaperones
NODE_194_length_7831_cov_2.613103_1	COG0542	223616	0.0	38.525	ClpA	ATP-dependent Clp protease, ATP-binding subunit ClpA	O	Posttranslational modification, protein turnover, chaperones
NODE_194_length_7831_cov_2.613103_2	COG0459	223535	0.0	47.636	GroEL	Chaperonin GroEL (HSP60 family)	O	Posttranslational modification, protein turnover, chaperones
NODE_194_length_7831_cov_2.613103_3	COG0576	223649	3.61e-30	29.469	GrpE	Molecular chaperone GrpE (heat shock protein HSP-70)	O	Posttranslational modification, protein turnover, chaperones
NODE_194_length_7831_cov_2.613103_5	COG0542	223616	0.0	56.647	ClpA	ATP-dependent Clp protease, ATP-binding subunit ClpA	O	Posttranslational modification, protein turnover, chaperones
NODE_195_length_7812_cov_3.418746_1	COG2346	225223	4.03e-15	26.724	YjbI	Truncated hemoglobin YjbI	P	Inorganic ion transport and metabolism
NODE_195_length_7812_cov_3.418746_2	COG3511	226042	6.71e-20	25.651	PlcC	Phospholipase C	M	Cell wall/membrane/envelope biogenesis
NODE_195_length_7812_cov_3.418746_4	COG4102	226587	2.99e-05	19.565		Uncharacterized conserved protein, DUF1501 family	S	Function unknown
NODE_195_length_7812_cov_3.418746_5	COG4922	227259	3.09e-40	38.76		Predicted SnoaL-like aldol condensation-catalyzing enzyme	R	General function prediction only
NODE_196_length_7784_cov_3.122875_1	COG0755	223826	2.41e-20	23.137	CcmC	ABC-type transport system involved in cytochrome c biogenesis, permease component	O	Posttranslational modification, protein turnover, chaperones
NODE_196_length_7784_cov_3.122875_2	COG0373	223450	1.58e-133	46.626	HemA	Glutamyl-tRNA reductase	H	Coenzyme transport and metabolism
NODE_196_length_7784_cov_3.122875_4	COG0242	223320	2.34e-38	32.353	Def	Peptide deformylase	J	Translation, ribosomal structure and biogenesis
NODE_196_length_7784_cov_3.122875_5	COG0243	223321	1.37e-135	24.159	BisC	Anaerobic selenocysteine-containing dehydrogenase	C	Energy production and conversion
NODE_196_length_7784_cov_3.122875_6	COG0797	223868	3.58e-34	54.43	RlpA	Peptidoglycan lytic transglycosylase RlpA, contains C-terminal SPOR domain	M	Cell wall/membrane/envelope biogenesis
NODE_197_length_7771_cov_2.976215_1	COG0631	223704	1.18e-60	32.669	PTC1	Serine/threonine protein phosphatase PrpC	T	Signal transduction mechanisms
NODE_197_length_7771_cov_2.976215_2	COG0772	223843	3.37e-41	26.111	FtsW	Peptodoglycan polymerase FtsW/RodA/SpoVE	D	Cell cycle control, cell division, chromosome partitioning
NODE_197_length_7771_cov_2.976215_3	COG2337	225216	5.67e-16	31.373	MazF	mRNA-degrading endonuclease MazF, toxin component of the MazEF toxin-antitoxin module	V	Defense mechanisms
NODE_197_length_7771_cov_2.976215_5	COG0266	223344	6.51e-60	42.405	Nei	Formamidopyrimidine-DNA glycosylase	L	Replication, recombination and repair
NODE_197_length_7771_cov_2.976215_6	COG0266	223344	2.52e-38	40.0	Nei	Formamidopyrimidine-DNA glycosylase	L	Replication, recombination and repair
NODE_197_length_7771_cov_2.976215_7	COG0438	223515	3.98e-55	31.043	RfaB	Glycosyltransferase involved in cell wall bisynthesis	M	Cell wall/membrane/envelope biogenesis
NODE_197_length_7771_cov_2.976215_8	COG0564	223638	3.53e-96	47.387	RluA	Pseudouridine synthase RluA, 23S rRNA- or tRNA-specific	J	Translation, ribosomal structure and biogenesis
NODE_197_length_7771_cov_2.976215_9	COG0443	223520	1.56e-59	52.542	DnaK	Molecular chaperone DnaK (HSP70)	O	Posttranslational modification, protein turnover, chaperones
NODE_198_length_7751_cov_3.485536_1	COG0515	223589	4.97e-55	32.372	SPS1	Serine/threonine protein kinase	T	Signal transduction mechanisms
NODE_198_length_7751_cov_3.485536_3	COG1506	224423	0.001	22.148	DAP2	Dipeptidyl aminopeptidase/acylaminoacyl peptidase	E	Amino acid transport and metabolism
NODE_198_length_7751_cov_3.485536_4	COG3604	226132	9.35e-180	42.243	FhlA	FhlA-type transcriptional regulator, contains GAF, AAA-type ATPase, and DNA-binding Fis domains	K	Transcription
NODE_198_length_7751_cov_3.485536_5	COG3968	226477	0.0	52.407	GlnA3	Glutamine synthetase type III	E	Amino acid transport and metabolism
NODE_199_length_7744_cov_3.463545_1	COG0524	223598	6.53e-13	34.921	RbsK	Sugar or nucleoside kinase, ribokinase family	G	Carbohydrate transport and metabolism
NODE_199_length_7744_cov_3.463545_3	COG0607	223680	1.33e-07	27.692	PspE	Rhodanese-related sulfurtransferase	P	Inorganic ion transport and metabolism
NODE_199_length_7744_cov_3.463545_4	COG2897	225450	0.000146	39.13	SseA	3-mercaptopyruvate sulfurtransferase SseA, contains two rhodanese domains	P	Inorganic ion transport and metabolism
NODE_199_length_7744_cov_3.463545_5	COG1734	224648	1.06e-27	40.0	DksA	RNA polymerase-binding transcription factor DksA	K	Transcription
NODE_199_length_7744_cov_3.463545_6	COG1576	224492	6.2e-45	40.385	RlmH	23S rRNA pseudoU1915 N3-methylase RlmH	J	Translation, ribosomal structure and biogenesis
NODE_199_length_7744_cov_3.463545_7	COG0799	223870	7.81e-52	50.926	RsfS	Ribosomal silencing factor RsfS, regulates association of 30S and 50S subunits	J	Translation, ribosomal structure and biogenesis
NODE_199_length_7744_cov_3.463545_8	COG1057	223985	2.67e-59	32.579	NadD	Nicotinate-nucleotide adenylyltransferase NadD	H	Coenzyme transport and metabolism
NODE_199_length_7744_cov_3.463545_9	COG0536	223610	1.49e-161	56.734	Obg	GTPase involved in cell partioning and DNA repair	D	Cell cycle control, cell division, chromosome partitioning
NODE_199_length_7744_cov_3.463545_10	COG0211	223289	7.57e-42	56.977	RpmA	Ribosomal protein L27	J	Translation, ribosomal structure and biogenesis
NODE_199_length_7744_cov_3.463545_11	COG0261	223339	3.92e-29	56.863	RplU	Ribosomal protein L21	J	Translation, ribosomal structure and biogenesis
NODE_199_length_7744_cov_3.463545_12	COG4591	226957	6.79e-106	38.717	LolE	ABC-type transport system involved in lipoprotein release, permease component LolC	M	Cell wall/membrane/envelope biogenesis
NODE_199_length_7744_cov_3.463545_13	COG1230	224151	7.39e-86	45.378	CzcD	Co/Zn/Cd efflux system component	P	Inorganic ion transport and metabolism
NODE_200_length_7738_cov_3.597703_1	COG2128	225039	2.98e-11	28.977	YciW	Alkylhydroperoxidase family enzyme, contains CxxC motif	P	Inorganic ion transport and metabolism
NODE_200_length_7738_cov_3.597703_2	COG1629	224544	1.54e-06	15.863	CirA	Outer membrane receptor protein, Fe transport	P	Inorganic ion transport and metabolism
NODE_200_length_7738_cov_3.597703_3	COG4585	226951	4.13e-58	33.913	ComP	Signal transduction histidine kinase ComP	T	Signal transduction mechanisms
NODE_201_length_7713_cov_3.112624_1	COG0265	223343	3.2e-08	24.186	DegQ	Periplasmic serine protease, S1-C subfamily, contain C-terminal PDZ domain	O	Posttranslational modification, protein turnover, chaperones
NODE_201_length_7713_cov_3.112624_2	COG4911	227248	5.69e-14	25.806		Uncharacterized conserved protein, DUF2203 domain	S	Function unknown
NODE_201_length_7713_cov_3.112624_3	COG2206	225116	2.92e-60	47.12	HDGYP	HD-GYP domain, c-di-GMP phosphodiesterase class II (or its inactivated variant)	T	Signal transduction mechanisms
NODE_201_length_7713_cov_3.112624_5	COG4447	226855	2.92e-15	24.775		Uncharacterized conserved protein related to plant photosystem II stability/assembly factor	R	General function prediction only
NODE_201_length_7713_cov_3.112624_6	COG0668	223740	1.14e-45	30.739	MscS	Small-conductance mechanosensitive channel	M	Cell wall/membrane/envelope biogenesis
NODE_202_length_7700_cov_3.233465_2	COG0235	223313	6.73e-53	35.149	AraD	5-methylthioribulose/5-deoxyribulose/Fuculose 1-phosphate aldolase (methionine salvage, sugar degradation)	E	Amino acid transport and metabolism
NODE_202_length_7700_cov_3.233465_3	COG3391	225926	1.78e-32	29.373	YncE	DNA-binding beta-propeller fold protein YncE	R	General function prediction only
NODE_202_length_7700_cov_3.233465_4	COG3540	226070	0.0	40.876	PhoD	Phosphodiesterase/alkaline phosphatase D	P	Inorganic ion transport and metabolism
NODE_203_length_7691_cov_3.364066_1	COG0457	223533	6.26e-08	32.394	TPR	Tetratricopeptide (TPR) repeat	R	General function prediction only
NODE_203_length_7691_cov_3.364066_2	COG4447	226855	5.52e-30	25.243		Uncharacterized conserved protein related to plant photosystem II stability/assembly factor	R	General function prediction only
NODE_203_length_7691_cov_3.364066_3	COG1596	224512	8.8e-41	41.765	Wza	Periplasmic protein Wza involved in polysaccharide export, contains SLBB domain of the beta-grasp fold	M	Cell wall/membrane/envelope biogenesis
NODE_203_length_7691_cov_3.364066_4	COG2148	225059	4.95e-82	51.832	WcaJ	Sugar transferase involved in LPS biosynthesis (colanic, teichoic acid)	M	Cell wall/membrane/envelope biogenesis
NODE_203_length_7691_cov_3.364066_5	COG0489	223563	1.29e-34	32.653	Mrp	Fe-S cluster carrier ATPase, Mrp/ApbC/NBP35 family	D	Cell cycle control, cell division, chromosome partitioning
NODE_203_length_7691_cov_3.364066_6	COG3267	225806	9.5e-56	36.641	ExeA	Type II secretory pathway ATPase component GspA/ExeA/MshM	U	Intracellular trafficking, secretion, and vesicular transport
NODE_203_length_7691_cov_3.364066_7	COG3206	225747	3.16e-06	20.833	GumC	Exopolysaccharide export protein/domain GumC/Wzc1	M	Cell wall/membrane/envelope biogenesis
NODE_204_length_7689_cov_3.798739_1	COG0457	223533	7.61e-12	28.464	TPR	Tetratricopeptide (TPR) repeat	R	General function prediction only
NODE_204_length_7689_cov_3.798739_2	COG3710	226233	5.36e-36	36.719	CadC1	DNA-binding winged helix-turn-helix (wHTH) domain	K	Transcription
NODE_204_length_7689_cov_3.798739_3	COG3083	225625	0.007	25.806	YejM	Periplasmic protein PbgA/YejM, regulator of the LPS biosynthesis, AlkP superfamily	M	Cell wall/membrane/envelope biogenesis
NODE_204_length_7689_cov_3.798739_5	COG3170	225711	0.008	19.565	FimV	Type IV pilus assembly protein FimV	N	Cell motility
NODE_204_length_7689_cov_3.798739_6	COG1350	224269	0.0	63.977		Predicted alternative tryptophan synthase beta-subunit (paralog of TrpB)	E	Amino acid transport and metabolism
NODE_205_length_7650_cov_3.005942_1	COG1127	224052	5.51e-22	48.936	MlaF	ATPase subunit MlaF of the ABC-type intermembrane phospholipid transporter Mla	M	Cell wall/membrane/envelope biogenesis
NODE_205_length_7650_cov_3.005942_2	COG0767	223838	1.13e-75	47.881	MlaE	Permease subunit MlaE of the ABC-type intermembrane phospholipid transporter Mla	M	Cell wall/membrane/envelope biogenesis
NODE_205_length_7650_cov_3.005942_3	COG2719	225340	6.61e-165	35.425	SpoVR	Stage V sporulation protein SpoVR/YcgB, involved in spore cortex formation (function unknown)	D	Cell cycle control, cell division, chromosome partitioning
NODE_205_length_7650_cov_3.005942_5	COG2402	225266	2.21e-14	22.727		Predicted nucleic acid-binding protein, contains PIN domain	R	General function prediction only
NODE_205_length_7650_cov_3.005942_6	COG2197	225107	1.72e-26	27.941	CitB	DNA-binding response regulator, NarL/FixJ family, contains REC and HTH domains	T	Signal transduction mechanisms
NODE_205_length_7650_cov_3.005942_7	COG4585	226951	8.77e-36	30.417	ComP	Signal transduction histidine kinase ComP	T	Signal transduction mechanisms
NODE_206_length_7590_cov_3.213364_1	COG0300	223377	8.54e-31	30.935	YqjQ	Short-chain dehydrogenase	R	General function prediction only
NODE_206_length_7590_cov_3.213364_2	COG3967	226476	1.44e-07	41.026	DltE	Short-chain dehydrogenase involved in D-alanine esterification of teichoic acids	M	Cell wall/membrane/envelope biogenesis
NODE_206_length_7590_cov_3.213364_3	COG0162	223240	2.6e-146	41.646	TyrS	Tyrosyl-tRNA synthetase	J	Translation, ribosomal structure and biogenesis
NODE_206_length_7590_cov_3.213364_5	COG1240	224161	6.5e-07	23.699	ChlD	vWFA (von Willebrand factor type A) domain of Mg and Co chelatases	H	Coenzyme transport and metabolism
NODE_206_length_7590_cov_3.213364_6	COG1595	224511	1.15e-10	31.138	RpoE	DNA-directed RNA polymerase specialized sigma subunit, sigma24 family	K	Transcription
NODE_206_length_7590_cov_3.213364_7	COG0515	223589	1.51e-34	37.647	SPS1	Serine/threonine protein kinase	T	Signal transduction mechanisms
NODE_206_length_7590_cov_3.213364_8	COG0515	223589	2.19e-09	22.556	SPS1	Serine/threonine protein kinase	T	Signal transduction mechanisms
NODE_207_length_7580_cov_3.805411_1	COG0673	223745	4.47e-26	39.091	MviM	Predicted dehydrogenase	R	General function prediction only
NODE_207_length_7580_cov_3.805411_2	COG0673	223745	5.18e-52	22.539	MviM	Predicted dehydrogenase	R	General function prediction only
NODE_207_length_7580_cov_3.805411_3	COG0673	223745	1.13e-36	22.895	MviM	Predicted dehydrogenase	R	General function prediction only
NODE_208_length_7574_cov_3.130052_1	COG0135	223213	1.7e-72	45.146	TrpF	Phosphoribosylanthranilate isomerase	E	Amino acid transport and metabolism
NODE_208_length_7574_cov_3.130052_2	COG0134	223212	2.05e-103	50.196	TrpC	Indole-3-glycerol phosphate synthase	E	Amino acid transport and metabolism
NODE_208_length_7574_cov_3.130052_3	COG2120	225031	6.94e-30	30.769	LmbE	N-acetylglucosaminyl deacetylase, LmbE family	G	Carbohydrate transport and metabolism
NODE_208_length_7574_cov_3.130052_4	COG1278	224197	7.69e-31	53.125	CspC	Cold shock protein, CspA family	K	Transcription
NODE_208_length_7574_cov_3.130052_5	COG0215	223293	0.0	50.424	CysS	Cysteinyl-tRNA synthetase	J	Translation, ribosomal structure and biogenesis
NODE_208_length_7574_cov_3.130052_6	COG0160	223238	0.0	52.125	ArgD	Acetylornithine aminotransferase/4-aminobutyrate aminotransferase	E	Amino acid transport and metabolism
NODE_208_length_7574_cov_3.130052_7	COG0776	223847	6.99e-31	42.529	HimA	Bacterial nucleoid DNA-binding protein IHF-alpha	L	Replication, recombination and repair
NODE_208_length_7574_cov_3.130052_8	COG0789	223860	2.24e-13	29.412	SoxR	DNA-binding transcriptional regulator, MerR family	K	Transcription
NODE_209_length_7530_cov_3.706829_6	COG1610	224526	6.85e-39	47.651	YqeY	Uncharacterized conserved protein YqeY, may have tRNA amino acid amidase activity	R	General function prediction only
NODE_209_length_7530_cov_3.706829_7	COG0544	223618	2.38e-95	34.228	Tig	FKBP-type peptidyl-prolyl cis-trans isomerase (trigger factor)	O	Posttranslational modification, protein turnover, chaperones
NODE_209_length_7530_cov_3.706829_8	COG0740	223811	6.05e-111	69.072	ClpP	ATP-dependent protease ClpP, protease subunit	O	Posttranslational modification, protein turnover, chaperones
NODE_209_length_7530_cov_3.706829_9	COG1219	224140	1.27e-07	32.432	ClpX	ATP-dependent protease Clp, ATPase subunit ClpX	O	Posttranslational modification, protein turnover, chaperones
NODE_209_length_7530_cov_3.706829_10	COG1219	224140	0.0	65.729	ClpX	ATP-dependent protease Clp, ATPase subunit ClpX	O	Posttranslational modification, protein turnover, chaperones
NODE_210_length_7524_cov_3.577817_1	COG2303	225186	2.67e-16	36.842	BetA	Choline dehydrogenase or related flavoprotein	I	Lipid transport and metabolism
NODE_210_length_7524_cov_3.577817_4	COG0187	223265	0.0	49.031	GyrB	DNA gyrase/topoisomerase IV, subunit B	L	Replication, recombination and repair
NODE_210_length_7524_cov_3.577817_5	COG1195	224116	8.66e-95	36.957	RecF	Recombinational DNA repair ATPase RecF	L	Replication, recombination and repair
NODE_210_length_7524_cov_3.577817_6	COG0022	223101	8.49e-131	47.13	AcoB	Pyruvate/2-oxoglutarate/acetoin dehydrogenase complex, dehydrogenase (E1) component, beta subunit	C	Energy production and conversion
NODE_210_length_7524_cov_3.577817_7	COG0388	223465	5.25e-05	41.026	Nit2	Omega-amidase YafV/Nit2, hydrolyzes alpha-ketoglutaramate	C	Energy production and conversion
NODE_211_length_7502_cov_3.191111_1	COG0312	223389	7.17e-17	21.918	TldD	Zn-dependent protease PmbA/TldA or its inactivated homolog	R	General function prediction only
NODE_211_length_7502_cov_3.191111_2	COG5552	227839	1.48e-26	62.162		Uncharacterized conserved protein, DUF2277 domain	S	Function unknown
NODE_211_length_7502_cov_3.191111_3	COG0836	223906	1.2e-136	41.003	CpsB	Mannose-1-phosphate guanylyltransferase	M	Cell wall/membrane/envelope biogenesis
NODE_211_length_7502_cov_3.191111_4	COG0607	223680	3.71e-23	38.614	PspE	Rhodanese-related sulfurtransferase	P	Inorganic ion transport and metabolism
NODE_211_length_7502_cov_3.191111_5	COG0741	223812	1.21e-19	31.14	MltE	Soluble lytic murein transglycosylase or regulatory protein s ( may contain LysM/invasin domain)	M	Cell wall/membrane/envelope biogenesis
NODE_211_length_7502_cov_3.191111_8	COG4867	227204	6.44e-78	26.721		Uncharacterized conserved protein, contains von Willebrand factor type A (vWFA) domain	S	Function unknown
NODE_212_length_7494_cov_2.672107_1	COG3144	225686	0.000129	23.308	FliK	Flagellar hook-length control protein FliK	N	Cell motility
NODE_212_length_7494_cov_2.672107_2	COG1843	224756	2.69e-19	33.721	FlgD	Flagellar hook-capping protein FlgD	N	Cell motility
NODE_212_length_7494_cov_2.672107_3	COG1749	224663	1.59e-103	37.385	FlgE	Flagellar hook protein FlgE	N	Cell motility
NODE_212_length_7494_cov_2.672107_4	COG1291	224210	1.95e-75	35.74	MotA	Flagellar motor component MotA	N	Cell motility
NODE_212_length_7494_cov_2.672107_5	COG1360	224279	1.52e-60	31.579	MotB	Flagellar motor protein MotB	N	Cell motility
NODE_212_length_7494_cov_2.672107_6	COG1580	224496	1.19e-11	23.711	FliL	Flagellar basal body-associated protein FliL	N	Cell motility
NODE_212_length_7494_cov_2.672107_7	COG1886	224798	9.35e-18	42.308	FliN	Flagellar motor switch/type III secretory pathway protein FliN	N	Cell motility
NODE_212_length_7494_cov_2.672107_8	COG3190	225731	3.73e-18	27.731	FliO	Flagellar biogenesis protein FliO	N	Cell motility
NODE_213_length_7462_cov_3.383480_1	COG0050	223128	1.36e-62	81.72	TufA	Translation elongation factor EF-Tu, a GTPase	J	Translation, ribosomal structure and biogenesis
NODE_213_length_7462_cov_3.383480_2	COG0480	223556	0.0	67.143	FusA	Translation elongation factor EF-G, a GTPase	J	Translation, ribosomal structure and biogenesis
NODE_213_length_7462_cov_3.383480_3	COG0049	223127	4.09e-79	62.838	RpsG	Ribosomal protein S7	J	Translation, ribosomal structure and biogenesis
NODE_213_length_7462_cov_3.383480_4	COG0048	223126	4.35e-72	74.59	RpsL	Ribosomal protein S12	J	Translation, ribosomal structure and biogenesis
NODE_213_length_7462_cov_3.383480_6	COG0558	223632	1.09e-21	27.072	PgsA	Phosphatidylglycerophosphate synthase	I	Lipid transport and metabolism
NODE_213_length_7462_cov_3.383480_7	COG0628	223701	3.49e-51	36.364	PerM	Predicted PurR-regulated permease PerM	R	General function prediction only
NODE_213_length_7462_cov_3.383480_8	COG0443	223520	3.11e-70	60.625	DnaK	Molecular chaperone DnaK (HSP70)	O	Posttranslational modification, protein turnover, chaperones
NODE_214_length_7430_cov_3.270910_2	COG1595	224511	2.17e-47	37.43	RpoE	DNA-directed RNA polymerase specialized sigma subunit, sigma24 family	K	Transcription
NODE_214_length_7430_cov_3.270910_3	COG5660	227947	0.001	24.39	YlaD	Anti-sigma-YlaC factor YlaD, contains Zn-finger domain	T	Signal transduction mechanisms
NODE_214_length_7430_cov_3.270910_4	COG0484	223560	1.2e-08	37.037	DnaJ	DnaJ-class molecular chaperone with C-terminal Zn finger domain	O	Posttranslational modification, protein turnover, chaperones
NODE_214_length_7430_cov_3.270910_5	COG1404	224322	2.91e-40	34.441	AprE	Serine protease, subtilisin family	O	Posttranslational modification, protein turnover, chaperones
NODE_214_length_7430_cov_3.270910_8	COG2021	224932	4.92e-62	32.5	MET2	Homoserine O-acetyltransferase	E	Amino acid transport and metabolism
NODE_215_length_7413_cov_2.958424_1	COG0591	223664	2.7e-21	25.751	PutP	Na+/proline symporter	E	Amino acid transport and metabolism
NODE_215_length_7413_cov_2.958424_2	COG1472	224389	1.11e-78	35.484	BglX	Periplasmic beta-glucosidase and related glycosidases	G	Carbohydrate transport and metabolism
NODE_215_length_7413_cov_2.958424_4	COG0356	223433	1.36e-39	32.857	AtpB	FoF1-type ATP synthase, membrane subunit a	C	Energy production and conversion
NODE_215_length_7413_cov_2.958424_5	COG0636	223709	4.73e-08	42.029	AtpE	FoF1-type ATP synthase, membrane subunit c/Archaeal/vacuolar-type H+-ATPase, subunit K	C	Energy production and conversion
NODE_215_length_7413_cov_2.958424_6	COG4149	226629	6.46e-77	54.974	ModB	ABC-type molybdate transport system, permease component ModB	P	Inorganic ion transport and metabolism
NODE_215_length_7413_cov_2.958424_7	COG4148	226628	1.52e-92	36.667	ModC	ABC-type molybdate transport system, ATPase component ModC	P	Inorganic ion transport and metabolism
NODE_216_length_7371_cov_3.357143_1	COG0346	223423	6.34e-08	23.016	GloA	Catechol 2,3-dioxygenase or related enzyme, vicinal oxygen chelate (VOC) family	Q	Secondary metabolites biosynthesis, transport and catabolism
NODE_216_length_7371_cov_3.357143_2	COG3795	226318	0.000198	24.138	YCII	5-chloro-2-hydroxyhydroquinone dehydrochlorinase TtfG, YCII superfamily	Q	Secondary metabolites biosynthesis, transport and catabolism
NODE_216_length_7371_cov_3.357143_8	COG2755	225353	9.15e-05	21.845	TesA	Lysophospholipase L1 or related esterase. Includes spore coat protein LipC/YcsK	D	Cell cycle control, cell division, chromosome partitioning
NODE_217_length_7358_cov_3.779426_2	COG2234	225143	3.5e-17	20.561	Iap	Zn-dependent amino- or carboxypeptidase, M28 family	O	Posttranslational modification, protein turnover, chaperones
NODE_217_length_7358_cov_3.779426_3	COG0497	223571	0.000111	20.988	RecN	DNA repair ATPase RecN	L	Replication, recombination and repair
NODE_217_length_7358_cov_3.779426_4	COG0288	223365	5.44e-72	44.615	CynT	Carbonic anhydrase	P	Inorganic ion transport and metabolism
NODE_217_length_7358_cov_3.779426_5	COG0659	223732	1.87e-86	29.616	SUL1	Sulfate permease or related transporter, MFS superfamily	P	Inorganic ion transport and metabolism
NODE_217_length_7358_cov_3.779426_6	COG1446	224363	7.23e-77	34.862	IaaA	Isoaspartyl peptidase or L-asparaginase, Ntn-hydrolase superfamily	E	Amino acid transport and metabolism
NODE_218_length_7355_cov_3.453696_1	COG1136	224059	1.36e-69	46.626	LolD	ABC-type lipoprotein export system, ATPase component	M	Cell wall/membrane/envelope biogenesis
NODE_218_length_7355_cov_3.453696_2	COG0542	223616	0.0	48.987	ClpA	ATP-dependent Clp protease, ATP-binding subunit ClpA	O	Posttranslational modification, protein turnover, chaperones
NODE_218_length_7355_cov_3.453696_3	COG4775	227116	9.16e-96	25.033	BamA	Outer membrane protein assembly factor BamA	M	Cell wall/membrane/envelope biogenesis
NODE_218_length_7355_cov_3.453696_4	COG2825	225381	4.06e-13	21.429	HlpA	Periplasmic chaperone for outer membrane proteins, Skp family	M	Cell wall/membrane/envelope biogenesis
NODE_219_length_7353_cov_2.897746_2	COG0457	223533	4.7e-08	26.02	TPR	Tetratricopeptide (TPR) repeat	R	General function prediction only
NODE_219_length_7353_cov_2.897746_3	COG2207	225117	1.54e-35	37.19	AraC	AraC-type DNA-binding domain and AraC-containing proteins	K	Transcription
NODE_219_length_7353_cov_2.897746_6	COG3220	225761	4.65e-49	34.323		Uncharacterized conserved protein, UPF0276 family	S	Function unknown
NODE_219_length_7353_cov_2.897746_7	COG3211	225752	0.004	23.301	PhoX	Secreted phosphatase, PhoX family	R	General function prediction only
NODE_219_length_7353_cov_2.897746_8	COG3227	225768	1.76e-118	39.331	LasB	Zn-dependent metalloprotease (Neutral protease B)	O	Posttranslational modification, protein turnover, chaperones
NODE_220_length_7348_cov_3.182231_2	COG0330	223407	4.32e-37	36.715	HflC	Regulator of protease activity HflC, stomatin/prohibitin superfamily	O	Posttranslational modification, protein turnover, chaperones
NODE_220_length_7348_cov_3.182231_4	COG0642	223715	7.49e-65	43.333	BaeS	Signal transduction histidine kinase	T	Signal transduction mechanisms
NODE_220_length_7348_cov_3.182231_6	COG2206	225116	4.95e-43	38.608	HDGYP	HD-GYP domain, c-di-GMP phosphodiesterase class II (or its inactivated variant)	T	Signal transduction mechanisms
NODE_220_length_7348_cov_3.182231_7	COG0484	223560	4.64e-07	33.871	DnaJ	DnaJ-class molecular chaperone with C-terminal Zn finger domain	O	Posttranslational modification, protein turnover, chaperones
NODE_220_length_7348_cov_3.182231_8	COG1377	224295	1.56e-116	41.88	FlhB	Flagellar biosynthesis protein FlhB	N	Cell motility
NODE_221_length_7321_cov_3.660409_1	COG1310	224229	4.29e-14	32.11	Rri1	Proteasome lid subunit RPN8/RPN11, contains Jab1/MPN domain metalloenzyme (JAMM) motif	O	Posttranslational modification, protein turnover, chaperones
NODE_221_length_7321_cov_3.660409_2	COG0673	223745	1.91e-10	19.643	MviM	Predicted dehydrogenase	R	General function prediction only
NODE_221_length_7321_cov_3.660409_3	COG4235	226687	0.000876	25.0	NrfG	Cytochrome c-type biogenesis protein CcmH/NrfG	C	Energy production and conversion
NODE_221_length_7321_cov_3.660409_4	COG0603	223676	6.72e-82	46.818	QueC	7-cyano-7-deazaguanine synthase (queuosine biosynthesis)	J	Translation, ribosomal structure and biogenesis
NODE_221_length_7321_cov_3.660409_5	COG0602	223675	4.04e-43	29.412	QueE	Organic radical activating enzyme NrdG/QueE	H	Coenzyme transport and metabolism
NODE_221_length_7321_cov_3.660409_6	COG2318	225200	6.14e-08	35.714	DinB	Bacillithiol/mycothiol S-transferase BstA/DinB, DinB/YfiT family (unrelated to E. coli DinB)	Q	Secondary metabolites biosynthesis, transport and catabolism
NODE_221_length_7321_cov_3.660409_7	COG0364	223441	0.0	57.551	Zwf	Glucose-6-phosphate 1-dehydrogenase	G	Carbohydrate transport and metabolism
NODE_222_length_7306_cov_2.970120_1	COG1595	224511	6.1e-45	35.838	RpoE	DNA-directed RNA polymerase specialized sigma subunit, sigma24 family	K	Transcription
NODE_222_length_7306_cov_2.970120_3	COG5662	227949	4.84e-06	23.466	RsiW	Transmembrane transcriptional regulator RsiW (anti-sigma-W factor)	K	Transcription
NODE_222_length_7306_cov_2.970120_4	COG1473	224390	2.84e-160	42.643	AbgB	Metal-dependent amidase/aminoacylase/carboxypeptidase	R	General function prediction only
NODE_222_length_7306_cov_2.970120_5	COG1629	224544	1.05e-05	14.73	CirA	Outer membrane receptor protein, Fe transport	P	Inorganic ion transport and metabolism
NODE_223_length_7209_cov_3.234296_1	COG2318	225200	0.000269	32.692	DinB	Bacillithiol/mycothiol S-transferase BstA/DinB, DinB/YfiT family (unrelated to E. coli DinB)	Q	Secondary metabolites biosynthesis, transport and catabolism
NODE_223_length_7209_cov_3.234296_2	COG1028	223959	3.82e-47	35.51	FabG	NAD(P)-dependent dehydrogenase, short-chain alcohol dehydrogenase family	I	Lipid transport and metabolism
NODE_223_length_7209_cov_3.234296_3	COG0388	223465	8.66e-07	30.208	Nit2	Omega-amidase YafV/Nit2, hydrolyzes alpha-ketoglutaramate	C	Energy production and conversion
NODE_223_length_7209_cov_3.234296_4	COG0388	223465	0.001	25.51	Nit2	Omega-amidase YafV/Nit2, hydrolyzes alpha-ketoglutaramate	C	Energy production and conversion
NODE_223_length_7209_cov_3.234296_6	COG0620	223693	2.25e-50	27.171	MetE	Methionine synthase II (cobalamin-independent)	E	Amino acid transport and metabolism
NODE_223_length_7209_cov_3.234296_7	COG3385	225920	5.57e-05	30.667	InsG	IS4 transposase InsG	X	Mobilome: prophages, transposons
NODE_223_length_7209_cov_3.234296_8	COG2220	225130	1.01e-10	27.966	UlaG	L-ascorbate lactonase UlaG, metallo-beta-lactamase superfamily	G	Carbohydrate transport and metabolism
NODE_223_length_7209_cov_3.234296_9	COG2200	225110	1.29e-111	53.846	EAL	EAL domain, c-di-GMP-specific phosphodiesterase class I (or its enzymatically inactive variant)	T	Signal transduction mechanisms
NODE_224_length_7208_cov_3.271350_2	COG2204	225114	0.0	46.795	AtoC	DNA-binding transcriptional response regulator, NtrC family, contains REC, AAA-type ATPase, and a Fis-type DNA-binding domains	T	Signal transduction mechanisms
NODE_224_length_7208_cov_3.271350_4	COG1132	224055	0.0	41.136	MdlB	ABC-type multidrug transport system, ATPase and permease component	V	Defense mechanisms
NODE_224_length_7208_cov_3.271350_5	COG2940	225491	1.14e-17	31.126	SET	SET domain-containing protein (function unknown)	R	General function prediction only
NODE_224_length_7208_cov_3.271350_6	COG1619	224534	9.29e-110	42.902	LdcA	Muramoyltetrapeptide carboxypeptidase LdcA (peptidoglycan recycling)	M	Cell wall/membrane/envelope biogenesis
NODE_225_length_7194_cov_3.592384_1	COG0277	223354	3.52e-64	26.829	GlcD	FAD/FMN-containing lactate dehydrogenase/glycolate oxidase	C	Energy production and conversion
NODE_225_length_7194_cov_3.592384_2	COG0822	223892	8.11e-32	37.5	IscU	Fe-S cluster assembly scaffold protein IscU, NifU family	O	Posttranslational modification, protein turnover, chaperones
NODE_225_length_7194_cov_3.592384_3	COG1104	224029	0.0	58.098	NifS	Cysteine desulfurase/Cysteine sulfinate desulfinase IscS or related enzyme, NifS family	E	Amino acid transport and metabolism
NODE_225_length_7194_cov_3.592384_5	COG1912	224824	7.46e-93	45.455		Stereoselective (R,S)-S-adenosylmethionine hydrolase (adenosine-forming)	H	Coenzyme transport and metabolism
NODE_225_length_7194_cov_3.592384_6	COG0294	223371	1.29e-89	42.96	FolP	Dihydropteroate synthase	H	Coenzyme transport and metabolism
NODE_225_length_7194_cov_3.592384_7	COG2199	225109	9.02e-52	45.614	GGDEF	GGDEF domain, diguanylate cyclase (c-di-GMP synthetase) or its enzymatically inactive variants	T	Signal transduction mechanisms
NODE_226_length_7168_cov_3.505570_1	COG1181	224102	6.56e-131	43.662	DdlA	D-alanine-D-alanine ligase or related ATP-grasp enzyme	M	Cell wall/membrane/envelope biogenesis
NODE_226_length_7168_cov_3.505570_3	COG5267	227592	9e-53	23.061		Uncharacterized conserved protein, DUF1800 family	S	Function unknown
NODE_226_length_7168_cov_3.505570_4	COG4102	226587	1.3e-36	26.087		Uncharacterized conserved protein, DUF1501 family	S	Function unknown
NODE_227_length_7167_cov_3.706629_1	COG0457	223533	6.88e-17	25.758	TPR	Tetratricopeptide (TPR) repeat	R	General function prediction only
NODE_228_length_7161_cov_3.401609_1	COG1409	224327	1.24e-30	24.719	CpdA	3',5'-cyclic AMP phosphodiesterase CpdA	T	Signal transduction mechanisms
NODE_228_length_7161_cov_3.401609_3	COG1524	224441	1.22e-22	17.962	AtaC	c-di-AMP phosphodiesterase AtaC or nucleotide pyrophosphatase, AlkP superfamily	T	Signal transduction mechanisms
NODE_228_length_7161_cov_3.401609_4	COG3119	225661	1.08e-51	25.478	AslA	Arylsulfatase A or related enzyme, AlkP superfamily	P	Inorganic ion transport and metabolism
NODE_228_length_7161_cov_3.401609_5	COG1878	224790	5.14e-54	36.771		Kynurenine formamidase	E	Amino acid transport and metabolism
NODE_228_length_7161_cov_3.401609_6	COG1136	224059	3.07e-117	52.0	LolD	ABC-type lipoprotein export system, ATPase component	M	Cell wall/membrane/envelope biogenesis
NODE_228_length_7161_cov_3.401609_7	COG0845	223914	6.38e-05	29.752	AcrA	Multidrug efflux pump subunit AcrA (membrane-fusion protein)	M	Cell wall/membrane/envelope biogenesis
NODE_229_length_7155_cov_3.791184_1	COG1172	224093	1.49e-69	40.461	AraH	Ribose/xylose/arabinose/galactoside ABC-type transport system, permease component	G	Carbohydrate transport and metabolism
NODE_229_length_7155_cov_3.791184_2	COG1129	224053	0.0	52.569	MglA	ABC-type sugar transport system, ATPase component	G	Carbohydrate transport and metabolism
NODE_229_length_7155_cov_3.791184_3	COG1349	224268	6.51e-22	47.222	GlpR	DNA-binding transcriptional regulator of sugar metabolism, DeoR/GlpR family	K	Transcription
NODE_229_length_7155_cov_3.791184_5	COG3664	226190	0.000109	21.348	XynB	Beta-xylosidase	G	Carbohydrate transport and metabolism
NODE_230_length_7142_cov_3.585421_2	COG1300	224219	1.25e-26	32.99	SpoIIM	Stage II sporulation protein SpoIIM, component of the engulfment complex	D	Cell cycle control, cell division, chromosome partitioning
NODE_230_length_7142_cov_3.585421_3	COG1448	224365	0.008	45.0	TyrB	Aspartate/aromatic aminotransferase	E	Amino acid transport and metabolism
NODE_230_length_7142_cov_3.585421_6	COG1404	224322	9.55e-21	27.922	AprE	Serine protease, subtilisin family	O	Posttranslational modification, protein turnover, chaperones
NODE_231_length_7140_cov_2.424607_3	COG4948	227284	1.15e-82	33.422	RspA	L-alanine-DL-glutamate epimerase or related enzyme of enolase superfamily	M	Cell wall/membrane/envelope biogenesis
NODE_231_length_7140_cov_2.424607_4	COG4948	227284	1e-84	36.87	RspA	L-alanine-DL-glutamate epimerase or related enzyme of enolase superfamily	M	Cell wall/membrane/envelope biogenesis
NODE_232_length_7135_cov_3.393596_1	COG4206	226664	1.95e-19	31.953	BtuB	Outer membrane cobalamin receptor protein BtuB	H	Coenzyme transport and metabolism
NODE_232_length_7135_cov_3.393596_3	COG1502	224419	1.28e-32	24.09	Cls	Phosphatidylserine/phosphatidylglycerophosphate/cardiolipin synthase	I	Lipid transport and metabolism
NODE_232_length_7135_cov_3.393596_4	COG1012	223944	1.08e-63	25.294	AdhE	Acyl-CoA reductase or other NAD-dependent aldehyde dehydrogenase	I	Lipid transport and metabolism
NODE_232_length_7135_cov_3.393596_5	COG0828	223898	9.05e-11	50.0	RpsU	Ribosomal protein S21	J	Translation, ribosomal structure and biogenesis
NODE_232_length_7135_cov_3.393596_6	COG0686	223758	0.0	61.622	Ald	Alanine dehydrogenase (includes sporulation protein SpoVN)	E	Amino acid transport and metabolism
NODE_232_length_7135_cov_3.393596_7	COG0071	223149	7.97e-33	30.612	IbpA	Small heat shock protein IbpA, HSP20 family	O	Posttranslational modification, protein turnover, chaperones
NODE_233_length_7130_cov_3.653764_1	COG1807	224720	1.17e-06	21.474	ArnT	PMT family glycosyltransferase ArnT/Agl22, involved in glycosylation of proteins and lipid IVA	M	Cell wall/membrane/envelope biogenesis
NODE_233_length_7130_cov_3.653764_2	COG4603	226962	1.99e-102	43.989	NupP	ABC-type guanosine uptake system NupNOPQ, permease component NupP	F	Nucleotide transport and metabolism
NODE_233_length_7130_cov_3.653764_3	COG0714	223786	5.99e-86	40.909	MoxR	MoxR-like ATPase	R	General function prediction only
NODE_233_length_7130_cov_3.653764_4	COG1721	224635	3.33e-30	25.763	YeaD2	Uncharacterized conserved protein, DUF58 family, contains vWF domain	S	Function unknown
NODE_233_length_7130_cov_3.653764_5	COG1240	224161	7.65e-05	20.69	ChlD	vWFA (von Willebrand factor type A) domain of Mg and Co chelatases	H	Coenzyme transport and metabolism
NODE_234_length_7125_cov_3.082009_2	COG3142	225684	1.86e-42	33.613	CutC	Copper homeostasis protein CutC	P	Inorganic ion transport and metabolism
NODE_234_length_7125_cov_3.082009_3	COG4783	227122	4.59e-46	34.082	BepA	Outer membrane protein chaperone/metalloprotease BepA/YfgC, contains M48 and TPR domains	M	Cell wall/membrane/envelope biogenesis
NODE_234_length_7125_cov_3.082009_4	COG3127	225669	5.17e-160	29.078	YbbP	Predicted ABC-type transport system involved in lysophospholipase L1 biosynthesis, permease component	Q	Secondary metabolites biosynthesis, transport and catabolism
NODE_234_length_7125_cov_3.082009_5	COG1136	224059	1.07e-113	52.889	LolD	ABC-type lipoprotein export system, ATPase component	M	Cell wall/membrane/envelope biogenesis
NODE_234_length_7125_cov_3.082009_6	COG2755	225353	1.75e-35	34.762	TesA	Lysophospholipase L1 or related esterase. Includes spore coat protein LipC/YcsK	D	Cell cycle control, cell division, chromosome partitioning
NODE_235_length_7112_cov_3.184222_1	COG0461	223537	2.66e-42	34.653	PyrE	Orotate phosphoribosyltransferase	F	Nucleotide transport and metabolism
NODE_235_length_7112_cov_3.184222_2	COG2226	225136	7.06e-07	28.283	UbiE	Ubiquinone/menaquinone biosynthesis C-methylase UbiE/MenG	H	Coenzyme transport and metabolism
NODE_235_length_7112_cov_3.184222_3	COG0304	223381	5.19e-152	43.99	FabB	3-oxoacyl-(acyl-carrier-protein) synthase	I	Lipid transport and metabolism
NODE_235_length_7112_cov_3.184222_4	COG0420	223497	1.26e-32	25.333	SbcD	DNA repair exonuclease SbcCD nuclease subunit	L	Replication, recombination and repair
NODE_235_length_7112_cov_3.184222_5	COG1215	224136	2.21e-27	22.222	BcsA	Glycosyltransferase, catalytic subunit of cellulose synthase and poly-beta-1,6-N-acetylglucosamine synthase	N	Cell motility
NODE_236_length_7097_cov_4.137749_2	COG2721	225342	1.02e-170	46.5	UxaA	Altronate dehydratase	G	Carbohydrate transport and metabolism
NODE_236_length_7097_cov_4.137749_4	COG0673	223745	2.6e-66	29.101	MviM	Predicted dehydrogenase	R	General function prediction only
NODE_236_length_7097_cov_4.137749_7	COG2880	225435	0.004	30.0		Predicted DNA-binding protein, potential antitoxin AbrB/MazE fold	R	General function prediction only
NODE_236_length_7097_cov_4.137749_9	COG1482	224399	0.005	30.952	ManA	Mannose-6-phosphate isomerase, class I	G	Carbohydrate transport and metabolism
NODE_237_length_7097_cov_3.402991_1	COG0673	223745	2.76e-18	26.846	MviM	Predicted dehydrogenase	R	General function prediction only
NODE_237_length_7097_cov_3.402991_2	COG1574	224490	1.2e-175	40.257	YtcJ	Predicted amidohydrolase YtcJ	R	General function prediction only
NODE_237_length_7097_cov_3.402991_3	COG0697	223769	5.91e-21	27.336	RhaT	Permease of the drug/metabolite transporter (DMT) superfamily	G	Carbohydrate transport and metabolism
NODE_237_length_7097_cov_3.402991_4	COG3026	225570	0.00055	42.105	RseB	RseB, negative regulator of sigma E activity	T	Signal transduction mechanisms
NODE_237_length_7097_cov_3.402991_5	COG4636	226983	0.000614	24.503	Uma2	Endonuclease, Uma2 family (restriction endonuclease fold)	R	General function prediction only
NODE_237_length_7097_cov_3.402991_6	COG0160	223238	3.82e-55	37.566	ArgD	Acetylornithine aminotransferase/4-aminobutyrate aminotransferase	E	Amino acid transport and metabolism
NODE_238_length_7093_cov_2.791904_2	COG1171	224092	5.32e-128	47.04	IlvA	Threonine deaminase	E	Amino acid transport and metabolism
NODE_238_length_7093_cov_2.791904_3	COG0777	223848	2.1e-157	58.865	AccD	Acetyl-CoA carboxylase beta subunit	I	Lipid transport and metabolism
NODE_238_length_7093_cov_2.791904_4	COG2234	225143	6.26e-26	25.177	Iap	Zn-dependent amino- or carboxypeptidase, M28 family	O	Posttranslational modification, protein turnover, chaperones
NODE_238_length_7093_cov_2.791904_5	COG0838	223908	1.15e-37	51.613	NuoA	NADH:ubiquinone oxidoreductase subunit 3 (chain A)	C	Energy production and conversion
NODE_238_length_7093_cov_2.791904_6	COG0377	223454	7.52e-95	66.452	NuoB	NADH:ubiquinone oxidoreductase 20 kD subunit (chain B) or related Fe-S oxidoreductase	C	Energy production and conversion
NODE_238_length_7093_cov_2.791904_7	COG0852	223921	4.02e-58	53.191	NuoC	NADH:ubiquinone oxidoreductase 27 kD subunit (chain C)	C	Energy production and conversion
NODE_238_length_7093_cov_2.791904_8	COG0649	223722	9.05e-34	61.111	NuoD	NADH:ubiquinone oxidoreductase 49 kD subunit (chain D)	C	Energy production and conversion
NODE_239_length_7070_cov_3.339768_1	COG1148	224070	1.05e-08	43.548	HdrA	Heterodisulfide reductase, subunit A (polyferredoxin)	C	Energy production and conversion
NODE_239_length_7070_cov_3.339768_2	COG0673	223745	5.72e-08	17.742	MviM	Predicted dehydrogenase	R	General function prediction only
NODE_239_length_7070_cov_3.339768_3	COG0673	223745	6.36e-10	30.108	MviM	Predicted dehydrogenase	R	General function prediction only
NODE_239_length_7070_cov_3.339768_4	COG1477	224394	2.22e-39	30.62	ApbE	FAD:protein FMN transferase ApbE	H	Coenzyme transport and metabolism
NODE_239_length_7070_cov_3.339768_6	COG1802	224715	3.81e-49	37.209	GntR	DNA-binding transcriptional regulator, GntR family	K	Transcription
NODE_239_length_7070_cov_3.339768_7	COG3678	226203	7.39e-12	24.516	CpxP	Periplasmic chaperone Spy, Spy/CpxP family	O	Posttranslational modification, protein turnover, chaperones
NODE_239_length_7070_cov_3.339768_8	COG1595	224511	4.4e-33	29.508	RpoE	DNA-directed RNA polymerase specialized sigma subunit, sigma24 family	K	Transcription
NODE_239_length_7070_cov_3.339768_9	COG5662	227949	1.23e-05	20.833	RsiW	Transmembrane transcriptional regulator RsiW (anti-sigma-W factor)	K	Transcription
NODE_239_length_7070_cov_3.339768_10	COG1322	224241	0.001	19.811	RmuC	DNA anti-recombination protein (rearrangement mutator) RmuC	L	Replication, recombination and repair
NODE_239_length_7070_cov_3.339768_11	COG5485	227772	3.8e-08	40.0		Predicted ester cyclase	R	General function prediction only
NODE_240_length_7062_cov_3.255261_1	COG2204	225114	5.42e-48	29.395	AtoC	DNA-binding transcriptional response regulator, NtrC family, contains REC, AAA-type ATPase, and a Fis-type DNA-binding domains	T	Signal transduction mechanisms
NODE_240_length_7062_cov_3.255261_2	COG4152	226631	4.41e-122	43.75	YhaQ	ABC-type uncharacterized transport system, ATPase component	R	General function prediction only
NODE_240_length_7062_cov_3.255261_3	COG0506	223580	4.6e-62	30.031	PutA	Proline dehydrogenase	E	Amino acid transport and metabolism
NODE_240_length_7062_cov_3.255261_4	COG1926	224837	5.75e-75	54.854		Predicted phosphoribosyltransferase	R	General function prediction only
NODE_240_length_7062_cov_3.255261_5	COG2312	225194	2.04e-48	34.906	YbfO	Erythromycin esterase homolog	Q	Secondary metabolites biosynthesis, transport and catabolism
NODE_240_length_7062_cov_3.255261_6	COG2312	225194	2.26e-34	36.111	YbfO	Erythromycin esterase homolog	Q	Secondary metabolites biosynthesis, transport and catabolism
NODE_240_length_7062_cov_3.255261_7	COG1917	224829	0.001	33.333	QdoI	Cupin domain protein related to quercetin dioxygenase	R	General function prediction only
NODE_240_length_7062_cov_3.255261_9	COG3291	225828	0.003	26.667		Uncharacterized conserved protein, PKD repeat domain	S	Function unknown
NODE_241_length_7059_cov_3.352478_1	COG0621	223694	0.0	42.484	MiaB	tRNA A37 methylthiotransferase MiaB	J	Translation, ribosomal structure and biogenesis
NODE_241_length_7059_cov_3.352478_2	COG1259	224179	8.42e-39	39.062		Bifunctional DNase/RNase	R	General function prediction only
NODE_241_length_7059_cov_3.352478_3	COG1192	224113	1.01e-68	36.8	ParA	ParA-like ATPase involved in chromosome/plasmid partitioning or cellulose biosynthesis protein BcsQ	D	Cell cycle control, cell division, chromosome partitioning
NODE_241_length_7059_cov_3.352478_4	COG1475	224392	1.84e-29	36.946	Spo0J	Chromosome segregation protein Spo0J, contains ParB-like nuclease domain	D	Cell cycle control, cell division, chromosome partitioning
NODE_241_length_7059_cov_3.352478_6	COG1044	223974	4.47e-113	41.964	LpxD	UDP-3-O-[3-hydroxymyristoyl] glucosamine N-acyltransferase	M	Cell wall/membrane/envelope biogenesis
NODE_241_length_7059_cov_3.352478_7	COG0192	223270	0.0	67.532	MetK	S-adenosylmethionine synthetase	H	Coenzyme transport and metabolism
NODE_241_length_7059_cov_3.352478_8	COG2200	225110	1.34e-16	50.0	EAL	EAL domain, c-di-GMP-specific phosphodiesterase class I (or its enzymatically inactive variant)	T	Signal transduction mechanisms
NODE_242_length_6997_cov_4.308092_2	COG3250	225789	1.7e-46	20.438	LacZ	Beta-galactosidase/beta-glucuronidase	G	Carbohydrate transport and metabolism
NODE_242_length_6997_cov_4.308092_4	COG3876	226393	1.47e-164	48.092	YbbC	Uncharacterized conserved protein YbbC, DUF1343 family	S	Function unknown
NODE_242_length_6997_cov_4.308092_5	COG2191	225102	4.87e-39	31.579	FwdE	Formylmethanofuran dehydrogenase subunit E	C	Energy production and conversion
NODE_243_length_6989_cov_4.000434_1	COG3975	226483	9.58e-67	33.642		Predicted metalloprotease, contains C-terminal PDZ domain	R	General function prediction only
NODE_243_length_6989_cov_4.000434_2	COG0520	223594	1.18e-78	26.972	CsdA	Selenocysteine lyase/Cysteine desulfurase	E	Amino acid transport and metabolism
NODE_243_length_6989_cov_4.000434_4	COG0697	223769	1.34e-11	19.068	RhaT	Permease of the drug/metabolite transporter (DMT) superfamily	G	Carbohydrate transport and metabolism
NODE_243_length_6989_cov_4.000434_5	COG3975	226483	1.54e-31	27.926		Predicted metalloprotease, contains C-terminal PDZ domain	R	General function prediction only
NODE_243_length_6989_cov_4.000434_6	COG0484	223560	1.43e-31	51.351	DnaJ	DnaJ-class molecular chaperone with C-terminal Zn finger domain	O	Posttranslational modification, protein turnover, chaperones
NODE_244_length_6987_cov_3.532706_1	COG1070	223996	3.33e-77	26.667	XylB	Sugar (pentulose or hexulose) kinase	G	Carbohydrate transport and metabolism
NODE_244_length_6987_cov_3.532706_2	COG4952	227288	0.0	67.84		L-rhamnose isomerase	M	Cell wall/membrane/envelope biogenesis
NODE_244_length_6987_cov_3.532706_3	COG3347	225884	3.91e-142	39.86	RhaD	Rhamnose utilisation protein RhaD, predicted bifunctional aldolase and dehydrogenase	G	Carbohydrate transport and metabolism
NODE_244_length_6987_cov_3.532706_4	COG0673	223745	1.26e-44	25.915	MviM	Predicted dehydrogenase	R	General function prediction only
NODE_244_length_6987_cov_3.532706_5	COG3254	225793	5.56e-44	51.429	RhaM	L-rhamnose mutarotase	M	Cell wall/membrane/envelope biogenesis
NODE_245_length_6981_cov_3.462486_2	COG3806	226328	2.36e-05	25.581	ChrR	Anti-sigma factor ChrR, cupin superfamily	T	Signal transduction mechanisms
NODE_245_length_6981_cov_3.462486_3	COG1595	224511	5.08e-39	35.795	RpoE	DNA-directed RNA polymerase specialized sigma subunit, sigma24 family	K	Transcription
NODE_245_length_6981_cov_3.462486_4	COG0569	223643	3.54e-35	30.088	TrkA	Trk/Ktr K+ transport system regulatory component TrkA/KtrA/KtrC, RCK domain	P	Inorganic ion transport and metabolism
NODE_245_length_6981_cov_3.462486_5	COG2755	225353	1.35e-10	22.222	TesA	Lysophospholipase L1 or related esterase. Includes spore coat protein LipC/YcsK	D	Cell cycle control, cell division, chromosome partitioning
NODE_245_length_6981_cov_3.462486_6	COG1028	223959	6.9e-52	37.5	FabG	NAD(P)-dependent dehydrogenase, short-chain alcohol dehydrogenase family	I	Lipid transport and metabolism
NODE_245_length_6981_cov_3.462486_7	COG1620	224535	1.8e-60	48.438	LldP	L-lactate permease	C	Energy production and conversion
NODE_246_length_6974_cov_3.445991_2	COG1437	224354	1.22e-10	26.596	CyaB	Adenylate cyclase class IV, CYTH domain (includes archaeal enzymes of unknown function)	T	Signal transduction mechanisms
NODE_246_length_6974_cov_3.445991_3	COG1208	224129	2.42e-65	32.198	GCD1	NDP-sugar pyrophosphorylase, includes eIF-2Bgamma, eIF-2Bepsilon, and LPS biosynthesis protein s	J	Translation, ribosomal structure and biogenesis
NODE_246_length_6974_cov_3.445991_4	COG3178	225719	1.86e-28	29.21		Predicted phosphotransferase, aminoglycoside/choline kinase (APH/ChoK) family	R	General function prediction only
NODE_246_length_6974_cov_3.445991_5	COG1859	224772	2.3e-76	52.299	KptA	RNA:NAD 2'-phosphotransferase, TPT1/KptA family	J	Translation, ribosomal structure and biogenesis
NODE_246_length_6974_cov_3.445991_6	COG0017	223096	0.0	48.643	AsnS	Aspartyl/asparaginyl-tRNA synthetase	J	Translation, ribosomal structure and biogenesis
NODE_246_length_6974_cov_3.445991_7	COG2226	225136	1.96e-20	27.374	UbiE	Ubiquinone/menaquinone biosynthesis C-methylase UbiE/MenG	H	Coenzyme transport and metabolism
NODE_246_length_6974_cov_3.445991_8	COG0010	223089	4.8e-82	37.049	SpeB	Arginase/agmatinase family enzyme	E	Amino acid transport and metabolism
NODE_247_length_6921_cov_3.489918_5	COG3714	226237	8.63e-09	33.065	YhhN	Uncharacterized membrane protein YhhN	S	Function unknown
NODE_247_length_6921_cov_3.489918_6	COG1199	224120	1.06e-81	34.061	DinG	Rad3-related DNA helicase DinG	L	Replication, recombination and repair
NODE_248_length_6913_cov_2.876243_1	COG0122	223200	9.28e-61	39.545	AlkA	3-methyladenine DNA glycosylase/8-oxoguanine DNA glycosylase	L	Replication, recombination and repair
NODE_248_length_6913_cov_2.876243_2	COG1668	224582	3.79e-45	27.251	NatB	ABC-type Na+ efflux pump, permease component NatB	C	Energy production and conversion
NODE_248_length_6913_cov_2.876243_3	COG1028	223959	5.27e-75	43.307	FabG	NAD(P)-dependent dehydrogenase, short-chain alcohol dehydrogenase family	I	Lipid transport and metabolism
NODE_248_length_6913_cov_2.876243_4	COG0155	223233	7.02e-99	27.788	CysI	Sulfite reductase, beta subunit (hemoprotein)	P	Inorganic ion transport and metabolism
NODE_249_length_6855_cov_3.119652_1	COG0577	223650	1.75e-10	18.605	SalY	ABC-type antimicrobial peptide transport system, permease component	V	Defense mechanisms
NODE_249_length_6855_cov_3.119652_2	COG0317	223394	5.24e-16	32.468	SpoT	(p)ppGpp synthase/hydrolase, HD superfamily	T	Signal transduction mechanisms
NODE_249_length_6855_cov_3.119652_3	COG1187	224108	2.4e-66	39.196	RsuA	Pseudouridylate synthase RsuA, specific for 16S rRNA U516  and 23S rRNA U2605	J	Translation, ribosomal structure and biogenesis
NODE_249_length_6855_cov_3.119652_5	COG2146	225057	1.05e-08	30.769	NirD	Ferredoxin subunit of nitrite reductase or a ring-hydroxylating dioxygenase	P	Inorganic ion transport and metabolism
NODE_249_length_6855_cov_3.119652_6	COG0003	223082	0.009	22.5	ArsA	Anion-transporting ATPase, ArsA/GET3 family	P	Inorganic ion transport and metabolism
NODE_249_length_6855_cov_3.119652_9	COG1052	223980	1.93e-35	32.683	LdhA	Lactate dehydrogenase or related 2-hydroxyacid dehydrogenase	C	Energy production and conversion
NODE_250_length_6844_cov_3.533767_1	COG0521	223595	2.63e-47	41.615	MoaB	Molybdopterin biosynthesis enzyme MoaB/MogA	H	Coenzyme transport and metabolism
NODE_250_length_6844_cov_3.533767_4	COG2222	225132	1.81e-77	36.705	AgaS	Fructoselysine-6-P-deglycase FrlB or related protein, duplicated sugar isomerase (SIS) domain	M	Cell wall/membrane/envelope biogenesis
NODE_250_length_6844_cov_3.533767_5	COG0450	223527	1.7e-87	42.132	AhpC	Alkyl hydroperoxide reductase subunit AhpC (peroxiredoxin)	V	Defense mechanisms
NODE_250_length_6844_cov_3.533767_7	COG1994	224905	1.08e-17	31.443	SpoIVFB	Zn-dependent protease (includes sporulation protein SpoIVFB)	O	Posttranslational modification, protein turnover, chaperones
NODE_250_length_6844_cov_3.533767_8	COG0180	223258	2.61e-129	45.902	TrpS	Tryptophanyl-tRNA synthetase	J	Translation, ribosomal structure and biogenesis
NODE_251_length_6827_cov_3.345630_1	COG1216	224137	4.77e-34	25.166	WcaE	Glycosyltransferase, GT2 family	G	Carbohydrate transport and metabolism
NODE_251_length_6827_cov_3.345630_2	COG0463	223539	2.48e-19	30.841	WcaA	Glycosyltransferase involved in cell wall bisynthesis	M	Cell wall/membrane/envelope biogenesis
NODE_251_length_6827_cov_3.345630_3	COG1804	224717	2.35e-147	47.355	CaiB	Crotonobetainyl-CoA:carnitine CoA-transferase CaiB and related acyl-CoA transferases	I	Lipid transport and metabolism
NODE_251_length_6827_cov_3.345630_4	COG1977	224888	9.4e-17	36.905	MoaD	Molybdopterin synthase sulfur carrier subunit MoaD	H	Coenzyme transport and metabolism
NODE_251_length_6827_cov_3.345630_5	COG0518	223592	1.86e-25	25.287	GuaA1	GMP synthase, glutamine amidotransferase domain	F	Nucleotide transport and metabolism
NODE_251_length_6827_cov_3.345630_7	COG0178	223256	1.59e-133	39.81	UvrA	Excinuclease UvrABC ATPase subunit	L	Replication, recombination and repair
NODE_252_length_6813_cov_2.789935_1	COG1028	223959	3.16e-50	46.961	FabG	NAD(P)-dependent dehydrogenase, short-chain alcohol dehydrogenase family	I	Lipid transport and metabolism
NODE_252_length_6813_cov_2.789935_2	COG4948	227284	1.49e-87	37.534	RspA	L-alanine-DL-glutamate epimerase or related enzyme of enolase superfamily	M	Cell wall/membrane/envelope biogenesis
NODE_252_length_6813_cov_2.789935_3	COG4636	226983	9.9e-08	25.926	Uma2	Endonuclease, Uma2 family (restriction endonuclease fold)	R	General function prediction only
NODE_252_length_6813_cov_2.789935_5	COG1238	224159	3.49e-13	24.138	YgaA	Uncharacterized membrane protein YqaA, VTT domain	S	Function unknown
NODE_252_length_6813_cov_2.789935_6	COG1238	224159	0.004	26.316	YgaA	Uncharacterized membrane protein YqaA, VTT domain	S	Function unknown
NODE_252_length_6813_cov_2.789935_7	COG0758	223829	1.09e-117	41.935	Smf	Predicted Rossmann fold nucleotide-binding protein DprA/Smf involved in DNA uptake	L	Replication, recombination and repair
NODE_252_length_6813_cov_2.789935_8	COG0146	223224	2.97e-131	50.69	HyuB	N-methylhydantoinase B/oxoprolinase/acetone carboxylase, alpha subunit	E	Amino acid transport and metabolism
NODE_253_length_6811_cov_2.759430_1	COG0178	223256	7.4e-157	63.37	UvrA	Excinuclease UvrABC ATPase subunit	L	Replication, recombination and repair
NODE_253_length_6811_cov_2.759430_4	COG0534	223608	1.15e-91	32.339	NorM	Na+-driven multidrug efflux pump, DinF/NorM/MATE family	V	Defense mechanisms
NODE_253_length_6811_cov_2.759430_7	COG4676	227021	0.000175	36.0	YfaP	Uncharacterized conserved protein YfaP, DUF2135 family	S	Function unknown
NODE_254_length_6799_cov_3.246653_3	COG0560	223634	4.96e-21	27.488	SerB	Phosphoserine phosphatase	E	Amino acid transport and metabolism
NODE_254_length_6799_cov_3.246653_4	COG0558	223632	1.72e-07	27.273	PgsA	Phosphatidylglycerophosphate synthase	I	Lipid transport and metabolism
NODE_254_length_6799_cov_3.246653_5	COG2226	225136	3.84e-15	31.193	UbiE	Ubiquinone/menaquinone biosynthesis C-methylase UbiE/MenG	H	Coenzyme transport and metabolism
NODE_254_length_6799_cov_3.246653_7	COG4968	227303	9.58e-13	40.0	PilE	Type IV pilus assembly protein PilE	N	Cell motility
NODE_254_length_6799_cov_3.246653_9	COG0845	223914	8.98e-07	28.571	AcrA	Multidrug efflux pump subunit AcrA (membrane-fusion protein)	M	Cell wall/membrane/envelope biogenesis
NODE_255_length_6791_cov_2.917486_1	COG1077	224003	2.26e-67	34.591	MreB	Cell shape-determining ATPase MreB, actin-like superfamily	D	Cell cycle control, cell division, chromosome partitioning
NODE_255_length_6791_cov_2.917486_3	COG1225	224146	6.9e-17	41.558	Bcp	Peroxiredoxin	O	Posttranslational modification, protein turnover, chaperones
NODE_255_length_6791_cov_2.917486_4	COG1225	224146	4.77e-20	64.444	Bcp	Peroxiredoxin	O	Posttranslational modification, protein turnover, chaperones
NODE_255_length_6791_cov_2.917486_5	COG0601	223674	1.7e-105	44.34	DppB	ABC-type dipeptide/oligopeptide/nickel transport system, permease component	E	Amino acid transport and metabolism
NODE_255_length_6791_cov_2.917486_6	COG1173	224094	2.95e-68	43.333	DppC	ABC-type dipeptide/oligopeptide/nickel transport system, permease component	E	Amino acid transport and metabolism
NODE_255_length_6791_cov_2.917486_7	COG4771	227112	7.99e-06	27.5	FepA	Outer membrane receptor for ferrienterochelin and colicins	P	Inorganic ion transport and metabolism
NODE_256_length_6777_cov_3.499104_2	COG2204	225114	2.49e-08	27.132	AtoC	DNA-binding transcriptional response regulator, NtrC family, contains REC, AAA-type ATPase, and a Fis-type DNA-binding domains	T	Signal transduction mechanisms
NODE_256_length_6777_cov_3.499104_3	COG1228	224149	5.17e-22	21.532	HutI	Imidazolonepropionase or related amidohydrolase	Q	Secondary metabolites biosynthesis, transport and catabolism
NODE_256_length_6777_cov_3.499104_6	COG2948	225499	3.73e-05	23.256	VirB10	Type IV secretory pathway, VirB10 component	U	Intracellular trafficking, secretion, and vesicular transport
NODE_256_length_6777_cov_3.499104_7	COG0438	223515	1.16e-55	29.487	RfaB	Glycosyltransferase involved in cell wall bisynthesis	M	Cell wall/membrane/envelope biogenesis
NODE_257_length_6753_cov_3.479629_1	COG0584	223657	1.7e-26	52.5	UgpQ	Glycerophosphoryl diester phosphodiesterase	I	Lipid transport and metabolism
NODE_257_length_6753_cov_3.479629_2	COG0591	223664	8.97e-39	27.727	PutP	Na+/proline symporter	E	Amino acid transport and metabolism
NODE_257_length_6753_cov_3.479629_3	COG1183	224104	1.48e-12	23.75	PssA	Phosphatidylserine synthase	I	Lipid transport and metabolism
NODE_257_length_6753_cov_3.479629_6	COG2389	225262	1.21e-37	38.235		Uncharacterized metal-binding protein, DUF2227 family	S	Function unknown
NODE_257_length_6753_cov_3.479629_7	COG0031	223110	2.64e-122	47.667	CysK	Cysteine synthase	E	Amino acid transport and metabolism
NODE_257_length_6753_cov_3.479629_8	COG1310	224229	7.56e-15	30.714	Rri1	Proteasome lid subunit RPN8/RPN11, contains Jab1/MPN domain metalloenzyme (JAMM) motif	O	Posttranslational modification, protein turnover, chaperones
NODE_257_length_6753_cov_3.479629_9	COG0476	223552	5.54e-63	48.344	ThiF	Molybdopterin or thiamine biosynthesis adenylyltransferase	H	Coenzyme transport and metabolism
NODE_258_length_6743_cov_4.254725_2	COG5267	227592	1.69e-47	23.232		Uncharacterized conserved protein, DUF1800 family	S	Function unknown
NODE_259_length_6740_cov_3.613387_1	COG3119	225661	1.87e-83	30.181	AslA	Arylsulfatase A or related enzyme, AlkP superfamily	P	Inorganic ion transport and metabolism
NODE_259_length_6740_cov_3.613387_2	COG2935	225486	2.67e-20	27.556	Ate1	Arginyl-tRNA--protein-N-Asp/Glu arginylyltransferase	O	Posttranslational modification, protein turnover, chaperones
NODE_259_length_6740_cov_3.613387_3	COG0673	223745	1.27e-80	31.563	MviM	Predicted dehydrogenase	R	General function prediction only
NODE_259_length_6740_cov_3.613387_4	COG4692	227036	1.71e-14	18.02		Predicted neuraminidase (sialidase)	G	Carbohydrate transport and metabolism
NODE_259_length_6740_cov_3.613387_6	COG0346	223423	2.32e-07	21.374	GloA	Catechol 2,3-dioxygenase or related enzyme, vicinal oxygen chelate (VOC) family	Q	Secondary metabolites biosynthesis, transport and catabolism
NODE_259_length_6740_cov_3.613387_7	COG0673	223745	1.37e-32	26.21	MviM	Predicted dehydrogenase	R	General function prediction only
NODE_260_length_6718_cov_3.221202_1	COG0285	223362	1.36e-40	36.073	FolC	Folylpolyglutamate synthase/Dihydropteroate synthase	H	Coenzyme transport and metabolism
NODE_260_length_6718_cov_3.221202_2	COG3339	225876	3.6e-14	30.208	YkvA	Uncharacterized membrane protein YkvA, DUF1232 family	S	Function unknown
NODE_260_length_6718_cov_3.221202_3	COG3536	226066	2.33e-26	38.043		Uncharacterized conserved protein, DUF971 family	S	Function unknown
NODE_260_length_6718_cov_3.221202_4	COG1562	224478	1.89e-61	32.509	ERG9	Phytoene/squalene synthetase	I	Lipid transport and metabolism
NODE_260_length_6718_cov_3.221202_5	COG1562	224478	2.77e-67	37.193	ERG9	Phytoene/squalene synthetase	I	Lipid transport and metabolism
NODE_260_length_6718_cov_3.221202_6	COG3349	225885	3.33e-25	23.326		Uncharacterized protein, contains NAD-binding domain and a Fe-S cluster	R	General function prediction only
NODE_260_length_6718_cov_3.221202_8	COG1669	224583	1.07e-06	30.612	MJ0435	Predicted nucleotidyltransferase MJ0435	R	General function prediction only
NODE_261_length_6718_cov_3.218943_1	COG0143	223221	6.3e-62	47.482	MetG	Methionyl-tRNA synthetase	J	Translation, ribosomal structure and biogenesis
NODE_261_length_6718_cov_3.218943_2	COG0697	223769	2.66e-17	29.078	RhaT	Permease of the drug/metabolite transporter (DMT) superfamily	G	Carbohydrate transport and metabolism
NODE_261_length_6718_cov_3.218943_3	COG2234	225143	7.53e-41	23.005	Iap	Zn-dependent amino- or carboxypeptidase, M28 family	O	Posttranslational modification, protein turnover, chaperones
NODE_261_length_6718_cov_3.218943_4	COG0578	223651	2.46e-171	42.83	GlpA	Glycerol-3-phosphate dehydrogenase	C	Energy production and conversion
NODE_261_length_6718_cov_3.218943_5	COG1807	224720	0.004	20.238	ArnT	PMT family glycosyltransferase ArnT/Agl22, involved in glycosylation of proteins and lipid IVA	M	Cell wall/membrane/envelope biogenesis
NODE_262_length_6715_cov_3.208647_2	COG3971	226480	7.22e-43	35.849	MhpD	2-keto-4-pentenoate hydratase	Q	Secondary metabolites biosynthesis, transport and catabolism
NODE_262_length_6715_cov_3.208647_4	COG0673	223745	2.02e-68	29.688	MviM	Predicted dehydrogenase	R	General function prediction only
NODE_262_length_6715_cov_3.208647_5	COG1082	224007	1.88e-41	28.013	YcjR	Sugar phosphate isomerase/epimerase	G	Carbohydrate transport and metabolism
NODE_262_length_6715_cov_3.208647_6	COG1940	224851	3.7e-12	38.667	NagC	Sugar kinase of the NBD/HSP70 family, may contain an N-terminal HTH domain	G	Carbohydrate transport and metabolism
NODE_263_length_6711_cov_2.689478_1	COG0768	223839	4.16e-45	28.732	FtsI	Cell division protein FtsI, peptidoglycan transpeptidase (Penicillin-binding protein 2)	D	Cell cycle control, cell division, chromosome partitioning
NODE_263_length_6711_cov_2.689478_2	COG4885	227222	0.001	17.514		Uncharacterized conserved protein	S	Function unknown
NODE_263_length_6711_cov_2.689478_3	COG0312	223389	2.3e-121	38.78	TldD	Zn-dependent protease PmbA/TldA or its inactivated homolog	R	General function prediction only
NODE_263_length_6711_cov_2.689478_4	COG0312	223389	2.85e-151	42.981	TldD	Zn-dependent protease PmbA/TldA or its inactivated homolog	R	General function prediction only
NODE_263_length_6711_cov_2.689478_5	COG2226	225136	3.24e-86	45.133	UbiE	Ubiquinone/menaquinone biosynthesis C-methylase UbiE/MenG	H	Coenzyme transport and metabolism
NODE_263_length_6711_cov_2.689478_6	COG0612	223685	3.57e-45	24.81	PqqL	Predicted Zn-dependent peptidase, M16 family	R	General function prediction only
NODE_264_length_6700_cov_3.312698_2	COG3706	226229	0.000725	24.752	PleD	Two-component response regulator, PleD family, consists of two REC domains and a diguanylate cyclase (GGDEF) domain	T	Signal transduction mechanisms
NODE_264_length_6700_cov_3.312698_3	COG0277	223354	3.16e-121	42.733	GlcD	FAD/FMN-containing lactate dehydrogenase/glycolate oxidase	C	Energy production and conversion
NODE_264_length_6700_cov_3.312698_4	COG0863	223931	4.77e-06	52.941	YhdJ	DNA modification methylase	L	Replication, recombination and repair
NODE_264_length_6700_cov_3.312698_5	COG0863	223931	0.002	27.907	YhdJ	DNA modification methylase	L	Replication, recombination and repair
NODE_264_length_6700_cov_3.312698_8	COG0517	223591	5.03e-20	40.678	CBS	CBS domain	T	Signal transduction mechanisms
NODE_264_length_6700_cov_3.312698_9	COG0750	223821	1.24e-12	19.718	RseP	Membrane-associated protease RseP, regulator of RpoE activity	O	Posttranslational modification, protein turnover, chaperones
NODE_265_length_6688_cov_2.874905_3	COG2823	225379	4.28e-14	30.159	OsmY	Osmotically-inducible protein OsmY, contains BON domain	M	Cell wall/membrane/envelope biogenesis
NODE_265_length_6688_cov_2.874905_4	COG1236	224157	1.02e-114	38.147	YSH1	RNA processing exonuclease, beta-lactamase fold, Cft2 family	J	Translation, ribosomal structure and biogenesis
NODE_265_length_6688_cov_2.874905_5	COG1198	224119	6.36e-08	33.333	PriA	Primosomal protein N' (replication factor Y) - superfamily II helicase	L	Replication, recombination and repair
NODE_265_length_6688_cov_2.874905_6	COG2203	225113	7.39e-08	19.101	GAF	GAF domain	T	Signal transduction mechanisms
NODE_265_length_6688_cov_2.874905_7	COG1366	224285	8.87e-23	28.037	SpoIIAA	Anti-anti-sigma regulatory factor (antagonist of anti-sigma factor)	T	Signal transduction mechanisms
NODE_265_length_6688_cov_2.874905_8	COG2172	225083	6.28e-26	32.353	RsbW	Anti-sigma regulatory factor (Ser/Thr protein kinase)	T	Signal transduction mechanisms
NODE_266_length_6664_cov_3.148930_2	COG1131	224054	9.92e-112	49.561	CcmA	ABC-type multidrug transport system, ATPase component	V	Defense mechanisms
NODE_266_length_6664_cov_3.148930_3	COG0842	223912	5.54e-16	28.571	YadH	ABC-type multidrug transport system, permease component	V	Defense mechanisms
NODE_266_length_6664_cov_3.148930_4	COG1309	224228	5e-14	27.692	AcrR	DNA-binding protein, AcrR family, includes nucleoid occlusion protein SlmA	K	Transcription
NODE_267_length_6653_cov_2.872871_1	COG3293	225830	8.94e-08	30.588		Transposase	X	Mobilome: prophages, transposons
NODE_267_length_6653_cov_2.872871_2	COG2319	225201	1.94e-24	29.819	WD40	WD40 repeat	R	General function prediction only
NODE_267_length_6653_cov_2.872871_3	COG0515	223589	1.66e-08	40.0	SPS1	Serine/threonine protein kinase	T	Signal transduction mechanisms
NODE_267_length_6653_cov_2.872871_4	COG1595	224511	2.33e-08	29.31	RpoE	DNA-directed RNA polymerase specialized sigma subunit, sigma24 family	K	Transcription
NODE_267_length_6653_cov_2.872871_5	COG1386	224304	6.75e-59	50.588	ScpB	Chromosome segregation and condensation protein ScpB	K	Transcription
NODE_267_length_6653_cov_2.872871_6	COG2059	224970	1.49e-35	37.634	ChrA	Chromate transport protein ChrA	P	Inorganic ion transport and metabolism
NODE_268_length_6652_cov_2.783270_2	COG1136	224059	8.34e-107	53.812	LolD	ABC-type lipoprotein export system, ATPase component	M	Cell wall/membrane/envelope biogenesis
NODE_268_length_6652_cov_2.783270_5	COG1964	224875	3.28e-97	28.86	MoaA2	C-terminal domain of the GTP 3',8'-cyclase MoaA, radical SAM superfamily (molybdenum cofactor biosynthesis)	H	Coenzyme transport and metabolism
NODE_268_length_6652_cov_2.783270_6	COG3751	226274	2.4e-23	28.155	EGL9	Proline 4-hydroxylase (includes Rps23 Pro-64 3,4-dihydroxylase Tpa1), contains SM-20 domain	J	Translation, ribosomal structure and biogenesis
NODE_268_length_6652_cov_2.783270_8	COG0312	223389	2.72e-27	27.461	TldD	Zn-dependent protease PmbA/TldA or its inactivated homolog	R	General function prediction only
NODE_269_length_6639_cov_3.063243_1	COG1538	224455	6.78e-16	18.723	TolC	Outer membrane protein TolC	M	Cell wall/membrane/envelope biogenesis
NODE_269_length_6639_cov_3.063243_2	COG0124	223202	1.1e-72	30.811	HisS	Histidyl-tRNA synthetase	J	Translation, ribosomal structure and biogenesis
NODE_269_length_6639_cov_3.063243_3	COG0545	223619	5.53e-60	67.257	FkpA	FKBP-type peptidyl-prolyl cis-trans isomerase	O	Posttranslational modification, protein turnover, chaperones
NODE_269_length_6639_cov_3.063243_4	COG0083	223161	4.39e-99	41.118	ThrB	Homoserine kinase	E	Amino acid transport and metabolism
NODE_269_length_6639_cov_3.063243_5	COG0476	223552	3.56e-78	46.614	ThiF	Molybdopterin or thiamine biosynthesis adenylyltransferase	H	Coenzyme transport and metabolism
NODE_269_length_6639_cov_3.063243_7	COG0387	223464	2.17e-19	43.478	ChaA	Cation (Ca2+/Na+/K+)/H+ antiporter ChaA	P	Inorganic ion transport and metabolism
NODE_270_length_6637_cov_3.036585_1	COG0179	223257	3.19e-36	21.118	YcgM	2-keto-4-pentenoate hydratase/2-oxohepta-3-ene-1,7-dioic acid hydratase (catechol pathway)	Q	Secondary metabolites biosynthesis, transport and catabolism
NODE_270_length_6637_cov_3.036585_3	COG3508	226039	0.0	67.225	HmgA	Homogentisate 1,2-dioxygenase	Q	Secondary metabolites biosynthesis, transport and catabolism
NODE_270_length_6637_cov_3.036585_5	COG3185	225726	2.55e-88	36.927	HppD	4-hydroxyphenylpyruvate dioxygenase and related hemolysins	E	Amino acid transport and metabolism
NODE_270_length_6637_cov_3.036585_6	COG3186	225727	1.55e-64	38.174	PhhA	Phenylalanine-4-hydroxylase	E	Amino acid transport and metabolism
NODE_270_length_6637_cov_3.036585_7	COG0365	223442	1.04e-07	39.286	Acs	Acyl-coenzyme A synthetase/AMP-(fatty) acid ligase	I	Lipid transport and metabolism
NODE_271_length_6630_cov_3.208912_1	COG0225	223303	6.69e-98	55.814	MsrA	Peptide methionine sulfoxide reductase MsrA	O	Posttranslational modification, protein turnover, chaperones
NODE_271_length_6630_cov_3.208912_2	COG3744	226267	8e-48	48.819		PIN domain nuclease, a component of toxin-antitoxin system (PIN domain)	V	Defense mechanisms
NODE_271_length_6630_cov_3.208912_3	COG4118	226603	4.04e-10	40.0	Phd	Antitoxin component of toxin-antitoxin stability system, DNA-binding transcriptional repressor	V	Defense mechanisms
NODE_271_length_6630_cov_3.208912_4	COG0179	223257	2.99e-105	45.522	YcgM	2-keto-4-pentenoate hydratase/2-oxohepta-3-ene-1,7-dioic acid hydratase (catechol pathway)	Q	Secondary metabolites biosynthesis, transport and catabolism
NODE_271_length_6630_cov_3.208912_5	COG1172	224093	3.34e-77	46.129	AraH	Ribose/xylose/arabinose/galactoside ABC-type transport system, permease component	G	Carbohydrate transport and metabolism
NODE_271_length_6630_cov_3.208912_6	COG1129	224053	0.0	52.505	MglA	ABC-type sugar transport system, ATPase component	G	Carbohydrate transport and metabolism
NODE_271_length_6630_cov_3.208912_8	COG1879	224791	7.75e-16	38.667	RbsB	ABC-type sugar transport system, periplasmic component, contains N-terminal xre family HTH domain	G	Carbohydrate transport and metabolism
NODE_272_length_6625_cov_3.255803_1	COG0456	223532	5.52e-11	28.571	RimI	Ribosomal protein S18 acetylase RimI and related acetyltransferases	J	Translation, ribosomal structure and biogenesis
NODE_272_length_6625_cov_3.255803_2	COG2755	225353	1.67e-10	32.0	TesA	Lysophospholipase L1 or related esterase. Includes spore coat protein LipC/YcsK	D	Cell cycle control, cell division, chromosome partitioning
NODE_272_length_6625_cov_3.255803_4	COG3250	225789	1.29e-11	20.988	LacZ	Beta-galactosidase/beta-glucuronidase	G	Carbohydrate transport and metabolism
NODE_272_length_6625_cov_3.255803_5	COG3250	225789	9.6e-41	32.934	LacZ	Beta-galactosidase/beta-glucuronidase	G	Carbohydrate transport and metabolism
NODE_272_length_6625_cov_3.255803_7	COG0596	223669	4.99e-23	19.856	MenH	2-succinyl-6-hydroxy-2,4-cyclohexadiene-1-carboxylate synthase MenH and related esterases, alpha/beta hydrolase fold	H	Coenzyme transport and metabolism
NODE_272_length_6625_cov_3.255803_8	COG2382	225256	1.08e-16	23.529	Fes	Enterochelin esterase or related enzyme	P	Inorganic ion transport and metabolism
NODE_272_length_6625_cov_3.255803_9	COG0327	223404	3.07e-05	26.389	NIF3	Putative GTP cyclohydrolase 1 type 2, NIF3 family	H	Coenzyme transport and metabolism
NODE_273_length_6622_cov_3.126662_1	COG0515	223589	1.54e-49	34.843	SPS1	Serine/threonine protein kinase	T	Signal transduction mechanisms
NODE_273_length_6622_cov_3.126662_2	COG1629	224544	9.11e-07	17.814	CirA	Outer membrane receptor protein, Fe transport	P	Inorganic ion transport and metabolism
NODE_273_length_6622_cov_3.126662_3	COG3604	226132	0.001	22.0	FhlA	FhlA-type transcriptional regulator, contains GAF, AAA-type ATPase, and DNA-binding Fis domains	K	Transcription
NODE_274_length_6617_cov_3.735168_1	COG4783	227122	2.64e-09	35.443	BepA	Outer membrane protein chaperone/metalloprotease BepA/YfgC, contains M48 and TPR domains	M	Cell wall/membrane/envelope biogenesis
NODE_274_length_6617_cov_3.735168_3	COG4636	226983	2.19e-17	23.529	Uma2	Endonuclease, Uma2 family (restriction endonuclease fold)	R	General function prediction only
NODE_274_length_6617_cov_3.735168_4	COG3934	226444	9.48e-23	20.376		Endo-1,4-beta-mannosidase	G	Carbohydrate transport and metabolism
NODE_274_length_6617_cov_3.735168_5	COG3808	226330	1.71e-78	29.583	OVP1	Na+ or H+-translocating membrane pyrophosphatase	C	Energy production and conversion
NODE_274_length_6617_cov_3.735168_6	COG2271	225180	2.76e-17	23.81	UhpC	Sugar phosphate permease	G	Carbohydrate transport and metabolism
NODE_276_length_6592_cov_2.951190_1	COG0125	223203	5.49e-08	33.898	Tmk	Thymidylate kinase	F	Nucleotide transport and metabolism
NODE_276_length_6592_cov_2.951190_3	COG0719	223791	3.49e-93	34.226	SufB	Fe-S cluster assembly scaffold protein SufB	O	Posttranslational modification, protein turnover, chaperones
NODE_276_length_6592_cov_2.951190_4	COG0520	223594	0.0	54.208	CsdA	Selenocysteine lyase/Cysteine desulfurase	E	Amino acid transport and metabolism
NODE_276_length_6592_cov_2.951190_5	COG0822	223892	4.37e-47	42.963	IscU	Fe-S cluster assembly scaffold protein IscU, NifU family	O	Posttranslational modification, protein turnover, chaperones
NODE_276_length_6592_cov_2.951190_6	COG4775	227116	2.93e-16	23.293	BamA	Outer membrane protein assembly factor BamA	M	Cell wall/membrane/envelope biogenesis
NODE_277_length_6576_cov_3.364825_2	COG1538	224455	1.07e-26	25.0	TolC	Outer membrane protein TolC	M	Cell wall/membrane/envelope biogenesis
NODE_277_length_6576_cov_3.364825_3	COG3477	226008	0.005	26.744	YagU	Uncharacterized membrane protein YagU, involved in acid resistance, DUF1440 family	S	Function unknown
NODE_277_length_6576_cov_3.364825_4	COG0756	223827	4.79e-52	50.36	Dut	dUTP pyrophosphatase (dUTPase)	F	Nucleotide transport and metabolism
NODE_277_length_6576_cov_3.364825_5	COG5002	227335	1.17e-61	33.607	WalK	Sensor histidine kinase WalK	T	Signal transduction mechanisms
NODE_277_length_6576_cov_3.364825_6	COG0745	223816	5.84e-80	45.267	OmpR	DNA-binding response regulator, OmpR family, contains REC and winged-helix (wHTH) domain	T	Signal transduction mechanisms
NODE_277_length_6576_cov_3.364825_7	COG0306	223383	9.5e-78	36.923	PitA	Phosphate/sulfate permease	P	Inorganic ion transport and metabolism
NODE_278_length_6560_cov_3.877258_5	COG3453	225984	2.35e-15	22.689		Predicted phosphohydrolase, protein tyrosine phosphatase (PTP) superfamily, DUF442 family	R	General function prediction only
NODE_278_length_6560_cov_3.877258_6	COG1082	224007	3.68e-20	24.199	YcjR	Sugar phosphate isomerase/epimerase	G	Carbohydrate transport and metabolism
NODE_278_length_6560_cov_3.877258_7	COG0531	223605	3.48e-39	29.06	PotE	Serine transporter YbeC, amino acid:H+ symporter family	E	Amino acid transport and metabolism
NODE_278_length_6560_cov_3.877258_8	COG0531	223605	2.56e-09	36.458	PotE	Serine transporter YbeC, amino acid:H+ symporter family	E	Amino acid transport and metabolism
NODE_279_length_6547_cov_3.075425_1	COG1629	224544	0.002	17.195	CirA	Outer membrane receptor protein, Fe transport	P	Inorganic ion transport and metabolism
NODE_279_length_6547_cov_3.075425_2	COG1629	224544	0.000247	14.655	CirA	Outer membrane receptor protein, Fe transport	P	Inorganic ion transport and metabolism
NODE_280_length_6546_cov_3.106353_1	COG0249	223327	0.0	48.865	MutS	DNA mismatch repair ATPase MutS	L	Replication, recombination and repair
NODE_280_length_6546_cov_3.106353_4	COG3503	226034	3.23e-35	29.193		Uncharacterized membrane protein, DUF1624 family	S	Function unknown
NODE_280_length_6546_cov_3.106353_5	COG0274	223351	1.52e-76	42.523	DeoC	Deoxyribose-phosphate aldolase	F	Nucleotide transport and metabolism
NODE_280_length_6546_cov_3.106353_6	COG1940	224851	6.39e-41	43.868	NagC	Sugar kinase of the NBD/HSP70 family, may contain an N-terminal HTH domain	G	Carbohydrate transport and metabolism
NODE_281_length_6517_cov_3.504969_1	COG0363	223440	3.95e-53	37.43	NagB	6-phosphogluconolactonase/Glucosamine-6-phosphate isomerase/deaminase	G	Carbohydrate transport and metabolism
NODE_281_length_6517_cov_3.504969_2	COG1435	224352	7.49e-73	44.086	Tdk	Thymidine kinase	F	Nucleotide transport and metabolism
NODE_281_length_6517_cov_3.504969_3	COG1494	224411	8.16e-149	51.183	GlpX	Fructose-1,6-bisphosphatase/sedoheptulose 1,7-bisphosphatase or related protein	G	Carbohydrate transport and metabolism
NODE_281_length_6517_cov_3.504969_4	COG0006	223085	6.82e-57	33.333	PepP	Xaa-Pro aminopeptidase	E	Amino acid transport and metabolism
NODE_281_length_6517_cov_3.504969_5	COG0673	223745	3.81e-50	22.507	MviM	Predicted dehydrogenase	R	General function prediction only
NODE_281_length_6517_cov_3.504969_6	COG3000	225546	2.46e-39	35.808	ERG3	Sterol desaturase/sphingolipid hydroxylase, fatty acid hydroxylase superfamily	I	Lipid transport and metabolism
NODE_281_length_6517_cov_3.504969_7	COG0673	223745	9.8e-11	23.649	MviM	Predicted dehydrogenase	R	General function prediction only
NODE_282_length_6506_cov_2.741173_1	COG0841	223911	0.0	30.889	AcrB	Multidrug efflux pump subunit AcrB	V	Defense mechanisms
NODE_283_length_6504_cov_3.517660_1	COG0154	223232	5.18e-109	34.146	GatA	Asp-tRNAAsn/Glu-tRNAGln amidotransferase A subunit or related amidase	J	Translation, ribosomal structure and biogenesis
NODE_283_length_6504_cov_3.517660_2	COG1398	224316	7.04e-69	36.94	OLE1	Fatty-acid desaturase	I	Lipid transport and metabolism
NODE_283_length_6504_cov_3.517660_3	COG4935	227271	0.003	25.0		Regulatory P domain of the subtilisin-like proprotein convertases and other proteases	O	Posttranslational modification, protein turnover, chaperones
NODE_283_length_6504_cov_3.517660_4	COG1141	224064	8.31e-05	32.812	Fer	Ferredoxin	C	Energy production and conversion
NODE_283_length_6504_cov_3.517660_5	COG0320	223397	1.71e-174	62.143	LipA	Lipoate synthase	H	Coenzyme transport and metabolism
NODE_284_length_6498_cov_3.436069_1	COG1629	224544	4.25e-06	16.544	CirA	Outer membrane receptor protein, Fe transport	P	Inorganic ion transport and metabolism
NODE_284_length_6498_cov_3.436069_2	COG0667	223739	1.13e-88	35.152	PdxI	Pyridoxal reductase PdxI or related oxidoreductase, aldo/keto reductase family	H	Coenzyme transport and metabolism
NODE_284_length_6498_cov_3.436069_3	COG1087	224012	1.36e-178	53.191	GalE	UDP-glucose 4-epimerase	M	Cell wall/membrane/envelope biogenesis
NODE_285_length_6496_cov_2.939243_1	COG1297	224216	1.89e-113	50.633	OPT	Predicted oligopeptide transporter, OPT family	R	General function prediction only
NODE_286_length_6484_cov_3.437802_1	COG1333	224252	1.64e-09	21.531	ResB	Cytochrome c biogenesis protein ResB	C	Energy production and conversion
NODE_286_length_6484_cov_3.437802_3	COG0755	223826	2.77e-18	36.765	CcmC	ABC-type transport system involved in cytochrome c biogenesis, permease component	O	Posttranslational modification, protein turnover, chaperones
NODE_286_length_6484_cov_3.437802_4	COG0747	223818	8.3e-99	28.395	DdpA	ABC-type transport system, periplasmic component	E	Amino acid transport and metabolism
NODE_286_length_6484_cov_3.437802_5	COG0727	223799	1.82e-06	21.782	YkgJ	Uncharacterized protein YkgJ, contains CxxCxxCC motif	R	General function prediction only
NODE_286_length_6484_cov_3.437802_6	COG5542	227829	0.001	20.0		Mannosyltransferase related to Gpi18	G	Carbohydrate transport and metabolism
NODE_287_length_6480_cov_3.804154_1	COG0452	223529	1.26e-47	48.521	CoaBC	Phosphopantothenoylcysteine synthetase/decarboxylase CoaBC	H	Coenzyme transport and metabolism
NODE_287_length_6480_cov_3.804154_2	COG4636	226983	8.9e-33	28.421	Uma2	Endonuclease, Uma2 family (restriction endonuclease fold)	R	General function prediction only
NODE_287_length_6480_cov_3.804154_3	COG1573	224489	9.2e-64	49.223	Udg4	Uracil-DNA glycosylase	L	Replication, recombination and repair
NODE_287_length_6480_cov_3.804154_4	COG1560	224476	3.74e-81	37.838	LpxP	Palmitoleoyl-ACP: Kdo2-lipid-IV acyltransferase (lipid A biosynthesis)	I	Lipid transport and metabolism
NODE_287_length_6480_cov_3.804154_5	COG0763	223834	1.07e-121	42.328	LpxB	Lipid A disaccharide synthetase	M	Cell wall/membrane/envelope biogenesis
NODE_287_length_6480_cov_3.804154_8	COG2137	225048	1.02e-17	38.655	RecX	SOS response regulatory protein OraA/RecX, interacts with RecA	O	Posttranslational modification, protein turnover, chaperones
NODE_288_length_6466_cov_3.458601_2	COG0438	223515	3.64e-34	24.745	RfaB	Glycosyltransferase involved in cell wall bisynthesis	M	Cell wall/membrane/envelope biogenesis
NODE_288_length_6466_cov_3.458601_3	COG0438	223515	3.67e-31	26.706	RfaB	Glycosyltransferase involved in cell wall bisynthesis	M	Cell wall/membrane/envelope biogenesis
NODE_288_length_6466_cov_3.458601_4	COG0463	223539	1.52e-31	24.756	WcaA	Glycosyltransferase involved in cell wall bisynthesis	M	Cell wall/membrane/envelope biogenesis
NODE_288_length_6466_cov_3.458601_5	COG2244	225153	1.29e-08	19.554	RfbX	Membrane protein involved in the export of O-antigen and teichoic acid	M	Cell wall/membrane/envelope biogenesis
NODE_288_length_6466_cov_3.458601_6	COG4627	226975	1.68e-50	40.331		Predicted SAM-depedendent methyltransferase	R	General function prediction only
NODE_289_length_6427_cov_3.472913_1	COG0612	223685	5.57e-63	25.765	PqqL	Predicted Zn-dependent peptidase, M16 family	R	General function prediction only
NODE_289_length_6427_cov_3.472913_2	COG0612	223685	3.65e-66	25.467	PqqL	Predicted Zn-dependent peptidase, M16 family	R	General function prediction only
NODE_289_length_6427_cov_3.472913_3	COG0673	223745	7.42e-48	24.224	MviM	Predicted dehydrogenase	R	General function prediction only
NODE_289_length_6427_cov_3.472913_4	COG4974	227308	1.36e-122	48.658	XerD	Site-specific recombinase XerD	L	Replication, recombination and repair
NODE_290_length_6426_cov_3.566703_1	COG2972	225519	0.008	26.531	YesM	Sensor histidine kinase YesM	T	Signal transduction mechanisms
NODE_290_length_6426_cov_3.566703_3	COG1960	224871	3.26e-120	38.265	CaiA	Acyl-CoA dehydrogenase related to the alkylation response protein AidB	I	Lipid transport and metabolism
NODE_290_length_6426_cov_3.566703_4	COG0463	223539	5.07e-29	27.354	WcaA	Glycosyltransferase involved in cell wall bisynthesis	M	Cell wall/membrane/envelope biogenesis
NODE_290_length_6426_cov_3.566703_5	COG1807	224720	9.81e-34	33.819	ArnT	PMT family glycosyltransferase ArnT/Agl22, involved in glycosylation of proteins and lipid IVA	M	Cell wall/membrane/envelope biogenesis
NODE_291_length_6399_cov_2.796583_1	COG0513	223587	6.03e-93	52.727	SrmB	Superfamily II DNA and RNA helicase	L	Replication, recombination and repair
NODE_291_length_6399_cov_2.796583_2	COG0724	223796	9.65e-21	48.148	RRM	RNA recognition motif (RRM) domain	J	Translation, ribosomal structure and biogenesis
NODE_291_length_6399_cov_2.796583_4	COG0642	223715	7.44e-12	22.535	BaeS	Signal transduction histidine kinase	T	Signal transduction mechanisms
NODE_291_length_6399_cov_2.796583_5	COG0642	223715	5.54e-32	47.273	BaeS	Signal transduction histidine kinase	T	Signal transduction mechanisms
NODE_291_length_6399_cov_2.796583_6	COG0439	223516	2.38e-15	20.489	AccC	Biotin carboxylase	I	Lipid transport and metabolism
NODE_291_length_6399_cov_2.796583_7	COG0745	223816	3.69e-39	45.299	OmpR	DNA-binding response regulator, OmpR family, contains REC and winged-helix (wHTH) domain	T	Signal transduction mechanisms
NODE_291_length_6399_cov_2.796583_8	COG1538	224455	9.64e-18	32.168	TolC	Outer membrane protein TolC	M	Cell wall/membrane/envelope biogenesis
NODE_292_length_6397_cov_3.701741_1	COG0297	223374	6.32e-172	44.742	GlgA	Glycogen synthase	G	Carbohydrate transport and metabolism
NODE_292_length_6397_cov_3.701741_2	COG3118	225660	1.35e-27	38.532	CnoX	Chaperedoxin CnoX, contains thioredoxin-like and TPR-like domains, YbbN/TrxSC family	O	Posttranslational modification, protein turnover, chaperones
NODE_292_length_6397_cov_3.701741_3	COG0492	223566	3.4e-105	42.581	TrxB	Thioredoxin reductase	O	Posttranslational modification, protein turnover, chaperones
NODE_292_length_6397_cov_3.701741_5	COG2026	224937	2.24e-09	29.63	RelE	mRNA-degrading endonuclease RelE, toxin component of the RelBE toxin-antitoxin system	V	Defense mechanisms
NODE_292_length_6397_cov_3.701741_6	COG0104	223182	0.0	58.891	PurA	Adenylosuccinate synthase	F	Nucleotide transport and metabolism
NODE_292_length_6397_cov_3.701741_8	COG4636	226983	2.95e-09	30.435	Uma2	Endonuclease, Uma2 family (restriction endonuclease fold)	R	General function prediction only
NODE_293_length_6384_cov_3.487712_1	COG0147	223225	2.09e-72	38.276	TrpE	Anthranilate/para-aminobenzoate synthases component I	E	Amino acid transport and metabolism
NODE_293_length_6384_cov_3.487712_2	COG2329	225209	7.42e-18	30.476	HmoA	Heme-degrading monooxygenase HmoA and related ABM domain proteins	H	Coenzyme transport and metabolism
NODE_293_length_6384_cov_3.487712_3	COG0139	223217	1.09e-61	64.0	HisI1	Phosphoribosyl-AMP cyclohydrolase	E	Amino acid transport and metabolism
NODE_293_length_6384_cov_3.487712_4	COG4330	226780	2.59e-20	33.149		Uncharacterized membrane protein, DUF1361 domain	S	Function unknown
NODE_293_length_6384_cov_3.487712_5	COG0110	223188	5.45e-42	41.379	WbbJ	Acetyltransferase, isoleucine patch superfamily	R	General function prediction only
NODE_293_length_6384_cov_3.487712_6	COG2267	225176	9.51e-15	25.333	PldB	Lysophospholipase, alpha-beta hydrolase superfamily	I	Lipid transport and metabolism
NODE_293_length_6384_cov_3.487712_7	COG0107	223185	1.02e-161	72.656	HisF	Imidazole glycerol phosphate synthase subunit HisF	E	Amino acid transport and metabolism
NODE_293_length_6384_cov_3.487712_8	COG0111	223189	9.8e-29	50.588	SerA	Phosphoglycerate dehydrogenase or related dehydrogenase	H	Coenzyme transport and metabolism
NODE_294_length_6375_cov_4.076691_2	COG0589	223662	2.16e-23	35.294	UspA	Nucleotide-binding universal stress protein,  UspA family	T	Signal transduction mechanisms
NODE_294_length_6375_cov_4.076691_3	COG1252	224172	2.76e-29	24.706	Ndh	NADH dehydrogenase, FAD-containing subunit	C	Energy production and conversion
NODE_294_length_6375_cov_4.076691_4	COG3467	225998	2.23e-30	29.114	NimA	Nitroimidazole reductase NimA or a related FMN-containing flavoprotein, pyridoxamine 5'-phosphate oxidase superfamily	V	Defense mechanisms
NODE_294_length_6375_cov_4.076691_7	COG0305	223382	4.28e-72	42.857	DnaB	Replicative DNA helicase	L	Replication, recombination and repair
NODE_295_length_6357_cov_3.070064_1	COG1376	224294	7.16e-06	36.066	ErfK	Lipoprotein-anchoring transpeptidase ErfK/SrfK	M	Cell wall/membrane/envelope biogenesis
NODE_295_length_6357_cov_3.070064_2	COG0241	223319	2.91e-47	40.0	HisB1/GmhB	Histidinol phosphatase/D-glycero-mannoheptose bisphosphatephosphatase, HAD superfamily	E	Amino acid transport and metabolism
NODE_295_length_6357_cov_3.070064_3	COG0279	223356	8.69e-78	53.614	GmhA	Phosphoheptose isomerase	G	Carbohydrate transport and metabolism
NODE_295_length_6357_cov_3.070064_4	COG0438	223515	1.01e-21	19.954	RfaB	Glycosyltransferase involved in cell wall bisynthesis	M	Cell wall/membrane/envelope biogenesis
NODE_295_length_6357_cov_3.070064_5	COG0438	223515	2.63e-36	29.71	RfaB	Glycosyltransferase involved in cell wall bisynthesis	M	Cell wall/membrane/envelope biogenesis
NODE_295_length_6357_cov_3.070064_6	COG0438	223515	1.96e-34	26.463	RfaB	Glycosyltransferase involved in cell wall bisynthesis	M	Cell wall/membrane/envelope biogenesis
NODE_295_length_6357_cov_3.070064_7	COG0438	223515	5.15e-18	21.283	RfaB	Glycosyltransferase involved in cell wall bisynthesis	M	Cell wall/membrane/envelope biogenesis
NODE_296_length_6342_cov_3.143974_1	COG0591	223664	4.89e-39	21.815	PutP	Na+/proline symporter	E	Amino acid transport and metabolism
NODE_296_length_6342_cov_3.143974_3	COG0646	223719	4.71e-90	38.264	MetH1	Methionine synthase I (cobalamin-dependent), methyltransferase domain	E	Amino acid transport and metabolism
NODE_296_length_6342_cov_3.143974_4	COG0239	223317	1.01e-33	42.857	CrcB	Fluoride ion exporter CrcB/FEX, affects chromosome condensation	D	Cell cycle control, cell division, chromosome partitioning
NODE_296_length_6342_cov_3.143974_5	COG1993	224904	1.72e-40	54.902		PII-like signaling protein	T	Signal transduction mechanisms
NODE_296_length_6342_cov_3.143974_6	COG0001	223080	5.78e-33	55.914	HemL	Glutamate-1-semialdehyde aminotransferase	H	Coenzyme transport and metabolism
NODE_297_length_6327_cov_3.781440_2	COG1228	224149	6.04e-30	24.832	HutI	Imidazolonepropionase or related amidohydrolase	Q	Secondary metabolites biosynthesis, transport and catabolism
NODE_297_length_6327_cov_3.781440_4	COG0662	223734	3.54e-05	20.896	ManC	Mannose-6-phosphate isomerase, cupin superfamily	G	Carbohydrate transport and metabolism
NODE_297_length_6327_cov_3.781440_5	COG3604	226132	3.58e-168	43.385	FhlA	FhlA-type transcriptional regulator, contains GAF, AAA-type ATPase, and DNA-binding Fis domains	K	Transcription
NODE_298_length_6316_cov_3.447988_1	COG2936	225487	8.29e-17	34.021		Predicted acyl esterase	R	General function prediction only
NODE_298_length_6316_cov_3.447988_3	COG0501	223575	4.93e-13	30.357	HtpX	Zn-dependent protease with chaperone function	O	Posttranslational modification, protein turnover, chaperones
NODE_298_length_6316_cov_3.447988_4	COG1620	224535	9.52e-141	41.431	LldP	L-lactate permease	C	Energy production and conversion
NODE_298_length_6316_cov_3.447988_5	COG2128	225039	3.62e-28	27.673	YciW	Alkylhydroperoxidase family enzyme, contains CxxC motif	P	Inorganic ion transport and metabolism
NODE_298_length_6316_cov_3.447988_7	COG4948	227284	3.55e-73	30.424	RspA	L-alanine-DL-glutamate epimerase or related enzyme of enolase superfamily	M	Cell wall/membrane/envelope biogenesis
NODE_299_length_6266_cov_3.289223_1	COG0466	223542	0.0	60.369	Lon	ATP-dependent Lon protease, bacterial type	O	Posttranslational modification, protein turnover, chaperones
NODE_299_length_6266_cov_3.289223_4	COG4948	227284	1.69e-103	36.623	RspA	L-alanine-DL-glutamate epimerase or related enzyme of enolase superfamily	M	Cell wall/membrane/envelope biogenesis
NODE_300_length_6258_cov_3.178612_4	COG2204	225114	2.27e-27	39.167	AtoC	DNA-binding transcriptional response regulator, NtrC family, contains REC, AAA-type ATPase, and a Fis-type DNA-binding domains	T	Signal transduction mechanisms
NODE_300_length_6258_cov_3.178612_6	COG1028	223959	2.4e-47	34.583	FabG	NAD(P)-dependent dehydrogenase, short-chain alcohol dehydrogenase family	I	Lipid transport and metabolism
NODE_300_length_6258_cov_3.178612_7	COG0717	223789	1.94e-50	43.689	Dcd	dCTP deaminase	F	Nucleotide transport and metabolism
NODE_301_length_6248_cov_3.284071_2	COG0665	223737	7.29e-13	20.155	DadA	Glycine/D-amino acid oxidase (deaminating)	E	Amino acid transport and metabolism
NODE_301_length_6248_cov_3.284071_3	COG0078	223156	8.75e-143	50.0	ArgF	Ornithine carbamoyltransferase	E	Amino acid transport and metabolism
NODE_301_length_6248_cov_3.284071_4	COG0693	223765	1.64e-19	22.46	YajL	Protein/nucleotide deglycase, PfpI/YajL/DJ-1 family (repair of methylglyoxal-glycated proteins and nucleic acids)	V	Defense mechanisms
NODE_301_length_6248_cov_3.284071_5	COG0728	223800	9.28e-114	40.117	MurJ	Lipid II flippase MurJ/MviN (peptidoglycan biosynthesis)	M	Cell wall/membrane/envelope biogenesis
NODE_302_length_6244_cov_3.030485_1	COG4548	226921	2.36e-52	27.845	NorD	Nitric oxide reductase activation protein	P	Inorganic ion transport and metabolism
NODE_302_length_6244_cov_3.030485_3	COG0694	223766	6.26e-23	44.737	NifU	Fe-S cluster biogenesis protein NfuA, 4Fe-4S-binding domain	O	Posttranslational modification, protein turnover, chaperones
NODE_302_length_6244_cov_3.030485_4	COG0280	223357	1.58e-127	53.012	Pta	Phosphotransacetylase (includes Pta, EutD and phosphobutyryltransferase)	C	Energy production and conversion
NODE_302_length_6244_cov_3.030485_5	COG0586	223659	1.64e-31	31.5	DedA	Membrane integrity protein DedA, putative transporter, DedA/Tvp38 family	M	Cell wall/membrane/envelope biogenesis
NODE_302_length_6244_cov_3.030485_6	COG1896	224808	1.22e-38	48.795	YfbR	5'-deoxynucleotidase YfbR and related HD superfamily hydrolases	F	Nucleotide transport and metabolism
NODE_302_length_6244_cov_3.030485_7	COG0042	223120	9.67e-25	41.111	DusA	tRNA-dihydrouridine synthase	J	Translation, ribosomal structure and biogenesis
NODE_303_length_6209_cov_3.687215_1	COG1450	224367	2.93e-26	29.255	PulD	Type II secretory pathway component GspD/PulD (secretin)	U	Intracellular trafficking, secretion, and vesicular transport
NODE_303_length_6209_cov_3.687215_2	COG2018	224929	2.54e-10	21.818		Predicted regulator of Ras-like GTPase activity, Roadblock/LC7/MglB family	T	Signal transduction mechanisms
NODE_303_length_6209_cov_3.687215_3	COG0640	223713	2.99e-22	41.837	ArsR	DNA-binding transcriptional regulator, ArsR family	K	Transcription
NODE_303_length_6209_cov_3.687215_4	COG0346	223423	5.88e-06	18.571	GloA	Catechol 2,3-dioxygenase or related enzyme, vicinal oxygen chelate (VOC) family	Q	Secondary metabolites biosynthesis, transport and catabolism
NODE_303_length_6209_cov_3.687215_5	COG1246	224167	0.000668	43.396	ArgA	N-acetylglutamate synthase or related acetyltransferase, GNAT family	E	Amino acid transport and metabolism
NODE_303_length_6209_cov_3.687215_6	COG0394	223471	1.81e-45	40.714	Wzb	Protein-tyrosine-phosphatase	T	Signal transduction mechanisms
NODE_303_length_6209_cov_3.687215_7	COG1173	224094	6.19e-113	57.455	DppC	ABC-type dipeptide/oligopeptide/nickel transport system, permease component	E	Amino acid transport and metabolism
NODE_303_length_6209_cov_3.687215_8	COG0601	223674	2.15e-130	51.603	DppB	ABC-type dipeptide/oligopeptide/nickel transport system, permease component	E	Amino acid transport and metabolism
NODE_303_length_6209_cov_3.687215_9	COG3118	225660	4.3e-32	46.465	CnoX	Chaperedoxin CnoX, contains thioredoxin-like and TPR-like domains, YbbN/TrxSC family	O	Posttranslational modification, protein turnover, chaperones
NODE_303_length_6209_cov_3.687215_10	COG3975	226483	1.93e-05	28.571		Predicted metalloprotease, contains C-terminal PDZ domain	R	General function prediction only
NODE_304_length_6205_cov_3.229439_1	COG0586	223659	5.17e-05	32.692	DedA	Membrane integrity protein DedA, putative transporter, DedA/Tvp38 family	M	Cell wall/membrane/envelope biogenesis
NODE_304_length_6205_cov_3.229439_2	COG1940	224851	6.6e-59	34.091	NagC	Sugar kinase of the NBD/HSP70 family, may contain an N-terminal HTH domain	G	Carbohydrate transport and metabolism
NODE_304_length_6205_cov_3.229439_3	COG0481	223557	0.0	69.128	LepA	Translation elongation factor EF-4, membrane-bound GTPase	J	Translation, ribosomal structure and biogenesis
NODE_304_length_6205_cov_3.229439_4	COG2802	225362	6.34e-30	29.787	LON/PUA	Uncharacterized conserved protein, LON_N-like domain, ASCH/PUA-like superfamily	S	Function unknown
NODE_304_length_6205_cov_3.229439_5	COG5000	227333	1.83e-33	25.815	NtrY	Signal transduction histidine kinase NtrY involved in nitrogen fixation and metabolism regulation	T	Signal transduction mechanisms
NODE_305_length_6148_cov_3.500741_1	COG1506	224423	1.38e-11	25.899	DAP2	Dipeptidyl aminopeptidase/acylaminoacyl peptidase	E	Amino acid transport and metabolism
NODE_305_length_6148_cov_3.500741_2	COG0106	223184	5.12e-102	52.893	HisA	Phosphoribosylformimino-5-aminoimidazole carboxamide ribonucleotide (ProFAR) isomerase	E	Amino acid transport and metabolism
NODE_305_length_6148_cov_3.500741_4	COG1595	224511	2.28e-07	27.82	RpoE	DNA-directed RNA polymerase specialized sigma subunit, sigma24 family	K	Transcription
NODE_305_length_6148_cov_3.500741_5	COG0515	223589	3.58e-51	33.887	SPS1	Serine/threonine protein kinase	T	Signal transduction mechanisms
NODE_306_length_6146_cov_2.739001_2	COG4783	227122	5.42e-13	26.966	BepA	Outer membrane protein chaperone/metalloprotease BepA/YfgC, contains M48 and TPR domains	M	Cell wall/membrane/envelope biogenesis
NODE_306_length_6146_cov_2.739001_3	COG0457	223533	7.18e-27	28.099	TPR	Tetratricopeptide (TPR) repeat	R	General function prediction only
NODE_307_length_6121_cov_3.462277_1	COG0652	223725	2.57e-44	41.379	PpiB	Peptidyl-prolyl cis-trans isomerase (rotamase) - cyclophilin family	O	Posttranslational modification, protein turnover, chaperones
NODE_307_length_6121_cov_3.462277_2	COG0512	223586	7.64e-112	63.83	PabA	Anthranilate/para-aminobenzoate synthase component II (glutamine amidotransferase)	E	Amino acid transport and metabolism
NODE_307_length_6121_cov_3.462277_3	COG0547	223621	3.96e-128	53.313	TrpD	Anthranilate phosphoribosyltransferase, glycosyltransferase domain	E	Amino acid transport and metabolism
NODE_307_length_6121_cov_3.462277_4	COG2234	225143	7.73e-22	25.556	Iap	Zn-dependent amino- or carboxypeptidase, M28 family	O	Posttranslational modification, protein turnover, chaperones
NODE_307_length_6121_cov_3.462277_6	COG1396	224314	1.49e-11	45.455	HipB	Transcriptional regulator, contains XRE-family HTH domain	K	Transcription
NODE_308_length_6119_cov_3.646640_1	COG0058	223136	0.0	33.011	GlgP	Glucan phosphorylase	G	Carbohydrate transport and metabolism
NODE_308_length_6119_cov_3.646640_2	COG0207	223285	3.43e-152	64.179	ThyA	Thymidylate synthase	F	Nucleotide transport and metabolism
NODE_308_length_6119_cov_3.646640_3	COG0262	223340	8.5e-58	42.857	FolA	Dihydrofolate reductase	H	Coenzyme transport and metabolism
NODE_308_length_6119_cov_3.646640_4	COG0607	223680	3e-19	37.5	PspE	Rhodanese-related sulfurtransferase	P	Inorganic ion transport and metabolism
NODE_308_length_6119_cov_3.646640_5	COG4970	227305	7.18e-05	27.419	FimT	Type IV pilus assembly protein FimT	N	Cell motility
NODE_308_length_6119_cov_3.646640_6	COG4967	227302	6.34e-10	39.623	PilV	Type IV pilus assembly protein PilV	N	Cell motility
NODE_308_length_6119_cov_3.646640_7	COG4966	227301	3.04e-08	23.016	PilW	Type IV pilus assembly protein PilW	N	Cell motility
NODE_309_length_6105_cov_2.685800_1	COG1409	224327	1.61e-08	19.383	CpdA	3',5'-cyclic AMP phosphodiesterase CpdA	T	Signal transduction mechanisms
NODE_309_length_6105_cov_2.685800_2	COG1082	224007	6.42e-33	25.632	YcjR	Sugar phosphate isomerase/epimerase	G	Carbohydrate transport and metabolism
NODE_309_length_6105_cov_2.685800_5	COG0583	223656	2.21e-58	37.162	LysR	DNA-binding transcriptional regulator, LysR family	K	Transcription
NODE_309_length_6105_cov_2.685800_6	COG2971	225518	4.64e-54	42.918	BadF	BadF-type ATPase, related to human N-acetylglucosamine kinase	G	Carbohydrate transport and metabolism
NODE_310_length_6097_cov_2.775249_1	COG1884	224796	0.0	62.217	Sbm	Methylmalonyl-CoA mutase, N-terminal domain/subunit	I	Lipid transport and metabolism
NODE_310_length_6097_cov_2.775249_2	COG0123	223201	1.02e-104	44.268	AcuC	Acetoin utilization deacetylase AcuC or a related deacetylase	Q	Secondary metabolites biosynthesis, transport and catabolism
NODE_310_length_6097_cov_2.775249_6	COG2204	225114	4.29e-163	51.392	AtoC	DNA-binding transcriptional response regulator, NtrC family, contains REC, AAA-type ATPase, and a Fis-type DNA-binding domains	T	Signal transduction mechanisms
NODE_311_length_6069_cov_3.088284_2	COG0151	223229	0.0	50.118	PurD	Phosphoribosylamine-glycine ligase	F	Nucleotide transport and metabolism
NODE_311_length_6069_cov_3.088284_3	COG3970	226479	3.65e-56	33.628		Fumarylacetoacetate (FAA) hydrolase family protein	R	General function prediction only
NODE_311_length_6069_cov_3.088284_5	COG0612	223685	2.12e-77	30.769	PqqL	Predicted Zn-dependent peptidase, M16 family	R	General function prediction only
NODE_312_length_6039_cov_2.807447_1	COG4636	226983	2.77e-16	25.628	Uma2	Endonuclease, Uma2 family (restriction endonuclease fold)	R	General function prediction only
NODE_312_length_6039_cov_2.807447_2	COG1404	224322	5.53e-20	28.278	AprE	Serine protease, subtilisin family	O	Posttranslational modification, protein turnover, chaperones
NODE_312_length_6039_cov_2.807447_3	COG3947	226456	1.86e-20	21.875	SAPR	Two-component response regulator, SAPR family, consists of REC, wHTH and BTAD domains	T	Signal transduction mechanisms
NODE_313_length_5997_cov_2.711149_4	COG0308	223385	2.05e-17	19.66	PepN	Aminopeptidase N, contains DUF3458 domain	E	Amino acid transport and metabolism
NODE_314_length_5988_cov_4.164608_2	COG0864	223932	0.000158	40.0	NikR	Metal-responsive transcriptional regulator, contains CopG/Arc/MetJ DNA-binding domain	K	Transcription
NODE_315_length_5964_cov_3.561067_1	COG0423	223500	5.28e-118	34.433	GRS1	Glycyl-tRNA synthetase, class II	J	Translation, ribosomal structure and biogenesis
NODE_315_length_5964_cov_3.561067_2	COG1968	224879	1.12e-76	39.298	UppP	Undecaprenyl pyrophosphate phosphatase	I	Lipid transport and metabolism
NODE_315_length_5964_cov_3.561067_3	COG1051	223979	3.92e-34	39.189	YjhB	ADP-ribose pyrophosphatase YjhB, NUDIX family	F	Nucleotide transport and metabolism
NODE_315_length_5964_cov_3.561067_4	COG0031	223110	9.3e-131	53.381	CysK	Cysteine synthase	E	Amino acid transport and metabolism
NODE_315_length_5964_cov_3.561067_5	COG0735	223806	2.03e-45	45.205	Fur	Fe2+ or Zn2+ uptake regulation protein Fur/Zur	P	Inorganic ion transport and metabolism
NODE_315_length_5964_cov_3.561067_6	COG2010	224921	1.07e-06	20.561	CccA	Cytochrome c, mono- and diheme variants	C	Energy production and conversion
NODE_316_length_5941_cov_3.820089_1	COG1409	224327	6.75e-16	22.917	CpdA	3',5'-cyclic AMP phosphodiesterase CpdA	T	Signal transduction mechanisms
NODE_316_length_5941_cov_3.820089_2	COG3258	225797	4.88e-08	29.126	TsdA	Thiosulfate dehydrogenase TsdA, contains C-terminal cytochrome c domain	P	Inorganic ion transport and metabolism
NODE_316_length_5941_cov_3.820089_4	COG2303	225186	1.43e-56	22.878	BetA	Choline dehydrogenase or related flavoprotein	I	Lipid transport and metabolism
NODE_316_length_5941_cov_3.820089_5	COG2442	225291	7.4e-12	33.333		Predicted antitoxin component of a toxin-antitoxin system, DUF433 family	V	Defense mechanisms
NODE_316_length_5941_cov_3.820089_6	COG1473	224390	8.04e-48	22.393	AbgB	Metal-dependent amidase/aminoacylase/carboxypeptidase	R	General function prediction only
NODE_317_length_5922_cov_3.629940_2	COG4966	227301	1.88e-08	23.116	PilW	Type IV pilus assembly protein PilW	N	Cell motility
NODE_317_length_5922_cov_3.629940_3	COG4967	227302	2.57e-06	30.357	PilV	Type IV pilus assembly protein PilV	N	Cell motility
NODE_317_length_5922_cov_3.629940_4	COG4968	227303	5.4e-06	22.556	PilE	Type IV pilus assembly protein PilE	N	Cell motility
NODE_317_length_5922_cov_3.629940_5	COG2080	224991	1.44e-11	45.0	CutS	Aldehyde, CO, or xanthine dehydrogenase, Fe-S subunit, CoxS/CutS family	C	Energy production and conversion
NODE_317_length_5922_cov_3.629940_6	COG0071	223149	3.4e-15	50.0	IbpA	Small heat shock protein IbpA, HSP20 family	O	Posttranslational modification, protein turnover, chaperones
NODE_318_length_5908_cov_3.343166_1	COG0684	223756	2.7e-26	31.884	RraA	RNA degradosome component RraA (regulator of RNase E activity)	J	Translation, ribosomal structure and biogenesis
NODE_318_length_5908_cov_3.343166_2	COG1028	223959	1.66e-64	44.488	FabG	NAD(P)-dependent dehydrogenase, short-chain alcohol dehydrogenase family	I	Lipid transport and metabolism
NODE_318_length_5908_cov_3.343166_3	COG4948	227284	1.17e-83	34.375	RspA	L-alanine-DL-glutamate epimerase or related enzyme of enolase superfamily	M	Cell wall/membrane/envelope biogenesis
NODE_318_length_5908_cov_3.343166_4	COG2271	225180	4.17e-28	24.7	UhpC	Sugar phosphate permease	G	Carbohydrate transport and metabolism
NODE_319_length_5882_cov_3.416882_1	COG3307	225844	9.29e-07	19.549	RfaL	O-antigen ligase	M	Cell wall/membrane/envelope biogenesis
NODE_319_length_5882_cov_3.416882_2	COG1596	224512	1.37e-26	27.193	Wza	Periplasmic protein Wza involved in polysaccharide export, contains SLBB domain of the beta-grasp fold	M	Cell wall/membrane/envelope biogenesis
NODE_319_length_5882_cov_3.416882_3	COG3206	225747	5.04e-57	23.431	GumC	Exopolysaccharide export protein/domain GumC/Wzc1	M	Cell wall/membrane/envelope biogenesis
NODE_320_length_5862_cov_3.129818_1	COG1506	224423	3.42e-05	16.929	DAP2	Dipeptidyl aminopeptidase/acylaminoacyl peptidase	E	Amino acid transport and metabolism
NODE_320_length_5862_cov_3.129818_2	COG1506	224423	1.35e-08	25.749	DAP2	Dipeptidyl aminopeptidase/acylaminoacyl peptidase	E	Amino acid transport and metabolism
NODE_320_length_5862_cov_3.129818_3	COG1082	224007	3.07e-29	23.273	YcjR	Sugar phosphate isomerase/epimerase	G	Carbohydrate transport and metabolism
NODE_320_length_5862_cov_3.129818_4	COG3828	226349	0.000325	20.942		Type 1 glutamine amidotransferase (GATase1)-like domain	R	General function prediction only
NODE_320_length_5862_cov_3.129818_5	COG0859	223928	2.31e-26	27.463	RfaF	ADP-heptose:LPS heptosyltransferase	M	Cell wall/membrane/envelope biogenesis
NODE_321_length_5859_cov_3.799550_1	COG1080	224006	0.0	45.0	PtsA	Phosphoenolpyruvate-protein kinase (PTS system EI component in bacteria)	G	Carbohydrate transport and metabolism
NODE_321_length_5859_cov_3.799550_3	COG2893	225446	2.24e-25	35.577	ManX	Phosphotransferase system, mannose/fructose-specific component IIA	G	Carbohydrate transport and metabolism
NODE_321_length_5859_cov_3.799550_4	COG1660	224574	1.12e-136	51.228	RapZ	RNase adaptor protein RapZ for GlmZ sRNA degradation, contains a P-loop ATPase domain	T	Signal transduction mechanisms
NODE_321_length_5859_cov_3.799550_5	COG1544	224461	1.02e-15	29.245	RaiA	Ribosome-associated translation inhibitor RaiA	J	Translation, ribosomal structure and biogenesis
NODE_321_length_5859_cov_3.799550_6	COG1508	224425	4.21e-123	33.52	RpoN	DNA-directed RNA polymerase specialized sigma subunit, sigma54 homolog	K	Transcription
NODE_322_length_5847_cov_3.220971_1	COG0596	223669	3.01e-32	29.323	MenH	2-succinyl-6-hydroxy-2,4-cyclohexadiene-1-carboxylate synthase MenH and related esterases, alpha/beta hydrolase fold	H	Coenzyme transport and metabolism
NODE_322_length_5847_cov_3.220971_4	COG0642	223715	6.05e-51	27.019	BaeS	Signal transduction histidine kinase	T	Signal transduction mechanisms
NODE_322_length_5847_cov_3.220971_5	COG2204	225114	1.69e-167	52.528	AtoC	DNA-binding transcriptional response regulator, NtrC family, contains REC, AAA-type ATPase, and a Fis-type DNA-binding domains	T	Signal transduction mechanisms
NODE_323_length_5840_cov_2.787611_2	COG4942	227278	0.008	23.377	EnvC	Septal ring factor EnvC, activator of murein hydrolases AmiA and AmiB	D	Cell cycle control, cell division, chromosome partitioning
NODE_323_length_5840_cov_2.787611_4	COG2208	225118	2.77e-12	24.28	RsbU	Phosphoserine phosphatase RsbU, regulator of sigma subunit	T	Signal transduction mechanisms
NODE_323_length_5840_cov_2.787611_5	COG0533	223607	1.2e-146	47.267	TsaD	tRNA A37 threonylcarbamoyltransferase TsaD	J	Translation, ribosomal structure and biogenesis
NODE_323_length_5840_cov_2.787611_7	COG0153	223231	1.01e-34	31.707	GalK	Galactokinase	G	Carbohydrate transport and metabolism
NODE_324_length_5837_cov_4.027778_1	COG1293	224212	0.004	23.077	RqcH	Ribosome quality control (RQC) protein RqcH, Rqc2/NEMF/Tae2 family, contains fibronectin-(FbpA) and RNA- (NFACT) binding domains	J	Translation, ribosomal structure and biogenesis
NODE_324_length_5837_cov_4.027778_2	COG1240	224161	1.35e-05	28.704	ChlD	vWFA (von Willebrand factor type A) domain of Mg and Co chelatases	H	Coenzyme transport and metabolism
NODE_324_length_5837_cov_4.027778_3	COG2355	225230	1.47e-99	39.722		Zn-dependent dipeptidase, microsomal dipeptidase homolog	O	Posttranslational modification, protein turnover, chaperones
NODE_324_length_5837_cov_4.027778_5	COG1960	224871	7.19e-26	30.366	CaiA	Acyl-CoA dehydrogenase related to the alkylation response protein AidB	I	Lipid transport and metabolism
NODE_325_length_5835_cov_3.642063_1	COG2133	225044	6.49e-51	27.099	YliI	Glucose/arabinose dehydrogenase, beta-propeller fold	G	Carbohydrate transport and metabolism
NODE_325_length_5835_cov_3.642063_2	COG1131	224054	3.21e-93	44.493	CcmA	ABC-type multidrug transport system, ATPase component	V	Defense mechanisms
NODE_325_length_5835_cov_3.642063_4	COG1146	224069	2.8e-11	32.394	PreA	NAD-dependent dihydropyrimidine dehydrogenase, PreA subunit	F	Nucleotide transport and metabolism
NODE_325_length_5835_cov_3.642063_5	COG1260	224180	5.45e-47	23.171	INO1	Myo-inositol-1-phosphate synthase	I	Lipid transport and metabolism
NODE_325_length_5835_cov_3.642063_6	COG0434	223511	1.38e-80	44.528	BtpA	Membrane biogenesis protein, BtpA/SgcQ family	M	Cell wall/membrane/envelope biogenesis
NODE_325_length_5835_cov_3.642063_7	COG1858	224771	1.54e-37	58.537	MauG	Cytochrome c peroxidase	O	Posttranslational modification, protein turnover, chaperones
NODE_326_length_5832_cov_2.558471_3	COG1254	224174	3.15e-26	41.111	AcyP	Acylphosphatase	C	Energy production and conversion
NODE_326_length_5832_cov_2.558471_4	COG0503	223577	9.11e-60	52.874	Apt	Adenine/guanine phosphoribosyltransferase or related PRPP-binding protein	F	Nucleotide transport and metabolism
NODE_326_length_5832_cov_2.558471_5	COG0810	223880	0.002	27.273	TonB	Periplasmic protein TonB, links inner and outer membranes	M	Cell wall/membrane/envelope biogenesis
NODE_327_length_5831_cov_2.590719_1	COG0515	223589	1.59e-55	35.417	SPS1	Serine/threonine protein kinase	T	Signal transduction mechanisms
NODE_328_length_5821_cov_3.790390_1	COG1262	224182	1.09e-37	27.715	YfmG	Formylglycine-generating enzyme, required for sulfatase activity, contains SUMF1/FGE domain	O	Posttranslational modification, protein turnover, chaperones
NODE_328_length_5821_cov_3.790390_3	COG0308	223385	6.24e-24	19.831	PepN	Aminopeptidase N, contains DUF3458 domain	E	Amino acid transport and metabolism
NODE_328_length_5821_cov_3.790390_5	COG3409	225943	0.000409	29.508	PGRP	Peptidoglycan-binding (PGRP) domain of peptidoglycan hydrolases	M	Cell wall/membrane/envelope biogenesis
NODE_328_length_5821_cov_3.790390_6	COG0265	223343	2.06e-05	30.508	DegQ	Periplasmic serine protease, S1-C subfamily, contain C-terminal PDZ domain	O	Posttranslational modification, protein turnover, chaperones
NODE_329_length_5798_cov_3.335256_1	COG2208	225118	1.08e-58	37.6	RsbU	Phosphoserine phosphatase RsbU, regulator of sigma subunit	T	Signal transduction mechanisms
NODE_329_length_5798_cov_3.335256_4	COG0524	223598	4.36e-24	27.129	RbsK	Sugar or nucleoside kinase, ribokinase family	G	Carbohydrate transport and metabolism
NODE_329_length_5798_cov_3.335256_5	COG0362	223439	0.0	67.091	Gnd	6-phosphogluconate dehydrogenase	G	Carbohydrate transport and metabolism
NODE_330_length_5797_cov_3.284965_1	COG3593	226121	1.11e-21	18.949	YbjD	Predicted ATP-dependent endonuclease of the OLD family, contains P-loop ATPase and TOPRIM domains	L	Replication, recombination and repair
NODE_330_length_5797_cov_3.284965_2	COG1196	224117	4.09e-09	18.216	Smc	Chromosome segregation ATPase Smc	D	Cell cycle control, cell division, chromosome partitioning
NODE_331_length_5796_cov_3.012767_1	COG1131	224054	2.25e-62	37.991	CcmA	ABC-type multidrug transport system, ATPase component	V	Defense mechanisms
NODE_331_length_5796_cov_3.012767_4	COG1262	224182	2.75e-53	35.052	YfmG	Formylglycine-generating enzyme, required for sulfatase activity, contains SUMF1/FGE domain	O	Posttranslational modification, protein turnover, chaperones
NODE_331_length_5796_cov_3.012767_5	COG0759	223830	2.11e-15	47.222	YidD	Membrane-anchored protein YidD, putatitve component of membrane protein insertase Oxa1/YidC/SpoIIIJ	M	Cell wall/membrane/envelope biogenesis
NODE_332_length_5770_cov_3.296680_1	COG1228	224149	3.51e-33	25.653	HutI	Imidazolonepropionase or related amidohydrolase	Q	Secondary metabolites biosynthesis, transport and catabolism
NODE_332_length_5770_cov_3.296680_2	COG1228	224149	6.73e-56	26.442	HutI	Imidazolonepropionase or related amidohydrolase	Q	Secondary metabolites biosynthesis, transport and catabolism
NODE_332_length_5770_cov_3.296680_3	COG1228	224149	9.5e-33	26.044	HutI	Imidazolonepropionase or related amidohydrolase	Q	Secondary metabolites biosynthesis, transport and catabolism
NODE_333_length_5750_cov_2.691101_2	COG1408	224326	6.54e-55	34.932	YaeI	Predicted phosphohydrolase, MPP superfamily	R	General function prediction only
NODE_333_length_5750_cov_2.691101_5	COG0472	223548	5.82e-63	33.03	Rfe	UDP-N-acetylmuramyl pentapeptide phosphotransferase/UDP-N-acetylglucosamine-1-phosphate transferase	M	Cell wall/membrane/envelope biogenesis
NODE_333_length_5750_cov_2.691101_6	COG0381	223458	1.56e-27	47.525	WecB	UDP-N-acetylglucosamine 2-epimerase	M	Cell wall/membrane/envelope biogenesis
NODE_334_length_5747_cov_2.924162_1	COG4447	226855	1.03e-12	19.231		Uncharacterized conserved protein related to plant photosystem II stability/assembly factor	R	General function prediction only
NODE_334_length_5747_cov_2.924162_2	COG0727	223799	0.004	44.0	YkgJ	Uncharacterized protein YkgJ, contains CxxCxxCC motif	R	General function prediction only
NODE_334_length_5747_cov_2.924162_3	COG1335	224254	5.35e-21	27.184	PncA	Nicotinamidase-related amidase	H	Coenzyme transport and metabolism
NODE_334_length_5747_cov_2.924162_4	COG0747	223818	2.98e-26	26.484	DdpA	ABC-type transport system, periplasmic component	E	Amino acid transport and metabolism
NODE_335_length_5732_cov_2.728912_1	COG2197	225107	1.14e-21	36.134	CitB	DNA-binding response regulator, NarL/FixJ family, contains REC and HTH domains	T	Signal transduction mechanisms
NODE_335_length_5732_cov_2.728912_3	COG0655	223728	2.48e-55	36.842	WrbA	Multimeric flavodoxin WrbA, includes NAD(P)H:quinone oxidoreductase	C	Energy production and conversion
NODE_335_length_5732_cov_2.728912_4	COG2030	224941	5.88e-34	35.211	MaoC	Acyl-CoA dehydratase PaaZ	I	Lipid transport and metabolism
NODE_335_length_5732_cov_2.728912_5	COG3202	225743	1.85e-25	19.944	TlcC	ATP/ADP translocase	C	Energy production and conversion
NODE_336_length_5711_cov_2.889421_1	COG0265	223343	8.48e-16	31.618	DegQ	Periplasmic serine protease, S1-C subfamily, contain C-terminal PDZ domain	O	Posttranslational modification, protein turnover, chaperones
NODE_336_length_5711_cov_2.889421_2	COG2208	225118	2.31e-54	24.634	RsbU	Phosphoserine phosphatase RsbU, regulator of sigma subunit	T	Signal transduction mechanisms
NODE_336_length_5711_cov_2.889421_3	COG1022	223953	0.0	42.508	FAA1	Long-chain acyl-CoA synthetase (AMP-forming)	I	Lipid transport and metabolism
NODE_337_length_5677_cov_3.675179_1	COG0142	223220	1.21e-44	34.343	IspA	Geranylgeranyl pyrophosphate synthase	H	Coenzyme transport and metabolism
NODE_337_length_5677_cov_3.675179_2	COG0596	223669	3e-22	26.038	MenH	2-succinyl-6-hydroxy-2,4-cyclohexadiene-1-carboxylate synthase MenH and related esterases, alpha/beta hydrolase fold	H	Coenzyme transport and metabolism
NODE_337_length_5677_cov_3.675179_3	COG1233	224154	2.44e-98	35.642		Phytoene dehydrogenase-related protein	Q	Secondary metabolites biosynthesis, transport and catabolism
NODE_337_length_5677_cov_3.675179_4	COG1562	224478	8.04e-41	31.449	ERG9	Phytoene/squalene synthetase	I	Lipid transport and metabolism
NODE_337_length_5677_cov_3.675179_5	COG4276	226726	1.71e-18	27.397	SRPBCC	Ligand-binding SRPBCC domain	R	General function prediction only
NODE_337_length_5677_cov_3.675179_6	COG1090	224015	8.75e-93	53.299	YfcH	NAD dependent epimerase/dehydratase family enzyme	R	General function prediction only
NODE_338_length_5667_cov_3.249016_1	COG2805	225364	5.77e-140	46.518	PilT	Type IV pilus assembly protein PilT, pilus retraction ATPase	N	Cell motility
NODE_338_length_5667_cov_3.249016_2	COG3216	225757	2.5e-14	27.206		Uncharacterized conserved protein, DUF2062 family	S	Function unknown
NODE_339_length_5663_cov_2.843000_1	COG0703	223775	6.62e-10	28.947	AroK	Shikimate kinase	E	Amino acid transport and metabolism
NODE_339_length_5663_cov_2.843000_2	COG0666	223738	1.68e-12	29.496	ANKYR	Ankyrin repeat	T	Signal transduction mechanisms
NODE_339_length_5663_cov_2.843000_4	COG2272	225181	5.51e-127	34.601	PnbA	Carboxylesterase type B	I	Lipid transport and metabolism
NODE_339_length_5663_cov_2.843000_5	COG3250	225789	3.2e-10	25.503	LacZ	Beta-galactosidase/beta-glucuronidase	G	Carbohydrate transport and metabolism
NODE_340_length_5655_cov_2.889745_1	COG1957	224868	2.77e-10	22.635	URH1	Inosine-uridine nucleoside N-ribohydrolase	F	Nucleotide transport and metabolism
NODE_340_length_5655_cov_2.889745_2	COG0671	223743	1.04e-07	26.705	PgpB	Membrane-associated phospholipid phosphatase	I	Lipid transport and metabolism
NODE_340_length_5655_cov_2.889745_3	COG0463	223539	3.47e-26	27.972	WcaA	Glycosyltransferase involved in cell wall bisynthesis	M	Cell wall/membrane/envelope biogenesis
NODE_341_length_5653_cov_3.821377_5	COG2204	225114	1.34e-21	30.435	AtoC	DNA-binding transcriptional response regulator, NtrC family, contains REC, AAA-type ATPase, and a Fis-type DNA-binding domains	T	Signal transduction mechanisms
NODE_342_length_5606_cov_3.199855_1	COG1587	224503	8.43e-53	33.333	HemD	Uroporphyrinogen-III synthase	H	Coenzyme transport and metabolism
NODE_342_length_5606_cov_3.199855_3	COG4636	226983	2.13e-13	29.167	Uma2	Endonuclease, Uma2 family (restriction endonuclease fold)	R	General function prediction only
NODE_342_length_5606_cov_3.199855_4	COG0501	223575	1.61e-29	25.746	HtpX	Zn-dependent protease with chaperone function	O	Posttranslational modification, protein turnover, chaperones
NODE_342_length_5606_cov_3.199855_6	COG1524	224441	2.69e-47	22.069	AtaC	c-di-AMP phosphodiesterase AtaC or nucleotide pyrophosphatase, AlkP superfamily	T	Signal transduction mechanisms
NODE_343_length_5588_cov_3.273272_1	COG1327	224246	5.73e-72	57.718	NrdR	Transcriptional regulator NrdR, contains Zn-ribbon and ATP-cone domains	K	Transcription
NODE_343_length_5588_cov_3.273272_2	COG0392	223469	0.000351	26.0	AglD2	Predicted membrane flippase AglD2/YbhN, UPF0104 family	M	Cell wall/membrane/envelope biogenesis
NODE_343_length_5588_cov_3.273272_3	COG1595	224511	1.39e-39	39.683	RpoE	DNA-directed RNA polymerase specialized sigma subunit, sigma24 family	K	Transcription
NODE_343_length_5588_cov_3.273272_4	COG5662	227949	0.001	43.75	RsiW	Transmembrane transcriptional regulator RsiW (anti-sigma-W factor)	K	Transcription
NODE_343_length_5588_cov_3.273272_5	COG0848	223917	3.8e-07	34.559	ExbD	Biopolymer transport protein ExbD	U	Intracellular trafficking, secretion, and vesicular transport
NODE_343_length_5588_cov_3.273272_6	COG0810	223880	8.25e-09	42.647	TonB	Periplasmic protein TonB, links inner and outer membranes	M	Cell wall/membrane/envelope biogenesis
NODE_344_length_5579_cov_3.304253_2	COG0334	223411	0.0	48.662	GdhA	Glutamate dehydrogenase/leucine dehydrogenase	E	Amino acid transport and metabolism
NODE_344_length_5579_cov_3.304253_3	COG1606	224522	6.38e-102	45.318		ATP-utilizing enzyme, PP-loop superfamily	R	General function prediction only
NODE_344_length_5579_cov_3.304253_4	COG3386	225921	2.81e-06	22.648	YvrE	Sugar lactone lactonase YvrE	G	Carbohydrate transport and metabolism
NODE_345_length_5561_cov_3.715901_1	COG3844	226363	2.01e-16	30.0	Bna5	Kynureninase	E	Amino acid transport and metabolism
NODE_345_length_5561_cov_3.715901_3	COG5652	227939	4.22e-10	28.369	VanZ	VanZ-like family protein (function unknown)	S	Function unknown
NODE_345_length_5561_cov_3.715901_4	COG0224	223302	1.59e-114	45.424	AtpG	FoF1-type ATP synthase, gamma subunit	C	Energy production and conversion
NODE_345_length_5561_cov_3.715901_5	COG0056	223134	0.0	70.577	AtpA	FoF1-type ATP synthase, alpha subunit	C	Energy production and conversion
NODE_345_length_5561_cov_3.715901_6	COG0712	223784	3.51e-41	31.073	AtpH	FoF1-type ATP synthase, delta subunit	C	Energy production and conversion
NODE_345_length_5561_cov_3.715901_7	COG0711	223783	2.87e-12	30.405	AtpF	FoF1-type ATP synthase, membrane subunit b or b'	C	Energy production and conversion
NODE_345_length_5561_cov_3.715901_8	COG0711	223783	5.42e-13	26.087	AtpF	FoF1-type ATP synthase, membrane subunit b or b'	C	Energy production and conversion
NODE_346_length_5549_cov_3.409174_2	COG1053	223981	2.89e-113	34.515	SdhA	Succinate dehydrogenase/fumarate reductase, flavoprotein subunit	C	Energy production and conversion
NODE_346_length_5549_cov_3.409174_3	COG0479	223555	5.76e-39	26.613	SdhB/FrdB	Succinate dehydrogenase/fumarate reductase, Fe-S protein subunit	C	Energy production and conversion
NODE_348_length_5525_cov_3.060389_3	COG2244	225153	4.06e-13	19.347	RfbX	Membrane protein involved in the export of O-antigen and teichoic acid	M	Cell wall/membrane/envelope biogenesis
NODE_348_length_5525_cov_3.060389_4	COG0673	223745	5.93e-41	30.657	MviM	Predicted dehydrogenase	R	General function prediction only
NODE_349_length_5520_cov_3.040970_2	COG2115	225026	2.54e-31	27.746	XylA	Xylose isomerase	G	Carbohydrate transport and metabolism
NODE_349_length_5520_cov_3.040970_4	COG2234	225143	7.13e-10	32.979	Iap	Zn-dependent amino- or carboxypeptidase, M28 family	O	Posttranslational modification, protein turnover, chaperones
NODE_349_length_5520_cov_3.040970_7	COG1538	224455	0.000105	27.619	TolC	Outer membrane protein TolC	M	Cell wall/membrane/envelope biogenesis
NODE_349_length_5520_cov_3.040970_9	COG0739	223810	1.19e-05	28.431	NlpD	Murein DD-endopeptidase MepM and murein hydrolase activator NlpD, contains LysM domain	M	Cell wall/membrane/envelope biogenesis
NODE_350_length_5516_cov_3.501747_1	COG0153	223231	4.4e-128	47.353	GalK	Galactokinase	G	Carbohydrate transport and metabolism
NODE_350_length_5516_cov_3.501747_2	COG3940	226449	3.2e-22	24.551		Beta-xylosidase, GH43 family	G	Carbohydrate transport and metabolism
NODE_350_length_5516_cov_3.501747_3	COG3119	225661	1e-86	33.753	AslA	Arylsulfatase A or related enzyme, AlkP superfamily	P	Inorganic ion transport and metabolism
NODE_350_length_5516_cov_3.501747_4	COG4663	227009	0.004	34.884	FcbT1	TRAP-type mannitol/chloroaromatic compound transport system, periplasmic component	Q	Secondary metabolites biosynthesis, transport and catabolism
NODE_351_length_5474_cov_2.956457_3	COG4575	226941	4.11e-06	37.647	ElaB	Membrane-anchored ribosome-binding protein ElaB, inhibits growth in stationary phase, YqjD/DUF883 family	J	Translation, ribosomal structure and biogenesis
NODE_351_length_5474_cov_2.956457_6	COG2937	225488	0.007	41.379	PlsB	Glycerol-3-phosphate O-acyltransferase	I	Lipid transport and metabolism
NODE_352_length_5466_cov_4.478196_1	COG2262	225171	7.28e-126	48.451	HflX	50S ribosomal subunit-associated GTPase HflX	J	Translation, ribosomal structure and biogenesis
NODE_352_length_5466_cov_4.478196_2	COG4636	226983	1.25e-18	30.636	Uma2	Endonuclease, Uma2 family (restriction endonuclease fold)	R	General function prediction only
NODE_352_length_5466_cov_4.478196_4	COG0738	223809	5.79e-21	23.488	FucP	Fucose permease	G	Carbohydrate transport and metabolism
NODE_352_length_5466_cov_4.478196_5	COG1609	224525	4.96e-78	40.138	PurR	DNA-binding transcriptional regulator, LacI/PurR family	K	Transcription
NODE_353_length_5440_cov_3.844676_1	COG1082	224007	2.97e-14	25.743	YcjR	Sugar phosphate isomerase/epimerase	G	Carbohydrate transport and metabolism
NODE_353_length_5440_cov_3.844676_2	COG1171	224092	3.53e-138	51.312	IlvA	Threonine deaminase	E	Amino acid transport and metabolism
NODE_353_length_5440_cov_3.844676_3	COG1629	224544	3.5e-06	12.304	CirA	Outer membrane receptor protein, Fe transport	P	Inorganic ion transport and metabolism
NODE_354_length_5415_cov_3.071188_1	COG1082	224007	1.66e-16	20.769	YcjR	Sugar phosphate isomerase/epimerase	G	Carbohydrate transport and metabolism
NODE_354_length_5415_cov_3.071188_2	COG0502	223576	1.27e-133	53.125	BioB	Biotin synthase or related enzyme	H	Coenzyme transport and metabolism
NODE_354_length_5415_cov_3.071188_3	COG2135	225046	2.8e-87	49.778	SRAP	ssDNA abasic site-binding protein YedK/HMCES, SRAP family	L	Replication, recombination and repair
NODE_355_length_5391_cov_2.290365_1	COG3206	225747	1.11e-15	21.923	GumC	Exopolysaccharide export protein/domain GumC/Wzc1	M	Cell wall/membrane/envelope biogenesis
NODE_355_length_5391_cov_2.290365_2	COG3206	225747	0.000374	24.272	GumC	Exopolysaccharide export protein/domain GumC/Wzc1	M	Cell wall/membrane/envelope biogenesis
NODE_355_length_5391_cov_2.290365_3	COG0489	223563	2.13e-06	27.477	Mrp	Fe-S cluster carrier ATPase, Mrp/ApbC/NBP35 family	D	Cell cycle control, cell division, chromosome partitioning
NODE_355_length_5391_cov_2.290365_5	COG2148	225059	2.05e-69	44.915	WcaJ	Sugar transferase involved in LPS biosynthesis (colanic, teichoic acid)	M	Cell wall/membrane/envelope biogenesis
NODE_355_length_5391_cov_2.290365_6	COG3307	225844	0.000473	25.0	RfaL	O-antigen ligase	M	Cell wall/membrane/envelope biogenesis
NODE_356_length_5370_cov_3.533346_1	COG2870	225425	2.37e-117	47.419	RfaE	ADP-heptose synthase, bifunctional sugar kinase/adenylyltransferase	M	Cell wall/membrane/envelope biogenesis
NODE_356_length_5370_cov_3.533346_2	COG3584	226112	2.49e-24	41.758		3D (Asp-Asp-Asp) domain, usually in lytic transglycosylases	S	Function unknown
NODE_356_length_5370_cov_3.533346_3	COG0388	223465	1.72e-35	27.302	Nit2	Omega-amidase YafV/Nit2, hydrolyzes alpha-ketoglutaramate	C	Energy production and conversion
NODE_357_length_5361_cov_3.294663_2	COG0642	223715	1.46e-52	34.601	BaeS	Signal transduction histidine kinase	T	Signal transduction mechanisms
NODE_357_length_5361_cov_3.294663_4	COG1740	224654	1.98e-28	46.575	HyaA	Ni,Fe-hydrogenase I small subunit	C	Energy production and conversion
NODE_358_length_5342_cov_3.689269_1	COG2183	225094	1.72e-54	45.283	Tex	Transcriptional accessory protein Tex/SPT6	K	Transcription
NODE_358_length_5342_cov_3.689269_5	COG0451	223528	1.66e-06	24.837	WcaG	Nucleoside-diphosphate-sugar epimerase	M	Cell wall/membrane/envelope biogenesis
NODE_358_length_5342_cov_3.689269_6	COG3652	226178	1.73e-16	32.374		Predicted outer membrane protein, contains DUF4142 domain	S	Function unknown
NODE_358_length_5342_cov_3.689269_7	COG3387	225922	4.54e-24	43.373	SGA1	Glucoamylase (glucan-1,4-alpha-glucosidase), GH15 family	G	Carbohydrate transport and metabolism
NODE_359_length_5324_cov_3.376787_1	COG2271	225180	1.23e-17	25.291	UhpC	Sugar phosphate permease	G	Carbohydrate transport and metabolism
NODE_359_length_5324_cov_3.376787_2	COG5285	227609	8.71e-18	21.661	PhyH	Ectoine hydroxylase-related dioxygenase, phytanoyl-CoA dioxygenase (PhyH) family	Q	Secondary metabolites biosynthesis, transport and catabolism
NODE_359_length_5324_cov_3.376787_3	COG2234	225143	6.31e-25	21.801	Iap	Zn-dependent amino- or carboxypeptidase, M28 family	O	Posttranslational modification, protein turnover, chaperones
NODE_359_length_5324_cov_3.376787_4	COG0308	223385	5.97e-12	19.685	PepN	Aminopeptidase N, contains DUF3458 domain	E	Amino acid transport and metabolism
NODE_360_length_5300_cov_3.970706_1	COG1520	224437	5.8e-12	27.007	PQQ	Outer membrane protein assembly factor BamB, contains PQQ-like beta-propeller repeat	M	Cell wall/membrane/envelope biogenesis
NODE_360_length_5300_cov_3.970706_2	COG2159	225070	9.84e-08	20.675	LigW	5-carboxyvanillate decarboxylase LigW (lignin degradation), amidohydro domain	G	Carbohydrate transport and metabolism
NODE_360_length_5300_cov_3.970706_3	COG4287	226737	1.33e-103	33.778	PqaA	PhoPQ-activated pathogenicity-related protein	R	General function prediction only
NODE_360_length_5300_cov_3.970706_4	COG0346	223423	1.96e-06	18.493	GloA	Catechol 2,3-dioxygenase or related enzyme, vicinal oxygen chelate (VOC) family	Q	Secondary metabolites biosynthesis, transport and catabolism
NODE_361_length_5196_cov_3.370189_2	COG3622	226149	3.41e-43	26.16	Hyi	Hydroxypyruvate/dehydroerythronate isomerase, Hyi/OtnI family	G	Carbohydrate transport and metabolism
NODE_361_length_5196_cov_3.370189_3	COG3806	226328	8.16e-06	32.203	ChrR	Anti-sigma factor ChrR, cupin superfamily	T	Signal transduction mechanisms
NODE_361_length_5196_cov_3.370189_4	COG1595	224511	3.53e-36	34.615	RpoE	DNA-directed RNA polymerase specialized sigma subunit, sigma24 family	K	Transcription
NODE_361_length_5196_cov_3.370189_6	COG0646	223719	1.58e-52	51.25	MetH1	Methionine synthase I (cobalamin-dependent), methyltransferase domain	E	Amino acid transport and metabolism
NODE_362_length_5194_cov_3.154583_4	COG0642	223715	9.67e-61	38.644	BaeS	Signal transduction histidine kinase	T	Signal transduction mechanisms
NODE_363_length_5184_cov_2.381633_3	COG3119	225661	3.61e-05	26.582	AslA	Arylsulfatase A or related enzyme, AlkP superfamily	P	Inorganic ion transport and metabolism
NODE_363_length_5184_cov_2.381633_5	COG3064	225606	0.000207	25.735	TolA	Membrane protein TolA involved in colicin uptake	M	Cell wall/membrane/envelope biogenesis
NODE_364_length_5171_cov_2.779545_1	COG3055	225597	0.001	29.787	NanM	N-acetylneuraminic acid mutarotase	M	Cell wall/membrane/envelope biogenesis
NODE_365_length_5156_cov_3.837370_1	COG4676	227021	3.85e-05	31.169	YfaP	Uncharacterized conserved protein YfaP, DUF2135 family	S	Function unknown
NODE_365_length_5156_cov_3.837370_4	COG0623	223696	1.44e-145	63.636	FabI	Enoyl-[acyl-carrier-protein] reductase FabI	I	Lipid transport and metabolism
NODE_365_length_5156_cov_3.837370_5	COG4948	227284	2.22e-75	32.533	RspA	L-alanine-DL-glutamate epimerase or related enzyme of enolase superfamily	M	Cell wall/membrane/envelope biogenesis
NODE_365_length_5156_cov_3.837370_6	COG3643	226169	4.94e-132	51.485	GluFT	Glutamate formiminotransferase	E	Amino acid transport and metabolism
NODE_366_length_5147_cov_2.970020_1	COG0793	223864	6.36e-105	38.611	CtpA	C-terminal processing protease CtpA/Prc, contains a PDZ domain	O	Posttranslational modification, protein turnover, chaperones
NODE_367_length_5123_cov_3.006540_2	COG1514	224431	4.37e-47	37.838	ThpR	RNA 2',3'-cyclic phosphodiesterase (2'-5' RNA ligase)	J	Translation, ribosomal structure and biogenesis
NODE_367_length_5123_cov_3.006540_3	COG5496	227783	2.81e-30	42.149		Predicted thioesterase	R	General function prediction only
NODE_367_length_5123_cov_3.006540_4	COG0489	223563	7.14e-14	22.907	Mrp	Fe-S cluster carrier ATPase, Mrp/ApbC/NBP35 family	D	Cell cycle control, cell division, chromosome partitioning
NODE_367_length_5123_cov_3.006540_5	COG1225	224146	1.29e-16	30.303	Bcp	Peroxiredoxin	O	Posttranslational modification, protein turnover, chaperones
NODE_368_length_5122_cov_3.380575_1	COG1858	224771	1.87e-10	38.889	MauG	Cytochrome c peroxidase	O	Posttranslational modification, protein turnover, chaperones
NODE_368_length_5122_cov_3.380575_4	COG1028	223959	1.99e-74	45.703	FabG	NAD(P)-dependent dehydrogenase, short-chain alcohol dehydrogenase family	I	Lipid transport and metabolism
NODE_368_length_5122_cov_3.380575_5	COG3292	225829	0.001	27.869		Periplasmic ligand-binding sensor domain	T	Signal transduction mechanisms
NODE_368_length_5122_cov_3.380575_6	COG0061	223139	1.53e-16	29.197	NadK	NAD kinase	H	Coenzyme transport and metabolism
NODE_369_length_5119_cov_4.817533_1	COG0673	223745	9.32e-70	27.249	MviM	Predicted dehydrogenase	R	General function prediction only
NODE_369_length_5119_cov_4.817533_2	COG2186	225097	9.13e-54	36.283	FadR	DNA-binding transcriptional regulator, FadR family	K	Transcription
NODE_370_length_5104_cov_3.565347_1	COG0515	223589	2.44e-43	29.779	SPS1	Serine/threonine protein kinase	T	Signal transduction mechanisms
NODE_370_length_5104_cov_3.565347_2	COG1082	224007	3.31e-20	20.209	YcjR	Sugar phosphate isomerase/epimerase	G	Carbohydrate transport and metabolism
NODE_370_length_5104_cov_3.565347_3	COG1600	224516	3.66e-121	46.774	QueG	Epoxyqueuosine reductase QueG (queuosine biosynthesis)	J	Translation, ribosomal structure and biogenesis
NODE_370_length_5104_cov_3.565347_4	COG1529	224446	1.43e-71	25.209	CoxL	Aldehyde, CO or xanthine dehydrogenase, Mo-binding subunit	C	Energy production and conversion
NODE_371_length_5096_cov_3.660092_1	COG0658	223731	2.96e-10	32.948	ComEC	DNA uptake channel protein ComEC, N-terminal domain	U	Intracellular trafficking, secretion, and vesicular transport
NODE_371_length_5096_cov_3.660092_2	COG2265	225174	6.64e-116	34.483	TrmA	tRNA/tmRNA/rRNA uracil-C5-methylase, TrmA/RlmC/RlmD family	J	Translation, ribosomal structure and biogenesis
NODE_371_length_5096_cov_3.660092_4	COG1521	224438	6.35e-89	48.221	CoaX	Pantothenate kinase type III	H	Coenzyme transport and metabolism
NODE_371_length_5096_cov_3.660092_5	COG0340	223417	3.93e-75	42.798	BirA2	Biotin-(acetyl-CoA carboxylase) ligase	H	Coenzyme transport and metabolism
NODE_372_length_5092_cov_2.779462_1	COG2202	225112	3.35e-08	25.843	PAS	PAS domain	T	Signal transduction mechanisms
NODE_372_length_5092_cov_2.779462_2	COG0642	223715	2.49e-51	36.735	BaeS	Signal transduction histidine kinase	T	Signal transduction mechanisms
NODE_372_length_5092_cov_2.779462_3	COG0456	223532	4.34e-11	24.667	RimI	Ribosomal protein S18 acetylase RimI and related acetyltransferases	J	Translation, ribosomal structure and biogenesis
NODE_372_length_5092_cov_2.779462_4	COG0586	223659	4.58e-06	20.787	DedA	Membrane integrity protein DedA, putative transporter, DedA/Tvp38 family	M	Cell wall/membrane/envelope biogenesis
NODE_373_length_5090_cov_3.012368_1	COG0463	223539	6.52e-13	35.0	WcaA	Glycosyltransferase involved in cell wall bisynthesis	M	Cell wall/membrane/envelope biogenesis
NODE_373_length_5090_cov_3.012368_2	COG5653	227940	1.24e-18	24.745	BcsL	Acetyltransferase involved in cellulose biosynthesis, CelD/BcsL family	N	Cell motility
NODE_373_length_5090_cov_3.012368_3	COG5653	227940	4.68e-07	30.0	BcsL	Acetyltransferase involved in cellulose biosynthesis, CelD/BcsL family	N	Cell motility
NODE_373_length_5090_cov_3.012368_4	COG1922	224833	9.89e-65	39.149	WecG	UDP-N-acetyl-D-mannosaminuronic acid transferase, WecB/TagA/CpsF family	M	Cell wall/membrane/envelope biogenesis
NODE_373_length_5090_cov_3.012368_5	COG0726	223798	4.26e-12	19.557	CDA1	Peptidoglycan/xylan/chitin deacetylase, PgdA/NodB/CDA1 family	G	Carbohydrate transport and metabolism
NODE_374_length_5078_cov_3.285543_1	COG1566	224482	4.43e-30	23.28	EmrA	Multidrug resistance efflux pump EmrA	V	Defense mechanisms
NODE_375_length_5073_cov_3.264011_1	COG3523	226054	1.85e-99	27.072	IcmF	Type VI protein secretion system component VasK	U	Intracellular trafficking, secretion, and vesicular transport
NODE_375_length_5073_cov_3.264011_3	COG3455	225986	1.5e-23	30.851	DotU	Type VI protein secretion system component TssL/VasF/DotU	U	Intracellular trafficking, secretion, and vesicular transport
NODE_375_length_5073_cov_3.264011_4	COG3522	226053	5.66e-108	33.766		Predicted component of the type VI protein secretion system	U	Intracellular trafficking, secretion, and vesicular transport
NODE_376_length_5071_cov_3.194634_1	COG0488	223562	0.0	41.822	Uup	ATPase components of ABC transporters with duplicated ATPase domains	R	General function prediction only
NODE_376_length_5071_cov_3.194634_2	COG2382	225256	7.37e-26	24.759	Fes	Enterochelin esterase or related enzyme	P	Inorganic ion transport and metabolism
NODE_376_length_5071_cov_3.194634_3	COG3408	225942	4.57e-21	30.405	GDB1	Glycogen debranching enzyme (alpha-1,6-glucosidase)	G	Carbohydrate transport and metabolism
NODE_377_length_5063_cov_3.731448_1	COG4995	227328	2.87e-21	42.857		Uncharacterized conserved protein, contains CHAT domain	S	Function unknown
NODE_377_length_5063_cov_3.731448_3	COG1075	224001	4.77e-07	28.682	EstA	Triacylglycerol esterase/lipase EstA, alpha/beta hydrolase fold	I	Lipid transport and metabolism
NODE_378_length_5041_cov_3.019944_1	COG4102	226587	1.19e-89	36.256		Uncharacterized conserved protein, DUF1501 family	S	Function unknown
NODE_378_length_5041_cov_3.019944_2	COG5267	227592	2.13e-90	38.298		Uncharacterized conserved protein, DUF1800 family	S	Function unknown
NODE_378_length_5041_cov_3.019944_3	COG0614	223687	1.98e-62	32.484	FepB	ABC-type Fe3+-hydroxamate transport system, periplasmic component	P	Inorganic ion transport and metabolism
NODE_379_length_5034_cov_3.429695_1	COG1427	224344	2.8e-38	32.895	MqnA	Chorismate dehydratase (menaquinone biosynthesis, futalosine pathway)	H	Coenzyme transport and metabolism
NODE_379_length_5034_cov_3.429695_2	COG1329	224248	5.02e-43	36.076	CdnL	RNA polymerase-interacting regulator, CarD/CdnL/TRCF family	K	Transcription
NODE_379_length_5034_cov_3.429695_3	COG2945	225496	3.2e-58	38.835		Alpha/beta superfamily hydrolase	R	General function prediction only
NODE_379_length_5034_cov_3.429695_4	COG1994	224905	5.33e-19	27.723	SpoIVFB	Zn-dependent protease (includes sporulation protein SpoIVFB)	O	Posttranslational modification, protein turnover, chaperones
NODE_379_length_5034_cov_3.429695_5	COG1624	224539	1.62e-78	42.308	DisA	c-di-AMP synthetase, contains DisA_N domain	T	Signal transduction mechanisms
NODE_380_length_5010_cov_3.727752_1	COG1629	224544	7.04e-05	13.83	CirA	Outer membrane receptor protein, Fe transport	P	Inorganic ion transport and metabolism
NODE_380_length_5010_cov_3.727752_2	COG0684	223756	2.5e-34	32.984	RraA	RNA degradosome component RraA (regulator of RNase E activity)	J	Translation, ribosomal structure and biogenesis
NODE_381_length_5010_cov_2.854450_1	COG0352	223429	2.15e-33	42.754	ThiE	Thiamine monophosphate synthase	H	Coenzyme transport and metabolism
NODE_381_length_5010_cov_2.854450_2	COG0351	223428	5.24e-106	48.496	ThiD	Hydroxymethylpyrimidine/phosphomethylpyrimidine kinase	H	Coenzyme transport and metabolism
NODE_381_length_5010_cov_2.854450_3	COG1328	224247	1.65e-82	26.891	NrdD	Anaerobic ribonucleoside-triphosphate reductase	F	Nucleotide transport and metabolism
NODE_381_length_5010_cov_2.854450_5	COG2091	225002	4.75e-51	35.079	Sfp	Phosphopantetheinyl transferase	H	Coenzyme transport and metabolism
NODE_382_length_5006_cov_3.071617_1	COG0471	223547	2.66e-20	33.125	CitT	Di- and tricarboxylate antiporter	G	Carbohydrate transport and metabolism
NODE_382_length_5006_cov_3.071617_2	COG1587	224503	8.74e-28	26.217	HemD	Uroporphyrinogen-III synthase	H	Coenzyme transport and metabolism
NODE_382_length_5006_cov_3.071617_3	COG3669	226195	1.57e-46	24.793	AfuC	Alpha-L-fucosidase	G	Carbohydrate transport and metabolism
NODE_382_length_5006_cov_3.071617_4	COG0318	223395	4.68e-14	33.333	MenE/FadK	O-succinylbenzoic acid-CoA ligase MenE or related acyl-CoA synthetase (AMP-forming)	I	Lipid transport and metabolism
NODE_382_length_5006_cov_3.071617_5	COG0471	223547	1.16e-06	22.043	CitT	Di- and tricarboxylate antiporter	G	Carbohydrate transport and metabolism
NODE_382_length_5006_cov_3.071617_6	COG1262	224182	9.37e-63	32.722	YfmG	Formylglycine-generating enzyme, required for sulfatase activity, contains SUMF1/FGE domain	O	Posttranslational modification, protein turnover, chaperones
NODE_383_length_5000_cov_4.011781_1	COG3872	226390	1.36e-68	50.0	YqhQ	Uncharacterized conserved protein YqhQ, DUF1385 family	S	Function unknown
NODE_383_length_5000_cov_4.011781_2	COG0216	223294	0.0	60.0	PrfA	Protein chain release factor RF1	J	Translation, ribosomal structure and biogenesis
NODE_383_length_5000_cov_4.011781_3	COG1881	224793	0.009	62.5	PEBP	Uncharacterized conserved protein, phosphatidylethanolamine-binding protein (PEBP) family	R	General function prediction only
NODE_383_length_5000_cov_4.011781_5	COG2890	225443	1.68e-84	42.756	HemK	Methylase of polypeptide chain release factors	J	Translation, ribosomal structure and biogenesis
NODE_384_length_4993_cov_3.591131_1	COG2423	225280	1.57e-47	38.889	OCDMu	Ornithine cyclodeaminase/archaeal alanine dehydrogenase, mu-crystallin family	E	Amino acid transport and metabolism
NODE_384_length_4993_cov_3.591131_2	COG0841	223911	0.0	34.918	AcrB	Multidrug efflux pump subunit AcrB	V	Defense mechanisms
NODE_384_length_4993_cov_3.591131_3	COG1566	224482	8.41e-35	32.627	EmrA	Multidrug resistance efflux pump EmrA	V	Defense mechanisms
NODE_385_length_4992_cov_3.475280_2	COG2206	225116	5.46e-68	41.518	HDGYP	HD-GYP domain, c-di-GMP phosphodiesterase class II (or its inactivated variant)	T	Signal transduction mechanisms
NODE_385_length_4992_cov_3.475280_3	COG2121	225032	2.02e-59	35.784		Uncharacterized conserved protein, lysophospholipid acyltransferase (LPLAT) superfamily	S	Function unknown
NODE_386_length_4989_cov_3.334080_2	COG2226	225136	4.08e-11	28.0	UbiE	Ubiquinone/menaquinone biosynthesis C-methylase UbiE/MenG	H	Coenzyme transport and metabolism
NODE_386_length_4989_cov_3.334080_3	COG1160	224082	0.0	53.515	Der	Double Era-like domain GTPase Der	J	Translation, ribosomal structure and biogenesis
NODE_386_length_4989_cov_3.334080_5	COG0343	223420	3.96e-160	59.375	Tgt	Queuine/archaeosine tRNA-ribosyltransferase	J	Translation, ribosomal structure and biogenesis
NODE_387_length_4978_cov_2.962457_3	COG1611	224527	3.75e-56	37.306	PpnN	Nucleotide monophosphate nucleosidase PpnN/YdgH, Lonely Guy (LOG) family	F	Nucleotide transport and metabolism
NODE_387_length_4978_cov_2.962457_6	COG3604	226132	3.26e-26	28.112	FhlA	FhlA-type transcriptional regulator, contains GAF, AAA-type ATPase, and DNA-binding Fis domains	K	Transcription
NODE_388_length_4963_cov_2.850768_1	COG4447	226855	2.31e-05	17.221		Uncharacterized conserved protein related to plant photosystem II stability/assembly factor	R	General function prediction only
NODE_388_length_4963_cov_2.850768_5	COG3221	225762	1.91e-32	27.698	PhnD	ABC-type phosphate/phosphonate transport system, periplasmic component	P	Inorganic ion transport and metabolism
NODE_388_length_4963_cov_2.850768_6	COG1960	224871	8.16e-41	28.417	CaiA	Acyl-CoA dehydrogenase related to the alkylation response protein AidB	I	Lipid transport and metabolism
NODE_389_length_4955_cov_3.804588_1	COG0466	223542	1.96e-115	40.456	Lon	ATP-dependent Lon protease, bacterial type	O	Posttranslational modification, protein turnover, chaperones
NODE_389_length_4955_cov_3.804588_2	COG0071	223149	2.09e-18	29.703	IbpA	Small heat shock protein IbpA, HSP20 family	O	Posttranslational modification, protein turnover, chaperones
NODE_389_length_4955_cov_3.804588_3	COG1502	224419	3.88e-30	40.187	Cls	Phosphatidylserine/phosphatidylglycerophosphate/cardiolipin synthase	I	Lipid transport and metabolism
NODE_389_length_4955_cov_3.804588_4	COG1192	224113	1.41e-25	32.09	ParA	ParA-like ATPase involved in chromosome/plasmid partitioning or cellulose biosynthesis protein BcsQ	D	Cell cycle control, cell division, chromosome partitioning
NODE_389_length_4955_cov_3.804588_5	COG1192	224113	1.48e-18	57.778	ParA	ParA-like ATPase involved in chromosome/plasmid partitioning or cellulose biosynthesis protein BcsQ	D	Cell cycle control, cell division, chromosome partitioning
NODE_389_length_4955_cov_3.804588_6	COG1032	223963	0.000217	18.232	YgiQ	Radical SAM superfamily enzyme YgiQ, UPF0313 family	R	General function prediction only
NODE_390_length_4956_cov_3.300061_1	COG2226	225136	2.92e-20	33.654	UbiE	Ubiquinone/menaquinone biosynthesis C-methylase UbiE/MenG	H	Coenzyme transport and metabolism
NODE_390_length_4956_cov_3.300061_2	COG1196	224117	5.28e-09	20.345	Smc	Chromosome segregation ATPase Smc	D	Cell cycle control, cell division, chromosome partitioning
NODE_390_length_4956_cov_3.300061_4	COG0564	223638	6.28e-113	48.544	RluA	Pseudouridine synthase RluA, 23S rRNA- or tRNA-specific	J	Translation, ribosomal structure and biogenesis
NODE_391_length_4942_cov_4.232477_2	COG1995	224906	3.84e-127	45.97	PdxA	4-hydroxy-L-threonine phosphate dehydrogenase PdxA	H	Coenzyme transport and metabolism
NODE_392_length_4933_cov_3.380148_1	COG3517	226048	0.0	57.49		Predicted component TssB of the type VI protein secretion system, VipA/VipB/TssB family	U	Intracellular trafficking, secretion, and vesicular transport
NODE_392_length_4933_cov_3.380148_2	COG3516	226047	1.71e-74	52.147	TssB	Predicted component TssA of the type VI protein secretion system	U	Intracellular trafficking, secretion, and vesicular transport
NODE_392_length_4933_cov_3.380148_3	COG3515	226046	8.37e-10	42.424	TssA1	Type VI protein secretion system component TssA1/VasJ/EvfE, contains ImpA_N domain	U	Intracellular trafficking, secretion, and vesicular transport
NODE_392_length_4933_cov_3.380148_4	COG3515	226046	9.47e-14	32.099	TssA1	Type VI protein secretion system component TssA1/VasJ/EvfE, contains ImpA_N domain	U	Intracellular trafficking, secretion, and vesicular transport
NODE_392_length_4933_cov_3.380148_5	COG4455	226862	3.74e-62	35.907	ImpE	Protein of avirulence locus involved in temperature-dependent protein secretion	R	General function prediction only
NODE_392_length_4933_cov_3.380148_6	COG3523	226054	9.15e-11	23.118	IcmF	Type VI protein secretion system component VasK	U	Intracellular trafficking, secretion, and vesicular transport
NODE_393_length_4932_cov_2.977549_1	COG1947	224858	3.28e-65	49.18	IspE	4-diphosphocytidyl-2C-methyl-D-erythritol kinase	I	Lipid transport and metabolism
NODE_393_length_4932_cov_2.977549_2	COG2340	225218	1.54e-34	37.778	YkwD	Spore germination protein YkwD and related proteins with CAP (CSP/antigen 5/PR1) domain	D	Cell cycle control, cell division, chromosome partitioning
NODE_393_length_4932_cov_2.977549_3	COG0457	223533	0.00018	26.374	TPR	Tetratricopeptide (TPR) repeat	R	General function prediction only
NODE_393_length_4932_cov_2.977549_6	COG4640	226987	0.002	31.818	YvbJ	Uncharacterized protein YvbJ, contains N-terminal Zn ribbon domain	S	Function unknown
NODE_394_length_4921_cov_3.264864_4	COG0557	223631	4.81e-81	27.148	VacB	Exoribonuclease R	K	Transcription
NODE_394_length_4921_cov_3.264864_5	COG2271	225180	1.55e-07	19.925	UhpC	Sugar phosphate permease	G	Carbohydrate transport and metabolism
NODE_395_length_4913_cov_3.184243_2	COG0265	223343	2.86e-14	27.459	DegQ	Periplasmic serine protease, S1-C subfamily, contain C-terminal PDZ domain	O	Posttranslational modification, protein turnover, chaperones
NODE_395_length_4913_cov_3.184243_3	COG1716	224630	4.73e-18	37.805	FHA	Forkhead associated (FHA) domain, binds pSer, pThr, pTyr	T	Signal transduction mechanisms
NODE_395_length_4913_cov_3.184243_4	COG1716	224630	1.55e-13	41.176	FHA	Forkhead associated (FHA) domain, binds pSer, pThr, pTyr	T	Signal transduction mechanisms
NODE_395_length_4913_cov_3.184243_5	COG1716	224630	1.17e-16	46.667	FHA	Forkhead associated (FHA) domain, binds pSer, pThr, pTyr	T	Signal transduction mechanisms
NODE_396_length_4892_cov_3.458567_3	COG0746	223817	2.57e-41	31.313	MobA	Molybdopterin-guanine dinucleotide biosynthesis protein A	H	Coenzyme transport and metabolism
NODE_396_length_4892_cov_3.458567_4	COG2832	225388	2.14e-31	42.5	YbaN	Uncharacterized membrane protein YbaN, DUF454 family	S	Function unknown
NODE_397_length_4891_cov_3.790195_1	COG1012	223944	1.41e-16	36.364	AdhE	Acyl-CoA reductase or other NAD-dependent aldehyde dehydrogenase	I	Lipid transport and metabolism
NODE_397_length_4891_cov_3.790195_2	COG0176	223254	2.95e-78	46.053	TalA	Transaldolase/fructose-6-phosphate aldolase	G	Carbohydrate transport and metabolism
NODE_397_length_4891_cov_3.790195_3	COG0111	223189	1.4e-109	42.628	SerA	Phosphoglycerate dehydrogenase or related dehydrogenase	H	Coenzyme transport and metabolism
NODE_397_length_4891_cov_3.790195_4	COG2271	225180	1.16e-15	22.483	UhpC	Sugar phosphate permease	G	Carbohydrate transport and metabolism
NODE_397_length_4891_cov_3.790195_5	COG0498	223572	7.86e-86	35.052	ThrC	Threonine synthase	E	Amino acid transport and metabolism
NODE_398_length_4875_cov_4.051897_1	COG0840	223910	3.24e-50	31.532	Tar	Methyl-accepting chemotaxis protein (MCP)	T	Signal transduction mechanisms
NODE_398_length_4875_cov_4.051897_2	COG2197	225107	8.99e-23	36.893	CitB	DNA-binding response regulator, NarL/FixJ family, contains REC and HTH domains	T	Signal transduction mechanisms
NODE_399_length_4872_cov_3.882169_2	COG1615	224531	0.0	39.211		Uncharacterized membrane protein, UPF0182 family	S	Function unknown
NODE_399_length_4872_cov_3.882169_3	COG4198	226661	2.58e-132	42.476		Uncharacterized conserved protein, DUF1015 family	S	Function unknown
NODE_400_length_4857_cov_3.336820_1	COG4783	227122	3.08e-11	19.807	BepA	Outer membrane protein chaperone/metalloprotease BepA/YfgC, contains M48 and TPR domains	M	Cell wall/membrane/envelope biogenesis
NODE_401_length_4838_cov_2.593363_1	COG0673	223745	0.002	23.256	MviM	Predicted dehydrogenase	R	General function prediction only
NODE_401_length_4838_cov_2.593363_2	COG0684	223756	2.45e-44	36.744	RraA	RNA degradosome component RraA (regulator of RNase E activity)	J	Translation, ribosomal structure and biogenesis
NODE_401_length_4838_cov_2.593363_4	COG0589	223662	2.09e-05	24.348	UspA	Nucleotide-binding universal stress protein,  UspA family	T	Signal transduction mechanisms
NODE_402_length_4813_cov_3.274493_2	COG4399	226834	1.34e-19	21.351	YheB	Uncharacterized membrane protein YheB, UPF0754 family	S	Function unknown
NODE_402_length_4813_cov_3.274493_4	COG0784	223855	1.26e-20	39.535	CheY	CheY-like REC (receiver) domain, includes chemotaxis protein CheY  and sporulation regulator Spo0F	T	Signal transduction mechanisms
NODE_402_length_4813_cov_3.274493_5	COG0642	223715	6.39e-23	25.954	BaeS	Signal transduction histidine kinase	T	Signal transduction mechanisms
NODE_402_length_4813_cov_3.274493_6	COG2204	225114	3.56e-136	47.801	AtoC	DNA-binding transcriptional response regulator, NtrC family, contains REC, AAA-type ATPase, and a Fis-type DNA-binding domains	T	Signal transduction mechanisms
NODE_403_length_4808_cov_2.744451_2	COG1205	224126	4.14e-64	30.275	YprA	ATP-dependent helicase YprA,  contains C-terminal metal-binding DUF1998 domain	L	Replication, recombination and repair
NODE_404_length_4782_cov_3.252072_1	COG2339	225217	1.48e-23	27.434	PrsW	Membrane proteinase PrsW, cleaves anti-sigma factor RsiW, M82 family	T	Signal transduction mechanisms
NODE_404_length_4782_cov_3.252072_2	COG0563	223637	1.79e-52	37.561	Adk	Adenylate kinase or related kinase	F	Nucleotide transport and metabolism
NODE_404_length_4782_cov_3.252072_3	COG2208	225118	5.09e-68	37.638	RsbU	Phosphoserine phosphatase RsbU, regulator of sigma subunit	T	Signal transduction mechanisms
NODE_404_length_4782_cov_3.252072_4	COG0457	223533	0.001	29.358	TPR	Tetratricopeptide (TPR) repeat	R	General function prediction only
NODE_405_length_4781_cov_3.519345_1	COG1078	224004	1.31e-90	46.947	YdhJ	HD superfamily phosphohydrolase	R	General function prediction only
NODE_405_length_4781_cov_3.519345_2	COG0624	223697	2.62e-55	29.381	ArgE	Acetylornithine deacetylase/Succinyl-diaminopimelate desuccinylase or related deacylase	E	Amino acid transport and metabolism
NODE_405_length_4781_cov_3.519345_4	COG0571	223644	4.17e-77	48.018	Rnc	dsRNA-specific ribonuclease	K	Transcription
NODE_406_length_4757_cov_3.588889_1	COG3875	226392	1.82e-42	24.173	LarA	Nickel-dependent lactate racemase	M	Cell wall/membrane/envelope biogenesis
NODE_406_length_4757_cov_3.588889_2	COG0281	223358	1.26e-180	54.83	SfcA	Malic enzyme	C	Energy production and conversion
NODE_406_length_4757_cov_3.588889_3	COG5285	227609	8.27e-18	20.833	PhyH	Ectoine hydroxylase-related dioxygenase, phytanoyl-CoA dioxygenase (PhyH) family	Q	Secondary metabolites biosynthesis, transport and catabolism
NODE_406_length_4757_cov_3.588889_4	COG1893	224805	8.76e-50	27.245	PanE	Ketopantoate reductase	H	Coenzyme transport and metabolism
NODE_407_length_4727_cov_3.809892_2	COG3307	225844	1.9e-06	18.5	RfaL	O-antigen ligase	M	Cell wall/membrane/envelope biogenesis
NODE_407_length_4727_cov_3.809892_3	COG1596	224512	3.84e-25	26.556	Wza	Periplasmic protein Wza involved in polysaccharide export, contains SLBB domain of the beta-grasp fold	M	Cell wall/membrane/envelope biogenesis
NODE_407_length_4727_cov_3.809892_4	COG3206	225747	1.94e-44	23.368	GumC	Exopolysaccharide export protein/domain GumC/Wzc1	M	Cell wall/membrane/envelope biogenesis
NODE_408_length_4720_cov_3.410510_2	COG0440	223517	8.49e-64	52.229	IlvH	Acetolactate synthase, small subunit	E	Amino acid transport and metabolism
NODE_408_length_4720_cov_3.410510_3	COG0028	223107	0.0	50.53	IlvB	Acetolactate synthase large subunit or other thiamine pyrophosphate-requiring enzyme	E	Amino acid transport and metabolism
NODE_408_length_4720_cov_3.410510_6	COG0473	223549	4.79e-141	52.395	LeuB	Isocitrate/isopropylmalate dehydrogenase	C	Energy production and conversion
NODE_409_length_4717_cov_3.491379_1	COG0366	223443	1.15e-18	33.094	AmyA	Glycosidase/amylase (phosphorylase)	G	Carbohydrate transport and metabolism
NODE_409_length_4717_cov_3.491379_2	COG4783	227122	4.88e-08	23.333	BepA	Outer membrane protein chaperone/metalloprotease BepA/YfgC, contains M48 and TPR domains	M	Cell wall/membrane/envelope biogenesis
NODE_409_length_4717_cov_3.491379_3	COG0727	223799	0.001	29.114	YkgJ	Uncharacterized protein YkgJ, contains CxxCxxCC motif	R	General function prediction only
NODE_409_length_4717_cov_3.491379_4	COG4636	226983	5.84e-06	18.705	Uma2	Endonuclease, Uma2 family (restriction endonuclease fold)	R	General function prediction only
NODE_409_length_4717_cov_3.491379_5	COG0178	223256	0.0	62.581	UvrA	Excinuclease UvrABC ATPase subunit	L	Replication, recombination and repair
NODE_410_length_4712_cov_3.449838_1	COG1621	224536	1.06e-127	38.976	SacC	Sucrose-6-phosphate hydrolase SacC, GH32 family	G	Carbohydrate transport and metabolism
NODE_411_length_4708_cov_3.477219_1	COG2873	225428	0.0	69.032	MET17	O-acetylhomoserine/O-acetylserine sulfhydrylase, pyridoxal phosphate-dependent	E	Amino acid transport and metabolism
NODE_411_length_4708_cov_3.477219_2	COG2021	224932	3.05e-137	45.352	MET2	Homoserine O-acetyltransferase	E	Amino acid transport and metabolism
NODE_412_length_4696_cov_3.638883_1	COG1060	223988	5.6e-133	45.028	ThiH	2-iminoacetate synthase ThiH/Menaquinone biosynthesis enzymes MqnC and MqnE	H	Coenzyme transport and metabolism
NODE_412_length_4696_cov_3.638883_2	COG0006	223085	1.14e-93	35.162	PepP	Xaa-Pro aminopeptidase	E	Amino acid transport and metabolism
NODE_413_length_4686_cov_3.567802_1	COG0498	223572	2.01e-110	36.186	ThrC	Threonine synthase	E	Amino acid transport and metabolism
NODE_413_length_4686_cov_3.567802_2	COG1977	224888	5e-12	29.545	MoaD	Molybdopterin synthase sulfur carrier subunit MoaD	H	Coenzyme transport and metabolism
NODE_413_length_4686_cov_3.567802_4	COG2337	225216	1.2e-14	33.654	MazF	mRNA-degrading endonuclease MazF, toxin component of the MazEF toxin-antitoxin module	V	Defense mechanisms
NODE_413_length_4686_cov_3.567802_5	COG0408	223485	1.21e-160	62.215	HemF	Coproporphyrinogen-III oxidase HemH, oxygen-dependent	H	Coenzyme transport and metabolism
NODE_413_length_4686_cov_3.567802_6	COG0783	223854	2.21e-51	38.217	Dps	DNA-binding ferritin-like protein (oxidative damage protectant)	P	Inorganic ion transport and metabolism
NODE_414_length_4681_cov_3.149870_1	COG1090	224015	8.61e-15	43.038	YfcH	NAD dependent epimerase/dehydratase family enzyme	R	General function prediction only
NODE_414_length_4681_cov_3.149870_2	COG3622	226149	6.14e-32	28.194	Hyi	Hydroxypyruvate/dehydroerythronate isomerase, Hyi/OtnI family	G	Carbohydrate transport and metabolism
NODE_414_length_4681_cov_3.149870_4	COG1595	224511	1.32e-12	29.032	RpoE	DNA-directed RNA polymerase specialized sigma subunit, sigma24 family	K	Transcription
NODE_414_length_4681_cov_3.149870_5	COG0515	223589	1.9e-47	38.197	SPS1	Serine/threonine protein kinase	T	Signal transduction mechanisms
NODE_415_length_4677_cov_3.837826_2	COG0457	223533	2.61e-06	22.145	TPR	Tetratricopeptide (TPR) repeat	R	General function prediction only
NODE_415_length_4677_cov_3.837826_3	COG0673	223745	2.51e-19	19.444	MviM	Predicted dehydrogenase	R	General function prediction only
NODE_415_length_4677_cov_3.837826_4	COG1620	224535	1.73e-95	51.525	LldP	L-lactate permease	C	Energy production and conversion
NODE_416_length_4662_cov_3.101854_1	COG0128	223206	9.78e-139	41.781	AroA	5-enolpyruvylshikimate-3-phosphate synthase	E	Amino acid transport and metabolism
NODE_416_length_4662_cov_3.101854_2	COG0703	223775	1.61e-47	41.212	AroK	Shikimate kinase	E	Amino acid transport and metabolism
NODE_416_length_4662_cov_3.101854_3	COG1208	224129	4.12e-97	42.33	GCD1	NDP-sugar pyrophosphorylase, includes eIF-2Bgamma, eIF-2Bepsilon, and LPS biosynthesis protein s	J	Translation, ribosomal structure and biogenesis
NODE_416_length_4662_cov_3.101854_4	COG1109	224034	1.45e-124	30.426	ManB	Phosphomannomutase	G	Carbohydrate transport and metabolism
NODE_417_length_4656_cov_4.084953_1	COG2137	225048	2.93e-07	28.571	RecX	SOS response regulatory protein OraA/RecX, interacts with RecA	O	Posttranslational modification, protein turnover, chaperones
NODE_417_length_4656_cov_4.084953_2	COG0846	223915	8.57e-83	41.2	SIR2	NAD-dependent protein deacetylase, SIR2 family	O	Posttranslational modification, protein turnover, chaperones
NODE_417_length_4656_cov_4.084953_4	COG1770	224684	0.0	53.441	PtrB	Protease II	E	Amino acid transport and metabolism
NODE_417_length_4656_cov_4.084953_5	COG2303	225186	4.65e-24	21.429	BetA	Choline dehydrogenase or related flavoprotein	I	Lipid transport and metabolism
NODE_418_length_4646_cov_3.457868_1	COG1801	224714	4.01e-48	43.902	YecE	Sugar isomerase-related protein YecE, UPF0759/DUF72 family	R	General function prediction only
NODE_418_length_4646_cov_3.457868_2	COG0591	223664	4.68e-45	29.412	PutP	Na+/proline symporter	E	Amino acid transport and metabolism
NODE_418_length_4646_cov_3.457868_3	COG1196	224117	1.28e-06	20.301	Smc	Chromosome segregation ATPase Smc	D	Cell cycle control, cell division, chromosome partitioning
NODE_419_length_4640_cov_2.976770_2	COG0195	223273	3.96e-68	51.795	NusA	Transcription antitermination factor NusA, contains S1 and KH domains	K	Transcription
NODE_419_length_4640_cov_2.976770_3	COG0779	223850	4.17e-50	44.737	RimP	Ribosome maturation factor RimP	J	Translation, ribosomal structure and biogenesis
NODE_419_length_4640_cov_2.976770_4	COG0584	223657	2.96e-37	30.741	UgpQ	Glycerophosphoryl diester phosphodiesterase	I	Lipid transport and metabolism
NODE_419_length_4640_cov_2.976770_5	COG0288	223365	2.6e-36	35.948	CynT	Carbonic anhydrase	P	Inorganic ion transport and metabolism
NODE_420_length_4640_cov_2.736139_1	COG4771	227112	5.53e-08	19.807	FepA	Outer membrane receptor for ferrienterochelin and colicins	P	Inorganic ion transport and metabolism
NODE_420_length_4640_cov_2.736139_3	COG0329	223406	4.52e-55	41.989	DapA	4-hydroxy-tetrahydrodipicolinate synthase/N-acetylneuraminate lyase	E	Amino acid transport and metabolism
NODE_421_length_4637_cov_2.757456_1	COG2197	225107	5.39e-78	47.619	CitB	DNA-binding response regulator, NarL/FixJ family, contains REC and HTH domains	T	Signal transduction mechanisms
NODE_421_length_4637_cov_2.757456_3	COG3706	226229	6.74e-90	43.934	PleD	Two-component response regulator, PleD family, consists of two REC domains and a diguanylate cyclase (GGDEF) domain	T	Signal transduction mechanisms
NODE_421_length_4637_cov_2.757456_4	COG2200	225110	8.18e-108	51.55	EAL	EAL domain, c-di-GMP-specific phosphodiesterase class I (or its enzymatically inactive variant)	T	Signal transduction mechanisms
NODE_422_length_4631_cov_2.991656_1	COG4783	227122	1.34e-54	32.404	BepA	Outer membrane protein chaperone/metalloprotease BepA/YfgC, contains M48 and TPR domains	M	Cell wall/membrane/envelope biogenesis
NODE_422_length_4631_cov_2.991656_3	COG0531	223605	1.14e-36	25.959	PotE	Serine transporter YbeC, amino acid:H+ symporter family	E	Amino acid transport and metabolism
NODE_422_length_4631_cov_2.991656_4	COG4636	226983	4.23e-21	23.333	Uma2	Endonuclease, Uma2 family (restriction endonuclease fold)	R	General function prediction only
NODE_423_length_4627_cov_2.636044_1	COG0642	223715	3.9e-10	32.203	BaeS	Signal transduction histidine kinase	T	Signal transduction mechanisms
NODE_423_length_4627_cov_2.636044_2	COG0745	223816	2.96e-85	50.0	OmpR	DNA-binding response regulator, OmpR family, contains REC and winged-helix (wHTH) domain	T	Signal transduction mechanisms
NODE_423_length_4627_cov_2.636044_3	COG0657	223730	1.21e-21	22.264	Aes	Acetyl esterase/lipase	I	Lipid transport and metabolism
NODE_423_length_4627_cov_2.636044_4	COG0673	223745	9.73e-25	27.907	MviM	Predicted dehydrogenase	R	General function prediction only
NODE_423_length_4627_cov_2.636044_5	COG0673	223745	2.34e-34	27.801	MviM	Predicted dehydrogenase	R	General function prediction only
NODE_423_length_4627_cov_2.636044_6	COG0649	223722	7.05e-07	48.387	NuoD	NADH:ubiquinone oxidoreductase 49 kD subunit (chain D)	C	Energy production and conversion
NODE_424_length_4612_cov_3.808159_1	COG1172	224093	3.25e-72	43.73	AraH	Ribose/xylose/arabinose/galactoside ABC-type transport system, permease component	G	Carbohydrate transport and metabolism
NODE_424_length_4612_cov_3.808159_2	COG1172	224093	6.5e-60	39.373	AraH	Ribose/xylose/arabinose/galactoside ABC-type transport system, permease component	G	Carbohydrate transport and metabolism
NODE_424_length_4612_cov_3.808159_3	COG1129	224053	0.0	55.511	MglA	ABC-type sugar transport system, ATPase component	G	Carbohydrate transport and metabolism
NODE_424_length_4612_cov_3.808159_4	COG1556	224473	1.19e-31	29.31	LutC	L-lactate utilization protein LutC, contains LUD domain	C	Energy production and conversion
NODE_425_length_4602_cov_3.170387_1	COG4995	227328	1.48e-21	34.426		Uncharacterized conserved protein, contains CHAT domain	S	Function unknown
NODE_425_length_4602_cov_3.170387_2	COG0457	223533	7.47e-07	22.831	TPR	Tetratricopeptide (TPR) repeat	R	General function prediction only
NODE_425_length_4602_cov_3.170387_6	COG0511	223585	5.77e-13	47.727	AccB	Biotin carboxyl carrier protein	I	Lipid transport and metabolism
NODE_426_length_4555_cov_3.415141_1	COG4948	227284	5.22e-24	31.056	RspA	L-alanine-DL-glutamate epimerase or related enzyme of enolase superfamily	M	Cell wall/membrane/envelope biogenesis
NODE_426_length_4555_cov_3.415141_2	COG0642	223715	1.79e-42	28.134	BaeS	Signal transduction histidine kinase	T	Signal transduction mechanisms
NODE_426_length_4555_cov_3.415141_3	COG2204	225114	0.0	50.769	AtoC	DNA-binding transcriptional response regulator, NtrC family, contains REC, AAA-type ATPase, and a Fis-type DNA-binding domains	T	Signal transduction mechanisms
NODE_427_length_4555_cov_2.675301_3	COG1986	224897	2.45e-51	43.275	YjjX	Non-canonical (house-cleaning) NTP pyrophosphatase, all-alpha NTP-PPase family	F	Nucleotide transport and metabolism
NODE_427_length_4555_cov_2.675301_4	COG3591	226119	0.005	29.508	eMpr	V8-like Glu-specific endopeptidase	O	Posttranslational modification, protein turnover, chaperones
NODE_428_length_4536_cov_3.798161_2	COG1473	224390	6.9e-149	43.49	AbgB	Metal-dependent amidase/aminoacylase/carboxypeptidase	R	General function prediction only
NODE_428_length_4536_cov_3.798161_3	COG2814	225371	4.84e-18	21.027	AraJ	Predicted arabinose efflux permease AraJ, MFS family	G	Carbohydrate transport and metabolism
NODE_428_length_4536_cov_3.798161_4	COG1024	223955	8.68e-63	42.126	CaiD	Enoyl-CoA hydratase/carnithine racemase	I	Lipid transport and metabolism
NODE_428_length_4536_cov_3.798161_5	COG4281	226731	3.38e-35	53.012	ACB	Acyl-CoA-binding protein	I	Lipid transport and metabolism
NODE_428_length_4536_cov_3.798161_6	COG2940	225491	5.75e-09	29.464	SET	SET domain-containing protein (function unknown)	R	General function prediction only
NODE_429_length_4535_cov_2.950437_1	COG2133	225044	2.21e-28	31.349	YliI	Glucose/arabinose dehydrogenase, beta-propeller fold	G	Carbohydrate transport and metabolism
NODE_430_length_4525_cov_2.867356_1	COG3829	226350	6.79e-29	43.59	RocR	RocR-type transcriptional regulator, contains PAS, AAA-type ATPase, and DNA-binding Fis domains	K	Transcription
NODE_430_length_4525_cov_2.867356_2	COG3409	225943	1.12e-05	23.881	PGRP	Peptidoglycan-binding (PGRP) domain of peptidoglycan hydrolases	M	Cell wall/membrane/envelope biogenesis
NODE_430_length_4525_cov_2.867356_4	COG0631	223704	1.24e-72	40.59	PTC1	Serine/threonine protein phosphatase PrpC	T	Signal transduction mechanisms
NODE_431_length_4521_cov_3.654815_2	COG3881	226398	1.87e-10	20.556	YrrD	Uncharacterized conserved protein YrrD, contains PRC-barrel domain	S	Function unknown
NODE_431_length_4521_cov_3.654815_3	COG2159	225070	5.28e-21	26.299	LigW	5-carboxyvanillate decarboxylase LigW (lignin degradation), amidohydro domain	G	Carbohydrate transport and metabolism
NODE_431_length_4521_cov_3.654815_4	COG3387	225922	7.36e-48	33.696	SGA1	Glucoamylase (glucan-1,4-alpha-glucosidase), GH15 family	G	Carbohydrate transport and metabolism
NODE_432_length_4504_cov_2.993901_1	COG0579	223652	4.99e-74	36.789	LhgO	L-2-hydroxyglutarate oxidase LhgO	G	Carbohydrate transport and metabolism
NODE_432_length_4504_cov_2.993901_3	COG1629	224544	0.001	20.661	CirA	Outer membrane receptor protein, Fe transport	P	Inorganic ion transport and metabolism
NODE_433_length_4497_cov_3.784842_1	COG4639	226986	1.09e-28	30.233		Predicted kinase	R	General function prediction only
NODE_433_length_4497_cov_3.784842_4	COG3011	225556	2.81e-22	40.31	YuxK	Predicted thiol-disulfide oxidoreductase YuxK, DCC family	R	General function prediction only
NODE_434_length_4491_cov_3.179656_1	COG0589	223662	2.82e-17	34.194	UspA	Nucleotide-binding universal stress protein,  UspA family	T	Signal transduction mechanisms
NODE_434_length_4491_cov_3.179656_2	COG3383	225918	1.52e-14	28.767	YjgC	Predicted molibdopterin-dependent oxidoreductase YjgC	R	General function prediction only
NODE_434_length_4491_cov_3.179656_3	COG3383	225918	2.03e-51	46.012	YjgC	Predicted molibdopterin-dependent oxidoreductase YjgC	R	General function prediction only
NODE_434_length_4491_cov_3.179656_5	COG4099	226584	0.000486	25.0		Predicted peptidase	R	General function prediction only
NODE_434_length_4491_cov_3.179656_6	COG2204	225114	2.93e-24	42.609	AtoC	DNA-binding transcriptional response regulator, NtrC family, contains REC, AAA-type ATPase, and a Fis-type DNA-binding domains	T	Signal transduction mechanisms
NODE_435_length_4485_cov_3.360481_1	COG0219	223297	1.44e-66	49.007	TrmL	tRNA(Leu) C34 or U34 (ribose-2'-O)-methylase TrmL, contains SPOUT domain	J	Translation, ribosomal structure and biogenesis
NODE_435_length_4485_cov_3.360481_2	COG0663	223735	3.51e-69	47.647	PaaY	Carbonic anhydrase or acetyltransferase, isoleucine patch superfamily	R	General function prediction only
NODE_435_length_4485_cov_3.360481_3	COG0124	223202	8.88e-178	48.618	HisS	Histidyl-tRNA synthetase	J	Translation, ribosomal structure and biogenesis
NODE_435_length_4485_cov_3.360481_4	COG0173	223251	0.0	59.177	AspS	Aspartyl-tRNA synthetase	J	Translation, ribosomal structure and biogenesis
NODE_436_length_4473_cov_3.096224_2	COG1309	224228	1.34e-21	24.848	AcrR	DNA-binding protein, AcrR family, includes nucleoid occlusion protein SlmA	K	Transcription
NODE_436_length_4473_cov_3.096224_3	COG4257	226708	5.25e-11	22.4	Vgb	Streptogramin lyase	V	Defense mechanisms
NODE_437_length_4465_cov_4.335916_1	COG3669	226195	2.33e-108	28.016	AfuC	Alpha-L-fucosidase	G	Carbohydrate transport and metabolism
NODE_437_length_4465_cov_4.335916_2	COG4102	226587	3.08e-05	30.702		Uncharacterized conserved protein, DUF1501 family	S	Function unknown
NODE_437_length_4465_cov_4.335916_3	COG5385	227675	0.006	27.907	HPt	Histidine phosphotransfer protein ChpT, HPt domain	T	Signal transduction mechanisms
NODE_439_length_4431_cov_2.921452_1	COG0642	223715	3.12e-24	35.294	BaeS	Signal transduction histidine kinase	T	Signal transduction mechanisms
NODE_439_length_4431_cov_2.921452_2	COG2204	225114	0.0	48.913	AtoC	DNA-binding transcriptional response regulator, NtrC family, contains REC, AAA-type ATPase, and a Fis-type DNA-binding domains	T	Signal transduction mechanisms
NODE_439_length_4431_cov_2.921452_3	COG1629	224544	0.004	13.878	CirA	Outer membrane receptor protein, Fe transport	P	Inorganic ion transport and metabolism
NODE_440_length_4421_cov_3.316298_1	COG2204	225114	1.8e-11	43.137	AtoC	DNA-binding transcriptional response regulator, NtrC family, contains REC, AAA-type ATPase, and a Fis-type DNA-binding domains	T	Signal transduction mechanisms
NODE_440_length_4421_cov_3.316298_2	COG1136	224059	3.9e-95	49.541	LolD	ABC-type lipoprotein export system, ATPase component	M	Cell wall/membrane/envelope biogenesis
NODE_440_length_4421_cov_3.316298_3	COG0577	223650	4.97e-19	33.071	SalY	ABC-type antimicrobial peptide transport system, permease component	V	Defense mechanisms
NODE_440_length_4421_cov_3.316298_5	COG4636	226983	1.18e-12	22.346	Uma2	Endonuclease, Uma2 family (restriction endonuclease fold)	R	General function prediction only
NODE_440_length_4421_cov_3.316298_6	COG2183	225094	8.79e-95	40.805	Tex	Transcriptional accessory protein Tex/SPT6	K	Transcription
NODE_441_length_4401_cov_2.882979_1	COG0145	223223	2.93e-76	41.7	HyuA	N-methylhydantoinase A/oxoprolinase/acetone carboxylase, beta subunit	E	Amino acid transport and metabolism
NODE_442_length_4398_cov_3.323073_2	COG0491	223565	9.38e-26	31.532	GloB	Glyoxylase or a related metal-dependent hydrolase, beta-lactamase superfamily II	R	General function prediction only
NODE_442_length_4398_cov_3.323073_3	COG1088	224013	0.0	61.19	RfbB	dTDP-D-glucose 4,6-dehydratase	M	Cell wall/membrane/envelope biogenesis
NODE_442_length_4398_cov_3.323073_4	COG1091	224016	4.75e-99	44.33	RfbD	dTDP-4-dehydrorhamnose reductase	M	Cell wall/membrane/envelope biogenesis
NODE_443_length_4397_cov_2.983102_1	COG3119	225661	2.51e-23	24.363	AslA	Arylsulfatase A or related enzyme, AlkP superfamily	P	Inorganic ion transport and metabolism
NODE_443_length_4397_cov_2.983102_2	COG0657	223730	9.55e-62	40.702	Aes	Acetyl esterase/lipase	I	Lipid transport and metabolism
NODE_443_length_4397_cov_2.983102_3	COG0300	223377	3.06e-41	31.746	YqjQ	Short-chain dehydrogenase	R	General function prediction only
NODE_443_length_4397_cov_2.983102_4	COG2010	224921	3.74e-10	27.451	CccA	Cytochrome c, mono- and diheme variants	C	Energy production and conversion
NODE_444_length_4389_cov_3.240955_3	COG4770	227111	0.0	57.791	PccA	Acetyl/propionyl-CoA carboxylase, alpha subunit	I	Lipid transport and metabolism
NODE_444_length_4389_cov_3.240955_4	COG0501	223575	1.14e-21	25.137	HtpX	Zn-dependent protease with chaperone function	O	Posttranslational modification, protein turnover, chaperones
NODE_444_length_4389_cov_3.240955_5	COG0511	223585	1.45e-23	41.176	AccB	Biotin carboxyl carrier protein	I	Lipid transport and metabolism
NODE_445_length_4378_cov_2.843292_3	COG4249	226700	3.76e-17	22.0		Uncharacterized conserved protein, contains caspase domain	R	General function prediction only
NODE_446_length_4369_cov_2.677074_1	COG4591	226957	6.39e-29	27.077	LolE	ABC-type transport system involved in lipoprotein release, permease component LolC	M	Cell wall/membrane/envelope biogenesis
NODE_446_length_4369_cov_2.677074_2	COG0577	223650	1.28e-21	17.703	SalY	ABC-type antimicrobial peptide transport system, permease component	V	Defense mechanisms
NODE_447_length_4343_cov_3.627989_1	COG0845	223914	6.32e-05	30.769	AcrA	Multidrug efflux pump subunit AcrA (membrane-fusion protein)	M	Cell wall/membrane/envelope biogenesis
NODE_447_length_4343_cov_3.627989_2	COG1538	224455	1.76e-24	25.126	TolC	Outer membrane protein TolC	M	Cell wall/membrane/envelope biogenesis
NODE_447_length_4343_cov_3.627989_3	COG0657	223730	1.46e-38	24.498	Aes	Acetyl esterase/lipase	I	Lipid transport and metabolism
NODE_448_length_4324_cov_2.950553_2	COG0642	223715	4.77e-26	26.006	BaeS	Signal transduction histidine kinase	T	Signal transduction mechanisms
NODE_449_length_4298_cov_3.617863_1	COG2766	225357	0.0	40.741	PrkA	Predicted Ser/Thr protein kinase	T	Signal transduction mechanisms
NODE_449_length_4298_cov_3.617863_2	COG2367	225242	1.86e-34	29.098	PenP	Beta-lactamase class A	V	Defense mechanisms
NODE_449_length_4298_cov_3.617863_3	COG2379	225254	4.02e-49	37.118	GckA	Glycerate-2-kinase	G	Carbohydrate transport and metabolism
NODE_450_length_4286_cov_3.622000_1	COG0189	223267	0.007	23.333	LysX	Glutathione synthase, LysX or RimK-type ligase, ATP-grasp superfamily	E	Amino acid transport and metabolism
NODE_450_length_4286_cov_3.622000_2	COG0816	223886	6.82e-41	42.029	YqgF	YqgF/RuvX protein, pre-16S rRNA maturation RNase/Holliday junction resolvase/anti-termination factor	J	Translation, ribosomal structure and biogenesis
NODE_450_length_4286_cov_3.622000_3	COG1559	224475	6.08e-96	35.196	MltG	Endolytic transglycosylase MltG, terminates peptidoglycan polymerization	M	Cell wall/membrane/envelope biogenesis
NODE_450_length_4286_cov_3.622000_4	COG0473	223549	1.49e-172	51.297	LeuB	Isocitrate/isopropylmalate dehydrogenase	C	Energy production and conversion
NODE_451_length_4286_cov_2.797577_1	COG0673	223745	8.33e-26	25.758	MviM	Predicted dehydrogenase	R	General function prediction only
NODE_451_length_4286_cov_2.797577_4	COG2374	225249	1.41e-21	28.571		Predicted extracellular nuclease	R	General function prediction only
NODE_452_length_4281_cov_3.108468_1	COG1506	224423	1.03e-78	27.246	DAP2	Dipeptidyl aminopeptidase/acylaminoacyl peptidase	E	Amino acid transport and metabolism
NODE_452_length_4281_cov_3.108468_2	COG1107	224032	0.006	19.118		Archaea-specific RecJ-like exonuclease, contains DnaJ-type Zn finger domain	L	Replication, recombination and repair
NODE_452_length_4281_cov_3.108468_3	COG0243	223321	2.17e-05	21.333	BisC	Anaerobic selenocysteine-containing dehydrogenase	C	Energy production and conversion
NODE_453_length_4273_cov_3.556244_1	COG5434	227721	1.07e-30	44.348	Pgu1	Polygalacturonase	G	Carbohydrate transport and metabolism
NODE_454_length_4237_cov_3.515865_2	COG1902	224814	1.55e-108	42.162	FadH	2,4-dienoyl-CoA reductase or related NADH-dependent reductase, Old Yellow Enzyme (OYE) family	C	Energy production and conversion
NODE_454_length_4237_cov_3.515865_3	COG1506	224423	1.56e-06	29.801	DAP2	Dipeptidyl aminopeptidase/acylaminoacyl peptidase	E	Amino acid transport and metabolism
NODE_455_length_4234_cov_3.171277_1	COG0642	223715	4.97e-35	26.705	BaeS	Signal transduction histidine kinase	T	Signal transduction mechanisms
NODE_455_length_4234_cov_3.171277_2	COG3794	226317	5.16e-06	28.947	PetE	Plastocyanin	C	Energy production and conversion
NODE_455_length_4234_cov_3.171277_3	COG2204	225114	1.66e-57	49.495	AtoC	DNA-binding transcriptional response regulator, NtrC family, contains REC, AAA-type ATPase, and a Fis-type DNA-binding domains	T	Signal transduction mechanisms
NODE_456_length_4225_cov_3.425024_1	COG2216	225126	0.0	75.763	KdpB	K+ transport ATPase, ATPase subunit KdpB	P	Inorganic ion transport and metabolism
NODE_456_length_4225_cov_3.425024_2	COG2156	225067	2.77e-95	60.317	KdpC	K+-transporting ATPase, KdpC subunit	P	Inorganic ion transport and metabolism
NODE_456_length_4225_cov_3.425024_3	COG2205	225115	2.81e-158	48.831	KdpD	K+-sensing histidine kinase KdpD	T	Signal transduction mechanisms
NODE_457_length_4221_cov_4.009653_1	COG2205	225115	5.03e-34	45.455	KdpD	K+-sensing histidine kinase KdpD	T	Signal transduction mechanisms
NODE_457_length_4221_cov_4.009653_2	COG0745	223816	9.9e-88	46.696	OmpR	DNA-binding response regulator, OmpR family, contains REC and winged-helix (wHTH) domain	T	Signal transduction mechanisms
NODE_457_length_4221_cov_4.009653_6	COG2060	224971	0.0	60.279	KdpA	K+-transporting ATPase, KdpA subunit	P	Inorganic ion transport and metabolism
NODE_457_length_4221_cov_4.009653_7	COG2216	225126	8.16e-41	58.252	KdpB	K+ transport ATPase, ATPase subunit KdpB	P	Inorganic ion transport and metabolism
NODE_458_length_4210_cov_2.994435_2	COG2244	225153	1.17e-21	22.013	RfbX	Membrane protein involved in the export of O-antigen and teichoic acid	M	Cell wall/membrane/envelope biogenesis
NODE_458_length_4210_cov_2.994435_3	COG0438	223515	1.33e-34	25.402	RfaB	Glycosyltransferase involved in cell wall bisynthesis	M	Cell wall/membrane/envelope biogenesis
NODE_458_length_4210_cov_2.994435_4	COG0438	223515	3.06e-07	35.593	RfaB	Glycosyltransferase involved in cell wall bisynthesis	M	Cell wall/membrane/envelope biogenesis
NODE_458_length_4210_cov_2.994435_5	COG1807	224720	3.94e-06	22.4	ArnT	PMT family glycosyltransferase ArnT/Agl22, involved in glycosylation of proteins and lipid IVA	M	Cell wall/membrane/envelope biogenesis
NODE_459_length_4208_cov_2.764948_1	COG1414	224332	2.82e-14	31.132	IclR	DNA-binding transcriptional regulator, IclR family	K	Transcription
NODE_459_length_4208_cov_2.764948_3	COG0823	223893	0.000156	18.121	TolB	Periplasmic component TolB of the Tol biopolymer transport system	U	Intracellular trafficking, secretion, and vesicular transport
NODE_459_length_4208_cov_2.764948_4	COG1629	224544	0.002	20.961	CirA	Outer membrane receptor protein, Fe transport	P	Inorganic ion transport and metabolism
NODE_460_length_4207_cov_3.467312_3	COG2940	225491	1.98e-16	27.344	SET	SET domain-containing protein (function unknown)	R	General function prediction only
NODE_462_length_4161_cov_3.508815_2	COG2814	225371	2.44e-16	22.135	AraJ	Predicted arabinose efflux permease AraJ, MFS family	G	Carbohydrate transport and metabolism
NODE_462_length_4161_cov_3.508815_3	COG0129	223207	0.0	47.193	IlvD	Dihydroxyacid dehydratase/phosphogluconate dehydratase	E	Amino acid transport and metabolism
NODE_463_length_4148_cov_3.315647_1	COG0473	223549	6.52e-133	40.0	LeuB	Isocitrate/isopropylmalate dehydrogenase	C	Energy production and conversion
NODE_463_length_4148_cov_3.315647_2	COG0041	223119	4.36e-79	70.625	PurE	Phosphoribosylcarboxyaminoimidazole (NCAIR) mutase	F	Nucleotide transport and metabolism
NODE_463_length_4148_cov_3.315647_3	COG0026	223105	5.6e-162	48.541	PurK	Phosphoribosylaminoimidazole carboxylase (NCAIR synthetase)	F	Nucleotide transport and metabolism
NODE_464_length_4147_cov_3.621130_2	COG0673	223745	2.06e-34	21.798	MviM	Predicted dehydrogenase	R	General function prediction only
NODE_464_length_4147_cov_3.621130_4	COG2721	225342	3.38e-88	43.939	UxaA	Altronate dehydratase	G	Carbohydrate transport and metabolism
NODE_465_length_4134_cov_3.517624_1	COG0190	223268	1.26e-22	42.683	FolD	5,10-methylene-tetrahydrofolate dehydrogenase/Methenyl tetrahydrofolate cyclohydrolase	H	Coenzyme transport and metabolism
NODE_465_length_4134_cov_3.517624_2	COG0237	223315	5.73e-62	38.5	CoaE	Dephospho-CoA kinase	H	Coenzyme transport and metabolism
NODE_465_length_4134_cov_3.517624_3	COG2199	225109	1.52e-60	45.304	GGDEF	GGDEF domain, diguanylate cyclase (c-di-GMP synthetase) or its enzymatically inactive variants	T	Signal transduction mechanisms
NODE_466_length_4123_cov_3.212803_2	COG1041	223971	0.01	29.412	Trm11	tRNA G10 N-methylase Trm11	J	Translation, ribosomal structure and biogenesis
NODE_466_length_4123_cov_3.212803_3	COG0231	223309	3.56e-40	43.609	Efp	Translation elongation factor P (EF-P)/translation initiation factor 5A (eIF-5A)	J	Translation, ribosomal structure and biogenesis
NODE_466_length_4123_cov_3.212803_6	COG2124	225035	1.07e-90	32.522	CypX	Cytochrome P450	Q	Secondary metabolites biosynthesis, transport and catabolism
NODE_466_length_4123_cov_3.212803_7	COG0021	223100	3.67e-35	60.0	TktA	Transketolase	G	Carbohydrate transport and metabolism
NODE_467_length_4120_cov_3.383131_2	COG2355	225230	3.38e-101	35.657		Zn-dependent dipeptidase, microsomal dipeptidase homolog	O	Posttranslational modification, protein turnover, chaperones
NODE_467_length_4120_cov_3.383131_3	COG3386	225921	1.47e-63	34.675	YvrE	Sugar lactone lactonase YvrE	G	Carbohydrate transport and metabolism
NODE_468_length_4120_cov_2.763047_1	COG1215	224136	1.08e-40	31.518	BcsA	Glycosyltransferase, catalytic subunit of cellulose synthase and poly-beta-1,6-N-acetylglucosamine synthase	N	Cell motility
NODE_468_length_4120_cov_2.763047_2	COG1132	224055	1.79e-168	36.13	MdlB	ABC-type multidrug transport system, ATPase and permease component	V	Defense mechanisms
NODE_469_length_4115_cov_2.682516_1	COG4867	227204	2.72e-08	19.084		Uncharacterized conserved protein, contains von Willebrand factor type A (vWFA) domain	S	Function unknown
NODE_469_length_4115_cov_2.682516_2	COG0666	223738	3.71e-08	30.496	ANKYR	Ankyrin repeat	T	Signal transduction mechanisms
NODE_469_length_4115_cov_2.682516_3	COG1239	224160	6.64e-79	27.176	ChlI	Mg-chelatase subunit ChlI	H	Coenzyme transport and metabolism
NODE_470_length_4091_cov_3.033134_2	COG4994	227327	4.16e-17	29.661		Uncharacterized protein CV0675, UCP033623 family	S	Function unknown
NODE_470_length_4091_cov_3.033134_3	COG4948	227284	1.35e-84	36.99	RspA	L-alanine-DL-glutamate epimerase or related enzyme of enolase superfamily	M	Cell wall/membrane/envelope biogenesis
NODE_470_length_4091_cov_3.033134_4	COG0329	223406	2.92e-64	32.441	DapA	4-hydroxy-tetrahydrodipicolinate synthase/N-acetylneuraminate lyase	E	Amino acid transport and metabolism
NODE_471_length_4087_cov_2.578554_1	COG0586	223659	2.11e-12	28.571	DedA	Membrane integrity protein DedA, putative transporter, DedA/Tvp38 family	M	Cell wall/membrane/envelope biogenesis
NODE_471_length_4087_cov_2.578554_2	COG1225	224146	3.73e-09	52.632	Bcp	Peroxiredoxin	O	Posttranslational modification, protein turnover, chaperones
NODE_471_length_4087_cov_2.578554_3	COG0450	223527	4.51e-12	24.468	AhpC	Alkyl hydroperoxide reductase subunit AhpC (peroxiredoxin)	V	Defense mechanisms
NODE_471_length_4087_cov_2.578554_4	COG2195	225106	4.69e-38	19.571	PepD2	Di- or tripeptidase	E	Amino acid transport and metabolism
NODE_471_length_4087_cov_2.578554_6	COG0443	223520	5.36e-36	25.419	DnaK	Molecular chaperone DnaK (HSP70)	O	Posttranslational modification, protein turnover, chaperones
NODE_472_length_4069_cov_3.506012_1	COG1158	224080	1.74e-134	63.47	Rho	Transcription termination factor Rho	K	Transcription
NODE_472_length_4069_cov_3.506012_2	COG0218	223296	9.2e-82	46.073	EngB	GTP-binding protein EngB required for normal cell division	D	Cell cycle control, cell division, chromosome partitioning
NODE_472_length_4069_cov_3.506012_3	COG0466	223542	0.0	56.974	Lon	ATP-dependent Lon protease, bacterial type	O	Posttranslational modification, protein turnover, chaperones
NODE_473_length_4062_cov_4.165370_1	COG1215	224136	1.74e-48	24.944	BcsA	Glycosyltransferase, catalytic subunit of cellulose synthase and poly-beta-1,6-N-acetylglucosamine synthase	N	Cell motility
NODE_473_length_4062_cov_4.165370_2	COG2199	225109	1.18e-37	46.281	GGDEF	GGDEF domain, diguanylate cyclase (c-di-GMP synthetase) or its enzymatically inactive variants	T	Signal transduction mechanisms
NODE_474_length_4062_cov_2.891593_5	COG3523	226054	0.005	22.973	IcmF	Type VI protein secretion system component VasK	U	Intracellular trafficking, secretion, and vesicular transport
NODE_475_length_4058_cov_3.900276_1	COG1051	223979	1.54e-06	27.273	YjhB	ADP-ribose pyrophosphatase YjhB, NUDIX family	F	Nucleotide transport and metabolism
NODE_475_length_4058_cov_3.900276_2	COG0580	223653	7.51e-71	48.8	GlpF	Glycerol uptake facilitator or related aquaporin (Major Intrinsic protein Family)	G	Carbohydrate transport and metabolism
NODE_475_length_4058_cov_3.900276_3	COG2022	224933	2.01e-146	58.687	ThiG	Thiazole synthase ThiGH, ThiG subunit (thiamin biosynthesis)	H	Coenzyme transport and metabolism
NODE_475_length_4058_cov_3.900276_5	COG1058	223986	1.01e-55	33.613	CinA	ADP-ribose pyrophosphatase domain of DNA damage- and competence-inducible protein CinA	L	Replication, recombination and repair
NODE_476_length_4057_cov_3.157286_3	COG2208	225118	5.25e-23	36.792	RsbU	Phosphoserine phosphatase RsbU, regulator of sigma subunit	T	Signal transduction mechanisms
NODE_476_length_4057_cov_3.157286_4	COG0745	223816	8.43e-19	26.271	OmpR	DNA-binding response regulator, OmpR family, contains REC and winged-helix (wHTH) domain	T	Signal transduction mechanisms
NODE_476_length_4057_cov_3.157286_5	COG2027	224938	8.36e-102	31.791	DacB	D-alanyl-D-alanine carboxypeptidase	M	Cell wall/membrane/envelope biogenesis
NODE_476_length_4057_cov_3.157286_6	COG1752	224666	7.08e-39	46.897	RssA	Predicted acylesterase/phospholipase RssA, containd patatin domain	R	General function prediction only
NODE_477_length_4051_cov_4.490689_1	COG0768	223839	9.75e-24	29.63	FtsI	Cell division protein FtsI, peptidoglycan transpeptidase (Penicillin-binding protein 2)	D	Cell cycle control, cell division, chromosome partitioning
NODE_477_length_4051_cov_4.490689_3	COG0275	223352	3.37e-137	46.296	RmsH	16S rRNA C1402 N4-methylase RsmH	J	Translation, ribosomal structure and biogenesis
NODE_477_length_4051_cov_4.490689_4	COG2001	224912	6e-25	35.294	MraZ	MraZ, DNA-binding transcriptional regulator and inhibitor of RsmH methyltransferase activity	J	Translation, ribosomal structure and biogenesis
NODE_477_length_4051_cov_4.490689_5	COG0428	223505	5.36e-14	27.907	ZupT	Zinc transporter ZupT	P	Inorganic ion transport and metabolism
NODE_478_length_4049_cov_3.503021_1	COG0424	223501	3.99e-27	59.259	Maf	7-methyl-GTP pyrophosphatase and related NTP pyrophosphatases, Maf/HAM1 superfamily	Q	Secondary metabolites biosynthesis, transport and catabolism
NODE_478_length_4049_cov_3.503021_2	COG0807	223878	4.26e-95	59.585	RibA	GTP cyclohydrolase II	H	Coenzyme transport and metabolism
NODE_478_length_4049_cov_3.503021_4	COG1198	224119	7.75e-31	28.755	PriA	Primosomal protein N' (replication factor Y) - superfamily II helicase	L	Replication, recombination and repair
NODE_479_length_4034_cov_3.677786_1	COG1092	224017	8.72e-27	37.838	RlmK	23S rRNA G2069 N7-methylase RlmK or C1962 C5-methylase RlmI	J	Translation, ribosomal structure and biogenesis
NODE_479_length_4034_cov_3.677786_3	COG0801	223872	1.93e-50	50.314	FolK	7,8-dihydro-6-hydroxymethylpterin pyrophosphokinase (folate biosynthesis)	H	Coenzyme transport and metabolism
NODE_479_length_4034_cov_3.677786_4	COG0414	223491	7.32e-110	44.17	PanC	Panthothenate synthetase	H	Coenzyme transport and metabolism
NODE_479_length_4034_cov_3.677786_5	COG5530	227817	4.09e-74	51.961		Uncharacterized membrane protein	S	Function unknown
NODE_480_length_4026_cov_3.528488_1	COG1629	224544	3.57e-06	14.437	CirA	Outer membrane receptor protein, Fe transport	P	Inorganic ion transport and metabolism
NODE_480_length_4026_cov_3.528488_2	COG0463	223539	4.56e-26	26.953	WcaA	Glycosyltransferase involved in cell wall bisynthesis	M	Cell wall/membrane/envelope biogenesis
NODE_480_length_4026_cov_3.528488_3	COG2226	225136	2.63e-10	26.214	UbiE	Ubiquinone/menaquinone biosynthesis C-methylase UbiE/MenG	H	Coenzyme transport and metabolism
NODE_481_length_4025_cov_3.122087_1	COG4783	227122	2.37e-19	37.594	BepA	Outer membrane protein chaperone/metalloprotease BepA/YfgC, contains M48 and TPR domains	M	Cell wall/membrane/envelope biogenesis
NODE_481_length_4025_cov_3.122087_2	COG2316	225198	7.82e-58	46.448		Predicted hydrolase, HD superfamily	R	General function prediction only
NODE_482_length_4013_cov_3.929878_1	COG2379	225254	6.68e-46	40.099	GckA	Glycerate-2-kinase	G	Carbohydrate transport and metabolism
NODE_482_length_4013_cov_3.929878_2	COG2204	225114	2.78e-124	43.902	AtoC	DNA-binding transcriptional response regulator, NtrC family, contains REC, AAA-type ATPase, and a Fis-type DNA-binding domains	T	Signal transduction mechanisms
NODE_483_length_4006_cov_2.847289_1	COG3386	225921	1.12e-05	20.098	YvrE	Sugar lactone lactonase YvrE	G	Carbohydrate transport and metabolism
NODE_484_length_4004_cov_3.352687_1	COG1752	224666	6.16e-23	30.342	RssA	Predicted acylesterase/phospholipase RssA, containd patatin domain	R	General function prediction only
NODE_484_length_4004_cov_3.352687_2	COG2193	225104	3.6e-16	19.853	Bfr	Bacterioferritin (cytochrome b1)	P	Inorganic ion transport and metabolism
NODE_484_length_4004_cov_3.352687_3	COG1595	224511	5.88e-28	36.313	RpoE	DNA-directed RNA polymerase specialized sigma subunit, sigma24 family	K	Transcription
NODE_485_length_3998_cov_3.174700_2	COG0824	223894	1.44e-38	40.152	FadM	Acyl-CoA thioesterase FadM	I	Lipid transport and metabolism
NODE_485_length_3998_cov_3.174700_4	COG0330	223407	4.15e-60	36.364	HflC	Regulator of protease activity HflC, stomatin/prohibitin superfamily	O	Posttranslational modification, protein turnover, chaperones
NODE_485_length_3998_cov_3.174700_5	COG1585	224501	1.14e-12	30.208	YbbJ	Membrane protein implicated in regulation of membrane protease activity	O	Posttranslational modification, protein turnover, chaperones
NODE_486_length_3998_cov_2.877837_1	COG0282	223359	0.0	52.696	AckA	Acetate kinase	C	Energy production and conversion
NODE_486_length_3998_cov_2.877837_3	COG5662	227949	0.002	23.469	RsiW	Transmembrane transcriptional regulator RsiW (anti-sigma-W factor)	K	Transcription
NODE_487_length_3994_cov_3.772275_1	COG4192	226655	7.11e-10	30.0		Signal transduction histidine kinase regulating phosphoglycerate transport system	T	Signal transduction mechanisms
NODE_487_length_3994_cov_3.772275_4	COG1538	224455	2.47e-25	23.111	TolC	Outer membrane protein TolC	M	Cell wall/membrane/envelope biogenesis
NODE_488_length_3991_cov_2.664793_1	COG4771	227112	2.48e-07	36.471	FepA	Outer membrane receptor for ferrienterochelin and colicins	P	Inorganic ion transport and metabolism
NODE_488_length_3991_cov_2.664793_2	COG0583	223656	2.68e-55	38.567	LysR	DNA-binding transcriptional regulator, LysR family	K	Transcription
NODE_489_length_3958_cov_3.323886_1	COG2084	224995	8.31e-101	52.5	MmsB	3-hydroxyisobutyrate dehydrogenase or related beta-hydroxyacid dehydrogenase	I	Lipid transport and metabolism
NODE_489_length_3958_cov_3.323886_2	COG1838	224751	1.83e-69	44.262	FumA	Tartrate dehydratase beta subunit/Fumarate hydratase class I, C-terminal domain	C	Energy production and conversion
NODE_489_length_3958_cov_3.323886_4	COG1566	224482	3.94e-17	29.032	EmrA	Multidrug resistance efflux pump EmrA	V	Defense mechanisms
NODE_490_length_3950_cov_3.301575_2	COG1670	224584	9.48e-30	32.571	RimL	Protein N-acetyltransferase, RimJ/RimL family	J	Translation, ribosomal structure and biogenesis
NODE_490_length_3950_cov_3.301575_3	COG2814	225371	1.72e-14	23.545	AraJ	Predicted arabinose efflux permease AraJ, MFS family	G	Carbohydrate transport and metabolism
NODE_490_length_3950_cov_3.301575_4	COG2071	224982	2.09e-81	40.249	PuuD	Gamma-glutamyl-gamma-aminobutyrate hydrolase PuuD (putrescine degradation), contains GATase1-like domain	E	Amino acid transport and metabolism
NODE_490_length_3950_cov_3.301575_5	COG5405	227692	1.54e-93	73.077	HslV	ATP-dependent protease HslVU (ClpYQ), peptidase subunit	O	Posttranslational modification, protein turnover, chaperones
NODE_491_length_3915_cov_2.922616_2	COG0436	223513	1.82e-115	34.439	AspB	Aspartate/methionine/tyrosine aminotransferase	E	Amino acid transport and metabolism
NODE_491_length_3915_cov_2.922616_3	COG0388	223465	2.53e-60	37.643	Nit2	Omega-amidase YafV/Nit2, hydrolyzes alpha-ketoglutaramate	C	Energy production and conversion
NODE_491_length_3915_cov_2.922616_4	COG0153	223231	2.52e-08	26.23	GalK	Galactokinase	G	Carbohydrate transport and metabolism
NODE_492_length_3901_cov_3.964697_1	COG0532	223606	0.0	55.792	InfB	Translation initiation factor IF-2, a GTPase	J	Translation, ribosomal structure and biogenesis
NODE_492_length_3901_cov_3.964697_2	COG0858	223927	3.51e-43	48.246	RbfA	Ribosome-binding factor RbfA	J	Translation, ribosomal structure and biogenesis
NODE_492_length_3901_cov_3.964697_3	COG0618	223691	5.73e-59	27.758	NrnA	nanoRNase/pAp phosphatase, hydrolyzes c-di-AMP and oligoRNAs	F	Nucleotide transport and metabolism
NODE_493_length_3901_cov_3.647751_1	COG0044	223122	8.45e-176	44.286	AllB	Dihydroorotase or related cyclic amidohydrolase	F	Nucleotide transport and metabolism
NODE_493_length_3901_cov_3.647751_3	COG1082	224007	2.06e-25	29.434	YcjR	Sugar phosphate isomerase/epimerase	G	Carbohydrate transport and metabolism
NODE_494_length_3893_cov_2.727249_1	COG2008	224919	1.38e-87	50.0	GLY1	Threonine aldolase	E	Amino acid transport and metabolism
NODE_494_length_3893_cov_2.727249_2	COG0635	223708	6.02e-142	42.782	HemN	Coproporphyrinogen-III oxidase HemN  (oxygen-independent) or related Fe-S oxidoreductase	H	Coenzyme transport and metabolism
NODE_494_length_3893_cov_2.727249_3	COG3829	226350	4.12e-107	44.33	RocR	RocR-type transcriptional regulator, contains PAS, AAA-type ATPase, and DNA-binding Fis domains	K	Transcription
NODE_495_length_3884_cov_3.958760_1	COG2271	225180	1.79e-18	21.986	UhpC	Sugar phosphate permease	G	Carbohydrate transport and metabolism
NODE_495_length_3884_cov_3.958760_2	COG1028	223959	8.7e-71	42.578	FabG	NAD(P)-dependent dehydrogenase, short-chain alcohol dehydrogenase family	I	Lipid transport and metabolism
NODE_495_length_3884_cov_3.958760_3	COG0680	223752	6.43e-25	36.667	HyaD	Ni,Fe-hydrogenase maturation factor	C	Energy production and conversion
NODE_495_length_3884_cov_3.958760_4	COG0601	223674	2.96e-51	38.012	DppB	ABC-type dipeptide/oligopeptide/nickel transport system, permease component	E	Amino acid transport and metabolism
NODE_495_length_3884_cov_3.958760_5	COG1914	224826	1.86e-08	28.037	MntH	Mn2+ or Fe2+ transporter, NRAMP family	P	Inorganic ion transport and metabolism
NODE_496_length_3850_cov_3.408958_3	COG2208	225118	1.77e-35	33.503	RsbU	Phosphoserine phosphatase RsbU, regulator of sigma subunit	T	Signal transduction mechanisms
NODE_496_length_3850_cov_3.408958_4	COG2204	225114	1.76e-20	40.594	AtoC	DNA-binding transcriptional response regulator, NtrC family, contains REC, AAA-type ATPase, and a Fis-type DNA-binding domains	T	Signal transduction mechanisms
NODE_496_length_3850_cov_3.408958_5	COG0577	223650	2.33e-12	18.75	SalY	ABC-type antimicrobial peptide transport system, permease component	V	Defense mechanisms
NODE_497_length_3840_cov_3.577731_1	COG0631	223704	8.78e-65	38.211	PTC1	Serine/threonine protein phosphatase PrpC	T	Signal transduction mechanisms
NODE_497_length_3840_cov_3.577731_2	COG0515	223589	1.18e-57	35.106	SPS1	Serine/threonine protein kinase	T	Signal transduction mechanisms
NODE_497_length_3840_cov_3.577731_3	COG2339	225217	1.25e-25	22.449	PrsW	Membrane proteinase PrsW, cleaves anti-sigma factor RsiW, M82 family	T	Signal transduction mechanisms
NODE_498_length_3834_cov_3.459675_1	COG1253	224173	1.5e-109	40.237	TlyC	Hemolysin-related protein, contains CBS domains, UPF0053 family	R	General function prediction only
NODE_498_length_3834_cov_3.459675_2	COG0429	223506	2.44e-73	37.662	YheT	Predicted hydrolase of the alpha/beta-hydrolase fold	R	General function prediction only
NODE_498_length_3834_cov_3.459675_3	COG1172	224093	2.61e-86	43.871	AraH	Ribose/xylose/arabinose/galactoside ABC-type transport system, permease component	G	Carbohydrate transport and metabolism
NODE_498_length_3834_cov_3.459675_4	COG0459	223535	2.26e-60	49.73	GroEL	Chaperonin GroEL (HSP60 family)	O	Posttranslational modification, protein turnover, chaperones
NODE_500_length_3822_cov_3.782644_1	COG5660	227947	0.000758	25.758	YlaD	Anti-sigma-YlaC factor YlaD, contains Zn-finger domain	T	Signal transduction mechanisms
NODE_500_length_3822_cov_3.782644_2	COG1595	224511	3.85e-15	40.0	RpoE	DNA-directed RNA polymerase specialized sigma subunit, sigma24 family	K	Transcription
NODE_500_length_3822_cov_3.782644_3	COG1595	224511	1.78e-26	32.727	RpoE	DNA-directed RNA polymerase specialized sigma subunit, sigma24 family	K	Transcription
NODE_500_length_3822_cov_3.782644_5	COG1195	224116	3.22e-07	60.0	RecF	Recombinational DNA repair ATPase RecF	L	Replication, recombination and repair
NODE_501_length_3803_cov_3.235910_1	COG4640	226987	0.003	42.105	YvbJ	Uncharacterized protein YvbJ, contains N-terminal Zn ribbon domain	S	Function unknown
NODE_501_length_3803_cov_3.235910_2	COG0673	223745	1.3e-49	28.19	MviM	Predicted dehydrogenase	R	General function prediction only
NODE_501_length_3803_cov_3.235910_3	COG1807	224720	1.51e-53	35.629	ArnT	PMT family glycosyltransferase ArnT/Agl22, involved in glycosylation of proteins and lipid IVA	M	Cell wall/membrane/envelope biogenesis
NODE_501_length_3803_cov_3.235910_4	COG1048	223977	1.63e-102	63.0	AcnA	Aconitase A	C	Energy production and conversion
NODE_502_length_3802_cov_3.200268_2	COG2268	225177	9.75e-15	21.017	YqiK	Uncharacterized membrane protein YqiK, contains Band7/PHB/SPFH domain	S	Function unknown
NODE_502_length_3802_cov_3.200268_3	COG0350	223427	6.4e-56	43.293	AdaB	DNA repair enzyme Ada (O6-methylguanine-DNA--protein-cysteine methyltransferase)	L	Replication, recombination and repair
NODE_503_length_3793_cov_2.358623_3	COG0776	223847	2.33e-20	43.333	HimA	Bacterial nucleoid DNA-binding protein IHF-alpha	L	Replication, recombination and repair
NODE_504_length_3791_cov_2.629241_2	COG0457	223533	3.6e-12	29.961	TPR	Tetratricopeptide (TPR) repeat	R	General function prediction only
NODE_505_length_3777_cov_3.582162_2	COG0784	223855	4.92e-27	41.322	CheY	CheY-like REC (receiver) domain, includes chemotaxis protein CheY  and sporulation regulator Spo0F	T	Signal transduction mechanisms
NODE_505_length_3777_cov_3.582162_3	COG0664	223736	1.99e-28	28.23	Crp	cAMP-binding domain of CRP or a regulatory subunit of cAMP-dependent protein kinases	T	Signal transduction mechanisms
NODE_505_length_3777_cov_3.582162_4	COG1027	223958	1.77e-108	55.3	AspA	Aspartate ammonia-lyase	E	Amino acid transport and metabolism
NODE_506_length_3777_cov_3.080270_2	COG4608	226967	1.36e-153	54.487	AppF	ABC-type oligopeptide transport system, ATPase component	E	Amino acid transport and metabolism
NODE_506_length_3777_cov_3.080270_3	COG4636	226983	3.86e-15	35.802	Uma2	Endonuclease, Uma2 family (restriction endonuclease fold)	R	General function prediction only
NODE_506_length_3777_cov_3.080270_4	COG0444	223521	0.0	63.636	DppD	ABC-type dipeptide/oligopeptide/nickel transport system, ATPase component	E	Amino acid transport and metabolism
NODE_507_length_3775_cov_4.009465_1	COG4948	227284	1.24e-79	30.423	RspA	L-alanine-DL-glutamate epimerase or related enzyme of enolase superfamily	M	Cell wall/membrane/envelope biogenesis
NODE_507_length_3775_cov_4.009465_3	COG2265	225174	0.000856	30.303	TrmA	tRNA/tmRNA/rRNA uracil-C5-methylase, TrmA/RlmC/RlmD family	J	Translation, ribosomal structure and biogenesis
NODE_507_length_3775_cov_4.009465_4	COG2343	225220	2.93e-40	52.577		Uncharacterized conserved protein, DUF427 family	S	Function unknown
NODE_507_length_3775_cov_4.009465_5	COG1190	224111	1.38e-65	49.714	LysU	Lysyl-tRNA synthetase (class II)	J	Translation, ribosomal structure and biogenesis
NODE_508_length_3761_cov_2.780402_1	COG2094	225005	1.5e-69	50.0	Mpg	3-methyladenine DNA glycosylase Mpg	L	Replication, recombination and repair
NODE_508_length_3761_cov_2.780402_4	COG3361	225897	2.9e-62	35.965	YqjF	Uncharacterized conserved protein YqjF, DUF2071 family	S	Function unknown
NODE_508_length_3761_cov_2.780402_5	COG0564	223638	4.08e-14	31.092	RluA	Pseudouridine synthase RluA, 23S rRNA- or tRNA-specific	J	Translation, ribosomal structure and biogenesis
NODE_509_length_3757_cov_3.247554_1	COG1674	224588	1.36e-46	38.496	FtsK	DNA segregation ATPase FtsK/SpoIIIE or related protein	D	Cell cycle control, cell division, chromosome partitioning
NODE_509_length_3757_cov_3.247554_2	COG2360	225235	5.02e-75	44.809	Aat	Leu/Phe-tRNA-protein transferase	O	Posttranslational modification, protein turnover, chaperones
NODE_509_length_3757_cov_3.247554_3	COG3975	226483	1.96e-160	41.954		Predicted metalloprotease, contains C-terminal PDZ domain	R	General function prediction only
NODE_510_length_3751_cov_2.674469_1	COG2148	225059	2.25e-84	44.726	WcaJ	Sugar transferase involved in LPS biosynthesis (colanic, teichoic acid)	M	Cell wall/membrane/envelope biogenesis
NODE_510_length_3751_cov_2.674469_2	COG3206	225747	9.49e-31	23.608	GumC	Exopolysaccharide export protein/domain GumC/Wzc1	M	Cell wall/membrane/envelope biogenesis
NODE_510_length_3751_cov_2.674469_3	COG0455	223531	0.002	23.729	FlhG	MinD-like ATPase FlhG/YlxH, activator of the FlhF-type GTPase	D	Cell cycle control, cell division, chromosome partitioning
NODE_511_length_3750_cov_3.892186_3	COG0451	223528	9.04e-78	38.438	WcaG	Nucleoside-diphosphate-sugar epimerase	M	Cell wall/membrane/envelope biogenesis
NODE_511_length_3750_cov_3.892186_4	COG1004	223936	0.0	52.703	Ugd	UDP-glucose 6-dehydrogenase	M	Cell wall/membrane/envelope biogenesis
NODE_512_length_3739_cov_3.822501_1	COG0514	223588	5.45e-23	32.258	RecQ	Superfamily II DNA helicase RecQ	L	Replication, recombination and repair
NODE_512_length_3739_cov_3.822501_2	COG1091	224016	2.59e-66	37.545	RfbD	dTDP-4-dehydrorhamnose reductase	M	Cell wall/membrane/envelope biogenesis
NODE_512_length_3739_cov_3.822501_4	COG0562	223636	7.08e-11	48.276	Glf	UDP-galactopyranose mutase	M	Cell wall/membrane/envelope biogenesis
NODE_513_length_3723_cov_3.171969_1	COG0108	223186	7.97e-106	63.636	RibB	3,4-dihydroxy-2-butanone 4-phosphate synthase	H	Coenzyme transport and metabolism
NODE_513_length_3723_cov_3.171969_3	COG1196	224117	0.001	23.973	Smc	Chromosome segregation ATPase Smc	D	Cell cycle control, cell division, chromosome partitioning
NODE_513_length_3723_cov_3.171969_4	COG0312	223389	2.17e-15	29.204	TldD	Zn-dependent protease PmbA/TldA or its inactivated homolog	R	General function prediction only
NODE_514_length_3711_cov_3.636764_2	COG0591	223664	1.92e-28	20.858	PutP	Na+/proline symporter	E	Amino acid transport and metabolism
NODE_514_length_3711_cov_3.636764_5	COG4102	226587	3.78e-20	30.088		Uncharacterized conserved protein, DUF1501 family	S	Function unknown
NODE_515_length_3706_cov_3.144117_2	COG0824	223894	8.55e-36	33.813	FadM	Acyl-CoA thioesterase FadM	I	Lipid transport and metabolism
NODE_515_length_3706_cov_3.144117_3	COG1062	223990	5e-164	49.202	FrmA	Zn-dependent alcohol/formaldehyde dehydrogenase	C	Energy production and conversion
NODE_515_length_3706_cov_3.144117_4	COG2755	225353	0.000307	25.806	TesA	Lysophospholipase L1 or related esterase. Includes spore coat protein LipC/YcsK	D	Cell cycle control, cell division, chromosome partitioning
NODE_516_length_3701_cov_4.200055_1	COG1480	224397	1.18e-108	39.002	PgpH	Cyclic di-AMP-specific phosphodiesterase PgpH, HD superfamily	T	Signal transduction mechanisms
NODE_516_length_3701_cov_4.200055_2	COG4191	226654	1.58e-45	31.688		Signal transduction histidine kinase regulating C4-dicarboxylate transport system	T	Signal transduction mechanisms
NODE_516_length_3701_cov_4.200055_3	COG2204	225114	2.38e-05	41.379	AtoC	DNA-binding transcriptional response regulator, NtrC family, contains REC, AAA-type ATPase, and a Fis-type DNA-binding domains	T	Signal transduction mechanisms
NODE_517_length_3688_cov_3.419828_1	COG0667	223739	8.47e-104	42.188	PdxI	Pyridoxal reductase PdxI or related oxidoreductase, aldo/keto reductase family	H	Coenzyme transport and metabolism
NODE_517_length_3688_cov_3.419828_2	COG0252	223330	9.41e-117	42.638	AnsA	L-asparaginase/archaeal Glu-tRNAGln amidotransferase subunit D	J	Translation, ribosomal structure and biogenesis
NODE_517_length_3688_cov_3.419828_3	COG0531	223605	2.74e-39	22.249	PotE	Serine transporter YbeC, amino acid:H+ symporter family	E	Amino acid transport and metabolism
NODE_518_length_3676_cov_2.872465_2	COG3280	225819	0.0	43.992	TreY	Maltooligosyltrehalose synthase	G	Carbohydrate transport and metabolism
NODE_520_length_3667_cov_2.922563_1	COG4591	226957	3.73e-31	32.484	LolE	ABC-type transport system involved in lipoprotein release, permease component LolC	M	Cell wall/membrane/envelope biogenesis
NODE_521_length_3661_cov_2.695312_1	COG0438	223515	4.39e-45	31.347	RfaB	Glycosyltransferase involved in cell wall bisynthesis	M	Cell wall/membrane/envelope biogenesis
NODE_521_length_3661_cov_2.695312_2	COG1506	224423	8.19e-72	24.199	DAP2	Dipeptidyl aminopeptidase/acylaminoacyl peptidase	E	Amino acid transport and metabolism
NODE_522_length_3659_cov_3.673925_1	COG1975	224886	9.54e-38	30.909	XdhC	Molybdoenzyme maturation factor PaoD (Mo cofactor insertion), XdhC/CoxF family	O	Posttranslational modification, protein turnover, chaperones
NODE_522_length_3659_cov_3.673925_2	COG1923	224834	1.55e-25	53.968	Hfq	sRNA-binding regulator protein Hfq	T	Signal transduction mechanisms
NODE_522_length_3659_cov_3.673925_3	COG0125	223203	7.63e-82	46.047	Tmk	Thymidylate kinase	F	Nucleotide transport and metabolism
NODE_522_length_3659_cov_3.673925_4	COG2812	225369	8.71e-42	30.168	DnaX	DNA polymerase III, gamma/tau subunits	L	Replication, recombination and repair
NODE_522_length_3659_cov_3.673925_5	COG0541	223615	1.02e-35	59.524	Ffh	Signal recognition particle GTPase	U	Intracellular trafficking, secretion, and vesicular transport
NODE_523_length_3639_cov_3.759124_1	COG3147	225689	1.76e-06	29.323	DedD	Cell division protein DedD (periplasmic protein involved in septation)	D	Cell cycle control, cell division, chromosome partitioning
NODE_523_length_3639_cov_3.759124_2	COG3023	225567	3.43e-06	33.708	AmpD	N-acetyl-anhydromuramyl-L-alanine amidase AmpD	M	Cell wall/membrane/envelope biogenesis
NODE_524_length_3637_cov_2.926966_1	COG0673	223745	1.83e-40	21.891	MviM	Predicted dehydrogenase	R	General function prediction only
NODE_524_length_3637_cov_2.926966_2	COG0604	223677	9.36e-101	42.857	Qor	NADPH:quinone reductase or related Zn-dependent oxidoreductase	C	Energy production and conversion
NODE_524_length_3637_cov_2.926966_3	COG0824	223894	3.29e-24	30.435	FadM	Acyl-CoA thioesterase FadM	I	Lipid transport and metabolism
NODE_525_length_3633_cov_3.442632_1	COG1641	224556	3.19e-94	38.395	LarC	CTP-dependent cyclometallase, nickel-pincer nucleotide (NPN) cofactor biosynthesis	H	Coenzyme transport and metabolism
NODE_525_length_3633_cov_3.442632_2	COG3034	225577	2.38e-31	28.037	YafK	Murein L,D-transpeptidase YafK	M	Cell wall/membrane/envelope biogenesis
NODE_525_length_3633_cov_3.442632_3	COG1232	224153	5.09e-97	33.259	HemY	Protoporphyrinogen oxidase HemY/PPOX	H	Coenzyme transport and metabolism
NODE_525_length_3633_cov_3.442632_4	COG0276	223353	5.96e-65	43.75	HemH	Protoheme ferro-lyase (ferrochelatase)	H	Coenzyme transport and metabolism
NODE_526_length_3631_cov_2.992122_2	COG1874	224786	1.72e-19	26.531	GanA	Beta-galactosidase GanA	G	Carbohydrate transport and metabolism
NODE_526_length_3631_cov_2.992122_3	COG0662	223734	3.01e-05	22.727	ManC	Mannose-6-phosphate isomerase, cupin superfamily	G	Carbohydrate transport and metabolism
NODE_526_length_3631_cov_2.992122_4	COG1670	224584	1.05e-22	30.726	RimL	Protein N-acetyltransferase, RimJ/RimL family	J	Translation, ribosomal structure and biogenesis
NODE_526_length_3631_cov_2.992122_5	COG1297	224216	1.4e-40	52.326	OPT	Predicted oligopeptide transporter, OPT family	R	General function prediction only
NODE_527_length_3629_cov_3.322917_1	COG2223	225133	0.007	23.881	NarK	Nitrate/nitrite transporter NarK	P	Inorganic ion transport and metabolism
NODE_527_length_3629_cov_3.322917_2	COG0491	223565	1.51e-19	27.559	GloB	Glyoxylase or a related metal-dependent hydrolase, beta-lactamase superfamily II	R	General function prediction only
NODE_527_length_3629_cov_3.322917_3	COG0584	223657	1.25e-47	33.984	UgpQ	Glycerophosphoryl diester phosphodiesterase	I	Lipid transport and metabolism
NODE_527_length_3629_cov_3.322917_4	COG5267	227592	6.29e-88	40.426		Uncharacterized conserved protein, DUF1800 family	S	Function unknown
NODE_528_length_3619_cov_3.160644_1	COG2303	225186	2.21e-21	26.163	BetA	Choline dehydrogenase or related flavoprotein	I	Lipid transport and metabolism
NODE_528_length_3619_cov_3.160644_2	COG0346	223423	7.86e-10	23.741	GloA	Catechol 2,3-dioxygenase or related enzyme, vicinal oxygen chelate (VOC) family	Q	Secondary metabolites biosynthesis, transport and catabolism
NODE_528_length_3619_cov_3.160644_3	COG0431	223508	3.21e-31	30.46	SsuE	NAD(P)H-dependent FMN reductase	C	Energy production and conversion
NODE_528_length_3619_cov_3.160644_5	COG3064	225606	0.004	25.926	TolA	Membrane protein TolA involved in colicin uptake	M	Cell wall/membrane/envelope biogenesis
NODE_529_length_3616_cov_4.178864_1	COG0494	223568	2.16e-09	27.778	MutT	8-oxo-dGTP pyrophosphatase MutT and related house-cleaning NTP pyrophosphohydrolases, NUDIX family	V	Defense mechanisms
NODE_529_length_3616_cov_4.178864_2	COG0204	223282	1.51e-50	35.556	PlsC	1-acyl-sn-glycerol-3-phosphate acyltransferase	I	Lipid transport and metabolism
NODE_529_length_3616_cov_4.178864_3	COG1266	224185	0.002	24.742	YdiL	Membrane protease YdiL, CAAX protease family	O	Posttranslational modification, protein turnover, chaperones
NODE_530_length_3610_cov_3.692046_1	COG3889	226406	0.005	22.667		Extracellular solute-binding protein, contains Ig-fold domain	R	General function prediction only
NODE_530_length_3610_cov_3.692046_2	COG4783	227122	7.48e-08	23.404	BepA	Outer membrane protein chaperone/metalloprotease BepA/YfgC, contains M48 and TPR domains	M	Cell wall/membrane/envelope biogenesis
NODE_530_length_3610_cov_3.692046_3	COG1629	224544	9.23e-07	17.608	CirA	Outer membrane receptor protein, Fe transport	P	Inorganic ion transport and metabolism
NODE_531_length_3600_cov_3.347999_1	COG2159	225070	0.000605	42.857	LigW	5-carboxyvanillate decarboxylase LigW (lignin degradation), amidohydro domain	G	Carbohydrate transport and metabolism
NODE_531_length_3600_cov_3.347999_3	COG3618	226145	3.33e-24	20.548		Predicted metal-dependent hydrolase, TIM-barrel fold	R	General function prediction only
NODE_531_length_3600_cov_3.347999_4	COG4299	226749	1.08e-39	27.628		Predicted acyltransferase, DUF1624 domain	R	General function prediction only
NODE_531_length_3600_cov_3.347999_5	COG3391	225926	3.93e-09	23.684	YncE	DNA-binding beta-propeller fold protein YncE	R	General function prediction only
NODE_532_length_3592_cov_3.143385_1	COG0574	223647	0.0	28.146	PpsA	Phosphoenolpyruvate synthase/pyruvate phosphate dikinase	G	Carbohydrate transport and metabolism
NODE_533_length_3587_cov_2.998860_1	COG1879	224791	7.86e-60	36.567	RbsB	ABC-type sugar transport system, periplasmic component, contains N-terminal xre family HTH domain	G	Carbohydrate transport and metabolism
NODE_533_length_3587_cov_2.998860_2	COG1453	224370	1.54e-23	25.806		Predicted oxidoreductase of the aldo/keto reductase family	R	General function prediction only
NODE_533_length_3587_cov_2.998860_3	COG3802	226324	6.68e-136	48.968	GguC	Uncharacterized conserved protein GguC, FAA hydrolase family	S	Function unknown
NODE_534_length_3562_cov_4.240459_1	COG2204	225114	1.54e-22	35.246	AtoC	DNA-binding transcriptional response regulator, NtrC family, contains REC, AAA-type ATPase, and a Fis-type DNA-binding domains	T	Signal transduction mechanisms
NODE_534_length_3562_cov_4.240459_5	COG0662	223734	3.73e-08	28.125	ManC	Mannose-6-phosphate isomerase, cupin superfamily	G	Carbohydrate transport and metabolism
NODE_535_length_3561_cov_4.108209_1	COG0673	223745	1.34e-12	16.466	MviM	Predicted dehydrogenase	R	General function prediction only
NODE_535_length_3561_cov_4.108209_2	COG4457	226864	0.007	29.032	SrfB	Virulence factor SrfB-related protein	Q	Secondary metabolites biosynthesis, transport and catabolism
NODE_535_length_3561_cov_4.108209_3	COG0662	223734	7.65e-18	25.439	ManC	Mannose-6-phosphate isomerase, cupin superfamily	G	Carbohydrate transport and metabolism
NODE_535_length_3561_cov_4.108209_4	COG0269	223347	1.22e-47	39.394	UlaD	3-keto-L-gulonate-6-phosphate decarboxylase	G	Carbohydrate transport and metabolism
NODE_535_length_3561_cov_4.108209_6	COG1063	223991	4.14e-64	41.667	Tdh	Threonine dehydrogenase or related Zn-dependent dehydrogenase	E	Amino acid transport and metabolism
NODE_536_length_3559_cov_3.180069_2	COG0057	223135	0.0	61.078	GapA	Glyceraldehyde-3-phosphate dehydrogenase/erythrose-4-phosphate dehydrogenase	G	Carbohydrate transport and metabolism
NODE_536_length_3559_cov_3.180069_3	COG1333	224252	6.85e-18	24.365	ResB	Cytochrome c biogenesis protein ResB	C	Energy production and conversion
NODE_537_length_3552_cov_2.807482_1	COG4956	227292	2.23e-57	44.175		Uncharacterized conserved protein YacL, contains PIN and TRAM domains	R	General function prediction only
NODE_537_length_3552_cov_2.807482_2	COG1066	223993	0.0	55.286	Sms	DNA repair protein RadA/Sms, contains AAA+ ATPase domain	L	Replication, recombination and repair
NODE_537_length_3552_cov_2.807482_3	COG4974	227308	4.97e-50	33.115	XerD	Site-specific recombinase XerD	L	Replication, recombination and repair
NODE_538_length_3550_cov_2.991938_1	COG3743	226266	5.91e-18	44.776	H3TH	Predicted 5' DNA nuclease, flap endonuclease-1-like, helix-3-turn-helix (H3TH) domain	L	Replication, recombination and repair
NODE_538_length_3550_cov_2.991938_2	COG1989	224900	9.67e-22	27.933	PulO	Prepilin signal peptidase PulO (type II secretory pathway) or related peptidase	N	Cell motility
NODE_538_length_3550_cov_2.991938_3	COG0749	223820	0.0	49.06	PolA	DNA polymerase I, 3'-5' exonuclease and polymerase domains	L	Replication, recombination and repair
NODE_540_length_3526_cov_3.131342_1	COG1234	224155	1.12e-89	38.462	ElaC	Ribonuclease BN, tRNA processing enzyme	J	Translation, ribosomal structure and biogenesis
NODE_540_length_3526_cov_3.131342_2	COG0288	223365	2.69e-77	41.872	CynT	Carbonic anhydrase	P	Inorganic ion transport and metabolism
NODE_540_length_3526_cov_3.131342_3	COG4692	227036	1.03e-46	21.408		Predicted neuraminidase (sialidase)	G	Carbohydrate transport and metabolism
NODE_540_length_3526_cov_3.131342_4	COG2352	225227	3.11e-27	41.732	Ppc	Phosphoenolpyruvate carboxylase	C	Energy production and conversion
NODE_541_length_3522_cov_3.522206_1	COG0841	223911	1.08e-18	53.448	AcrB	Multidrug efflux pump subunit AcrB	V	Defense mechanisms
NODE_541_length_3522_cov_3.522206_2	COG3525	226056	2.15e-150	37.615	Chb	N-acetyl-beta-hexosaminidase	G	Carbohydrate transport and metabolism
NODE_541_length_3522_cov_3.522206_3	COG1349	224268	7.65e-87	46.64	GlpR	DNA-binding transcriptional regulator of sugar metabolism, DeoR/GlpR family	K	Transcription
NODE_541_length_3522_cov_3.522206_4	COG1082	224007	4.4e-10	27.473	YcjR	Sugar phosphate isomerase/epimerase	G	Carbohydrate transport and metabolism
NODE_542_length_3517_cov_4.074709_2	COG2010	224921	0.000355	20.301	CccA	Cytochrome c, mono- and diheme variants	C	Energy production and conversion
NODE_543_length_3507_cov_2.755977_2	COG5662	227949	0.000317	28.125	RsiW	Transmembrane transcriptional regulator RsiW (anti-sigma-W factor)	K	Transcription
NODE_543_length_3507_cov_2.755977_3	COG1595	224511	4.72e-05	17.708	RpoE	DNA-directed RNA polymerase specialized sigma subunit, sigma24 family	K	Transcription
NODE_544_length_3469_cov_3.389741_1	COG0667	223739	2.86e-39	28.934	PdxI	Pyridoxal reductase PdxI or related oxidoreductase, aldo/keto reductase family	H	Coenzyme transport and metabolism
NODE_544_length_3469_cov_3.389741_2	COG3016	225561	1.09e-22	23.144	PhuW	Putative heme-binding protein PhuW	R	General function prediction only
NODE_544_length_3469_cov_3.389741_3	COG3016	225561	3.17e-06	33.333	PhuW	Putative heme-binding protein PhuW	R	General function prediction only
NODE_544_length_3469_cov_3.389741_4	COG0792	223863	3.4e-23	34.884	YraN	Predicted endonuclease distantly related to archaeal Holliday junction resolvase, YraN/UPF0102 family	L	Replication, recombination and repair
NODE_545_length_3450_cov_3.987252_1	COG2186	225097	8.58e-58	32.895	FadR	DNA-binding transcriptional regulator, FadR family	K	Transcription
NODE_545_length_3450_cov_3.987252_2	COG0794	223865	1.15e-44	38.83	GutQ	D-arabinose 5-phosphate isomerase GutQ	G	Carbohydrate transport and metabolism
NODE_545_length_3450_cov_3.987252_3	COG2755	225353	2.79e-24	24.038	TesA	Lysophospholipase L1 or related esterase. Includes spore coat protein LipC/YcsK	D	Cell cycle control, cell division, chromosome partitioning
NODE_545_length_3450_cov_3.987252_4	COG0277	223354	5.41e-55	35.688	GlcD	FAD/FMN-containing lactate dehydrogenase/glycolate oxidase	C	Energy production and conversion
NODE_546_length_3442_cov_3.303120_1	COG0738	223809	3.86e-08	17.037	FucP	Fucose permease	G	Carbohydrate transport and metabolism
NODE_546_length_3442_cov_3.303120_2	COG1932	224843	0.0	54.521	SerC	Phosphoserine aminotransferase	H	Coenzyme transport and metabolism
NODE_546_length_3442_cov_3.303120_3	COG4636	226983	4.31e-26	28.643	Uma2	Endonuclease, Uma2 family (restriction endonuclease fold)	R	General function prediction only
NODE_546_length_3442_cov_3.303120_4	COG0784	223855	6.76e-15	33.333	CheY	CheY-like REC (receiver) domain, includes chemotaxis protein CheY  and sporulation regulator Spo0F	T	Signal transduction mechanisms
NODE_547_length_3436_cov_2.855016_4	COG0318	223395	0.0	43.071	MenE/FadK	O-succinylbenzoic acid-CoA ligase MenE or related acyl-CoA synthetase (AMP-forming)	I	Lipid transport and metabolism
NODE_548_length_3432_cov_3.056930_1	COG0642	223715	2.23e-21	24.0	BaeS	Signal transduction histidine kinase	T	Signal transduction mechanisms
NODE_548_length_3432_cov_3.056930_2	COG0626	223699	1.74e-162	47.236	MetC	Cystathionine beta-lyase/cystathionine gamma-synthase	E	Amino acid transport and metabolism
NODE_548_length_3432_cov_3.056930_3	COG3603	226131	6.01e-20	30.769	ACT-7	ACT domain, ACT-7 family	T	Signal transduction mechanisms
NODE_550_length_3412_cov_3.017691_1	COG4977	227311	8.36e-05	38.235	GlxA	Transcriptional regulator GlxA, contains an amidase domain and an AraC-type DNA-binding HTH domain	K	Transcription
NODE_550_length_3412_cov_3.017691_2	COG1543	224460	0.0	49.621		Predicted glycosyl hydrolase, contains GH57 and DUF1957 domains	G	Carbohydrate transport and metabolism
NODE_550_length_3412_cov_3.017691_3	COG0075	223153	6e-130	45.152	PucG	Archaeal aspartate aminotransferase or a related aminotransferase, includes purine catabolism protein PucG	E	Amino acid transport and metabolism
NODE_551_length_3396_cov_2.975595_1	COG3065	225607	0.007	44.444	Slp	Starvation-inducible outer membrane lipoprotein Slp	M	Cell wall/membrane/envelope biogenesis
NODE_551_length_3396_cov_2.975595_2	COG3631	226158	2.11e-17	25.581	YesE	Ketosteroid isomerase-related protein	R	General function prediction only
NODE_551_length_3396_cov_2.975595_3	COG1629	224544	4.31e-18	16.092	CirA	Outer membrane receptor protein, Fe transport	P	Inorganic ion transport and metabolism
NODE_552_length_3393_cov_3.572376_1	COG1826	224739	3.05e-08	56.0	TatA	Twin-arginine protein secretion pathway components TatA and TatB	U	Intracellular trafficking, secretion, and vesicular transport
NODE_552_length_3393_cov_3.572376_2	COG2323	225205	4.25e-30	36.62	YcaP	Uncharacterized membrane protein YcaP, DUF421 family	S	Function unknown
NODE_552_length_3393_cov_3.572376_3	COG4420	226844	1.84e-52	43.478		Uncharacterized membrane protein	S	Function unknown
NODE_552_length_3393_cov_3.572376_4	COG3858	226376	2.44e-40	22.222	SleL	Spore cortex hydrolase SleL/YaaH, N-acetylglucosaminidase of GH18 family	D	Cell cycle control, cell division, chromosome partitioning
NODE_553_length_3393_cov_3.059710_1	COG3104	225646	1.22e-138	39.484	PTR2	Dipeptide/tripeptide permease	E	Amino acid transport and metabolism
NODE_553_length_3393_cov_3.059710_4	COG1045	223975	0.009	33.333	CysE	Serine acetyltransferase	E	Amino acid transport and metabolism
NODE_554_length_3390_cov_3.004528_1	COG3386	225921	8.06e-50	32.143	YvrE	Sugar lactone lactonase YvrE	G	Carbohydrate transport and metabolism
NODE_554_length_3390_cov_3.004528_2	COG3176	225717	5.25e-37	32.468		Putative hemolysin	R	General function prediction only
NODE_554_length_3390_cov_3.004528_3	COG2303	225186	1.85e-11	30.588	BetA	Choline dehydrogenase or related flavoprotein	I	Lipid transport and metabolism
NODE_555_length_3389_cov_2.954710_1	COG1344	224263	7.15e-28	22.069	FlgL	Flagellin and related hook-associated protein FlgL	N	Cell motility
NODE_555_length_3389_cov_2.954710_2	COG1699	224613	1.11e-29	38.017	FliW	Flagellar assembly factor FliW	N	Cell motility
NODE_555_length_3389_cov_2.954710_3	COG1551	224468	2.16e-16	50.98	CsrA	sRNA-binding carbon storage regulator CsrA	T	Signal transduction mechanisms
NODE_555_length_3389_cov_2.954710_4	COG1291	224210	6.69e-48	32.906	MotA	Flagellar motor component MotA	N	Cell motility
NODE_555_length_3389_cov_2.954710_5	COG1360	224279	1.84e-45	30.962	MotB	Flagellar motor protein MotB	N	Cell motility
NODE_556_length_3387_cov_2.337462_1	COG0285	223362	7.99e-77	48.876	FolC	Folylpolyglutamate synthase/Dihydropteroate synthase	H	Coenzyme transport and metabolism
NODE_556_length_3387_cov_2.337462_2	COG1024	223955	7.61e-80	48.276	CaiD	Enoyl-CoA hydratase/carnithine racemase	I	Lipid transport and metabolism
NODE_556_length_3387_cov_2.337462_3	COG1028	223959	3.8e-64	42.248	FabG	NAD(P)-dependent dehydrogenase, short-chain alcohol dehydrogenase family	I	Lipid transport and metabolism
NODE_556_length_3387_cov_2.337462_4	COG0662	223734	2.46e-44	50.0	ManC	Mannose-6-phosphate isomerase, cupin superfamily	G	Carbohydrate transport and metabolism
NODE_557_length_3384_cov_3.400363_1	COG0448	223525	1.37e-151	38.517	GlgC	Glucose-1-phosphate adenylyltransferase (ADP-glucose pyrophosphorylase)	G	Carbohydrate transport and metabolism
NODE_557_length_3384_cov_3.400363_2	COG2313	225195	1.63e-129	56.446	PsuG	Pseudouridine-5'-phosphate glycosidase (pseudoU degradation)	F	Nucleotide transport and metabolism
NODE_557_length_3384_cov_3.400363_3	COG0243	223321	8.68e-06	29.688	BisC	Anaerobic selenocysteine-containing dehydrogenase	C	Energy production and conversion
NODE_558_length_3379_cov_3.221987_1	COG0205	223283	5.05e-55	28.09	PfkA	6-phosphofructokinase	G	Carbohydrate transport and metabolism
NODE_559_length_3377_cov_4.337576_2	COG1802	224715	5.08e-40	31.25	GntR	DNA-binding transcriptional regulator, GntR family	K	Transcription
NODE_559_length_3377_cov_4.337576_4	COG0531	223605	8.85e-14	19.652	PotE	Serine transporter YbeC, amino acid:H+ symporter family	E	Amino acid transport and metabolism
NODE_560_length_3367_cov_2.761398_3	COG1961	224872	1.97e-10	18.182	SpoIVCA	Site-specific DNA recombinase SpoIVCA/DNA invertase PinE	L	Replication, recombination and repair
NODE_561_length_3365_cov_2.438869_2	COG1012	223944	2.07e-164	43.067	AdhE	Acyl-CoA reductase or other NAD-dependent aldehyde dehydrogenase	I	Lipid transport and metabolism
NODE_561_length_3365_cov_2.438869_3	COG2353	225228	5.97e-08	23.977	YceI	Polyisoprenoid-binding periplasmic protein YceI	R	General function prediction only
NODE_561_length_3365_cov_2.438869_4	COG0393	223470	1.21e-31	40.566	YbjQ	Uncharacterized pentameric protein YbjQ, UPF0145 family	S	Function unknown
NODE_562_length_3363_cov_2.400365_1	COG0730	223802	1.24e-16	31.373	TauE	Sulfite exporter TauE/SafE/YfcA and related permeases, UPF0721 family	P	Inorganic ion transport and metabolism
NODE_562_length_3363_cov_2.400365_2	COG2204	225114	2.55e-38	48.031	AtoC	DNA-binding transcriptional response regulator, NtrC family, contains REC, AAA-type ATPase, and a Fis-type DNA-binding domains	T	Signal transduction mechanisms
NODE_563_length_3362_cov_2.955860_3	COG3956	226465	4.2e-32	42.857	YabN	Uncharacterized conserved protein YabN, contains tetrapyrrole methylase and MazG-like pyrophosphatase domain	R	General function prediction only
NODE_564_length_3359_cov_2.755941_2	COG0546	223620	4.42e-57	37.85	Gph	Phosphoglycolate phosphatase, HAD superfamily	C	Energy production and conversion
NODE_564_length_3359_cov_2.755941_3	COG4783	227122	4.16e-10	23.171	BepA	Outer membrane protein chaperone/metalloprotease BepA/YfgC, contains M48 and TPR domains	M	Cell wall/membrane/envelope biogenesis
NODE_565_length_3347_cov_3.199694_1	COG1404	224322	3.85e-21	27.427	AprE	Serine protease, subtilisin family	O	Posttranslational modification, protein turnover, chaperones
NODE_566_length_3343_cov_2.948561_1	COG0521	223595	3.43e-15	51.111	MoaB	Molybdopterin biosynthesis enzyme MoaB/MogA	H	Coenzyme transport and metabolism
NODE_566_length_3343_cov_2.948561_2	COG1131	224054	5.42e-75	31.19	CcmA	ABC-type multidrug transport system, ATPase component	V	Defense mechanisms
NODE_566_length_3343_cov_2.948561_3	COG1277	224196	0.000404	18.182	NosY	ABC-type transport system involved in multi-copper enzyme maturation, permease component	O	Posttranslational modification, protein turnover, chaperones
NODE_566_length_3343_cov_2.948561_4	COG1131	224054	1.07e-79	31.373	CcmA	ABC-type multidrug transport system, ATPase component	V	Defense mechanisms
NODE_567_length_3339_cov_4.174433_1	COG1023	223954	1.71e-169	58.282	YqeC	6-phosphogluconate dehydrogenase (decarboxylating)	G	Carbohydrate transport and metabolism
NODE_567_length_3339_cov_4.174433_2	COG1595	224511	2.93e-10	26.515	RpoE	DNA-directed RNA polymerase specialized sigma subunit, sigma24 family	K	Transcription
NODE_567_length_3339_cov_4.174433_3	COG3509	226040	5.14e-24	26.601	LpqC	Acetyl xylan esterase AxeA and related esterases, LpqC family	G	Carbohydrate transport and metabolism
NODE_568_length_3315_cov_3.298332_1	COG1261	224181	6.34e-15	27.338	FlgA	Flagellar basal body P-ring formation protein FlgA	N	Cell motility
NODE_568_length_3315_cov_3.298332_2	COG2063	224974	1.83e-38	34.043	FlgH	Flagellar basal body L-ring protein FlgH	N	Cell motility
NODE_568_length_3315_cov_3.298332_3	COG1706	224620	1.37e-144	51.359	FlgI	Flagellar basal body P-ring protein FlgI	N	Cell motility
NODE_568_length_3315_cov_3.298332_4	COG3951	226460	3.65e-13	25.191	FlgJ1	Rod binding protein domain	N	Cell motility
NODE_569_length_3308_cov_3.380687_4	COG4712	227056	2.03e-07	29.07	DdrA	Predicted ssDNA annealing protein, contains HHH motif, Rad42/Rad22/RecT/erf family	L	Replication, recombination and repair
NODE_569_length_3308_cov_3.380687_5	COG1396	224314	4.81e-08	22.034	HipB	Transcriptional regulator, contains XRE-family HTH domain	K	Transcription
NODE_570_length_3302_cov_3.264186_1	COG0741	223812	3.44e-28	38.857	MltE	Soluble lytic murein transglycosylase or regulatory protein s ( may contain LysM/invasin domain)	M	Cell wall/membrane/envelope biogenesis
NODE_570_length_3302_cov_3.264186_2	COG0457	223533	6.02e-07	28.804	TPR	Tetratricopeptide (TPR) repeat	R	General function prediction only
NODE_571_length_3301_cov_3.094603_2	COG1385	224303	2.58e-72	37.229	RsmE	16S rRNA U1498 N3-methylase RsmE	J	Translation, ribosomal structure and biogenesis
NODE_571_length_3301_cov_3.094603_4	COG1284	224203	3.17e-49	38.577	YitT	Uncharacterized membrane-anchored protein YitT, contains DUF161 and DUF2179 domains	S	Function unknown
NODE_571_length_3301_cov_3.094603_5	COG2264	225173	8.09e-21	44.928	PrmA	Ribosomal protein L11 methylase PrmA	J	Translation, ribosomal structure and biogenesis
NODE_572_length_3294_cov_3.410942_1	COG0119	223197	7.97e-132	36.19	LeuA	Isopropylmalate/homocitrate/citramalate synthases	E	Amino acid transport and metabolism
NODE_572_length_3294_cov_3.410942_2	COG5550	227837	0.00057	29.762		Predicted aspartyl protease	O	Posttranslational modification, protein turnover, chaperones
NODE_572_length_3294_cov_3.410942_3	COG0059	223137	0.0	61.905	IlvC	Ketol-acid reductoisomerase	E	Amino acid transport and metabolism
NODE_573_length_3291_cov_5.003734_1	COG4974	227308	1.13e-53	50.0	XerD	Site-specific recombinase XerD	L	Replication, recombination and repair
NODE_573_length_3291_cov_5.003734_2	COG2840	225396	3.7e-07	27.692	SmrA	DNA-nicking endonuclease, Smr domain	L	Replication, recombination and repair
NODE_573_length_3291_cov_5.003734_5	COG0101	223179	3.54e-88	42.636	TruA	tRNA U38,U39,U40 pseudouridine synthase TruA	J	Translation, ribosomal structure and biogenesis
NODE_574_length_3283_cov_3.111042_1	COG2204	225114	2.74e-120	53.535	AtoC	DNA-binding transcriptional response regulator, NtrC family, contains REC, AAA-type ATPase, and a Fis-type DNA-binding domains	T	Signal transduction mechanisms
NODE_575_length_3261_cov_3.003141_1	COG0491	223565	4.87e-27	26.582	GloB	Glyoxylase or a related metal-dependent hydrolase, beta-lactamase superfamily II	R	General function prediction only
NODE_576_length_3260_cov_3.413761_2	COG0642	223715	1.02e-48	30.169	BaeS	Signal transduction histidine kinase	T	Signal transduction mechanisms
NODE_577_length_3253_cov_3.803841_2	COG0773	223844	6.13e-160	40.254	MurC	UDP-N-acetylmuramate-alanine ligase MurC and related ligases, MurC/Mpl family	M	Cell wall/membrane/envelope biogenesis
NODE_577_length_3253_cov_3.803841_3	COG0726	223798	8.43e-07	26.846	CDA1	Peptidoglycan/xylan/chitin deacetylase, PgdA/NodB/CDA1 family	G	Carbohydrate transport and metabolism
NODE_578_length_3237_cov_3.768354_1	COG0524	223598	2.98e-23	28.194	RbsK	Sugar or nucleoside kinase, ribokinase family	G	Carbohydrate transport and metabolism
NODE_578_length_3237_cov_3.768354_2	COG0800	223871	1.33e-83	49.761	Eda	2-keto-3-deoxy-6-phosphogluconate aldolase	G	Carbohydrate transport and metabolism
NODE_578_length_3237_cov_3.768354_3	COG3383	225918	1.05e-06	30.0	YjgC	Predicted molibdopterin-dependent oxidoreductase YjgC	R	General function prediction only
NODE_578_length_3237_cov_3.768354_4	COG1619	224534	8.9e-98	41.346	LdcA	Muramoyltetrapeptide carboxypeptidase LdcA (peptidoglycan recycling)	M	Cell wall/membrane/envelope biogenesis
NODE_579_length_3233_cov_3.685995_2	COG1070	223996	7.44e-143	36.884	XylB	Sugar (pentulose or hexulose) kinase	G	Carbohydrate transport and metabolism
NODE_579_length_3233_cov_3.685995_4	COG4974	227308	7.98e-15	49.091	XerD	Site-specific recombinase XerD	L	Replication, recombination and repair
NODE_579_length_3233_cov_3.685995_5	COG4974	227308	1.13e-41	46.512	XerD	Site-specific recombinase XerD	L	Replication, recombination and repair
NODE_580_length_3225_cov_2.731576_2	COG1934	224845	1.54e-09	29.545	LptA	Lipopolysaccharide export system protein LptA	M	Cell wall/membrane/envelope biogenesis
NODE_580_length_3225_cov_2.731576_4	COG0823	223893	7.33e-18	28.07	TolB	Periplasmic component TolB of the Tol biopolymer transport system	U	Intracellular trafficking, secretion, and vesicular transport
NODE_581_length_3223_cov_3.813414_1	COG0438	223515	1.89e-07	35.897	RfaB	Glycosyltransferase involved in cell wall bisynthesis	M	Cell wall/membrane/envelope biogenesis
NODE_581_length_3223_cov_3.813414_2	COG1410	224328	0.0	59.217	MetH2	Methionine synthase I, cobalamin-binding domain	E	Amino acid transport and metabolism
NODE_582_length_3215_cov_2.902486_3	COG0673	223745	1.18e-23	19.244	MviM	Predicted dehydrogenase	R	General function prediction only
NODE_583_length_3201_cov_3.173496_1	COG0681	223753	4.8e-10	25.641	LepB	Signal peptidase I	U	Intracellular trafficking, secretion, and vesicular transport
NODE_583_length_3201_cov_3.173496_3	COG4636	226983	1.13e-07	26.027	Uma2	Endonuclease, Uma2 family (restriction endonuclease fold)	R	General function prediction only
NODE_583_length_3201_cov_3.173496_4	COG4102	226587	3.89e-60	28.671		Uncharacterized conserved protein, DUF1501 family	S	Function unknown
NODE_584_length_3193_cov_3.542683_1	COG0843	223913	1.41e-10	43.396	CyoB	Heme/copper-type cytochrome/quinol oxidase, subunit 1	C	Energy production and conversion
NODE_584_length_3193_cov_3.542683_3	COG2303	225186	1.77e-43	21.277	BetA	Choline dehydrogenase or related flavoprotein	I	Lipid transport and metabolism
NODE_585_length_3184_cov_3.214355_1	COG1629	224544	2.03e-05	16.146	CirA	Outer membrane receptor protein, Fe transport	P	Inorganic ion transport and metabolism
NODE_586_length_3169_cov_3.850906_1	COG0841	223911	0.0	37.2	AcrB	Multidrug efflux pump subunit AcrB	V	Defense mechanisms
NODE_587_length_3169_cov_3.576326_1	COG3956	226465	2.72e-39	37.762	YabN	Uncharacterized conserved protein YabN, contains tetrapyrrole methylase and MazG-like pyrophosphatase domain	R	General function prediction only
NODE_587_length_3169_cov_3.576326_2	COG0745	223816	2.89e-05	29.63	OmpR	DNA-binding response regulator, OmpR family, contains REC and winged-helix (wHTH) domain	T	Signal transduction mechanisms
NODE_587_length_3169_cov_3.576326_3	COG4447	226855	1.46e-05	22.337		Uncharacterized conserved protein related to plant photosystem II stability/assembly factor	R	General function prediction only
NODE_588_length_3167_cov_3.483495_1	COG2764	225356	1.6e-37	41.176	PhnB	Zn-dependent glyoxalase, PhnB family	C	Energy production and conversion
NODE_588_length_3167_cov_3.483495_3	COG0629	223702	3.34e-42	38.095	Ssb	Single-stranded DNA-binding protein	L	Replication, recombination and repair
NODE_588_length_3167_cov_3.483495_4	COG4294	226744	2.47e-79	40.26	Uve	UV DNA damage repair endonuclease	L	Replication, recombination and repair
NODE_589_length_3154_cov_3.729607_1	COG2079	224990	1.59e-09	34.884	PrpD	2-methylcitrate dehydratase PrpD	G	Carbohydrate transport and metabolism
NODE_589_length_3154_cov_3.729607_2	COG1959	224870	2.99e-36	38.298	IscR	DNA-binding transcriptional regulator, IscR family	K	Transcription
NODE_589_length_3154_cov_3.729607_3	COG0719	223791	2.54e-174	42.506	SufB	Fe-S cluster assembly scaffold protein SufB	O	Posttranslational modification, protein turnover, chaperones
NODE_589_length_3154_cov_3.729607_4	COG0396	223473	1.35e-107	62.887	SufC	Fe-S cluster assembly ATPase SufC	O	Posttranslational modification, protein turnover, chaperones
NODE_590_length_3142_cov_3.416966_1	COG2204	225114	2.17e-144	51.543	AtoC	DNA-binding transcriptional response regulator, NtrC family, contains REC, AAA-type ATPase, and a Fis-type DNA-binding domains	T	Signal transduction mechanisms
NODE_590_length_3142_cov_3.416966_2	COG1595	224511	9.89e-09	27.976	RpoE	DNA-directed RNA polymerase specialized sigma subunit, sigma24 family	K	Transcription
NODE_590_length_3142_cov_3.416966_3	COG0515	223589	4.5e-40	44.099	SPS1	Serine/threonine protein kinase	T	Signal transduction mechanisms
NODE_591_length_3130_cov_3.754995_2	COG1604	224520	1.18e-41	34.043	Cmr6	CRISPR/Cas system CMR subunit Cmr6, Cas7 group, RAMP superfamily	V	Defense mechanisms
NODE_591_length_3130_cov_3.754995_3	COG3337	225874	9.83e-08	23.485	Cmr5	CRISPR-Cas system type III CMR-effector complex small subunit Cmr5	V	Defense mechanisms
NODE_591_length_3130_cov_3.754995_4	COG1336	224255	1.64e-41	31.111	Cmr4	CRISPR-Cas system type III CMR-effector complex subunit Cmr4, RAMP superfamily Cas7 group	V	Defense mechanisms
NODE_592_length_3130_cov_2.935801_1	COG0841	223911	0.0	35.183	AcrB	Multidrug efflux pump subunit AcrB	V	Defense mechanisms
NODE_593_length_3127_cov_2.619344_1	COG3519	226050	1.54e-47	43.448	VasA	Type VI protein secretion system component VasA	U	Intracellular trafficking, secretion, and vesicular transport
NODE_593_length_3127_cov_2.619344_2	COG3520	226051	1.66e-108	41.212		Predicted component of the type VI protein secretion system	U	Intracellular trafficking, secretion, and vesicular transport
NODE_593_length_3127_cov_2.619344_3	COG1462	224379	7.61e-17	21.121	CsgG	Curli biogenesis system outer membrane secretion channel CsgG	M	Cell wall/membrane/envelope biogenesis
NODE_594_length_3123_cov_2.456336_2	COG0810	223880	1.26e-09	34.615	TonB	Periplasmic protein TonB, links inner and outer membranes	M	Cell wall/membrane/envelope biogenesis
NODE_594_length_3123_cov_2.456336_3	COG3876	226393	1.61e-95	50.213	YbbC	Uncharacterized conserved protein YbbC, DUF1343 family	S	Function unknown
NODE_595_length_3121_cov_3.617937_1	COG2814	225371	3.05e-10	22.917	AraJ	Predicted arabinose efflux permease AraJ, MFS family	G	Carbohydrate transport and metabolism
NODE_595_length_3121_cov_3.617937_2	COG4799	227136	0.0	40.417	MmdA	Acetyl-CoA carboxylase, carboxyltransferase component	I	Lipid transport and metabolism
NODE_596_length_3110_cov_3.586878_2	COG5616	227903	1.53e-25	33.333	TolBN	TolB amino-terminal domain (function unknown)	T	Signal transduction mechanisms
NODE_598_length_3105_cov_3.488441_1	COG4636	226983	1.43e-20	24.51	Uma2	Endonuclease, Uma2 family (restriction endonuclease fold)	R	General function prediction only
NODE_598_length_3105_cov_3.488441_2	COG1087	224012	0.0	52.28	GalE	UDP-glucose 4-epimerase	M	Cell wall/membrane/envelope biogenesis
NODE_598_length_3105_cov_3.488441_3	COG1085	224010	4.43e-98	47.773	GalT	Galactose-1-phosphate uridylyltransferase	G	Carbohydrate transport and metabolism
NODE_599_length_3092_cov_3.341294_1	COG4577	226943	2.24e-23	63.636	CcmK	Carboxysome shell and ethanolamine utilization microcompartment protein CcmL/EutN	Q	Secondary metabolites biosynthesis, transport and catabolism
NODE_600_length_3056_cov_2.752266_1	COG0046	223124	3.04e-121	43.099	PurL1	Phosphoribosylformylglycinamidine (FGAM) synthase, synthetase domain	F	Nucleotide transport and metabolism
NODE_600_length_3056_cov_2.752266_3	COG1281	224200	3.27e-102	38.384	HslO	Redox-regulated molecular chaperone, HSP33 family	O	Posttranslational modification, protein turnover, chaperones
NODE_600_length_3056_cov_2.752266_4	COG0512	223586	2.62e-22	46.154	PabA	Anthranilate/para-aminobenzoate synthase component II (glutamine amidotransferase)	E	Amino acid transport and metabolism
NODE_601_length_3055_cov_3.688717_1	COG3695	226219	2.13e-24	41.86	Atl1	Alkylated DNA nucleotide flippase Atl1, participates in nucleotide excision repair, Ada-like DNA-binding domain	K	Transcription
NODE_601_length_3055_cov_3.688717_3	COG4106	226591	7.33e-25	32.381	Tam	Trans-aconitate methyltransferase	C	Energy production and conversion
NODE_601_length_3055_cov_3.688717_4	COG2318	225200	4.22e-13	28.906	DinB	Bacillithiol/mycothiol S-transferase BstA/DinB, DinB/YfiT family (unrelated to E. coli DinB)	Q	Secondary metabolites biosynthesis, transport and catabolism
NODE_601_length_3055_cov_3.688717_5	COG2814	225371	7.39e-11	24.0	AraJ	Predicted arabinose efflux permease AraJ, MFS family	G	Carbohydrate transport and metabolism
NODE_602_length_3053_cov_3.828965_2	COG1666	224580	1.38e-70	55.488	YajQ	Cyclic di-GMP-binding protein YajQ, UPF0234 family	T	Signal transduction mechanisms
NODE_602_length_3053_cov_3.828965_3	COG0142	223220	1.25e-96	38.806	IspA	Geranylgeranyl pyrophosphate synthase	H	Coenzyme transport and metabolism
NODE_602_length_3053_cov_3.828965_4	COG4942	227278	3.18e-05	19.231	EnvC	Septal ring factor EnvC, activator of murein hydrolases AmiA and AmiB	D	Cell cycle control, cell division, chromosome partitioning
NODE_603_length_3026_cov_3.240081_1	COG0515	223589	5.53e-41	29.53	SPS1	Serine/threonine protein kinase	T	Signal transduction mechanisms
NODE_603_length_3026_cov_3.240081_2	COG0460	223536	3.49e-128	41.964	ThrA	Homoserine dehydrogenase	E	Amino acid transport and metabolism
NODE_604_length_3001_cov_2.248974_1	COG2303	225186	5.98e-61	21.739	BetA	Choline dehydrogenase or related flavoprotein	I	Lipid transport and metabolism
NODE_604_length_3001_cov_2.248974_3	COG1820	224733	1.5e-83	50.926	NagA	N-acetylglucosamine-6-phosphate deacetylase	G	Carbohydrate transport and metabolism
NODE_604_length_3001_cov_2.248974_4	COG0601	223674	9.46e-06	52.0	DppB	ABC-type dipeptide/oligopeptide/nickel transport system, permease component	E	Amino acid transport and metabolism
NODE_605_length_3000_cov_2.296271_1	COG0826	223896	2.06e-104	40.964	RlhA	23S rRNA C2501 and tRNA U34 5'-hydroxylation protein RlhA/YrrN/YrrO, U32 peptidase family	J	Translation, ribosomal structure and biogenesis
NODE_605_length_3000_cov_2.296271_2	COG2271	225180	5.13e-09	28.244	UhpC	Sugar phosphate permease	G	Carbohydrate transport and metabolism
NODE_606_length_2997_cov_3.093493_3	COG0535	223609	2.66e-26	27.974	SkfB	Radical SAM superfamily maturase, SkfB/NifB/PqqE family	D	Cell cycle control, cell division, chromosome partitioning
NODE_606_length_2997_cov_3.093493_4	COG1028	223959	5.38e-08	40.385	FabG	NAD(P)-dependent dehydrogenase, short-chain alcohol dehydrogenase family	I	Lipid transport and metabolism
NODE_607_length_2990_cov_4.764847_1	COG2227	225137	3.79e-05	24.272	UbiG	2-polyprenyl-3-methyl-5-hydroxy-6-metoxy-1,4-benzoquinol methylase	H	Coenzyme transport and metabolism
NODE_607_length_2990_cov_4.764847_2	COG1134	224057	4.21e-117	48.374	TagH	ABC-type polysaccharide/polyol phosphate transport system, ATPase component	G	Carbohydrate transport and metabolism
NODE_608_length_2986_cov_2.570643_1	COG1629	224544	0.004	20.0	CirA	Outer membrane receptor protein, Fe transport	P	Inorganic ion transport and metabolism
NODE_608_length_2986_cov_2.570643_2	COG1802	224715	6.51e-47	42.584	GntR	DNA-binding transcriptional regulator, GntR family	K	Transcription
NODE_608_length_2986_cov_2.570643_3	COG2271	225180	2.42e-18	22.249	UhpC	Sugar phosphate permease	G	Carbohydrate transport and metabolism
NODE_609_length_2974_cov_3.415948_2	COG0482	223558	4.82e-153	45.902	MnmA	tRNA U34 2-thiouridine synthase MnmA/TrmU, contains the PP-loop ATPase domain	J	Translation, ribosomal structure and biogenesis
NODE_609_length_2974_cov_3.415948_3	COG0714	223786	4.94e-37	27.586	MoxR	MoxR-like ATPase	R	General function prediction only
NODE_610_length_2964_cov_3.963976_1	COG1086	224011	2.59e-104	53.361	FlaA1	NDP-sugar epimerase, includes UDP-GlcNAc-inverting 4,6-dehydratase FlaA1 and capsular polysaccharide biosynthesis protein EpsC	M	Cell wall/membrane/envelope biogenesis
NODE_610_length_2964_cov_3.963976_2	COG1878	224790	9.06e-63	36.744		Kynurenine formamidase	E	Amino acid transport and metabolism
NODE_611_length_2955_cov_3.938499_1	COG0143	223221	1.08e-96	39.649	MetG	Methionyl-tRNA synthetase	J	Translation, ribosomal structure and biogenesis
NODE_611_length_2955_cov_3.938499_4	COG1570	224486	6.11e-118	59.514	XseA	Exonuclease VII, large subunit	L	Replication, recombination and repair
NODE_612_length_2936_cov_3.309199_1	COG0739	223810	1.36e-46	54.198	NlpD	Murein DD-endopeptidase MepM and murein hydrolase activator NlpD, contains LysM domain	M	Cell wall/membrane/envelope biogenesis
NODE_612_length_2936_cov_3.309199_4	COG1256	224176	4.12e-78	25.953	FlgK	Flagellar hook-associated protein FlgK	N	Cell motility
NODE_613_length_2924_cov_3.029153_2	COG2271	225180	4.33e-28	24.48	UhpC	Sugar phosphate permease	G	Carbohydrate transport and metabolism
NODE_613_length_2924_cov_3.029153_3	COG1143	224066	2.57e-46	36.62	NuoI	Formate hydrogenlyase subunit 6/NADH:ubiquinone oxidoreductase 23 kD subunit (chain I)	C	Energy production and conversion
NODE_614_length_2916_cov_3.915111_1	COG1064	223992	1.88e-119	41.212	AdhP	D-arabinose 1-dehydrogenase, Zn-dependent alcohol dehydrogenase family	G	Carbohydrate transport and metabolism
NODE_614_length_2916_cov_3.915111_2	COG3179	225720	1.88e-25	42.857	GH19	Chitinase, GH19 family	G	Carbohydrate transport and metabolism
NODE_614_length_2916_cov_3.915111_3	COG3179	225720	1.43e-13	46.154	GH19	Chitinase, GH19 family	G	Carbohydrate transport and metabolism
NODE_615_length_2911_cov_3.800988_2	COG1872	224784	1.83e-23	40.86	YggU	Uncharacterized conserved protein YggU, UPF0235/DUF167 family	S	Function unknown
NODE_615_length_2911_cov_3.800988_4	COG2805	225364	4.77e-141	48.718	PilT	Type IV pilus assembly protein PilT, pilus retraction ATPase	N	Cell motility
NODE_616_length_2885_cov_3.652778_2	COG2823	225379	3.46e-07	39.474	OsmY	Osmotically-inducible protein OsmY, contains BON domain	M	Cell wall/membrane/envelope biogenesis
NODE_616_length_2885_cov_3.652778_3	COG1917	224829	3.06e-14	29.268	QdoI	Cupin domain protein related to quercetin dioxygenase	R	General function prediction only
NODE_616_length_2885_cov_3.652778_4	COG4640	226987	0.000393	45.455	YvbJ	Uncharacterized protein YvbJ, contains N-terminal Zn ribbon domain	S	Function unknown
NODE_616_length_2885_cov_3.652778_5	COG0308	223385	1.73e-18	22.707	PepN	Aminopeptidase N, contains DUF3458 domain	E	Amino acid transport and metabolism
NODE_617_length_2884_cov_2.997150_2	COG4447	226855	2.72e-09	19.929		Uncharacterized conserved protein related to plant photosystem II stability/assembly factor	R	General function prediction only
NODE_618_length_2876_cov_2.994641_2	COG3250	225789	2.02e-42	26.316	LacZ	Beta-galactosidase/beta-glucuronidase	G	Carbohydrate transport and metabolism
NODE_619_length_2870_cov_3.851414_1	COG2226	225136	4.33e-13	25.547	UbiE	Ubiquinone/menaquinone biosynthesis C-methylase UbiE/MenG	H	Coenzyme transport and metabolism
NODE_619_length_2870_cov_3.851414_2	COG2336	225215	0.002	23.913	MazE	Antitoxin component MazE of the MazEF toxin-antitoxin module	V	Defense mechanisms
NODE_619_length_2870_cov_3.851414_3	COG3654	226180	4.38e-27	45.37	Doc	Prophage maintenance system killer protein	X	Mobilome: prophages, transposons
NODE_620_length_2856_cov_2.234617_1	COG0745	223816	1.73e-05	44.444	OmpR	DNA-binding response regulator, OmpR family, contains REC and winged-helix (wHTH) domain	T	Signal transduction mechanisms
NODE_620_length_2856_cov_2.234617_2	COG1027	223958	4.12e-104	55.0	AspA	Aspartate ammonia-lyase	E	Amino acid transport and metabolism
NODE_620_length_2856_cov_2.234617_3	COG0189	223267	2.07e-08	23.043	LysX	Glutathione synthase, LysX or RimK-type ligase, ATP-grasp superfamily	E	Amino acid transport and metabolism
NODE_621_length_2854_cov_3.275837_2	COG1490	224407	8.8e-78	56.552	Dtd	D-aminoacyl-tRNA deacylase	J	Translation, ribosomal structure and biogenesis
NODE_621_length_2854_cov_3.275837_3	COG1765	224679	2e-27	37.302	YhfA	Uncharacterized OsmC-related protein	R	General function prediction only
NODE_621_length_2854_cov_3.275837_4	COG0210	223288	7.71e-30	36.646	UvrD	Superfamily I DNA or RNA helicase	L	Replication, recombination and repair
NODE_622_length_2836_cov_3.559261_3	COG0546	223620	1.26e-37	27.442	Gph	Phosphoglycolate phosphatase, HAD superfamily	C	Energy production and conversion
NODE_623_length_2833_cov_2.973149_1	COG1228	224149	1.89e-12	37.288	HutI	Imidazolonepropionase or related amidohydrolase	Q	Secondary metabolites biosynthesis, transport and catabolism
NODE_623_length_2833_cov_2.973149_3	COG1092	224017	4.34e-48	28.713	RlmK	23S rRNA G2069 N7-methylase RlmK or C1962 C5-methylase RlmI	J	Translation, ribosomal structure and biogenesis
NODE_623_length_2833_cov_2.973149_4	COG0314	223391	1.36e-45	52.336	MoaE	Molybdopterin synthase catalytic subunit MoaE	H	Coenzyme transport and metabolism
NODE_625_length_2822_cov_3.386885_1	COG1629	224544	2.39e-14	19.82	CirA	Outer membrane receptor protein, Fe transport	P	Inorganic ion transport and metabolism
NODE_625_length_2822_cov_3.386885_3	COG0111	223189	2.08e-93	46.522	SerA	Phosphoglycerate dehydrogenase or related dehydrogenase	H	Coenzyme transport and metabolism
NODE_626_length_2813_cov_3.172880_1	COG1595	224511	2.17e-32	36.601	RpoE	DNA-directed RNA polymerase specialized sigma subunit, sigma24 family	K	Transcription
NODE_626_length_2813_cov_3.172880_3	COG1225	224146	7.67e-19	62.222	Bcp	Peroxiredoxin	O	Posttranslational modification, protein turnover, chaperones
NODE_626_length_2813_cov_3.172880_4	COG1225	224146	1.76e-20	32.11	Bcp	Peroxiredoxin	O	Posttranslational modification, protein turnover, chaperones
NODE_627_length_2811_cov_3.337235_2	COG0673	223745	3.28e-55	25.5	MviM	Predicted dehydrogenase	R	General function prediction only
NODE_627_length_2811_cov_3.337235_3	COG1602	224518	0.002	22.535	NreA	Archaeal DNA repair protein NreA	L	Replication, recombination and repair
NODE_628_length_2805_cov_2.763563_1	COG0566	223640	1.98e-83	40.234	SpoU	tRNA G18 (ribose-2'-O)-methylase SpoU	J	Translation, ribosomal structure and biogenesis
NODE_628_length_2805_cov_2.763563_2	COG1579	224495	1.97e-33	26.18	DR0291	Predicted nucleic acid-binding protein DR0291, contains C4-type Zn-ribbon domain	R	General function prediction only
NODE_628_length_2805_cov_2.763563_3	COG0001	223080	0.0	68.354	HemL	Glutamate-1-semialdehyde aminotransferase	H	Coenzyme transport and metabolism
NODE_629_length_2804_cov_3.741841_2	COG0684	223756	2.94e-13	27.517	RraA	RNA degradosome component RraA (regulator of RNase E activity)	J	Translation, ribosomal structure and biogenesis
NODE_630_length_2804_cov_1.922992_1	COG1305	224224	6.87e-06	15.873	YebA	Transglutaminase-like enzyme, putative cysteine protease	O	Posttranslational modification, protein turnover, chaperones
NODE_630_length_2804_cov_1.922992_2	COG0101	223179	8.76e-66	51.333	TruA	tRNA U38,U39,U40 pseudouridine synthase TruA	J	Translation, ribosomal structure and biogenesis
NODE_631_length_2790_cov_2.608183_3	COG4993	227326	2.61e-32	25.141	Gcd	Glucose dehydrogenase, PQQ-dependent	G	Carbohydrate transport and metabolism
NODE_632_length_2789_cov_3.566003_1	COG2352	225227	0.0	43.401	Ppc	Phosphoenolpyruvate carboxylase	C	Energy production and conversion
NODE_633_length_2789_cov_3.266224_1	COG1820	224733	6.23e-54	38.286	NagA	N-acetylglucosamine-6-phosphate deacetylase	G	Carbohydrate transport and metabolism
NODE_633_length_2789_cov_3.266224_2	COG2981	225528	5.78e-05	24.569	CysZ	Sulfate transporter CysZ	E	Amino acid transport and metabolism
NODE_633_length_2789_cov_3.266224_4	COG1463	224380	8.2e-08	20.248	MlaD	Periplasmic subunit MlaD of the ABC-type intermembrane phospholipid transporter Mla	M	Cell wall/membrane/envelope biogenesis
NODE_634_length_2778_cov_3.813402_1	COG0412	223489	4.6e-65	39.0	DLH	Dienelactone hydrolase	Q	Secondary metabolites biosynthesis, transport and catabolism
NODE_634_length_2778_cov_3.813402_2	COG2234	225143	2.18e-14	18.037	Iap	Zn-dependent amino- or carboxypeptidase, M28 family	O	Posttranslational modification, protein turnover, chaperones
NODE_634_length_2778_cov_3.813402_3	COG0012	223091	1.94e-40	63.014	GTP1	Ribosome-binding ATPase YchF, GTP1/OBG family	J	Translation, ribosomal structure and biogenesis
NODE_635_length_2772_cov_3.866048_1	COG2096	225007	4.75e-49	44.118	PduO	Cob(II)alamin adenosyltransferase	H	Coenzyme transport and metabolism
NODE_635_length_2772_cov_3.866048_2	COG0768	223839	6.11e-74	29.175	FtsI	Cell division protein FtsI, peptidoglycan transpeptidase (Penicillin-binding protein 2)	D	Cell cycle control, cell division, chromosome partitioning
NODE_635_length_2772_cov_3.866048_3	COG4636	226983	3.62e-05	25.806	Uma2	Endonuclease, Uma2 family (restriction endonuclease fold)	R	General function prediction only
NODE_636_length_2764_cov_2.870115_1	COG2956	225504	8.57e-06	23.256	LapB	Lipopolysaccharide biosynthesis regulator YciM/LapB, contains six TPR domains and a C-terminal metal-binding domain	M	Cell wall/membrane/envelope biogenesis
NODE_636_length_2764_cov_2.870115_2	COG5010	227343	0.000741	27.206	TadD	Flp pilus assembly protein TadD, contains TPR repeats	U	Intracellular trafficking, secretion, and vesicular transport
NODE_636_length_2764_cov_2.870115_3	COG3063	225605	3.77e-07	24.638	PilF	Type IV pilus assembly protein PilF/PilW	N	Cell motility
NODE_637_length_2761_cov_3.105812_1	COG4974	227308	2.95e-26	33.663	XerD	Site-specific recombinase XerD	L	Replication, recombination and repair
NODE_637_length_2761_cov_3.105812_2	COG1663	224577	1.61e-72	32.102	LpxK	Tetraacyldisaccharide-1-P 4'-kinase (Lipid A 4'-kinase)	M	Cell wall/membrane/envelope biogenesis
NODE_637_length_2761_cov_3.105812_3	COG1519	224436	1.31e-115	38.693	KdtA	3-deoxy-D-manno-octulosonic-acid transferase	M	Cell wall/membrane/envelope biogenesis
NODE_638_length_2759_cov_3.714392_1	COG1960	224871	3.82e-23	33.083	CaiA	Acyl-CoA dehydrogenase related to the alkylation response protein AidB	I	Lipid transport and metabolism
NODE_638_length_2759_cov_3.714392_2	COG0781	223852	7.35e-43	33.099	NusB	Transcription antitermination protein NusB	K	Transcription
NODE_638_length_2759_cov_3.714392_3	COG0054	223132	3.15e-75	58.389	RibE	6,7-dimethyl-8-ribityllumazine synthase (Riboflavin synthase beta chain)	H	Coenzyme transport and metabolism
NODE_638_length_2759_cov_3.714392_4	COG1024	223955	2.6e-23	53.465	CaiD	Enoyl-CoA hydratase/carnithine racemase	I	Lipid transport and metabolism
NODE_639_length_2758_cov_3.593808_1	COG4365	226805	3.31e-82	28.931	BshC	Putative cysteine ligase BshC/YllA (bacillithiol biosynthesis)	Q	Secondary metabolites biosynthesis, transport and catabolism
NODE_639_length_2758_cov_3.593808_2	COG0329	223406	4.88e-81	36.452	DapA	4-hydroxy-tetrahydrodipicolinate synthase/N-acetylneuraminate lyase	E	Amino acid transport and metabolism
NODE_640_length_2748_cov_3.013104_1	COG0064	223142	4.45e-157	59.387	GatB	Asp-tRNAAsn/Glu-tRNAGln amidotransferase B subunit	J	Translation, ribosomal structure and biogenesis
NODE_640_length_2748_cov_3.013104_2	COG1488	224405	3.94e-132	43.237	PncB	Nicotinic acid phosphoribosyltransferase	H	Coenzyme transport and metabolism
NODE_640_length_2748_cov_3.013104_3	COG4899	227236	7.09e-14	19.008		Uncharacterized conserved protein, DUF2199 domain	S	Function unknown
NODE_641_length_2748_cov_2.569824_1	COG0366	223443	8.91e-48	25.32	AmyA	Glycosidase/amylase (phosphorylase)	G	Carbohydrate transport and metabolism
NODE_641_length_2748_cov_2.569824_2	COG4912	227249	0.003	26.667	AlkD	3-methyladenine DNA glycosylase AlkD	L	Replication, recombination and repair
NODE_641_length_2748_cov_2.569824_3	COG0840	223910	1.02e-09	30.818	Tar	Methyl-accepting chemotaxis protein (MCP)	T	Signal transduction mechanisms
NODE_642_length_2736_cov_2.900338_1	COG1629	224544	8.82e-11	14.829	CirA	Outer membrane receptor protein, Fe transport	P	Inorganic ion transport and metabolism
NODE_642_length_2736_cov_2.900338_2	COG2021	224932	0.000113	20.0	MET2	Homoserine O-acetyltransferase	E	Amino acid transport and metabolism
NODE_643_length_2730_cov_1.983415_1	COG1077	224003	5.36e-28	43.939	MreB	Cell shape-determining ATPase MreB, actin-like superfamily	D	Cell cycle control, cell division, chromosome partitioning
NODE_643_length_2730_cov_1.983415_2	COG1403	224321	7.31e-21	38.931	McrA	5-methylcytosine-specific restriction endonuclease McrA	V	Defense mechanisms
NODE_643_length_2730_cov_1.983415_3	COG2154	225065	1.22e-34	45.055	PhhB	Pterin-4a-carbinolamine dehydratase	H	Coenzyme transport and metabolism
NODE_643_length_2730_cov_1.983415_4	COG0705	223777	1.01e-28	26.638	GlpG	Membrane-associated serine protease, rhomboid family	O	Posttranslational modification, protein turnover, chaperones
NODE_645_length_2712_cov_2.928653_1	COG1132	224055	1.84e-60	61.314	MdlB	ABC-type multidrug transport system, ATPase and permease component	V	Defense mechanisms
NODE_645_length_2712_cov_2.928653_3	COG1131	224054	6.6e-102	42.122	CcmA	ABC-type multidrug transport system, ATPase component	V	Defense mechanisms
NODE_645_length_2712_cov_2.928653_4	COG0842	223912	8.11e-14	27.072	YadH	ABC-type multidrug transport system, permease component	V	Defense mechanisms
NODE_646_length_2710_cov_3.378276_1	COG1354	224273	1.55e-55	39.837	ScpA	Chromatin segregation and condensation protein Rec8/ScpA/Scc1, kleisin family	L	Replication, recombination and repair
NODE_647_length_2701_cov_3.262195_3	COG1048	223977	0.0	53.232	AcnA	Aconitase A	C	Energy production and conversion
NODE_648_length_2698_cov_3.049981_1	COG2814	225371	0.003	21.598	AraJ	Predicted arabinose efflux permease AraJ, MFS family	G	Carbohydrate transport and metabolism
NODE_648_length_2698_cov_3.049981_3	COG1641	224556	1.07e-71	44.231	LarC	CTP-dependent cyclometallase, nickel-pincer nucleotide (NPN) cofactor biosynthesis	H	Coenzyme transport and metabolism
NODE_649_length_2688_cov_4.052087_1	COG0354	223431	6.81e-22	31.897	YgfZ	Folate-binding protein YgfZ, synthesis and repair of Fe-S clusters	O	Posttranslational modification, protein turnover, chaperones
NODE_649_length_2688_cov_4.052087_3	COG0607	223680	9.65e-28	34.234	PspE	Rhodanese-related sulfurtransferase	P	Inorganic ion transport and metabolism
NODE_649_length_2688_cov_4.052087_4	COG1547	224464	7.03e-11	33.333	YpuF	Predicted metal-dependent hydrolase	S	Function unknown
NODE_649_length_2688_cov_4.052087_5	COG0793	223864	3.62e-62	30.303	CtpA	C-terminal processing protease CtpA/Prc, contains a PDZ domain	O	Posttranslational modification, protein turnover, chaperones
NODE_650_length_2683_cov_4.255180_1	COG0524	223598	8.49e-52	37.308	RbsK	Sugar or nucleoside kinase, ribokinase family	G	Carbohydrate transport and metabolism
NODE_652_length_2658_cov_3.626889_2	COG3815	226336	1.51e-13	28.829		Uncharacterized membrane protein	S	Function unknown
NODE_652_length_2658_cov_3.626889_4	COG0300	223377	2.53e-51	31.102	YqjQ	Short-chain dehydrogenase	R	General function prediction only
NODE_653_length_2655_cov_3.335531_1	COG0146	223224	1.28e-103	55.31	HyuB	N-methylhydantoinase B/oxoprolinase/acetone carboxylase, alpha subunit	E	Amino acid transport and metabolism
NODE_653_length_2655_cov_3.335531_2	COG1413	224331	1.44e-08	28.017	HEAT	HEAT repeat	R	General function prediction only
NODE_654_length_2645_cov_2.943925_1	COG4636	226983	8.59e-28	28.662	Uma2	Endonuclease, Uma2 family (restriction endonuclease fold)	R	General function prediction only
NODE_654_length_2645_cov_2.943925_2	COG1649	224563	2.16e-48	24.578	YddW	Uncharacterized lipoprotein YddW, UPF0748 family	S	Function unknown
NODE_654_length_2645_cov_2.943925_3	COG3876	226393	3.9e-43	36.943	YbbC	Uncharacterized conserved protein YbbC, DUF1343 family	S	Function unknown
NODE_655_length_2642_cov_2.782846_1	COG1262	224182	1.47e-45	29.67	YfmG	Formylglycine-generating enzyme, required for sulfatase activity, contains SUMF1/FGE domain	O	Posttranslational modification, protein turnover, chaperones
NODE_656_length_2639_cov_2.027713_1	COG0841	223911	1.12e-38	29.545	AcrB	Multidrug efflux pump subunit AcrB	V	Defense mechanisms
NODE_656_length_2639_cov_2.027713_2	COG0845	223914	9.57e-25	23.888	AcrA	Multidrug efflux pump subunit AcrA (membrane-fusion protein)	M	Cell wall/membrane/envelope biogenesis
NODE_656_length_2639_cov_2.027713_3	COG1538	224455	1.06e-13	29.63	TolC	Outer membrane protein TolC	M	Cell wall/membrane/envelope biogenesis
NODE_657_length_2637_cov_2.820703_3	COG1157	224079	0.0	55.479	FliI	Flagellar biosynthesis/type III secretory pathway ATPase FliI	N	Cell motility
NODE_657_length_2637_cov_2.820703_4	COG1317	224236	9.5e-21	37.931	FliH	Flagellar biosynthesis/type III secretory pathway protein FliH	N	Cell motility
NODE_658_length_2632_cov_3.251663_1	COG0499	223573	1.79e-19	59.184	SAM1	S-adenosylhomocysteine hydrolase	H	Coenzyme transport and metabolism
NODE_658_length_2632_cov_3.251663_4	COG1595	224511	1.01e-25	34.32	RpoE	DNA-directed RNA polymerase specialized sigma subunit, sigma24 family	K	Transcription
NODE_658_length_2632_cov_3.251663_5	COG0795	223866	9.29e-22	26.042	LptF	Lipopolysaccharide export LptBFGC system, permease protein LptF	M	Cell wall/membrane/envelope biogenesis
NODE_659_length_2615_cov_3.307723_3	COG1960	224871	2.12e-115	39.37	CaiA	Acyl-CoA dehydrogenase related to the alkylation response protein AidB	I	Lipid transport and metabolism
NODE_660_length_2610_cov_3.521516_2	COG1830	224743	1.58e-85	32.026	FbaB	Fructose-bisphosphate aldolase class Ia, DhnA family	G	Carbohydrate transport and metabolism
NODE_660_length_2610_cov_3.521516_3	COG3315	225852	3.39e-48	30.37	YktD	O-Methyltransferase involved in polyketide biosynthesis	Q	Secondary metabolites biosynthesis, transport and catabolism
NODE_661_length_2599_cov_3.044806_1	COG0845	223914	0.000338	16.964	AcrA	Multidrug efflux pump subunit AcrA (membrane-fusion protein)	M	Cell wall/membrane/envelope biogenesis
NODE_661_length_2599_cov_3.044806_2	COG2274	225183	4.37e-76	28.817	SunT	ABC-type bacteriocin/lantibiotic exporters, contain an N-terminal double-glycine peptidase domain	V	Defense mechanisms
NODE_662_length_2596_cov_2.371179_1	COG2205	225115	1.57e-27	25.818	KdpD	K+-sensing histidine kinase KdpD	T	Signal transduction mechanisms
NODE_663_length_2579_cov_2.814548_1	COG1862	224775	1.64e-25	45.349	YajC	Protein translocase subunit YajC	U	Intracellular trafficking, secretion, and vesicular transport
NODE_663_length_2579_cov_2.814548_2	COG0342	223419	1.4e-130	38.616	SecD	Preprotein translocase subunit SecD	U	Intracellular trafficking, secretion, and vesicular transport
NODE_664_length_2575_cov_2.463971_2	COG0110	223188	5.2e-26	33.333	WbbJ	Acetyltransferase, isoleucine patch superfamily	R	General function prediction only
NODE_664_length_2575_cov_2.463971_3	COG0110	223188	9.76e-25	35.256	WbbJ	Acetyltransferase, isoleucine patch superfamily	R	General function prediction only
NODE_664_length_2575_cov_2.463971_4	COG2835	225391	2.45e-06	30.769	Trm112	RNA methyltransferase activator Trm112/YbaR	J	Translation, ribosomal structure and biogenesis
NODE_665_length_2575_cov_2.070857_2	COG1534	224451	1.27e-30	47.423	YhbY	RNA-binding protein YhbY	J	Translation, ribosomal structure and biogenesis
NODE_665_length_2575_cov_2.070857_3	COG0789	223860	2.29e-07	32.432	SoxR	DNA-binding transcriptional regulator, MerR family	K	Transcription
NODE_666_length_2574_cov_3.028835_4	COG2204	225114	5.95e-10	30.435	AtoC	DNA-binding transcriptional response regulator, NtrC family, contains REC, AAA-type ATPase, and a Fis-type DNA-binding domains	T	Signal transduction mechanisms
NODE_666_length_2574_cov_3.028835_6	COG0824	223894	3.65e-25	29.008	FadM	Acyl-CoA thioesterase FadM	I	Lipid transport and metabolism
NODE_666_length_2574_cov_3.028835_7	COG0703	223775	9.07e-18	42.857	AroK	Shikimate kinase	E	Amino acid transport and metabolism
NODE_667_length_2573_cov_3.004006_2	COG0325	223402	2.1e-102	47.845	YggS	Pyridoxal 5'-phosphate homeostasis protein YggS, UPF0001 family	H	Coenzyme transport and metabolism
NODE_668_length_2563_cov_2.877715_1	COG0438	223515	2.13e-49	27.692	RfaB	Glycosyltransferase involved in cell wall bisynthesis	M	Cell wall/membrane/envelope biogenesis
NODE_669_length_2562_cov_2.278873_2	COG0558	223632	7.62e-25	24.865	PgsA	Phosphatidylglycerophosphate synthase	I	Lipid transport and metabolism
NODE_670_length_2550_cov_3.620704_2	COG3206	225747	9.25e-10	16.216	GumC	Exopolysaccharide export protein/domain GumC/Wzc1	M	Cell wall/membrane/envelope biogenesis
NODE_671_length_2548_cov_3.102792_1	COG0308	223385	1.46e-106	28.161	PepN	Aminopeptidase N, contains DUF3458 domain	E	Amino acid transport and metabolism
NODE_672_length_2547_cov_3.056275_2	COG1082	224007	2.47e-30	24.514	YcjR	Sugar phosphate isomerase/epimerase	G	Carbohydrate transport and metabolism
NODE_672_length_2547_cov_3.056275_3	COG2259	225168	1.53e-11	44.0	DoxX	Uncharacterized membrane protein YphA, DoxX/SURF4 family	S	Function unknown
NODE_673_length_2544_cov_2.612890_1	COG1716	224630	9.47e-10	20.588	FHA	Forkhead associated (FHA) domain, binds pSer, pThr, pTyr	T	Signal transduction mechanisms
NODE_673_length_2544_cov_2.612890_2	COG0566	223640	2.04e-68	32.955	SpoU	tRNA G18 (ribose-2'-O)-methylase SpoU	J	Translation, ribosomal structure and biogenesis
NODE_674_length_2519_cov_2.163391_1	COG1729	224643	9.4e-28	26.937	CpoB	Cell division protein CpoB, coordinates peptidoglycan biosynthesis and outer membrane constriction	D	Cell cycle control, cell division, chromosome partitioning
NODE_674_length_2519_cov_2.163391_2	COG2885	225439	6.33e-27	31.013	OmpA	Outer membrane protein OmpA and related peptidoglycan-associated (lipo)proteins	M	Cell wall/membrane/envelope biogenesis
NODE_674_length_2519_cov_2.163391_3	COG0823	223893	9.87e-33	40.854	TolB	Periplasmic component TolB of the Tol biopolymer transport system	U	Intracellular trafficking, secretion, and vesicular transport
NODE_675_length_2517_cov_2.974590_1	COG1523	224440	0.0	57.265	PulA	Pullulanase/glycogen debranching enzyme	G	Carbohydrate transport and metabolism
NODE_676_length_2516_cov_2.871669_1	COG1295	224214	7.28e-49	34.387	BrkB	Uncharacterized membrane protein, BrkB/YihY/UPF0761 family (not an RNase)	S	Function unknown
NODE_677_length_2516_cov_2.774908_1	COG4783	227122	5.25e-48	32.685	BepA	Outer membrane protein chaperone/metalloprotease BepA/YfgC, contains M48 and TPR domains	M	Cell wall/membrane/envelope biogenesis
NODE_677_length_2516_cov_2.774908_3	COG0564	223638	6.42e-48	37.572	RluA	Pseudouridine synthase RluA, 23S rRNA- or tRNA-specific	J	Translation, ribosomal structure and biogenesis
NODE_678_length_2514_cov_2.958145_1	COG0577	223650	0.001	27.692	SalY	ABC-type antimicrobial peptide transport system, permease component	V	Defense mechanisms
NODE_678_length_2514_cov_2.958145_2	COG0642	223715	6.8e-06	35.417	BaeS	Signal transduction histidine kinase	T	Signal transduction mechanisms
NODE_678_length_2514_cov_2.958145_4	COG1764	224678	1.87e-29	36.842	OsmC	Organic hydroperoxide reductase OsmC/OhrA	V	Defense mechanisms
NODE_681_length_2508_cov_2.870424_1	COG0667	223739	0.005	37.5	PdxI	Pyridoxal reductase PdxI or related oxidoreductase, aldo/keto reductase family	H	Coenzyme transport and metabolism
NODE_681_length_2508_cov_2.870424_3	COG1240	224161	1.8e-06	25.466	ChlD	vWFA (von Willebrand factor type A) domain of Mg and Co chelatases	H	Coenzyme transport and metabolism
NODE_681_length_2508_cov_2.870424_4	COG0724	223796	1.24e-18	55.172	RRM	RNA recognition motif (RRM) domain	J	Translation, ribosomal structure and biogenesis
NODE_682_length_2497_cov_3.309091_1	COG0721	223793	1.77e-28	42.424	GatC	Asp-tRNAAsn/Glu-tRNAGln amidotransferase C subunit	J	Translation, ribosomal structure and biogenesis
NODE_682_length_2497_cov_3.309091_3	COG0737	223808	1.13e-19	21.296	UshA	2',3'-cyclic-nucleotide 2'-phosphodiesterase/5'- or 3'-nucleotidase, 5'-nucleotidase family	F	Nucleotide transport and metabolism
NODE_683_length_2496_cov_3.037619_2	COG1595	224511	4.73e-14	25.243	RpoE	DNA-directed RNA polymerase specialized sigma subunit, sigma24 family	K	Transcription
NODE_683_length_2496_cov_3.037619_3	COG4932	227268	1.44e-05	21.39	ClfA	Clumping factor A-related surface protein, MSCRAMM (microbial surface components recognizing adhesive matrix molecules) family, DEv-IgG fold	M	Cell wall/membrane/envelope biogenesis
NODE_684_length_2485_cov_2.539452_2	COG1028	223959	1.99e-51	40.551	FabG	NAD(P)-dependent dehydrogenase, short-chain alcohol dehydrogenase family	I	Lipid transport and metabolism
NODE_684_length_2485_cov_2.539452_3	COG4932	227268	2.52e-05	22.293	ClfA	Clumping factor A-related surface protein, MSCRAMM (microbial surface components recognizing adhesive matrix molecules) family, DEv-IgG fold	M	Cell wall/membrane/envelope biogenesis
NODE_685_length_2478_cov_2.897126_2	COG0348	223425	3.33e-59	29.919	NapH	Polyferredoxin NapH	C	Energy production and conversion
NODE_685_length_2478_cov_2.897126_3	COG2010	224921	8.11e-08	27.16	CccA	Cytochrome c, mono- and diheme variants	C	Energy production and conversion
NODE_686_length_2466_cov_3.573880_1	COG0416	223493	6.8e-133	50.0	PlsX	Acyl-ACP:phosphate acyltransferase (fatty acid/phospholipid biosynthesis)	I	Lipid transport and metabolism
NODE_686_length_2466_cov_3.573880_2	COG0333	223410	2.33e-19	64.912	RpmF	Ribosomal protein L32	J	Translation, ribosomal structure and biogenesis
NODE_686_length_2466_cov_3.573880_3	COG1399	224317	5.13e-26	31.461	YceD	23S rRNA accumulation protein YceD (essential in plants, uncharacterized in bacteria)	J	Translation, ribosomal structure and biogenesis
NODE_686_length_2466_cov_3.573880_4	COG0002	223081	4.98e-66	47.929	ArgC	N-acetyl-gamma-glutamylphosphate reductase	E	Amino acid transport and metabolism
NODE_687_length_2465_cov_3.075796_1	COG0577	223650	2.26e-46	24.941	SalY	ABC-type antimicrobial peptide transport system, permease component	V	Defense mechanisms
NODE_688_length_2463_cov_2.558676_2	COG1413	224331	1.1e-08	47.619	HEAT	HEAT repeat	R	General function prediction only
NODE_688_length_2463_cov_2.558676_4	COG0745	223816	4.14e-29	44.318	OmpR	DNA-binding response regulator, OmpR family, contains REC and winged-helix (wHTH) domain	T	Signal transduction mechanisms
NODE_689_length_2441_cov_2.497462_2	COG2065	224976	1.75e-76	55.429	PyrR	Pyrimidine operon attenuation protein PyrR/uracil phosphoribosyltransferase	F	Nucleotide transport and metabolism
NODE_689_length_2441_cov_2.497462_3	COG0540	223614	1.08e-153	52.698	PyrB	Aspartate carbamoyltransferase, catalytic subunit	F	Nucleotide transport and metabolism
NODE_689_length_2441_cov_2.497462_4	COG0111	223189	3.65e-05	21.0	SerA	Phosphoglycerate dehydrogenase or related dehydrogenase	H	Coenzyme transport and metabolism
NODE_690_length_2439_cov_3.709145_1	COG2204	225114	4.24e-114	48.638	AtoC	DNA-binding transcriptional response regulator, NtrC family, contains REC, AAA-type ATPase, and a Fis-type DNA-binding domains	T	Signal transduction mechanisms
NODE_690_length_2439_cov_3.709145_2	COG0009	223088	2.61e-83	46.907	TsaC	tRNA A37 threonylcarbamoyladenosine synthetase subunit TsaC/SUA5/YrdC	J	Translation, ribosomal structure and biogenesis
NODE_690_length_2439_cov_3.709145_3	COG4685	227030	0.000185	25.743	YfaA	Uncharacterized conserved protein YfaA, DUF2138 family	S	Function unknown
NODE_691_length_2430_cov_3.705057_1	COG0457	223533	8.04e-10	23.28	TPR	Tetratricopeptide (TPR) repeat	R	General function prediction only
NODE_691_length_2430_cov_3.705057_2	COG1059	223987	2.57e-48	36.866	ENDO3c	Thermostable 8-oxoguanine DNA glycosylase	L	Replication, recombination and repair
NODE_692_length_2392_cov_3.790497_1	COG0747	223818	1.02e-104	30.859	DdpA	ABC-type transport system, periplasmic component	E	Amino acid transport and metabolism
NODE_692_length_2392_cov_3.790497_2	COG0364	223441	8.94e-35	52.222	Zwf	Glucose-6-phosphate 1-dehydrogenase	G	Carbohydrate transport and metabolism
NODE_693_length_2383_cov_3.509974_1	COG4783	227122	5.95e-09	24.242	BepA	Outer membrane protein chaperone/metalloprotease BepA/YfgC, contains M48 and TPR domains	M	Cell wall/membrane/envelope biogenesis
NODE_693_length_2383_cov_3.509974_2	COG3483	226014	7.94e-75	37.037	TDO2	Tryptophan 2,3-dioxygenase (vermilion)	E	Amino acid transport and metabolism
NODE_693_length_2383_cov_3.509974_3	COG3844	226363	8.61e-53	34.843	Bna5	Kynureninase	E	Amino acid transport and metabolism
NODE_694_length_2370_cov_2.663759_1	COG2204	225114	6.04e-73	44.444	AtoC	DNA-binding transcriptional response regulator, NtrC family, contains REC, AAA-type ATPase, and a Fis-type DNA-binding domains	T	Signal transduction mechanisms
NODE_694_length_2370_cov_2.663759_2	COG1566	224482	1.78e-08	17.486	EmrA	Multidrug resistance efflux pump EmrA	V	Defense mechanisms
NODE_695_length_2368_cov_3.621999_1	COG0574	223647	8.15e-33	31.949	PpsA	Phosphoenolpyruvate synthase/pyruvate phosphate dikinase	G	Carbohydrate transport and metabolism
NODE_696_length_2368_cov_2.664775_1	COG2374	225249	2.55e-36	27.805		Predicted extracellular nuclease	R	General function prediction only
NODE_696_length_2368_cov_2.664775_2	COG1453	224370	7.19e-41	28.912		Predicted oxidoreductase of the aldo/keto reductase family	R	General function prediction only
NODE_697_length_2352_cov_4.040440_2	COG1215	224136	3.91e-12	27.419	BcsA	Glycosyltransferase, catalytic subunit of cellulose synthase and poly-beta-1,6-N-acetylglucosamine synthase	N	Cell motility
NODE_699_length_2352_cov_2.916923_2	COG0745	223816	5.02e-92	43.421	OmpR	DNA-binding response regulator, OmpR family, contains REC and winged-helix (wHTH) domain	T	Signal transduction mechanisms
NODE_699_length_2352_cov_2.916923_3	COG0695	223767	1.01e-17	34.615	GrxC	Glutaredoxin	O	Posttranslational modification, protein turnover, chaperones
NODE_700_length_2343_cov_3.783319_1	COG2264	225173	9.42e-58	36.937	PrmA	Ribosomal protein L11 methylase PrmA	J	Translation, ribosomal structure and biogenesis
NODE_700_length_2343_cov_3.783319_2	COG1159	224081	2.4e-143	51.515	Era	GTPase Era, involved in 16S rRNA processing	J	Translation, ribosomal structure and biogenesis
NODE_700_length_2343_cov_3.783319_3	COG1253	224173	1.11e-46	40.0	TlyC	Hemolysin-related protein, contains CBS domains, UPF0053 family	R	General function prediction only
NODE_701_length_2340_cov_3.036677_3	COG0265	223343	2.22e-11	22.989	DegQ	Periplasmic serine protease, S1-C subfamily, contain C-terminal PDZ domain	O	Posttranslational modification, protein turnover, chaperones
NODE_702_length_2312_cov_2.510962_3	COG0076	223154	1.31e-29	24.528	GadA	Glutamate or tyrosine decarboxylase or a related PLP-dependent protein	E	Amino acid transport and metabolism
NODE_702_length_2312_cov_2.510962_5	COG0109	223187	1.31e-08	63.636	CyoE	Polyprenyltransferase (heme O synthase)	H	Coenzyme transport and metabolism
NODE_704_length_2303_cov_2.525157_1	COG2204	225114	1.03e-134	49.013	AtoC	DNA-binding transcriptional response regulator, NtrC family, contains REC, AAA-type ATPase, and a Fis-type DNA-binding domains	T	Signal transduction mechanisms
NODE_704_length_2303_cov_2.525157_2	COG3296	225833	8.24e-26	35.606	Tic20a	Uncharacterized Tic20-related protein, DUF4870 domain	R	General function prediction only
NODE_704_length_2303_cov_2.525157_3	COG0604	223677	5.46e-81	40.068	Qor	NADPH:quinone reductase or related Zn-dependent oxidoreductase	C	Energy production and conversion
NODE_705_length_2282_cov_2.925170_1	COG0384	223461	9.43e-79	39.286	YHI9	Predicted epimerase YddE/YHI9, PhzF superfamily	R	General function prediction only
NODE_705_length_2282_cov_2.925170_3	COG0586	223659	2.41e-48	36.364	DedA	Membrane integrity protein DedA, putative transporter, DedA/Tvp38 family	M	Cell wall/membrane/envelope biogenesis
NODE_706_length_2276_cov_3.594361_2	COG0166	223244	2.17e-44	26.804	Pgi	Glucose-6-phosphate isomerase	G	Carbohydrate transport and metabolism
NODE_707_length_2273_cov_2.690346_1	COG1220	224141	0.0	60.222	HslU	ATP-dependent protease HslVU (ClpYQ), ATPase subunit HslU	O	Posttranslational modification, protein turnover, chaperones
NODE_708_length_2271_cov_2.937101_3	COG1858	224771	2.6e-101	43.175	MauG	Cytochrome c peroxidase	O	Posttranslational modification, protein turnover, chaperones
NODE_709_length_2244_cov_3.748962_1	COG0265	223343	6.1e-93	40.496	DegQ	Periplasmic serine protease, S1-C subfamily, contain C-terminal PDZ domain	O	Posttranslational modification, protein turnover, chaperones
NODE_709_length_2244_cov_3.748962_2	COG1240	224161	9.26e-11	27.647	ChlD	vWFA (von Willebrand factor type A) domain of Mg and Co chelatases	H	Coenzyme transport and metabolism
NODE_710_length_2235_cov_3.268767_1	COG0657	223730	1.19e-72	44.194	Aes	Acetyl esterase/lipase	I	Lipid transport and metabolism
NODE_711_length_2234_cov_3.805749_1	COG3288	225826	5.69e-123	46.301	PntA	NAD/NADP transhydrogenase alpha subunit	C	Energy production and conversion
NODE_711_length_2234_cov_3.805749_2	COG0318	223395	1.27e-28	24.151	MenE/FadK	O-succinylbenzoic acid-CoA ligase MenE or related acyl-CoA synthetase (AMP-forming)	I	Lipid transport and metabolism
NODE_712_length_2234_cov_3.243394_1	COG1574	224490	1.8e-100	44.375	YtcJ	Predicted amidohydrolase YtcJ	R	General function prediction only
NODE_712_length_2234_cov_3.243394_2	COG1190	224111	0.0	56.695	LysU	Lysyl-tRNA synthetase (class II)	J	Translation, ribosomal structure and biogenesis
NODE_713_length_2231_cov_3.389044_1	COG1597	224513	1.62e-60	32.776	LCB5	Phosphatidylglycerol kinase, diacylglycerol kinase family	I	Lipid transport and metabolism
NODE_714_length_2225_cov_3.811918_1	COG1518	224435	4.98e-57	32.308	Cas1	CRISPR-Cas system-associated integrase Cas1	V	Defense mechanisms
NODE_714_length_2225_cov_3.811918_2	COG1468	224385	2.59e-29	24.737	Cas4	CRISPR/Cas system-associated exonuclease Cas4, RecB family	V	Defense mechanisms
NODE_715_length_2225_cov_3.236499_1	COG1204	224125	9.11e-21	21.41	BRR2	Replicative superfamily II helicase	L	Replication, recombination and repair
NODE_716_length_2222_cov_2.677855_1	COG0821	223891	7.56e-127	48.822	IspG	4-hydroxy-3-methylbut-2-en-1-yl diphosphate synthase IspG/GcpE	I	Lipid transport and metabolism
NODE_716_length_2222_cov_2.677855_2	COG0739	223810	3.42e-45	43.976	NlpD	Murein DD-endopeptidase MepM and murein hydrolase activator NlpD, contains LysM domain	M	Cell wall/membrane/envelope biogenesis
NODE_717_length_2220_cov_3.671955_1	COG0148	223226	0.0	68.618	Eno	Enolase	G	Carbohydrate transport and metabolism
NODE_718_length_2220_cov_2.910873_1	COG1225	224146	3.07e-11	22.561	Bcp	Peroxiredoxin	O	Posttranslational modification, protein turnover, chaperones
NODE_718_length_2220_cov_2.910873_2	COG1032	223963	7.42e-35	20.476	YgiQ	Radical SAM superfamily enzyme YgiQ, UPF0313 family	R	General function prediction only
NODE_719_length_2210_cov_3.498359_2	COG0531	223605	7.17e-37	30.928	PotE	Serine transporter YbeC, amino acid:H+ symporter family	E	Amino acid transport and metabolism
NODE_720_length_2209_cov_3.126173_2	COG0177	223255	9.45e-108	51.923	Nth	Endonuclease III	L	Replication, recombination and repair
NODE_720_length_2209_cov_3.126173_3	COG0702	223774	3.08e-18	27.982	YbjT	Uncharacterized conserved protein YbjT, contains NAD(P)-binding and DUF2867 domains	R	General function prediction only
NODE_722_length_2177_cov_2.710000_2	COG1652	224566	1.07e-14	43.902	XkdP	Cytoplasmic potassium-binding protein Kbp/XkdP/YgaU, contains LysM domain	P	Inorganic ion transport and metabolism
NODE_722_length_2177_cov_2.710000_3	COG2261	225170	1.06e-12	47.191	YeaQ	Uncharacterized membrane protein YeaQ/YmgE, transglycosylase-associated protein family	R	General function prediction only
NODE_722_length_2177_cov_2.710000_4	COG2340	225218	7.04e-12	28.889	YkwD	Spore germination protein YkwD and related proteins with CAP (CSP/antigen 5/PR1) domain	D	Cell cycle control, cell division, chromosome partitioning
NODE_723_length_2171_cov_3.600287_4	COG0364	223441	0.0	57.0	Zwf	Glucose-6-phosphate 1-dehydrogenase	G	Carbohydrate transport and metabolism
NODE_724_length_2166_cov_3.126376_2	COG2206	225116	2.52e-67	48.824	HDGYP	HD-GYP domain, c-di-GMP phosphodiesterase class II (or its inactivated variant)	T	Signal transduction mechanisms
NODE_725_length_2160_cov_2.952952_2	COG2321	225203	1.6e-135	56.701	YpfJ	Predicted metalloprotease	R	General function prediction only
NODE_726_length_2152_cov_2.985060_2	COG0312	223389	4.11e-67	25.356	TldD	Zn-dependent protease PmbA/TldA or its inactivated homolog	R	General function prediction only
NODE_727_length_2128_cov_2.715261_1	COG1350	224269	1.84e-37	55.952		Predicted alternative tryptophan synthase beta-subunit (paralog of TrpB)	E	Amino acid transport and metabolism
NODE_727_length_2128_cov_2.715261_2	COG3964	226473	1.38e-95	35.106		Predicted amidohydrolase	R	General function prediction only
NODE_727_length_2128_cov_2.715261_3	COG0318	223395	2.01e-29	42.268	MenE/FadK	O-succinylbenzoic acid-CoA ligase MenE or related acyl-CoA synthetase (AMP-forming)	I	Lipid transport and metabolism
NODE_728_length_2090_cov_3.236960_2	COG4221	226674	3.35e-48	33.186	YdfG	NADP-dependent 3-hydroxy acid dehydrogenase YdfG	C	Energy production and conversion
NODE_728_length_2090_cov_3.236960_3	COG4995	227328	7.85e-41	34.831		Uncharacterized conserved protein, contains CHAT domain	S	Function unknown
NODE_729_length_2082_cov_2.188030_2	COG0265	223343	5.73e-100	50.519	DegQ	Periplasmic serine protease, S1-C subfamily, contain C-terminal PDZ domain	O	Posttranslational modification, protein turnover, chaperones
NODE_731_length_2066_cov_4.397687_1	COG0423	223500	1.54e-58	50.35	GRS1	Glycyl-tRNA synthetase, class II	J	Translation, ribosomal structure and biogenesis
NODE_732_length_2061_cov_3.349798_1	COG0726	223798	7.3e-22	31.776	CDA1	Peptidoglycan/xylan/chitin deacetylase, PgdA/NodB/CDA1 family	G	Carbohydrate transport and metabolism
NODE_732_length_2061_cov_3.349798_2	COG2348	225224	3.6e-11	20.392	FmhB	Lipid II:glycine glycyltransferase (Peptidoglycan interpeptide bridge formation enzyme)	M	Cell wall/membrane/envelope biogenesis
NODE_733_length_2043_cov_4.369278_1	COG0833	223903	0.001	37.838	LysP	Amino acid permease	E	Amino acid transport and metabolism
NODE_733_length_2043_cov_4.369278_2	COG3279	225818	4.96e-62	38.583	LytT	DNA-binding response regulator, LytR/AlgR family	K	Transcription
NODE_733_length_2043_cov_4.369278_3	COG3275	225814	7.51e-44	33.333	LytS	Sensor histidine kinase, LytS/YehU family	T	Signal transduction mechanisms
NODE_734_length_2029_cov_3.590676_1	COG1523	224440	1.31e-141	29.483	PulA	Pullulanase/glycogen debranching enzyme	G	Carbohydrate transport and metabolism
NODE_735_length_2005_cov_2.887967_1	COG0148	223226	5.83e-52	52.941	Eno	Enolase	G	Carbohydrate transport and metabolism
NODE_735_length_2005_cov_2.887967_2	COG3173	225714	1.06e-08	18.269	YcbJ	Predicted  kinase, aminoglycoside phosphotransferase (APT) family	R	General function prediction only
NODE_735_length_2005_cov_2.887967_3	COG1052	223980	1.91e-69	45.109	LdhA	Lactate dehydrogenase or related 2-hydroxyacid dehydrogenase	C	Energy production and conversion
NODE_736_length_1998_cov_3.305570_1	COG2304	225187	1.01e-07	21.667	YfbK	Secreted protein containing bacterial Ig-like domain and vWFA domain	R	General function prediction only
NODE_736_length_1998_cov_3.305570_2	COG1295	224214	2.87e-07	26.515	BrkB	Uncharacterized membrane protein, BrkB/YihY/UPF0761 family (not an RNase)	S	Function unknown
NODE_737_length_1983_cov_3.182057_1	COG0497	223571	2.97e-109	40.674	RecN	DNA repair ATPase RecN	L	Replication, recombination and repair
NODE_737_length_1983_cov_3.182057_2	COG1729	224643	6.79e-12	21.084	CpoB	Cell division protein CpoB, coordinates peptidoglycan biosynthesis and outer membrane constriction	D	Cell cycle control, cell division, chromosome partitioning
NODE_738_length_1960_cov_3.298991_1	COG1704	224618	1.96e-13	25.166	LemA	Magnetosome formation protein MamQ, lipoprotein antigen LemA family	M	Cell wall/membrane/envelope biogenesis
NODE_738_length_1960_cov_3.298991_3	COG1596	224512	1.68e-30	35.233	Wza	Periplasmic protein Wza involved in polysaccharide export, contains SLBB domain of the beta-grasp fold	M	Cell wall/membrane/envelope biogenesis
NODE_739_length_1928_cov_2.619665_1	COG3380	225915	5.64e-68	36.093		Predicted NAD/FAD-dependent oxidoreductase	R	General function prediction only
NODE_739_length_1928_cov_2.619665_2	COG2050	224961	2.41e-35	36.22	PaaI	Acyl-CoA thioesterase PaaI, contains HGG motif	Q	Secondary metabolites biosynthesis, transport and catabolism
NODE_740_length_1915_cov_3.345484_1	COG1629	224544	0.000407	15.103	CirA	Outer membrane receptor protein, Fe transport	P	Inorganic ion transport and metabolism
NODE_741_length_1914_cov_3.168753_2	COG1716	224630	4.51e-17	33.846	FHA	Forkhead associated (FHA) domain, binds pSer, pThr, pTyr	T	Signal transduction mechanisms
NODE_741_length_1914_cov_3.168753_3	COG2333	225212	0.000644	25.0	ComEC	DNA uptake channel protein ComEC C-terminal domain, metallo-beta-lactamase superfamily	U	Intracellular trafficking, secretion, and vesicular transport
NODE_742_length_1910_cov_2.819967_1	COG0359	223436	9.54e-52	48.98	RplI	Ribosomal protein L9	J	Translation, ribosomal structure and biogenesis
NODE_742_length_1910_cov_2.819967_2	COG0238	223316	2.78e-24	62.5	RpsR	Ribosomal protein S18	J	Translation, ribosomal structure and biogenesis
NODE_742_length_1910_cov_2.819967_3	COG0360	223437	1.95e-31	39.286	RpsF	Ribosomal protein S6	J	Translation, ribosomal structure and biogenesis
NODE_742_length_1910_cov_2.819967_4	COG0193	223271	5.53e-74	47.34	Pth	Peptidyl-tRNA hydrolase	J	Translation, ribosomal structure and biogenesis
NODE_743_length_1903_cov_2.765060_1	COG3206	225747	9.37e-05	37.778	GumC	Exopolysaccharide export protein/domain GumC/Wzc1	M	Cell wall/membrane/envelope biogenesis
NODE_743_length_1903_cov_2.765060_2	COG1596	224512	1.65e-29	27.434	Wza	Periplasmic protein Wza involved in polysaccharide export, contains SLBB domain of the beta-grasp fold	M	Cell wall/membrane/envelope biogenesis
NODE_744_length_1888_cov_3.921038_2	COG2367	225242	8.16e-28	26.38	PenP	Beta-lactamase class A	V	Defense mechanisms
NODE_745_length_1874_cov_2.783528_1	COG1285	224204	2.73e-25	33.929	SapB	Magnesium uptake protein YhiD/SapB, involved in acid resistance	P	Inorganic ion transport and metabolism
NODE_745_length_1874_cov_2.783528_2	COG0178	223256	7.83e-173	65.232	UvrA	Excinuclease UvrABC ATPase subunit	L	Replication, recombination and repair
NODE_746_length_1857_cov_2.558427_1	COG0845	223914	2.89e-24	29.091	AcrA	Multidrug efflux pump subunit AcrA (membrane-fusion protein)	M	Cell wall/membrane/envelope biogenesis
NODE_747_length_1852_cov_2.869859_1	COG5360	227658	2.21e-12	27.941		Uncharacterized conserved protein, heparinase superfamily	R	General function prediction only
NODE_747_length_1852_cov_2.869859_2	COG0438	223515	0.001	18.579	RfaB	Glycosyltransferase involved in cell wall bisynthesis	M	Cell wall/membrane/envelope biogenesis
NODE_748_length_1826_cov_2.748999_2	COG0815	223885	2.36e-30	28.155	Lnt	Apolipoprotein N-acyltransferase	M	Cell wall/membrane/envelope biogenesis
NODE_749_length_1823_cov_3.294960_2	COG1670	224584	6.83e-30	34.524	RimL	Protein N-acetyltransferase, RimJ/RimL family	J	Translation, ribosomal structure and biogenesis
NODE_751_length_1812_cov_2.957925_2	COG1484	224401	4.19e-41	29.048	DnaC	DNA replication protein DnaC	L	Replication, recombination and repair
NODE_751_length_1812_cov_2.957925_4	COG2030	224941	0.002	64.706	MaoC	Acyl-CoA dehydratase PaaZ	I	Lipid transport and metabolism
NODE_752_length_1806_cov_3.592828_1	COG3206	225747	4.18e-14	22.29	GumC	Exopolysaccharide export protein/domain GumC/Wzc1	M	Cell wall/membrane/envelope biogenesis
NODE_753_length_1795_cov_3.149593_1	COG4447	226855	2.65e-16	31.481		Uncharacterized conserved protein related to plant photosystem II stability/assembly factor	R	General function prediction only
NODE_754_length_1751_cov_3.096774_1	COG0693	223765	3.16e-29	36.25	YajL	Protein/nucleotide deglycase, PfpI/YajL/DJ-1 family (repair of methylglyoxal-glycated proteins and nucleic acids)	V	Defense mechanisms
NODE_754_length_1751_cov_3.096774_2	COG1625	224540	1.17e-53	32.154	NifB	Fe-S oxidoreductase, related to NifB/MoaA family	C	Energy production and conversion
NODE_755_length_1742_cov_3.019219_1	COG1201	224122	7.65e-11	27.419	Lhr	Lhr-like helicase	L	Replication, recombination and repair
NODE_756_length_1736_cov_2.992164_2	COG4636	226983	1.86e-14	24.859	Uma2	Endonuclease, Uma2 family (restriction endonuclease fold)	R	General function prediction only
NODE_756_length_1736_cov_2.992164_3	COG1595	224511	3.89e-14	34.247	RpoE	DNA-directed RNA polymerase specialized sigma subunit, sigma24 family	K	Transcription
NODE_757_length_1733_cov_3.146135_2	COG2319	225201	6.41e-39	29.139	WD40	WD40 repeat	R	General function prediction only
NODE_758_length_1656_cov_3.250792_1	COG2872	225427	2e-71	39.344	AlaX	Ser-tRNA(Ala) deacylase AlaX (editing enzyme)	J	Translation, ribosomal structure and biogenesis
NODE_758_length_1656_cov_3.250792_2	COG3591	226119	0.003	23.28	eMpr	V8-like Glu-specific endopeptidase	O	Posttranslational modification, protein turnover, chaperones
NODE_759_length_1626_cov_3.558425_1	COG0577	223650	6.33e-44	27.381	SalY	ABC-type antimicrobial peptide transport system, permease component	V	Defense mechanisms
NODE_760_length_1601_cov_2.444882_1	COG0007	223086	3.17e-58	61.345	CysG	Uroporphyrinogen-III methylase (siroheme synthase)	H	Coenzyme transport and metabolism
NODE_761_length_1504_cov_5.892782_1	COG2204	225114	1.02e-128	56.294	AtoC	DNA-binding transcriptional response regulator, NtrC family, contains REC, AAA-type ATPase, and a Fis-type DNA-binding domains	T	Signal transduction mechanisms
NODE_761_length_1504_cov_5.892782_2	COG0459	223535	3.19e-60	50.0	GroEL	Chaperonin GroEL (HSP60 family)	O	Posttranslational modification, protein turnover, chaperones
NODE_762_length_1443_cov_3.486091_1	COG0071	223149	2.03e-20	28.689	IbpA	Small heat shock protein IbpA, HSP20 family	O	Posttranslational modification, protein turnover, chaperones
NODE_763_length_1256_cov_2.586938_1	COG0493	223567	2.96e-28	26.625	GltD	NADPH-dependent glutamate synthase beta chain or related oxidoreductase	E	Amino acid transport and metabolism
NODE_764_length_1177_cov_3.574545_1	COG2303	225186	1.44e-21	21.014	BetA	Choline dehydrogenase or related flavoprotein	I	Lipid transport and metabolism
NODE_765_length_1163_cov_2.090239_1	COG1028	223959	3.85e-60	35.814	FabG	NAD(P)-dependent dehydrogenase, short-chain alcohol dehydrogenase family	I	Lipid transport and metabolism
NODE_765_length_1163_cov_2.090239_2	COG0840	223910	3.87e-05	26.667	Tar	Methyl-accepting chemotaxis protein (MCP)	T	Signal transduction mechanisms
NODE_768_length_901_cov_1.972087_1	COG3119	225661	0.001	22.807	AslA	Arylsulfatase A or related enzyme, AlkP superfamily	P	Inorganic ion transport and metabolism
NODE_771_length_802_cov_1.031724_1	COG2805	225364	3.93e-97	56.25	PilT	Type IV pilus assembly protein PilT, pilus retraction ATPase	N	Cell motility
NODE_772_length_799_cov_1.552632_1	COG1116	224041	1.35e-111	53.138	TauB	ABC-type nitrate/sulfonate/bicarbonate transport system, ATPase component	P	Inorganic ion transport and metabolism
NODE_774_length_772_cov_28.048921_2	COG0745	223816	6.26e-78	48.148	OmpR	DNA-binding response regulator, OmpR family, contains REC and winged-helix (wHTH) domain	T	Signal transduction mechanisms
NODE_776_length_666_cov_6.612903_1	COG3039	225581	6.33e-05	18.721	IS5	Transposase and inactivated derivatives, IS5 family	X	Mobilome: prophages, transposons
NODE_779_length_614_cov_2.405959_1	COG4301	226751	1.11e-80	54.455		Uncharacterized protein, contains predicted SAM-dependent methyltransferase domain	R	General function prediction only
NODE_780_length_612_cov_2.001869_2	COG0648	223721	1.97e-44	36.601	Nfo	Endonuclease IV	L	Replication, recombination and repair
NODE_782_length_598_cov_1.297505_1	COG3842	226361	7.65e-100	54.167	PotA	ABC-type Fe3+/spermidine/putrescine transport systems, ATPase component	E	Amino acid transport and metabolism
NODE_783_length_590_cov_2.311891_1	COG0577	223650	2.49e-19	44.928	SalY	ABC-type antimicrobial peptide transport system, permease component	V	Defense mechanisms
NODE_784_length_588_cov_1.567515_1	COG1529	224446	1.21e-35	33.333	CoxL	Aldehyde, CO or xanthine dehydrogenase, Mo-binding subunit	C	Energy production and conversion
NODE_787_length_576_cov_0.989980_1	COG1123	224048	4.59e-40	58.947	GsiA	ABC-type glutathione transport system ATPase component, contains duplicated ATPase domain	O	Posttranslational modification, protein turnover, chaperones
NODE_788_length_575_cov_1.598394_1	COG1116	224041	3.65e-68	50.588	TauB	ABC-type nitrate/sulfonate/bicarbonate transport system, ATPase component	P	Inorganic ion transport and metabolism
NODE_789_length_561_cov_1.055785_1	COG0205	223283	6.1e-35	36.774	PfkA	6-phosphofructokinase	G	Carbohydrate transport and metabolism
NODE_790_length_558_cov_1.392931_1	COG4177	226645	1.45e-13	36.709	LivM	ABC-type branched-chain amino acid transport system, permease component	E	Amino acid transport and metabolism
NODE_791_length_551_cov_1.054852_1	COG1116	224041	5.28e-50	46.939	TauB	ABC-type nitrate/sulfonate/bicarbonate transport system, ATPase component	P	Inorganic ion transport and metabolism
NODE_792_length_546_cov_1.731343_1	COG2823	225379	5.28e-16	35.065	OsmY	Osmotically-inducible protein OsmY, contains BON domain	M	Cell wall/membrane/envelope biogenesis
NODE_793_length_545_cov_1.279915_1	COG2989	225536	1.51e-14	36.066	YcbB	Murein L,D-transpeptidase YcbB/YkuD	M	Cell wall/membrane/envelope biogenesis
NODE_794_length_534_cov_1.089716_1	COG2206	225116	5.21e-21	50.847	HDGYP	HD-GYP domain, c-di-GMP phosphodiesterase class II (or its inactivated variant)	T	Signal transduction mechanisms
NODE_795_length_532_cov_1.092308_1	COG1868	224781	4.06e-10	45.652	FliM	Flagellar motor switch protein FliM	N	Cell motility
NODE_796_length_525_cov_2.008929_1	COG1677	224591	4.1e-10	58.333	FliE	Flagellar hook-basal body complex protein FliE	N	Cell motility
NODE_796_length_525_cov_2.008929_2	COG1766	224680	6.16e-25	38.679	FliF	Flagellar biosynthesis/type III secretory pathway M-ring protein FliF/YscJ	N	Cell motility
NODE_797_length_520_cov_2.297968_1	COG1703	224617	4.64e-81	55.932	ArgK	GTPase of the G3E family (not a periplasmic protein kinase)	O	Posttranslational modification, protein turnover, chaperones
NODE_798_length_516_cov_2.558087_1	COG2148	225059	3.68e-69	51.299	WcaJ	Sugar transferase involved in LPS biosynthesis (colanic, teichoic acid)	M	Cell wall/membrane/envelope biogenesis
NODE_800_length_505_cov_1.488318_1	COG2895	225448	1.12e-20	28.226	CysN	Sulfate adenylyltransferase subunit 1, EFTu-like GTPase family	P	Inorganic ion transport and metabolism
NODE_802_length_503_cov_1.028169_1	COG0515	223589	3.01e-39	39.375	SPS1	Serine/threonine protein kinase	T	Signal transduction mechanisms
NODE_803_length_502_cov_4.042353_1	COG3328	225865	2.76e-18	44.048	IS285	Transposase (or an inactivated derivative)	X	Mobilome: prophages, transposons
NODE_804_length_502_cov_2.228235_1	COG1282	224201	1.26e-95	67.665	PntB	NAD/NADP transhydrogenase beta subunit	C	Energy production and conversion
NODE_806_length_501_cov_3.049528_1	COG4206	226664	1.24e-20	31.613	BtuB	Outer membrane cobalamin receptor protein BtuB	H	Coenzyme transport and metabolism
